"Domain","Function","Process_Id","Thread_Id","Correlation_Id","Start_Timestamp","End_Timestamp"
"HIP_COMPILER_API_EXT","__hipRegisterFatBinary",2926707,2926707,1,3618070210893807,3618070210901330
"HIP_COMPILER_API_EXT","__hipRegisterFunction",2926707,2926707,2,3618070210908095,3618070210916049
"HIP_COMPILER_API_EXT","__hipRegisterFunction",2926707,2926707,3,3618070210916926,3618070210923244
"HIP_COMPILER_API_EXT","__hipRegisterFunction",2926707,2926707,4,3618070210923657,3618070210924270
"HIP_COMPILER_API_EXT","__hipRegisterFunction",2926707,2926707,5,3618070210924619,3618070210925136
"HIP_COMPILER_API_EXT","__hipRegisterFunction",2926707,2926707,6,3618070210925452,3618070210925836
"HIP_COMPILER_API_EXT","__hipRegisterFunction",2926707,2926707,7,3618070210926203,3618070210926580
"HIP_COMPILER_API_EXT","__hipRegisterFunction",2926707,2926707,8,3618070210926940,3618070210927341
"HIP_COMPILER_API_EXT","__hipRegisterFunction",2926707,2926707,9,3618070210927656,3618070210927834
"HIP_COMPILER_API_EXT","__hipRegisterFunction",2926707,2926707,10,3618070210928166,3618070210928567
"HIP_COMPILER_API_EXT","__hipRegisterFunction",2926707,2926707,11,3618070210928929,3618070210929501
"HIP_COMPILER_API_EXT","__hipRegisterFunction",2926707,2926707,12,3618070210929829,3618070210930263
"HIP_COMPILER_API_EXT","__hipRegisterFunction",2926707,2926707,13,3618070210930606,3618070210930997
"HIP_COMPILER_API_EXT","__hipRegisterFunction",2926707,2926707,14,3618070210931319,3618070210931496
"HIP_COMPILER_API_EXT","__hipRegisterFunction",2926707,2926707,15,3618070210931854,3618070210932646
"HIP_COMPILER_API_EXT","__hipRegisterFunction",2926707,2926707,16,3618070210933049,3618070210933606
"HIP_COMPILER_API_EXT","__hipRegisterFunction",2926707,2926707,17,3618070210933978,3618070210934196
"HIP_COMPILER_API_EXT","__hipRegisterFunction",2926707,2926707,18,3618070210934529,3618070210934979
"HIP_COMPILER_API_EXT","__hipRegisterFunction",2926707,2926707,19,3618070210935355,3618070210935545
"HIP_COMPILER_API_EXT","__hipRegisterFunction",2926707,2926707,20,3618070210935876,3618070210936429
"HIP_COMPILER_API_EXT","__hipRegisterFunction",2926707,2926707,21,3618070210936763,3618070210937022
"HIP_COMPILER_API_EXT","__hipRegisterFunction",2926707,2926707,22,3618070210937360,3618070210937736
"HIP_COMPILER_API_EXT","__hipRegisterFunction",2926707,2926707,23,3618070210938616,3618070210939401
"HIP_COMPILER_API_EXT","__hipRegisterFunction",2926707,2926707,24,3618070210939723,3618070210940143
"HIP_COMPILER_API_EXT","__hipRegisterFunction",2926707,2926707,25,3618070210941980,3618070210942367
"HIP_COMPILER_API_EXT","__hipRegisterFunction",2926707,2926707,26,3618070210942724,3618070210943124
"HIP_COMPILER_API_EXT","__hipRegisterFunction",2926707,2926707,27,3618070210943479,3618070210943676
"HIP_COMPILER_API_EXT","__hipRegisterFunction",2926707,2926707,28,3618070210944014,3618070210944477
"HIP_COMPILER_API_EXT","__hipRegisterFunction",2926707,2926707,29,3618070210944794,3618070210945134
"HIP_COMPILER_API_EXT","__hipRegisterFunction",2926707,2926707,30,3618070210945457,3618070210945910
"HIP_COMPILER_API_EXT","__hipRegisterFunction",2926707,2926707,31,3618070210946249,3618070210946846
"HIP_COMPILER_API_EXT","__hipRegisterFunction",2926707,2926707,32,3618070210947286,3618070210947726
"HIP_COMPILER_API_EXT","__hipRegisterFunction",2926707,2926707,33,3618070210948086,3618070210948443
"HIP_COMPILER_API_EXT","__hipRegisterFunction",2926707,2926707,34,3618070210948771,3618070210949182
"HIP_COMPILER_API_EXT","__hipRegisterFunction",2926707,2926707,35,3618070210949542,3618070210949714
"HIP_COMPILER_API_EXT","__hipRegisterFunction",2926707,2926707,36,3618070210950063,3618070210950450
"HIP_COMPILER_API_EXT","__hipRegisterFunction",2926707,2926707,37,3618070210950781,3618070210951329
"HIP_COMPILER_API_EXT","__hipRegisterFunction",2926707,2926707,38,3618070210951659,3618070210951812
"HIP_COMPILER_API_EXT","__hipRegisterFunction",2926707,2926707,39,3618070210952176,3618070210953486
"HIP_COMPILER_API_EXT","__hipRegisterFunction",2926707,2926707,40,3618070210953832,3618070210954169
"HIP_COMPILER_API_EXT","__hipRegisterFunction",2926707,2926707,41,3618070210954531,3618070210954703
"HIP_COMPILER_API_EXT","__hipRegisterFunction",2926707,2926707,42,3618070210955038,3618070210955194
"HIP_COMPILER_API_EXT","__hipRegisterFunction",2926707,2926707,43,3618070210955547,3618070210955972
"HIP_COMPILER_API_EXT","__hipRegisterFunction",2926707,2926707,44,3618070210956296,3618070210956609
"HIP_COMPILER_API_EXT","__hipRegisterFunction",2926707,2926707,45,3618070210956932,3618070210957240
"HIP_COMPILER_API_EXT","__hipRegisterFunction",2926707,2926707,46,3618070210957574,3618070210957749
"HIP_COMPILER_API_EXT","__hipRegisterFunction",2926707,2926707,47,3618070210958081,3618070210958404
"HIP_COMPILER_API_EXT","__hipRegisterFunction",2926707,2926707,48,3618070210960291,3618070210960613
"HIP_COMPILER_API_EXT","__hipRegisterFunction",2926707,2926707,49,3618070210960997,3618070210961378
"HIP_COMPILER_API_EXT","__hipRegisterFunction",2926707,2926707,50,3618070210961709,3618070210961906
"HIP_COMPILER_API_EXT","__hipRegisterFunction",2926707,2926707,51,3618070210962243,3618070210962383
"HIP_COMPILER_API_EXT","__hipRegisterFunction",2926707,2926707,52,3618070210962704,3618070210963027
"HIP_COMPILER_API_EXT","__hipRegisterFunction",2926707,2926707,53,3618070210963349,3618070210963572
"HIP_COMPILER_API_EXT","__hipRegisterFunction",2926707,2926707,54,3618070210963943,3618070210964296
"HIP_COMPILER_API_EXT","__hipRegisterFunction",2926707,2926707,55,3618070210964621,3618070210964841
"HIP_COMPILER_API_EXT","__hipRegisterFunction",2926707,2926707,56,3618070210965165,3618070210965452
"HIP_COMPILER_API_EXT","__hipRegisterFunction",2926707,2926707,57,3618070210965779,3618070210966095
"HIP_COMPILER_API_EXT","__hipRegisterFunction",2926707,2926707,58,3618070210966422,3618070210966736
"HIP_COMPILER_API_EXT","__hipRegisterFunction",2926707,2926707,59,3618070210967063,3618070210967386
"HIP_COMPILER_API_EXT","__hipRegisterFunction",2926707,2926707,60,3618070210967714,3618070210968029
"HIP_COMPILER_API_EXT","__hipRegisterFunction",2926707,2926707,61,3618070210968352,3618070210969129
"HIP_COMPILER_API_EXT","__hipRegisterFunction",2926707,2926707,62,3618070210969610,3618070210969766
"HIP_COMPILER_API_EXT","__hipRegisterFunction",2926707,2926707,63,3618070210970129,3618070210970451
"HIP_COMPILER_API_EXT","__hipRegisterFunction",2926707,2926707,64,3618070210970789,3618070210970939
"HIP_COMPILER_API_EXT","__hipRegisterFunction",2926707,2926707,65,3618070210971443,3618070210971776
"HIP_COMPILER_API_EXT","__hipRegisterFunction",2926707,2926707,66,3618070210972129,3618070210972759
"HIP_COMPILER_API_EXT","__hipRegisterFunction",2926707,2926707,67,3618070210973104,3618070210973424
"HIP_COMPILER_API_EXT","__hipRegisterFunction",2926707,2926707,68,3618070210973761,3618070210973966
"HIP_COMPILER_API_EXT","__hipRegisterFunction",2926707,2926707,69,3618070210974301,3618070210974461
"HIP_COMPILER_API_EXT","__hipRegisterFunction",2926707,2926707,70,3618070210974793,3618070210974956
"HIP_COMPILER_API_EXT","__hipRegisterFunction",2926707,2926707,71,3618070210977063,3618070210978153
"HIP_COMPILER_API_EXT","__hipRegisterFunction",2926707,2926707,72,3618070210978503,3618070210978843
"HIP_COMPILER_API_EXT","__hipRegisterFunction",2926707,2926707,73,3618070210979180,3618070210979503
"HIP_COMPILER_API_EXT","__hipRegisterFunction",2926707,2926707,74,3618070210979836,3618070210980209
"HIP_COMPILER_API_EXT","__hipRegisterFunction",2926707,2926707,75,3618070210980539,3618070210980883
"HIP_COMPILER_API_EXT","__hipRegisterFunction",2926707,2926707,76,3618070210981249,3618070210981425
"HIP_COMPILER_API_EXT","__hipRegisterFunction",2926707,2926707,77,3618070210981750,3618070210982063
"HIP_COMPILER_API_EXT","__hipRegisterFunction",2926707,2926707,78,3618070210982396,3618070210982701
"HIP_COMPILER_API_EXT","__hipRegisterFunction",2926707,2926707,79,3618070210983022,3618070210983193
"HIP_COMPILER_API_EXT","__hipRegisterFunction",2926707,2926707,80,3618070210983512,3618070210983696
"HIP_COMPILER_API_EXT","__hipRegisterFunction",2926707,2926707,81,3618070210984027,3618070210984208
"HIP_COMPILER_API_EXT","__hipRegisterFunction",2926707,2926707,82,3618070210984526,3618070210984869
"HIP_COMPILER_API_EXT","__hipRegisterFunction",2926707,2926707,83,3618070210985193,3618070210985524
"HIP_COMPILER_API_EXT","__hipRegisterFunction",2926707,2926707,84,3618070210985846,3618070210986013
"HIP_COMPILER_API_EXT","__hipRegisterFunction",2926707,2926707,85,3618070210986334,3618070210986788
"HIP_COMPILER_API_EXT","__hipRegisterFunction",2926707,2926707,86,3618070210987107,3618070210987250
"HIP_COMPILER_API_EXT","__hipRegisterFunction",2926707,2926707,87,3618070210987579,3618070210987711
"HIP_COMPILER_API_EXT","__hipRegisterFunction",2926707,2926707,88,3618070210988043,3618070210988357
"HIP_COMPILER_API_EXT","__hipRegisterFunction",2926707,2926707,89,3618070210988684,3618070210989011
"HIP_COMPILER_API_EXT","__hipRegisterFunction",2926707,2926707,90,3618070210989332,3618070210989464
"HIP_COMPILER_API_EXT","__hipRegisterFunction",2926707,2926707,91,3618070210989790,3618070210989922
"HIP_COMPILER_API_EXT","__hipRegisterFunction",2926707,2926707,92,3618070210990250,3618070210990430
"HIP_COMPILER_API_EXT","__hipRegisterFunction",2926707,2926707,93,3618070210990786,3618070210990933
"HIP_COMPILER_API_EXT","__hipRegisterFunction",2926707,2926707,94,3618070210991255,3618070210991403
"HIP_COMPILER_API_EXT","__hipRegisterFunction",2926707,2926707,95,3618070210993192,3618070210993473
"HIP_COMPILER_API_EXT","__hipRegisterFunction",2926707,2926707,96,3618070210993819,3618070210994151
"HIP_COMPILER_API_EXT","__hipRegisterFunction",2926707,2926707,97,3618070210994482,3618070210994624
"HIP_COMPILER_API_EXT","__hipRegisterFunction",2926707,2926707,98,3618070210994951,3618070210995097
"HIP_COMPILER_API_EXT","__hipRegisterFunction",2926707,2926707,99,3618070210995427,3618070210995565
"HIP_COMPILER_API_EXT","__hipRegisterFunction",2926707,2926707,100,3618070210995896,3618070210996037
"HIP_COMPILER_API_EXT","__hipRegisterFunction",2926707,2926707,101,3618070210996366,3618070210996538
"HIP_COMPILER_API_EXT","__hipRegisterFunction",2926707,2926707,102,3618070210996857,3618070210997028
"HIP_COMPILER_API_EXT","__hipRegisterFunction",2926707,2926707,103,3618070210997377,3618070210997530
"HIP_COMPILER_API_EXT","__hipRegisterFunction",2926707,2926707,104,3618070210997853,3618070210997987
"HIP_COMPILER_API_EXT","__hipRegisterFunction",2926707,2926707,105,3618070210998312,3618070210998463
"HIP_COMPILER_API_EXT","__hipRegisterFunction",2926707,2926707,106,3618070210998785,3618070210998919
"HIP_COMPILER_API_EXT","__hipRegisterFunction",2926707,2926707,107,3618070210999271,3618070210999406
"HIP_COMPILER_API_EXT","__hipRegisterFunction",2926707,2926707,108,3618070210999734,3618070210999872
"HIP_COMPILER_API_EXT","__hipRegisterFunction",2926707,2926707,109,3618070211000203,3618070211000543
"HIP_COMPILER_API_EXT","__hipRegisterFunction",2926707,2926707,110,3618070211000870,3618070211001046
"HIP_COMPILER_API_EXT","__hipRegisterFunction",2926707,2926707,111,3618070211001368,3618070211001539
"HIP_COMPILER_API_EXT","__hipRegisterFunction",2926707,2926707,112,3618070211001859,3618070211002043
"HIP_COMPILER_API_EXT","__hipRegisterFunction",2926707,2926707,113,3618070211002363,3618070211002509
"HIP_COMPILER_API_EXT","__hipRegisterFunction",2926707,2926707,114,3618070211002829,3618070211002974
"HIP_COMPILER_API_EXT","__hipRegisterFunction",2926707,2926707,115,3618070211003317,3618070211003455
"HIP_COMPILER_API_EXT","__hipRegisterFunction",2926707,2926707,116,3618070211003783,3618070211003953
"HIP_COMPILER_API_EXT","__hipRegisterFunction",2926707,2926707,117,3618070211004277,3618070211004429
"HIP_COMPILER_API_EXT","__hipRegisterFunction",2926707,2926707,118,3618070211006117,3618070211006319
"HIP_COMPILER_API_EXT","__hipRegisterFunction",2926707,2926707,119,3618070211006663,3618070211006981
"HIP_COMPILER_API_EXT","__hipRegisterFunction",2926707,2926707,120,3618070211007307,3618070211007456
"HIP_COMPILER_API_EXT","__hipRegisterFunction",2926707,2926707,121,3618070211007790,3618070211008116
"HIP_COMPILER_API_EXT","__hipRegisterFunction",2926707,2926707,122,3618070211008443,3618070211008604
"HIP_COMPILER_API_EXT","__hipRegisterFunction",2926707,2926707,123,3618070211008936,3618070211009114
"HIP_COMPILER_API_EXT","__hipRegisterFunction",2926707,2926707,124,3618070211009438,3618070211009782
"HIP_COMPILER_API_EXT","__hipRegisterFunction",2926707,2926707,125,3618070211010105,3618070211010256
"HIP_COMPILER_API_EXT","__hipRegisterFunction",2926707,2926707,126,3618070211010581,3618070211010733
"HIP_COMPILER_API_EXT","__hipRegisterFunction",2926707,2926707,127,3618070211011086,3618070211011249
"HIP_COMPILER_API_EXT","__hipRegisterFunction",2926707,2926707,128,3618070211011609,3618070211011847
"HIP_COMPILER_API_EXT","__hipRegisterFunction",2926707,2926707,129,3618070211012286,3618070211013688
"HIP_COMPILER_API_EXT","__hipRegisterFunction",2926707,2926707,130,3618070211014090,3618070211014626
"HIP_COMPILER_API_EXT","__hipRegisterFunction",2926707,2926707,131,3618070211015008,3618070211015263
"HIP_COMPILER_API_EXT","__hipRegisterFunction",2926707,2926707,132,3618070211015605,3618070211015835
"HIP_COMPILER_API_EXT","__hipRegisterFunction",2926707,2926707,133,3618070211016198,3618070211016383
"HIP_COMPILER_API_EXT","__hipRegisterFunction",2926707,2926707,134,3618070211016720,3618070211016928
"HIP_COMPILER_API_EXT","__hipRegisterFunction",2926707,2926707,135,3618070211017265,3618070211017417
"HIP_COMPILER_API_EXT","__hipRegisterFunction",2926707,2926707,136,3618070211017749,3618070211017921
"HIP_COMPILER_API_EXT","__hipRegisterFunction",2926707,2926707,137,3618070211018251,3618070211018415
"HIP_COMPILER_API_EXT","__hipRegisterFunction",2926707,2926707,138,3618070211019915,3618070211020112
"HIP_COMPILER_API_EXT","__hipRegisterFunction",2926707,2926707,139,3618070211020448,3618070211020608
"HIP_COMPILER_API_EXT","__hipRegisterFunction",2926707,2926707,140,3618070211020936,3618070211021092
"HIP_COMPILER_API_EXT","__hipRegisterFunction",2926707,2926707,141,3618070211023008,3618070211023377
"HIP_COMPILER_API_EXT","__hipRegisterFunction",2926707,2926707,142,3618070211023725,3618070211023918
"HIP_COMPILER_API_EXT","__hipRegisterFunction",2926707,2926707,143,3618070211024302,3618070211024462
"HIP_COMPILER_API_EXT","__hipRegisterFunction",2926707,2926707,144,3618070211024791,3618070211024955
"HIP_COMPILER_API_EXT","__hipRegisterFunction",2926707,2926707,145,3618070211025289,3618070211025613
"HIP_COMPILER_API_EXT","__hipRegisterFunction",2926707,2926707,146,3618070211025948,3618070211026309
"HIP_COMPILER_API_EXT","__hipRegisterFunction",2926707,2926707,147,3618070211026646,3618070211026798
"HIP_COMPILER_API_EXT","__hipRegisterFunction",2926707,2926707,148,3618070211027126,3618070211027296
"HIP_COMPILER_API_EXT","__hipRegisterFunction",2926707,2926707,149,3618070211027628,3618070211027778
"HIP_COMPILER_API_EXT","__hipRegisterFunction",2926707,2926707,150,3618070211028105,3618070211028243
"HIP_COMPILER_API_EXT","__hipRegisterFunction",2926707,2926707,151,3618070211028588,3618070211028722
"HIP_COMPILER_API_EXT","__hipRegisterFunction",2926707,2926707,152,3618070211029048,3618070211029181
"HIP_COMPILER_API_EXT","__hipRegisterFunction",2926707,2926707,153,3618070211029508,3618070211029640
"HIP_COMPILER_API_EXT","__hipRegisterFunction",2926707,2926707,154,3618070211029969,3618070211030102
"HIP_COMPILER_API_EXT","__hipRegisterFunction",2926707,2926707,155,3618070211030435,3618070211030574
"HIP_COMPILER_API_EXT","__hipRegisterFunction",2926707,2926707,156,3618070211030920,3618070211031082
"HIP_COMPILER_API_EXT","__hipRegisterFunction",2926707,2926707,157,3618070211031408,3618070211031582
"HIP_COMPILER_API_EXT","__hipRegisterFunction",2926707,2926707,158,3618070211031905,3618070211032238
"HIP_COMPILER_API_EXT","__hipRegisterFunction",2926707,2926707,159,3618070211032591,3618070211032724
"HIP_COMPILER_API_EXT","__hipRegisterFunction",2926707,2926707,160,3618070211033062,3618070211033195
"HIP_COMPILER_API_EXT","__hipRegisterFunction",2926707,2926707,161,3618070211033522,3618070211033673
"HIP_COMPILER_API_EXT","__hipRegisterFunction",2926707,2926707,162,3618070211033993,3618070211034129
"HIP_COMPILER_API_EXT","__hipRegisterFunction",2926707,2926707,163,3618070211034459,3618070211034609
"HIP_COMPILER_API_EXT","__hipRegisterFunction",2926707,2926707,164,3618070211036372,3618070211036717
"HIP_COMPILER_API_EXT","__hipRegisterFunction",2926707,2926707,165,3618070211037060,3618070211037232
"HIP_COMPILER_API_EXT","__hipRegisterFunction",2926707,2926707,166,3618070211037556,3618070211037695
"HIP_COMPILER_API_EXT","__hipRegisterFunction",2926707,2926707,167,3618070211038025,3618070211038177
"HIP_COMPILER_API_EXT","__hipRegisterFunction",2926707,2926707,168,3618070211038498,3618070211038642
"HIP_COMPILER_API_EXT","__hipRegisterFunction",2926707,2926707,169,3618070211038966,3618070211039155
"HIP_COMPILER_API_EXT","__hipRegisterFunction",2926707,2926707,170,3618070211039476,3618070211039732
"HIP_COMPILER_API_EXT","__hipRegisterFunction",2926707,2926707,171,3618070211040057,3618070211040244
"HIP_COMPILER_API_EXT","__hipRegisterFunction",2926707,2926707,172,3618070211040571,3618070211040704
"HIP_COMPILER_API_EXT","__hipRegisterFunction",2926707,2926707,173,3618070211041045,3618070211041198
"HIP_COMPILER_API_EXT","__hipRegisterFunction",2926707,2926707,174,3618070211041542,3618070211041684
"HIP_COMPILER_API_EXT","__hipRegisterFunction",2926707,2926707,175,3618070211042032,3618070211042173
"HIP_COMPILER_API_EXT","__hipRegisterFunction",2926707,2926707,176,3618070211042495,3618070211042634
"HIP_COMPILER_API_EXT","__hipRegisterFunction",2926707,2926707,177,3618070211042958,3618070211043128
"HIP_COMPILER_API_EXT","__hipRegisterFunction",2926707,2926707,178,3618070211043449,3618070211043608
"HIP_COMPILER_API_EXT","__hipRegisterFunction",2926707,2926707,179,3618070211043937,3618070211044067
"HIP_COMPILER_API_EXT","__hipRegisterFunction",2926707,2926707,180,3618070211044390,3618070211044752
"HIP_COMPILER_API_EXT","__hipRegisterFunction",2926707,2926707,181,3618070211045073,3618070211045226
"HIP_COMPILER_API_EXT","__hipRegisterFunction",2926707,2926707,182,3618070211045561,3618070211045695
"HIP_COMPILER_API_EXT","__hipRegisterFunction",2926707,2926707,183,3618070211046022,3618070211046168
"HIP_COMPILER_API_EXT","__hipRegisterFunction",2926707,2926707,184,3618070211046495,3618070211046639
"HIP_COMPILER_API_EXT","__hipRegisterFunction",2926707,2926707,185,3618070211046965,3618070211047152
"HIP_COMPILER_API_EXT","__hipRegisterFunction",2926707,2926707,186,3618070211047480,3618070211047688
"HIP_COMPILER_API_EXT","__hipRegisterFunction",2926707,2926707,187,3618070211048019,3618070211048202
"HIP_COMPILER_API_EXT","__hipRegisterFunction",2926707,2926707,188,3618070211049951,3618070211050118
"HIP_COMPILER_API_EXT","__hipRegisterFunction",2926707,2926707,189,3618070211050443,3618070211050600
"HIP_COMPILER_API_EXT","__hipRegisterFunction",2926707,2926707,190,3618070211050928,3618070211051078
"HIP_COMPILER_API_EXT","__hipRegisterFunction",2926707,2926707,191,3618070211051402,3618070211051535
"HIP_COMPILER_API_EXT","__hipRegisterFunction",2926707,2926707,192,3618070211051870,3618070211052017
"HIP_COMPILER_API_EXT","__hipRegisterFunction",2926707,2926707,193,3618070211052412,3618070211052565
"HIP_COMPILER_API_EXT","__hipRegisterFunction",2926707,2926707,194,3618070211052965,3618070211053125
"HIP_COMPILER_API_EXT","__hipRegisterFunction",2926707,2926707,195,3618070211053485,3618070211053791
"HIP_COMPILER_API_EXT","__hipRegisterFunction",2926707,2926707,196,3618070211054121,3618070211054271
"HIP_COMPILER_API_EXT","__hipRegisterFunction",2926707,2926707,197,3618070211054602,3618070211054888
"HIP_COMPILER_API_EXT","__hipRegisterFunction",2926707,2926707,198,3618070211055220,3618070211055373
"HIP_COMPILER_API_EXT","__hipRegisterFunction",2926707,2926707,199,3618070211055702,3618070211055871
"HIP_COMPILER_API_EXT","__hipRegisterFunction",2926707,2926707,200,3618070211056228,3618070211056414
"HIP_COMPILER_API_EXT","__hipRegisterFunction",2926707,2926707,201,3618070211056785,3618070211056935
"HIP_COMPILER_API_EXT","__hipRegisterFunction",2926707,2926707,202,3618070211057274,3618070211057622
"HIP_COMPILER_API_EXT","__hipRegisterFunction",2926707,2926707,203,3618070211058886,3618070211059238
"HIP_COMPILER_API_EXT","__hipRegisterFunction",2926707,2926707,204,3618070211059568,3618070211059702
"HIP_COMPILER_API_EXT","__hipRegisterFunction",2926707,2926707,205,3618070211060024,3618070211060162
"HIP_COMPILER_API_EXT","__hipRegisterFunction",2926707,2926707,206,3618070211060491,3618070211060622
"HIP_COMPILER_API_EXT","__hipRegisterFunction",2926707,2926707,207,3618070211060951,3618070211061092
"HIP_COMPILER_API_EXT","__hipRegisterFunction",2926707,2926707,208,3618070211061410,3618070211061551
"HIP_COMPILER_API_EXT","__hipRegisterFunction",2926707,2926707,209,3618070211061893,3618070211062028
"HIP_COMPILER_API_EXT","__hipRegisterFunction",2926707,2926707,210,3618070211062355,3618070211062734
"HIP_COMPILER_API_EXT","__hipRegisterFunction",2926707,2926707,211,3618070211064488,3618070211064633
"HIP_COMPILER_API_EXT","__hipRegisterFunction",2926707,2926707,212,3618070211064986,3618070211065127
"HIP_COMPILER_API_EXT","__hipRegisterFunction",2926707,2926707,213,3618070211065448,3618070211065780
"HIP_COMPILER_API_EXT","__hipRegisterFunction",2926707,2926707,214,3618070211066160,3618070211066469
"HIP_COMPILER_API_EXT","__hipRegisterFunction",2926707,2926707,215,3618070211066791,3618070211066966
"HIP_COMPILER_API_EXT","__hipRegisterFunction",2926707,2926707,216,3618070211067320,3618070211067635
"HIP_COMPILER_API_EXT","__hipRegisterFunction",2926707,2926707,217,3618070211067983,3618070211068478
"HIP_COMPILER_API_EXT","__hipRegisterFunction",2926707,2926707,218,3618070211068802,3618070211068953
"HIP_COMPILER_API_EXT","__hipRegisterFunction",2926707,2926707,219,3618070211069282,3618070211069434
"HIP_COMPILER_API_EXT","__hipRegisterFunction",2926707,2926707,220,3618070211069757,3618070211069889
"HIP_COMPILER_API_EXT","__hipRegisterFunction",2926707,2926707,221,3618070211070218,3618070211070350
"HIP_COMPILER_API_EXT","__hipRegisterFunction",2926707,2926707,222,3618070211070669,3618070211070809
"HIP_COMPILER_API_EXT","__hipRegisterFunction",2926707,2926707,223,3618070211071135,3618070211071458
"HIP_COMPILER_API_EXT","__hipRegisterFatBinary",2926707,2926707,224,3618070211072368,3618070211072588
"HIP_COMPILER_API_EXT","__hipRegisterFunction",2926707,2926707,225,3618070211072996,3618070211073245
"HIP_COMPILER_API_EXT","__hipRegisterFunction",2926707,2926707,226,3618070211073580,3618070211073975
"HIP_COMPILER_API_EXT","__hipRegisterFatBinary",2926707,2926707,227,3618070211074522,3618070211074629
"HIP_COMPILER_API_EXT","__hipRegisterFunction",2926707,2926707,228,3618070211074959,3618070211075308
"HIP_RUNTIME_API_EXT","hipGetDeviceCount",2926707,2926707,229,3618070221693402,3618070282671768
"HIP_RUNTIME_API_EXT","hipSetDevice",2926707,2926707,230,3618070720053772,3618070720058947
"HIP_RUNTIME_API_EXT","hipMalloc",2926707,2926707,231,3618070720070282,3618070720170403
"HIP_RUNTIME_API_EXT","hipSetDevice",2926707,2926707,232,3618070720172681,3618070720172920
"HIP_RUNTIME_API_EXT","hipMemcpy",2926707,2926707,233,3618070720178565,3618070913263182
"HIP_RUNTIME_API_EXT","hipSetDevice",2926707,2926707,234,3618071323947500,3618071323949743
"HIP_RUNTIME_API_EXT","hipMalloc",2926707,2926707,235,3618071323955313,3618071324035605
"HIP_RUNTIME_API_EXT","hipSetDevice",2926707,2926707,236,3618071324038425,3618071324038665
"HIP_RUNTIME_API_EXT","hipMemcpy",2926707,2926707,237,3618071324040605,3618071325439722
"HIP_RUNTIME_API_EXT","hipSetDevice",2926707,2926707,238,3618071326183003,3618071326183805
"HIP_RUNTIME_API_EXT","hipMalloc",2926707,2926707,239,3618071326186170,3618071326223362
"HIP_RUNTIME_API_EXT","hipSetDevice",2926707,2926707,240,3618071326224574,3618071326224681
"HIP_COMPILER_API_EXT","__hipPushCallConfiguration",2926707,2926707,241,3618071326227693,3618071326238523
"HIP_COMPILER_API_EXT","__hipPopCallConfiguration",2926707,2926707,242,3618071326239542,3618071326240576
"HIP_RUNTIME_API_EXT","hipLaunchKernel",2926707,2926707,243,3618071326246986,3618071345413834
"HIP_RUNTIME_API_EXT","hipGetLastError",2926707,2926707,244,3618071345420663,3618071345427963
"HIP_RUNTIME_API_EXT","hipSetDevice",2926707,2926707,245,3618071345460714,3618071345461539
"HIP_RUNTIME_API_EXT","hipMalloc",2926707,2926707,246,3618071345463188,3618071345522601
"HIP_RUNTIME_API_EXT","hipSetDevice",2926707,2926707,247,3618071345524055,3618071345524228
"HIP_COMPILER_API_EXT","__hipPushCallConfiguration",2926707,2926707,248,3618071345526501,3618071345527121
"HIP_COMPILER_API_EXT","__hipPopCallConfiguration",2926707,2926707,249,3618071345527876,3618071345528409
"HIP_RUNTIME_API_EXT","hipLaunchKernel",2926707,2926707,250,3618071345530320,3618071345539530
"HIP_RUNTIME_API_EXT","hipGetLastError",2926707,2926707,251,3618071345540454,3618071345540602
"HIP_RUNTIME_API_EXT","hipSetDevice",2926707,2926707,252,3618071350738554,3618071350739431
"HIP_RUNTIME_API_EXT","hipMemcpy",2926707,2926707,253,3618071350741829,3618071356478659
"HIP_RUNTIME_API_EXT","hipSetDevice",2926707,2926707,254,3618071731652123,3618071731653692
"HIP_RUNTIME_API_EXT","hipMemcpy",2926707,2926707,255,3618071731657143,3618071734391747
"HIP_RUNTIME_API_EXT","hipSetDevice",2926707,2926707,256,3618072070452852,3618072070454456
"HIP_RUNTIME_API_EXT","hipSetDevice",2926707,2926707,257,3618072070459127,3618072070459301
"HIP_RUNTIME_API_EXT","hipStreamCreateWithFlags",2926707,2926707,258,3618072070471345,3618072114874765
"HIP_RUNTIME_API_EXT","hipSetDevice",2926707,2926707,259,3618072114914809,3618072114915538
"HIP_RUNTIME_API_EXT","hipSetDevice",2926707,2926707,260,3618072114917133,3618072114917204
"HIP_RUNTIME_API_EXT","hipStreamCreateWithFlags",2926707,2926707,261,3618072114918359,3618072177508550
"HIP_RUNTIME_API_EXT","hipSetDevice",2926707,2926707,262,3618072177547532,3618072177548339
"HIP_RUNTIME_API_EXT","hipEventCreateWithFlags",2926707,2926707,263,3618072177555177,3618072177558553
"HIP_RUNTIME_API_EXT","hipSetDevice",2926707,2926707,265,3618072183177300,3618072183178611
"HIP_RUNTIME_API_EXT","hipEventCreateWithFlags",2926707,2926707,266,3618072183181459,3618072183183383
"HIP_RUNTIME_API_EXT","hipSetDevice",2926707,2926707,267,3618072183190011,3618072183190144
"HIP_RUNTIME_API_EXT","hipEventCreateWithFlags",2926707,2926707,268,3618072183190982,3618072183191233
"HIP_RUNTIME_API_EXT","hipSetDevice",2926707,2926707,269,3618072183204516,3618072183204593
"HIP_RUNTIME_API_EXT","hipEventRecord",2926707,2926707,270,3618072183216629,3618072183230110
"HIP_RUNTIME_API_EXT","hipSetDevice",2926707,2926707,271,3618072183246799,3618072183246871
"HIP_RUNTIME_API_EXT","hipMalloc",2926707,2926707,272,3618072183264612,3618072183336231
"HIP_RUNTIME_API_EXT","hipMemset",2926707,2926707,273,3618072183342722,3618072183376564
"HIP_RUNTIME_API_EXT","hipGetDevice",2926707,2926707,274,3618072183378700,3618072183380339
"HIP_RUNTIME_API_EXT","hipGetDevice",2926707,2926707,275,3618072183381804,3618072183381864
"HIP_RUNTIME_API_EXT","hipGetDevicePropertiesR0600",2926707,2926707,276,3618072183383202,3618072183385292
"HIP_RUNTIME_API_EXT","hipSetDevice",2926707,2926707,277,3618072185061414,3618072185061621
"HIP_RUNTIME_API_EXT","hipSetDevice",2926707,2926707,278,3618072185062184,3618072185062246
"HIP_RUNTIME_API_EXT","hipSetDevice",2926707,2926707,279,3618072185063012,3618072185063074
"HIP_RUNTIME_API_EXT","hipGetDeviceCount",2926707,2926707,280,3618072185070388,3618072185071037
"HIP_RUNTIME_API_EXT","hipGetDevice",2926707,2926707,281,3618072185072877,3618072185073065
"HIP_RUNTIME_API_EXT","hipGetDevicePropertiesR0600",2926707,2926707,282,3618072185076596,3618072185077421
"HIP_RUNTIME_API_EXT","hipGetDeviceCount",2926707,2926707,283,3618072185098784,3618072185098844
"HIP_RUNTIME_API_EXT","hipGetDevicePropertiesR0600",2926707,2926707,284,3618072185099434,3618072185100071
"HIP_RUNTIME_API_EXT","hipGetDevicePropertiesR0600",2926707,2926707,285,3618072185101428,3618072185101551
"HIP_RUNTIME_API_EXT","hipGetDevicePropertiesR0600",2926707,2926707,286,3618072185103035,3618072185103780
"HIP_RUNTIME_API_EXT","hipRuntimeGetVersion",2926707,2926707,287,3618072185104787,3618072185105659
"HIP_RUNTIME_API_EXT","hipDeviceGetAttribute",2926707,2926707,288,3618072185111155,3618072185113572
"HIP_RUNTIME_API_EXT","hipDeviceGetAttribute",2926707,2926707,289,3618072185126137,3618072185127827
"HIP_RUNTIME_API_EXT","hipModuleLoad",2926707,2926707,290,3618072191154799,3618072335171652
"HIP_RUNTIME_API_EXT","hipGetDevice",2926707,2926707,291,3618072335192838,3618072335193691
"HIP_RUNTIME_API_EXT","hipGetDevicePropertiesR0600",2926707,2926707,292,3618072335196080,3618072335198451
"HIP_RUNTIME_API_EXT","hipGetDevice",2926707,2926707,293,3618072335199781,3618072335199910
"HIP_RUNTIME_API_EXT","hipGetDevicePropertiesR0600",2926707,2926707,294,3618072335200397,3618072335200749
"HIP_RUNTIME_API_EXT","hipGetDevice",2926707,2926707,295,3618072335202108,3618072335202158
"HIP_RUNTIME_API_EXT","hipGetDevicePropertiesR0600",2926707,2926707,296,3618072335202973,3618072335203245
"HIP_RUNTIME_API_EXT","hipGetDevice",2926707,2926707,297,3618072335204478,3618072335204562
"HIP_RUNTIME_API_EXT","hipGetDevicePropertiesR0600",2926707,2926707,298,3618072335204997,3618072335205155
"HIP_RUNTIME_API_EXT","hipGetDevice",2926707,2926707,299,3618072335470762,3618072335471091
"HIP_RUNTIME_API_EXT","hipGetDevicePropertiesR0600",2926707,2926707,300,3618072335471850,3618072335472609
"HIP_RUNTIME_API_EXT","hipRuntimeGetVersion",2926707,2926707,301,3618072335473661,3618072335474429
"HIP_RUNTIME_API_EXT","hipDeviceGetAttribute",2926707,2926707,302,3618072335476025,3618072335477523
"HIP_RUNTIME_API_EXT","hipDeviceGetAttribute",2926707,2926707,303,3618072335481075,3618072335482086
"HIP_RUNTIME_API_EXT","hipGetDevice",2926707,2926707,304,3618072335540621,3618072335540716
"HIP_RUNTIME_API_EXT","hipGetDevicePropertiesR0600",2926707,2926707,305,3618072335543012,3618072335543249
"HIP_RUNTIME_API_EXT","hipRuntimeGetVersion",2926707,2926707,306,3618072335543732,3618072335543828
"HIP_RUNTIME_API_EXT","hipDeviceGetAttribute",2926707,2926707,307,3618072335544203,3618072335544377
"HIP_RUNTIME_API_EXT","hipDeviceGetAttribute",2926707,2926707,308,3618072335545570,3618072335545728
"HIP_RUNTIME_API_EXT","hipGetDevice",2926707,2926707,309,3618072335583367,3618072335583434
"HIP_RUNTIME_API_EXT","hipGetDevicePropertiesR0600",2926707,2926707,310,3618072335583794,3618072335583939
"HIP_RUNTIME_API_EXT","hipRuntimeGetVersion",2926707,2926707,311,3618072335584343,3618072335584391
"HIP_RUNTIME_API_EXT","hipDeviceGetAttribute",2926707,2926707,312,3618072335585012,3618072335585159
"HIP_RUNTIME_API_EXT","hipDeviceGetAttribute",2926707,2926707,313,3618072335586192,3618072335586364
"HIP_RUNTIME_API_EXT","hipGetDevice",2926707,2926707,314,3618072335621453,3618072335621520
"HIP_RUNTIME_API_EXT","hipGetDevicePropertiesR0600",2926707,2926707,315,3618072335621862,3618072335622011
"HIP_RUNTIME_API_EXT","hipRuntimeGetVersion",2926707,2926707,316,3618072335622541,3618072335622585
"HIP_RUNTIME_API_EXT","hipDeviceGetAttribute",2926707,2926707,317,3618072335623000,3618072335623139
"HIP_RUNTIME_API_EXT","hipDeviceGetAttribute",2926707,2926707,318,3618072335624040,3618072335624202
"HIP_RUNTIME_API_EXT","hipGetDevice",2926707,2926707,319,3618072335658340,3618072335658402
"HIP_RUNTIME_API_EXT","hipGetDevicePropertiesR0600",2926707,2926707,320,3618072335658774,3618072335658919
"HIP_RUNTIME_API_EXT","hipRuntimeGetVersion",2926707,2926707,321,3618072335659404,3618072335659447
"HIP_RUNTIME_API_EXT","hipDeviceGetAttribute",2926707,2926707,322,3618072335659860,3618072335659996
"HIP_RUNTIME_API_EXT","hipDeviceGetAttribute",2926707,2926707,323,3618072335661050,3618072335661207
"HIP_RUNTIME_API_EXT","hipGetDevice",2926707,2926707,324,3618072335694896,3618072335694962
"HIP_RUNTIME_API_EXT","hipGetDevicePropertiesR0600",2926707,2926707,325,3618072335695339,3618072335695490
"HIP_RUNTIME_API_EXT","hipRuntimeGetVersion",2926707,2926707,326,3618072335695876,3618072335695920
"HIP_RUNTIME_API_EXT","hipDeviceGetAttribute",2926707,2926707,327,3618072335696288,3618072335696443
"HIP_RUNTIME_API_EXT","hipDeviceGetAttribute",2926707,2926707,328,3618072335699080,3618072335699266
"HIP_RUNTIME_API_EXT","hipGetDevice",2926707,2926707,329,3618072335731720,3618072335731781
"HIP_RUNTIME_API_EXT","hipGetDevicePropertiesR0600",2926707,2926707,330,3618072335732144,3618072335732295
"HIP_RUNTIME_API_EXT","hipRuntimeGetVersion",2926707,2926707,331,3618072335732672,3618072335732717
"HIP_RUNTIME_API_EXT","hipDeviceGetAttribute",2926707,2926707,332,3618072335733052,3618072335733191
"HIP_RUNTIME_API_EXT","hipDeviceGetAttribute",2926707,2926707,333,3618072335734077,3618072335734240
"HIP_RUNTIME_API_EXT","hipGetDevice",2926707,2926707,334,3618072335767403,3618072335767479
"HIP_RUNTIME_API_EXT","hipGetDevicePropertiesR0600",2926707,2926707,335,3618072335767839,3618072335767987
"HIP_RUNTIME_API_EXT","hipRuntimeGetVersion",2926707,2926707,336,3618072335768358,3618072335768406
"HIP_RUNTIME_API_EXT","hipDeviceGetAttribute",2926707,2926707,337,3618072335768754,3618072335768904
"HIP_RUNTIME_API_EXT","hipDeviceGetAttribute",2926707,2926707,338,3618072335771147,3618072335771347
"HIP_RUNTIME_API_EXT","hipGetDevice",2926707,2926707,339,3618072335804132,3618072335804203
"HIP_RUNTIME_API_EXT","hipGetDevicePropertiesR0600",2926707,2926707,340,3618072335804546,3618072335804692
"HIP_RUNTIME_API_EXT","hipRuntimeGetVersion",2926707,2926707,341,3618072335805011,3618072335805055
"HIP_RUNTIME_API_EXT","hipDeviceGetAttribute",2926707,2926707,342,3618072335805408,3618072335805553
"HIP_RUNTIME_API_EXT","hipDeviceGetAttribute",2926707,2926707,343,3618072335806395,3618072335806570
"HIP_RUNTIME_API_EXT","hipGetDevice",2926707,2926707,344,3618072335838639,3618072335838708
"HIP_RUNTIME_API_EXT","hipGetDevicePropertiesR0600",2926707,2926707,345,3618072335839031,3618072335839178
"HIP_RUNTIME_API_EXT","hipRuntimeGetVersion",2926707,2926707,346,3618072335839494,3618072335839539
"HIP_RUNTIME_API_EXT","hipDeviceGetAttribute",2926707,2926707,347,3618072335839880,3618072335840018
"HIP_RUNTIME_API_EXT","hipDeviceGetAttribute",2926707,2926707,348,3618072335842038,3618072335842217
"HIP_RUNTIME_API_EXT","hipGetDevice",2926707,2926707,349,3618072335873904,3618072335873975
"HIP_RUNTIME_API_EXT","hipGetDevicePropertiesR0600",2926707,2926707,350,3618072335874307,3618072335874455
"HIP_RUNTIME_API_EXT","hipRuntimeGetVersion",2926707,2926707,351,3618072335874774,3618072335874820
"HIP_RUNTIME_API_EXT","hipDeviceGetAttribute",2926707,2926707,352,3618072335889612,3618072335889787
"HIP_RUNTIME_API_EXT","hipDeviceGetAttribute",2926707,2926707,353,3618072335892657,3618072335892837
"HIP_RUNTIME_API_EXT","hipGetDevice",2926707,2926707,354,3618072335926161,3618072335926216
"HIP_RUNTIME_API_EXT","hipGetDevicePropertiesR0600",2926707,2926707,355,3618072335926754,3618072335926896
"HIP_RUNTIME_API_EXT","hipRuntimeGetVersion",2926707,2926707,356,3618072335927267,3618072335927315
"HIP_RUNTIME_API_EXT","hipDeviceGetAttribute",2926707,2926707,357,3618072335927832,3618072335927962
"HIP_RUNTIME_API_EXT","hipDeviceGetAttribute",2926707,2926707,358,3618072335928836,3618072335928997
"HIP_RUNTIME_API_EXT","hipGetDevice",2926707,2926707,359,3618072335963469,3618072335963544
"HIP_RUNTIME_API_EXT","hipGetDevicePropertiesR0600",2926707,2926707,360,3618072335964635,3618072335964778
"HIP_RUNTIME_API_EXT","hipRuntimeGetVersion",2926707,2926707,361,3618072335965230,3618072335965288
"HIP_RUNTIME_API_EXT","hipDeviceGetAttribute",2926707,2926707,362,3618072335965619,3618072335965790
"HIP_RUNTIME_API_EXT","hipDeviceGetAttribute",2926707,2926707,363,3618072335968280,3618072335968469
"HIP_RUNTIME_API_EXT","hipGetDevice",2926707,2926707,364,3618072336014269,3618072336014414
"HIP_RUNTIME_API_EXT","hipGetDevicePropertiesR0600",2926707,2926707,365,3618072336014944,3618072336015230
"HIP_RUNTIME_API_EXT","hipRuntimeGetVersion",2926707,2926707,366,3618072336015596,3618072336015684
"HIP_RUNTIME_API_EXT","hipDeviceGetAttribute",2926707,2926707,367,3618072336016083,3618072336016292
"HIP_RUNTIME_API_EXT","hipDeviceGetAttribute",2926707,2926707,368,3618072336017220,3618072336017389
"HIP_RUNTIME_API_EXT","hipGetDevice",2926707,2926707,369,3618072336051819,3618072336051884
"HIP_RUNTIME_API_EXT","hipGetDevicePropertiesR0600",2926707,2926707,370,3618072336052270,3618072336052420
"HIP_RUNTIME_API_EXT","hipRuntimeGetVersion",2926707,2926707,371,3618072336052787,3618072336052840
"HIP_RUNTIME_API_EXT","hipDeviceGetAttribute",2926707,2926707,372,3618072336053179,3618072336053312
"HIP_RUNTIME_API_EXT","hipDeviceGetAttribute",2926707,2926707,373,3618072336054270,3618072336054441
"HIP_RUNTIME_API_EXT","hipGetDevice",2926707,2926707,374,3618072336085840,3618072336085906
"HIP_RUNTIME_API_EXT","hipGetDevicePropertiesR0600",2926707,2926707,375,3618072336086257,3618072336086400
"HIP_RUNTIME_API_EXT","hipRuntimeGetVersion",2926707,2926707,376,3618072336088829,3618072336088884
"HIP_RUNTIME_API_EXT","hipDeviceGetAttribute",2926707,2926707,377,3618072336089378,3618072336089524
"HIP_RUNTIME_API_EXT","hipDeviceGetAttribute",2926707,2926707,378,3618072336090299,3618072336090468
"HIP_RUNTIME_API_EXT","hipGetDevice",2926707,2926707,379,3618072336124523,3618072336124587
"HIP_RUNTIME_API_EXT","hipGetDevicePropertiesR0600",2926707,2926707,380,3618072336124933,3618072336125078
"HIP_RUNTIME_API_EXT","hipRuntimeGetVersion",2926707,2926707,381,3618072336125639,3618072336125683
"HIP_RUNTIME_API_EXT","hipDeviceGetAttribute",2926707,2926707,382,3618072336125995,3618072336126129
"HIP_RUNTIME_API_EXT","hipDeviceGetAttribute",2926707,2926707,383,3618072336126928,3618072336127094
"HIP_RUNTIME_API_EXT","hipGetDevice",2926707,2926707,384,3618072336160350,3618072336160419
"HIP_RUNTIME_API_EXT","hipGetDevicePropertiesR0600",2926707,2926707,385,3618072336161020,3618072336161168
"HIP_RUNTIME_API_EXT","hipRuntimeGetVersion",2926707,2926707,386,3618072336161480,3618072336161522
"HIP_RUNTIME_API_EXT","hipDeviceGetAttribute",2926707,2926707,387,3618072336161828,3618072336161955
"HIP_RUNTIME_API_EXT","hipDeviceGetAttribute",2926707,2926707,388,3618072336164121,3618072336164296
"HIP_RUNTIME_API_EXT","hipGetDevice",2926707,2926707,389,3618072336195667,3618072336195735
"HIP_RUNTIME_API_EXT","hipGetDevicePropertiesR0600",2926707,2926707,390,3618072336196116,3618072336196283
"HIP_RUNTIME_API_EXT","hipRuntimeGetVersion",2926707,2926707,391,3618072336196615,3618072336196662
"HIP_RUNTIME_API_EXT","hipDeviceGetAttribute",2926707,2926707,392,3618072336196979,3618072336197114
"HIP_RUNTIME_API_EXT","hipDeviceGetAttribute",2926707,2926707,393,3618072336197894,3618072336198059
"HIP_RUNTIME_API_EXT","hipGetDevice",2926707,2926707,394,3618072336229560,3618072336229618
"HIP_RUNTIME_API_EXT","hipGetDevicePropertiesR0600",2926707,2926707,395,3618072336229967,3618072336230112
"HIP_RUNTIME_API_EXT","hipRuntimeGetVersion",2926707,2926707,396,3618072336230438,3618072336230481
"HIP_RUNTIME_API_EXT","hipDeviceGetAttribute",2926707,2926707,397,3618072336230794,3618072336230924
"HIP_RUNTIME_API_EXT","hipDeviceGetAttribute",2926707,2926707,398,3618072336233154,3618072336233336
"HIP_RUNTIME_API_EXT","hipGetDevice",2926707,2926707,399,3618072336265947,3618072336266017
"HIP_RUNTIME_API_EXT","hipGetDevicePropertiesR0600",2926707,2926707,400,3618072336266360,3618072336266508
"HIP_RUNTIME_API_EXT","hipRuntimeGetVersion",2926707,2926707,401,3618072336267021,3618072336267063
"HIP_RUNTIME_API_EXT","hipDeviceGetAttribute",2926707,2926707,402,3618072336267399,3618072336267536
"HIP_RUNTIME_API_EXT","hipDeviceGetAttribute",2926707,2926707,403,3618072336268299,3618072336268475
"HIP_RUNTIME_API_EXT","hipGetDevice",2926707,2926707,404,3618072336299743,3618072336299819
"HIP_RUNTIME_API_EXT","hipGetDevicePropertiesR0600",2926707,2926707,405,3618072336300326,3618072336300482
"HIP_RUNTIME_API_EXT","hipRuntimeGetVersion",2926707,2926707,406,3618072336300815,3618072336300861
"HIP_RUNTIME_API_EXT","hipDeviceGetAttribute",2926707,2926707,407,3618072336301186,3618072336301317
"HIP_RUNTIME_API_EXT","hipDeviceGetAttribute",2926707,2926707,408,3618072336303499,3618072336303682
"HIP_RUNTIME_API_EXT","hipGetDevice",2926707,2926707,409,3618072336334811,3618072336334872
"HIP_RUNTIME_API_EXT","hipGetDevicePropertiesR0600",2926707,2926707,410,3618072336335217,3618072336335374
"HIP_RUNTIME_API_EXT","hipRuntimeGetVersion",2926707,2926707,411,3618072336335703,3618072336335748
"HIP_RUNTIME_API_EXT","hipDeviceGetAttribute",2926707,2926707,412,3618072336336062,3618072336336194
"HIP_RUNTIME_API_EXT","hipDeviceGetAttribute",2926707,2926707,413,3618072336336963,3618072336337129
"HIP_RUNTIME_API_EXT","hipGetDevice",2926707,2926707,414,3618072336369160,3618072336369228
"HIP_RUNTIME_API_EXT","hipGetDevicePropertiesR0600",2926707,2926707,415,3618072336369576,3618072336369726
"HIP_RUNTIME_API_EXT","hipRuntimeGetVersion",2926707,2926707,416,3618072336370047,3618072336370091
"HIP_RUNTIME_API_EXT","hipDeviceGetAttribute",2926707,2926707,417,3618072336370415,3618072336370552
"HIP_RUNTIME_API_EXT","hipDeviceGetAttribute",2926707,2926707,418,3618072336372786,3618072336372963
"HIP_RUNTIME_API_EXT","hipGetDevice",2926707,2926707,419,3618072336404319,3618072336404390
"HIP_RUNTIME_API_EXT","hipGetDevicePropertiesR0600",2926707,2926707,420,3618072336404721,3618072336404867
"HIP_RUNTIME_API_EXT","hipRuntimeGetVersion",2926707,2926707,421,3618072336405205,3618072336405250
"HIP_RUNTIME_API_EXT","hipDeviceGetAttribute",2926707,2926707,422,3618072336406941,3618072336407092
"HIP_RUNTIME_API_EXT","hipDeviceGetAttribute",2926707,2926707,423,3618072336407879,3618072336408043
"HIP_RUNTIME_API_EXT","hipGetDevice",2926707,2926707,424,3618072336439310,3618072336439375
"HIP_RUNTIME_API_EXT","hipGetDevicePropertiesR0600",2926707,2926707,425,3618072336439712,3618072336439864
"HIP_RUNTIME_API_EXT","hipRuntimeGetVersion",2926707,2926707,426,3618072336440205,3618072336440250
"HIP_RUNTIME_API_EXT","hipDeviceGetAttribute",2926707,2926707,427,3618072336440563,3618072336440733
"HIP_RUNTIME_API_EXT","hipDeviceGetAttribute",2926707,2926707,428,3618072336442719,3618072336442893
"HIP_RUNTIME_API_EXT","hipGetDevice",2926707,2926707,429,3618072336474322,3618072336474386
"HIP_RUNTIME_API_EXT","hipGetDevicePropertiesR0600",2926707,2926707,430,3618072336474751,3618072336474898
"HIP_RUNTIME_API_EXT","hipRuntimeGetVersion",2926707,2926707,431,3618072336475210,3618072336475254
"HIP_RUNTIME_API_EXT","hipDeviceGetAttribute",2926707,2926707,432,3618072336475564,3618072336475700
"HIP_RUNTIME_API_EXT","hipDeviceGetAttribute",2926707,2926707,433,3618072336476449,3618072336476615
"HIP_RUNTIME_API_EXT","hipModuleLoad",2926707,2926707,434,3618072336615617,3618072343041139
"HIP_RUNTIME_API_EXT","hipModuleGetFunction",2926707,2926707,435,3618072343050970,3618072343053883
"HIP_RUNTIME_API_EXT","hipGetLastError",2926707,2926707,436,3618072343055445,3618072343056796
"HIP_RUNTIME_API_EXT","hipModuleGetFunction",2926707,2926707,437,3618072343057881,3618072343059929
"HIP_RUNTIME_API_EXT","hipExtModuleLaunchKernel",2926707,2926707,438,3618072343075456,3618072343095785
"HIP_RUNTIME_API_EXT","hipSetDevice",2926707,2926707,439,3618072343120692,3618072343121169
"HIP_RUNTIME_API_EXT","hipEventRecord",2926707,2926707,440,3618072343123119,3618072343127760
"HIP_RUNTIME_API_EXT","hipEventQuery",2926707,2926707,441,3618072343134940,3618072343136768
"HIP_RUNTIME_API_EXT","hipEventSynchronize",2926707,2926707,442,3618072343149979,3618072343257745
"HIP_RUNTIME_API_EXT","hipEventElapsedTime",2926707,2926707,443,3618072343262544,3618072343286615
"HIP_RUNTIME_API_EXT","hipSetDevice",2926707,2926707,444,3618072343451213,3618072343451570
"HIP_RUNTIME_API_EXT","hipEventDestroy",2926707,2926707,445,3618072343452484,3618072343454539
"HIP_RUNTIME_API_EXT","hipSetDevice",2926707,2926707,446,3618072343464424,3618072343464508
"HIP_RUNTIME_API_EXT","hipEventDestroy",2926707,2926707,447,3618072343464841,3618072343465192
"HIP_RUNTIME_API_EXT","hipSetDevice",2926707,2926707,448,3618072343508869,3618072343508976
"HIP_RUNTIME_API_EXT","hipEventCreateWithFlags",2926707,2926707,449,3618072343509953,3618072343510522
"HIP_RUNTIME_API_EXT","hipSetDevice",2926707,2926707,450,3618072343514812,3618072343514882
"HIP_RUNTIME_API_EXT","hipEventCreateWithFlags",2926707,2926707,451,3618072343515354,3618072343515561
"HIP_RUNTIME_API_EXT","hipSetDevice",2926707,2926707,453,3618072343541620,3618072343541687
"HIP_RUNTIME_API_EXT","hipEventRecord",2926707,2926707,454,3618072343542890,3618072343546693
"HIP_RUNTIME_API_EXT","hipSetDevice",2926707,2926707,455,3618072343554140,3618072343554204
"HIP_RUNTIME_API_EXT","hipSetDevice",2926707,2926707,456,3618072343572526,3618072343572585
"HIP_RUNTIME_API_EXT","hipSetDevice",2926707,2926707,457,3618072343572953,3618072343573006
"HIP_RUNTIME_API_EXT","hipSetDevice",2926707,2926707,458,3618072343573473,3618072343573528
"HIP_RUNTIME_API_EXT","hipGetDevice",2926707,2926707,459,3618072343576893,3618072343577552
"HIP_RUNTIME_API_EXT","hipGetDevicePropertiesR0600",2926707,2926707,460,3618072343578276,3618072343579406
"HIP_RUNTIME_API_EXT","hipGetDevice",2926707,2926707,461,3618072343580401,3618072343580449
"HIP_RUNTIME_API_EXT","hipGetDevicePropertiesR0600",2926707,2926707,462,3618072343580821,3618072343580947
"HIP_RUNTIME_API_EXT","hipGetDevice",2926707,2926707,463,3618072343581667,3618072343581715
"HIP_RUNTIME_API_EXT","hipGetDevicePropertiesR0600",2926707,2926707,464,3618072343582037,3618072343582181
"HIP_RUNTIME_API_EXT","hipGetDevice",2926707,2926707,465,3618072343582631,3618072343582679
"HIP_RUNTIME_API_EXT","hipGetDevicePropertiesR0600",2926707,2926707,466,3618072343583022,3618072343583154
"HIP_RUNTIME_API_EXT","hipExtModuleLaunchKernel",2926707,2926707,467,3618072343599740,3618072343619111
"HIP_RUNTIME_API_EXT","hipSetDevice",2926707,2926707,468,3618072343623254,3618072343623333
"HIP_RUNTIME_API_EXT","hipEventRecord",2926707,2926707,469,3618072343623938,3618072343625654
"HIP_RUNTIME_API_EXT","hipEventQuery",2926707,2926707,470,3618072343629847,3618072343630437
"HIP_RUNTIME_API_EXT","hipEventQuery",2926707,2926707,471,3618072343639007,3618072343639158
"HIP_RUNTIME_API_EXT","hipSetDevice",2926707,2926707,472,3618072343643990,3618072343644063
"HIP_RUNTIME_API_EXT","hipSetDevice",2926707,2926707,473,3618072343650726,3618072343650785
"HIP_RUNTIME_API_EXT","hipSetDevice",2926707,2926707,474,3618072343651133,3618072343651188
"HIP_RUNTIME_API_EXT","hipSetDevice",2926707,2926707,475,3618072343651562,3618072343651615
"HIP_RUNTIME_API_EXT","hipGetDevice",2926707,2926707,476,3618072343652480,3618072343652558
"HIP_RUNTIME_API_EXT","hipGetDevicePropertiesR0600",2926707,2926707,477,3618072343652959,3618072343653185
"HIP_RUNTIME_API_EXT","hipGetDevice",2926707,2926707,478,3618072343653766,3618072343653813
"HIP_RUNTIME_API_EXT","hipGetDevicePropertiesR0600",2926707,2926707,479,3618072343654139,3618072343654267
"HIP_RUNTIME_API_EXT","hipGetDevice",2926707,2926707,480,3618072343654793,3618072343654839
"HIP_RUNTIME_API_EXT","hipGetDevicePropertiesR0600",2926707,2926707,481,3618072343655135,3618072343655249
"HIP_RUNTIME_API_EXT","hipGetDevice",2926707,2926707,482,3618072343655671,3618072343655717
"HIP_RUNTIME_API_EXT","hipGetDevicePropertiesR0600",2926707,2926707,483,3618072343656148,3618072343656251
"HIP_RUNTIME_API_EXT","hipExtModuleLaunchKernel",2926707,2926707,484,3618072343661501,3618072343668703
"HIP_RUNTIME_API_EXT","hipSetDevice",2926707,2926707,485,3618072343672248,3618072343672322
"HIP_RUNTIME_API_EXT","hipSetDevice",2926707,2926707,486,3618072343677600,3618072343677662
"HIP_RUNTIME_API_EXT","hipSetDevice",2926707,2926707,487,3618072343678013,3618072343678064
"HIP_RUNTIME_API_EXT","hipSetDevice",2926707,2926707,488,3618072343678366,3618072343678419
"HIP_RUNTIME_API_EXT","hipGetDevice",2926707,2926707,489,3618072343679085,3618072343679143
"HIP_RUNTIME_API_EXT","hipGetDevicePropertiesR0600",2926707,2926707,490,3618072343679486,3618072343679647
"HIP_RUNTIME_API_EXT","hipGetDevice",2926707,2926707,491,3618072343679999,3618072343680048
"HIP_RUNTIME_API_EXT","hipGetDevicePropertiesR0600",2926707,2926707,492,3618072343680343,3618072343680452
"HIP_RUNTIME_API_EXT","hipGetDevice",2926707,2926707,493,3618072343682415,3618072343682466
"HIP_RUNTIME_API_EXT","hipGetDevicePropertiesR0600",2926707,2926707,494,3618072343682794,3618072343682930
"HIP_RUNTIME_API_EXT","hipGetDevice",2926707,2926707,495,3618072343683258,3618072343683305
"HIP_RUNTIME_API_EXT","hipGetDevicePropertiesR0600",2926707,2926707,496,3618072343683596,3618072343683700
"HIP_RUNTIME_API_EXT","hipExtModuleLaunchKernel",2926707,2926707,497,3618072343687546,3618072343691726
"HIP_RUNTIME_API_EXT","hipSetDevice",2926707,2926707,498,3618072343695339,3618072343695410
"HIP_RUNTIME_API_EXT","hipSetDevice",2926707,2926707,499,3618072343699477,3618072343699536
"HIP_RUNTIME_API_EXT","hipSetDevice",2926707,2926707,500,3618072343699839,3618072343699893
"HIP_RUNTIME_API_EXT","hipSetDevice",2926707,2926707,501,3618072343700303,3618072343700355
"HIP_RUNTIME_API_EXT","hipGetDevice",2926707,2926707,502,3618072343700835,3618072343700885
"HIP_RUNTIME_API_EXT","hipGetDevicePropertiesR0600",2926707,2926707,503,3618072343701182,3618072343701339
"HIP_RUNTIME_API_EXT","hipGetDevice",2926707,2926707,504,3618072343701694,3618072343701742
"HIP_RUNTIME_API_EXT","hipGetDevicePropertiesR0600",2926707,2926707,505,3618072343702035,3618072343702152
"HIP_RUNTIME_API_EXT","hipGetDevice",2926707,2926707,506,3618072343702625,3618072343702673
"HIP_RUNTIME_API_EXT","hipGetDevicePropertiesR0600",2926707,2926707,507,3618072343702970,3618072343703087
"HIP_RUNTIME_API_EXT","hipGetDevice",2926707,2926707,508,3618072343703439,3618072343703487
"HIP_RUNTIME_API_EXT","hipGetDevicePropertiesR0600",2926707,2926707,509,3618072343703783,3618072343703886
"HIP_RUNTIME_API_EXT","hipExtModuleLaunchKernel",2926707,2926707,510,3618072343707495,3618072343712341
"HIP_RUNTIME_API_EXT","hipSetDevice",2926707,2926707,511,3618072343715464,3618072343715538
"HIP_RUNTIME_API_EXT","hipSetDevice",2926707,2926707,512,3618072343719554,3618072343719625
"HIP_RUNTIME_API_EXT","hipSetDevice",2926707,2926707,513,3618072343720112,3618072343720163
"HIP_RUNTIME_API_EXT","hipSetDevice",2926707,2926707,514,3618072343720674,3618072343720727
"HIP_RUNTIME_API_EXT","hipGetDevice",2926707,2926707,515,3618072343721311,3618072343721361
"HIP_RUNTIME_API_EXT","hipGetDevicePropertiesR0600",2926707,2926707,516,3618072343722992,3618072343723165
"HIP_RUNTIME_API_EXT","hipGetDevice",2926707,2926707,517,3618072343723625,3618072343723672
"HIP_RUNTIME_API_EXT","hipGetDevicePropertiesR0600",2926707,2926707,518,3618072343724157,3618072343724261
"HIP_RUNTIME_API_EXT","hipGetDevice",2926707,2926707,519,3618072343724718,3618072343724764
"HIP_RUNTIME_API_EXT","hipGetDevicePropertiesR0600",2926707,2926707,520,3618072343725073,3618072343725193
"HIP_RUNTIME_API_EXT","hipGetDevice",2926707,2926707,521,3618072343725571,3618072343725619
"HIP_RUNTIME_API_EXT","hipGetDevicePropertiesR0600",2926707,2926707,522,3618072343726285,3618072343726402
"HIP_RUNTIME_API_EXT","hipExtModuleLaunchKernel",2926707,2926707,523,3618072343730070,3618072343735046
"HIP_RUNTIME_API_EXT","hipSetDevice",2926707,2926707,524,3618072343737808,3618072343737882
"HIP_RUNTIME_API_EXT","hipSetDevice",2926707,2926707,525,3618072343742218,3618072343742284
"HIP_RUNTIME_API_EXT","hipSetDevice",2926707,2926707,526,3618072343742791,3618072343742844
"HIP_RUNTIME_API_EXT","hipSetDevice",2926707,2926707,527,3618072343743369,3618072343743424
"HIP_RUNTIME_API_EXT","hipGetDevice",2926707,2926707,528,3618072343743898,3618072343743949
"HIP_RUNTIME_API_EXT","hipGetDevicePropertiesR0600",2926707,2926707,529,3618072343744274,3618072343744577
"HIP_RUNTIME_API_EXT","hipGetDevice",2926707,2926707,530,3618072343745100,3618072343745146
"HIP_RUNTIME_API_EXT","hipGetDevicePropertiesR0600",2926707,2926707,531,3618072343745450,3618072343745557
"HIP_RUNTIME_API_EXT","hipGetDevice",2926707,2926707,532,3618072343745998,3618072343746047
"HIP_RUNTIME_API_EXT","hipGetDevicePropertiesR0600",2926707,2926707,533,3618072343746345,3618072343746458
"HIP_RUNTIME_API_EXT","hipGetDevice",2926707,2926707,534,3618072343747045,3618072343747093
"HIP_RUNTIME_API_EXT","hipGetDevicePropertiesR0600",2926707,2926707,535,3618072343747520,3618072343747626
"HIP_RUNTIME_API_EXT","hipExtModuleLaunchKernel",2926707,2926707,536,3618072343751131,3618072343756679
"HIP_RUNTIME_API_EXT","hipSetDevice",2926707,2926707,537,3618072343759310,3618072343759383
"HIP_RUNTIME_API_EXT","hipSetDevice",2926707,2926707,538,3618072343763644,3618072343763708
"HIP_RUNTIME_API_EXT","hipSetDevice",2926707,2926707,539,3618072343764028,3618072343764080
"HIP_RUNTIME_API_EXT","hipSetDevice",2926707,2926707,540,3618072343768190,3618072343768247
"HIP_RUNTIME_API_EXT","hipGetDevice",2926707,2926707,541,3618072343768820,3618072343768878
"HIP_RUNTIME_API_EXT","hipGetDevicePropertiesR0600",2926707,2926707,542,3618072343769238,3618072343769406
"HIP_RUNTIME_API_EXT","hipGetDevice",2926707,2926707,543,3618072343769843,3618072343769892
"HIP_RUNTIME_API_EXT","hipGetDevicePropertiesR0600",2926707,2926707,544,3618072343770187,3618072343770289
"HIP_RUNTIME_API_EXT","hipGetDevice",2926707,2926707,545,3618072343770869,3618072343770916
"HIP_RUNTIME_API_EXT","hipGetDevicePropertiesR0600",2926707,2926707,546,3618072343771274,3618072343771402
"HIP_RUNTIME_API_EXT","hipGetDevice",2926707,2926707,547,3618072343771750,3618072343771799
"HIP_RUNTIME_API_EXT","hipGetDevicePropertiesR0600",2926707,2926707,548,3618072343772119,3618072343772223
"HIP_RUNTIME_API_EXT","hipExtModuleLaunchKernel",2926707,2926707,549,3618072343775697,3618072343780082
"HIP_RUNTIME_API_EXT","hipSetDevice",2926707,2926707,550,3618072343782948,3618072343783018
"HIP_RUNTIME_API_EXT","hipSetDevice",2926707,2926707,551,3618072343786833,3618072343786900
"HIP_RUNTIME_API_EXT","hipSetDevice",2926707,2926707,552,3618072343787208,3618072343787259
"HIP_RUNTIME_API_EXT","hipSetDevice",2926707,2926707,553,3618072343787694,3618072343787748
"HIP_RUNTIME_API_EXT","hipGetDevice",2926707,2926707,554,3618072343788225,3618072343788276
"HIP_RUNTIME_API_EXT","hipGetDevicePropertiesR0600",2926707,2926707,555,3618072343788582,3618072343788741
"HIP_RUNTIME_API_EXT","hipGetDevice",2926707,2926707,556,3618072343789098,3618072343789146
"HIP_RUNTIME_API_EXT","hipGetDevicePropertiesR0600",2926707,2926707,557,3618072343789440,3618072343789571
"HIP_RUNTIME_API_EXT","hipGetDevice",2926707,2926707,558,3618072343790013,3618072343790059
"HIP_RUNTIME_API_EXT","hipGetDevicePropertiesR0600",2926707,2926707,559,3618072343790365,3618072343790482
"HIP_RUNTIME_API_EXT","hipGetDevice",2926707,2926707,560,3618072343790825,3618072343790905
"HIP_RUNTIME_API_EXT","hipGetDevicePropertiesR0600",2926707,2926707,561,3618072343791203,3618072343791316
"HIP_RUNTIME_API_EXT","hipExtModuleLaunchKernel",2926707,2926707,562,3618072343794820,3618072343800195
"HIP_RUNTIME_API_EXT","hipSetDevice",2926707,2926707,563,3618072343804248,3618072343804325
"HIP_RUNTIME_API_EXT","hipSetDevice",2926707,2926707,564,3618072343809030,3618072343809091
"HIP_RUNTIME_API_EXT","hipSetDevice",2926707,2926707,565,3618072343809409,3618072343809460
"HIP_RUNTIME_API_EXT","hipSetDevice",2926707,2926707,566,3618072343810045,3618072343810098
"HIP_RUNTIME_API_EXT","hipGetDevice",2926707,2926707,567,3618072343810565,3618072343810619
"HIP_RUNTIME_API_EXT","hipGetDevicePropertiesR0600",2926707,2926707,568,3618072343810940,3618072343811098
"HIP_RUNTIME_API_EXT","hipGetDevice",2926707,2926707,569,3618072343811478,3618072343811527
"HIP_RUNTIME_API_EXT","hipGetDevicePropertiesR0600",2926707,2926707,570,3618072343812025,3618072343812140
"HIP_RUNTIME_API_EXT","hipGetDevice",2926707,2926707,571,3618072343812593,3618072343812641
"HIP_RUNTIME_API_EXT","hipGetDevicePropertiesR0600",2926707,2926707,572,3618072343812941,3618072343813056
"HIP_RUNTIME_API_EXT","hipGetDevice",2926707,2926707,573,3618072343813388,3618072343813434
"HIP_RUNTIME_API_EXT","hipGetDevicePropertiesR0600",2926707,2926707,574,3618072343813903,3618072343814007
"HIP_RUNTIME_API_EXT","hipExtModuleLaunchKernel",2926707,2926707,575,3618072343818493,3618072343822920
"HIP_RUNTIME_API_EXT","hipSetDevice",2926707,2926707,576,3618072343826359,3618072343826430
"HIP_RUNTIME_API_EXT","hipSetDevice",2926707,2926707,577,3618072343831937,3618072343832003
"HIP_RUNTIME_API_EXT","hipSetDevice",2926707,2926707,578,3618072343832731,3618072343832785
"HIP_RUNTIME_API_EXT","hipSetDevice",2926707,2926707,579,3618072343833116,3618072343833168
"HIP_RUNTIME_API_EXT","hipGetDevice",2926707,2926707,580,3618072343833826,3618072343833877
"HIP_RUNTIME_API_EXT","hipGetDevicePropertiesR0600",2926707,2926707,581,3618072343834202,3618072343834361
"HIP_RUNTIME_API_EXT","hipGetDevice",2926707,2926707,582,3618072343834942,3618072343834991
"HIP_RUNTIME_API_EXT","hipGetDevicePropertiesR0600",2926707,2926707,583,3618072343835289,3618072343835429
"HIP_RUNTIME_API_EXT","hipGetDevice",2926707,2926707,584,3618072343835847,3618072343835896
"HIP_RUNTIME_API_EXT","hipGetDevicePropertiesR0600",2926707,2926707,585,3618072343836217,3618072343836332
"HIP_RUNTIME_API_EXT","hipGetDevice",2926707,2926707,586,3618072343838057,3618072343838104
"HIP_RUNTIME_API_EXT","hipGetDevicePropertiesR0600",2926707,2926707,587,3618072343838425,3618072343838544
"HIP_RUNTIME_API_EXT","hipExtModuleLaunchKernel",2926707,2926707,588,3618072343842281,3618072343847976
"HIP_RUNTIME_API_EXT","hipSetDevice",2926707,2926707,589,3618072343851327,3618072343851396
"HIP_RUNTIME_API_EXT","hipSetDevice",2926707,2926707,590,3618072343855401,3618072343855467
"HIP_RUNTIME_API_EXT","hipSetDevice",2926707,2926707,591,3618072343855776,3618072343855828
"HIP_RUNTIME_API_EXT","hipSetDevice",2926707,2926707,592,3618072343856196,3618072343856249
"HIP_RUNTIME_API_EXT","hipGetDevice",2926707,2926707,593,3618072343856741,3618072343856793
"HIP_RUNTIME_API_EXT","hipGetDevicePropertiesR0600",2926707,2926707,594,3618072343857115,3618072343857270
"HIP_RUNTIME_API_EXT","hipGetDevice",2926707,2926707,595,3618072343857622,3618072343857670
"HIP_RUNTIME_API_EXT","hipGetDevicePropertiesR0600",2926707,2926707,596,3618072343857960,3618072343858064
"HIP_RUNTIME_API_EXT","hipGetDevice",2926707,2926707,597,3618072343858489,3618072343858536
"HIP_RUNTIME_API_EXT","hipGetDevicePropertiesR0600",2926707,2926707,598,3618072343858882,3618072343858999
"HIP_RUNTIME_API_EXT","hipGetDevice",2926707,2926707,599,3618072343859412,3618072343859460
"HIP_RUNTIME_API_EXT","hipGetDevicePropertiesR0600",2926707,2926707,600,3618072343859755,3618072343859861
"HIP_RUNTIME_API_EXT","hipExtModuleLaunchKernel",2926707,2926707,601,3618072343863177,3618072343868481
"HIP_RUNTIME_API_EXT","hipSetDevice",2926707,2926707,602,3618072343871968,3618072343872036
"HIP_RUNTIME_API_EXT","hipSetDevice",2926707,2926707,603,3618072343876329,3618072343876389
"HIP_RUNTIME_API_EXT","hipSetDevice",2926707,2926707,604,3618072343876692,3618072343876744
"HIP_RUNTIME_API_EXT","hipSetDevice",2926707,2926707,605,3618072343877151,3618072343877204
"HIP_RUNTIME_API_EXT","hipGetDevice",2926707,2926707,606,3618072343877670,3618072343877720
"HIP_RUNTIME_API_EXT","hipGetDevicePropertiesR0600",2926707,2926707,607,3618072343878048,3618072343878206
"HIP_RUNTIME_API_EXT","hipGetDevice",2926707,2926707,608,3618072343878608,3618072343878656
"HIP_RUNTIME_API_EXT","hipGetDevicePropertiesR0600",2926707,2926707,609,3618072343878953,3618072343879065
"HIP_RUNTIME_API_EXT","hipGetDevice",2926707,2926707,610,3618072343880957,3618072343881013
"HIP_RUNTIME_API_EXT","hipGetDevicePropertiesR0600",2926707,2926707,611,3618072343881317,3618072343881452
"HIP_RUNTIME_API_EXT","hipGetDevice",2926707,2926707,612,3618072343881839,3618072343881890
"HIP_RUNTIME_API_EXT","hipGetDevicePropertiesR0600",2926707,2926707,613,3618072343882210,3618072343882317
"HIP_RUNTIME_API_EXT","hipExtModuleLaunchKernel",2926707,2926707,614,3618072343885612,3618072343890274
"HIP_RUNTIME_API_EXT","hipSetDevice",2926707,2926707,615,3618072343893366,3618072343893437
"HIP_RUNTIME_API_EXT","hipSetDevice",2926707,2926707,616,3618072343897851,3618072343897917
"HIP_RUNTIME_API_EXT","hipSetDevice",2926707,2926707,617,3618072343898230,3618072343898281
"HIP_RUNTIME_API_EXT","hipSetDevice",2926707,2926707,618,3618072343900037,3618072343900090
"HIP_RUNTIME_API_EXT","hipGetDevice",2926707,2926707,619,3618072343901354,3618072343901401
"HIP_RUNTIME_API_EXT","hipGetDevicePropertiesR0600",2926707,2926707,620,3618072343901731,3618072343901890
"HIP_RUNTIME_API_EXT","hipGetDevice",2926707,2926707,621,3618072343902297,3618072343902348
"HIP_RUNTIME_API_EXT","hipGetDevicePropertiesR0600",2926707,2926707,622,3618072343902649,3618072343902753
"HIP_RUNTIME_API_EXT","hipGetDevice",2926707,2926707,623,3618072343903383,3618072343903428
"HIP_RUNTIME_API_EXT","hipGetDevicePropertiesR0600",2926707,2926707,624,3618072343903991,3618072343904104
"HIP_RUNTIME_API_EXT","hipGetDevice",2926707,2926707,625,3618072343904527,3618072343904573
"HIP_RUNTIME_API_EXT","hipGetDevicePropertiesR0600",2926707,2926707,626,3618072343904872,3618072343904977
"HIP_RUNTIME_API_EXT","hipExtModuleLaunchKernel",2926707,2926707,627,3618072343908429,3618072343913088
"HIP_RUNTIME_API_EXT","hipSetDevice",2926707,2926707,628,3618072343916097,3618072343916173
"HIP_RUNTIME_API_EXT","hipSetDevice",2926707,2926707,629,3618072343922770,3618072343922830
"HIP_RUNTIME_API_EXT","hipSetDevice",2926707,2926707,630,3618072343923144,3618072343923196
"HIP_RUNTIME_API_EXT","hipSetDevice",2926707,2926707,631,3618072343923524,3618072343923578
"HIP_RUNTIME_API_EXT","hipGetDevice",2926707,2926707,632,3618072343924036,3618072343924093
"HIP_RUNTIME_API_EXT","hipGetDevicePropertiesR0600",2926707,2926707,633,3618072343925715,3618072343925882
"HIP_RUNTIME_API_EXT","hipGetDevice",2926707,2926707,634,3618072343926251,3618072343926299
"HIP_RUNTIME_API_EXT","hipGetDevicePropertiesR0600",2926707,2926707,635,3618072343926597,3618072343926715
"HIP_RUNTIME_API_EXT","hipGetDevice",2926707,2926707,636,3618072343927166,3618072343927215
"HIP_RUNTIME_API_EXT","hipGetDevicePropertiesR0600",2926707,2926707,637,3618072343927538,3618072343927657
"HIP_RUNTIME_API_EXT","hipGetDevice",2926707,2926707,638,3618072343928000,3618072343928046
"HIP_RUNTIME_API_EXT","hipGetDevicePropertiesR0600",2926707,2926707,639,3618072343928343,3618072343928447
"HIP_RUNTIME_API_EXT","hipExtModuleLaunchKernel",2926707,2926707,640,3618072343932493,3618072343936688
"HIP_RUNTIME_API_EXT","hipSetDevice",2926707,2926707,641,3618072343940723,3618072343940800
"HIP_RUNTIME_API_EXT","hipSetDevice",2926707,2926707,642,3618072343947705,3618072343947763
"HIP_RUNTIME_API_EXT","hipSetDevice",2926707,2926707,643,3618072343948065,3618072343948118
"HIP_RUNTIME_API_EXT","hipSetDevice",2926707,2926707,644,3618072343948509,3618072343948562
"HIP_RUNTIME_API_EXT","hipGetDevice",2926707,2926707,645,3618072343949079,3618072343949134
"HIP_RUNTIME_API_EXT","hipGetDevicePropertiesR0600",2926707,2926707,646,3618072343949443,3618072343949593
"HIP_RUNTIME_API_EXT","hipGetDevice",2926707,2926707,647,3618072343949944,3618072343949993
"HIP_RUNTIME_API_EXT","hipGetDevicePropertiesR0600",2926707,2926707,648,3618072343950287,3618072343950402
"HIP_RUNTIME_API_EXT","hipGetDevice",2926707,2926707,649,3618072343950840,3618072343950884
"HIP_RUNTIME_API_EXT","hipGetDevicePropertiesR0600",2926707,2926707,650,3618072343951186,3618072343951308
"HIP_RUNTIME_API_EXT","hipGetDevice",2926707,2926707,651,3618072343951638,3618072343951685
"HIP_RUNTIME_API_EXT","hipGetDevicePropertiesR0600",2926707,2926707,652,3618072343951984,3618072343952087
"HIP_RUNTIME_API_EXT","hipExtModuleLaunchKernel",2926707,2926707,653,3618072343956831,3618072343977549
"HIP_RUNTIME_API_EXT","hipSetDevice",2926707,2926707,654,3618072343981266,3618072343981334
"HIP_RUNTIME_API_EXT","hipSetDevice",2926707,2926707,655,3618072343988206,3618072343988262
"HIP_RUNTIME_API_EXT","hipSetDevice",2926707,2926707,656,3618072343990004,3618072343990057
"HIP_RUNTIME_API_EXT","hipSetDevice",2926707,2926707,657,3618072343990445,3618072343990500
"HIP_RUNTIME_API_EXT","hipGetDevice",2926707,2926707,658,3618072343990960,3618072343991012
"HIP_RUNTIME_API_EXT","hipGetDevicePropertiesR0600",2926707,2926707,659,3618072343991313,3618072343991489
"HIP_RUNTIME_API_EXT","hipGetDevice",2926707,2926707,660,3618072343991845,3618072343991892
"HIP_RUNTIME_API_EXT","hipGetDevicePropertiesR0600",2926707,2926707,661,3618072343992209,3618072343992317
"HIP_RUNTIME_API_EXT","hipGetDevice",2926707,2926707,662,3618072343992751,3618072343992799
"HIP_RUNTIME_API_EXT","hipGetDevicePropertiesR0600",2926707,2926707,663,3618072343993111,3618072343993235
"HIP_RUNTIME_API_EXT","hipGetDevice",2926707,2926707,664,3618072343993620,3618072343993669
"HIP_RUNTIME_API_EXT","hipGetDevicePropertiesR0600",2926707,2926707,665,3618072343993962,3618072343994069
"HIP_RUNTIME_API_EXT","hipExtModuleLaunchKernel",2926707,2926707,666,3618072344014044,3618072344020440
"HIP_RUNTIME_API_EXT","hipSetDevice",2926707,2926707,667,3618072344025285,3618072344025403
"HIP_RUNTIME_API_EXT","hipSetDevice",2926707,2926707,668,3618072344030294,3618072344030354
"HIP_RUNTIME_API_EXT","hipSetDevice",2926707,2926707,669,3618072344030681,3618072344030733
"HIP_RUNTIME_API_EXT","hipSetDevice",2926707,2926707,670,3618072344031190,3618072344031243
"HIP_RUNTIME_API_EXT","hipGetDevice",2926707,2926707,671,3618072344031878,3618072344031989
"HIP_RUNTIME_API_EXT","hipGetDevicePropertiesR0600",2926707,2926707,672,3618072344032338,3618072344032531
"HIP_RUNTIME_API_EXT","hipGetDevice",2926707,2926707,673,3618072344032874,3618072344032923
"HIP_RUNTIME_API_EXT","hipGetDevicePropertiesR0600",2926707,2926707,674,3618072344033222,3618072344033337
"HIP_RUNTIME_API_EXT","hipGetDevice",2926707,2926707,675,3618072344033769,3618072344033817
"HIP_RUNTIME_API_EXT","hipGetDevicePropertiesR0600",2926707,2926707,676,3618072344034116,3618072344034240
"HIP_RUNTIME_API_EXT","hipGetDevice",2926707,2926707,677,3618072344034597,3618072344034827
"HIP_RUNTIME_API_EXT","hipGetDevicePropertiesR0600",2926707,2926707,678,3618072344035266,3618072344035372
"HIP_RUNTIME_API_EXT","hipExtModuleLaunchKernel",2926707,2926707,679,3618072344041972,3618072344046958
"HIP_RUNTIME_API_EXT","hipSetDevice",2926707,2926707,680,3618072344050343,3618072344050414
"HIP_RUNTIME_API_EXT","hipSetDevice",2926707,2926707,681,3618072344056291,3618072344056351
"HIP_RUNTIME_API_EXT","hipSetDevice",2926707,2926707,682,3618072344056654,3618072344056708
"HIP_RUNTIME_API_EXT","hipSetDevice",2926707,2926707,683,3618072344057253,3618072344057524
"HIP_RUNTIME_API_EXT","hipGetDevice",2926707,2926707,684,3618072344057984,3618072344058040
"HIP_RUNTIME_API_EXT","hipGetDevicePropertiesR0600",2926707,2926707,685,3618072344058335,3618072344058490
"HIP_RUNTIME_API_EXT","hipGetDevice",2926707,2926707,686,3618072344058850,3618072344058897
"HIP_RUNTIME_API_EXT","hipGetDevicePropertiesR0600",2926707,2926707,687,3618072344059196,3618072344059312
"HIP_RUNTIME_API_EXT","hipGetDevice",2926707,2926707,688,3618072344059736,3618072344059783
"HIP_RUNTIME_API_EXT","hipGetDevicePropertiesR0600",2926707,2926707,689,3618072344060082,3618072344060200
"HIP_RUNTIME_API_EXT","hipGetDevice",2926707,2926707,690,3618072344060571,3618072344060619
"HIP_RUNTIME_API_EXT","hipGetDevicePropertiesR0600",2926707,2926707,691,3618072344060985,3618072344061089
"HIP_RUNTIME_API_EXT","hipExtModuleLaunchKernel",2926707,2926707,692,3618072344064677,3618072344070177
"HIP_RUNTIME_API_EXT","hipSetDevice",2926707,2926707,693,3618072344073519,3618072344073591
"HIP_RUNTIME_API_EXT","hipSetDevice",2926707,2926707,694,3618072344077528,3618072344077588
"HIP_RUNTIME_API_EXT","hipSetDevice",2926707,2926707,695,3618072344077891,3618072344077943
"HIP_RUNTIME_API_EXT","hipSetDevice",2926707,2926707,696,3618072344078280,3618072344078333
"HIP_RUNTIME_API_EXT","hipGetDevice",2926707,2926707,697,3618072344078842,3618072344078901
"HIP_RUNTIME_API_EXT","hipGetDevicePropertiesR0600",2926707,2926707,698,3618072344079220,3618072344079373
"HIP_RUNTIME_API_EXT","hipGetDevice",2926707,2926707,699,3618072344079735,3618072344079787
"HIP_RUNTIME_API_EXT","hipGetDevicePropertiesR0600",2926707,2926707,700,3618072344080081,3618072344080189
"HIP_RUNTIME_API_EXT","hipGetDevice",2926707,2926707,701,3618072344080642,3618072344080689
"HIP_RUNTIME_API_EXT","hipGetDevicePropertiesR0600",2926707,2926707,702,3618072344080989,3618072344081110
"HIP_RUNTIME_API_EXT","hipGetDevice",2926707,2926707,703,3618072344088274,3618072344088326
"HIP_RUNTIME_API_EXT","hipGetDevicePropertiesR0600",2926707,2926707,704,3618072344089095,3618072344089255
"HIP_RUNTIME_API_EXT","hipExtModuleLaunchKernel",2926707,2926707,705,3618072344092900,3618072344098095
"HIP_RUNTIME_API_EXT","hipSetDevice",2926707,2926707,706,3618072344101078,3618072344101144
"HIP_RUNTIME_API_EXT","hipSetDevice",2926707,2926707,707,3618072344106435,3618072344106491
"HIP_RUNTIME_API_EXT","hipSetDevice",2926707,2926707,708,3618072344107238,3618072344107290
"HIP_RUNTIME_API_EXT","hipSetDevice",2926707,2926707,709,3618072344107890,3618072344108108
"HIP_RUNTIME_API_EXT","hipGetDevice",2926707,2926707,710,3618072344108587,3618072344108640
"HIP_RUNTIME_API_EXT","hipGetDevicePropertiesR0600",2926707,2926707,711,3618072344108974,3618072344109131
"HIP_RUNTIME_API_EXT","hipGetDevice",2926707,2926707,712,3618072344109478,3618072344109524
"HIP_RUNTIME_API_EXT","hipGetDevicePropertiesR0600",2926707,2926707,713,3618072344109850,3618072344109955
"HIP_RUNTIME_API_EXT","hipGetDevice",2926707,2926707,714,3618072344110391,3618072344110438
"HIP_RUNTIME_API_EXT","hipGetDevicePropertiesR0600",2926707,2926707,715,3618072344110731,3618072344110844
"HIP_RUNTIME_API_EXT","hipGetDevice",2926707,2926707,716,3618072344111380,3618072344111424
"HIP_RUNTIME_API_EXT","hipGetDevicePropertiesR0600",2926707,2926707,717,3618072344112163,3618072344112268
"HIP_RUNTIME_API_EXT","hipExtModuleLaunchKernel",2926707,2926707,718,3618072344119286,3618072344130226
"HIP_RUNTIME_API_EXT","hipSetDevice",2926707,2926707,719,3618072344133646,3618072344133721
"HIP_RUNTIME_API_EXT","hipSetDevice",2926707,2926707,720,3618072344183481,3618072344183549
"HIP_RUNTIME_API_EXT","hipSetDevice",2926707,2926707,721,3618072344183859,3618072344183910
"HIP_RUNTIME_API_EXT","hipSetDevice",2926707,2926707,722,3618072344185120,3618072344185178
"HIP_RUNTIME_API_EXT","hipGetDevice",2926707,2926707,723,3618072344187497,3618072344187565
"HIP_RUNTIME_API_EXT","hipGetDevicePropertiesR0600",2926707,2926707,724,3618072344188093,3618072344188273
"HIP_RUNTIME_API_EXT","hipGetDevice",2926707,2926707,725,3618072344189391,3618072344189439
"HIP_RUNTIME_API_EXT","hipGetDevicePropertiesR0600",2926707,2926707,726,3618072344189899,3618072344190019
"HIP_RUNTIME_API_EXT","hipGetDevice",2926707,2926707,727,3618072344193481,3618072344193530
"HIP_RUNTIME_API_EXT","hipGetDevicePropertiesR0600",2926707,2926707,728,3618072344194027,3618072344194188
"HIP_RUNTIME_API_EXT","hipGetDevice",2926707,2926707,729,3618072344194879,3618072344194927
"HIP_RUNTIME_API_EXT","hipGetDevicePropertiesR0600",2926707,2926707,730,3618072344195570,3618072344195675
"HIP_RUNTIME_API_EXT","hipExtModuleLaunchKernel",2926707,2926707,731,3618072344216297,3618072344225787
"HIP_RUNTIME_API_EXT","hipSetDevice",2926707,2926707,732,3618072344229242,3618072344229312
"HIP_RUNTIME_API_EXT","hipSetDevice",2926707,2926707,733,3618072344234619,3618072344234679
"HIP_RUNTIME_API_EXT","hipSetDevice",2926707,2926707,734,3618072344235042,3618072344235093
"HIP_RUNTIME_API_EXT","hipSetDevice",2926707,2926707,735,3618072344235595,3618072344235649
"HIP_RUNTIME_API_EXT","hipGetDevice",2926707,2926707,736,3618072344236139,3618072344236193
"HIP_RUNTIME_API_EXT","hipGetDevicePropertiesR0600",2926707,2926707,737,3618072344236654,3618072344236820
"HIP_RUNTIME_API_EXT","hipGetDevice",2926707,2926707,738,3618072344237162,3618072344237209
"HIP_RUNTIME_API_EXT","hipGetDevicePropertiesR0600",2926707,2926707,739,3618072344237507,3618072344237621
"HIP_RUNTIME_API_EXT","hipGetDevice",2926707,2926707,740,3618072344238159,3618072344238206
"HIP_RUNTIME_API_EXT","hipGetDevicePropertiesR0600",2926707,2926707,741,3618072344238671,3618072344238786
"HIP_RUNTIME_API_EXT","hipGetDevice",2926707,2926707,742,3618072344239126,3618072344239173
"HIP_RUNTIME_API_EXT","hipGetDevicePropertiesR0600",2926707,2926707,743,3618072344239466,3618072344239571
"HIP_RUNTIME_API_EXT","hipExtModuleLaunchKernel",2926707,2926707,744,3618072344243755,3618072344248478
"HIP_RUNTIME_API_EXT","hipSetDevice",2926707,2926707,745,3618072344251606,3618072344251669
"HIP_RUNTIME_API_EXT","hipSetDevice",2926707,2926707,746,3618072344255930,3618072344255984
"HIP_RUNTIME_API_EXT","hipSetDevice",2926707,2926707,747,3618072344256324,3618072344256377
"HIP_RUNTIME_API_EXT","hipSetDevice",2926707,2926707,748,3618072344256744,3618072344256797
"HIP_RUNTIME_API_EXT","hipGetDevice",2926707,2926707,749,3618072344257300,3618072344257353
"HIP_RUNTIME_API_EXT","hipGetDevicePropertiesR0600",2926707,2926707,750,3618072344258032,3618072344258224
"HIP_RUNTIME_API_EXT","hipGetDevice",2926707,2926707,751,3618072344258581,3618072344258630
"HIP_RUNTIME_API_EXT","hipGetDevicePropertiesR0600",2926707,2926707,752,3618072344258964,3618072344259077
"HIP_RUNTIME_API_EXT","hipGetDevice",2926707,2926707,753,3618072344259622,3618072344259668
"HIP_RUNTIME_API_EXT","hipGetDevicePropertiesR0600",2926707,2926707,754,3618072344260007,3618072344260121
"HIP_RUNTIME_API_EXT","hipGetDevice",2926707,2926707,755,3618072344260480,3618072344260528
"HIP_RUNTIME_API_EXT","hipGetDevicePropertiesR0600",2926707,2926707,756,3618072344260840,3618072344260949
"HIP_RUNTIME_API_EXT","hipExtModuleLaunchKernel",2926707,2926707,757,3618072344265128,3618072344269894
"HIP_RUNTIME_API_EXT","hipSetDevice",2926707,2926707,758,3618072344272219,3618072344272287
"HIP_RUNTIME_API_EXT","hipSetDevice",2926707,2926707,759,3618072344277573,3618072344277634
"HIP_RUNTIME_API_EXT","hipSetDevice",2926707,2926707,760,3618072344277999,3618072344278052
"HIP_RUNTIME_API_EXT","hipSetDevice",2926707,2926707,761,3618072344278387,3618072344278443
"HIP_RUNTIME_API_EXT","hipGetDevice",2926707,2926707,762,3618072344278926,3618072344278982
"HIP_RUNTIME_API_EXT","hipGetDevicePropertiesR0600",2926707,2926707,763,3618072344279286,3618072344279446
"HIP_RUNTIME_API_EXT","hipGetDevice",2926707,2926707,764,3618072344279799,3618072344279845
"HIP_RUNTIME_API_EXT","hipGetDevicePropertiesR0600",2926707,2926707,765,3618072344280153,3618072344280266
"HIP_RUNTIME_API_EXT","hipGetDevice",2926707,2926707,766,3618072344280797,3618072344280849
"HIP_RUNTIME_API_EXT","hipGetDevicePropertiesR0600",2926707,2926707,767,3618072344281146,3618072344281277
"HIP_RUNTIME_API_EXT","hipGetDevice",2926707,2926707,768,3618072344281614,3618072344281662
"HIP_RUNTIME_API_EXT","hipGetDevicePropertiesR0600",2926707,2926707,769,3618072344282182,3618072344282286
"HIP_RUNTIME_API_EXT","hipExtModuleLaunchKernel",2926707,2926707,770,3618072344288372,3618072344293101
"HIP_RUNTIME_API_EXT","hipSetDevice",2926707,2926707,771,3618072344295807,3618072344295874
"HIP_RUNTIME_API_EXT","hipSetDevice",2926707,2926707,772,3618072344301253,3618072344301318
"HIP_RUNTIME_API_EXT","hipSetDevice",2926707,2926707,773,3618072344301799,3618072344301851
"HIP_RUNTIME_API_EXT","hipSetDevice",2926707,2926707,774,3618072344302206,3618072344302258
"HIP_RUNTIME_API_EXT","hipGetDevice",2926707,2926707,775,3618072344302734,3618072344302786
"HIP_RUNTIME_API_EXT","hipGetDevicePropertiesR0600",2926707,2926707,776,3618072344303145,3618072344303318
"HIP_RUNTIME_API_EXT","hipGetDevice",2926707,2926707,777,3618072344303673,3618072344303722
"HIP_RUNTIME_API_EXT","hipGetDevicePropertiesR0600",2926707,2926707,778,3618072344304056,3618072344304158
"HIP_RUNTIME_API_EXT","hipGetDevice",2926707,2926707,779,3618072344305026,3618072344305073
"HIP_RUNTIME_API_EXT","hipGetDevicePropertiesR0600",2926707,2926707,780,3618072344305427,3618072344305547
"HIP_RUNTIME_API_EXT","hipGetDevice",2926707,2926707,781,3618072344306890,3618072344307152
"HIP_RUNTIME_API_EXT","hipGetDevicePropertiesR0600",2926707,2926707,782,3618072344307450,3618072344307551
"HIP_RUNTIME_API_EXT","hipExtModuleLaunchKernel",2926707,2926707,783,3618072344311570,3618072344317831
"HIP_RUNTIME_API_EXT","hipSetDevice",2926707,2926707,784,3618072344321593,3618072344321660
"HIP_RUNTIME_API_EXT","hipSetDevice",2926707,2926707,785,3618072344326247,3618072344326303
"HIP_RUNTIME_API_EXT","hipSetDevice",2926707,2926707,786,3618072344326627,3618072344326680
"HIP_RUNTIME_API_EXT","hipSetDevice",2926707,2926707,787,3618072344327040,3618072344327094
"HIP_RUNTIME_API_EXT","hipGetDevice",2926707,2926707,788,3618072344327567,3618072344327618
"HIP_RUNTIME_API_EXT","hipGetDevicePropertiesR0600",2926707,2926707,789,3618072344327915,3618072344328076
"HIP_RUNTIME_API_EXT","hipGetDevice",2926707,2926707,790,3618072344328455,3618072344328506
"HIP_RUNTIME_API_EXT","hipGetDevicePropertiesR0600",2926707,2926707,791,3618072344328840,3618072344328952
"HIP_RUNTIME_API_EXT","hipGetDevice",2926707,2926707,792,3618072344329427,3618072344329474
"HIP_RUNTIME_API_EXT","hipGetDevicePropertiesR0600",2926707,2926707,793,3618072344329781,3618072344329902
"HIP_RUNTIME_API_EXT","hipGetDevice",2926707,2926707,794,3618072344330249,3618072344330297
"HIP_RUNTIME_API_EXT","hipGetDevicePropertiesR0600",2926707,2926707,795,3618072344330789,3618072344330906
"HIP_RUNTIME_API_EXT","hipExtModuleLaunchKernel",2926707,2926707,796,3618072344335724,3618072344341243
"HIP_RUNTIME_API_EXT","hipSetDevice",2926707,2926707,797,3618072344344668,3618072344344738
"HIP_RUNTIME_API_EXT","hipSetDevice",2926707,2926707,798,3618072344350354,3618072344350416
"HIP_RUNTIME_API_EXT","hipSetDevice",2926707,2926707,799,3618072344350741,3618072344350794
"HIP_RUNTIME_API_EXT","hipSetDevice",2926707,2926707,800,3618072344351132,3618072344351185
"HIP_RUNTIME_API_EXT","hipGetDevice",2926707,2926707,801,3618072344351649,3618072344351705
"HIP_RUNTIME_API_EXT","hipGetDevicePropertiesR0600",2926707,2926707,802,3618072344352024,3618072344352215
"HIP_RUNTIME_API_EXT","hipGetDevice",2926707,2926707,803,3618072344352556,3618072344352603
"HIP_RUNTIME_API_EXT","hipGetDevicePropertiesR0600",2926707,2926707,804,3618072344352920,3618072344353051
"HIP_RUNTIME_API_EXT","hipGetDevice",2926707,2926707,805,3618072344353519,3618072344353566
"HIP_RUNTIME_API_EXT","hipGetDevicePropertiesR0600",2926707,2926707,806,3618072344353867,3618072344353998
"HIP_RUNTIME_API_EXT","hipGetDevice",2926707,2926707,807,3618072344354341,3618072344354390
"HIP_RUNTIME_API_EXT","hipGetDevicePropertiesR0600",2926707,2926707,808,3618072344354685,3618072344354792
"HIP_RUNTIME_API_EXT","hipExtModuleLaunchKernel",2926707,2926707,809,3618072344359480,3618072344364196
"HIP_RUNTIME_API_EXT","hipSetDevice",2926707,2926707,810,3618072344367519,3618072344367589
"HIP_RUNTIME_API_EXT","hipSetDevice",2926707,2926707,811,3618072344375050,3618072344375114
"HIP_RUNTIME_API_EXT","hipSetDevice",2926707,2926707,812,3618072344375452,3618072344375506
"HIP_RUNTIME_API_EXT","hipSetDevice",2926707,2926707,813,3618072344376621,3618072344376673
"HIP_RUNTIME_API_EXT","hipGetDevice",2926707,2926707,814,3618072344377309,3618072344377366
"HIP_RUNTIME_API_EXT","hipGetDevicePropertiesR0600",2926707,2926707,815,3618072344377866,3618072344378039
"HIP_RUNTIME_API_EXT","hipGetDevice",2926707,2926707,816,3618072344378575,3618072344378624
"HIP_RUNTIME_API_EXT","hipGetDevicePropertiesR0600",2926707,2926707,817,3618072344379181,3618072344379284
"HIP_RUNTIME_API_EXT","hipGetDevice",2926707,2926707,818,3618072344379769,3618072344379816
"HIP_RUNTIME_API_EXT","hipGetDevicePropertiesR0600",2926707,2926707,819,3618072344380539,3618072344380659
"HIP_RUNTIME_API_EXT","hipGetDevice",2926707,2926707,820,3618072344381168,3618072344381219
"HIP_RUNTIME_API_EXT","hipGetDevicePropertiesR0600",2926707,2926707,821,3618072344381520,3618072344381625
"HIP_RUNTIME_API_EXT","hipExtModuleLaunchKernel",2926707,2926707,822,3618072344387432,3618072344393246
"HIP_RUNTIME_API_EXT","hipSetDevice",2926707,2926707,823,3618072344396186,3618072344396256
"HIP_RUNTIME_API_EXT","hipSetDevice",2926707,2926707,824,3618072344404313,3618072344404372
"HIP_RUNTIME_API_EXT","hipSetDevice",2926707,2926707,825,3618072344405231,3618072344405284
"HIP_RUNTIME_API_EXT","hipSetDevice",2926707,2926707,826,3618072344405693,3618072344405747
"HIP_RUNTIME_API_EXT","hipGetDevice",2926707,2926707,827,3618072344406209,3618072344406260
"HIP_RUNTIME_API_EXT","hipGetDevicePropertiesR0600",2926707,2926707,828,3618072344406568,3618072344406735
"HIP_RUNTIME_API_EXT","hipGetDevice",2926707,2926707,829,3618072344407088,3618072344407139
"HIP_RUNTIME_API_EXT","hipGetDevicePropertiesR0600",2926707,2926707,830,3618072344407433,3618072344407539
"HIP_RUNTIME_API_EXT","hipGetDevice",2926707,2926707,831,3618072344408439,3618072344408486
"HIP_RUNTIME_API_EXT","hipGetDevicePropertiesR0600",2926707,2926707,832,3618072344408793,3618072344408906
"HIP_RUNTIME_API_EXT","hipGetDevice",2926707,2926707,833,3618072344409539,3618072344409585
"HIP_RUNTIME_API_EXT","hipGetDevicePropertiesR0600",2926707,2926707,834,3618072344410057,3618072344410399
"HIP_RUNTIME_API_EXT","hipExtModuleLaunchKernel",2926707,2926707,835,3618072344414403,3618072344419660
"HIP_RUNTIME_API_EXT","hipSetDevice",2926707,2926707,836,3618072344422431,3618072344422501
"HIP_RUNTIME_API_EXT","hipSetDevice",2926707,2926707,837,3618072344427851,3618072344427910
"HIP_RUNTIME_API_EXT","hipSetDevice",2926707,2926707,838,3618072344428223,3618072344428274
"HIP_RUNTIME_API_EXT","hipSetDevice",2926707,2926707,839,3618072344428596,3618072344428651
"HIP_RUNTIME_API_EXT","hipGetDevice",2926707,2926707,840,3618072344429206,3618072344429263
"HIP_RUNTIME_API_EXT","hipGetDevicePropertiesR0600",2926707,2926707,841,3618072344429572,3618072344429734
"HIP_RUNTIME_API_EXT","hipGetDevice",2926707,2926707,842,3618072344430132,3618072344430181
"HIP_RUNTIME_API_EXT","hipGetDevicePropertiesR0600",2926707,2926707,843,3618072344430660,3618072344430776
"HIP_RUNTIME_API_EXT","hipGetDevice",2926707,2926707,844,3618072344431231,3618072344431278
"HIP_RUNTIME_API_EXT","hipGetDevicePropertiesR0600",2926707,2926707,845,3618072344431732,3618072344431854
"HIP_RUNTIME_API_EXT","hipGetDevice",2926707,2926707,846,3618072344432191,3618072344432239
"HIP_RUNTIME_API_EXT","hipGetDevicePropertiesR0600",2926707,2926707,847,3618072344432534,3618072344432638
"HIP_RUNTIME_API_EXT","hipExtModuleLaunchKernel",2926707,2926707,848,3618072344436173,3618072344440777
"HIP_RUNTIME_API_EXT","hipSetDevice",2926707,2926707,849,3618072344443992,3618072344444063
"HIP_RUNTIME_API_EXT","hipSetDevice",2926707,2926707,850,3618072344448239,3618072344448295
"HIP_RUNTIME_API_EXT","hipSetDevice",2926707,2926707,851,3618072344448607,3618072344448659
"HIP_RUNTIME_API_EXT","hipSetDevice",2926707,2926707,852,3618072344452666,3618072344452719
"HIP_RUNTIME_API_EXT","hipGetDevice",2926707,2926707,853,3618072344453276,3618072344453332
"HIP_RUNTIME_API_EXT","hipGetDevicePropertiesR0600",2926707,2926707,854,3618072344453635,3618072344453804
"HIP_RUNTIME_API_EXT","hipGetDevice",2926707,2926707,855,3618072344454165,3618072344454215
"HIP_RUNTIME_API_EXT","hipGetDevicePropertiesR0600",2926707,2926707,856,3618072344454507,3618072344454624
"HIP_RUNTIME_API_EXT","hipGetDevice",2926707,2926707,857,3618072344455072,3618072344455118
"HIP_RUNTIME_API_EXT","hipGetDevicePropertiesR0600",2926707,2926707,858,3618072344455412,3618072344455534
"HIP_RUNTIME_API_EXT","hipGetDevice",2926707,2926707,859,3618072344455898,3618072344455944
"HIP_RUNTIME_API_EXT","hipGetDevicePropertiesR0600",2926707,2926707,860,3618072344456299,3618072344456403
"HIP_RUNTIME_API_EXT","hipExtModuleLaunchKernel",2926707,2926707,861,3618072344461015,3618072344465834
"HIP_RUNTIME_API_EXT","hipSetDevice",2926707,2926707,862,3618072344468663,3618072344468728
"HIP_RUNTIME_API_EXT","hipSetDevice",2926707,2926707,863,3618072344473036,3618072344473089
"HIP_RUNTIME_API_EXT","hipSetDevice",2926707,2926707,864,3618072344473393,3618072344473445
"HIP_RUNTIME_API_EXT","hipSetDevice",2926707,2926707,865,3618072344473780,3618072344473834
"HIP_RUNTIME_API_EXT","hipGetDevice",2926707,2926707,866,3618072344474509,3618072344474559
"HIP_RUNTIME_API_EXT","hipGetDevicePropertiesR0600",2926707,2926707,867,3618072344474867,3618072344475019
"HIP_RUNTIME_API_EXT","hipGetDevice",2926707,2926707,868,3618072344475379,3618072344475430
"HIP_RUNTIME_API_EXT","hipGetDevicePropertiesR0600",2926707,2926707,869,3618072344475732,3618072344475842
"HIP_RUNTIME_API_EXT","hipGetDevice",2926707,2926707,870,3618072344476301,3618072344476349
"HIP_RUNTIME_API_EXT","hipGetDevicePropertiesR0600",2926707,2926707,871,3618072344476654,3618072344476768
"HIP_RUNTIME_API_EXT","hipGetDevice",2926707,2926707,872,3618072344477107,3618072344477157
"HIP_RUNTIME_API_EXT","hipGetDevicePropertiesR0600",2926707,2926707,873,3618072344477458,3618072344477578
"HIP_RUNTIME_API_EXT","hipExtModuleLaunchKernel",2926707,2926707,874,3618072344481418,3618072344485499
"HIP_RUNTIME_API_EXT","hipSetDevice",2926707,2926707,875,3618072344488933,3618072344488998
"HIP_RUNTIME_API_EXT","hipSetDevice",2926707,2926707,876,3618072344493803,3618072344493866
"HIP_RUNTIME_API_EXT","hipSetDevice",2926707,2926707,877,3618072344494196,3618072344494247
"HIP_RUNTIME_API_EXT","hipSetDevice",2926707,2926707,878,3618072344494651,3618072344494704
"HIP_RUNTIME_API_EXT","hipGetDevice",2926707,2926707,879,3618072344495201,3618072344495258
"HIP_RUNTIME_API_EXT","hipGetDevicePropertiesR0600",2926707,2926707,880,3618072344495606,3618072344495757
"HIP_RUNTIME_API_EXT","hipGetDevice",2926707,2926707,881,3618072344496184,3618072344496231
"HIP_RUNTIME_API_EXT","hipGetDevicePropertiesR0600",2926707,2926707,882,3618072344496544,3618072344496649
"HIP_RUNTIME_API_EXT","hipGetDevice",2926707,2926707,883,3618072344497065,3618072344497112
"HIP_RUNTIME_API_EXT","hipGetDevicePropertiesR0600",2926707,2926707,884,3618072344497417,3618072344497537
"HIP_RUNTIME_API_EXT","hipGetDevice",2926707,2926707,885,3618072344497878,3618072344497924
"HIP_RUNTIME_API_EXT","hipGetDevicePropertiesR0600",2926707,2926707,886,3618072344498251,3618072344498354
"HIP_RUNTIME_API_EXT","hipExtModuleLaunchKernel",2926707,2926707,887,3618072344502024,3618072344507030
"HIP_RUNTIME_API_EXT","hipSetDevice",2926707,2926707,888,3618072344510158,3618072344510224
"HIP_RUNTIME_API_EXT","hipSetDevice",2926707,2926707,889,3618072344514677,3618072344514743
"HIP_RUNTIME_API_EXT","hipSetDevice",2926707,2926707,890,3618072344515264,3618072344515318
"HIP_RUNTIME_API_EXT","hipSetDevice",2926707,2926707,891,3618072344515705,3618072344515756
"HIP_RUNTIME_API_EXT","hipGetDevice",2926707,2926707,892,3618072344516231,3618072344516287
"HIP_RUNTIME_API_EXT","hipGetDevicePropertiesR0600",2926707,2926707,893,3618072344516619,3618072344516785
"HIP_RUNTIME_API_EXT","hipGetDevice",2926707,2926707,894,3618072344517161,3618072344517209
"HIP_RUNTIME_API_EXT","hipGetDevicePropertiesR0600",2926707,2926707,895,3618072344517509,3618072344517614
"HIP_RUNTIME_API_EXT","hipGetDevice",2926707,2926707,896,3618072344518062,3618072344518109
"HIP_RUNTIME_API_EXT","hipGetDevicePropertiesR0600",2926707,2926707,897,3618072344518495,3618072344518615
"HIP_RUNTIME_API_EXT","hipGetDevice",2926707,2926707,898,3618072344518958,3618072344519004
"HIP_RUNTIME_API_EXT","hipGetDevicePropertiesR0600",2926707,2926707,899,3618072344519306,3618072344519409
"HIP_RUNTIME_API_EXT","hipExtModuleLaunchKernel",2926707,2926707,900,3618072344525281,3618072344530927
"HIP_RUNTIME_API_EXT","hipSetDevice",2926707,2926707,901,3618072344533418,3618072344533479
"HIP_RUNTIME_API_EXT","hipSetDevice",2926707,2926707,902,3618072344538616,3618072344538672
"HIP_RUNTIME_API_EXT","hipSetDevice",2926707,2926707,903,3618072344538990,3618072344539043
"HIP_RUNTIME_API_EXT","hipSetDevice",2926707,2926707,904,3618072344539438,3618072344539491
"HIP_RUNTIME_API_EXT","hipGetDevice",2926707,2926707,905,3618072344539963,3618072344540014
"HIP_RUNTIME_API_EXT","hipGetDevicePropertiesR0600",2926707,2926707,906,3618072344540327,3618072344540494
"HIP_RUNTIME_API_EXT","hipGetDevice",2926707,2926707,907,3618072344540851,3618072344540899
"HIP_RUNTIME_API_EXT","hipGetDevicePropertiesR0600",2926707,2926707,908,3618072344541369,3618072344541474
"HIP_RUNTIME_API_EXT","hipGetDevice",2926707,2926707,909,3618072344541895,3618072344541942
"HIP_RUNTIME_API_EXT","hipGetDevicePropertiesR0600",2926707,2926707,910,3618072344542270,3618072344542386
"HIP_RUNTIME_API_EXT","hipGetDevice",2926707,2926707,911,3618072344542773,3618072344542823
"HIP_RUNTIME_API_EXT","hipGetDevicePropertiesR0600",2926707,2926707,912,3618072344543145,3618072344543252
"HIP_RUNTIME_API_EXT","hipExtModuleLaunchKernel",2926707,2926707,913,3618072344547063,3618072344551775
"HIP_RUNTIME_API_EXT","hipSetDevice",2926707,2926707,914,3618072344555223,3618072344555290
"HIP_RUNTIME_API_EXT","hipSetDevice",2926707,2926707,915,3618072344559264,3618072344559330
"HIP_RUNTIME_API_EXT","hipSetDevice",2926707,2926707,916,3618072344559628,3618072344559680
"HIP_RUNTIME_API_EXT","hipSetDevice",2926707,2926707,917,3618072344560062,3618072344560114
"HIP_RUNTIME_API_EXT","hipGetDevice",2926707,2926707,918,3618072344560630,3618072344560678
"HIP_RUNTIME_API_EXT","hipGetDevicePropertiesR0600",2926707,2926707,919,3618072344560987,3618072344561156
"HIP_RUNTIME_API_EXT","hipGetDevice",2926707,2926707,920,3618072344561538,3618072344561586
"HIP_RUNTIME_API_EXT","hipGetDevicePropertiesR0600",2926707,2926707,921,3618072344561886,3618072344561990
"HIP_RUNTIME_API_EXT","hipGetDevice",2926707,2926707,922,3618072344562436,3618072344562485
"HIP_RUNTIME_API_EXT","hipGetDevicePropertiesR0600",2926707,2926707,923,3618072344562825,3618072344562971
"HIP_RUNTIME_API_EXT","hipGetDevice",2926707,2926707,924,3618072344563381,3618072344563430
"HIP_RUNTIME_API_EXT","hipGetDevicePropertiesR0600",2926707,2926707,925,3618072344563734,3618072344563840
"HIP_RUNTIME_API_EXT","hipExtModuleLaunchKernel",2926707,2926707,926,3618072344567048,3618072344571476
"HIP_RUNTIME_API_EXT","hipSetDevice",2926707,2926707,927,3618072344574364,3618072344574432
"HIP_RUNTIME_API_EXT","hipSetDevice",2926707,2926707,928,3618072344578986,3618072344579041
"HIP_RUNTIME_API_EXT","hipSetDevice",2926707,2926707,929,3618072344579352,3618072344579406
"HIP_RUNTIME_API_EXT","hipSetDevice",2926707,2926707,930,3618072344579794,3618072344579848
"HIP_RUNTIME_API_EXT","hipGetDevice",2926707,2926707,931,3618072344580322,3618072344580370
"HIP_RUNTIME_API_EXT","hipGetDevicePropertiesR0600",2926707,2926707,932,3618072344580723,3618072344580879
"HIP_RUNTIME_API_EXT","hipGetDevice",2926707,2926707,933,3618072344581270,3618072344581321
"HIP_RUNTIME_API_EXT","hipGetDevicePropertiesR0600",2926707,2926707,934,3618072344581624,3618072344581730
"HIP_RUNTIME_API_EXT","hipGetDevice",2926707,2926707,935,3618072344582157,3618072344582203
"HIP_RUNTIME_API_EXT","hipGetDevicePropertiesR0600",2926707,2926707,936,3618072344582681,3618072344582797
"HIP_RUNTIME_API_EXT","hipGetDevice",2926707,2926707,937,3618072344583355,3618072344583404
"HIP_RUNTIME_API_EXT","hipGetDevicePropertiesR0600",2926707,2926707,938,3618072344583717,3618072344583821
"HIP_RUNTIME_API_EXT","hipExtModuleLaunchKernel",2926707,2926707,939,3618072344625151,3618072344630852
"HIP_RUNTIME_API_EXT","hipSetDevice",2926707,2926707,940,3618072344635071,3618072344635168
"HIP_RUNTIME_API_EXT","hipSetDevice",2926707,2926707,941,3618072344641391,3618072344641457
"HIP_RUNTIME_API_EXT","hipSetDevice",2926707,2926707,942,3618072344641817,3618072344641869
"HIP_RUNTIME_API_EXT","hipSetDevice",2926707,2926707,943,3618072344642400,3618072344642634
"HIP_RUNTIME_API_EXT","hipGetDevice",2926707,2926707,944,3618072344643252,3618072344643369
"HIP_RUNTIME_API_EXT","hipGetDevicePropertiesR0600",2926707,2926707,945,3618072344643897,3618072344644081
"HIP_RUNTIME_API_EXT","hipGetDevice",2926707,2926707,946,3618072344644644,3618072344644693
"HIP_RUNTIME_API_EXT","hipGetDevicePropertiesR0600",2926707,2926707,947,3618072344645156,3618072344645282
"HIP_RUNTIME_API_EXT","hipGetDevice",2926707,2926707,948,3618072344645921,3618072344645969
"HIP_RUNTIME_API_EXT","hipGetDevicePropertiesR0600",2926707,2926707,949,3618072344646289,3618072344646409
"HIP_RUNTIME_API_EXT","hipGetDevice",2926707,2926707,950,3618072344646813,3618072344646862
"HIP_RUNTIME_API_EXT","hipGetDevicePropertiesR0600",2926707,2926707,951,3618072344647173,3618072344647296
"HIP_RUNTIME_API_EXT","hipExtModuleLaunchKernel",2926707,2926707,952,3618072344651391,3618072344656378
"HIP_RUNTIME_API_EXT","hipSetDevice",2926707,2926707,953,3618072344659262,3618072344659328
"HIP_RUNTIME_API_EXT","hipSetDevice",2926707,2926707,954,3618072344663463,3618072344663523
"HIP_RUNTIME_API_EXT","hipSetDevice",2926707,2926707,955,3618072344663856,3618072344663910
"HIP_RUNTIME_API_EXT","hipSetDevice",2926707,2926707,956,3618072344664268,3618072344664322
"HIP_RUNTIME_API_EXT","hipGetDevice",2926707,2926707,957,3618072344665051,3618072344665103
"HIP_RUNTIME_API_EXT","hipGetDevicePropertiesR0600",2926707,2926707,958,3618072344665445,3618072344665602
"HIP_RUNTIME_API_EXT","hipGetDevice",2926707,2926707,959,3618072344665953,3618072344665998
"HIP_RUNTIME_API_EXT","hipGetDevicePropertiesR0600",2926707,2926707,960,3618072344666464,3618072344666580
"HIP_RUNTIME_API_EXT","hipGetDevice",2926707,2926707,961,3618072344667375,3618072344667423
"HIP_RUNTIME_API_EXT","hipGetDevicePropertiesR0600",2926707,2926707,962,3618072344667906,3618072344668028
"HIP_RUNTIME_API_EXT","hipGetDevice",2926707,2926707,963,3618072344668573,3618072344668622
"HIP_RUNTIME_API_EXT","hipGetDevicePropertiesR0600",2926707,2926707,964,3618072344668921,3618072344669033
"HIP_RUNTIME_API_EXT","hipExtModuleLaunchKernel",2926707,2926707,965,3618072344672521,3618072344677551
"HIP_RUNTIME_API_EXT","hipSetDevice",2926707,2926707,966,3618072344680217,3618072344680283
"HIP_RUNTIME_API_EXT","hipSetDevice",2926707,2926707,967,3618072344684118,3618072344684178
"HIP_RUNTIME_API_EXT","hipSetDevice",2926707,2926707,968,3618072344684473,3618072344684528
"HIP_RUNTIME_API_EXT","hipSetDevice",2926707,2926707,969,3618072344685066,3618072344685119
"HIP_RUNTIME_API_EXT","hipGetDevice",2926707,2926707,970,3618072344685584,3618072344685640
"HIP_RUNTIME_API_EXT","hipGetDevicePropertiesR0600",2926707,2926707,971,3618072344685956,3618072344686110
"HIP_RUNTIME_API_EXT","hipGetDevice",2926707,2926707,972,3618072344686473,3618072344686518
"HIP_RUNTIME_API_EXT","hipGetDevicePropertiesR0600",2926707,2926707,973,3618072344687006,3618072344687122
"HIP_RUNTIME_API_EXT","hipGetDevice",2926707,2926707,974,3618072344687556,3618072344687601
"HIP_RUNTIME_API_EXT","hipGetDevicePropertiesR0600",2926707,2926707,975,3618072344687900,3618072344688012
"HIP_RUNTIME_API_EXT","hipGetDevice",2926707,2926707,976,3618072344688375,3618072344688424
"HIP_RUNTIME_API_EXT","hipGetDevicePropertiesR0600",2926707,2926707,977,3618072344688769,3618072344688875
"HIP_RUNTIME_API_EXT","hipExtModuleLaunchKernel",2926707,2926707,978,3618072344692127,3618072344696756
"HIP_RUNTIME_API_EXT","hipSetDevice",2926707,2926707,979,3618072344699590,3618072344699659
"HIP_RUNTIME_API_EXT","hipSetDevice",2926707,2926707,980,3618072344706459,3618072344706524
"HIP_RUNTIME_API_EXT","hipSetDevice",2926707,2926707,981,3618072344706851,3618072344706903
"HIP_RUNTIME_API_EXT","hipSetDevice",2926707,2926707,982,3618072344707237,3618072344707287
"HIP_RUNTIME_API_EXT","hipGetDevice",2926707,2926707,983,3618072344708003,3618072344708056
"HIP_RUNTIME_API_EXT","hipGetDevicePropertiesR0600",2926707,2926707,984,3618072344708594,3618072344708774
"HIP_RUNTIME_API_EXT","hipGetDevice",2926707,2926707,985,3618072344709375,3618072344709424
"HIP_RUNTIME_API_EXT","hipGetDevicePropertiesR0600",2926707,2926707,986,3618072344710044,3618072344710146
"HIP_RUNTIME_API_EXT","hipGetDevice",2926707,2926707,987,3618072344710596,3618072344710644
"HIP_RUNTIME_API_EXT","hipGetDevicePropertiesR0600",2926707,2926707,988,3618072344711057,3618072344711176
"HIP_RUNTIME_API_EXT","hipGetDevice",2926707,2926707,989,3618072344711559,3618072344711609
"HIP_RUNTIME_API_EXT","hipGetDevicePropertiesR0600",2926707,2926707,990,3618072344711931,3618072344712038
"HIP_RUNTIME_API_EXT","hipExtModuleLaunchKernel",2926707,2926707,991,3618072344716360,3618072344720687
"HIP_RUNTIME_API_EXT","hipSetDevice",2926707,2926707,992,3618072344724327,3618072344724396
"HIP_RUNTIME_API_EXT","hipSetDevice",2926707,2926707,993,3618072344734362,3618072344734432
"HIP_RUNTIME_API_EXT","hipSetDevice",2926707,2926707,994,3618072344734743,3618072344734795
"HIP_RUNTIME_API_EXT","hipSetDevice",2926707,2926707,995,3618072344735329,3618072344735568
"HIP_RUNTIME_API_EXT","hipGetDevice",2926707,2926707,996,3618072344736043,3618072344736101
"HIP_RUNTIME_API_EXT","hipGetDevicePropertiesR0600",2926707,2926707,997,3618072344736428,3618072344736597
"HIP_RUNTIME_API_EXT","hipGetDevice",2926707,2926707,998,3618072344736987,3618072344737035
"HIP_RUNTIME_API_EXT","hipGetDevicePropertiesR0600",2926707,2926707,999,3618072344737333,3618072344737439
"HIP_RUNTIME_API_EXT","hipGetDevice",2926707,2926707,1000,3618072344737862,3618072344737913
"HIP_RUNTIME_API_EXT","hipGetDevicePropertiesR0600",2926707,2926707,1001,3618072344738219,3618072344738342
"HIP_RUNTIME_API_EXT","hipGetDevice",2926707,2926707,1002,3618072344738707,3618072344738755
"HIP_RUNTIME_API_EXT","hipGetDevicePropertiesR0600",2926707,2926707,1003,3618072344739052,3618072344739158
"HIP_RUNTIME_API_EXT","hipExtModuleLaunchKernel",2926707,2926707,1004,3618072344743285,3618072344749108
"HIP_RUNTIME_API_EXT","hipSetDevice",2926707,2926707,1005,3618072344752472,3618072344752535
"HIP_RUNTIME_API_EXT","hipSetDevice",2926707,2926707,1006,3618072344759968,3618072344760028
"HIP_RUNTIME_API_EXT","hipSetDevice",2926707,2926707,1007,3618072344760539,3618072344760591
"HIP_RUNTIME_API_EXT","hipSetDevice",2926707,2926707,1008,3618072344761117,3618072344761169
"HIP_RUNTIME_API_EXT","hipGetDevice",2926707,2926707,1009,3618072344761847,3618072344761897
"HIP_RUNTIME_API_EXT","hipGetDevicePropertiesR0600",2926707,2926707,1010,3618072344762368,3618072344762542
"HIP_RUNTIME_API_EXT","hipGetDevice",2926707,2926707,1011,3618072344762903,3618072344762951
"HIP_RUNTIME_API_EXT","hipGetDevicePropertiesR0600",2926707,2926707,1012,3618072344763250,3618072344763355
"HIP_RUNTIME_API_EXT","hipGetDevice",2926707,2926707,1013,3618072344763791,3618072344763840
"HIP_RUNTIME_API_EXT","hipGetDevicePropertiesR0600",2926707,2926707,1014,3618072344764139,3618072344764264
"HIP_RUNTIME_API_EXT","hipGetDevice",2926707,2926707,1015,3618072344764599,3618072344764647
"HIP_RUNTIME_API_EXT","hipGetDevicePropertiesR0600",2926707,2926707,1016,3618072344764946,3618072344765049
"HIP_RUNTIME_API_EXT","hipExtModuleLaunchKernel",2926707,2926707,1017,3618072344769199,3618072344773896
"HIP_RUNTIME_API_EXT","hipSetDevice",2926707,2926707,1018,3618072344778620,3618072344778690
"HIP_RUNTIME_API_EXT","hipSetDevice",2926707,2926707,1019,3618072344785814,3618072344785879
"HIP_RUNTIME_API_EXT","hipSetDevice",2926707,2926707,1020,3618072344786193,3618072344786242
"HIP_RUNTIME_API_EXT","hipSetDevice",2926707,2926707,1021,3618072344786554,3618072344786606
"HIP_RUNTIME_API_EXT","hipGetDevice",2926707,2926707,1022,3618072344787071,3618072344787124
"HIP_RUNTIME_API_EXT","hipGetDevicePropertiesR0600",2926707,2926707,1023,3618072344787456,3618072344787620
"HIP_RUNTIME_API_EXT","hipGetDevice",2926707,2926707,1024,3618072344788007,3618072344788056
"HIP_RUNTIME_API_EXT","hipGetDevicePropertiesR0600",2926707,2926707,1025,3618072344788490,3618072344788598
"HIP_RUNTIME_API_EXT","hipGetDevice",2926707,2926707,1026,3618072344789048,3618072344789098
"HIP_RUNTIME_API_EXT","hipGetDevicePropertiesR0600",2926707,2926707,1027,3618072344789407,3618072344789524
"HIP_RUNTIME_API_EXT","hipGetDevice",2926707,2926707,1028,3618072344789861,3618072344789908
"HIP_RUNTIME_API_EXT","hipGetDevicePropertiesR0600",2926707,2926707,1029,3618072344790575,3618072344790689
"HIP_RUNTIME_API_EXT","hipExtModuleLaunchKernel",2926707,2926707,1030,3618072344795317,3618072344800703
"HIP_RUNTIME_API_EXT","hipSetDevice",2926707,2926707,1031,3618072344804744,3618072344804828
"HIP_RUNTIME_API_EXT","hipSetDevice",2926707,2926707,1032,3618072344808920,3618072344808983
"HIP_RUNTIME_API_EXT","hipSetDevice",2926707,2926707,1033,3618072344809287,3618072344809337
"HIP_RUNTIME_API_EXT","hipSetDevice",2926707,2926707,1034,3618072344809655,3618072344809708
"HIP_RUNTIME_API_EXT","hipGetDevice",2926707,2926707,1035,3618072344810194,3618072344810252
"HIP_RUNTIME_API_EXT","hipGetDevicePropertiesR0600",2926707,2926707,1036,3618072344810566,3618072344810751
"HIP_RUNTIME_API_EXT","hipGetDevice",2926707,2926707,1037,3618072344811134,3618072344811181
"HIP_RUNTIME_API_EXT","hipGetDevicePropertiesR0600",2926707,2926707,1038,3618072344811487,3618072344811601
"HIP_RUNTIME_API_EXT","hipGetDevice",2926707,2926707,1039,3618072344812001,3618072344812048
"HIP_RUNTIME_API_EXT","hipGetDevicePropertiesR0600",2926707,2926707,1040,3618072344812374,3618072344812498
"HIP_RUNTIME_API_EXT","hipGetDevice",2926707,2926707,1041,3618072344812875,3618072344812923
"HIP_RUNTIME_API_EXT","hipGetDevicePropertiesR0600",2926707,2926707,1042,3618072344813235,3618072344813336
"HIP_RUNTIME_API_EXT","hipExtModuleLaunchKernel",2926707,2926707,1043,3618072344816880,3618072344821860
"HIP_RUNTIME_API_EXT","hipSetDevice",2926707,2926707,1044,3618072344824920,3618072344824985
"HIP_RUNTIME_API_EXT","hipSetDevice",2926707,2926707,1045,3618072344829448,3618072344829514
"HIP_RUNTIME_API_EXT","hipSetDevice",2926707,2926707,1046,3618072344829831,3618072344829881
"HIP_RUNTIME_API_EXT","hipSetDevice",2926707,2926707,1047,3618072344830239,3618072344830292
"HIP_RUNTIME_API_EXT","hipGetDevice",2926707,2926707,1048,3618072344830770,3618072344830826
"HIP_RUNTIME_API_EXT","hipGetDevicePropertiesR0600",2926707,2926707,1049,3618072344831127,3618072344831287
"HIP_RUNTIME_API_EXT","hipGetDevice",2926707,2926707,1050,3618072344831671,3618072344831719
"HIP_RUNTIME_API_EXT","hipGetDevicePropertiesR0600",2926707,2926707,1051,3618072344832040,3618072344832143
"HIP_RUNTIME_API_EXT","hipGetDevice",2926707,2926707,1052,3618072344832582,3618072344832627
"HIP_RUNTIME_API_EXT","hipGetDevicePropertiesR0600",2926707,2926707,1053,3618072344836125,3618072344836262
"HIP_RUNTIME_API_EXT","hipGetDevice",2926707,2926707,1054,3618072344837153,3618072344837203
"HIP_RUNTIME_API_EXT","hipGetDevicePropertiesR0600",2926707,2926707,1055,3618072344837500,3618072344837605
"HIP_RUNTIME_API_EXT","hipExtModuleLaunchKernel",2926707,2926707,1056,3618072344841294,3618072344846315
"HIP_RUNTIME_API_EXT","hipSetDevice",2926707,2926707,1057,3618072344849031,3618072344849101
"HIP_RUNTIME_API_EXT","hipSetDevice",2926707,2926707,1058,3618072344906013,3618072344906076
"HIP_RUNTIME_API_EXT","hipSetDevice",2926707,2926707,1059,3618072344907393,3618072344907447
"HIP_RUNTIME_API_EXT","hipSetDevice",2926707,2926707,1060,3618072344909925,3618072344909999
"HIP_RUNTIME_API_EXT","hipGetDevice",2926707,2926707,1061,3618072344910488,3618072344910541
"HIP_RUNTIME_API_EXT","hipGetDevicePropertiesR0600",2926707,2926707,1062,3618072344910866,3618072344911049
"HIP_RUNTIME_API_EXT","hipGetDevice",2926707,2926707,1063,3618072344911623,3618072344911671
"HIP_RUNTIME_API_EXT","hipGetDevicePropertiesR0600",2926707,2926707,1064,3618072344911979,3618072344912099
"HIP_RUNTIME_API_EXT","hipGetDevice",2926707,2926707,1065,3618072344916361,3618072344916412
"HIP_RUNTIME_API_EXT","hipGetDevicePropertiesR0600",2926707,2926707,1066,3618072344917044,3618072344917196
"HIP_RUNTIME_API_EXT","hipGetDevice",2926707,2926707,1067,3618072344918150,3618072344918199
"HIP_RUNTIME_API_EXT","hipGetDevicePropertiesR0600",2926707,2926707,1068,3618072344918534,3618072344918636
"HIP_RUNTIME_API_EXT","hipExtModuleLaunchKernel",2926707,2926707,1069,3618072344940270,3618072344963270
"HIP_RUNTIME_API_EXT","hipSetDevice",2926707,2926707,1070,3618072344966942,3618072344967012
"HIP_RUNTIME_API_EXT","hipSetDevice",2926707,2926707,1071,3618072344975059,3618072344975127
"HIP_RUNTIME_API_EXT","hipSetDevice",2926707,2926707,1072,3618072344975840,3618072344975896
"HIP_RUNTIME_API_EXT","hipSetDevice",2926707,2926707,1073,3618072344976480,3618072344976533
"HIP_RUNTIME_API_EXT","hipGetDevice",2926707,2926707,1074,3618072344977167,3618072344977219
"HIP_RUNTIME_API_EXT","hipGetDevicePropertiesR0600",2926707,2926707,1075,3618072344977608,3618072344977794
"HIP_RUNTIME_API_EXT","hipGetDevice",2926707,2926707,1076,3618072344978200,3618072344978248
"HIP_RUNTIME_API_EXT","hipGetDevicePropertiesR0600",2926707,2926707,1077,3618072344978739,3618072344978842
"HIP_RUNTIME_API_EXT","hipGetDevice",2926707,2926707,1078,3618072344979670,3618072344979721
"HIP_RUNTIME_API_EXT","hipGetDevicePropertiesR0600",2926707,2926707,1079,3618072344980224,3618072344980340
"HIP_RUNTIME_API_EXT","hipGetDevice",2926707,2926707,1080,3618072344980887,3618072344980937
"HIP_RUNTIME_API_EXT","hipGetDevicePropertiesR0600",2926707,2926707,1081,3618072344981236,3618072344981341
"HIP_RUNTIME_API_EXT","hipExtModuleLaunchKernel",2926707,2926707,1082,3618072344986050,3618072344990714
"HIP_RUNTIME_API_EXT","hipSetDevice",2926707,2926707,1083,3618072344994327,3618072344994393
"HIP_RUNTIME_API_EXT","hipSetDevice",2926707,2926707,1084,3618072345003913,3618072345003968
"HIP_RUNTIME_API_EXT","hipSetDevice",2926707,2926707,1085,3618072345004324,3618072345004377
"HIP_RUNTIME_API_EXT","hipSetDevice",2926707,2926707,1086,3618072345004712,3618072345004766
"HIP_RUNTIME_API_EXT","hipGetDevice",2926707,2926707,1087,3618072345005247,3618072345005299
"HIP_RUNTIME_API_EXT","hipGetDevicePropertiesR0600",2926707,2926707,1088,3618072345005611,3618072345005772
"HIP_RUNTIME_API_EXT","hipGetDevice",2926707,2926707,1089,3618072345006475,3618072345006525
"HIP_RUNTIME_API_EXT","hipGetDevicePropertiesR0600",2926707,2926707,1090,3618072345006837,3618072345006951
"HIP_RUNTIME_API_EXT","hipGetDevice",2926707,2926707,1091,3618072345007438,3618072345007484
"HIP_RUNTIME_API_EXT","hipGetDevicePropertiesR0600",2926707,2926707,1092,3618072345007801,3618072345007920
"HIP_RUNTIME_API_EXT","hipGetDevice",2926707,2926707,1093,3618072345008281,3618072345008328
"HIP_RUNTIME_API_EXT","hipGetDevicePropertiesR0600",2926707,2926707,1094,3618072345008640,3618072345008746
"HIP_RUNTIME_API_EXT","hipExtModuleLaunchKernel",2926707,2926707,1095,3618072345014039,3618072345019170
"HIP_RUNTIME_API_EXT","hipSetDevice",2926707,2926707,1096,3618072345022272,3618072345022334
"HIP_RUNTIME_API_EXT","hipSetDevice",2926707,2926707,1097,3618072345032136,3618072345032201
"HIP_RUNTIME_API_EXT","hipSetDevice",2926707,2926707,1098,3618072345032707,3618072345032974
"HIP_RUNTIME_API_EXT","hipSetDevice",2926707,2926707,1099,3618072345033304,3618072345033356
"HIP_RUNTIME_API_EXT","hipGetDevice",2926707,2926707,1100,3618072345034030,3618072345034085
"HIP_RUNTIME_API_EXT","hipGetDevicePropertiesR0600",2926707,2926707,1101,3618072345034552,3618072345034723
"HIP_RUNTIME_API_EXT","hipGetDevice",2926707,2926707,1102,3618072345035271,3618072345035319
"HIP_RUNTIME_API_EXT","hipGetDevicePropertiesR0600",2926707,2926707,1103,3618072345035812,3618072345035917
"HIP_RUNTIME_API_EXT","hipGetDevice",2926707,2926707,1104,3618072345036593,3618072345036643
"HIP_RUNTIME_API_EXT","hipGetDevicePropertiesR0600",2926707,2926707,1105,3618072345036938,3618072345037053
"HIP_RUNTIME_API_EXT","hipGetDevice",2926707,2926707,1106,3618072345037386,3618072345037430
"HIP_RUNTIME_API_EXT","hipGetDevicePropertiesR0600",2926707,2926707,1107,3618072345037724,3618072345037827
"HIP_RUNTIME_API_EXT","hipExtModuleLaunchKernel",2926707,2926707,1108,3618072345043470,3618072345047938
"HIP_RUNTIME_API_EXT","hipSetDevice",2926707,2926707,1109,3618072345050657,3618072345050732
"HIP_RUNTIME_API_EXT","hipSetDevice",2926707,2926707,1110,3618072345060347,3618072345060403
"HIP_RUNTIME_API_EXT","hipSetDevice",2926707,2926707,1111,3618072345060865,3618072345061080
"HIP_RUNTIME_API_EXT","hipSetDevice",2926707,2926707,1112,3618072345061429,3618072345061483
"HIP_RUNTIME_API_EXT","hipGetDevice",2926707,2926707,1113,3618072345061957,3618072345062004
"HIP_RUNTIME_API_EXT","hipGetDevicePropertiesR0600",2926707,2926707,1114,3618072345062482,3618072345062878
"HIP_RUNTIME_API_EXT","hipGetDevice",2926707,2926707,1115,3618072345063214,3618072345063261
"HIP_RUNTIME_API_EXT","hipGetDevicePropertiesR0600",2926707,2926707,1116,3618072345063553,3618072345063656
"HIP_RUNTIME_API_EXT","hipGetDevice",2926707,2926707,1117,3618072345064864,3618072345064910
"HIP_RUNTIME_API_EXT","hipGetDevicePropertiesR0600",2926707,2926707,1118,3618072345065360,3618072345065689
"HIP_RUNTIME_API_EXT","hipGetDevice",2926707,2926707,1119,3618072345066763,3618072345067000
"HIP_RUNTIME_API_EXT","hipGetDevicePropertiesR0600",2926707,2926707,1120,3618072345067304,3618072345067435
"HIP_RUNTIME_API_EXT","hipExtModuleLaunchKernel",2926707,2926707,1121,3618072345071697,3618072345076970
"HIP_RUNTIME_API_EXT","hipSetDevice",2926707,2926707,1122,3618072345080423,3618072345080495
"HIP_RUNTIME_API_EXT","hipSetDevice",2926707,2926707,1123,3618072345087257,3618072345087313
"HIP_RUNTIME_API_EXT","hipSetDevice",2926707,2926707,1124,3618072345087858,3618072345087911
"HIP_RUNTIME_API_EXT","hipSetDevice",2926707,2926707,1125,3618072345088421,3618072345088475
"HIP_RUNTIME_API_EXT","hipGetDevice",2926707,2926707,1126,3618072345089137,3618072345089189
"HIP_RUNTIME_API_EXT","hipGetDevicePropertiesR0600",2926707,2926707,1127,3618072345089664,3618072345089866
"HIP_RUNTIME_API_EXT","hipGetDevice",2926707,2926707,1128,3618072345090236,3618072345090285
"HIP_RUNTIME_API_EXT","hipGetDevicePropertiesR0600",2926707,2926707,1129,3618072345090587,3618072345090715
"HIP_RUNTIME_API_EXT","hipGetDevice",2926707,2926707,1130,3618072345091167,3618072345091215
"HIP_RUNTIME_API_EXT","hipGetDevicePropertiesR0600",2926707,2926707,1131,3618072345091546,3618072345091673
"HIP_RUNTIME_API_EXT","hipGetDevice",2926707,2926707,1132,3618072345092065,3618072345092113
"HIP_RUNTIME_API_EXT","hipGetDevicePropertiesR0600",2926707,2926707,1133,3618072345092438,3618072345092549
"HIP_RUNTIME_API_EXT","hipExtModuleLaunchKernel",2926707,2926707,1134,3618072345097598,3618072345102768
"HIP_RUNTIME_API_EXT","hipSetDevice",2926707,2926707,1135,3618072345106538,3618072345106601
"HIP_RUNTIME_API_EXT","hipSetDevice",2926707,2926707,1136,3618072345115729,3618072345115791
"HIP_RUNTIME_API_EXT","hipSetDevice",2926707,2926707,1137,3618072345116115,3618072345116167
"HIP_RUNTIME_API_EXT","hipSetDevice",2926707,2926707,1138,3618072345116544,3618072345116596
"HIP_RUNTIME_API_EXT","hipGetDevice",2926707,2926707,1139,3618072345117063,3618072345117117
"HIP_RUNTIME_API_EXT","hipGetDevicePropertiesR0600",2926707,2926707,1140,3618072345117462,3618072345117636
"HIP_RUNTIME_API_EXT","hipGetDevice",2926707,2926707,1141,3618072345118006,3618072345118054
"HIP_RUNTIME_API_EXT","hipGetDevicePropertiesR0600",2926707,2926707,1142,3618072345118394,3618072345118500
"HIP_RUNTIME_API_EXT","hipGetDevice",2926707,2926707,1143,3618072345119054,3618072345119104
"HIP_RUNTIME_API_EXT","hipGetDevicePropertiesR0600",2926707,2926707,1144,3618072345119420,3618072345119542
"HIP_RUNTIME_API_EXT","hipGetDevice",2926707,2926707,1145,3618072345119888,3618072345119936
"HIP_RUNTIME_API_EXT","hipGetDevicePropertiesR0600",2926707,2926707,1146,3618072345120243,3618072345120376
"HIP_RUNTIME_API_EXT","hipExtModuleLaunchKernel",2926707,2926707,1147,3618072345125590,3618072345130831
"HIP_RUNTIME_API_EXT","hipSetDevice",2926707,2926707,1148,3618072345134397,3618072345134468
"HIP_RUNTIME_API_EXT","hipSetDevice",2926707,2926707,1149,3618072345152724,3618072345152879
"HIP_RUNTIME_API_EXT","hipSetDevice",2926707,2926707,1150,3618072345153257,3618072345153312
"HIP_RUNTIME_API_EXT","hipSetDevice",2926707,2926707,1151,3618072345153752,3618072345153808
"HIP_RUNTIME_API_EXT","hipGetDevice",2926707,2926707,1152,3618072345154550,3618072345154670
"HIP_RUNTIME_API_EXT","hipGetDevicePropertiesR0600",2926707,2926707,1153,3618072345155285,3618072345155602
"HIP_RUNTIME_API_EXT","hipGetDevice",2926707,2926707,1154,3618072345156056,3618072345156102
"HIP_RUNTIME_API_EXT","hipGetDevicePropertiesR0600",2926707,2926707,1155,3618072345156421,3618072345156524
"HIP_RUNTIME_API_EXT","hipGetDevice",2926707,2926707,1156,3618072345157372,3618072345157420
"HIP_RUNTIME_API_EXT","hipGetDevicePropertiesR0600",2926707,2926707,1157,3618072345157744,3618072345157864
"HIP_RUNTIME_API_EXT","hipGetDevice",2926707,2926707,1158,3618072345158216,3618072345158263
"HIP_RUNTIME_API_EXT","hipGetDevicePropertiesR0600",2926707,2926707,1159,3618072345158684,3618072345158957
"HIP_RUNTIME_API_EXT","hipExtModuleLaunchKernel",2926707,2926707,1160,3618072345163791,3618072345168837
"HIP_RUNTIME_API_EXT","hipSetDevice",2926707,2926707,1161,3618072345173108,3618072345173186
"HIP_RUNTIME_API_EXT","hipSetDevice",2926707,2926707,1162,3618072345182634,3618072345182951
"HIP_RUNTIME_API_EXT","hipSetDevice",2926707,2926707,1163,3618072345183524,3618072345183788
"HIP_RUNTIME_API_EXT","hipSetDevice",2926707,2926707,1164,3618072345184158,3618072345184211
"HIP_RUNTIME_API_EXT","hipGetDevice",2926707,2926707,1165,3618072345184682,3618072345184734
"HIP_RUNTIME_API_EXT","hipGetDevicePropertiesR0600",2926707,2926707,1166,3618072345185045,3618072345185209
"HIP_RUNTIME_API_EXT","hipGetDevice",2926707,2926707,1167,3618072345185589,3618072345185640
"HIP_RUNTIME_API_EXT","hipGetDevicePropertiesR0600",2926707,2926707,1168,3618072345186147,3618072345186483
"HIP_RUNTIME_API_EXT","hipGetDevice",2926707,2926707,1169,3618072345186971,3618072345187022
"HIP_RUNTIME_API_EXT","hipGetDevicePropertiesR0600",2926707,2926707,1170,3618072345187521,3618072345187633
"HIP_RUNTIME_API_EXT","hipGetDevice",2926707,2926707,1171,3618072345187998,3618072345188044
"HIP_RUNTIME_API_EXT","hipGetDevicePropertiesR0600",2926707,2926707,1172,3618072345188390,3618072345188493
"HIP_RUNTIME_API_EXT","hipExtModuleLaunchKernel",2926707,2926707,1173,3618072345192836,3618072345197206
"HIP_RUNTIME_API_EXT","hipSetDevice",2926707,2926707,1174,3618072345199976,3618072345200050
"HIP_RUNTIME_API_EXT","hipSetDevice",2926707,2926707,1175,3618072345205409,3618072345205471
"HIP_RUNTIME_API_EXT","hipSetDevice",2926707,2926707,1176,3618072345205812,3618072345205865
"HIP_RUNTIME_API_EXT","hipSetDevice",2926707,2926707,1177,3618072345206239,3618072345206295
"HIP_RUNTIME_API_EXT","hipGetDevice",2926707,2926707,1178,3618072345206767,3618072345206819
"HIP_RUNTIME_API_EXT","hipGetDevicePropertiesR0600",2926707,2926707,1179,3618072345207124,3618072345207286
"HIP_RUNTIME_API_EXT","hipGetDevice",2926707,2926707,1180,3618072345207674,3618072345207722
"HIP_RUNTIME_API_EXT","hipGetDevicePropertiesR0600",2926707,2926707,1181,3618072345208077,3618072345208206
"HIP_RUNTIME_API_EXT","hipGetDevice",2926707,2926707,1182,3618072345208669,3618072345208715
"HIP_RUNTIME_API_EXT","hipGetDevicePropertiesR0600",2926707,2926707,1183,3618072345209018,3618072345209141
"HIP_RUNTIME_API_EXT","hipGetDevice",2926707,2926707,1184,3618072345209491,3618072345209541
"HIP_RUNTIME_API_EXT","hipGetDevicePropertiesR0600",2926707,2926707,1185,3618072345209849,3618072345209953
"HIP_RUNTIME_API_EXT","hipExtModuleLaunchKernel",2926707,2926707,1186,3618072345213940,3618072345219497
"HIP_RUNTIME_API_EXT","hipSetDevice",2926707,2926707,1187,3618072345222656,3618072345222730
"HIP_RUNTIME_API_EXT","hipSetDevice",2926707,2926707,1188,3618072345230265,3618072345230321
"HIP_RUNTIME_API_EXT","hipSetDevice",2926707,2926707,1189,3618072345230707,3618072345230761
"HIP_RUNTIME_API_EXT","hipSetDevice",2926707,2926707,1190,3618072345231140,3618072345231195
"HIP_RUNTIME_API_EXT","hipGetDevice",2926707,2926707,1191,3618072345231682,3618072345231734
"HIP_RUNTIME_API_EXT","hipGetDevicePropertiesR0600",2926707,2926707,1192,3618072345232047,3618072345232231
"HIP_RUNTIME_API_EXT","hipGetDevice",2926707,2926707,1193,3618072345232756,3618072345232805
"HIP_RUNTIME_API_EXT","hipGetDevicePropertiesR0600",2926707,2926707,1194,3618072345233103,3618072345233208
"HIP_RUNTIME_API_EXT","hipGetDevice",2926707,2926707,1195,3618072345233696,3618072345233743
"HIP_RUNTIME_API_EXT","hipGetDevicePropertiesR0600",2926707,2926707,1196,3618072345234037,3618072345234157
"HIP_RUNTIME_API_EXT","hipGetDevice",2926707,2926707,1197,3618072345234515,3618072345234565
"HIP_RUNTIME_API_EXT","hipGetDevicePropertiesR0600",2926707,2926707,1198,3618072345234956,3618072345235061
"HIP_RUNTIME_API_EXT","hipExtModuleLaunchKernel",2926707,2926707,1199,3618072345241821,3618072345246819
"HIP_RUNTIME_API_EXT","hipSetDevice",2926707,2926707,1200,3618072345249794,3618072345249868
"HIP_RUNTIME_API_EXT","hipSetDevice",2926707,2926707,1201,3618072345255670,3618072345255727
"HIP_RUNTIME_API_EXT","hipSetDevice",2926707,2926707,1202,3618072345256212,3618072345256488
"HIP_RUNTIME_API_EXT","hipSetDevice",2926707,2926707,1203,3618072345257052,3618072345257103
"HIP_RUNTIME_API_EXT","hipGetDevice",2926707,2926707,1204,3618072345257558,3618072345257609
"HIP_RUNTIME_API_EXT","hipGetDevicePropertiesR0600",2926707,2926707,1205,3618072345257915,3618072345258072
"HIP_RUNTIME_API_EXT","hipGetDevice",2926707,2926707,1206,3618072345258445,3618072345258496
"HIP_RUNTIME_API_EXT","hipGetDevicePropertiesR0600",2926707,2926707,1207,3618072345258796,3618072345258898
"HIP_RUNTIME_API_EXT","hipGetDevice",2926707,2926707,1208,3618072345259476,3618072345259524
"HIP_RUNTIME_API_EXT","hipGetDevicePropertiesR0600",2926707,2926707,1209,3618072345259819,3618072345259938
"HIP_RUNTIME_API_EXT","hipGetDevice",2926707,2926707,1210,3618072345260308,3618072345260356
"HIP_RUNTIME_API_EXT","hipGetDevicePropertiesR0600",2926707,2926707,1211,3618072345260651,3618072345260756
"HIP_RUNTIME_API_EXT","hipExtModuleLaunchKernel",2926707,2926707,1212,3618072345264307,3618072345269352
"HIP_RUNTIME_API_EXT","hipSetDevice",2926707,2926707,1213,3618072345271649,3618072345271724
"HIP_RUNTIME_API_EXT","hipSetDevice",2926707,2926707,1214,3618072345286898,3618072345287016
"HIP_RUNTIME_API_EXT","hipSetDevice",2926707,2926707,1215,3618072345287377,3618072345287430
"HIP_RUNTIME_API_EXT","hipSetDevice",2926707,2926707,1216,3618072345288336,3618072345288389
"HIP_RUNTIME_API_EXT","hipGetDevice",2926707,2926707,1217,3618072345289527,3618072345289637
"HIP_RUNTIME_API_EXT","hipGetDevicePropertiesR0600",2926707,2926707,1218,3618072345290130,3618072345290486
"HIP_RUNTIME_API_EXT","hipGetDevice",2926707,2926707,1219,3618072345291175,3618072345291222
"HIP_RUNTIME_API_EXT","hipGetDevicePropertiesR0600",2926707,2926707,1220,3618072345291738,3618072345291856
"HIP_RUNTIME_API_EXT","hipGetDevice",2926707,2926707,1221,3618072345292523,3618072345292571
"HIP_RUNTIME_API_EXT","hipGetDevicePropertiesR0600",2926707,2926707,1222,3618072345293036,3618072345293156
"HIP_RUNTIME_API_EXT","hipGetDevice",2926707,2926707,1223,3618072345293487,3618072345293532
"HIP_RUNTIME_API_EXT","hipGetDevicePropertiesR0600",2926707,2926707,1224,3618072345293829,3618072345293934
"HIP_RUNTIME_API_EXT","hipExtModuleLaunchKernel",2926707,2926707,1225,3618072345298376,3618072345303582
"HIP_RUNTIME_API_EXT","hipSetDevice",2926707,2926707,1226,3618072345307808,3618072345307877
"HIP_RUNTIME_API_EXT","hipSetDevice",2926707,2926707,1227,3618072345311568,3618072345311627
"HIP_RUNTIME_API_EXT","hipSetDevice",2926707,2926707,1228,3618072345311973,3618072345312024
"HIP_RUNTIME_API_EXT","hipSetDevice",2926707,2926707,1229,3618072345312343,3618072345312397
"HIP_RUNTIME_API_EXT","hipGetDevice",2926707,2926707,1230,3618072345312904,3618072345312958
"HIP_RUNTIME_API_EXT","hipGetDevicePropertiesR0600",2926707,2926707,1231,3618072345313269,3618072345313429
"HIP_RUNTIME_API_EXT","hipGetDevice",2926707,2926707,1232,3618072345313774,3618072345313820
"HIP_RUNTIME_API_EXT","hipGetDevicePropertiesR0600",2926707,2926707,1233,3618072345314137,3618072345314243
"HIP_RUNTIME_API_EXT","hipGetDevice",2926707,2926707,1234,3618072345314699,3618072345314745
"HIP_RUNTIME_API_EXT","hipGetDevicePropertiesR0600",2926707,2926707,1235,3618072345315048,3618072345315164
"HIP_RUNTIME_API_EXT","hipGetDevice",2926707,2926707,1236,3618072345315506,3618072345315555
"HIP_RUNTIME_API_EXT","hipGetDevicePropertiesR0600",2926707,2926707,1237,3618072345315856,3618072345315959
"HIP_RUNTIME_API_EXT","hipExtModuleLaunchKernel",2926707,2926707,1238,3618072345319307,3618072345324070
"HIP_RUNTIME_API_EXT","hipSetDevice",2926707,2926707,1239,3618072345326822,3618072345326894
"HIP_RUNTIME_API_EXT","hipSetDevice",2926707,2926707,1240,3618072345330905,3618072345330964
"HIP_RUNTIME_API_EXT","hipSetDevice",2926707,2926707,1241,3618072345331271,3618072345331321
"HIP_RUNTIME_API_EXT","hipSetDevice",2926707,2926707,1242,3618072345331702,3618072345331774
"HIP_RUNTIME_API_EXT","hipGetDevice",2926707,2926707,1243,3618072345332262,3618072345332318
"HIP_RUNTIME_API_EXT","hipGetDevicePropertiesR0600",2926707,2926707,1244,3618072345332647,3618072345332814
"HIP_RUNTIME_API_EXT","hipGetDevice",2926707,2926707,1245,3618072345333215,3618072345333262
"HIP_RUNTIME_API_EXT","hipGetDevicePropertiesR0600",2926707,2926707,1246,3618072345333592,3618072345333696
"HIP_RUNTIME_API_EXT","hipGetDevice",2926707,2926707,1247,3618072345334244,3618072345334289
"HIP_RUNTIME_API_EXT","hipGetDevicePropertiesR0600",2926707,2926707,1248,3618072345334616,3618072345334748
"HIP_RUNTIME_API_EXT","hipGetDevice",2926707,2926707,1249,3618072345335133,3618072345335178
"HIP_RUNTIME_API_EXT","hipGetDevicePropertiesR0600",2926707,2926707,1250,3618072345335499,3618072345335607
"HIP_RUNTIME_API_EXT","hipExtModuleLaunchKernel",2926707,2926707,1251,3618072345338977,3618072345343838
"HIP_RUNTIME_API_EXT","hipSetDevice",2926707,2926707,1252,3618072345346581,3618072345346655
"HIP_RUNTIME_API_EXT","hipSetDevice",2926707,2926707,1253,3618072345350203,3618072345350263
"HIP_RUNTIME_API_EXT","hipSetDevice",2926707,2926707,1254,3618072345350598,3618072345350652
"HIP_RUNTIME_API_EXT","hipSetDevice",2926707,2926707,1255,3618072345351046,3618072345351098
"HIP_RUNTIME_API_EXT","hipGetDevice",2926707,2926707,1256,3618072345351563,3618072345351615
"HIP_RUNTIME_API_EXT","hipGetDevicePropertiesR0600",2926707,2926707,1257,3618072345351911,3618072345352078
"HIP_RUNTIME_API_EXT","hipGetDevice",2926707,2926707,1258,3618072345352438,3618072345352488
"HIP_RUNTIME_API_EXT","hipGetDevicePropertiesR0600",2926707,2926707,1259,3618072345352781,3618072345352895
"HIP_RUNTIME_API_EXT","hipGetDevice",2926707,2926707,1260,3618072345353377,3618072345353426
"HIP_RUNTIME_API_EXT","hipGetDevicePropertiesR0600",2926707,2926707,1261,3618072345353731,3618072345353862
"HIP_RUNTIME_API_EXT","hipGetDevice",2926707,2926707,1262,3618072345354202,3618072345354249
"HIP_RUNTIME_API_EXT","hipGetDevicePropertiesR0600",2926707,2926707,1263,3618072345354740,3618072345354851
"HIP_RUNTIME_API_EXT","hipExtModuleLaunchKernel",2926707,2926707,1264,3618072345358449,3618072345362799
"HIP_RUNTIME_API_EXT","hipSetDevice",2926707,2926707,1265,3618072345365224,3618072345365297
"HIP_RUNTIME_API_EXT","hipSetDevice",2926707,2926707,1266,3618072345370942,3618072345371003
"HIP_RUNTIME_API_EXT","hipSetDevice",2926707,2926707,1267,3618072345371337,3618072345371386
"HIP_RUNTIME_API_EXT","hipSetDevice",2926707,2926707,1268,3618072345371752,3618072345371804
"HIP_RUNTIME_API_EXT","hipGetDevice",2926707,2926707,1269,3618072345372272,3618072345372329
"HIP_RUNTIME_API_EXT","hipGetDevicePropertiesR0600",2926707,2926707,1270,3618072345372654,3618072345372817
"HIP_RUNTIME_API_EXT","hipGetDevice",2926707,2926707,1271,3618072345373175,3618072345373223
"HIP_RUNTIME_API_EXT","hipGetDevicePropertiesR0600",2926707,2926707,1272,3618072345373523,3618072345373635
"HIP_RUNTIME_API_EXT","hipGetDevice",2926707,2926707,1273,3618072345374084,3618072345374130
"HIP_RUNTIME_API_EXT","hipGetDevicePropertiesR0600",2926707,2926707,1274,3618072345374462,3618072345374575
"HIP_RUNTIME_API_EXT","hipGetDevice",2926707,2926707,1275,3618072345374982,3618072345375029
"HIP_RUNTIME_API_EXT","hipGetDevicePropertiesR0600",2926707,2926707,1276,3618072345375326,3618072345375443
"HIP_RUNTIME_API_EXT","hipExtModuleLaunchKernel",2926707,2926707,1277,3618072345379070,3618072345383882
"HIP_RUNTIME_API_EXT","hipSetDevice",2926707,2926707,1278,3618072345386951,3618072345387022
"HIP_RUNTIME_API_EXT","hipSetDevice",2926707,2926707,1279,3618072345391292,3618072345391348
"HIP_RUNTIME_API_EXT","hipSetDevice",2926707,2926707,1280,3618072345391652,3618072345391706
"HIP_RUNTIME_API_EXT","hipSetDevice",2926707,2926707,1281,3618072345392181,3618072345392234
"HIP_RUNTIME_API_EXT","hipGetDevice",2926707,2926707,1282,3618072345392739,3618072345392795
"HIP_RUNTIME_API_EXT","hipGetDevicePropertiesR0600",2926707,2926707,1283,3618072345393135,3618072345393287
"HIP_RUNTIME_API_EXT","hipGetDevice",2926707,2926707,1284,3618072345393673,3618072345393720
"HIP_RUNTIME_API_EXT","hipGetDevicePropertiesR0600",2926707,2926707,1285,3618072345394026,3618072345394140
"HIP_RUNTIME_API_EXT","hipGetDevice",2926707,2926707,1286,3618072345394726,3618072345394773
"HIP_RUNTIME_API_EXT","hipGetDevicePropertiesR0600",2926707,2926707,1287,3618072345395197,3618072345395319
"HIP_RUNTIME_API_EXT","hipGetDevice",2926707,2926707,1288,3618072345395705,3618072345395755
"HIP_RUNTIME_API_EXT","hipGetDevicePropertiesR0600",2926707,2926707,1289,3618072345396073,3618072345396190
"HIP_RUNTIME_API_EXT","hipExtModuleLaunchKernel",2926707,2926707,1290,3618072345399494,3618072345404474
"HIP_RUNTIME_API_EXT","hipSetDevice",2926707,2926707,1291,3618072345407441,3618072345407503
"HIP_RUNTIME_API_EXT","hipSetDevice",2926707,2926707,1292,3618072345412311,3618072345412371
"HIP_RUNTIME_API_EXT","hipSetDevice",2926707,2926707,1293,3618072345412684,3618072345412735
"HIP_RUNTIME_API_EXT","hipSetDevice",2926707,2926707,1294,3618072345413100,3618072345413150
"HIP_RUNTIME_API_EXT","hipGetDevice",2926707,2926707,1295,3618072345413630,3618072345413690
"HIP_RUNTIME_API_EXT","hipGetDevicePropertiesR0600",2926707,2926707,1296,3618072345413987,3618072345414149
"HIP_RUNTIME_API_EXT","hipGetDevice",2926707,2926707,1297,3618072345414516,3618072345414566
"HIP_RUNTIME_API_EXT","hipGetDevicePropertiesR0600",2926707,2926707,1298,3618072345414868,3618072345414981
"HIP_RUNTIME_API_EXT","hipGetDevice",2926707,2926707,1299,3618072345415426,3618072345415473
"HIP_RUNTIME_API_EXT","hipGetDevicePropertiesR0600",2926707,2926707,1300,3618072345415771,3618072345415894
"HIP_RUNTIME_API_EXT","hipGetDevice",2926707,2926707,1301,3618072345416247,3618072345416297
"HIP_RUNTIME_API_EXT","hipGetDevicePropertiesR0600",2926707,2926707,1302,3618072345416593,3618072345416698
"HIP_RUNTIME_API_EXT","hipExtModuleLaunchKernel",2926707,2926707,1303,3618072345421182,3618072345427318
"HIP_RUNTIME_API_EXT","hipSetDevice",2926707,2926707,1304,3618072345431012,3618072345431089
"HIP_RUNTIME_API_EXT","hipEventRecord",2926707,2926707,1305,3618072345431874,3618072345435234
"HIP_RUNTIME_API_EXT","hipEventQuery",2926707,2926707,1306,3618072345437849,3618072345438261
"HIP_RUNTIME_API_EXT","hipEventSynchronize",2926707,2926736,1307,3618072345791811,3618072345797616
"HIP_RUNTIME_API_EXT","hipEventElapsedTime",2926707,2926736,1308,3618072345805779,3618072345808739
"HIP_RUNTIME_API_EXT","hipSetDevice",2926707,2926707,1309,3618072346083715,3618072346085004
"HIP_RUNTIME_API_EXT","hipEventDestroy",2926707,2926707,1310,3618072346089395,3618072346091785
"HIP_RUNTIME_API_EXT","hipSetDevice",2926707,2926707,1311,3618072346095125,3618072346095189
"HIP_RUNTIME_API_EXT","hipEventDestroy",2926707,2926707,1312,3618072346095751,3618072346096072
"HIP_RUNTIME_API_EXT","hipEventQuery",2926707,2926707,1313,3618072346101216,3618072346103551
"HIP_RUNTIME_API_EXT","hipEventSynchronize",2926707,2926707,1314,3618072346107141,3618072353024967
"HIP_RUNTIME_API_EXT","hipSetDevice",2926707,2926707,1315,3618072358506422,3618072358507079
"HIP_RUNTIME_API_EXT","hipMemcpy",2926707,2926707,1316,3618072358508689,3618072362325471
"HIP_RUNTIME_API_EXT","hipSetDevice",2926707,2926707,1317,3618072692378932,3618072692380116
"HIP_RUNTIME_API_EXT","hipMemcpy",2926707,2926707,1318,3618072692383187,3618072696613279
"HIP_RUNTIME_API_EXT","hipSetDevice",2926707,2926707,1319,3618073021643182,3618073021644200
"HIP_RUNTIME_API_EXT","hipEventDestroy",2926707,2926707,1320,3618073021646620,3618073021649343
"HIP_RUNTIME_API_EXT","hipSetDevice",2926707,2926707,1321,3618073021655859,3618073021655932
"HIP_RUNTIME_API_EXT","hipStreamDestroy",2926707,2926707,1322,3618073021658975,3618073022335049
"HIP_RUNTIME_API_EXT","hipSetDevice",2926707,2926707,1323,3618073022344377,3618073022344525
"HIP_RUNTIME_API_EXT","hipStreamDestroy",2926707,2926707,1324,3618073022345509,3618073022953083
"HIP_RUNTIME_API_EXT","hipSetDevice",2926707,2926707,1325,3618073022965044,3618073022965168
"HIP_RUNTIME_API_EXT","hipFree",2926707,2926707,1326,3618073022966825,3618073023121521
"HIP_RUNTIME_API_EXT","hipSetDevice",2926707,2926707,1327,3618073023124897,3618073023125015
"HIP_RUNTIME_API_EXT","hipFree",2926707,2926707,1328,3618073023125517,3618073023223960
"HIP_RUNTIME_API_EXT","hipSetDevice",2926707,2926707,1329,3618073023225863,3618073023225937
"HIP_RUNTIME_API_EXT","hipFree",2926707,2926707,1330,3618073023226461,3618073023317479
"HIP_RUNTIME_API_EXT","hipSetDevice",2926707,2926707,1331,3618073023319270,3618073023319336
"HIP_RUNTIME_API_EXT","hipFree",2926707,2926707,1332,3618073023320139,3618073023420238
"HIP_RUNTIME_API_EXT","hipFree",2926707,2926707,1333,3618073083927809,3618073084113594
"HIP_RUNTIME_API_EXT","hipModuleUnload",2926707,2926707,1334,3618073084208465,3618073106879773
"HIP_RUNTIME_API_EXT","hipModuleUnload",2926707,2926707,1335,3618073106885897,3618073107823736
"HIP_COMPILER_API_EXT","__hipUnregisterFatBinary",2926707,2926707,1336,3618073108414228,3618073108419828
"HIP_COMPILER_API_EXT","__hipUnregisterFatBinary",2926707,2926707,1337,3618073108421517,3618073108422760
"HIP_COMPILER_API_EXT","__hipUnregisterFatBinary",2926707,2926707,1338,3618073108423734,3618073111198423
