"Kind","Operation","Agent_Id","Allocation_Size","Address","Correlation_Id","Start_Timestamp","End_Timestamp"
"MEMORY_ALLOCATION","MEMORY_ALLOCATION_ALLOCATE","Agent 0",4194304,"0x00007f73ac200000",1,3219595712576868,3219595713573657
"MEMORY_ALLOCATION","MEMORY_ALLOCATION_ALLOCATE","Agent 0",56,"0x00007f73deed9000",1,3219595713728548,3219595713752186
"MEMORY_ALLOCATION","MEMORY_ALLOCATION_ALLOCATE","Agent 3",65536,"0x00007f738dc00000",3,3219595715575903,3219595715607052
"MEMORY_ALLOCATION","MEMORY_ALLOCATION_ALLOCATE","Agent 3",4194304,"0x00007f738d000000",5,3219595830587309,3219595830623902
"MEMORY_ALLOCATION","MEMORY_ALLOCATION_ALLOCATE","Agent 0",4194304,"0x00007f738ca00000",5,3219595842479049,3219595843577371
"MEMORY_ALLOCATION","MEMORY_ALLOCATION_ALLOCATE","Agent 3",256,"0x00007f738dc10000",7,3219595902442277,3219595902445176
"MEMORY_ALLOCATION","MEMORY_ALLOCATION_ALLOCATE","Agent 3",16384,"0x00007f738dc11000",11,3219595902515303,3219595902515918
"MEMORY_ALLOCATION","MEMORY_ALLOCATION_ALLOCATE","Agent 3",8192,"0x00007f738dc15000",15,3219595902541206,3219595902541599
"MEMORY_ALLOCATION","MEMORY_ALLOCATION_ALLOCATE","Agent 3",8192,"0x00007f738dc17000",19,3219595902563876,3219595902564336
"MEMORY_ALLOCATION","MEMORY_ALLOCATION_ALLOCATE","Agent 3",16384,"0x00007f738dc19000",23,3219595902585558,3219595902586191
"MEMORY_ALLOCATION","MEMORY_ALLOCATION_ALLOCATE","Agent 3",256,"0x00007f738dc1d000",27,3219595902611017,3219595902611444
"MEMORY_ALLOCATION","MEMORY_ALLOCATION_ALLOCATE","Agent 3",32768,"0x00007f738dc1e000",31,3219595902631334,3219595902631705
"MEMORY_ALLOCATION","MEMORY_ALLOCATION_ALLOCATE","Agent 3",32768,"0x00007f738dc26000",35,3219595902661589,3219595902661946
"MEMORY_ALLOCATION","MEMORY_ALLOCATION_ALLOCATE","Agent 3",32768,"0x00007f738dc2e000",39,3219595902684101,3219595902684533
"MEMORY_ALLOCATION","MEMORY_ALLOCATION_ALLOCATE","Agent 3",256,"0x00007f738dc36000",43,3219595902706720,3219595902707284
"MEMORY_ALLOCATION","MEMORY_ALLOCATION_ALLOCATE","Agent 3",16384,"0x00007f738dc37000",47,3219595902728118,3219595902728430
"MEMORY_ALLOCATION","MEMORY_ALLOCATION_ALLOCATE","Agent 3",8192,"0x00007f738dc3b000",51,3219595902752335,3219595902752713
"MEMORY_ALLOCATION","MEMORY_ALLOCATION_ALLOCATE","Agent 3",8192,"0x00007f738dc3d000",55,3219595902774618,3219595902775073
"MEMORY_ALLOCATION","MEMORY_ALLOCATION_ALLOCATE","Agent 3",16384,"0x00007f738dc3f000",59,3219595902795948,3219595902796322
"MEMORY_ALLOCATION","MEMORY_ALLOCATION_ALLOCATE","Agent 3",256,"0x00007f738dc43000",63,3219595902818801,3219595902819154
"MEMORY_ALLOCATION","MEMORY_ALLOCATION_ALLOCATE","Agent 3",32768,"0x00007f738dc44000",67,3219595902838930,3219595902839326
"MEMORY_ALLOCATION","MEMORY_ALLOCATION_ALLOCATE","Agent 3",32768,"0x00007f738dc4c000",71,3219595902865231,3219595902865547
"MEMORY_ALLOCATION","MEMORY_ALLOCATION_ALLOCATE","Agent 3",32768,"0x00007f738dc54000",75,3219595902887935,3219595902888321
"MEMORY_ALLOCATION","MEMORY_ALLOCATION_ALLOCATE","Agent 3",256,"0x00007f738dc5c000",79,3219595902910313,3219595902910702
"MEMORY_ALLOCATION","MEMORY_ALLOCATION_ALLOCATE","Agent 3",65536,"0x00007f738dc5d000",83,3219595902930625,3219595902931121
"MEMORY_ALLOCATION","MEMORY_ALLOCATION_ALLOCATE","Agent 3",16,"0x00007f738dc6d000",87,3219595902984683,3219595902985144
"MEMORY_ALLOCATION","MEMORY_ALLOCATION_ALLOCATE","Agent 3",1024,"0x00007f738dc6e000",91,3219595903016819,3219595903017192
"MEMORY_ALLOCATION","MEMORY_ALLOCATION_ALLOCATE","Agent 3",1024,"0x00007f738dc6f000",96,3219595912138059,3219595912139941
"MEMORY_ALLOCATION","MEMORY_ALLOCATION_ALLOCATE","Agent 3",1024,"0x00007f738dc70000",101,3219595912159736,3219595912160284
"MEMORY_ALLOCATION","MEMORY_ALLOCATION_ALLOCATE","Agent 3",512,"0x00007f738dc71000",106,3219595912173926,3219595912174396
"MEMORY_ALLOCATION","MEMORY_ALLOCATION_ALLOCATE","Agent 3",512,"0x00007f738dc72000",111,3219595912182919,3219595912183441
"MEMORY_ALLOCATION","MEMORY_ALLOCATION_ALLOCATE","Agent 3",1024,"0x00007f738dc73000",116,3219595912191949,3219595912192415
"MEMORY_ALLOCATION","MEMORY_ALLOCATION_ALLOCATE","Agent 3",512,"0x00007f738dc74000",121,3219595912557210,3219595912557727
"MEMORY_ALLOCATION","MEMORY_ALLOCATION_ALLOCATE","Agent 3",512,"0x00007f738dc75000",126,3219595912579183,3219595912579688
"MEMORY_ALLOCATION","MEMORY_ALLOCATION_ALLOCATE","Agent 3",1024,"0x00007f738dc76000",131,3219595912590008,3219595912590448
"MEMORY_ALLOCATION","MEMORY_ALLOCATION_FREE","",0,"0x00007f738dc73000",136,3219595912650531,3219595912652003
"MEMORY_ALLOCATION","MEMORY_ALLOCATION_ALLOCATE","Agent 3",512,"0x00007f738dc73000",138,3219595912656863,3219595912657200
"MEMORY_ALLOCATION","MEMORY_ALLOCATION_FREE","",0,"0x00007f738dc74000",143,3219595912678167,3219595912678595
"MEMORY_ALLOCATION","MEMORY_ALLOCATION_ALLOCATE","Agent 3",8192,"0x00007f738dc77000",145,3219595912681682,3219595912682111
"MEMORY_ALLOCATION","MEMORY_ALLOCATION_ALLOCATE","Agent 3",8192,"0x00007f738dc79000",151,3219595912701062,3219595912702056
"MEMORY_ALLOCATION","MEMORY_ALLOCATION_ALLOCATE","Agent 3",1024,"0x00007f738dc74000",157,3219595912717696,3219595912718090
"MEMORY_ALLOCATION","MEMORY_ALLOCATION_ALLOCATE","Agent 3",1024,"0x00007f738dc7b000",162,3219595912729929,3219595912730405
"MEMORY_ALLOCATION","MEMORY_ALLOCATION_FREE","",0,"0x00007f738dc74000",167,3219595912752415,3219595912752683
"MEMORY_ALLOCATION","MEMORY_ALLOCATION_ALLOCATE","Agent 3",1024,"0x00007f738dc74000",169,3219595912755319,3219595912755604
"MEMORY_ALLOCATION","MEMORY_ALLOCATION_FREE","",0,"0x00007f738dc7b000",174,3219595912789020,3219595912789701
"MEMORY_ALLOCATION","MEMORY_ALLOCATION_FREE","",0,"0x00007f738dc75000",176,3219595912792006,3219595912792295
"MEMORY_ALLOCATION","MEMORY_ALLOCATION_FREE","",0,"0x00007f738dc73000",178,3219595912794364,3219595912794621
"MEMORY_ALLOCATION","MEMORY_ALLOCATION_FREE","",0,"0x00007f738dc76000",180,3219595912797926,3219595912798421
"MEMORY_ALLOCATION","MEMORY_ALLOCATION_FREE","",0,"0x00007f738dc72000",182,3219595912800367,3219595912800801
"MEMORY_ALLOCATION","MEMORY_ALLOCATION_FREE","",0,"0x00007f738dc71000",184,3219595912802669,3219595912803139
"MEMORY_ALLOCATION","MEMORY_ALLOCATION_FREE","",0,"0x00007f738dc70000",186,3219595912805052,3219595912805411
"MEMORY_ALLOCATION","MEMORY_ALLOCATION_ALLOCATE","Agent 3",1024,"0x00007f738dc75000",188,3219595912809313,3219595912809752
"MEMORY_ALLOCATION","MEMORY_ALLOCATION_FREE","",0,"0x00007f738dc74000",193,3219595912830193,3219595912830586
"MEMORY_ALLOCATION","MEMORY_ALLOCATION_FREE","",0,"0x00007f738dc6f000",195,3219595912833219,3219595912833720
"MEMORY_ALLOCATION","MEMORY_ALLOCATION_ALLOCATE","Agent 3",1024,"0x00007f738dc76000",197,3219595912835828,3219595912836046
"MEMORY_ALLOCATION","MEMORY_ALLOCATION_ALLOCATE","Agent 3",2048,"0x00007f738dc6f000",202,3219595912845225,3219595912845615
"MEMORY_ALLOCATION","MEMORY_ALLOCATION_ALLOCATE","Agent 3",2048,"0x00007f738dc70000",207,3219595912853919,3219595912854470
"MEMORY_ALLOCATION","MEMORY_ALLOCATION_ALLOCATE","Agent 3",2048,"0x00007f738dc71000",212,3219595912864127,3219595912864592
"MEMORY_ALLOCATION","MEMORY_ALLOCATION_FREE","",0,"0x00007f738dc70000",217,3219595912912540,3219595912912889
"MEMORY_ALLOCATION","MEMORY_ALLOCATION_FREE","",0,"0x00007f738dc6f000",219,3219595912915285,3219595912915716
"MEMORY_ALLOCATION","MEMORY_ALLOCATION_ALLOCATE","Agent 3",1024,"0x00007f738dc6f000",221,3219595912917660,3219595912917995
"MEMORY_ALLOCATION","MEMORY_ALLOCATION_FREE","",0,"0x00007f738dc71000",226,3219595912979528,3219595912980011
"MEMORY_ALLOCATION","MEMORY_ALLOCATION_ALLOCATE","Agent 3",1024,"0x00007f738dc70000",228,3219595912982457,3219595912982705
"MEMORY_ALLOCATION","MEMORY_ALLOCATION_FREE","",0,"0x00007f738dc6f000",233,3219595913000178,3219595913000451
"MEMORY_ALLOCATION","MEMORY_ALLOCATION_FREE","",0,"0x00007f738dc76000",235,3219595913004071,3219595913004349
"MEMORY_ALLOCATION","MEMORY_ALLOCATION_FREE","",0,"0x00007f738dc75000",237,3219595913006217,3219595913006811
"MEMORY_ALLOCATION","MEMORY_ALLOCATION_FREE","",0,"0x00007f738dc6e000",239,3219595913008699,3219595913009045
"MEMORY_ALLOCATION","MEMORY_ALLOCATION_ALLOCATE","Agent 3",1024,"0x00007f738dc6e000",241,3219595913010967,3219595913011227
"MEMORY_ALLOCATION","MEMORY_ALLOCATION_ALLOCATE","Agent 3",1024,"0x00007f738dc6f000",246,3219595913019737,3219595913020009
"MEMORY_ALLOCATION","MEMORY_ALLOCATION_ALLOCATE","Agent 3",512,"0x00007f738dc71000",251,3219595913028310,3219595913028674
"MEMORY_ALLOCATION","MEMORY_ALLOCATION_ALLOCATE","Agent 3",512,"0x00007f738dc72000",256,3219595913036498,3219595913036865
"MEMORY_ALLOCATION","MEMORY_ALLOCATION_ALLOCATE","Agent 3",1024,"0x00007f738dc73000",261,3219595913046018,3219595913046369
"MEMORY_ALLOCATION","MEMORY_ALLOCATION_ALLOCATE","Agent 3",512,"0x00007f738dc74000",266,3219595913054688,3219595913055117
"MEMORY_ALLOCATION","MEMORY_ALLOCATION_ALLOCATE","Agent 3",512,"0x00007f738dc75000",271,3219595913063901,3219595913064317
"MEMORY_ALLOCATION","MEMORY_ALLOCATION_ALLOCATE","Agent 3",1024,"0x00007f738dc76000",276,3219595913071934,3219595913072176
"MEMORY_ALLOCATION","MEMORY_ALLOCATION_FREE","",0,"0x00007f738dc73000",281,3219595913104296,3219595913104912
"MEMORY_ALLOCATION","MEMORY_ALLOCATION_ALLOCATE","Agent 3",512,"0x00007f738dc73000",283,3219595913119061,3219595913119512
"MEMORY_ALLOCATION","MEMORY_ALLOCATION_FREE","",0,"0x00007f738dc74000",288,3219595913139310,3219595913139672
"MEMORY_ALLOCATION","MEMORY_ALLOCATION_ALLOCATE","Agent 3",8192,"0x00007f738dc7b000",290,3219595913142128,3219595913142526
"MEMORY_ALLOCATION","MEMORY_ALLOCATION_ALLOCATE","Agent 3",8192,"0x00007f738dc7d000",296,3219595913154883,3219595913155322
"MEMORY_ALLOCATION","MEMORY_ALLOCATION_ALLOCATE","Agent 3",1024,"0x00007f738dc74000",302,3219595913168073,3219595913168682
"MEMORY_ALLOCATION","MEMORY_ALLOCATION_ALLOCATE","Agent 3",1024,"0x00007f738dc7f000",307,3219595913179170,3219595913179622
"MEMORY_ALLOCATION","MEMORY_ALLOCATION_FREE","",0,"0x00007f738dc74000",312,3219595913209483,3219595913209809
"MEMORY_ALLOCATION","MEMORY_ALLOCATION_ALLOCATE","Agent 3",1024,"0x00007f738dc74000",314,3219595913211978,3219595913212195
"MEMORY_ALLOCATION","MEMORY_ALLOCATION_FREE","",0,"0x00007f738dc7f000",319,3219595913244015,3219595913244558
"MEMORY_ALLOCATION","MEMORY_ALLOCATION_FREE","",0,"0x00007f738dc75000",321,3219595913246816,3219595913247168
"MEMORY_ALLOCATION","MEMORY_ALLOCATION_FREE","",0,"0x00007f738dc73000",323,3219595913249254,3219595913249505
"MEMORY_ALLOCATION","MEMORY_ALLOCATION_FREE","",0,"0x00007f738dc76000",325,3219595913251314,3219595913251698
"MEMORY_ALLOCATION","MEMORY_ALLOCATION_FREE","",0,"0x00007f738dc72000",327,3219595913254967,3219595913255405
"MEMORY_ALLOCATION","MEMORY_ALLOCATION_FREE","",0,"0x00007f738dc71000",329,3219595913257342,3219595913257782
"MEMORY_ALLOCATION","MEMORY_ALLOCATION_FREE","",0,"0x00007f738dc6f000",331,3219595913259694,3219595913260071
"MEMORY_ALLOCATION","MEMORY_ALLOCATION_ALLOCATE","Agent 3",1024,"0x00007f738dc6f000",333,3219595913261680,3219595913261902
"MEMORY_ALLOCATION","MEMORY_ALLOCATION_FREE","",0,"0x00007f738dc74000",338,3219595913279796,3219595913280523
"MEMORY_ALLOCATION","MEMORY_ALLOCATION_FREE","",0,"0x00007f738dc6e000",340,3219595913282768,3219595913283041
"MEMORY_ALLOCATION","MEMORY_ALLOCATION_ALLOCATE","Agent 3",1024,"0x00007f738dc6e000",342,3219595913286317,3219595913286563
"MEMORY_ALLOCATION","MEMORY_ALLOCATION_ALLOCATE","Agent 3",2048,"0x00007f738dc71000",347,3219595913294359,3219595913294722
"MEMORY_ALLOCATION","MEMORY_ALLOCATION_ALLOCATE","Agent 3",2048,"0x00007f738dc72000",352,3219595913313533,3219595913313981
"MEMORY_ALLOCATION","MEMORY_ALLOCATION_ALLOCATE","Agent 3",2048,"0x00007f738dc73000",357,3219595913322284,3219595913322636
"MEMORY_ALLOCATION","MEMORY_ALLOCATION_FREE","",0,"0x00007f738dc72000",362,3219595913360736,3219595913361012
"MEMORY_ALLOCATION","MEMORY_ALLOCATION_FREE","",0,"0x00007f738dc71000",364,3219595913363604,3219595913363904
"MEMORY_ALLOCATION","MEMORY_ALLOCATION_ALLOCATE","Agent 3",1024,"0x00007f738dc71000",366,3219595913365778,3219595913366052
"MEMORY_ALLOCATION","MEMORY_ALLOCATION_FREE","",0,"0x00007f738dc73000",371,3219595913427260,3219595913427897
"MEMORY_ALLOCATION","MEMORY_ALLOCATION_ALLOCATE","Agent 3",1024,"0x00007f738dc72000",373,3219595913430103,3219595913430346
"MEMORY_ALLOCATION","MEMORY_ALLOCATION_FREE","",0,"0x00007f738dc71000",378,3219595913450258,3219595913450566
"MEMORY_ALLOCATION","MEMORY_ALLOCATION_FREE","",0,"0x00007f738dc6e000",380,3219595913452699,3219595913452920
"MEMORY_ALLOCATION","MEMORY_ALLOCATION_FREE","",0,"0x00007f738dc6f000",382,3219595913454758,3219595913455132
"MEMORY_ALLOCATION","MEMORY_ALLOCATION_FREE","",0,"0x00007f738dc70000",384,3219595913457414,3219595913457955
"MEMORY_ALLOCATION","MEMORY_ALLOCATION_ALLOCATE","Agent 3",1024,"0x00007f738dc73000",386,3219595913459993,3219595913460207
"MEMORY_ALLOCATION","MEMORY_ALLOCATION_FREE","",0,"0x00007f738dc72000",391,3219595913478605,3219595913479065
"MEMORY_ALLOCATION","MEMORY_ALLOCATION_ALLOCATE","Agent 3",1024,"0x00007f738dc74000",393,3219595913482186,3219595913482375
"MEMORY_ALLOCATION","MEMORY_ALLOCATION_FREE","",0,"0x00007f738dc73000",398,3219595913521752,3219595913522078
"MEMORY_ALLOCATION","MEMORY_ALLOCATION_FREE","",0,"0x00007f738dc6d000",400,3219595913523976,3219595913524469
"MEMORY_ALLOCATION","MEMORY_ALLOCATION_ALLOCATE","Agent 3",32768,"0x00007f738dc7f000",402,3219595913526521,3219595913526837
"MEMORY_ALLOCATION","MEMORY_ALLOCATION_ALLOCATE","Agent 3",32768,"0x00007f738dc87000",404,3219595913529222,3219595913529517
"MEMORY_ALLOCATION","MEMORY_ALLOCATION_ALLOCATE","Agent 3",32768,"0x00007f738dc8f000",414,3219595913556009,3219595913556402
"MEMORY_ALLOCATION","MEMORY_ALLOCATION_ALLOCATE","Agent 3",32768,"0x00007f738dc97000",416,3219595913558370,3219595913558659
"MEMORY_ALLOCATION","MEMORY_ALLOCATION_FREE","",0,"0x00007f738dc79000",426,3219595913596438,3219595913596738
"MEMORY_ALLOCATION","MEMORY_ALLOCATION_FREE","",0,"0x00007f738dc77000",428,3219595913598873,3219595913599375
"MEMORY_ALLOCATION","MEMORY_ALLOCATION_FREE","",0,"0x00007f738dc7d000",430,3219595913601405,3219595913601596
"MEMORY_ALLOCATION","MEMORY_ALLOCATION_FREE","",0,"0x00007f738dc7b000",432,3219595913603471,3219595913603901
"MEMORY_ALLOCATION","MEMORY_ALLOCATION_ALLOCATE","Agent 3",4096,"0x00007f738dc6d000",434,3219595913606193,3219595913606512
"MEMORY_ALLOCATION","MEMORY_ALLOCATION_FREE","",0,"0x00007f738dc74000",438,3219595913624684,3219595913625159
"MEMORY_ALLOCATION","MEMORY_ALLOCATION_ALLOCATE","Agent 3",32,"0x00007f738dc6e000",440,3219595913628426,3219595913628718
"MEMORY_ALLOCATION","MEMORY_ALLOCATION_ALLOCATE","Agent 3",2048,"0x00007f738dc6f000",444,3219595913650925,3219595913651364
"MEMORY_ALLOCATION","MEMORY_ALLOCATION_ALLOCATE","Agent 3",2048,"0x00007f738dc70000",449,3219595913661407,3219595913661844
"MEMORY_ALLOCATION","MEMORY_ALLOCATION_ALLOCATE","Agent 3",2048,"0x00007f738dc71000",454,3219595913671356,3219595913671954
"MEMORY_ALLOCATION","MEMORY_ALLOCATION_ALLOCATE","Agent 3",1024,"0x00007f738dc72000",459,3219595913679992,3219595913680391
"MEMORY_ALLOCATION","MEMORY_ALLOCATION_ALLOCATE","Agent 3",1024,"0x00007f738dc73000",464,3219595913687711,3219595913688063
"MEMORY_ALLOCATION","MEMORY_ALLOCATION_ALLOCATE","Agent 3",2048,"0x00007f738dc74000",469,3219595913696875,3219595913697405
"MEMORY_ALLOCATION","MEMORY_ALLOCATION_ALLOCATE","Agent 3",1024,"0x00007f738dc75000",474,3219595913706051,3219595913706402
"MEMORY_ALLOCATION","MEMORY_ALLOCATION_ALLOCATE","Agent 3",1024,"0x00007f738dc76000",479,3219595913713840,3219595913714217
"MEMORY_ALLOCATION","MEMORY_ALLOCATION_ALLOCATE","Agent 3",2048,"0x00007f738dc77000",484,3219595913723137,3219595913723614
"MEMORY_ALLOCATION","MEMORY_ALLOCATION_FREE","",0,"0x00007f738dc74000",489,3219595913756652,3219595913757123
"MEMORY_ALLOCATION","MEMORY_ALLOCATION_ALLOCATE","Agent 3",1024,"0x00007f738dc74000",491,3219595913762486,3219595913762716
"MEMORY_ALLOCATION","MEMORY_ALLOCATION_FREE","",0,"0x00007f738dc75000",496,3219595913781362,3219595913781668
"MEMORY_ALLOCATION","MEMORY_ALLOCATION_ALLOCATE","Agent 3",8192,"0x00007f738dc78000",498,3219595913784090,3219595913784667
"MEMORY_ALLOCATION","MEMORY_ALLOCATION_ALLOCATE","Agent 3",8192,"0x00007f738dc7a000",504,3219595913808101,3219595913808521
"MEMORY_ALLOCATION","MEMORY_ALLOCATION_ALLOCATE","Agent 3",2048,"0x00007f738dc75000",510,3219595913822927,3219595913823216
"MEMORY_ALLOCATION","MEMORY_ALLOCATION_ALLOCATE","Agent 3",2048,"0x00007f738dc7c000",515,3219595913833433,3219595913833936
"MEMORY_ALLOCATION","MEMORY_ALLOCATION_FREE","",0,"0x00007f738dc75000",520,3219595913852899,3219595913853203
"MEMORY_ALLOCATION","MEMORY_ALLOCATION_ALLOCATE","Agent 3",2048,"0x00007f738dc75000",522,3219595913856876,3219595913857146
"MEMORY_ALLOCATION","MEMORY_ALLOCATION_FREE","",0,"0x00007f738dc7c000",527,3219595913889406,3219595913889801
"MEMORY_ALLOCATION","MEMORY_ALLOCATION_FREE","",0,"0x00007f738dc76000",529,3219595913891844,3219595913892136
"MEMORY_ALLOCATION","MEMORY_ALLOCATION_FREE","",0,"0x00007f738dc74000",531,3219595913894201,3219595913894441
"MEMORY_ALLOCATION","MEMORY_ALLOCATION_FREE","",0,"0x00007f738dc77000",533,3219595913896184,3219595913896577
"MEMORY_ALLOCATION","MEMORY_ALLOCATION_FREE","",0,"0x00007f738dc73000",535,3219595913898442,3219595913898863
"MEMORY_ALLOCATION","MEMORY_ALLOCATION_FREE","",0,"0x00007f738dc72000",537,3219595913900691,3219595913901066
"MEMORY_ALLOCATION","MEMORY_ALLOCATION_FREE","",0,"0x00007f738dc71000",539,3219595913904170,3219595913904540
"MEMORY_ALLOCATION","MEMORY_ALLOCATION_ALLOCATE","Agent 3",2048,"0x00007f738dc76000",541,3219595913906206,3219595913906613
"MEMORY_ALLOCATION","MEMORY_ALLOCATION_FREE","",0,"0x00007f738dc75000",546,3219595913924943,3219595913925539
"MEMORY_ALLOCATION","MEMORY_ALLOCATION_FREE","",0,"0x00007f738dc70000",548,3219595913927550,3219595913927904
"MEMORY_ALLOCATION","MEMORY_ALLOCATION_ALLOCATE","Agent 3",2048,"0x00007f738dc77000",550,3219595913929920,3219595913930138
"MEMORY_ALLOCATION","MEMORY_ALLOCATION_ALLOCATE","Agent 3",4096,"0x00007f738dc7c000",555,3219595913938312,3219595913938747
"MEMORY_ALLOCATION","MEMORY_ALLOCATION_ALLOCATE","Agent 3",4096,"0x00007f738dc7d000",560,3219595913946956,3219595913947345
"MEMORY_ALLOCATION","MEMORY_ALLOCATION_ALLOCATE","Agent 3",4096,"0x00007f738dc7e000",565,3219595913962709,3219595913963071
"MEMORY_ALLOCATION","MEMORY_ALLOCATION_FREE","",0,"0x00007f738dc7d000",570,3219595913992006,3219595913992335
"MEMORY_ALLOCATION","MEMORY_ALLOCATION_FREE","",0,"0x00007f738dc7c000",572,3219595913994061,3219595913994408
"MEMORY_ALLOCATION","MEMORY_ALLOCATION_ALLOCATE","Agent 3",2048,"0x00007f738dc7c000",574,3219595913996681,3219595913997034
"MEMORY_ALLOCATION","MEMORY_ALLOCATION_FREE","",0,"0x00007f738dc7e000",579,3219595914054837,3219595914055420
"MEMORY_ALLOCATION","MEMORY_ALLOCATION_ALLOCATE","Agent 3",2048,"0x00007f738dc7d000",581,3219595914057453,3219595914057730
"MEMORY_ALLOCATION","MEMORY_ALLOCATION_FREE","",0,"0x00007f738dc7c000",586,3219595914078711,3219595914079113
"MEMORY_ALLOCATION","MEMORY_ALLOCATION_FREE","",0,"0x00007f738dc77000",588,3219595914081008,3219595914081343
"MEMORY_ALLOCATION","MEMORY_ALLOCATION_FREE","",0,"0x00007f738dc76000",590,3219595914083186,3219595914083708
"MEMORY_ALLOCATION","MEMORY_ALLOCATION_FREE","",0,"0x00007f738dc6f000",592,3219595914085868,3219595914086258
"MEMORY_ALLOCATION","MEMORY_ALLOCATION_ALLOCATE","Agent 3",2048,"0x00007f738dc7e000",594,3219595914088132,3219595914088404
"MEMORY_ALLOCATION","MEMORY_ALLOCATION_ALLOCATE","Agent 3",2048,"0x00007f738dc7c000",599,3219595914096110,3219595914096385
"MEMORY_ALLOCATION","MEMORY_ALLOCATION_ALLOCATE","Agent 3",1024,"0x00007f738dc6f000",604,3219595914103813,3219595914104207
"MEMORY_ALLOCATION","MEMORY_ALLOCATION_ALLOCATE","Agent 3",1024,"0x00007f738dc70000",609,3219595914113139,3219595914113533
"MEMORY_ALLOCATION","MEMORY_ALLOCATION_ALLOCATE","Agent 3",2048,"0x00007f738dc71000",614,3219595914121316,3219595914121836
"MEMORY_ALLOCATION","MEMORY_ALLOCATION_ALLOCATE","Agent 3",1024,"0x00007f738dc72000",619,3219595914131102,3219595914131524
"MEMORY_ALLOCATION","MEMORY_ALLOCATION_ALLOCATE","Agent 3",1024,"0x00007f738dc73000",624,3219595914139343,3219595914139799
"MEMORY_ALLOCATION","MEMORY_ALLOCATION_ALLOCATE","Agent 3",2048,"0x00007f738dc74000",629,3219595914148214,3219595914148611
"MEMORY_ALLOCATION","MEMORY_ALLOCATION_FREE","",0,"0x00007f738dc71000",634,3219595914175512,3219595914175845
"MEMORY_ALLOCATION","MEMORY_ALLOCATION_ALLOCATE","Agent 3",1024,"0x00007f738dc71000",636,3219595914178994,3219595914179194
"MEMORY_ALLOCATION","MEMORY_ALLOCATION_FREE","",0,"0x00007f738dc72000",641,3219595914197688,3219595914197989
"MEMORY_ALLOCATION","MEMORY_ALLOCATION_ALLOCATE","Agent 3",8192,"0x00007f738dc75000",643,3219595914200068,3219595914200443
"MEMORY_ALLOCATION","MEMORY_ALLOCATION_ALLOCATE","Agent 3",8192,"0x00007f738dc9f000",649,3219595914212626,3219595914213125
"MEMORY_ALLOCATION","MEMORY_ALLOCATION_ALLOCATE","Agent 3",2048,"0x00007f738dc72000",655,3219595914228977,3219595914229259
"MEMORY_ALLOCATION","MEMORY_ALLOCATION_ALLOCATE","Agent 3",2048,"0x00007f738dc77000",660,3219595914237399,3219595914237814
"MEMORY_ALLOCATION","MEMORY_ALLOCATION_FREE","",0,"0x00007f738dc72000",665,3219595914256584,3219595914256874
"MEMORY_ALLOCATION","MEMORY_ALLOCATION_ALLOCATE","Agent 3",2048,"0x00007f738dc72000",667,3219595914259069,3219595914259251
"MEMORY_ALLOCATION","MEMORY_ALLOCATION_FREE","",0,"0x00007f738dc77000",672,3219595914291642,3219595914291957
"MEMORY_ALLOCATION","MEMORY_ALLOCATION_FREE","",0,"0x00007f738dc73000",674,3219595914293780,3219595914294017
"MEMORY_ALLOCATION","MEMORY_ALLOCATION_FREE","",0,"0x00007f738dc71000",676,3219595914295732,3219595914295932
"MEMORY_ALLOCATION","MEMORY_ALLOCATION_FREE","",0,"0x00007f738dc74000",678,3219595914299509,3219595914299877
"MEMORY_ALLOCATION","MEMORY_ALLOCATION_FREE","",0,"0x00007f738dc70000",680,3219595914301857,3219595914302271
"MEMORY_ALLOCATION","MEMORY_ALLOCATION_FREE","",0,"0x00007f738dc6f000",682,3219595914303969,3219595914304335
"MEMORY_ALLOCATION","MEMORY_ALLOCATION_FREE","",0,"0x00007f738dc7c000",684,3219595914308004,3219595914308265
"MEMORY_ALLOCATION","MEMORY_ALLOCATION_ALLOCATE","Agent 3",2048,"0x00007f738dc77000",686,3219595914309938,3219595914310217
"MEMORY_ALLOCATION","MEMORY_ALLOCATION_FREE","",0,"0x00007f738dc72000",691,3219595914327832,3219595914328404
"MEMORY_ALLOCATION","MEMORY_ALLOCATION_FREE","",0,"0x00007f738dc7e000",693,3219595914330478,3219595914330824
"MEMORY_ALLOCATION","MEMORY_ALLOCATION_ALLOCATE","Agent 3",2048,"0x00007f738dc7c000",695,3219595914332591,3219595914332838
"MEMORY_ALLOCATION","MEMORY_ALLOCATION_ALLOCATE","Agent 3",4096,"0x00007f738dc7e000",700,3219595914340773,3219595914341050
"MEMORY_ALLOCATION","MEMORY_ALLOCATION_ALLOCATE","Agent 3",4096,"0x00007f738dc6f000",705,3219595914352998,3219595914353404
"MEMORY_ALLOCATION","MEMORY_ALLOCATION_ALLOCATE","Agent 3",4096,"0x00007f738dc70000",710,3219595914372270,3219595914372656
"MEMORY_ALLOCATION","MEMORY_ALLOCATION_FREE","",0,"0x00007f738dc6f000",715,3219595914400810,3219595914401342
"MEMORY_ALLOCATION","MEMORY_ALLOCATION_FREE","",0,"0x00007f738dc7e000",717,3219595914403529,3219595914403908
"MEMORY_ALLOCATION","MEMORY_ALLOCATION_ALLOCATE","Agent 3",2048,"0x00007f738dc6f000",719,3219595914406825,3219595914407202
"MEMORY_ALLOCATION","MEMORY_ALLOCATION_FREE","",0,"0x00007f738dc70000",724,3219595914466994,3219595914467384
"MEMORY_ALLOCATION","MEMORY_ALLOCATION_ALLOCATE","Agent 3",2048,"0x00007f738dc7e000",726,3219595914469548,3219595914469912
"MEMORY_ALLOCATION","MEMORY_ALLOCATION_FREE","",0,"0x00007f738dc6f000",731,3219595914490085,3219595914490502
"MEMORY_ALLOCATION","MEMORY_ALLOCATION_FREE","",0,"0x00007f738dc7c000",733,3219595914492535,3219595914492810
"MEMORY_ALLOCATION","MEMORY_ALLOCATION_FREE","",0,"0x00007f738dc77000",735,3219595914494635,3219595914494858
"MEMORY_ALLOCATION","MEMORY_ALLOCATION_FREE","",0,"0x00007f738dc7d000",737,3219595914496722,3219595914497043
"MEMORY_ALLOCATION","MEMORY_ALLOCATION_ALLOCATE","Agent 3",2048,"0x00007f738dc77000",739,3219595914499000,3219595914499225
"MEMORY_ALLOCATION","MEMORY_ALLOCATION_FREE","",0,"0x00007f738dc7e000",744,3219595914517163,3219595914517562
"MEMORY_ALLOCATION","MEMORY_ALLOCATION_ALLOCATE","Agent 3",1024,"0x00007f738dc7c000",746,3219595914520206,3219595914520531
"MEMORY_ALLOCATION","MEMORY_ALLOCATION_FREE","",0,"0x00007f738dc77000",751,3219595914544122,3219595914544418
"MEMORY_ALLOCATION","MEMORY_ALLOCATION_FREE","",0,"0x00007f738dc6e000",753,3219595914546498,3219595914546892
"MEMORY_ALLOCATION","MEMORY_ALLOCATION_FREE","",0,"0x00007f738dc7a000",771,3219595914604576,3219595914605088
"MEMORY_ALLOCATION","MEMORY_ALLOCATION_FREE","",0,"0x00007f738dc78000",773,3219595914607293,3219595914607793
"MEMORY_ALLOCATION","MEMORY_ALLOCATION_FREE","",0,"0x00007f738dc9f000",775,3219595914610110,3219595914610719
"MEMORY_ALLOCATION","MEMORY_ALLOCATION_FREE","",0,"0x00007f738dc75000",777,3219595914612829,3219595914613341
"MEMORY_ALLOCATION","MEMORY_ALLOCATION_FREE","",0,"0x00007f738dc7c000",781,3219595914631444,3219595914631929
"MEMORY_ALLOCATION","MEMORY_ALLOCATION_ALLOCATE","Agent 3",48,"0x00007f738dc6e000",783,3219595914634683,3219595914634963
"MEMORY_ALLOCATION","MEMORY_ALLOCATION_ALLOCATE","Agent 3",3072,"0x00007f738dc6f000",787,3219595914655418,3219595914655778
"MEMORY_ALLOCATION","MEMORY_ALLOCATION_ALLOCATE","Agent 3",3072,"0x00007f738dc70000",792,3219595914663133,3219595914663649
"MEMORY_ALLOCATION","MEMORY_ALLOCATION_ALLOCATE","Agent 3",3072,"0x00007f738dc71000",797,3219595914672111,3219595914672610
"MEMORY_ALLOCATION","MEMORY_ALLOCATION_ALLOCATE","Agent 3",1536,"0x00007f738dc72000",802,3219595914681739,3219595914682173
"MEMORY_ALLOCATION","MEMORY_ALLOCATION_ALLOCATE","Agent 3",1536,"0x00007f738dc73000",807,3219595914690647,3219595914691060
"MEMORY_ALLOCATION","MEMORY_ALLOCATION_ALLOCATE","Agent 3",3072,"0x00007f738dc74000",812,3219595914698478,3219595914698902
"MEMORY_ALLOCATION","MEMORY_ALLOCATION_ALLOCATE","Agent 3",1536,"0x00007f738dc75000",817,3219595914707589,3219595914708027
"MEMORY_ALLOCATION","MEMORY_ALLOCATION_ALLOCATE","Agent 3",1536,"0x00007f738dc76000",822,3219595914715813,3219595914716200
"MEMORY_ALLOCATION","MEMORY_ALLOCATION_ALLOCATE","Agent 3",3072,"0x00007f738dc77000",827,3219595914724354,3219595914724743
"MEMORY_ALLOCATION","MEMORY_ALLOCATION_FREE","",0,"0x00007f738dc74000",832,3219595914756858,3219595914757432
"MEMORY_ALLOCATION","MEMORY_ALLOCATION_ALLOCATE","Agent 3",1536,"0x00007f738dc74000",834,3219595914761726,3219595914761963
"MEMORY_ALLOCATION","MEMORY_ALLOCATION_FREE","",0,"0x00007f738dc75000",839,3219595914780436,3219595914780744
"MEMORY_ALLOCATION","MEMORY_ALLOCATION_ALLOCATE","Agent 3",8192,"0x00007f738dc78000",841,3219595914782761,3219595914783484
"MEMORY_ALLOCATION","MEMORY_ALLOCATION_ALLOCATE","Agent 3",8192,"0x00007f738dc7a000",847,3219595914796918,3219595914797631
"MEMORY_ALLOCATION","MEMORY_ALLOCATION_ALLOCATE","Agent 3",3072,"0x00007f738dc75000",853,3219595914809863,3219595914810149
"MEMORY_ALLOCATION","MEMORY_ALLOCATION_ALLOCATE","Agent 3",3072,"0x00007f738dc7c000",858,3219595914829909,3219595914830327
"MEMORY_ALLOCATION","MEMORY_ALLOCATION_FREE","",0,"0x00007f738dc75000",863,3219595914850396,3219595914850693
"MEMORY_ALLOCATION","MEMORY_ALLOCATION_ALLOCATE","Agent 3",3072,"0x00007f738dc75000",865,3219595914852432,3219595914852590
"MEMORY_ALLOCATION","MEMORY_ALLOCATION_FREE","",0,"0x00007f738dc7c000",870,3219595914886422,3219595914886823
"MEMORY_ALLOCATION","MEMORY_ALLOCATION_FREE","",0,"0x00007f738dc76000",872,3219595914888910,3219595914889220
"MEMORY_ALLOCATION","MEMORY_ALLOCATION_FREE","",0,"0x00007f738dc74000",874,3219595914891184,3219595914891466
"MEMORY_ALLOCATION","MEMORY_ALLOCATION_FREE","",0,"0x00007f738dc77000",876,3219595914893534,3219595914893912
"MEMORY_ALLOCATION","MEMORY_ALLOCATION_FREE","",0,"0x00007f738dc73000",878,3219595914895752,3219595914896225
"MEMORY_ALLOCATION","MEMORY_ALLOCATION_FREE","",0,"0x00007f738dc72000",880,3219595914897902,3219595914898270
"MEMORY_ALLOCATION","MEMORY_ALLOCATION_FREE","",0,"0x00007f738dc71000",882,3219595914899907,3219595914900193
"MEMORY_ALLOCATION","MEMORY_ALLOCATION_ALLOCATE","Agent 3",3072,"0x00007f738dc76000",884,3219595914902016,3219595914902424
"MEMORY_ALLOCATION","MEMORY_ALLOCATION_FREE","",0,"0x00007f738dc75000",889,3219595914920453,3219595914920862
"MEMORY_ALLOCATION","MEMORY_ALLOCATION_FREE","",0,"0x00007f738dc70000",891,3219595914923002,3219595914923356
"MEMORY_ALLOCATION","MEMORY_ALLOCATION_ALLOCATE","Agent 3",3072,"0x00007f738dc77000",893,3219595914925099,3219595914925334
"MEMORY_ALLOCATION","MEMORY_ALLOCATION_ALLOCATE","Agent 3",6144,"0x00007f738dc7c000",898,3219595914932912,3219595914933251
"MEMORY_ALLOCATION","MEMORY_ALLOCATION_ALLOCATE","Agent 3",6144,"0x00007f738dc70000",903,3219595914942263,3219595914942611
"MEMORY_ALLOCATION","MEMORY_ALLOCATION_ALLOCATE","Agent 3",6144,"0x00007f738dc72000",908,3219595914950550,3219595914950987
"MEMORY_ALLOCATION","MEMORY_ALLOCATION_FREE","",0,"0x00007f738dc70000",913,3219595914987078,3219595914987386
"MEMORY_ALLOCATION","MEMORY_ALLOCATION_FREE","",0,"0x00007f738dc7c000",915,3219595914989535,3219595914989876
"MEMORY_ALLOCATION","MEMORY_ALLOCATION_ALLOCATE","Agent 3",3072,"0x00007f738dc74000",917,3219595914991864,3219595914992199
"MEMORY_ALLOCATION","MEMORY_ALLOCATION_FREE","",0,"0x00007f738dc72000",922,3219595915039417,3219595915039745
"MEMORY_ALLOCATION","MEMORY_ALLOCATION_ALLOCATE","Agent 3",3072,"0x00007f738dc75000",924,3219595915041783,3219595915042005
"MEMORY_ALLOCATION","MEMORY_ALLOCATION_FREE","",0,"0x00007f738dc74000",929,3219595915059207,3219595915059570
"MEMORY_ALLOCATION","MEMORY_ALLOCATION_FREE","",0,"0x00007f738dc77000",931,3219595915061513,3219595915061789
"MEMORY_ALLOCATION","MEMORY_ALLOCATION_FREE","",0,"0x00007f738dc76000",933,3219595915063378,3219595915063735
"MEMORY_ALLOCATION","MEMORY_ALLOCATION_FREE","",0,"0x00007f738dc6f000",935,3219595915065911,3219595915066275
"MEMORY_ALLOCATION","MEMORY_ALLOCATION_ALLOCATE","Agent 3",3072,"0x00007f738dc76000",937,3219595915068267,3219595915068620
"MEMORY_ALLOCATION","MEMORY_ALLOCATION_ALLOCATE","Agent 3",3072,"0x00007f738dc77000",942,3219595915076501,3219595915076794
"MEMORY_ALLOCATION","MEMORY_ALLOCATION_ALLOCATE","Agent 3",1536,"0x00007f738dc7c000",947,3219595915084560,3219595915084957
"MEMORY_ALLOCATION","MEMORY_ALLOCATION_ALLOCATE","Agent 3",1536,"0x00007f738dc7d000",952,3219595915092289,3219595915092598
"MEMORY_ALLOCATION","MEMORY_ALLOCATION_ALLOCATE","Agent 3",3072,"0x00007f738dc7e000",957,3219595915100427,3219595915100714
"MEMORY_ALLOCATION","MEMORY_ALLOCATION_ALLOCATE","Agent 3",1536,"0x00007f738dc6f000",962,3219595915109094,3219595915109517
"MEMORY_ALLOCATION","MEMORY_ALLOCATION_ALLOCATE","Agent 3",1536,"0x00007f738dc70000",967,3219595915117029,3219595915117428
"MEMORY_ALLOCATION","MEMORY_ALLOCATION_ALLOCATE","Agent 3",3072,"0x00007f738dc71000",972,3219595915125391,3219595915125820
"MEMORY_ALLOCATION","MEMORY_ALLOCATION_FREE","",0,"0x00007f738dc7e000",977,3219595915159055,3219595915159411
"MEMORY_ALLOCATION","MEMORY_ALLOCATION_ALLOCATE","Agent 3",1536,"0x00007f738dc7e000",979,3219595915163088,3219595915163275
"MEMORY_ALLOCATION","MEMORY_ALLOCATION_FREE","",0,"0x00007f738dc6f000",984,3219595915181608,3219595915181939
"MEMORY_ALLOCATION","MEMORY_ALLOCATION_ALLOCATE","Agent 3",8192,"0x00007f738dc72000",986,3219595915184105,3219595915184472
"MEMORY_ALLOCATION","MEMORY_ALLOCATION_ALLOCATE","Agent 3",8192,"0x00007f738dc9f000",992,3219595915196569,3219595915197055
"MEMORY_ALLOCATION","MEMORY_ALLOCATION_ALLOCATE","Agent 3",3072,"0x00007f738dc6f000",998,3219595915210737,3219595915212038
"MEMORY_ALLOCATION","MEMORY_ALLOCATION_ALLOCATE","Agent 3",3072,"0x00007f738dc74000",1003,3219595915220162,3219595915220473
"MEMORY_ALLOCATION","MEMORY_ALLOCATION_FREE","",0,"0x00007f738dc6f000",1008,3219595915239499,3219595915239795
"MEMORY_ALLOCATION","MEMORY_ALLOCATION_ALLOCATE","Agent 3",3072,"0x00007f738dc6f000",1010,3219595915242016,3219595915242231
"MEMORY_ALLOCATION","MEMORY_ALLOCATION_FREE","",0,"0x00007f738dc74000",1015,3219595915273340,3219595915273610
"MEMORY_ALLOCATION","MEMORY_ALLOCATION_FREE","",0,"0x00007f738dc70000",1017,3219595915275561,3219595915275819
"MEMORY_ALLOCATION","MEMORY_ALLOCATION_FREE","",0,"0x00007f738dc7e000",1019,3219595915277858,3219595915278094
"MEMORY_ALLOCATION","MEMORY_ALLOCATION_FREE","",0,"0x00007f738dc71000",1021,3219595915279873,3219595915280256
"MEMORY_ALLOCATION","MEMORY_ALLOCATION_FREE","",0,"0x00007f738dc7d000",1023,3219595915282101,3219595915282444
"MEMORY_ALLOCATION","MEMORY_ALLOCATION_FREE","",0,"0x00007f738dc7c000",1025,3219595915284418,3219595915284751
"MEMORY_ALLOCATION","MEMORY_ALLOCATION_FREE","",0,"0x00007f738dc77000",1027,3219595915286642,3219595915287026
"MEMORY_ALLOCATION","MEMORY_ALLOCATION_ALLOCATE","Agent 3",3072,"0x00007f738dc74000",1029,3219595915290366,3219595915290641
"MEMORY_ALLOCATION","MEMORY_ALLOCATION_FREE","",0,"0x00007f738dc6f000",1034,3219595915308231,3219595915308667
"MEMORY_ALLOCATION","MEMORY_ALLOCATION_FREE","",0,"0x00007f738dc76000",1036,3219595915310748,3219595915311144
"MEMORY_ALLOCATION","MEMORY_ALLOCATION_ALLOCATE","Agent 3",3072,"0x00007f738dc76000",1038,3219595915313004,3219595915313315
"MEMORY_ALLOCATION","MEMORY_ALLOCATION_ALLOCATE","Agent 3",6144,"0x00007f738dc7c000",1043,3219595915321402,3219595915321762
"MEMORY_ALLOCATION","MEMORY_ALLOCATION_ALLOCATE","Agent 3",6144,"0x00007f738dc6f000",1048,3219595915329601,3219595915330048
"MEMORY_ALLOCATION","MEMORY_ALLOCATION_ALLOCATE","Agent 3",6144,"0x00007f738dca1000",1053,3219595915339836,3219595915340305
"MEMORY_ALLOCATION","MEMORY_ALLOCATION_FREE","",0,"0x00007f738dc6f000",1058,3219595915375005,3219595915375325
"MEMORY_ALLOCATION","MEMORY_ALLOCATION_FREE","",0,"0x00007f738dc7c000",1060,3219595915377667,3219595915377984
"MEMORY_ALLOCATION","MEMORY_ALLOCATION_ALLOCATE","Agent 3",3072,"0x00007f738dc77000",1062,3219595915381774,3219595915382372
"MEMORY_ALLOCATION","MEMORY_ALLOCATION_FREE","",0,"0x00007f738dca1000",1067,3219595915457121,3219595915457751
"MEMORY_ALLOCATION","MEMORY_ALLOCATION_ALLOCATE","Agent 3",3072,"0x00007f738dc6f000",1069,3219595915460707,3219595915461310
"MEMORY_ALLOCATION","MEMORY_ALLOCATION_FREE","",0,"0x00007f738dc77000",1074,3219595915481749,3219595915482430
"MEMORY_ALLOCATION","MEMORY_ALLOCATION_FREE","",0,"0x00007f738dc76000",1076,3219595915484697,3219595915485053
"MEMORY_ALLOCATION","MEMORY_ALLOCATION_FREE","",0,"0x00007f738dc74000",1078,3219595915487084,3219595915487320
"MEMORY_ALLOCATION","MEMORY_ALLOCATION_FREE","",0,"0x00007f738dc75000",1080,3219595915489382,3219595915489956
"MEMORY_ALLOCATION","MEMORY_ALLOCATION_ALLOCATE","Agent 3",3072,"0x00007f738dc70000",1082,3219595915491831,3219595915492074
"MEMORY_ALLOCATION","MEMORY_ALLOCATION_FREE","",0,"0x00007f738dc6f000",1087,3219595915510494,3219595915510812
"MEMORY_ALLOCATION","MEMORY_ALLOCATION_ALLOCATE","Agent 3",1024,"0x00007f738dc71000",1089,3219595915513684,3219595915513923
"MEMORY_ALLOCATION","MEMORY_ALLOCATION_FREE","",0,"0x00007f738dc70000",1094,3219595915537887,3219595915538297
"MEMORY_ALLOCATION","MEMORY_ALLOCATION_FREE","",0,"0x00007f738dc6e000",1096,3219595915540545,3219595915540944
"MEMORY_ALLOCATION","MEMORY_ALLOCATION_FREE","",0,"0x00007f738dc7a000",1114,3219595915600059,3219595915600686
"MEMORY_ALLOCATION","MEMORY_ALLOCATION_FREE","",0,"0x00007f738dc78000",1116,3219595915602671,3219595915603344
"MEMORY_ALLOCATION","MEMORY_ALLOCATION_FREE","",0,"0x00007f738dc9f000",1118,3219595915605625,3219595915606051
"MEMORY_ALLOCATION","MEMORY_ALLOCATION_FREE","",0,"0x00007f738dc72000",1120,3219595915608078,3219595915608426
"MEMORY_ALLOCATION","MEMORY_ALLOCATION_FREE","",0,"0x00007f738dc71000",1124,3219595915626789,3219595915627263
"MEMORY_ALLOCATION","MEMORY_ALLOCATION_ALLOCATE","Agent 3",64,"0x00007f738dc6e000",1126,3219595915629779,3219595915630084
"MEMORY_ALLOCATION","MEMORY_ALLOCATION_ALLOCATE","Agent 3",4096,"0x00007f738dc6f000",1130,3219595915650165,3219595915650549
"MEMORY_ALLOCATION","MEMORY_ALLOCATION_ALLOCATE","Agent 3",4096,"0x00007f738dc70000",1135,3219595915657798,3219595915658152
"MEMORY_ALLOCATION","MEMORY_ALLOCATION_ALLOCATE","Agent 3",4096,"0x00007f738dc71000",1140,3219595915666514,3219595915666958
"MEMORY_ALLOCATION","MEMORY_ALLOCATION_ALLOCATE","Agent 3",2048,"0x00007f738dc72000",1145,3219595915676533,3219595915677069
"MEMORY_ALLOCATION","MEMORY_ALLOCATION_ALLOCATE","Agent 3",2048,"0x00007f738dc73000",1150,3219595915684852,3219595915685151
"MEMORY_ALLOCATION","MEMORY_ALLOCATION_ALLOCATE","Agent 3",4096,"0x00007f738dc74000",1155,3219595915692526,3219595915692982
"MEMORY_ALLOCATION","MEMORY_ALLOCATION_ALLOCATE","Agent 3",2048,"0x00007f738dc75000",1160,3219595915700997,3219595915701416
"MEMORY_ALLOCATION","MEMORY_ALLOCATION_ALLOCATE","Agent 3",2048,"0x00007f738dc76000",1165,3219595915710290,3219595915710733
"MEMORY_ALLOCATION","MEMORY_ALLOCATION_ALLOCATE","Agent 3",4096,"0x00007f738dc77000",1170,3219595915718930,3219595915719370
"MEMORY_ALLOCATION","MEMORY_ALLOCATION_FREE","",0,"0x00007f738dc74000",1175,3219595915741885,3219595915742305
"MEMORY_ALLOCATION","MEMORY_ALLOCATION_ALLOCATE","Agent 3",2048,"0x00007f738dc74000",1177,3219595915745547,3219595915745784
"MEMORY_ALLOCATION","MEMORY_ALLOCATION_FREE","",0,"0x00007f738dc75000",1182,3219595915764142,3219595915764452
"MEMORY_ALLOCATION","MEMORY_ALLOCATION_ALLOCATE","Agent 3",8192,"0x00007f738dc78000",1184,3219595915766542,3219595915766994
"MEMORY_ALLOCATION","MEMORY_ALLOCATION_ALLOCATE","Agent 3",8192,"0x00007f738dc7a000",1190,3219595915779537,3219595915780021
"MEMORY_ALLOCATION","MEMORY_ALLOCATION_ALLOCATE","Agent 3",4096,"0x00007f738dc75000",1196,3219595915792704,3219595915792990
"MEMORY_ALLOCATION","MEMORY_ALLOCATION_ALLOCATE","Agent 3",4096,"0x00007f738dc7c000",1201,3219595915802217,3219595915802693
"MEMORY_ALLOCATION","MEMORY_ALLOCATION_FREE","",0,"0x00007f738dc75000",1206,3219595915821682,3219595915821967
"MEMORY_ALLOCATION","MEMORY_ALLOCATION_ALLOCATE","Agent 3",4096,"0x00007f738dc75000",1208,3219595915823746,3219595915823916
"MEMORY_ALLOCATION","MEMORY_ALLOCATION_FREE","",0,"0x00007f738dc7c000",1213,3219595915866331,3219595915866741
"MEMORY_ALLOCATION","MEMORY_ALLOCATION_FREE","",0,"0x00007f738dc76000",1215,3219595915870321,3219595915870621
"MEMORY_ALLOCATION","MEMORY_ALLOCATION_FREE","",0,"0x00007f738dc74000",1217,3219595915872884,3219595915873130
"MEMORY_ALLOCATION","MEMORY_ALLOCATION_FREE","",0,"0x00007f738dc77000",1219,3219595915874988,3219595915875352
"MEMORY_ALLOCATION","MEMORY_ALLOCATION_FREE","",0,"0x00007f738dc73000",1221,3219595915877292,3219595915877648
"MEMORY_ALLOCATION","MEMORY_ALLOCATION_FREE","",0,"0x00007f738dc72000",1223,3219595915879285,3219595915879626
"MEMORY_ALLOCATION","MEMORY_ALLOCATION_FREE","",0,"0x00007f738dc71000",1225,3219595915881208,3219595915881488
"MEMORY_ALLOCATION","MEMORY_ALLOCATION_ALLOCATE","Agent 3",4096,"0x00007f738dc76000",1227,3219595915883036,3219595915883286
"MEMORY_ALLOCATION","MEMORY_ALLOCATION_FREE","",0,"0x00007f738dc75000",1232,3219595915901403,3219595915901749
"MEMORY_ALLOCATION","MEMORY_ALLOCATION_FREE","",0,"0x00007f738dc70000",1234,3219595915903800,3219595915904081
"MEMORY_ALLOCATION","MEMORY_ALLOCATION_ALLOCATE","Agent 3",4096,"0x00007f738dc77000",1236,3219595915905954,3219595915906181
"MEMORY_ALLOCATION","MEMORY_ALLOCATION_ALLOCATE","Agent 3",8192,"0x00007f738dc7c000",1241,3219595915913986,3219595915914305
"MEMORY_ALLOCATION","MEMORY_ALLOCATION_ALLOCATE","Agent 3",8192,"0x00007f738dc70000",1246,3219595915922388,3219595915922706
"MEMORY_ALLOCATION","MEMORY_ALLOCATION_ALLOCATE","Agent 3",8192,"0x00007f738dc72000",1251,3219595915930860,3219595915931237
"MEMORY_ALLOCATION","MEMORY_ALLOCATION_FREE","",0,"0x00007f738dc70000",1256,3219595915967515,3219595915967826
"MEMORY_ALLOCATION","MEMORY_ALLOCATION_FREE","",0,"0x00007f738dc7c000",1258,3219595915970010,3219595915970371
"MEMORY_ALLOCATION","MEMORY_ALLOCATION_ALLOCATE","Agent 3",4096,"0x00007f738dc74000",1260,3219595915972189,3219595915972473
"MEMORY_ALLOCATION","MEMORY_ALLOCATION_FREE","",0,"0x00007f738dc72000",1265,3219595916019584,3219595916020053
"MEMORY_ALLOCATION","MEMORY_ALLOCATION_ALLOCATE","Agent 3",4096,"0x00007f738dc75000",1267,3219595916022543,3219595916022827
"MEMORY_ALLOCATION","MEMORY_ALLOCATION_FREE","",0,"0x00007f738dc74000",1272,3219595916041013,3219595916041547
"MEMORY_ALLOCATION","MEMORY_ALLOCATION_FREE","",0,"0x00007f738dc77000",1274,3219595916043679,3219595916043991
"MEMORY_ALLOCATION","MEMORY_ALLOCATION_FREE","",0,"0x00007f738dc76000",1276,3219595916045819,3219595916046228
"MEMORY_ALLOCATION","MEMORY_ALLOCATION_FREE","",0,"0x00007f738dc6f000",1278,3219595916048242,3219595916048554
"MEMORY_ALLOCATION","MEMORY_ALLOCATION_ALLOCATE","Agent 3",4096,"0x00007f738dc76000",1280,3219595916050415,3219595916050696
"MEMORY_ALLOCATION","MEMORY_ALLOCATION_ALLOCATE","Agent 3",4096,"0x00007f738dc77000",1285,3219595916058979,3219595916059252
"MEMORY_ALLOCATION","MEMORY_ALLOCATION_ALLOCATE","Agent 3",2048,"0x00007f738dc7c000",1290,3219595916067933,3219595916068271
"MEMORY_ALLOCATION","MEMORY_ALLOCATION_ALLOCATE","Agent 3",2048,"0x00007f738dc7d000",1295,3219595916075966,3219595916076266
"MEMORY_ALLOCATION","MEMORY_ALLOCATION_ALLOCATE","Agent 3",4096,"0x00007f738dc7e000",1300,3219595916083948,3219595916084352
"MEMORY_ALLOCATION","MEMORY_ALLOCATION_ALLOCATE","Agent 3",2048,"0x00007f738dc6f000",1305,3219595916092431,3219595916092869
"MEMORY_ALLOCATION","MEMORY_ALLOCATION_ALLOCATE","Agent 3",2048,"0x00007f738dc70000",1310,3219595916101762,3219595916102313
"MEMORY_ALLOCATION","MEMORY_ALLOCATION_ALLOCATE","Agent 3",4096,"0x00007f738dc71000",1315,3219595916111098,3219595916111549
"MEMORY_ALLOCATION","MEMORY_ALLOCATION_FREE","",0,"0x00007f738dc7e000",1320,3219595916133775,3219595916134221
"MEMORY_ALLOCATION","MEMORY_ALLOCATION_ALLOCATE","Agent 3",2048,"0x00007f738dc7e000",1322,3219595916137714,3219595916137941
"MEMORY_ALLOCATION","MEMORY_ALLOCATION_FREE","",0,"0x00007f738dc6f000",1327,3219595916156740,3219595916157030
"MEMORY_ALLOCATION","MEMORY_ALLOCATION_ALLOCATE","Agent 3",8192,"0x00007f738dc72000",1329,3219595916159042,3219595916159356
"MEMORY_ALLOCATION","MEMORY_ALLOCATION_ALLOCATE","Agent 3",8192,"0x00007f738dc9f000",1335,3219595916171539,3219595916171910
"MEMORY_ALLOCATION","MEMORY_ALLOCATION_ALLOCATE","Agent 3",4096,"0x00007f738dc6f000",1341,3219595916185500,3219595916187055
"MEMORY_ALLOCATION","MEMORY_ALLOCATION_ALLOCATE","Agent 3",4096,"0x00007f738dc74000",1346,3219595916195362,3219595916195672
"MEMORY_ALLOCATION","MEMORY_ALLOCATION_FREE","",0,"0x00007f738dc6f000",1351,3219595916215154,3219595916215449
"MEMORY_ALLOCATION","MEMORY_ALLOCATION_ALLOCATE","Agent 3",4096,"0x00007f738dc6f000",1353,3219595916217713,3219595916217931
"MEMORY_ALLOCATION","MEMORY_ALLOCATION_FREE","",0,"0x00007f738dc74000",1358,3219595916249247,3219595916249499
"MEMORY_ALLOCATION","MEMORY_ALLOCATION_FREE","",0,"0x00007f738dc70000",1360,3219595916251393,3219595916251644
"MEMORY_ALLOCATION","MEMORY_ALLOCATION_FREE","",0,"0x00007f738dc7e000",1362,3219595916253749,3219595916253979
"MEMORY_ALLOCATION","MEMORY_ALLOCATION_FREE","",0,"0x00007f738dc71000",1364,3219595916255855,3219595916256184
"MEMORY_ALLOCATION","MEMORY_ALLOCATION_FREE","",0,"0x00007f738dc7d000",1366,3219595916257952,3219595916258286
"MEMORY_ALLOCATION","MEMORY_ALLOCATION_FREE","",0,"0x00007f738dc7c000",1368,3219595916260011,3219595916260297
"MEMORY_ALLOCATION","MEMORY_ALLOCATION_FREE","",0,"0x00007f738dc77000",1370,3219595916261877,3219595916262126
"MEMORY_ALLOCATION","MEMORY_ALLOCATION_ALLOCATE","Agent 3",4096,"0x00007f738dc74000",1372,3219595916263878,3219595916264127
"MEMORY_ALLOCATION","MEMORY_ALLOCATION_FREE","",0,"0x00007f738dc6f000",1377,3219595916283218,3219595916283621
"MEMORY_ALLOCATION","MEMORY_ALLOCATION_FREE","",0,"0x00007f738dc76000",1379,3219595916285702,3219595916286055
"MEMORY_ALLOCATION","MEMORY_ALLOCATION_ALLOCATE","Agent 3",4096,"0x00007f738dc76000",1381,3219595916287916,3219595916288175
"MEMORY_ALLOCATION","MEMORY_ALLOCATION_ALLOCATE","Agent 3",8192,"0x00007f738dc7c000",1386,3219595916296049,3219595916296394
"MEMORY_ALLOCATION","MEMORY_ALLOCATION_ALLOCATE","Agent 3",8192,"0x00007f738dc6f000",1391,3219595916303936,3219595916304396
"MEMORY_ALLOCATION","MEMORY_ALLOCATION_ALLOCATE","Agent 3",8192,"0x00007f738dca1000",1396,3219595916312081,3219595916312536
"MEMORY_ALLOCATION","MEMORY_ALLOCATION_FREE","",0,"0x00007f738dc6f000",1401,3219595916349523,3219595916350013
"MEMORY_ALLOCATION","MEMORY_ALLOCATION_FREE","",0,"0x00007f738dc7c000",1403,3219595916375444,3219595916376555
"MEMORY_ALLOCATION","MEMORY_ALLOCATION_ALLOCATE","Agent 3",4096,"0x00007f738dc77000",1405,3219595916379591,3219595916380243
"MEMORY_ALLOCATION","MEMORY_ALLOCATION_FREE","",0,"0x00007f738dca1000",1410,3219595916459854,3219595916460343
"MEMORY_ALLOCATION","MEMORY_ALLOCATION_ALLOCATE","Agent 3",4096,"0x00007f738dc6f000",1412,3219595916462890,3219595916463536
"MEMORY_ALLOCATION","MEMORY_ALLOCATION_FREE","",0,"0x00007f738dc77000",1417,3219595916481022,3219595916481269
"MEMORY_ALLOCATION","MEMORY_ALLOCATION_FREE","",0,"0x00007f738dc76000",1419,3219595916483780,3219595916484070
"MEMORY_ALLOCATION","MEMORY_ALLOCATION_FREE","",0,"0x00007f738dc74000",1421,3219595916486515,3219595916486707
"MEMORY_ALLOCATION","MEMORY_ALLOCATION_FREE","",0,"0x00007f738dc75000",1423,3219595916488737,3219595916489198
"MEMORY_ALLOCATION","MEMORY_ALLOCATION_ALLOCATE","Agent 3",4096,"0x00007f738dc70000",1425,3219595916490944,3219595916491216
"MEMORY_ALLOCATION","MEMORY_ALLOCATION_FREE","",0,"0x00007f738dc6f000",1430,3219595916509329,3219595916509647
"MEMORY_ALLOCATION","MEMORY_ALLOCATION_ALLOCATE","Agent 3",1024,"0x00007f738dc71000",1432,3219595916512316,3219595916512506
"MEMORY_ALLOCATION","MEMORY_ALLOCATION_FREE","",0,"0x00007f738dc70000",1437,3219595916546144,3219595916546586
"MEMORY_ALLOCATION","MEMORY_ALLOCATION_FREE","",0,"0x00007f738dc6e000",1439,3219595916549360,3219595916549697
"MEMORY_ALLOCATION","MEMORY_ALLOCATION_FREE","",0,"0x00007f738dc7a000",1457,3219595916608609,3219595916609072
"MEMORY_ALLOCATION","MEMORY_ALLOCATION_FREE","",0,"0x00007f738dc78000",1459,3219595916611146,3219595916611630
"MEMORY_ALLOCATION","MEMORY_ALLOCATION_FREE","",0,"0x00007f738dc9f000",1461,3219595916613909,3219595916614262
"MEMORY_ALLOCATION","MEMORY_ALLOCATION_FREE","",0,"0x00007f738dc72000",1463,3219595916616151,3219595916616439
"MEMORY_ALLOCATION","MEMORY_ALLOCATION_FREE","",0,"0x00007f738dc71000",1467,3219595916634508,3219595916634933
"MEMORY_ALLOCATION","MEMORY_ALLOCATION_ALLOCATE","Agent 3",16,"0x00007f738dc6e000",1469,3219595916638282,3219595916638550
"MEMORY_ALLOCATION","MEMORY_ALLOCATION_FREE","",0,"0x00007f738dc6e000",1476,3219595916674595,3219595916674995
"MEMORY_ALLOCATION","MEMORY_ALLOCATION_ALLOCATE","Agent 3",16,"0x00007f738dc6e000",1478,3219595916679733,3219595916679950
"MEMORY_ALLOCATION","MEMORY_ALLOCATION_ALLOCATE","Agent 3",16,"0x00007f738dc6f000",1482,3219595916700510,3219595916700882
"MEMORY_ALLOCATION","MEMORY_ALLOCATION_ALLOCATE","Agent 3",16,"0x00007f738dc70000",1486,3219595916720020,3219595916720568
"MEMORY_ALLOCATION","MEMORY_ALLOCATION_ALLOCATE","Agent 3",1024,"0x00007f738dc71000",1490,3219595916739687,3219595916740132
"MEMORY_ALLOCATION","MEMORY_ALLOCATION_ALLOCATE","Agent 3",1024,"0x00007f738dc72000",1495,3219595916748934,3219595916749341
"MEMORY_ALLOCATION","MEMORY_ALLOCATION_ALLOCATE","Agent 3",1024,"0x00007f738dc73000",1500,3219595916758316,3219595916758681
"MEMORY_ALLOCATION","MEMORY_ALLOCATION_ALLOCATE","Agent 3",512,"0x00007f738dc74000",1505,3219595916768694,3219595916769238
"MEMORY_ALLOCATION","MEMORY_ALLOCATION_ALLOCATE","Agent 3",512,"0x00007f738dc75000",1510,3219595916781279,3219595916781763
"MEMORY_ALLOCATION","MEMORY_ALLOCATION_ALLOCATE","Agent 3",1024,"0x00007f738dc76000",1515,3219595916791669,3219595916792063
"MEMORY_ALLOCATION","MEMORY_ALLOCATION_ALLOCATE","Agent 3",512,"0x00007f738dc77000",1520,3219595916801318,3219595916801810
"MEMORY_ALLOCATION","MEMORY_ALLOCATION_ALLOCATE","Agent 3",1024,"0x00007f738dc78000",1528,3219595916821622,3219595916822066
"MEMORY_ALLOCATION","MEMORY_ALLOCATION_ALLOCATE","Agent 3",1024,"0x00007f738dc79000",1533,3219595916832573,3219595916833046
"MEMORY_ALLOCATION","MEMORY_ALLOCATION_FREE","",0,"0x00007f738dc78000",1538,3219595916862080,3219595916862594
"MEMORY_ALLOCATION","MEMORY_ALLOCATION_FREE","",0,"0x00007f738dc77000",1540,3219595916864814,3219595916865220
"MEMORY_ALLOCATION","MEMORY_ALLOCATION_FREE","",0,"0x00007f738dc76000",1542,3219595916867660,3219595916868068
"MEMORY_ALLOCATION","MEMORY_ALLOCATION_FREE","",0,"0x00007f738dc75000",1544,3219595916870063,3219595916870428
"MEMORY_ALLOCATION","MEMORY_ALLOCATION_FREE","",0,"0x00007f738dc74000",1546,3219595916872220,3219595916872556
"MEMORY_ALLOCATION","MEMORY_ALLOCATION_FREE","",0,"0x00007f738dc73000",1548,3219595916874297,3219595916874684
"MEMORY_ALLOCATION","MEMORY_ALLOCATION_FREE","",0,"0x00007f738dc72000",1550,3219595916876608,3219595916876928
"MEMORY_ALLOCATION","MEMORY_ALLOCATION_ALLOCATE","Agent 3",1024,"0x00007f738dc7a000",1552,3219595916880297,3219595916880568
"MEMORY_ALLOCATION","MEMORY_ALLOCATION_ALLOCATE","Agent 3",1024,"0x00007f738dc7b000",1554,3219595916883832,3219595916884133
"MEMORY_ALLOCATION","MEMORY_ALLOCATION_ALLOCATE","Agent 3",2048,"0x00007f738dc7c000",1559,3219595916893490,3219595916893902
"MEMORY_ALLOCATION","MEMORY_ALLOCATION_ALLOCATE","Agent 3",2048,"0x00007f738dc7d000",1564,3219595916902251,3219595916902738
"MEMORY_ALLOCATION","MEMORY_ALLOCATION_ALLOCATE","Agent 3",2048,"0x00007f738dc7e000",1569,3219595916910496,3219595916910774
"MEMORY_ALLOCATION","MEMORY_ALLOCATION_FREE","",0,"0x00007f738dc7d000",1574,3219595916931285,3219595916931603
"MEMORY_ALLOCATION","MEMORY_ALLOCATION_FREE","",0,"0x00007f738dc7c000",1576,3219595916933514,3219595916933817
"MEMORY_ALLOCATION","MEMORY_ALLOCATION_ALLOCATE","Agent 3",1024,"0x00007f738dc7c000",1578,3219595916935822,3219595916936099
"MEMORY_ALLOCATION","MEMORY_ALLOCATION_FREE","",0,"0x00007f738dc7e000",1583,3219595916967569,3219595916967979
"MEMORY_ALLOCATION","MEMORY_ALLOCATION_ALLOCATE","Agent 3",1024,"0x00007f738dc7d000",1585,3219595916970190,3219595916970425
"MEMORY_ALLOCATION","MEMORY_ALLOCATION_FREE","",0,"0x00007f738dc7c000",1590,3219595916987019,3219595916987331
"MEMORY_ALLOCATION","MEMORY_ALLOCATION_FREE","",0,"0x00007f738dc7b000",1592,3219595916989207,3219595916989527
"MEMORY_ALLOCATION","MEMORY_ALLOCATION_FREE","",0,"0x00007f738dc7a000",1594,3219595916991355,3219595916991637
"MEMORY_ALLOCATION","MEMORY_ALLOCATION_FREE","",0,"0x00007f738dc79000",1596,3219595916993211,3219595916993664
"MEMORY_ALLOCATION","MEMORY_ALLOCATION_FREE","",0,"0x00007f738dc71000",1598,3219595916995545,3219595916995881
"MEMORY_ALLOCATION","MEMORY_ALLOCATION_ALLOCATE","Agent 3",1024,"0x00007f738dc7e000",1600,3219595916997781,3219595916997994
"MEMORY_ALLOCATION","MEMORY_ALLOCATION_ALLOCATE","Agent 3",1024,"0x00007f738dc71000",1605,3219595917006270,3219595917006525
"MEMORY_ALLOCATION","MEMORY_ALLOCATION_ALLOCATE","Agent 3",512,"0x00007f738dc72000",1610,3219595917024035,3219595917024524
"MEMORY_ALLOCATION","MEMORY_ALLOCATION_ALLOCATE","Agent 3",512,"0x00007f738dc73000",1615,3219595917032283,3219595917032608
"MEMORY_ALLOCATION","MEMORY_ALLOCATION_ALLOCATE","Agent 3",1024,"0x00007f738dc74000",1620,3219595917041537,3219595917041920
"MEMORY_ALLOCATION","MEMORY_ALLOCATION_ALLOCATE","Agent 3",512,"0x00007f738dc75000",1625,3219595917050484,3219595917050916
"MEMORY_ALLOCATION","MEMORY_ALLOCATION_ALLOCATE","Agent 3",1024,"0x00007f738dc76000",1633,3219595917068494,3219595917068983
"MEMORY_ALLOCATION","MEMORY_ALLOCATION_ALLOCATE","Agent 3",1024,"0x00007f738dc77000",1638,3219595917078116,3219595917078612
"MEMORY_ALLOCATION","MEMORY_ALLOCATION_FREE","",0,"0x00007f738dc76000",1643,3219595917106510,3219595917114824
"MEMORY_ALLOCATION","MEMORY_ALLOCATION_FREE","",0,"0x00007f738dc75000",1645,3219595917117535,3219595917117929
"MEMORY_ALLOCATION","MEMORY_ALLOCATION_FREE","",0,"0x00007f738dc74000",1647,3219595917119663,3219595917119969
"MEMORY_ALLOCATION","MEMORY_ALLOCATION_FREE","",0,"0x00007f738dc73000",1649,3219595917121738,3219595917122078
"MEMORY_ALLOCATION","MEMORY_ALLOCATION_FREE","",0,"0x00007f738dc72000",1651,3219595917123708,3219595917124078
"MEMORY_ALLOCATION","MEMORY_ALLOCATION_FREE","",0,"0x00007f738dc71000",1653,3219595917125896,3219595917126243
"MEMORY_ALLOCATION","MEMORY_ALLOCATION_FREE","",0,"0x00007f738dc7e000",1655,3219595917128129,3219595917128435
"MEMORY_ALLOCATION","MEMORY_ALLOCATION_ALLOCATE","Agent 3",1024,"0x00007f738dc7e000",1657,3219595917131488,3219595917131781
"MEMORY_ALLOCATION","MEMORY_ALLOCATION_ALLOCATE","Agent 3",1024,"0x00007f738dc78000",1659,3219595917133817,3219595917134099
"MEMORY_ALLOCATION","MEMORY_ALLOCATION_ALLOCATE","Agent 3",2048,"0x00007f738dc79000",1664,3219595917143655,3219595917144057
"MEMORY_ALLOCATION","MEMORY_ALLOCATION_ALLOCATE","Agent 3",2048,"0x00007f738dc7a000",1669,3219595917152360,3219595917152783
"MEMORY_ALLOCATION","MEMORY_ALLOCATION_ALLOCATE","Agent 3",2048,"0x00007f738dc7b000",1674,3219595917161255,3219595917161539
"MEMORY_ALLOCATION","MEMORY_ALLOCATION_FREE","",0,"0x00007f738dc7a000",1679,3219595917182048,3219595917182355
"MEMORY_ALLOCATION","MEMORY_ALLOCATION_FREE","",0,"0x00007f738dc79000",1681,3219595917184530,3219595917184833
"MEMORY_ALLOCATION","MEMORY_ALLOCATION_ALLOCATE","Agent 3",1024,"0x00007f738dc7c000",1683,3219595917186722,3219595917186955
"MEMORY_ALLOCATION","MEMORY_ALLOCATION_FREE","",0,"0x00007f738dc7b000",1688,3219595917217863,3219595917218232
"MEMORY_ALLOCATION","MEMORY_ALLOCATION_ALLOCATE","Agent 3",1024,"0x00007f738dc79000",1690,3219595917220602,3219595917220908
"MEMORY_ALLOCATION","MEMORY_ALLOCATION_FREE","",0,"0x00007f738dc7c000",1695,3219595917238382,3219595917238708
"MEMORY_ALLOCATION","MEMORY_ALLOCATION_FREE","",0,"0x00007f738dc78000",1697,3219595917240770,3219595917241001
"MEMORY_ALLOCATION","MEMORY_ALLOCATION_FREE","",0,"0x00007f738dc7e000",1699,3219595917242895,3219595917243159
"MEMORY_ALLOCATION","MEMORY_ALLOCATION_FREE","",0,"0x00007f738dc77000",1701,3219595917244818,3219595917245321
"MEMORY_ALLOCATION","MEMORY_ALLOCATION_FREE","",0,"0x00007f738dc7d000",1703,3219595917247393,3219595917247838
"MEMORY_ALLOCATION","MEMORY_ALLOCATION_ALLOCATE","Agent 3",1024,"0x00007f738dc7a000",1705,3219595917249766,3219595917249994
"MEMORY_ALLOCATION","MEMORY_ALLOCATION_FREE","",0,"0x00007f738dc79000",1710,3219595917268381,3219595917268717
"MEMORY_ALLOCATION","MEMORY_ALLOCATION_ALLOCATE","Agent 3",4096,"0x00007f738dc7b000",1712,3219595917272750,3219595917273017
"MEMORY_ALLOCATION","MEMORY_ALLOCATION_FREE","",0,"0x00007f738dc7a000",1717,3219595917304711,3219595917305098
"MEMORY_ALLOCATION","MEMORY_ALLOCATION_FREE","",0,"0x00007f738dc70000",1719,3219595917307199,3219595917307525
"MEMORY_ALLOCATION","MEMORY_ALLOCATION_FREE","",0,"0x00007f738dc6f000",1721,3219595917309534,3219595917309911
"MEMORY_ALLOCATION","MEMORY_ALLOCATION_FREE","",0,"0x00007f738dc6e000",1723,3219595917311863,3219595917312136
"MEMORY_ALLOCATION","MEMORY_ALLOCATION_FREE","",0,"0x00007f738dc7b000",1733,3219595917346681,3219595917347306
"MEMORY_ALLOCATION","MEMORY_ALLOCATION_ALLOCATE","Agent 3",16,"0x00007f738dc6e000",1735,3219595917350521,3219595917350768
"MEMORY_ALLOCATION","MEMORY_ALLOCATION_FREE","",0,"0x00007f738dc6e000",1742,3219595917383953,3219595917384257
"MEMORY_ALLOCATION","MEMORY_ALLOCATION_ALLOCATE","Agent 3",16,"0x00007f738dc6e000",1744,3219595917387357,3219595917387598
"MEMORY_ALLOCATION","MEMORY_ALLOCATION_ALLOCATE","Agent 3",16,"0x00007f738dc6f000",1748,3219595917407635,3219595917408005
"MEMORY_ALLOCATION","MEMORY_ALLOCATION_ALLOCATE","Agent 3",16,"0x00007f738dc70000",1752,3219595917428949,3219595917429321
"MEMORY_ALLOCATION","MEMORY_ALLOCATION_ALLOCATE","Agent 3",1024,"0x00007f738dc71000",1756,3219595917454436,3219595917455024
"MEMORY_ALLOCATION","MEMORY_ALLOCATION_ALLOCATE","Agent 3",1024,"0x00007f738dc72000",1761,3219595917470446,3219595917471090
"MEMORY_ALLOCATION","MEMORY_ALLOCATION_ALLOCATE","Agent 3",1024,"0x00007f738dc73000",1766,3219595917510744,3219595917511727
"MEMORY_ALLOCATION","MEMORY_ALLOCATION_ALLOCATE","Agent 3",512,"0x00007f738dc74000",1771,3219595917521051,3219595917521689
"MEMORY_ALLOCATION","MEMORY_ALLOCATION_ALLOCATE","Agent 3",512,"0x00007f738dc75000",1776,3219595917529727,3219595917530131
"MEMORY_ALLOCATION","MEMORY_ALLOCATION_ALLOCATE","Agent 3",1024,"0x00007f738dc76000",1781,3219595917539476,3219595917539844
"MEMORY_ALLOCATION","MEMORY_ALLOCATION_ALLOCATE","Agent 3",512,"0x00007f738dc77000",1786,3219595917548632,3219595917549066
"MEMORY_ALLOCATION","MEMORY_ALLOCATION_ALLOCATE","Agent 3",1024,"0x00007f738dc78000",1794,3219595917574871,3219595917575241
"MEMORY_ALLOCATION","MEMORY_ALLOCATION_ALLOCATE","Agent 3",1024,"0x00007f738dc79000",1799,3219595917585483,3219595917585851
"MEMORY_ALLOCATION","MEMORY_ALLOCATION_FREE","",0,"0x00007f738dc78000",1804,3219595917614586,3219595917615038
"MEMORY_ALLOCATION","MEMORY_ALLOCATION_FREE","",0,"0x00007f738dc77000",1806,3219595917617155,3219595917617489
"MEMORY_ALLOCATION","MEMORY_ALLOCATION_FREE","",0,"0x00007f738dc76000",1808,3219595917619623,3219595917619901
"MEMORY_ALLOCATION","MEMORY_ALLOCATION_FREE","",0,"0x00007f738dc75000",1810,3219595917621660,3219595917621932
"MEMORY_ALLOCATION","MEMORY_ALLOCATION_FREE","",0,"0x00007f738dc74000",1812,3219595917623673,3219595917624078
"MEMORY_ALLOCATION","MEMORY_ALLOCATION_FREE","",0,"0x00007f738dc73000",1814,3219595917625794,3219595917626073
"MEMORY_ALLOCATION","MEMORY_ALLOCATION_FREE","",0,"0x00007f738dc72000",1816,3219595917627956,3219595917628305
"MEMORY_ALLOCATION","MEMORY_ALLOCATION_ALLOCATE","Agent 3",1024,"0x00007f738dc7a000",1818,3219595917629932,3219595917630168
"MEMORY_ALLOCATION","MEMORY_ALLOCATION_ALLOCATE","Agent 3",1024,"0x00007f738dc7b000",1820,3219595917633716,3219595917634004
"MEMORY_ALLOCATION","MEMORY_ALLOCATION_ALLOCATE","Agent 3",2048,"0x00007f738dc7c000",1825,3219595917642970,3219595917643328
"MEMORY_ALLOCATION","MEMORY_ALLOCATION_ALLOCATE","Agent 3",2048,"0x00007f738dc7d000",1830,3219595917651960,3219595917652466
"MEMORY_ALLOCATION","MEMORY_ALLOCATION_ALLOCATE","Agent 3",2048,"0x00007f738dc7e000",1835,3219595917660190,3219595917660543
"MEMORY_ALLOCATION","MEMORY_ALLOCATION_FREE","",0,"0x00007f738dc7d000",1840,3219595917681279,3219595917681586
"MEMORY_ALLOCATION","MEMORY_ALLOCATION_FREE","",0,"0x00007f738dc7c000",1842,3219595917683887,3219595917684136
"MEMORY_ALLOCATION","MEMORY_ALLOCATION_ALLOCATE","Agent 3",1024,"0x00007f738dc7c000",1844,3219595917686052,3219595917686290
"MEMORY_ALLOCATION","MEMORY_ALLOCATION_FREE","",0,"0x00007f738dc7e000",1849,3219595917717857,3219595917718241
"MEMORY_ALLOCATION","MEMORY_ALLOCATION_ALLOCATE","Agent 3",1024,"0x00007f738dc7d000",1851,3219595917720286,3219595917720523
"MEMORY_ALLOCATION","MEMORY_ALLOCATION_FREE","",0,"0x00007f738dc7c000",1856,3219595917738033,3219595917738333
"MEMORY_ALLOCATION","MEMORY_ALLOCATION_FREE","",0,"0x00007f738dc7b000",1858,3219595917740298,3219595917740602
"MEMORY_ALLOCATION","MEMORY_ALLOCATION_FREE","",0,"0x00007f738dc7a000",1860,3219595917742295,3219595917742577
"MEMORY_ALLOCATION","MEMORY_ALLOCATION_FREE","",0,"0x00007f738dc79000",1862,3219595917744309,3219595917744702
"MEMORY_ALLOCATION","MEMORY_ALLOCATION_FREE","",0,"0x00007f738dc71000",1864,3219595917746511,3219595917746791
"MEMORY_ALLOCATION","MEMORY_ALLOCATION_ALLOCATE","Agent 3",1024,"0x00007f738dc7e000",1866,3219595917748812,3219595917749063
"MEMORY_ALLOCATION","MEMORY_ALLOCATION_ALLOCATE","Agent 3",1024,"0x00007f738dc71000",1871,3219595917757067,3219595917757309
"MEMORY_ALLOCATION","MEMORY_ALLOCATION_ALLOCATE","Agent 3",512,"0x00007f738dc72000",1876,3219595917764873,3219595917765245
"MEMORY_ALLOCATION","MEMORY_ALLOCATION_ALLOCATE","Agent 3",512,"0x00007f738dc73000",1881,3219595917773043,3219595917773431
"MEMORY_ALLOCATION","MEMORY_ALLOCATION_ALLOCATE","Agent 3",1024,"0x00007f738dc74000",1886,3219595917782670,3219595917783095
"MEMORY_ALLOCATION","MEMORY_ALLOCATION_ALLOCATE","Agent 3",512,"0x00007f738dc75000",1891,3219595917793142,3219595917793690
"MEMORY_ALLOCATION","MEMORY_ALLOCATION_ALLOCATE","Agent 3",1024,"0x00007f738dc76000",1899,3219595917810857,3219595917811311
"MEMORY_ALLOCATION","MEMORY_ALLOCATION_ALLOCATE","Agent 3",1024,"0x00007f738dc77000",1904,3219595917819803,3219595917820239
"MEMORY_ALLOCATION","MEMORY_ALLOCATION_FREE","",0,"0x00007f738dc76000",1909,3219595917847533,3219595917847973
"MEMORY_ALLOCATION","MEMORY_ALLOCATION_FREE","",0,"0x00007f738dc75000",1911,3219595917849868,3219595917850157
"MEMORY_ALLOCATION","MEMORY_ALLOCATION_FREE","",0,"0x00007f738dc74000",1913,3219595917852126,3219595917852387
"MEMORY_ALLOCATION","MEMORY_ALLOCATION_FREE","",0,"0x00007f738dc73000",1915,3219595917854275,3219595917854650
"MEMORY_ALLOCATION","MEMORY_ALLOCATION_FREE","",0,"0x00007f738dc72000",1917,3219595917856381,3219595917856667
"MEMORY_ALLOCATION","MEMORY_ALLOCATION_FREE","",0,"0x00007f738dc71000",1919,3219595917858301,3219595917858626
"MEMORY_ALLOCATION","MEMORY_ALLOCATION_FREE","",0,"0x00007f738dc7e000",1921,3219595917860594,3219595917860818
"MEMORY_ALLOCATION","MEMORY_ALLOCATION_ALLOCATE","Agent 3",1024,"0x00007f738dc7e000",1923,3219595917862398,3219595917862630
"MEMORY_ALLOCATION","MEMORY_ALLOCATION_ALLOCATE","Agent 3",1024,"0x00007f738dc78000",1925,3219595917865656,3219595917865935
"MEMORY_ALLOCATION","MEMORY_ALLOCATION_ALLOCATE","Agent 3",2048,"0x00007f738dc79000",1930,3219595917874488,3219595917874836
"MEMORY_ALLOCATION","MEMORY_ALLOCATION_ALLOCATE","Agent 3",2048,"0x00007f738dc7a000",1935,3219595917883128,3219595917883454
"MEMORY_ALLOCATION","MEMORY_ALLOCATION_ALLOCATE","Agent 3",2048,"0x00007f738dc7b000",1940,3219595917892053,3219595917892347
"MEMORY_ALLOCATION","MEMORY_ALLOCATION_FREE","",0,"0x00007f738dc7a000",1945,3219595917913078,3219595917913442
"MEMORY_ALLOCATION","MEMORY_ALLOCATION_FREE","",0,"0x00007f738dc79000",1947,3219595917915387,3219595917915655
"MEMORY_ALLOCATION","MEMORY_ALLOCATION_ALLOCATE","Agent 3",1024,"0x00007f738dc7c000",1949,3219595917917355,3219595917917561
"MEMORY_ALLOCATION","MEMORY_ALLOCATION_FREE","",0,"0x00007f738dc7b000",1954,3219595917949080,3219595917949462
"MEMORY_ALLOCATION","MEMORY_ALLOCATION_ALLOCATE","Agent 3",1024,"0x00007f738dc79000",1956,3219595917951520,3219595917951817
"MEMORY_ALLOCATION","MEMORY_ALLOCATION_FREE","",0,"0x00007f738dc7c000",1961,3219595917969235,3219595917969520
"MEMORY_ALLOCATION","MEMORY_ALLOCATION_FREE","",0,"0x00007f738dc78000",1963,3219595917971627,3219595917971811
"MEMORY_ALLOCATION","MEMORY_ALLOCATION_FREE","",0,"0x00007f738dc7e000",1965,3219595917973673,3219595917974015
"MEMORY_ALLOCATION","MEMORY_ALLOCATION_FREE","",0,"0x00007f738dc77000",1967,3219595917975721,3219595917976105
"MEMORY_ALLOCATION","MEMORY_ALLOCATION_FREE","",0,"0x00007f738dc7d000",1969,3219595917978003,3219595917978385
"MEMORY_ALLOCATION","MEMORY_ALLOCATION_ALLOCATE","Agent 3",1024,"0x00007f738dc7a000",1971,3219595917980281,3219595917980494
"MEMORY_ALLOCATION","MEMORY_ALLOCATION_FREE","",0,"0x00007f738dc79000",1976,3219595917998505,3219595917998797
"MEMORY_ALLOCATION","MEMORY_ALLOCATION_ALLOCATE","Agent 3",4096,"0x00007f738dc7b000",1978,3219595918001101,3219595918001318
"MEMORY_ALLOCATION","MEMORY_ALLOCATION_FREE","",0,"0x00007f738dc7a000",1983,3219595918025594,3219595918025968
"MEMORY_ALLOCATION","MEMORY_ALLOCATION_FREE","",0,"0x00007f738dc70000",1985,3219595918028659,3219595918028939
"MEMORY_ALLOCATION","MEMORY_ALLOCATION_FREE","",0,"0x00007f738dc6f000",1987,3219595918031059,3219595918031383
"MEMORY_ALLOCATION","MEMORY_ALLOCATION_FREE","",0,"0x00007f738dc6e000",1989,3219595918033388,3219595918033655
"MEMORY_ALLOCATION","MEMORY_ALLOCATION_FREE","",0,"0x00007f738dc7b000",1999,3219595918066331,3219595918066750
"MEMORY_ALLOCATION","MEMORY_ALLOCATION_ALLOCATE","Agent 3",16,"0x00007f738dc6e000",2001,3219595918069104,3219595918069352
"MEMORY_ALLOCATION","MEMORY_ALLOCATION_FREE","",0,"0x00007f738dc6e000",2008,3219595918105577,3219595918105893
"MEMORY_ALLOCATION","MEMORY_ALLOCATION_ALLOCATE","Agent 3",8,"0x00007f738dc6e000",2034,3219595918172985,3219595918173429
"MEMORY_ALLOCATION","MEMORY_ALLOCATION_ALLOCATE","Agent 3",8,"0x00007f738dc6f000",2038,3219595918193821,3219595918194219
"MEMORY_ALLOCATION","MEMORY_ALLOCATION_ALLOCATE","Agent 3",8,"0x00007f738dc70000",2042,3219595918214569,3219595918214992
"MEMORY_ALLOCATION","MEMORY_ALLOCATION_ALLOCATE","Agent 3",512,"0x00007f738dc71000",2046,3219595918235338,3219595918235784
"MEMORY_ALLOCATION","MEMORY_ALLOCATION_ALLOCATE","Agent 3",512,"0x00007f738dc72000",2051,3219595918244424,3219595918244764
"MEMORY_ALLOCATION","MEMORY_ALLOCATION_ALLOCATE","Agent 3",512,"0x00007f738dc73000",2056,3219595918252608,3219595918252967
"MEMORY_ALLOCATION","MEMORY_ALLOCATION_ALLOCATE","Agent 3",256,"0x00007f738dc74000",2061,3219595918262140,3219595918262754
"MEMORY_ALLOCATION","MEMORY_ALLOCATION_ALLOCATE","Agent 3",256,"0x00007f738dc75000",2066,3219595918270277,3219595918270584
"MEMORY_ALLOCATION","MEMORY_ALLOCATION_ALLOCATE","Agent 3",512,"0x00007f738dc76000",2071,3219595918279241,3219595918279643
"MEMORY_ALLOCATION","MEMORY_ALLOCATION_ALLOCATE","Agent 3",256,"0x00007f738dc77000",2076,3219595918287640,3219595918287977
"MEMORY_ALLOCATION","MEMORY_ALLOCATION_ALLOCATE","Agent 3",512,"0x00007f738dc78000",2084,3219595918305418,3219595918305824
"MEMORY_ALLOCATION","MEMORY_ALLOCATION_ALLOCATE","Agent 3",512,"0x00007f738dc79000",2089,3219595918315944,3219595918316380
"MEMORY_ALLOCATION","MEMORY_ALLOCATION_FREE","",0,"0x00007f738dc78000",2094,3219595918346235,3219595918346947
"MEMORY_ALLOCATION","MEMORY_ALLOCATION_FREE","",0,"0x00007f738dc77000",2096,3219595918349583,3219595918349881
"MEMORY_ALLOCATION","MEMORY_ALLOCATION_FREE","",0,"0x00007f738dc76000",2098,3219595918351616,3219595918351861
"MEMORY_ALLOCATION","MEMORY_ALLOCATION_FREE","",0,"0x00007f738dc75000",2100,3219595918353710,3219595918353982
"MEMORY_ALLOCATION","MEMORY_ALLOCATION_FREE","",0,"0x00007f738dc74000",2102,3219595918361836,3219595918362202
"MEMORY_ALLOCATION","MEMORY_ALLOCATION_FREE","",0,"0x00007f738dc73000",2104,3219595918363916,3219595918364319
"MEMORY_ALLOCATION","MEMORY_ALLOCATION_FREE","",0,"0x00007f738dc72000",2106,3219595918366043,3219595918366310
"MEMORY_ALLOCATION","MEMORY_ALLOCATION_ALLOCATE","Agent 3",512,"0x00007f738dc7a000",2108,3219595918367866,3219595918368086
"MEMORY_ALLOCATION","MEMORY_ALLOCATION_ALLOCATE","Agent 3",512,"0x00007f738dc7b000",2110,3219595918369943,3219595918370202
"MEMORY_ALLOCATION","MEMORY_ALLOCATION_ALLOCATE","Agent 3",1024,"0x00007f738dc7c000",2115,3219595918384138,3219595918384489
"MEMORY_ALLOCATION","MEMORY_ALLOCATION_ALLOCATE","Agent 3",1024,"0x00007f738dc7d000",2120,3219595918400987,3219595918401462
"MEMORY_ALLOCATION","MEMORY_ALLOCATION_ALLOCATE","Agent 3",1024,"0x00007f738dc7e000",2125,3219595918417576,3219595918418043
"MEMORY_ALLOCATION","MEMORY_ALLOCATION_FREE","",0,"0x00007f738dc7d000",2130,3219595918449176,3219595918450131
"MEMORY_ALLOCATION","MEMORY_ALLOCATION_FREE","",0,"0x00007f738dc7c000",2132,3219595918452274,3219595918452630
"MEMORY_ALLOCATION","MEMORY_ALLOCATION_ALLOCATE","Agent 3",512,"0x00007f738dc7c000",2134,3219595918454973,3219595918455216
"MEMORY_ALLOCATION","MEMORY_ALLOCATION_FREE","",0,"0x00007f738dc7e000",2139,3219595918489034,3219595918489401
"MEMORY_ALLOCATION","MEMORY_ALLOCATION_ALLOCATE","Agent 3",512,"0x00007f738dc7d000",2141,3219595918491514,3219595918491766
"MEMORY_ALLOCATION","MEMORY_ALLOCATION_FREE","",0,"0x00007f738dc7c000",2146,3219595918509313,3219595918509585
"MEMORY_ALLOCATION","MEMORY_ALLOCATION_FREE","",0,"0x00007f738dc7b000",2148,3219595918511622,3219595918511885
"MEMORY_ALLOCATION","MEMORY_ALLOCATION_FREE","",0,"0x00007f738dc7a000",2150,3219595918514020,3219595918514292
"MEMORY_ALLOCATION","MEMORY_ALLOCATION_FREE","",0,"0x00007f738dc79000",2152,3219595918516248,3219595918516739
"MEMORY_ALLOCATION","MEMORY_ALLOCATION_FREE","",0,"0x00007f738dc71000",2154,3219595918519164,3219595918519523
"MEMORY_ALLOCATION","MEMORY_ALLOCATION_ALLOCATE","Agent 3",512,"0x00007f738dc7e000",2156,3219595918521484,3219595918521674
"MEMORY_ALLOCATION","MEMORY_ALLOCATION_ALLOCATE","Agent 3",512,"0x00007f738dc71000",2161,3219595918529616,3219595918529854
"MEMORY_ALLOCATION","MEMORY_ALLOCATION_ALLOCATE","Agent 3",256,"0x00007f738dc72000",2166,3219595918537857,3219595918538219
"MEMORY_ALLOCATION","MEMORY_ALLOCATION_ALLOCATE","Agent 3",256,"0x00007f738dc73000",2171,3219595918545965,3219595918546360
"MEMORY_ALLOCATION","MEMORY_ALLOCATION_ALLOCATE","Agent 3",512,"0x00007f738dc74000",2176,3219595918554986,3219595918555498
"MEMORY_ALLOCATION","MEMORY_ALLOCATION_ALLOCATE","Agent 3",256,"0x00007f738dc75000",2181,3219595918563494,3219595918563974
"MEMORY_ALLOCATION","MEMORY_ALLOCATION_ALLOCATE","Agent 3",512,"0x00007f738dc76000",2189,3219595918589534,3219595918589924
"MEMORY_ALLOCATION","MEMORY_ALLOCATION_ALLOCATE","Agent 3",512,"0x00007f738dc77000",2194,3219595918599105,3219595918599533
"MEMORY_ALLOCATION","MEMORY_ALLOCATION_FREE","",0,"0x00007f738dc76000",2199,3219595918626549,3219595918627126
"MEMORY_ALLOCATION","MEMORY_ALLOCATION_FREE","",0,"0x00007f738dc75000",2201,3219595918629440,3219595918629745
"MEMORY_ALLOCATION","MEMORY_ALLOCATION_FREE","",0,"0x00007f738dc74000",2203,3219595918631879,3219595918632145
"MEMORY_ALLOCATION","MEMORY_ALLOCATION_FREE","",0,"0x00007f738dc73000",2205,3219595918633883,3219595918634296
"MEMORY_ALLOCATION","MEMORY_ALLOCATION_FREE","",0,"0x00007f738dc72000",2207,3219595918635862,3219595918636138
"MEMORY_ALLOCATION","MEMORY_ALLOCATION_FREE","",0,"0x00007f738dc71000",2209,3219595918637833,3219595918638120
"MEMORY_ALLOCATION","MEMORY_ALLOCATION_FREE","",0,"0x00007f738dc7e000",2211,3219595918639824,3219595918640034
"MEMORY_ALLOCATION","MEMORY_ALLOCATION_ALLOCATE","Agent 3",512,"0x00007f738dc7e000",2213,3219595918641604,3219595918641827
"MEMORY_ALLOCATION","MEMORY_ALLOCATION_ALLOCATE","Agent 3",512,"0x00007f738dc78000",2215,3219595918644640,3219595918644930
"MEMORY_ALLOCATION","MEMORY_ALLOCATION_ALLOCATE","Agent 3",1024,"0x00007f738dc79000",2220,3219595918653321,3219595918653621
"MEMORY_ALLOCATION","MEMORY_ALLOCATION_ALLOCATE","Agent 3",1024,"0x00007f738dc7a000",2225,3219595918661058,3219595918661394
"MEMORY_ALLOCATION","MEMORY_ALLOCATION_ALLOCATE","Agent 3",1024,"0x00007f738dc7b000",2230,3219595918669321,3219595918669594
"MEMORY_ALLOCATION","MEMORY_ALLOCATION_FREE","",0,"0x00007f738dc7a000",2235,3219595918690199,3219595918690468
"MEMORY_ALLOCATION","MEMORY_ALLOCATION_FREE","",0,"0x00007f738dc79000",2237,3219595918692522,3219595918692799
"MEMORY_ALLOCATION","MEMORY_ALLOCATION_ALLOCATE","Agent 3",512,"0x00007f738dc7c000",2239,3219595918694670,3219595918694880
"MEMORY_ALLOCATION","MEMORY_ALLOCATION_FREE","",0,"0x00007f738dc7b000",2244,3219595918726000,3219595918726432
"MEMORY_ALLOCATION","MEMORY_ALLOCATION_ALLOCATE","Agent 3",512,"0x00007f738dc79000",2246,3219595918729826,3219595918730106
"MEMORY_ALLOCATION","MEMORY_ALLOCATION_FREE","",0,"0x00007f738dc7c000",2251,3219595918748139,3219595918748443
"MEMORY_ALLOCATION","MEMORY_ALLOCATION_FREE","",0,"0x00007f738dc78000",2253,3219595918750503,3219595918750685
"MEMORY_ALLOCATION","MEMORY_ALLOCATION_FREE","",0,"0x00007f738dc7e000",2255,3219595918752341,3219595918752665
"MEMORY_ALLOCATION","MEMORY_ALLOCATION_FREE","",0,"0x00007f738dc77000",2257,3219595918754426,3219595918754812
"MEMORY_ALLOCATION","MEMORY_ALLOCATION_FREE","",0,"0x00007f738dc7d000",2259,3219595918756605,3219595918757005
"MEMORY_ALLOCATION","MEMORY_ALLOCATION_ALLOCATE","Agent 3",512,"0x00007f738dc7a000",2261,3219595918758965,3219595918759174
"MEMORY_ALLOCATION","MEMORY_ALLOCATION_FREE","",0,"0x00007f738dc79000",2266,3219595918776920,3219595918777255
"MEMORY_ALLOCATION","MEMORY_ALLOCATION_ALLOCATE","Agent 3",2048,"0x00007f738dc7b000",2268,3219595918779314,3219595918779546
"MEMORY_ALLOCATION","MEMORY_ALLOCATION_FREE","",0,"0x00007f738dc7a000",2273,3219595918803221,3219595918803527
"MEMORY_ALLOCATION","MEMORY_ALLOCATION_FREE","",0,"0x00007f738dc70000",2275,3219595918805605,3219595918805861
"MEMORY_ALLOCATION","MEMORY_ALLOCATION_FREE","",0,"0x00007f738dc6f000",2277,3219595918807736,3219595918808064
"MEMORY_ALLOCATION","MEMORY_ALLOCATION_FREE","",0,"0x00007f738dc6e000",2279,3219595918810172,3219595918810414
"MEMORY_ALLOCATION","MEMORY_ALLOCATION_FREE","",0,"0x00007f738dc7b000",2285,3219595918832343,3219595918832760
"MEMORY_ALLOCATION","MEMORY_ALLOCATION_ALLOCATE","Agent 3",16,"0x00007f738dc6e000",2287,3219595918836061,3219595918836300
"MEMORY_ALLOCATION","MEMORY_ALLOCATION_ALLOCATE","Agent 3",1024,"0x00007f738dc6f000",2291,3219595918856795,3219595918857196
"MEMORY_ALLOCATION","MEMORY_ALLOCATION_ALLOCATE","Agent 3",1024,"0x00007f738dc70000",2296,3219595918865145,3219595918865465
"MEMORY_ALLOCATION","MEMORY_ALLOCATION_ALLOCATE","Agent 3",1024,"0x00007f738dc71000",2301,3219595918873865,3219595918874341
"MEMORY_ALLOCATION","MEMORY_ALLOCATION_ALLOCATE","Agent 3",512,"0x00007f738dc72000",2306,3219595918882218,3219595918882588
"MEMORY_ALLOCATION","MEMORY_ALLOCATION_ALLOCATE","Agent 3",512,"0x00007f738dc73000",2311,3219595918891037,3219595918891388
"MEMORY_ALLOCATION","MEMORY_ALLOCATION_ALLOCATE","Agent 3",1024,"0x00007f738dc74000",2316,3219595918899708,3219595918900140
"MEMORY_ALLOCATION","MEMORY_ALLOCATION_ALLOCATE","Agent 3",512,"0x00007f738dc75000",2321,3219595918908568,3219595918908886
"MEMORY_ALLOCATION","MEMORY_ALLOCATION_ALLOCATE","Agent 3",512,"0x00007f738dc76000",2326,3219595918918605,3219595918919038
"MEMORY_ALLOCATION","MEMORY_ALLOCATION_ALLOCATE","Agent 3",1024,"0x00007f738dc77000",2331,3219595918926756,3219595918927187
"MEMORY_ALLOCATION","MEMORY_ALLOCATION_FREE","",0,"0x00007f738dc74000",2336,3219595918949994,3219595918950350
"MEMORY_ALLOCATION","MEMORY_ALLOCATION_ALLOCATE","Agent 3",512,"0x00007f738dc74000",2338,3219595918953984,3219595918954221
"MEMORY_ALLOCATION","MEMORY_ALLOCATION_FREE","",0,"0x00007f738dc75000",2343,3219595918972998,3219595918973340
"MEMORY_ALLOCATION","MEMORY_ALLOCATION_ALLOCATE","Agent 3",8192,"0x00007f738dc78000",2345,3219595918975697,3219595918976114
"MEMORY_ALLOCATION","MEMORY_ALLOCATION_ALLOCATE","Agent 3",8192,"0x00007f738dc7a000",2351,3219595918988538,3219595918989263
"MEMORY_ALLOCATION","MEMORY_ALLOCATION_ALLOCATE","Agent 3",1024,"0x00007f738dc75000",2357,3219595919002144,3219595919002448
"MEMORY_ALLOCATION","MEMORY_ALLOCATION_ALLOCATE","Agent 3",1024,"0x00007f738dc7c000",2362,3219595919012217,3219595919012613
"MEMORY_ALLOCATION","MEMORY_ALLOCATION_FREE","",0,"0x00007f738dc75000",2367,3219595919030705,3219595919030996
"MEMORY_ALLOCATION","MEMORY_ALLOCATION_ALLOCATE","Agent 3",1024,"0x00007f738dc75000",2369,3219595919033328,3219595919033504
"MEMORY_ALLOCATION","MEMORY_ALLOCATION_FREE","",0,"0x00007f738dc7c000",2374,3219595919058007,3219595919058408
"MEMORY_ALLOCATION","MEMORY_ALLOCATION_FREE","",0,"0x00007f738dc76000",2376,3219595919060330,3219595919060616
"MEMORY_ALLOCATION","MEMORY_ALLOCATION_FREE","",0,"0x00007f738dc74000",2378,3219595919062908,3219595919063136
"MEMORY_ALLOCATION","MEMORY_ALLOCATION_FREE","",0,"0x00007f738dc77000",2380,3219595919065051,3219595919065361
"MEMORY_ALLOCATION","MEMORY_ALLOCATION_FREE","",0,"0x00007f738dc73000",2382,3219595919067210,3219595919067556
"MEMORY_ALLOCATION","MEMORY_ALLOCATION_FREE","",0,"0x00007f738dc72000",2384,3219595919069166,3219595919069483
"MEMORY_ALLOCATION","MEMORY_ALLOCATION_FREE","",0,"0x00007f738dc71000",2386,3219595919071209,3219595919071486
"MEMORY_ALLOCATION","MEMORY_ALLOCATION_ALLOCATE","Agent 3",1024,"0x00007f738dc76000",2388,3219595919073136,3219595919073432
"MEMORY_ALLOCATION","MEMORY_ALLOCATION_FREE","",0,"0x00007f738dc75000",2393,3219595919101181,3219595919101564
"MEMORY_ALLOCATION","MEMORY_ALLOCATION_FREE","",0,"0x00007f738dc70000",2395,3219595919103598,3219595919103949
"MEMORY_ALLOCATION","MEMORY_ALLOCATION_ALLOCATE","Agent 3",1024,"0x00007f738dc77000",2397,3219595919105890,3219595919106126
"MEMORY_ALLOCATION","MEMORY_ALLOCATION_ALLOCATE","Agent 3",2048,"0x00007f738dc7c000",2402,3219595919114496,3219595919114864
"MEMORY_ALLOCATION","MEMORY_ALLOCATION_ALLOCATE","Agent 3",2048,"0x00007f738dc7d000",2407,3219595919122568,3219595919122950
"MEMORY_ALLOCATION","MEMORY_ALLOCATION_ALLOCATE","Agent 3",2048,"0x00007f738dc7e000",2412,3219595919131915,3219595919132192
"MEMORY_ALLOCATION","MEMORY_ALLOCATION_FREE","",0,"0x00007f738dc7d000",2417,3219595919152923,3219595919153203
"MEMORY_ALLOCATION","MEMORY_ALLOCATION_FREE","",0,"0x00007f738dc7c000",2419,3219595919154947,3219595919155267
"MEMORY_ALLOCATION","MEMORY_ALLOCATION_ALLOCATE","Agent 3",1024,"0x00007f738dc7c000",2421,3219595919157269,3219595919157514
"MEMORY_ALLOCATION","MEMORY_ALLOCATION_FREE","",0,"0x00007f738dc7e000",2426,3219595919206693,3219595919207142
"MEMORY_ALLOCATION","MEMORY_ALLOCATION_ALLOCATE","Agent 3",1024,"0x00007f738dc7d000",2428,3219595919249315,3219595919249946
"MEMORY_ALLOCATION","MEMORY_ALLOCATION_FREE","",0,"0x00007f738dc7c000",2433,3219595919268355,3219595919268707
"MEMORY_ALLOCATION","MEMORY_ALLOCATION_FREE","",0,"0x00007f738dc77000",2435,3219595919270799,3219595919271078
"MEMORY_ALLOCATION","MEMORY_ALLOCATION_FREE","",0,"0x00007f738dc76000",2437,3219595919272813,3219595919273208
"MEMORY_ALLOCATION","MEMORY_ALLOCATION_FREE","",0,"0x00007f738dc6f000",2439,3219595919275092,3219595919275436
"MEMORY_ALLOCATION","MEMORY_ALLOCATION_ALLOCATE","Agent 3",1024,"0x00007f738dc7e000",2441,3219595919277165,3219595919277396
"MEMORY_ALLOCATION","MEMORY_ALLOCATION_ALLOCATE","Agent 3",1024,"0x00007f738dc7c000",2446,3219595919284799,3219595919285027
"MEMORY_ALLOCATION","MEMORY_ALLOCATION_ALLOCATE","Agent 3",512,"0x00007f738dc6f000",2451,3219595919296154,3219595919296496
"MEMORY_ALLOCATION","MEMORY_ALLOCATION_ALLOCATE","Agent 3",512,"0x00007f738dc70000",2456,3219595919304044,3219595919304407
"MEMORY_ALLOCATION","MEMORY_ALLOCATION_ALLOCATE","Agent 3",1024,"0x00007f738dc71000",2461,3219595919312348,3219595919312717
"MEMORY_ALLOCATION","MEMORY_ALLOCATION_ALLOCATE","Agent 3",512,"0x00007f738dc72000",2466,3219595919337799,3219595919338397
"MEMORY_ALLOCATION","MEMORY_ALLOCATION_ALLOCATE","Agent 3",512,"0x00007f738dc73000",2471,3219595919359096,3219595919359692
"MEMORY_ALLOCATION","MEMORY_ALLOCATION_ALLOCATE","Agent 3",1024,"0x00007f738dc74000",2476,3219595919375941,3219595919376446
"MEMORY_ALLOCATION","MEMORY_ALLOCATION_FREE","",0,"0x00007f738dc71000",2481,3219595919403379,3219595919403775
"MEMORY_ALLOCATION","MEMORY_ALLOCATION_ALLOCATE","Agent 3",512,"0x00007f738dc71000",2483,3219595919407460,3219595919407686
"MEMORY_ALLOCATION","MEMORY_ALLOCATION_FREE","",0,"0x00007f738dc72000",2488,3219595919425842,3219595919426152
"MEMORY_ALLOCATION","MEMORY_ALLOCATION_ALLOCATE","Agent 3",8192,"0x00007f738dc75000",2490,3219595919428899,3219595919429322
"MEMORY_ALLOCATION","MEMORY_ALLOCATION_ALLOCATE","Agent 3",8192,"0x00007f738dc9f000",2496,3219595919443331,3219595919443903
"MEMORY_ALLOCATION","MEMORY_ALLOCATION_ALLOCATE","Agent 3",1024,"0x00007f738dc72000",2502,3219595919456486,3219595919456786
"MEMORY_ALLOCATION","MEMORY_ALLOCATION_ALLOCATE","Agent 3",1024,"0x00007f738dc77000",2507,3219595919465619,3219595919465931
"MEMORY_ALLOCATION","MEMORY_ALLOCATION_FREE","",0,"0x00007f738dc72000",2512,3219595919485102,3219595919485512
"MEMORY_ALLOCATION","MEMORY_ALLOCATION_ALLOCATE","Agent 3",1024,"0x00007f738dc72000",2514,3219595919487320,3219595919487526
"MEMORY_ALLOCATION","MEMORY_ALLOCATION_FREE","",0,"0x00007f738dc77000",2519,3219595919512537,3219595919512809
"MEMORY_ALLOCATION","MEMORY_ALLOCATION_FREE","",0,"0x00007f738dc73000",2521,3219595919516197,3219595919516421
"MEMORY_ALLOCATION","MEMORY_ALLOCATION_FREE","",0,"0x00007f738dc71000",2523,3219595919518430,3219595919518625
"MEMORY_ALLOCATION","MEMORY_ALLOCATION_FREE","",0,"0x00007f738dc74000",2525,3219595919520437,3219595919520761
"MEMORY_ALLOCATION","MEMORY_ALLOCATION_FREE","",0,"0x00007f738dc70000",2527,3219595919522404,3219595919522755
"MEMORY_ALLOCATION","MEMORY_ALLOCATION_FREE","",0,"0x00007f738dc6f000",2529,3219595919524659,3219595919524976
"MEMORY_ALLOCATION","MEMORY_ALLOCATION_FREE","",0,"0x00007f738dc7c000",2531,3219595919526734,3219595919526956
"MEMORY_ALLOCATION","MEMORY_ALLOCATION_ALLOCATE","Agent 3",1024,"0x00007f738dc77000",2533,3219595919528536,3219595919528738
"MEMORY_ALLOCATION","MEMORY_ALLOCATION_FREE","",0,"0x00007f738dc72000",2538,3219595919546404,3219595919546917
"MEMORY_ALLOCATION","MEMORY_ALLOCATION_FREE","",0,"0x00007f738dc7e000",2540,3219595919548972,3219595919549200
"MEMORY_ALLOCATION","MEMORY_ALLOCATION_ALLOCATE","Agent 3",1024,"0x00007f738dc7c000",2542,3219595919550943,3219595919551144
"MEMORY_ALLOCATION","MEMORY_ALLOCATION_ALLOCATE","Agent 3",2048,"0x00007f738dc7e000",2547,3219595919558633,3219595919558904
"MEMORY_ALLOCATION","MEMORY_ALLOCATION_ALLOCATE","Agent 3",2048,"0x00007f738dc6f000",2552,3219595919565342,3219595919565630
"MEMORY_ALLOCATION","MEMORY_ALLOCATION_ALLOCATE","Agent 3",2048,"0x00007f738dc70000",2557,3219595919573079,3219595919573398
"MEMORY_ALLOCATION","MEMORY_ALLOCATION_FREE","",0,"0x00007f738dc6f000",2562,3219595919595164,3219595919595462
"MEMORY_ALLOCATION","MEMORY_ALLOCATION_FREE","",0,"0x00007f738dc7e000",2564,3219595919597341,3219595919597564
"MEMORY_ALLOCATION","MEMORY_ALLOCATION_ALLOCATE","Agent 3",1024,"0x00007f738dc6f000",2566,3219595919599244,3219595919599477
"MEMORY_ALLOCATION","MEMORY_ALLOCATION_FREE","",0,"0x00007f738dc70000",2571,3219595919630411,3219595919630731
"MEMORY_ALLOCATION","MEMORY_ALLOCATION_ALLOCATE","Agent 3",1024,"0x00007f738dc7e000",2573,3219595919632546,3219595919632726
"MEMORY_ALLOCATION","MEMORY_ALLOCATION_FREE","",0,"0x00007f738dc6f000",2578,3219595919649800,3219595919650123
"MEMORY_ALLOCATION","MEMORY_ALLOCATION_FREE","",0,"0x00007f738dc7c000",2580,3219595919655163,3219595919655390
"MEMORY_ALLOCATION","MEMORY_ALLOCATION_FREE","",0,"0x00007f738dc77000",2582,3219595919658378,3219595919658603
"MEMORY_ALLOCATION","MEMORY_ALLOCATION_FREE","",0,"0x00007f738dc7d000",2584,3219595919660285,3219595919660597
"MEMORY_ALLOCATION","MEMORY_ALLOCATION_ALLOCATE","Agent 3",1024,"0x00007f738dc77000",2586,3219595919662176,3219595919662395
"MEMORY_ALLOCATION","MEMORY_ALLOCATION_FREE","",0,"0x00007f738dc7e000",2591,3219595919679550,3219595919679948
"MEMORY_ALLOCATION","MEMORY_ALLOCATION_ALLOCATE","Agent 3",1024,"0x00007f738dc7c000",2593,3219595919682311,3219595919682573
"MEMORY_ALLOCATION","MEMORY_ALLOCATION_FREE","",0,"0x00007f738dc77000",2598,3219595919706548,3219595919706823
"MEMORY_ALLOCATION","MEMORY_ALLOCATION_FREE","",0,"0x00007f738dc6e000",2600,3219595919709093,3219595919709465
"MEMORY_ALLOCATION","MEMORY_ALLOCATION_FREE","",0,"0x00007f738dc7a000",2618,3219595919773819,3219595919774152
"MEMORY_ALLOCATION","MEMORY_ALLOCATION_FREE","",0,"0x00007f738dc78000",2620,3219595919776172,3219595919776575
"MEMORY_ALLOCATION","MEMORY_ALLOCATION_FREE","",0,"0x00007f738dc9f000",2622,3219595919778476,3219595919778816
"MEMORY_ALLOCATION","MEMORY_ALLOCATION_FREE","",0,"0x00007f738dc75000",2624,3219595919780494,3219595919780940
"MEMORY_ALLOCATION","MEMORY_ALLOCATION_FREE","",0,"0x00007f738dc7c000",2628,3219595919799318,3219595919799709
"MEMORY_ALLOCATION","MEMORY_ALLOCATION_ALLOCATE","Agent 3",32,"0x00007f738dc6e000",2630,3219595919802122,3219595919802339
"MEMORY_ALLOCATION","MEMORY_ALLOCATION_ALLOCATE","Agent 3",2048,"0x00007f738dc6f000",2634,3219595919821713,3219595919822018
"MEMORY_ALLOCATION","MEMORY_ALLOCATION_ALLOCATE","Agent 3",2048,"0x00007f738dc70000",2639,3219595919828867,3219595919829193
"MEMORY_ALLOCATION","MEMORY_ALLOCATION_ALLOCATE","Agent 3",2048,"0x00007f738dc71000",2644,3219595919836928,3219595919837284
"MEMORY_ALLOCATION","MEMORY_ALLOCATION_ALLOCATE","Agent 3",1024,"0x00007f738dc72000",2649,3219595919844810,3219595919845231
"MEMORY_ALLOCATION","MEMORY_ALLOCATION_ALLOCATE","Agent 3",1024,"0x00007f738dc73000",2654,3219595919852398,3219595919853059
"MEMORY_ALLOCATION","MEMORY_ALLOCATION_ALLOCATE","Agent 3",2048,"0x00007f738dc74000",2659,3219595919860713,3219595919861186
"MEMORY_ALLOCATION","MEMORY_ALLOCATION_ALLOCATE","Agent 3",1024,"0x00007f738dc75000",2664,3219595919869692,3219595919870101
"MEMORY_ALLOCATION","MEMORY_ALLOCATION_ALLOCATE","Agent 3",1024,"0x00007f738dc76000",2669,3219595919880010,3219595919880357
"MEMORY_ALLOCATION","MEMORY_ALLOCATION_ALLOCATE","Agent 3",2048,"0x00007f738dc77000",2674,3219595919887560,3219595919887932
"MEMORY_ALLOCATION","MEMORY_ALLOCATION_FREE","",0,"0x00007f738dc74000",2679,3219595919908768,3219595919909188
"MEMORY_ALLOCATION","MEMORY_ALLOCATION_ALLOCATE","Agent 3",1024,"0x00007f738dc74000",2681,3219595919912372,3219595919912549
"MEMORY_ALLOCATION","MEMORY_ALLOCATION_FREE","",0,"0x00007f738dc75000",2686,3219595919930780,3219595919931074
"MEMORY_ALLOCATION","MEMORY_ALLOCATION_ALLOCATE","Agent 3",8192,"0x00007f738dc78000",2688,3219595919933174,3219595919933653
"MEMORY_ALLOCATION","MEMORY_ALLOCATION_ALLOCATE","Agent 3",8192,"0x00007f738dc7a000",2694,3219595919944995,3219595919945409
"MEMORY_ALLOCATION","MEMORY_ALLOCATION_ALLOCATE","Agent 3",2048,"0x00007f738dc75000",2700,3219595919958452,3219595919959368
"MEMORY_ALLOCATION","MEMORY_ALLOCATION_ALLOCATE","Agent 3",2048,"0x00007f738dc7c000",2705,3219595919968011,3219595919968531
"MEMORY_ALLOCATION","MEMORY_ALLOCATION_FREE","",0,"0x00007f738dc75000",2710,3219595919986612,3219595919986890
"MEMORY_ALLOCATION","MEMORY_ALLOCATION_ALLOCATE","Agent 3",2048,"0x00007f738dc75000",2712,3219595919988424,3219595919988591
"MEMORY_ALLOCATION","MEMORY_ALLOCATION_FREE","",0,"0x00007f738dc7c000",2717,3219595920013407,3219595920013882
"MEMORY_ALLOCATION","MEMORY_ALLOCATION_FREE","",0,"0x00007f738dc76000",2719,3219595920015958,3219595920016218
"MEMORY_ALLOCATION","MEMORY_ALLOCATION_FREE","",0,"0x00007f738dc74000",2721,3219595920017990,3219595920018217
"MEMORY_ALLOCATION","MEMORY_ALLOCATION_FREE","",0,"0x00007f738dc77000",2723,3219595920020034,3219595920020285
"MEMORY_ALLOCATION","MEMORY_ALLOCATION_FREE","",0,"0x00007f738dc73000",2725,3219595920022021,3219595920022485
"MEMORY_ALLOCATION","MEMORY_ALLOCATION_FREE","",0,"0x00007f738dc72000",2727,3219595920024262,3219595920024577
"MEMORY_ALLOCATION","MEMORY_ALLOCATION_FREE","",0,"0x00007f738dc71000",2729,3219595920026357,3219595920026610
"MEMORY_ALLOCATION","MEMORY_ALLOCATION_ALLOCATE","Agent 3",2048,"0x00007f738dc76000",2731,3219595920028554,3219595920028913
"MEMORY_ALLOCATION","MEMORY_ALLOCATION_FREE","",0,"0x00007f738dc75000",2736,3219595920047363,3219595920047729
"MEMORY_ALLOCATION","MEMORY_ALLOCATION_FREE","",0,"0x00007f738dc70000",2738,3219595920049779,3219595920050040
"MEMORY_ALLOCATION","MEMORY_ALLOCATION_ALLOCATE","Agent 3",2048,"0x00007f738dc77000",2740,3219595920051627,3219595920051842
"MEMORY_ALLOCATION","MEMORY_ALLOCATION_ALLOCATE","Agent 3",4096,"0x00007f738dc7c000",2745,3219595920059118,3219595920059467
"MEMORY_ALLOCATION","MEMORY_ALLOCATION_ALLOCATE","Agent 3",4096,"0x00007f738dc7d000",2750,3219595920066875,3219595920067269
"MEMORY_ALLOCATION","MEMORY_ALLOCATION_ALLOCATE","Agent 3",4096,"0x00007f738dc7e000",2755,3219595920075224,3219595920075435
"MEMORY_ALLOCATION","MEMORY_ALLOCATION_FREE","",0,"0x00007f738dc7d000",2760,3219595920096713,3219595920096994
"MEMORY_ALLOCATION","MEMORY_ALLOCATION_FREE","",0,"0x00007f738dc7c000",2762,3219595920100859,3219595920101162
"MEMORY_ALLOCATION","MEMORY_ALLOCATION_ALLOCATE","Agent 3",2048,"0x00007f738dc7c000",2764,3219595920102883,3219595920103114
"MEMORY_ALLOCATION","MEMORY_ALLOCATION_FREE","",0,"0x00007f738dc7e000",2769,3219595920143646,3219595920144034
"MEMORY_ALLOCATION","MEMORY_ALLOCATION_ALLOCATE","Agent 3",2048,"0x00007f738dc7d000",2771,3219595920146037,3219595920146312
"MEMORY_ALLOCATION","MEMORY_ALLOCATION_FREE","",0,"0x00007f738dc7c000",2776,3219595920163524,3219595920163756
"MEMORY_ALLOCATION","MEMORY_ALLOCATION_FREE","",0,"0x00007f738dc77000",2778,3219595920165810,3219595920166075
"MEMORY_ALLOCATION","MEMORY_ALLOCATION_FREE","",0,"0x00007f738dc76000",2780,3219595920167813,3219595920168176
"MEMORY_ALLOCATION","MEMORY_ALLOCATION_FREE","",0,"0x00007f738dc6f000",2782,3219595920170080,3219595920170355
"MEMORY_ALLOCATION","MEMORY_ALLOCATION_ALLOCATE","Agent 3",2048,"0x00007f738dc7e000",2784,3219595920172128,3219595920172342
"MEMORY_ALLOCATION","MEMORY_ALLOCATION_ALLOCATE","Agent 3",2048,"0x00007f738dc7c000",2789,3219595920180056,3219595920180295
"MEMORY_ALLOCATION","MEMORY_ALLOCATION_ALLOCATE","Agent 3",1024,"0x00007f738dc6f000",2794,3219595920187883,3219595920188188
"MEMORY_ALLOCATION","MEMORY_ALLOCATION_ALLOCATE","Agent 3",1024,"0x00007f738dc70000",2799,3219595920195143,3219595920195436
"MEMORY_ALLOCATION","MEMORY_ALLOCATION_ALLOCATE","Agent 3",2048,"0x00007f738dc71000",2804,3219595920206695,3219595920207099
"MEMORY_ALLOCATION","MEMORY_ALLOCATION_ALLOCATE","Agent 3",1024,"0x00007f738dc72000",2809,3219595920218107,3219595920218503
"MEMORY_ALLOCATION","MEMORY_ALLOCATION_ALLOCATE","Agent 3",1024,"0x00007f738dc73000",2814,3219595920237307,3219595920238373
"MEMORY_ALLOCATION","MEMORY_ALLOCATION_ALLOCATE","Agent 3",2048,"0x00007f738dc74000",2819,3219595920284697,3219595920285354
"MEMORY_ALLOCATION","MEMORY_ALLOCATION_FREE","",0,"0x00007f738dc71000",2824,3219595920309331,3219595920309777
"MEMORY_ALLOCATION","MEMORY_ALLOCATION_ALLOCATE","Agent 3",1024,"0x00007f738dc71000",2826,3219595920313199,3219595920313393
"MEMORY_ALLOCATION","MEMORY_ALLOCATION_FREE","",0,"0x00007f738dc72000",2831,3219595920330991,3219595920331261
"MEMORY_ALLOCATION","MEMORY_ALLOCATION_ALLOCATE","Agent 3",8192,"0x00007f738dc75000",2833,3219595920333339,3219595920333690
"MEMORY_ALLOCATION","MEMORY_ALLOCATION_ALLOCATE","Agent 3",8192,"0x00007f738dc9f000",2839,3219595920345376,3219595920346909
"MEMORY_ALLOCATION","MEMORY_ALLOCATION_ALLOCATE","Agent 3",2048,"0x00007f738dc72000",2845,3219595920358696,3219595920358980
"MEMORY_ALLOCATION","MEMORY_ALLOCATION_ALLOCATE","Agent 3",2048,"0x00007f738dc77000",2850,3219595920367748,3219595920368128
"MEMORY_ALLOCATION","MEMORY_ALLOCATION_FREE","",0,"0x00007f738dc72000",2855,3219595920387144,3219595920387355
"MEMORY_ALLOCATION","MEMORY_ALLOCATION_ALLOCATE","Agent 3",2048,"0x00007f738dc72000",2857,3219595920389250,3219595920389421
"MEMORY_ALLOCATION","MEMORY_ALLOCATION_FREE","",0,"0x00007f738dc77000",2862,3219595920413070,3219595920413297
"MEMORY_ALLOCATION","MEMORY_ALLOCATION_FREE","",0,"0x00007f738dc73000",2864,3219595920415022,3219595920415243
"MEMORY_ALLOCATION","MEMORY_ALLOCATION_FREE","",0,"0x00007f738dc71000",2866,3219595920416839,3219595920417037
"MEMORY_ALLOCATION","MEMORY_ALLOCATION_FREE","",0,"0x00007f738dc74000",2868,3219595920418875,3219595920419190
"MEMORY_ALLOCATION","MEMORY_ALLOCATION_FREE","",0,"0x00007f738dc70000",2870,3219595920420770,3219595920421096
"MEMORY_ALLOCATION","MEMORY_ALLOCATION_FREE","",0,"0x00007f738dc6f000",2872,3219595920423130,3219595920423419
"MEMORY_ALLOCATION","MEMORY_ALLOCATION_FREE","",0,"0x00007f738dc7c000",2874,3219595920425395,3219595920425608
"MEMORY_ALLOCATION","MEMORY_ALLOCATION_ALLOCATE","Agent 3",2048,"0x00007f738dc77000",2876,3219595920427181,3219595920427379
"MEMORY_ALLOCATION","MEMORY_ALLOCATION_FREE","",0,"0x00007f738dc72000",2881,3219595920444863,3219595920445299
"MEMORY_ALLOCATION","MEMORY_ALLOCATION_FREE","",0,"0x00007f738dc7e000",2883,3219595920447525,3219595920447755
"MEMORY_ALLOCATION","MEMORY_ALLOCATION_ALLOCATE","Agent 3",2048,"0x00007f738dc7c000",2885,3219595920449572,3219595920449769
"MEMORY_ALLOCATION","MEMORY_ALLOCATION_ALLOCATE","Agent 3",4096,"0x00007f738dc7e000",2890,3219595920457094,3219595920457347
"MEMORY_ALLOCATION","MEMORY_ALLOCATION_ALLOCATE","Agent 3",4096,"0x00007f738dc6f000",2895,3219595920465962,3219595920466273
"MEMORY_ALLOCATION","MEMORY_ALLOCATION_ALLOCATE","Agent 3",4096,"0x00007f738dc70000",2900,3219595920473054,3219595920473367
"MEMORY_ALLOCATION","MEMORY_ALLOCATION_FREE","",0,"0x00007f738dc6f000",2905,3219595920494572,3219595920494835
"MEMORY_ALLOCATION","MEMORY_ALLOCATION_FREE","",0,"0x00007f738dc7e000",2907,3219595920496909,3219595920497107
"MEMORY_ALLOCATION","MEMORY_ALLOCATION_ALLOCATE","Agent 3",2048,"0x00007f738dc6f000",2909,3219595920498615,3219595920498822
"MEMORY_ALLOCATION","MEMORY_ALLOCATION_FREE","",0,"0x00007f738dc70000",2914,3219595920529841,3219595920530206
"MEMORY_ALLOCATION","MEMORY_ALLOCATION_ALLOCATE","Agent 3",2048,"0x00007f738dc7e000",2916,3219595920531814,3219595920532021
"MEMORY_ALLOCATION","MEMORY_ALLOCATION_FREE","",0,"0x00007f738dc6f000",2921,3219595920549821,3219595920550119
"MEMORY_ALLOCATION","MEMORY_ALLOCATION_FREE","",0,"0x00007f738dc7c000",2923,3219595920552019,3219595920552197
"MEMORY_ALLOCATION","MEMORY_ALLOCATION_FREE","",0,"0x00007f738dc77000",2925,3219595920553830,3219595920554032
"MEMORY_ALLOCATION","MEMORY_ALLOCATION_FREE","",0,"0x00007f738dc7d000",2927,3219595920558095,3219595920558381
"MEMORY_ALLOCATION","MEMORY_ALLOCATION_ALLOCATE","Agent 3",2048,"0x00007f738dc77000",2929,3219595920559975,3219595920560141
"MEMORY_ALLOCATION","MEMORY_ALLOCATION_FREE","",0,"0x00007f738dc7e000",2934,3219595920577291,3219595920577728
"MEMORY_ALLOCATION","MEMORY_ALLOCATION_ALLOCATE","Agent 3",1024,"0x00007f738dc7c000",2936,3219595920579861,3219595920580119
"MEMORY_ALLOCATION","MEMORY_ALLOCATION_FREE","",0,"0x00007f738dc77000",2941,3219595920603981,3219595920604251
"MEMORY_ALLOCATION","MEMORY_ALLOCATION_FREE","",0,"0x00007f738dc6e000",2943,3219595920606477,3219595920606812
"MEMORY_ALLOCATION","MEMORY_ALLOCATION_FREE","",0,"0x00007f738dc7a000",2961,3219595920672633,3219595920673084
"MEMORY_ALLOCATION","MEMORY_ALLOCATION_FREE","",0,"0x00007f738dc78000",2963,3219595920688276,3219595920689095
"MEMORY_ALLOCATION","MEMORY_ALLOCATION_FREE","",0,"0x00007f738dc9f000",2965,3219595920691457,3219595920692010
"MEMORY_ALLOCATION","MEMORY_ALLOCATION_FREE","",0,"0x00007f738dc75000",2967,3219595920713492,3219595920714087
"MEMORY_ALLOCATION","MEMORY_ALLOCATION_FREE","",0,"0x00007f738dc7c000",2971,3219595920754346,3219595920754712
"MEMORY_ALLOCATION","MEMORY_ALLOCATION_ALLOCATE","Agent 3",16,"0x00007f738dc6e000",2973,3219595920757083,3219595920757364
"MEMORY_ALLOCATION","MEMORY_ALLOCATION_FREE","",0,"0x00007f738dc6e000",2980,3219595920788617,3219595920788914
"MEMORY_ALLOCATION","MEMORY_ALLOCATION_ALLOCATE","Agent 3",12,"0x00007f738dc6e000",2994,3219595920816820,3219595920817086
"MEMORY_ALLOCATION","MEMORY_ALLOCATION_ALLOCATE","Agent 3",12,"0x00007f738dc6f000",2998,3219595920838045,3219595920838412
"MEMORY_ALLOCATION","MEMORY_ALLOCATION_ALLOCATE","Agent 3",12,"0x00007f738dc70000",3002,3219595920858455,3219595920858765
"MEMORY_ALLOCATION","MEMORY_ALLOCATION_ALLOCATE","Agent 3",768,"0x00007f738dc71000",3006,3219595920878598,3219595920878998
"MEMORY_ALLOCATION","MEMORY_ALLOCATION_ALLOCATE","Agent 3",768,"0x00007f738dc72000",3011,3219595920886718,3219595920887027
"MEMORY_ALLOCATION","MEMORY_ALLOCATION_ALLOCATE","Agent 3",768,"0x00007f738dc73000",3016,3219595920894956,3219595920895318
"MEMORY_ALLOCATION","MEMORY_ALLOCATION_ALLOCATE","Agent 3",384,"0x00007f738dc74000",3021,3219595920903323,3219595920903736
"MEMORY_ALLOCATION","MEMORY_ALLOCATION_ALLOCATE","Agent 3",384,"0x00007f738dc75000",3026,3219595920910605,3219595920911018
"MEMORY_ALLOCATION","MEMORY_ALLOCATION_ALLOCATE","Agent 3",768,"0x00007f738dc76000",3031,3219595920919022,3219595920919439
"MEMORY_ALLOCATION","MEMORY_ALLOCATION_ALLOCATE","Agent 3",384,"0x00007f738dc77000",3036,3219595920929605,3219595920929937
"MEMORY_ALLOCATION","MEMORY_ALLOCATION_ALLOCATE","Agent 3",768,"0x00007f738dc78000",3044,3219595920954781,3219595920955188
"MEMORY_ALLOCATION","MEMORY_ALLOCATION_ALLOCATE","Agent 3",768,"0x00007f738dc79000",3049,3219595920964410,3219595920964774
"MEMORY_ALLOCATION","MEMORY_ALLOCATION_FREE","",0,"0x00007f738dc78000",3054,3219595920993782,3219595920994131
"MEMORY_ALLOCATION","MEMORY_ALLOCATION_FREE","",0,"0x00007f738dc77000",3056,3219595920996250,3219595920996537
"MEMORY_ALLOCATION","MEMORY_ALLOCATION_FREE","",0,"0x00007f738dc76000",3058,3219595920998484,3219595920998760
"MEMORY_ALLOCATION","MEMORY_ALLOCATION_FREE","",0,"0x00007f738dc75000",3060,3219595921000324,3219595921000555
"MEMORY_ALLOCATION","MEMORY_ALLOCATION_FREE","",0,"0x00007f738dc74000",3062,3219595921002068,3219595921002394
"MEMORY_ALLOCATION","MEMORY_ALLOCATION_FREE","",0,"0x00007f738dc73000",3064,3219595921003906,3219595921004212
"MEMORY_ALLOCATION","MEMORY_ALLOCATION_FREE","",0,"0x00007f738dc72000",3066,3219595921005742,3219595921005977
"MEMORY_ALLOCATION","MEMORY_ALLOCATION_ALLOCATE","Agent 3",768,"0x00007f738dc7a000",3068,3219595921009252,3219595921009504
"MEMORY_ALLOCATION","MEMORY_ALLOCATION_ALLOCATE","Agent 3",768,"0x00007f738dc7b000",3070,3219595921011090,3219595921011349
"MEMORY_ALLOCATION","MEMORY_ALLOCATION_ALLOCATE","Agent 3",1536,"0x00007f738dc7c000",3075,3219595921019833,3219595921020162
"MEMORY_ALLOCATION","MEMORY_ALLOCATION_ALLOCATE","Agent 3",1536,"0x00007f738dc7d000",3080,3219595921027621,3219595921027960
"MEMORY_ALLOCATION","MEMORY_ALLOCATION_ALLOCATE","Agent 3",1536,"0x00007f738dc7e000",3085,3219595921035359,3219595921035642
"MEMORY_ALLOCATION","MEMORY_ALLOCATION_FREE","",0,"0x00007f738dc7d000",3090,3219595921057023,3219595921057312
"MEMORY_ALLOCATION","MEMORY_ALLOCATION_FREE","",0,"0x00007f738dc7c000",3092,3219595921059163,3219595921059424
"MEMORY_ALLOCATION","MEMORY_ALLOCATION_ALLOCATE","Agent 3",768,"0x00007f738dc7c000",3094,3219595921060979,3219595921061281
"MEMORY_ALLOCATION","MEMORY_ALLOCATION_FREE","",0,"0x00007f738dc7e000",3099,3219595921092269,3219595921092623
"MEMORY_ALLOCATION","MEMORY_ALLOCATION_ALLOCATE","Agent 3",768,"0x00007f738dc7d000",3101,3219595921094549,3219595921094805
"MEMORY_ALLOCATION","MEMORY_ALLOCATION_FREE","",0,"0x00007f738dc7c000",3106,3219595921112787,3219595921113180
"MEMORY_ALLOCATION","MEMORY_ALLOCATION_FREE","",0,"0x00007f738dc7b000",3108,3219595921115349,3219595921115645
"MEMORY_ALLOCATION","MEMORY_ALLOCATION_FREE","",0,"0x00007f738dc7a000",3110,3219595921117232,3219595921117524
"MEMORY_ALLOCATION","MEMORY_ALLOCATION_FREE","",0,"0x00007f738dc79000",3112,3219595921118996,3219595921119360
"MEMORY_ALLOCATION","MEMORY_ALLOCATION_FREE","",0,"0x00007f738dc71000",3114,3219595921122607,3219595921122945
"MEMORY_ALLOCATION","MEMORY_ALLOCATION_ALLOCATE","Agent 3",768,"0x00007f738dc7e000",3116,3219595921124983,3219595921125260
"MEMORY_ALLOCATION","MEMORY_ALLOCATION_ALLOCATE","Agent 3",768,"0x00007f738dc71000",3121,3219595921133269,3219595921133530
"MEMORY_ALLOCATION","MEMORY_ALLOCATION_ALLOCATE","Agent 3",384,"0x00007f738dc72000",3126,3219595921140579,3219595921140895
"MEMORY_ALLOCATION","MEMORY_ALLOCATION_ALLOCATE","Agent 3",384,"0x00007f738dc73000",3131,3219595921148493,3219595921148829
"MEMORY_ALLOCATION","MEMORY_ALLOCATION_ALLOCATE","Agent 3",768,"0x00007f738dc74000",3136,3219595921165875,3219595921166254
"MEMORY_ALLOCATION","MEMORY_ALLOCATION_ALLOCATE","Agent 3",384,"0x00007f738dc75000",3141,3219595921173802,3219595921174102
"MEMORY_ALLOCATION","MEMORY_ALLOCATION_ALLOCATE","Agent 3",768,"0x00007f738dc76000",3149,3219595921188989,3219595921189471
"MEMORY_ALLOCATION","MEMORY_ALLOCATION_ALLOCATE","Agent 3",768,"0x00007f738dc77000",3154,3219595921199644,3219595921200042
"MEMORY_ALLOCATION","MEMORY_ALLOCATION_FREE","",0,"0x00007f738dc76000",3159,3219595921228128,3219595921228593
"MEMORY_ALLOCATION","MEMORY_ALLOCATION_FREE","",0,"0x00007f738dc75000",3161,3219595921230707,3219595921230928
"MEMORY_ALLOCATION","MEMORY_ALLOCATION_FREE","",0,"0x00007f738dc74000",3163,3219595921232500,3219595921232814
"MEMORY_ALLOCATION","MEMORY_ALLOCATION_FREE","",0,"0x00007f738dc73000",3165,3219595921234352,3219595921234789
"MEMORY_ALLOCATION","MEMORY_ALLOCATION_FREE","",0,"0x00007f738dc72000",3167,3219595921236599,3219595921236898
"MEMORY_ALLOCATION","MEMORY_ALLOCATION_FREE","",0,"0x00007f738dc71000",3169,3219595921238484,3219595921238801
"MEMORY_ALLOCATION","MEMORY_ALLOCATION_FREE","",0,"0x00007f738dc7e000",3171,3219595921240767,3219595921241249
"MEMORY_ALLOCATION","MEMORY_ALLOCATION_ALLOCATE","Agent 3",768,"0x00007f738dc7e000",3173,3219595921244764,3219595921244999
"MEMORY_ALLOCATION","MEMORY_ALLOCATION_ALLOCATE","Agent 3",768,"0x00007f738dc78000",3175,3219595921246598,3219595921246872
"MEMORY_ALLOCATION","MEMORY_ALLOCATION_ALLOCATE","Agent 3",1536,"0x00007f738dc79000",3180,3219595921276100,3219595921276416
"MEMORY_ALLOCATION","MEMORY_ALLOCATION_ALLOCATE","Agent 3",1536,"0x00007f738dc7a000",3185,3219595921286048,3219595921286448
"MEMORY_ALLOCATION","MEMORY_ALLOCATION_ALLOCATE","Agent 3",1536,"0x00007f738dc7b000",3190,3219595921293713,3219595921294016
"MEMORY_ALLOCATION","MEMORY_ALLOCATION_FREE","",0,"0x00007f738dc7a000",3195,3219595921315954,3219595921316233
"MEMORY_ALLOCATION","MEMORY_ALLOCATION_FREE","",0,"0x00007f738dc79000",3197,3219595921318425,3219595921318684
"MEMORY_ALLOCATION","MEMORY_ALLOCATION_ALLOCATE","Agent 3",768,"0x00007f738dc7c000",3199,3219595921320346,3219595921320574
"MEMORY_ALLOCATION","MEMORY_ALLOCATION_FREE","",0,"0x00007f738dc7b000",3204,3219595921352220,3219595921352568
"MEMORY_ALLOCATION","MEMORY_ALLOCATION_ALLOCATE","Agent 3",768,"0x00007f738dc79000",3206,3219595921354530,3219595921354849
"MEMORY_ALLOCATION","MEMORY_ALLOCATION_FREE","",0,"0x00007f738dc7c000",3211,3219595921372384,3219595921372699
"MEMORY_ALLOCATION","MEMORY_ALLOCATION_FREE","",0,"0x00007f738dc78000",3213,3219595921374682,3219595921374900
"MEMORY_ALLOCATION","MEMORY_ALLOCATION_FREE","",0,"0x00007f738dc7e000",3215,3219595921376523,3219595921376754
"MEMORY_ALLOCATION","MEMORY_ALLOCATION_FREE","",0,"0x00007f738dc77000",3217,3219595921378424,3219595921378896
"MEMORY_ALLOCATION","MEMORY_ALLOCATION_FREE","",0,"0x00007f738dc7d000",3219,3219595921380770,3219595921381146
"MEMORY_ALLOCATION","MEMORY_ALLOCATION_ALLOCATE","Agent 3",768,"0x00007f738dc7a000",3221,3219595921383143,3219595921383318
"MEMORY_ALLOCATION","MEMORY_ALLOCATION_FREE","",0,"0x00007f738dc79000",3226,3219595921400723,3219595921401042
"MEMORY_ALLOCATION","MEMORY_ALLOCATION_ALLOCATE","Agent 3",3072,"0x00007f738dc7b000",3228,3219595921403038,3219595921403257
"MEMORY_ALLOCATION","MEMORY_ALLOCATION_FREE","",0,"0x00007f738dc7a000",3233,3219595921426852,3219595921427152
"MEMORY_ALLOCATION","MEMORY_ALLOCATION_FREE","",0,"0x00007f738dc70000",3235,3219595921428968,3219595921429262
"MEMORY_ALLOCATION","MEMORY_ALLOCATION_FREE","",0,"0x00007f738dc6f000",3237,3219595921431237,3219595921431672
"MEMORY_ALLOCATION","MEMORY_ALLOCATION_FREE","",0,"0x00007f738dc6e000",3239,3219595921433335,3219595921433588
"MEMORY_ALLOCATION","MEMORY_ALLOCATION_FREE","",0,"0x00007f738dc7b000",3247,3219595921467172,3219595921467585
"MEMORY_ALLOCATION","MEMORY_ALLOCATION_ALLOCATE","Agent 3",48,"0x00007f738dc6e000",3249,3219595921470314,3219595921470521
"MEMORY_ALLOCATION","MEMORY_ALLOCATION_ALLOCATE","Agent 3",3072,"0x00007f738dc6f000",3253,3219595921489983,3219595921490260
"MEMORY_ALLOCATION","MEMORY_ALLOCATION_ALLOCATE","Agent 3",3072,"0x00007f738dc70000",3258,3219595921497548,3219595921497830
"MEMORY_ALLOCATION","MEMORY_ALLOCATION_ALLOCATE","Agent 3",3072,"0x00007f738dc71000",3263,3219595921505557,3219595921505903
"MEMORY_ALLOCATION","MEMORY_ALLOCATION_ALLOCATE","Agent 3",1536,"0x00007f738dc72000",3268,3219595921513705,3219595921514156
"MEMORY_ALLOCATION","MEMORY_ALLOCATION_ALLOCATE","Agent 3",1536,"0x00007f738dc73000",3273,3219595921521752,3219595921522092
"MEMORY_ALLOCATION","MEMORY_ALLOCATION_ALLOCATE","Agent 3",3072,"0x00007f738dc74000",3278,3219595921529896,3219595921530249
"MEMORY_ALLOCATION","MEMORY_ALLOCATION_ALLOCATE","Agent 3",1536,"0x00007f738dc75000",3283,3219595921537415,3219595921537748
"MEMORY_ALLOCATION","MEMORY_ALLOCATION_ALLOCATE","Agent 3",1536,"0x00007f738dc76000",3288,3219595921546382,3219595921546681
"MEMORY_ALLOCATION","MEMORY_ALLOCATION_ALLOCATE","Agent 3",3072,"0x00007f738dc77000",3293,3219595921555861,3219595921556212
"MEMORY_ALLOCATION","MEMORY_ALLOCATION_FREE","",0,"0x00007f738dc74000",3298,3219595921577658,3219595921577955
"MEMORY_ALLOCATION","MEMORY_ALLOCATION_ALLOCATE","Agent 3",1536,"0x00007f738dc74000",3300,3219595921581271,3219595921581459
"MEMORY_ALLOCATION","MEMORY_ALLOCATION_FREE","",0,"0x00007f738dc75000",3305,3219595921599031,3219595921599283
"MEMORY_ALLOCATION","MEMORY_ALLOCATION_ALLOCATE","Agent 3",8192,"0x00007f738dc78000",3307,3219595921600875,3219595921601190
"MEMORY_ALLOCATION","MEMORY_ALLOCATION_ALLOCATE","Agent 3",8192,"0x00007f738dc7a000",3313,3219595921612481,3219595921612836
"MEMORY_ALLOCATION","MEMORY_ALLOCATION_ALLOCATE","Agent 3",3072,"0x00007f738dc75000",3319,3219595921626923,3219595921627210
"MEMORY_ALLOCATION","MEMORY_ALLOCATION_ALLOCATE","Agent 3",3072,"0x00007f738dc7c000",3324,3219595921651015,3219595921651508
"MEMORY_ALLOCATION","MEMORY_ALLOCATION_FREE","",0,"0x00007f738dc75000",3329,3219595921671340,3219595921671741
"MEMORY_ALLOCATION","MEMORY_ALLOCATION_ALLOCATE","Agent 3",3072,"0x00007f738dc75000",3331,3219595921673229,3219595921673377
"MEMORY_ALLOCATION","MEMORY_ALLOCATION_FREE","",0,"0x00007f738dc7c000",3336,3219595921697873,3219595921698177
"MEMORY_ALLOCATION","MEMORY_ALLOCATION_FREE","",0,"0x00007f738dc76000",3338,3219595921700013,3219595921700267
"MEMORY_ALLOCATION","MEMORY_ALLOCATION_FREE","",0,"0x00007f738dc74000",3340,3219595921702093,3219595921702314
"MEMORY_ALLOCATION","MEMORY_ALLOCATION_FREE","",0,"0x00007f738dc77000",3342,3219595921703988,3219595921704230
"MEMORY_ALLOCATION","MEMORY_ALLOCATION_FREE","",0,"0x00007f738dc73000",3344,3219595921705820,3219595921706110
"MEMORY_ALLOCATION","MEMORY_ALLOCATION_FREE","",0,"0x00007f738dc72000",3346,3219595921707628,3219595921707863
"MEMORY_ALLOCATION","MEMORY_ALLOCATION_FREE","",0,"0x00007f738dc71000",3348,3219595921709744,3219595921710033
"MEMORY_ALLOCATION","MEMORY_ALLOCATION_ALLOCATE","Agent 3",3072,"0x00007f738dc76000",3350,3219595921711523,3219595921711824
"MEMORY_ALLOCATION","MEMORY_ALLOCATION_FREE","",0,"0x00007f738dc75000",3355,3219595921728876,3219595921729190
"MEMORY_ALLOCATION","MEMORY_ALLOCATION_FREE","",0,"0x00007f738dc70000",3357,3219595921731070,3219595921731335
"MEMORY_ALLOCATION","MEMORY_ALLOCATION_ALLOCATE","Agent 3",3072,"0x00007f738dc77000",3359,3219595921732932,3219595921733156
"MEMORY_ALLOCATION","MEMORY_ALLOCATION_ALLOCATE","Agent 3",6144,"0x00007f738dc7c000",3364,3219595921740408,3219595921740713
"MEMORY_ALLOCATION","MEMORY_ALLOCATION_ALLOCATE","Agent 3",6144,"0x00007f738dc70000",3369,3219595921747762,3219595921748122
"MEMORY_ALLOCATION","MEMORY_ALLOCATION_ALLOCATE","Agent 3",6144,"0x00007f738dc72000",3374,3219595921755016,3219595921755409
"MEMORY_ALLOCATION","MEMORY_ALLOCATION_FREE","",0,"0x00007f738dc70000",3379,3219595921777276,3219595921777588
"MEMORY_ALLOCATION","MEMORY_ALLOCATION_FREE","",0,"0x00007f738dc7c000",3381,3219595921779626,3219595921779937
"MEMORY_ALLOCATION","MEMORY_ALLOCATION_ALLOCATE","Agent 3",3072,"0x00007f738dc74000",3383,3219595921781660,3219595921781959
"MEMORY_ALLOCATION","MEMORY_ALLOCATION_FREE","",0,"0x00007f738dc72000",3388,3219595921813450,3219595921813758
"MEMORY_ALLOCATION","MEMORY_ALLOCATION_ALLOCATE","Agent 3",3072,"0x00007f738dc75000",3390,3219595921815598,3219595921815865
"MEMORY_ALLOCATION","MEMORY_ALLOCATION_FREE","",0,"0x00007f738dc74000",3395,3219595921832479,3219595921832847
"MEMORY_ALLOCATION","MEMORY_ALLOCATION_FREE","",0,"0x00007f738dc77000",3397,3219595921834574,3219595921834778
"MEMORY_ALLOCATION","MEMORY_ALLOCATION_FREE","",0,"0x00007f738dc76000",3399,3219595921836361,3219595921836691
"MEMORY_ALLOCATION","MEMORY_ALLOCATION_FREE","",0,"0x00007f738dc6f000",3401,3219595921838512,3219595921838800
"MEMORY_ALLOCATION","MEMORY_ALLOCATION_ALLOCATE","Agent 3",3072,"0x00007f738dc76000",3403,3219595921840279,3219595921840587
"MEMORY_ALLOCATION","MEMORY_ALLOCATION_ALLOCATE","Agent 3",3072,"0x00007f738dc77000",3408,3219595921847669,3219595921847941
"MEMORY_ALLOCATION","MEMORY_ALLOCATION_ALLOCATE","Agent 3",1536,"0x00007f738dc7c000",3413,3219595921854606,3219595921854868
"MEMORY_ALLOCATION","MEMORY_ALLOCATION_ALLOCATE","Agent 3",1536,"0x00007f738dc7d000",3418,3219595921861928,3219595921862348
"MEMORY_ALLOCATION","MEMORY_ALLOCATION_ALLOCATE","Agent 3",3072,"0x00007f738dc7e000",3423,3219595921869728,3219595921870024
"MEMORY_ALLOCATION","MEMORY_ALLOCATION_ALLOCATE","Agent 3",1536,"0x00007f738dc6f000",3428,3219595921877755,3219595921878084
"MEMORY_ALLOCATION","MEMORY_ALLOCATION_ALLOCATE","Agent 3",1536,"0x00007f738dc70000",3433,3219595921885114,3219595921886543
"MEMORY_ALLOCATION","MEMORY_ALLOCATION_ALLOCATE","Agent 3",3072,"0x00007f738dc71000",3438,3219595921894258,3219595921894663
"MEMORY_ALLOCATION","MEMORY_ALLOCATION_FREE","",0,"0x00007f738dc7e000",3443,3219595921916008,3219595921916291
"MEMORY_ALLOCATION","MEMORY_ALLOCATION_ALLOCATE","Agent 3",1536,"0x00007f738dc7e000",3445,3219595921919656,3219595921919823
"MEMORY_ALLOCATION","MEMORY_ALLOCATION_FREE","",0,"0x00007f738dc6f000",3450,3219595921937316,3219595921937627
"MEMORY_ALLOCATION","MEMORY_ALLOCATION_ALLOCATE","Agent 3",8192,"0x00007f738dc72000",3452,3219595921939624,3219595921939932
"MEMORY_ALLOCATION","MEMORY_ALLOCATION_ALLOCATE","Agent 3",8192,"0x00007f738dc9f000",3458,3219595921952561,3219595921952884
"MEMORY_ALLOCATION","MEMORY_ALLOCATION_ALLOCATE","Agent 3",3072,"0x00007f738dc6f000",3464,3219595921965200,3219595921965760
"MEMORY_ALLOCATION","MEMORY_ALLOCATION_ALLOCATE","Agent 3",3072,"0x00007f738dc74000",3469,3219595921975531,3219595921975836
"MEMORY_ALLOCATION","MEMORY_ALLOCATION_FREE","",0,"0x00007f738dc6f000",3474,3219595921995434,3219595921995694
"MEMORY_ALLOCATION","MEMORY_ALLOCATION_ALLOCATE","Agent 3",3072,"0x00007f738dc6f000",3476,3219595921997207,3219595921997433
"MEMORY_ALLOCATION","MEMORY_ALLOCATION_FREE","",0,"0x00007f738dc74000",3481,3219595922021827,3219595922022069
"MEMORY_ALLOCATION","MEMORY_ALLOCATION_FREE","",0,"0x00007f738dc70000",3483,3219595922023851,3219595922024086
"MEMORY_ALLOCATION","MEMORY_ALLOCATION_FREE","",0,"0x00007f738dc7e000",3485,3219595922025831,3219595922026011
"MEMORY_ALLOCATION","MEMORY_ALLOCATION_FREE","",0,"0x00007f738dc71000",3487,3219595922027740,3219595922028050
"MEMORY_ALLOCATION","MEMORY_ALLOCATION_FREE","",0,"0x00007f738dc7d000",3489,3219595922029659,3219595922029939
"MEMORY_ALLOCATION","MEMORY_ALLOCATION_FREE","",0,"0x00007f738dc7c000",3491,3219595922031479,3219595922031751
"MEMORY_ALLOCATION","MEMORY_ALLOCATION_FREE","",0,"0x00007f738dc77000",3493,3219595922033386,3219595922033611
"MEMORY_ALLOCATION","MEMORY_ALLOCATION_ALLOCATE","Agent 3",3072,"0x00007f738dc74000",3495,3219595922035187,3219595922035439
"MEMORY_ALLOCATION","MEMORY_ALLOCATION_FREE","",0,"0x00007f738dc6f000",3500,3219595922052230,3219595922052622
"MEMORY_ALLOCATION","MEMORY_ALLOCATION_FREE","",0,"0x00007f738dc76000",3502,3219595922056282,3219595922056586
"MEMORY_ALLOCATION","MEMORY_ALLOCATION_ALLOCATE","Agent 3",3072,"0x00007f738dc76000",3504,3219595922058278,3219595922058509
"MEMORY_ALLOCATION","MEMORY_ALLOCATION_ALLOCATE","Agent 3",6144,"0x00007f738dc7c000",3509,3219595922067319,3219595922067586
"MEMORY_ALLOCATION","MEMORY_ALLOCATION_ALLOCATE","Agent 3",6144,"0x00007f738dc6f000",3514,3219595922080126,3219595922080547
"MEMORY_ALLOCATION","MEMORY_ALLOCATION_ALLOCATE","Agent 3",6144,"0x00007f738dca1000",3519,3219595922100924,3219595922101563
"MEMORY_ALLOCATION","MEMORY_ALLOCATION_FREE","",0,"0x00007f738dc6f000",3524,3219595922130929,3219595922131318
"MEMORY_ALLOCATION","MEMORY_ALLOCATION_FREE","",0,"0x00007f738dc7c000",3526,3219595922138205,3219595922138494
"MEMORY_ALLOCATION","MEMORY_ALLOCATION_ALLOCATE","Agent 3",3072,"0x00007f738dc77000",3528,3219595922140489,3219595922140716
"MEMORY_ALLOCATION","MEMORY_ALLOCATION_FREE","",0,"0x00007f738dca1000",3533,3219595922172172,3219595922172617
"MEMORY_ALLOCATION","MEMORY_ALLOCATION_ALLOCATE","Agent 3",3072,"0x00007f738dc6f000",3535,3219595922174292,3219595922174606
"MEMORY_ALLOCATION","MEMORY_ALLOCATION_FREE","",0,"0x00007f738dc77000",3540,3219595922200591,3219595922200840
"MEMORY_ALLOCATION","MEMORY_ALLOCATION_FREE","",0,"0x00007f738dc76000",3542,3219595922202775,3219595922203125
"MEMORY_ALLOCATION","MEMORY_ALLOCATION_FREE","",0,"0x00007f738dc74000",3544,3219595922204742,3219595922204930
"MEMORY_ALLOCATION","MEMORY_ALLOCATION_FREE","",0,"0x00007f738dc75000",3546,3219595922206972,3219595922207501
"MEMORY_ALLOCATION","MEMORY_ALLOCATION_ALLOCATE","Agent 3",3072,"0x00007f738dc70000",3548,3219595922209441,3219595922209670
"MEMORY_ALLOCATION","MEMORY_ALLOCATION_FREE","",0,"0x00007f738dc6f000",3553,3219595922227564,3219595922227860
"MEMORY_ALLOCATION","MEMORY_ALLOCATION_ALLOCATE","Agent 3",1024,"0x00007f738dc71000",3555,3219595922230198,3219595922230408
"MEMORY_ALLOCATION","MEMORY_ALLOCATION_FREE","",0,"0x00007f738dc70000",3560,3219595922253815,3219595922254257
"MEMORY_ALLOCATION","MEMORY_ALLOCATION_FREE","",0,"0x00007f738dc6e000",3562,3219595922256117,3219595922256467
"MEMORY_ALLOCATION","MEMORY_ALLOCATION_FREE","",0,"0x00007f738dc7a000",3580,3219595922313934,3219595922314404
"MEMORY_ALLOCATION","MEMORY_ALLOCATION_FREE","",0,"0x00007f738dc78000",3582,3219595922316279,3219595922316809
"MEMORY_ALLOCATION","MEMORY_ALLOCATION_FREE","",0,"0x00007f738dc9f000",3584,3219595922318692,3219595922319037
"MEMORY_ALLOCATION","MEMORY_ALLOCATION_FREE","",0,"0x00007f738dc72000",3586,3219595922321717,3219595922322010
"MEMORY_ALLOCATION","MEMORY_ALLOCATION_FREE","",0,"0x00007f738dc71000",3590,3219595922339333,3219595922339763
"MEMORY_ALLOCATION","MEMORY_ALLOCATION_ALLOCATE","Agent 3",16,"0x00007f738dc6e000",3592,3219595922341814,3219595922342003
"MEMORY_ALLOCATION","MEMORY_ALLOCATION_FREE","",0,"0x00007f738dc6e000",3599,3219595922374287,3219595922374599
"MEMORY_ALLOCATION","MEMORY_ALLOCATION_ALLOCATE","Agent 3",12,"0x00007f738dc6e000",3613,3219595922399393,3219595922399616
"MEMORY_ALLOCATION","MEMORY_ALLOCATION_ALLOCATE","Agent 3",12,"0x00007f738dc6f000",3617,3219595922420481,3219595922420930
"MEMORY_ALLOCATION","MEMORY_ALLOCATION_ALLOCATE","Agent 3",12,"0x00007f738dc70000",3621,3219595922441092,3219595922441495
"MEMORY_ALLOCATION","MEMORY_ALLOCATION_ALLOCATE","Agent 3",768,"0x00007f738dc71000",3625,3219595922461884,3219595922462362
"MEMORY_ALLOCATION","MEMORY_ALLOCATION_ALLOCATE","Agent 3",768,"0x00007f738dc72000",3630,3219595922469575,3219595922469925
"MEMORY_ALLOCATION","MEMORY_ALLOCATION_ALLOCATE","Agent 3",768,"0x00007f738dc73000",3635,3219595922476978,3219595922477392
"MEMORY_ALLOCATION","MEMORY_ALLOCATION_ALLOCATE","Agent 3",384,"0x00007f738dc74000",3640,3219595922485109,3219595922485497
"MEMORY_ALLOCATION","MEMORY_ALLOCATION_ALLOCATE","Agent 3",384,"0x00007f738dc75000",3645,3219595922493967,3219595922494231
"MEMORY_ALLOCATION","MEMORY_ALLOCATION_ALLOCATE","Agent 3",768,"0x00007f738dc76000",3650,3219595922503480,3219595922503817
"MEMORY_ALLOCATION","MEMORY_ALLOCATION_ALLOCATE","Agent 3",384,"0x00007f738dc77000",3655,3219595922510928,3219595922511184
"MEMORY_ALLOCATION","MEMORY_ALLOCATION_ALLOCATE","Agent 3",768,"0x00007f738dc78000",3663,3219595922526194,3219595922526574
"MEMORY_ALLOCATION","MEMORY_ALLOCATION_ALLOCATE","Agent 3",768,"0x00007f738dc79000",3668,3219595922536581,3219595922536998
"MEMORY_ALLOCATION","MEMORY_ALLOCATION_FREE","",0,"0x00007f738dc78000",3673,3219595922567174,3219595922567734
"MEMORY_ALLOCATION","MEMORY_ALLOCATION_FREE","",0,"0x00007f738dc77000",3675,3219595922570254,3219595922570492
"MEMORY_ALLOCATION","MEMORY_ALLOCATION_FREE","",0,"0x00007f738dc76000",3677,3219595922572642,3219595922572952
"MEMORY_ALLOCATION","MEMORY_ALLOCATION_FREE","",0,"0x00007f738dc75000",3679,3219595922574581,3219595922574797
"MEMORY_ALLOCATION","MEMORY_ALLOCATION_FREE","",0,"0x00007f738dc74000",3681,3219595922576328,3219595922576720
"MEMORY_ALLOCATION","MEMORY_ALLOCATION_FREE","",0,"0x00007f738dc73000",3683,3219595922578384,3219595922578872
"MEMORY_ALLOCATION","MEMORY_ALLOCATION_FREE","",0,"0x00007f738dc72000",3685,3219595922580401,3219595922580698
"MEMORY_ALLOCATION","MEMORY_ALLOCATION_ALLOCATE","Agent 3",768,"0x00007f738dc7a000",3687,3219595922582368,3219595922582598
"MEMORY_ALLOCATION","MEMORY_ALLOCATION_ALLOCATE","Agent 3",768,"0x00007f738dc7b000",3689,3219595922586099,3219595922586354
"MEMORY_ALLOCATION","MEMORY_ALLOCATION_ALLOCATE","Agent 3",1536,"0x00007f738dc7c000",3694,3219595922595001,3219595922595371
"MEMORY_ALLOCATION","MEMORY_ALLOCATION_ALLOCATE","Agent 3",1536,"0x00007f738dc7d000",3699,3219595922612154,3219595922612534
"MEMORY_ALLOCATION","MEMORY_ALLOCATION_ALLOCATE","Agent 3",1536,"0x00007f738dc7e000",3704,3219595922619628,3219595922619890
"MEMORY_ALLOCATION","MEMORY_ALLOCATION_FREE","",0,"0x00007f738dc7d000",3709,3219595922641580,3219595922641859
"MEMORY_ALLOCATION","MEMORY_ALLOCATION_FREE","",0,"0x00007f738dc7c000",3711,3219595922643927,3219595922644176
"MEMORY_ALLOCATION","MEMORY_ALLOCATION_ALLOCATE","Agent 3",768,"0x00007f738dc7c000",3713,3219595922645969,3219595922646214
"MEMORY_ALLOCATION","MEMORY_ALLOCATION_FREE","",0,"0x00007f738dc7e000",3718,3219595922677041,3219595922677369
"MEMORY_ALLOCATION","MEMORY_ALLOCATION_ALLOCATE","Agent 3",768,"0x00007f738dc7d000",3720,3219595922679288,3219595922679502
"MEMORY_ALLOCATION","MEMORY_ALLOCATION_FREE","",0,"0x00007f738dc7c000",3725,3219595922696348,3219595922696624
"MEMORY_ALLOCATION","MEMORY_ALLOCATION_FREE","",0,"0x00007f738dc7b000",3727,3219595922698362,3219595922698610
"MEMORY_ALLOCATION","MEMORY_ALLOCATION_FREE","",0,"0x00007f738dc7a000",3729,3219595922700210,3219595922700433
"MEMORY_ALLOCATION","MEMORY_ALLOCATION_FREE","",0,"0x00007f738dc79000",3731,3219595922701880,3219595922702306
"MEMORY_ALLOCATION","MEMORY_ALLOCATION_FREE","",0,"0x00007f738dc71000",3733,3219595922703982,3219595922704271
"MEMORY_ALLOCATION","MEMORY_ALLOCATION_ALLOCATE","Agent 3",768,"0x00007f738dc7e000",3735,3219595922706065,3219595922706272
"MEMORY_ALLOCATION","MEMORY_ALLOCATION_ALLOCATE","Agent 3",768,"0x00007f738dc71000",3740,3219595922713955,3219595922714254
"MEMORY_ALLOCATION","MEMORY_ALLOCATION_ALLOCATE","Agent 3",384,"0x00007f738dc72000",3745,3219595922721633,3219595922722012
"MEMORY_ALLOCATION","MEMORY_ALLOCATION_ALLOCATE","Agent 3",384,"0x00007f738dc73000",3750,3219595922729213,3219595922729535
"MEMORY_ALLOCATION","MEMORY_ALLOCATION_ALLOCATE","Agent 3",768,"0x00007f738dc74000",3755,3219595922738805,3219595922739222
"MEMORY_ALLOCATION","MEMORY_ALLOCATION_ALLOCATE","Agent 3",384,"0x00007f738dc75000",3760,3219595922747008,3219595922747399
"MEMORY_ALLOCATION","MEMORY_ALLOCATION_ALLOCATE","Agent 3",768,"0x00007f738dc76000",3768,3219595922763278,3219595922763822
"MEMORY_ALLOCATION","MEMORY_ALLOCATION_ALLOCATE","Agent 3",768,"0x00007f738dc77000",3773,3219595922773252,3219595922773708
"MEMORY_ALLOCATION","MEMORY_ALLOCATION_FREE","",0,"0x00007f738dc76000",3778,3219595922800193,3219595922800520
"MEMORY_ALLOCATION","MEMORY_ALLOCATION_FREE","",0,"0x00007f738dc75000",3780,3219595922802369,3219595922802580
"MEMORY_ALLOCATION","MEMORY_ALLOCATION_FREE","",0,"0x00007f738dc74000",3782,3219595922805562,3219595922805936
"MEMORY_ALLOCATION","MEMORY_ALLOCATION_FREE","",0,"0x00007f738dc73000",3784,3219595922807466,3219595922807724
"MEMORY_ALLOCATION","MEMORY_ALLOCATION_FREE","",0,"0x00007f738dc72000",3786,3219595922809292,3219595922809573
"MEMORY_ALLOCATION","MEMORY_ALLOCATION_FREE","",0,"0x00007f738dc71000",3788,3219595922811122,3219595922811391
"MEMORY_ALLOCATION","MEMORY_ALLOCATION_FREE","",0,"0x00007f738dc7e000",3790,3219595922813212,3219595922813410
"MEMORY_ALLOCATION","MEMORY_ALLOCATION_ALLOCATE","Agent 3",768,"0x00007f738dc7e000",3792,3219595922815059,3219595922815232
"MEMORY_ALLOCATION","MEMORY_ALLOCATION_ALLOCATE","Agent 3",768,"0x00007f738dc78000",3794,3219595922817032,3219595922817246
"MEMORY_ALLOCATION","MEMORY_ALLOCATION_ALLOCATE","Agent 3",1536,"0x00007f738dc79000",3799,3219595922825358,3219595922825631
"MEMORY_ALLOCATION","MEMORY_ALLOCATION_ALLOCATE","Agent 3",1536,"0x00007f738dc7a000",3804,3219595922833513,3219595922833927
"MEMORY_ALLOCATION","MEMORY_ALLOCATION_ALLOCATE","Agent 3",1536,"0x00007f738dc7b000",3809,3219595922843203,3219595922843599
"MEMORY_ALLOCATION","MEMORY_ALLOCATION_FREE","",0,"0x00007f738dc7a000",3814,3219595922863989,3219595922864276
"MEMORY_ALLOCATION","MEMORY_ALLOCATION_FREE","",0,"0x00007f738dc79000",3816,3219595922866178,3219595922866437
"MEMORY_ALLOCATION","MEMORY_ALLOCATION_ALLOCATE","Agent 3",768,"0x00007f738dc7c000",3818,3219595922868327,3219595922868542
"MEMORY_ALLOCATION","MEMORY_ALLOCATION_FREE","",0,"0x00007f738dc7b000",3823,3219595922899638,3219595922900021
"MEMORY_ALLOCATION","MEMORY_ALLOCATION_ALLOCATE","Agent 3",768,"0x00007f738dc79000",3825,3219595922901866,3219595922902130
"MEMORY_ALLOCATION","MEMORY_ALLOCATION_FREE","",0,"0x00007f738dc7c000",3830,3219595922919285,3219595922919634
"MEMORY_ALLOCATION","MEMORY_ALLOCATION_FREE","",0,"0x00007f738dc78000",3832,3219595922921378,3219595922921562
"MEMORY_ALLOCATION","MEMORY_ALLOCATION_FREE","",0,"0x00007f738dc7e000",3834,3219595922923180,3219595922923410
"MEMORY_ALLOCATION","MEMORY_ALLOCATION_FREE","",0,"0x00007f738dc77000",3836,3219595922925410,3219595922925801
"MEMORY_ALLOCATION","MEMORY_ALLOCATION_FREE","",0,"0x00007f738dc7d000",3838,3219595922927640,3219595922928014
"MEMORY_ALLOCATION","MEMORY_ALLOCATION_ALLOCATE","Agent 3",768,"0x00007f738dc7a000",3840,3219595922929675,3219595922929896
"MEMORY_ALLOCATION","MEMORY_ALLOCATION_FREE","",0,"0x00007f738dc79000",3845,3219595922947404,3219595922947706
"MEMORY_ALLOCATION","MEMORY_ALLOCATION_ALLOCATE","Agent 3",3072,"0x00007f738dc7b000",3847,3219595922949840,3219595922950060
"MEMORY_ALLOCATION","MEMORY_ALLOCATION_FREE","",0,"0x00007f738dc7a000",3852,3219595922973602,3219595922973966
"MEMORY_ALLOCATION","MEMORY_ALLOCATION_FREE","",0,"0x00007f738dc70000",3854,3219595922975941,3219595922976314
"MEMORY_ALLOCATION","MEMORY_ALLOCATION_FREE","",0,"0x00007f738dc6f000",3856,3219595922978594,3219595922979010
"MEMORY_ALLOCATION","MEMORY_ALLOCATION_FREE","",0,"0x00007f738dc6e000",3858,3219595922980667,3219595922980943
"MEMORY_ALLOCATION","MEMORY_ALLOCATION_FREE","",0,"0x00007f738dc7b000",3866,3219595923048757,3219595923049429
"MEMORY_ALLOCATION","MEMORY_ALLOCATION_ALLOCATE","Agent 3",64,"0x00007f738dc6e000",3868,3219595923055643,3219595923055941
"MEMORY_ALLOCATION","MEMORY_ALLOCATION_ALLOCATE","Agent 3",4096,"0x00007f738dc6f000",3872,3219595923075957,3219595923076263
"MEMORY_ALLOCATION","MEMORY_ALLOCATION_ALLOCATE","Agent 3",4096,"0x00007f738dc70000",3877,3219595923083830,3219595923084156
"MEMORY_ALLOCATION","MEMORY_ALLOCATION_ALLOCATE","Agent 3",4096,"0x00007f738dc71000",3882,3219595923092576,3219595923092874
"MEMORY_ALLOCATION","MEMORY_ALLOCATION_ALLOCATE","Agent 3",2048,"0x00007f738dc72000",3887,3219595923101647,3219595923102091
"MEMORY_ALLOCATION","MEMORY_ALLOCATION_ALLOCATE","Agent 3",2048,"0x00007f738dc73000",3892,3219595923109041,3219595923109278
"MEMORY_ALLOCATION","MEMORY_ALLOCATION_ALLOCATE","Agent 3",4096,"0x00007f738dc74000",3897,3219595923116751,3219595923117162
"MEMORY_ALLOCATION","MEMORY_ALLOCATION_ALLOCATE","Agent 3",2048,"0x00007f738dc75000",3902,3219595923125645,3219595923125979
"MEMORY_ALLOCATION","MEMORY_ALLOCATION_ALLOCATE","Agent 3",2048,"0x00007f738dc76000",3907,3219595923142701,3219595923143091
"MEMORY_ALLOCATION","MEMORY_ALLOCATION_ALLOCATE","Agent 3",4096,"0x00007f738dc77000",3912,3219595923150589,3219595923150896
"MEMORY_ALLOCATION","MEMORY_ALLOCATION_FREE","",0,"0x00007f738dc74000",3917,3219595923172182,3219595923172597
"MEMORY_ALLOCATION","MEMORY_ALLOCATION_ALLOCATE","Agent 3",2048,"0x00007f738dc74000",3919,3219595923175780,3219595923175986
"MEMORY_ALLOCATION","MEMORY_ALLOCATION_FREE","",0,"0x00007f738dc75000",3924,3219595923193714,3219595923193998
"MEMORY_ALLOCATION","MEMORY_ALLOCATION_ALLOCATE","Agent 3",8192,"0x00007f738dc78000",3926,3219595923196149,3219595923196448
"MEMORY_ALLOCATION","MEMORY_ALLOCATION_ALLOCATE","Agent 3",8192,"0x00007f738dc7a000",3932,3219595923207416,3219595923207864
"MEMORY_ALLOCATION","MEMORY_ALLOCATION_ALLOCATE","Agent 3",4096,"0x00007f738dc75000",3938,3219595923220098,3219595923220332
"MEMORY_ALLOCATION","MEMORY_ALLOCATION_ALLOCATE","Agent 3",4096,"0x00007f738dc7c000",3943,3219595923229068,3219595923229478
"MEMORY_ALLOCATION","MEMORY_ALLOCATION_FREE","",0,"0x00007f738dc75000",3948,3219595923248685,3219595923248939
"MEMORY_ALLOCATION","MEMORY_ALLOCATION_ALLOCATE","Agent 3",4096,"0x00007f738dc75000",3950,3219595923250680,3219595923250813
"MEMORY_ALLOCATION","MEMORY_ALLOCATION_FREE","",0,"0x00007f738dc7c000",3955,3219595923274907,3219595923275201
"MEMORY_ALLOCATION","MEMORY_ALLOCATION_FREE","",0,"0x00007f738dc76000",3957,3219595923276937,3219595923277185
"MEMORY_ALLOCATION","MEMORY_ALLOCATION_FREE","",0,"0x00007f738dc74000",3959,3219595923278893,3219595923279112
"MEMORY_ALLOCATION","MEMORY_ALLOCATION_FREE","",0,"0x00007f738dc77000",3961,3219595923280627,3219595923280885
"MEMORY_ALLOCATION","MEMORY_ALLOCATION_FREE","",0,"0x00007f738dc73000",3963,3219595923282524,3219595923282824
"MEMORY_ALLOCATION","MEMORY_ALLOCATION_FREE","",0,"0x00007f738dc72000",3965,3219595923284301,3219595923284568
"MEMORY_ALLOCATION","MEMORY_ALLOCATION_FREE","",0,"0x00007f738dc71000",3967,3219595923286057,3219595923286310
"MEMORY_ALLOCATION","MEMORY_ALLOCATION_ALLOCATE","Agent 3",4096,"0x00007f738dc76000",3969,3219595923288204,3219595923288498
"MEMORY_ALLOCATION","MEMORY_ALLOCATION_FREE","",0,"0x00007f738dc75000",3974,3219595923306284,3219595923306630
"MEMORY_ALLOCATION","MEMORY_ALLOCATION_FREE","",0,"0x00007f738dc70000",3976,3219595923310151,3219595923310450
"MEMORY_ALLOCATION","MEMORY_ALLOCATION_ALLOCATE","Agent 3",4096,"0x00007f738dc77000",3978,3219595923312232,3219595923312442
"MEMORY_ALLOCATION","MEMORY_ALLOCATION_ALLOCATE","Agent 3",8192,"0x00007f738dc7c000",3983,3219595923319643,3219595923319950
"MEMORY_ALLOCATION","MEMORY_ALLOCATION_ALLOCATE","Agent 3",8192,"0x00007f738dc70000",3988,3219595923326432,3219595923326782
"MEMORY_ALLOCATION","MEMORY_ALLOCATION_ALLOCATE","Agent 3",8192,"0x00007f738dc72000",3993,3219595923335241,3219595923335588
"MEMORY_ALLOCATION","MEMORY_ALLOCATION_FREE","",0,"0x00007f738dc70000",3998,3219595923357241,3219595923357539
"MEMORY_ALLOCATION","MEMORY_ALLOCATION_FREE","",0,"0x00007f738dc7c000",4000,3219595923359577,3219595923359873
"MEMORY_ALLOCATION","MEMORY_ALLOCATION_ALLOCATE","Agent 3",4096,"0x00007f738dc74000",4002,3219595923361513,3219595923361786
"MEMORY_ALLOCATION","MEMORY_ALLOCATION_FREE","",0,"0x00007f738dc72000",4007,3219595923400063,3219595923400444
"MEMORY_ALLOCATION","MEMORY_ALLOCATION_ALLOCATE","Agent 3",4096,"0x00007f738dc75000",4009,3219595923445782,3219595923446190
"MEMORY_ALLOCATION","MEMORY_ALLOCATION_FREE","",0,"0x00007f738dc74000",4014,3219595923465064,3219595923466176
"MEMORY_ALLOCATION","MEMORY_ALLOCATION_FREE","",0,"0x00007f738dc77000",4016,3219595923468389,3219595923468687
"MEMORY_ALLOCATION","MEMORY_ALLOCATION_FREE","",0,"0x00007f738dc76000",4018,3219595923470360,3219595923470665
"MEMORY_ALLOCATION","MEMORY_ALLOCATION_FREE","",0,"0x00007f738dc6f000",4020,3219595923472479,3219595923472764
"MEMORY_ALLOCATION","MEMORY_ALLOCATION_ALLOCATE","Agent 3",4096,"0x00007f738dc76000",4022,3219595923474614,3219595923474919
"MEMORY_ALLOCATION","MEMORY_ALLOCATION_ALLOCATE","Agent 3",4096,"0x00007f738dc77000",4027,3219595923482157,3219595923482408
"MEMORY_ALLOCATION","MEMORY_ALLOCATION_ALLOCATE","Agent 3",2048,"0x00007f738dc7c000",4032,3219595923490260,3219595923490591
"MEMORY_ALLOCATION","MEMORY_ALLOCATION_ALLOCATE","Agent 3",2048,"0x00007f738dc7d000",4037,3219595923498229,3219595923498545
"MEMORY_ALLOCATION","MEMORY_ALLOCATION_ALLOCATE","Agent 3",4096,"0x00007f738dc7e000",4042,3219595923507150,3219595923507422
"MEMORY_ALLOCATION","MEMORY_ALLOCATION_ALLOCATE","Agent 3",2048,"0x00007f738dc6f000",4047,3219595923515025,3219595923515385
"MEMORY_ALLOCATION","MEMORY_ALLOCATION_ALLOCATE","Agent 3",2048,"0x00007f738dc70000",4052,3219595923522974,3219595923523444
"MEMORY_ALLOCATION","MEMORY_ALLOCATION_ALLOCATE","Agent 3",4096,"0x00007f738dc71000",4057,3219595923532882,3219595923533256
"MEMORY_ALLOCATION","MEMORY_ALLOCATION_FREE","",0,"0x00007f738dc7e000",4062,3219595923555948,3219595923556240
"MEMORY_ALLOCATION","MEMORY_ALLOCATION_ALLOCATE","Agent 3",2048,"0x00007f738dc7e000",4064,3219595923559262,3219595923559424
"MEMORY_ALLOCATION","MEMORY_ALLOCATION_FREE","",0,"0x00007f738dc6f000",4069,3219595923578582,3219595923578922
"MEMORY_ALLOCATION","MEMORY_ALLOCATION_ALLOCATE","Agent 3",8192,"0x00007f738dc72000",4071,3219595923580992,3219595923581249
"MEMORY_ALLOCATION","MEMORY_ALLOCATION_ALLOCATE","Agent 3",8192,"0x00007f738dc9f000",4077,3219595923592971,3219595923593369
"MEMORY_ALLOCATION","MEMORY_ALLOCATION_ALLOCATE","Agent 3",4096,"0x00007f738dc6f000",4083,3219595923614254,3219595923614569
"MEMORY_ALLOCATION","MEMORY_ALLOCATION_ALLOCATE","Agent 3",4096,"0x00007f738dc74000",4088,3219595923623167,3219595923623468
"MEMORY_ALLOCATION","MEMORY_ALLOCATION_FREE","",0,"0x00007f738dc6f000",4093,3219595923652474,3219595923652818
"MEMORY_ALLOCATION","MEMORY_ALLOCATION_ALLOCATE","Agent 3",4096,"0x00007f738dc6f000",4095,3219595923654399,3219595923654572
"MEMORY_ALLOCATION","MEMORY_ALLOCATION_FREE","",0,"0x00007f738dc74000",4100,3219595923678994,3219595923679262
"MEMORY_ALLOCATION","MEMORY_ALLOCATION_FREE","",0,"0x00007f738dc70000",4102,3219595923680990,3219595923681226
"MEMORY_ALLOCATION","MEMORY_ALLOCATION_FREE","",0,"0x00007f738dc7e000",4104,3219595923683080,3219595923683284
"MEMORY_ALLOCATION","MEMORY_ALLOCATION_FREE","",0,"0x00007f738dc71000",4106,3219595923684864,3219595923685183
"MEMORY_ALLOCATION","MEMORY_ALLOCATION_FREE","",0,"0x00007f738dc7d000",4108,3219595923686899,3219595923687197
"MEMORY_ALLOCATION","MEMORY_ALLOCATION_FREE","",0,"0x00007f738dc7c000",4110,3219595923688770,3219595923689060
"MEMORY_ALLOCATION","MEMORY_ALLOCATION_FREE","",0,"0x00007f738dc77000",4112,3219595923691151,3219595923691410
"MEMORY_ALLOCATION","MEMORY_ALLOCATION_ALLOCATE","Agent 3",4096,"0x00007f738dc74000",4114,3219595923693062,3219595923693294
"MEMORY_ALLOCATION","MEMORY_ALLOCATION_FREE","",0,"0x00007f738dc6f000",4119,3219595923709891,3219595923710276
"MEMORY_ALLOCATION","MEMORY_ALLOCATION_FREE","",0,"0x00007f738dc76000",4121,3219595923712193,3219595923712459
"MEMORY_ALLOCATION","MEMORY_ALLOCATION_ALLOCATE","Agent 3",4096,"0x00007f738dc76000",4123,3219595923714121,3219595923714360
"MEMORY_ALLOCATION","MEMORY_ALLOCATION_ALLOCATE","Agent 3",8192,"0x00007f738dc7c000",4128,3219595923721443,3219595923721714
"MEMORY_ALLOCATION","MEMORY_ALLOCATION_ALLOCATE","Agent 3",8192,"0x00007f738dc6f000",4133,3219595923729222,3219595923729676
"MEMORY_ALLOCATION","MEMORY_ALLOCATION_ALLOCATE","Agent 3",8192,"0x00007f738dca1000",4138,3219595923736475,3219595923737226
"MEMORY_ALLOCATION","MEMORY_ALLOCATION_FREE","",0,"0x00007f738dc6f000",4143,3219595923758757,3219595923759030
"MEMORY_ALLOCATION","MEMORY_ALLOCATION_FREE","",0,"0x00007f738dc7c000",4145,3219595923762427,3219595923762692
"MEMORY_ALLOCATION","MEMORY_ALLOCATION_ALLOCATE","Agent 3",4096,"0x00007f738dc77000",4147,3219595923764482,3219595923764705
"MEMORY_ALLOCATION","MEMORY_ALLOCATION_FREE","",0,"0x00007f738dca1000",4152,3219595923795938,3219595923796317
"MEMORY_ALLOCATION","MEMORY_ALLOCATION_ALLOCATE","Agent 3",4096,"0x00007f738dc6f000",4154,3219595923798269,3219595923798558
"MEMORY_ALLOCATION","MEMORY_ALLOCATION_FREE","",0,"0x00007f738dc77000",4159,3219595923815520,3219595923815772
"MEMORY_ALLOCATION","MEMORY_ALLOCATION_FREE","",0,"0x00007f738dc76000",4161,3219595923817767,3219595923818047
"MEMORY_ALLOCATION","MEMORY_ALLOCATION_FREE","",0,"0x00007f738dc74000",4163,3219595923819777,3219595923819957
"MEMORY_ALLOCATION","MEMORY_ALLOCATION_FREE","",0,"0x00007f738dc75000",4165,3219595923821609,3219595923821987
"MEMORY_ALLOCATION","MEMORY_ALLOCATION_ALLOCATE","Agent 3",4096,"0x00007f738dc70000",4167,3219595923823768,3219595923823975
"MEMORY_ALLOCATION","MEMORY_ALLOCATION_FREE","",0,"0x00007f738dc6f000",4172,3219595923841151,3219595923841460
"MEMORY_ALLOCATION","MEMORY_ALLOCATION_ALLOCATE","Agent 3",1024,"0x00007f738dc71000",4174,3219595923843799,3219595923844009
"MEMORY_ALLOCATION","MEMORY_ALLOCATION_FREE","",0,"0x00007f738dc70000",4179,3219595923867262,3219595923867669
"MEMORY_ALLOCATION","MEMORY_ALLOCATION_FREE","",0,"0x00007f738dc6e000",4181,3219595923869830,3219595923870172
"MEMORY_ALLOCATION","MEMORY_ALLOCATION_FREE","",0,"0x00007f738dc7a000",4199,3219595923925829,3219595923926263
"MEMORY_ALLOCATION","MEMORY_ALLOCATION_FREE","",0,"0x00007f738dc78000",4201,3219595923930736,3219595923931198
"MEMORY_ALLOCATION","MEMORY_ALLOCATION_FREE","",0,"0x00007f738dc9f000",4203,3219595923933040,3219595923933380
"MEMORY_ALLOCATION","MEMORY_ALLOCATION_FREE","",0,"0x00007f738dc72000",4205,3219595923934884,3219595923935124
"MEMORY_ALLOCATION","MEMORY_ALLOCATION_FREE","",0,"0x00007f738dc71000",4209,3219595923952449,3219595923952934
"MEMORY_ALLOCATION","MEMORY_ALLOCATION_ALLOCATE","Agent 3",16,"0x00007f738dc6e000",4211,3219595923956336,3219595923956614
"MEMORY_ALLOCATION","MEMORY_ALLOCATION_FREE","",0,"0x00007f738dc6e000",4218,3219595924033206,3219595924033718
"MEMORY_ALLOCATION","MEMORY_ALLOCATION_ALLOCATE","Agent 3",16,"0x00007f738dc6e000",4220,3219595924036565,3219595924036879
"MEMORY_ALLOCATION","MEMORY_ALLOCATION_ALLOCATE","Agent 3",16,"0x00007f738dc6f000",4224,3219595924057262,3219595924057635
"MEMORY_ALLOCATION","MEMORY_ALLOCATION_ALLOCATE","Agent 3",16,"0x00007f738dc70000",4228,3219595924077133,3219595924077497
"MEMORY_ALLOCATION","MEMORY_ALLOCATION_ALLOCATE","Agent 3",1024,"0x00007f738dc71000",4232,3219595924097617,3219595924097904
"MEMORY_ALLOCATION","MEMORY_ALLOCATION_ALLOCATE","Agent 3",1024,"0x00007f738dc72000",4237,3219595924105842,3219595924106156
"MEMORY_ALLOCATION","MEMORY_ALLOCATION_ALLOCATE","Agent 3",1024,"0x00007f738dc73000",4242,3219595924114010,3219595924114615
"MEMORY_ALLOCATION","MEMORY_ALLOCATION_ALLOCATE","Agent 3",512,"0x00007f738dc74000",4247,3219595924123384,3219595924123832
"MEMORY_ALLOCATION","MEMORY_ALLOCATION_ALLOCATE","Agent 3",512,"0x00007f738dc75000",4252,3219595924131560,3219595924131843
"MEMORY_ALLOCATION","MEMORY_ALLOCATION_ALLOCATE","Agent 3",1024,"0x00007f738dc76000",4257,3219595924140086,3219595924140375
"MEMORY_ALLOCATION","MEMORY_ALLOCATION_ALLOCATE","Agent 3",512,"0x00007f738dc77000",4262,3219595924148958,3219595924149296
"MEMORY_ALLOCATION","MEMORY_ALLOCATION_ALLOCATE","Agent 3",1024,"0x00007f738dc78000",4270,3219595924174430,3219595924174958
"MEMORY_ALLOCATION","MEMORY_ALLOCATION_ALLOCATE","Agent 3",1024,"0x00007f738dc79000",4275,3219595924182771,3219595924183122
"MEMORY_ALLOCATION","MEMORY_ALLOCATION_FREE","",0,"0x00007f738dc78000",4280,3219595924210801,3219595924211128
"MEMORY_ALLOCATION","MEMORY_ALLOCATION_FREE","",0,"0x00007f738dc77000",4282,3219595924212988,3219595924213232
"MEMORY_ALLOCATION","MEMORY_ALLOCATION_FREE","",0,"0x00007f738dc76000",4284,3219595924215189,3219595924215432
"MEMORY_ALLOCATION","MEMORY_ALLOCATION_FREE","",0,"0x00007f738dc75000",4286,3219595924216921,3219595924217118
"MEMORY_ALLOCATION","MEMORY_ALLOCATION_FREE","",0,"0x00007f738dc74000",4288,3219595924218608,3219595924218929
"MEMORY_ALLOCATION","MEMORY_ALLOCATION_FREE","",0,"0x00007f738dc73000",4290,3219595924222605,3219595924222900
"MEMORY_ALLOCATION","MEMORY_ALLOCATION_FREE","",0,"0x00007f738dc72000",4292,3219595924224366,3219595924224600
"MEMORY_ALLOCATION","MEMORY_ALLOCATION_ALLOCATE","Agent 3",1024,"0x00007f738dc7a000",4294,3219595924226236,3219595924226467
"MEMORY_ALLOCATION","MEMORY_ALLOCATION_ALLOCATE","Agent 3",1024,"0x00007f738dc7b000",4296,3219595924228154,3219595924228401
"MEMORY_ALLOCATION","MEMORY_ALLOCATION_ALLOCATE","Agent 3",2048,"0x00007f738dc7c000",4301,3219595924236300,3219595924236633
"MEMORY_ALLOCATION","MEMORY_ALLOCATION_ALLOCATE","Agent 3",2048,"0x00007f738dc7d000",4306,3219595924244067,3219595924244462
"MEMORY_ALLOCATION","MEMORY_ALLOCATION_ALLOCATE","Agent 3",2048,"0x00007f738dc7e000",4311,3219595924252052,3219595924252264
"MEMORY_ALLOCATION","MEMORY_ALLOCATION_FREE","",0,"0x00007f738dc7d000",4316,3219595924273258,3219595924273551
"MEMORY_ALLOCATION","MEMORY_ALLOCATION_FREE","",0,"0x00007f738dc7c000",4318,3219595924275529,3219595924275787
"MEMORY_ALLOCATION","MEMORY_ALLOCATION_ALLOCATE","Agent 3",1024,"0x00007f738dc7c000",4320,3219595924277597,3219595924277828
"MEMORY_ALLOCATION","MEMORY_ALLOCATION_FREE","",0,"0x00007f738dc7e000",4325,3219595924310431,3219595924310736
"MEMORY_ALLOCATION","MEMORY_ALLOCATION_ALLOCATE","Agent 3",1024,"0x00007f738dc7d000",4327,3219595924312668,3219595924312905
"MEMORY_ALLOCATION","MEMORY_ALLOCATION_FREE","",0,"0x00007f738dc7c000",4332,3219595924329996,3219595924330250
"MEMORY_ALLOCATION","MEMORY_ALLOCATION_FREE","",0,"0x00007f738dc7b000",4334,3219595924331932,3219595924332160
"MEMORY_ALLOCATION","MEMORY_ALLOCATION_FREE","",0,"0x00007f738dc7a000",4336,3219595924333739,3219595924333956
"MEMORY_ALLOCATION","MEMORY_ALLOCATION_FREE","",0,"0x00007f738dc79000",4338,3219595924335404,3219595924335743
"MEMORY_ALLOCATION","MEMORY_ALLOCATION_FREE","",0,"0x00007f738dc71000",4340,3219595924337392,3219595924337659
"MEMORY_ALLOCATION","MEMORY_ALLOCATION_ALLOCATE","Agent 3",1024,"0x00007f738dc7e000",4342,3219595924339570,3219595924339750
"MEMORY_ALLOCATION","MEMORY_ALLOCATION_ALLOCATE","Agent 3",1024,"0x00007f738dc71000",4347,3219595924346930,3219595924347179
"MEMORY_ALLOCATION","MEMORY_ALLOCATION_ALLOCATE","Agent 3",512,"0x00007f738dc72000",4352,3219595924354583,3219595924354908
"MEMORY_ALLOCATION","MEMORY_ALLOCATION_ALLOCATE","Agent 3",512,"0x00007f738dc73000",4357,3219595924361944,3219595924362274
"MEMORY_ALLOCATION","MEMORY_ALLOCATION_ALLOCATE","Agent 3",1024,"0x00007f738dc74000",4362,3219595924371886,3219595924372267
"MEMORY_ALLOCATION","MEMORY_ALLOCATION_ALLOCATE","Agent 3",512,"0x00007f738dc75000",4367,3219595924380562,3219595924380873
"MEMORY_ALLOCATION","MEMORY_ALLOCATION_ALLOCATE","Agent 3",1024,"0x00007f738dc76000",4375,3219595924403414,3219595924403928
"MEMORY_ALLOCATION","MEMORY_ALLOCATION_ALLOCATE","Agent 3",1024,"0x00007f738dc77000",4380,3219595924413259,3219595924413612
"MEMORY_ALLOCATION","MEMORY_ALLOCATION_FREE","",0,"0x00007f738dc76000",4385,3219595924441030,3219595924441356
"MEMORY_ALLOCATION","MEMORY_ALLOCATION_FREE","",0,"0x00007f738dc75000",4387,3219595924443178,3219595924443399
"MEMORY_ALLOCATION","MEMORY_ALLOCATION_FREE","",0,"0x00007f738dc74000",4389,3219595924445309,3219595924445589
"MEMORY_ALLOCATION","MEMORY_ALLOCATION_FREE","",0,"0x00007f738dc73000",4391,3219595924447146,3219595924447396
"MEMORY_ALLOCATION","MEMORY_ALLOCATION_FREE","",0,"0x00007f738dc72000",4393,3219595924448855,3219595924449129
"MEMORY_ALLOCATION","MEMORY_ALLOCATION_FREE","",0,"0x00007f738dc71000",4395,3219595924450622,3219595924450900
"MEMORY_ALLOCATION","MEMORY_ALLOCATION_FREE","",0,"0x00007f738dc7e000",4397,3219595924452525,3219595924452722
"MEMORY_ALLOCATION","MEMORY_ALLOCATION_ALLOCATE","Agent 3",1024,"0x00007f738dc7e000",4399,3219595924454292,3219595924454486
"MEMORY_ALLOCATION","MEMORY_ALLOCATION_ALLOCATE","Agent 3",1024,"0x00007f738dc78000",4401,3219595924457609,3219595924457817
"MEMORY_ALLOCATION","MEMORY_ALLOCATION_ALLOCATE","Agent 3",2048,"0x00007f738dc79000",4406,3219595924465191,3219595924465442
"MEMORY_ALLOCATION","MEMORY_ALLOCATION_ALLOCATE","Agent 3",2048,"0x00007f738dc7a000",4411,3219595924472682,3219595924472993
"MEMORY_ALLOCATION","MEMORY_ALLOCATION_ALLOCATE","Agent 3",2048,"0x00007f738dc7b000",4416,3219595924480272,3219595924480539
"MEMORY_ALLOCATION","MEMORY_ALLOCATION_FREE","",0,"0x00007f738dc7a000",4421,3219595924502109,3219595924502381
"MEMORY_ALLOCATION","MEMORY_ALLOCATION_FREE","",0,"0x00007f738dc79000",4423,3219595924504562,3219595924504782
"MEMORY_ALLOCATION","MEMORY_ALLOCATION_ALLOCATE","Agent 3",1024,"0x00007f738dc7c000",4425,3219595924506570,3219595924506765
"MEMORY_ALLOCATION","MEMORY_ALLOCATION_FREE","",0,"0x00007f738dc7b000",4430,3219595924538181,3219595924538505
"MEMORY_ALLOCATION","MEMORY_ALLOCATION_ALLOCATE","Agent 3",1024,"0x00007f738dc79000",4432,3219595924540409,3219595924540670
"MEMORY_ALLOCATION","MEMORY_ALLOCATION_FREE","",0,"0x00007f738dc7c000",4437,3219595924558039,3219595924558368
"MEMORY_ALLOCATION","MEMORY_ALLOCATION_FREE","",0,"0x00007f738dc78000",4439,3219595924560215,3219595924560401
"MEMORY_ALLOCATION","MEMORY_ALLOCATION_FREE","",0,"0x00007f738dc7e000",4441,3219595924561968,3219595924562221
"MEMORY_ALLOCATION","MEMORY_ALLOCATION_FREE","",0,"0x00007f738dc77000",4443,3219595924564051,3219595924564403
"MEMORY_ALLOCATION","MEMORY_ALLOCATION_FREE","",0,"0x00007f738dc7d000",4445,3219595924566304,3219595924566611
"MEMORY_ALLOCATION","MEMORY_ALLOCATION_ALLOCATE","Agent 3",1024,"0x00007f738dc7a000",4447,3219595924568400,3219595924568596
"MEMORY_ALLOCATION","MEMORY_ALLOCATION_FREE","",0,"0x00007f738dc79000",4452,3219595924585781,3219595924586061
"MEMORY_ALLOCATION","MEMORY_ALLOCATION_ALLOCATE","Agent 3",4096,"0x00007f738dc7b000",4454,3219595924588432,3219595924588651
"MEMORY_ALLOCATION","MEMORY_ALLOCATION_FREE","",0,"0x00007f738dc7a000",4459,3219595924612394,3219595924612761
"MEMORY_ALLOCATION","MEMORY_ALLOCATION_FREE","",0,"0x00007f738dc70000",4461,3219595924614598,3219595924614861
"MEMORY_ALLOCATION","MEMORY_ALLOCATION_FREE","",0,"0x00007f738dc6f000",4463,3219595924616548,3219595924616868
"MEMORY_ALLOCATION","MEMORY_ALLOCATION_FREE","",0,"0x00007f738dc6e000",4465,3219595924618618,3219595924618864
"MEMORY_ALLOCATION","MEMORY_ALLOCATION_FREE","",0,"0x00007f738dc7b000",4475,3219595924650728,3219595924651187
"MEMORY_ALLOCATION","MEMORY_ALLOCATION_ALLOCATE","Agent 3",16,"0x00007f738dc6e000",4477,3219595924653331,3219595924653499
"MEMORY_ALLOCATION","MEMORY_ALLOCATION_FREE","",0,"0x00007f738dc6e000",4484,3219595924685890,3219595924686164
"MEMORY_ALLOCATION","MEMORY_ALLOCATION_ALLOCATE","Agent 3",8,"0x00007f738dc6e000",4510,3219595924745676,3219595924745986
"MEMORY_ALLOCATION","MEMORY_ALLOCATION_ALLOCATE","Agent 3",8,"0x00007f738dc6f000",4514,3219595924766356,3219595924766788
"MEMORY_ALLOCATION","MEMORY_ALLOCATION_ALLOCATE","Agent 3",8,"0x00007f738dc70000",4518,3219595924786182,3219595924786677
"MEMORY_ALLOCATION","MEMORY_ALLOCATION_ALLOCATE","Agent 3",512,"0x00007f738dc71000",4522,3219595924807059,3219595924807709
"MEMORY_ALLOCATION","MEMORY_ALLOCATION_ALLOCATE","Agent 3",512,"0x00007f738dc72000",4527,3219595924816347,3219595924816679
"MEMORY_ALLOCATION","MEMORY_ALLOCATION_ALLOCATE","Agent 3",512,"0x00007f738dc73000",4532,3219595924824363,3219595924824793
"MEMORY_ALLOCATION","MEMORY_ALLOCATION_ALLOCATE","Agent 3",256,"0x00007f738dc74000",4537,3219595924833271,3219595924833712
"MEMORY_ALLOCATION","MEMORY_ALLOCATION_ALLOCATE","Agent 3",256,"0x00007f738dc75000",4542,3219595924840504,3219595924840775
"MEMORY_ALLOCATION","MEMORY_ALLOCATION_ALLOCATE","Agent 3",512,"0x00007f738dc76000",4547,3219595924848901,3219595924849298
"MEMORY_ALLOCATION","MEMORY_ALLOCATION_ALLOCATE","Agent 3",256,"0x00007f738dc77000",4552,3219595924860228,3219595924860621
"MEMORY_ALLOCATION","MEMORY_ALLOCATION_ALLOCATE","Agent 3",512,"0x00007f738dc78000",4560,3219595924881923,3219595924882880
"MEMORY_ALLOCATION","MEMORY_ALLOCATION_ALLOCATE","Agent 3",512,"0x00007f738dc79000",4565,3219595924915982,3219595924916885
"MEMORY_ALLOCATION","MEMORY_ALLOCATION_FREE","",0,"0x00007f738dc78000",4570,3219595924958466,3219595924959119
"MEMORY_ALLOCATION","MEMORY_ALLOCATION_FREE","",0,"0x00007f738dc77000",4572,3219595924961364,3219595924961694
"MEMORY_ALLOCATION","MEMORY_ALLOCATION_FREE","",0,"0x00007f738dc76000",4574,3219595924963707,3219595924963910
"MEMORY_ALLOCATION","MEMORY_ALLOCATION_FREE","",0,"0x00007f738dc75000",4576,3219595924965930,3219595924966208
"MEMORY_ALLOCATION","MEMORY_ALLOCATION_FREE","",0,"0x00007f738dc74000",4578,3219595924968110,3219595924968356
"MEMORY_ALLOCATION","MEMORY_ALLOCATION_FREE","",0,"0x00007f738dc73000",4580,3219595924969852,3219595924970108
"MEMORY_ALLOCATION","MEMORY_ALLOCATION_FREE","",0,"0x00007f738dc72000",4582,3219595924971736,3219595924972090
"MEMORY_ALLOCATION","MEMORY_ALLOCATION_ALLOCATE","Agent 3",512,"0x00007f738dc7a000",4584,3219595924973825,3219595924973996
"MEMORY_ALLOCATION","MEMORY_ALLOCATION_ALLOCATE","Agent 3",512,"0x00007f738dc7b000",4586,3219595924977762,3219595924978000
"MEMORY_ALLOCATION","MEMORY_ALLOCATION_ALLOCATE","Agent 3",1024,"0x00007f738dc7c000",4591,3219595924986228,3219595924986556
"MEMORY_ALLOCATION","MEMORY_ALLOCATION_ALLOCATE","Agent 3",1024,"0x00007f738dc7d000",4596,3219595924994204,3219595924994595
"MEMORY_ALLOCATION","MEMORY_ALLOCATION_ALLOCATE","Agent 3",1024,"0x00007f738dc7e000",4601,3219595925002477,3219595925002829
"MEMORY_ALLOCATION","MEMORY_ALLOCATION_FREE","",0,"0x00007f738dc7d000",4606,3219595925023437,3219595925023797
"MEMORY_ALLOCATION","MEMORY_ALLOCATION_FREE","",0,"0x00007f738dc7c000",4608,3219595925025729,3219595925025979
"MEMORY_ALLOCATION","MEMORY_ALLOCATION_ALLOCATE","Agent 3",512,"0x00007f738dc7c000",4610,3219595925027744,3219595925027959
"MEMORY_ALLOCATION","MEMORY_ALLOCATION_FREE","",0,"0x00007f738dc7e000",4615,3219595925059441,3219595925059739
"MEMORY_ALLOCATION","MEMORY_ALLOCATION_ALLOCATE","Agent 3",512,"0x00007f738dc7d000",4617,3219595925061619,3219595925061869
"MEMORY_ALLOCATION","MEMORY_ALLOCATION_FREE","",0,"0x00007f738dc7c000",4622,3219595925079081,3219595925079339
"MEMORY_ALLOCATION","MEMORY_ALLOCATION_FREE","",0,"0x00007f738dc7b000",4624,3219595925081188,3219595925081520
"MEMORY_ALLOCATION","MEMORY_ALLOCATION_FREE","",0,"0x00007f738dc7a000",4626,3219595925083066,3219595925083272
"MEMORY_ALLOCATION","MEMORY_ALLOCATION_FREE","",0,"0x00007f738dc79000",4628,3219595925084723,3219595925085040
"MEMORY_ALLOCATION","MEMORY_ALLOCATION_FREE","",0,"0x00007f738dc71000",4630,3219595925086823,3219595925087065
"MEMORY_ALLOCATION","MEMORY_ALLOCATION_ALLOCATE","Agent 3",512,"0x00007f738dc7e000",4632,3219595925088699,3219595925088867
"MEMORY_ALLOCATION","MEMORY_ALLOCATION_ALLOCATE","Agent 3",512,"0x00007f738dc71000",4637,3219595925095957,3219595925096191
"MEMORY_ALLOCATION","MEMORY_ALLOCATION_ALLOCATE","Agent 3",256,"0x00007f738dc72000",4642,3219595925103795,3219595925104063
"MEMORY_ALLOCATION","MEMORY_ALLOCATION_ALLOCATE","Agent 3",256,"0x00007f738dc73000",4647,3219595925117415,3219595925117901
"MEMORY_ALLOCATION","MEMORY_ALLOCATION_ALLOCATE","Agent 3",512,"0x00007f738dc74000",4652,3219595925125813,3219595925126130
"MEMORY_ALLOCATION","MEMORY_ALLOCATION_ALLOCATE","Agent 3",256,"0x00007f738dc75000",4657,3219595925133537,3219595925133874
"MEMORY_ALLOCATION","MEMORY_ALLOCATION_ALLOCATE","Agent 3",512,"0x00007f738dc76000",4665,3219595925156582,3219595925156954
"MEMORY_ALLOCATION","MEMORY_ALLOCATION_ALLOCATE","Agent 3",512,"0x00007f738dc77000",4670,3219595925166966,3219595925167378
"MEMORY_ALLOCATION","MEMORY_ALLOCATION_FREE","",0,"0x00007f738dc76000",4675,3219595925195929,3219595925196414
"MEMORY_ALLOCATION","MEMORY_ALLOCATION_FREE","",0,"0x00007f738dc75000",4677,3219595925198232,3219595925198438
"MEMORY_ALLOCATION","MEMORY_ALLOCATION_FREE","",0,"0x00007f738dc74000",4679,3219595925200046,3219595925200408
"MEMORY_ALLOCATION","MEMORY_ALLOCATION_FREE","",0,"0x00007f738dc73000",4681,3219595925201978,3219595925202268
"MEMORY_ALLOCATION","MEMORY_ALLOCATION_FREE","",0,"0x00007f738dc72000",4683,3219595925205240,3219595925205562
"MEMORY_ALLOCATION","MEMORY_ALLOCATION_FREE","",0,"0x00007f738dc71000",4685,3219595925207008,3219595925207288
"MEMORY_ALLOCATION","MEMORY_ALLOCATION_FREE","",0,"0x00007f738dc7e000",4687,3219595925208775,3219595925208985
"MEMORY_ALLOCATION","MEMORY_ALLOCATION_ALLOCATE","Agent 3",512,"0x00007f738dc7e000",4689,3219595925210400,3219595925210568
"MEMORY_ALLOCATION","MEMORY_ALLOCATION_ALLOCATE","Agent 3",512,"0x00007f738dc78000",4691,3219595925213806,3219595925214022
"MEMORY_ALLOCATION","MEMORY_ALLOCATION_ALLOCATE","Agent 3",1024,"0x00007f738dc79000",4696,3219595925221367,3219595925221620
"MEMORY_ALLOCATION","MEMORY_ALLOCATION_ALLOCATE","Agent 3",1024,"0x00007f738dc7a000",4701,3219595925230002,3219595925230304
"MEMORY_ALLOCATION","MEMORY_ALLOCATION_ALLOCATE","Agent 3",1024,"0x00007f738dc7b000",4706,3219595925237367,3219595925237595
"MEMORY_ALLOCATION","MEMORY_ALLOCATION_FREE","",0,"0x00007f738dc7a000",4711,3219595925262921,3219595925263272
"MEMORY_ALLOCATION","MEMORY_ALLOCATION_FREE","",0,"0x00007f738dc79000",4713,3219595925265346,3219595925265558
"MEMORY_ALLOCATION","MEMORY_ALLOCATION_ALLOCATE","Agent 3",512,"0x00007f738dc7c000",4715,3219595925267447,3219595925267654
"MEMORY_ALLOCATION","MEMORY_ALLOCATION_FREE","",0,"0x00007f738dc7b000",4720,3219595925297620,3219595925297970
"MEMORY_ALLOCATION","MEMORY_ALLOCATION_ALLOCATE","Agent 3",512,"0x00007f738dc79000",4722,3219595925299659,3219595925299914
"MEMORY_ALLOCATION","MEMORY_ALLOCATION_FREE","",0,"0x00007f738dc7c000",4727,3219595925316932,3219595925317228
"MEMORY_ALLOCATION","MEMORY_ALLOCATION_FREE","",0,"0x00007f738dc78000",4729,3219595925319109,3219595925319304
"MEMORY_ALLOCATION","MEMORY_ALLOCATION_FREE","",0,"0x00007f738dc7e000",4731,3219595925320880,3219595925321064
"MEMORY_ALLOCATION","MEMORY_ALLOCATION_FREE","",0,"0x00007f738dc77000",4733,3219595925322502,3219595925322897
"MEMORY_ALLOCATION","MEMORY_ALLOCATION_FREE","",0,"0x00007f738dc7d000",4735,3219595925324443,3219595925324749
"MEMORY_ALLOCATION","MEMORY_ALLOCATION_ALLOCATE","Agent 3",512,"0x00007f738dc7a000",4737,3219595925326566,3219595925326744
"MEMORY_ALLOCATION","MEMORY_ALLOCATION_FREE","",0,"0x00007f738dc79000",4742,3219595925343583,3219595925343880
"MEMORY_ALLOCATION","MEMORY_ALLOCATION_ALLOCATE","Agent 3",2048,"0x00007f738dc7b000",4744,3219595925345743,3219595925345944
"MEMORY_ALLOCATION","MEMORY_ALLOCATION_FREE","",0,"0x00007f738dc7a000",4749,3219595925369946,3219595925370231
"MEMORY_ALLOCATION","MEMORY_ALLOCATION_FREE","",0,"0x00007f738dc70000",4751,3219595925371994,3219595925372221
"MEMORY_ALLOCATION","MEMORY_ALLOCATION_FREE","",0,"0x00007f738dc6f000",4753,3219595925373934,3219595925374222
"MEMORY_ALLOCATION","MEMORY_ALLOCATION_FREE","",0,"0x00007f738dc6e000",4755,3219595925375835,3219595925376071
"MEMORY_ALLOCATION","MEMORY_ALLOCATION_FREE","",0,"0x00007f738dc7b000",4761,3219595925397777,3219595925398081
"MEMORY_ALLOCATION","MEMORY_ALLOCATION_ALLOCATE","Agent 3",16,"0x00007f738dc6e000",4763,3219595925400596,3219595925400800
"MEMORY_ALLOCATION","MEMORY_ALLOCATION_FREE","",0,"0x00007f738dc6e000",4770,3219595925432325,3219595925432595
"MEMORY_ALLOCATION","MEMORY_ALLOCATION_ALLOCATE","Agent 3",4,"0x00007f738dc6e000",4784,3219595925459205,3219595925459493
"MEMORY_ALLOCATION","MEMORY_ALLOCATION_ALLOCATE","Agent 3",4,"0x00007f738dc6f000",4788,3219595925479418,3219595925479910
"MEMORY_ALLOCATION","MEMORY_ALLOCATION_ALLOCATE","Agent 3",4,"0x00007f738dc70000",4792,3219595925499528,3219595925499985
"MEMORY_ALLOCATION","MEMORY_ALLOCATION_ALLOCATE","Agent 3",256,"0x00007f738dc71000",4796,3219595925519591,3219595925520038
"MEMORY_ALLOCATION","MEMORY_ALLOCATION_ALLOCATE","Agent 3",256,"0x00007f738dc72000",4801,3219595925527511,3219595925527777
"MEMORY_ALLOCATION","MEMORY_ALLOCATION_ALLOCATE","Agent 3",256,"0x00007f738dc73000",4806,3219595925536314,3219595925536831
"MEMORY_ALLOCATION","MEMORY_ALLOCATION_ALLOCATE","Agent 3",128,"0x00007f738dc74000",4811,3219595925545114,3219595925545474
"MEMORY_ALLOCATION","MEMORY_ALLOCATION_ALLOCATE","Agent 3",128,"0x00007f738dc75000",4816,3219595925552551,3219595925552909
"MEMORY_ALLOCATION","MEMORY_ALLOCATION_ALLOCATE","Agent 3",256,"0x00007f738dc76000",4821,3219595925561631,3219595925561988
"MEMORY_ALLOCATION","MEMORY_ALLOCATION_ALLOCATE","Agent 3",128,"0x00007f738dc77000",4826,3219595925569149,3219595925569491
"MEMORY_ALLOCATION","MEMORY_ALLOCATION_ALLOCATE","Agent 3",256,"0x00007f738dc78000",4834,3219595925586108,3219595925586498
"MEMORY_ALLOCATION","MEMORY_ALLOCATION_ALLOCATE","Agent 3",256,"0x00007f738dc79000",4839,3219595925594695,3219595925595047
"MEMORY_ALLOCATION","MEMORY_ALLOCATION_FREE","",0,"0x00007f738dc78000",4844,3219595925633181,3219595925633719
"MEMORY_ALLOCATION","MEMORY_ALLOCATION_FREE","",0,"0x00007f738dc77000",4846,3219595925635932,3219595925636370
"MEMORY_ALLOCATION","MEMORY_ALLOCATION_FREE","",0,"0x00007f738dc76000",4848,3219595925639800,3219595925640058
"MEMORY_ALLOCATION","MEMORY_ALLOCATION_FREE","",0,"0x00007f738dc75000",4850,3219595925641761,3219595925641953
"MEMORY_ALLOCATION","MEMORY_ALLOCATION_FREE","",0,"0x00007f738dc74000",4852,3219595925643634,3219595925643883
"MEMORY_ALLOCATION","MEMORY_ALLOCATION_FREE","",0,"0x00007f738dc73000",4854,3219595925645526,3219595925645870
"MEMORY_ALLOCATION","MEMORY_ALLOCATION_FREE","",0,"0x00007f738dc72000",4856,3219595925647329,3219595925647573
"MEMORY_ALLOCATION","MEMORY_ALLOCATION_ALLOCATE","Agent 3",256,"0x00007f738dc7a000",4858,3219595925650683,3219595925650906
"MEMORY_ALLOCATION","MEMORY_ALLOCATION_ALLOCATE","Agent 3",256,"0x00007f738dc7b000",4860,3219595925652646,3219595925652883
"MEMORY_ALLOCATION","MEMORY_ALLOCATION_ALLOCATE","Agent 3",512,"0x00007f738dc7c000",4865,3219595925661709,3219595925662032
"MEMORY_ALLOCATION","MEMORY_ALLOCATION_ALLOCATE","Agent 3",512,"0x00007f738dc7d000",4870,3219595925669559,3219595925669949
"MEMORY_ALLOCATION","MEMORY_ALLOCATION_ALLOCATE","Agent 3",512,"0x00007f738dc7e000",4875,3219595925677386,3219595925677671
"MEMORY_ALLOCATION","MEMORY_ALLOCATION_FREE","",0,"0x00007f738dc7d000",4880,3219595925698692,3219595925698965
"MEMORY_ALLOCATION","MEMORY_ALLOCATION_FREE","",0,"0x00007f738dc7c000",4882,3219595925700690,3219595925700903
"MEMORY_ALLOCATION","MEMORY_ALLOCATION_ALLOCATE","Agent 3",256,"0x00007f738dc7c000",4884,3219595925702521,3219595925702750
"MEMORY_ALLOCATION","MEMORY_ALLOCATION_FREE","",0,"0x00007f738dc7e000",4889,3219595925733626,3219595925733913
"MEMORY_ALLOCATION","MEMORY_ALLOCATION_ALLOCATE","Agent 3",256,"0x00007f738dc7d000",4891,3219595925735842,3219595925736066
"MEMORY_ALLOCATION","MEMORY_ALLOCATION_FREE","",0,"0x00007f738dc7c000",4896,3219595925752575,3219595925752835
"MEMORY_ALLOCATION","MEMORY_ALLOCATION_FREE","",0,"0x00007f738dc7b000",4898,3219595925754645,3219595925754839
"MEMORY_ALLOCATION","MEMORY_ALLOCATION_FREE","",0,"0x00007f738dc7a000",4900,3219595925756267,3219595925756472
"MEMORY_ALLOCATION","MEMORY_ALLOCATION_FREE","",0,"0x00007f738dc79000",4902,3219595925759755,3219595925760107
"MEMORY_ALLOCATION","MEMORY_ALLOCATION_FREE","",0,"0x00007f738dc71000",4904,3219595925761654,3219595925761862
"MEMORY_ALLOCATION","MEMORY_ALLOCATION_ALLOCATE","Agent 3",256,"0x00007f738dc7e000",4906,3219595925763464,3219595925763653
"MEMORY_ALLOCATION","MEMORY_ALLOCATION_ALLOCATE","Agent 3",256,"0x00007f738dc71000",4911,3219595925773133,3219595925773341
"MEMORY_ALLOCATION","MEMORY_ALLOCATION_ALLOCATE","Agent 3",128,"0x00007f738dc72000",4916,3219595925783535,3219595925783895
"MEMORY_ALLOCATION","MEMORY_ALLOCATION_ALLOCATE","Agent 3",128,"0x00007f738dc73000",4921,3219595925800920,3219595925801371
"MEMORY_ALLOCATION","MEMORY_ALLOCATION_ALLOCATE","Agent 3",256,"0x00007f738dc74000",4926,3219595925834632,3219595925835371
"MEMORY_ALLOCATION","MEMORY_ALLOCATION_ALLOCATE","Agent 3",128,"0x00007f738dc75000",4931,3219595925847330,3219595925847948
"MEMORY_ALLOCATION","MEMORY_ALLOCATION_ALLOCATE","Agent 3",256,"0x00007f738dc76000",4939,3219595925862965,3219595925863335
"MEMORY_ALLOCATION","MEMORY_ALLOCATION_ALLOCATE","Agent 3",256,"0x00007f738dc77000",4944,3219595925871568,3219595925872015
"MEMORY_ALLOCATION","MEMORY_ALLOCATION_FREE","",0,"0x00007f738dc76000",4949,3219595925899148,3219595925899688
"MEMORY_ALLOCATION","MEMORY_ALLOCATION_FREE","",0,"0x00007f738dc75000",4951,3219595925901661,3219595925901916
"MEMORY_ALLOCATION","MEMORY_ALLOCATION_FREE","",0,"0x00007f738dc74000",4953,3219595925903554,3219595925903797
"MEMORY_ALLOCATION","MEMORY_ALLOCATION_FREE","",0,"0x00007f738dc73000",4955,3219595925905438,3219595925905715
"MEMORY_ALLOCATION","MEMORY_ALLOCATION_FREE","",0,"0x00007f738dc72000",4957,3219595925907208,3219595925907461
"MEMORY_ALLOCATION","MEMORY_ALLOCATION_FREE","",0,"0x00007f738dc71000",4959,3219595925910183,3219595925910450
"MEMORY_ALLOCATION","MEMORY_ALLOCATION_FREE","",0,"0x00007f738dc7e000",4961,3219595925912035,3219595925912302
"MEMORY_ALLOCATION","MEMORY_ALLOCATION_ALLOCATE","Agent 3",256,"0x00007f738dc7e000",4963,3219595925914115,3219595925914269
"MEMORY_ALLOCATION","MEMORY_ALLOCATION_ALLOCATE","Agent 3",256,"0x00007f738dc78000",4965,3219595925915841,3219595925916059
"MEMORY_ALLOCATION","MEMORY_ALLOCATION_ALLOCATE","Agent 3",512,"0x00007f738dc79000",4970,3219595925923953,3219595925924192
"MEMORY_ALLOCATION","MEMORY_ALLOCATION_ALLOCATE","Agent 3",512,"0x00007f738dc7a000",4975,3219595925931684,3219595925932028
"MEMORY_ALLOCATION","MEMORY_ALLOCATION_ALLOCATE","Agent 3",512,"0x00007f738dc7b000",4980,3219595925939407,3219595925939683
"MEMORY_ALLOCATION","MEMORY_ALLOCATION_FREE","",0,"0x00007f738dc7a000",4985,3219595925960606,3219595925960877
"MEMORY_ALLOCATION","MEMORY_ALLOCATION_FREE","",0,"0x00007f738dc79000",4987,3219595925962730,3219595925962918
"MEMORY_ALLOCATION","MEMORY_ALLOCATION_ALLOCATE","Agent 3",256,"0x00007f738dc7c000",4989,3219595925964760,3219595925964948
"MEMORY_ALLOCATION","MEMORY_ALLOCATION_FREE","",0,"0x00007f738dc7b000",4994,3219595925995337,3219595925995715
"MEMORY_ALLOCATION","MEMORY_ALLOCATION_ALLOCATE","Agent 3",256,"0x00007f738dc79000",4996,3219595925997878,3219595925998115
"MEMORY_ALLOCATION","MEMORY_ALLOCATION_FREE","",0,"0x00007f738dc7c000",5001,3219595926015060,3219595926015343
"MEMORY_ALLOCATION","MEMORY_ALLOCATION_FREE","",0,"0x00007f738dc78000",5003,3219595926017063,3219595926017233
"MEMORY_ALLOCATION","MEMORY_ALLOCATION_FREE","",0,"0x00007f738dc7e000",5005,3219595926018653,3219595926018852
"MEMORY_ALLOCATION","MEMORY_ALLOCATION_FREE","",0,"0x00007f738dc77000",5007,3219595926020447,3219595926020764
"MEMORY_ALLOCATION","MEMORY_ALLOCATION_FREE","",0,"0x00007f738dc7d000",5009,3219595926022413,3219595926022676
"MEMORY_ALLOCATION","MEMORY_ALLOCATION_ALLOCATE","Agent 3",256,"0x00007f738dc7a000",5011,3219595926024418,3219595926024626
"MEMORY_ALLOCATION","MEMORY_ALLOCATION_FREE","",0,"0x00007f738dc79000",5016,3219595926043183,3219595926043430
"MEMORY_ALLOCATION","MEMORY_ALLOCATION_ALLOCATE","Agent 3",1024,"0x00007f738dc7b000",5018,3219595926045735,3219595926045953
"MEMORY_ALLOCATION","MEMORY_ALLOCATION_FREE","",0,"0x00007f738dc7a000",5023,3219595926069046,3219595926069349
"MEMORY_ALLOCATION","MEMORY_ALLOCATION_FREE","",0,"0x00007f738dc70000",5025,3219595926071053,3219595926071310
"MEMORY_ALLOCATION","MEMORY_ALLOCATION_FREE","",0,"0x00007f738dc6f000",5027,3219595926073006,3219595926073270
"MEMORY_ALLOCATION","MEMORY_ALLOCATION_FREE","",0,"0x00007f738dc6e000",5029,3219595926075037,3219595926075253
"MEMORY_ALLOCATION","MEMORY_ALLOCATION_FREE","",0,"0x00007f738dc7b000",5033,3219595926095738,3219595926096128
"MEMORY_ALLOCATION","MEMORY_ALLOCATION_ALLOCATE","Agent 3",16,"0x00007f738dc6e000",5035,3219595926098239,3219595926098437
"MEMORY_ALLOCATION","MEMORY_ALLOCATION_FREE","",0,"0x00007f738dc6e000",5042,3219595926131066,3219595926131309
"MEMORY_ALLOCATION","MEMORY_ALLOCATION_FREE","",0,"0x00007f738dc6d000",5056,3219595926166926,3219595926167326
"MEMORY_ALLOCATION","MEMORY_ALLOCATION_FREE","",0,"0x00007f738dc87000",5058,3219595926170252,3219595926170495
"MEMORY_ALLOCATION","MEMORY_ALLOCATION_FREE","",0,"0x00007f738dc7f000",5060,3219595926172293,3219595926172676
"MEMORY_ALLOCATION","MEMORY_ALLOCATION_FREE","",0,"0x00007f738dc97000",5062,3219595926174905,3219595926175312
"MEMORY_ALLOCATION","MEMORY_ALLOCATION_FREE","",0,"0x00007f738dc8f000",5064,3219595926177183,3219595926177722
"MEMORY_ALLOCATION","MEMORY_ALLOCATION_ALLOCATE","Agent 3",16,"0x00007f738dc6d000",5068,3219595926202225,3219595926202617
"MEMORY_ALLOCATION","MEMORY_ALLOCATION_ALLOCATE","Agent 3",1024,"0x00007f738dc6e000",5072,3219595926221967,3219595926222377
"MEMORY_ALLOCATION","MEMORY_ALLOCATION_ALLOCATE","Agent 3",1024,"0x00007f738dc6f000",5077,3219595926239664,3219595926240017
"MEMORY_ALLOCATION","MEMORY_ALLOCATION_ALLOCATE","Agent 3",1024,"0x00007f738dc70000",5082,3219595926247874,3219595926248301
"MEMORY_ALLOCATION","MEMORY_ALLOCATION_ALLOCATE","Agent 3",512,"0x00007f738dc71000",5087,3219595926255965,3219595926256452
"MEMORY_ALLOCATION","MEMORY_ALLOCATION_ALLOCATE","Agent 3",512,"0x00007f738dc72000",5092,3219595926264297,3219595926264714
"MEMORY_ALLOCATION","MEMORY_ALLOCATION_ALLOCATE","Agent 3",1024,"0x00007f738dc73000",5097,3219595926272741,3219595926273098
"MEMORY_ALLOCATION","MEMORY_ALLOCATION_ALLOCATE","Agent 3",512,"0x00007f738dc74000",5102,3219595926281033,3219595926281429
"MEMORY_ALLOCATION","MEMORY_ALLOCATION_ALLOCATE","Agent 3",512,"0x00007f738dc75000",5107,3219595926290791,3219595926291215
"MEMORY_ALLOCATION","MEMORY_ALLOCATION_ALLOCATE","Agent 3",1024,"0x00007f738dc76000",5112,3219595926299027,3219595926299414
"MEMORY_ALLOCATION","MEMORY_ALLOCATION_FREE","",0,"0x00007f738dc73000",5117,3219595926321453,3219595926322090
"MEMORY_ALLOCATION","MEMORY_ALLOCATION_ALLOCATE","Agent 3",512,"0x00007f738dc73000",5119,3219595926325423,3219595926325651
"MEMORY_ALLOCATION","MEMORY_ALLOCATION_FREE","",0,"0x00007f738dc74000",5124,3219595926343879,3219595926344192
"MEMORY_ALLOCATION","MEMORY_ALLOCATION_ALLOCATE","Agent 3",8192,"0x00007f738dc77000",5126,3219595926346074,3219595926346454
"MEMORY_ALLOCATION","MEMORY_ALLOCATION_ALLOCATE","Agent 3",8192,"0x00007f738dc79000",5132,3219595926358139,3219595926358530
"MEMORY_ALLOCATION","MEMORY_ALLOCATION_ALLOCATE","Agent 3",1024,"0x00007f738dc74000",5138,3219595926371037,3219595926371447
"MEMORY_ALLOCATION","MEMORY_ALLOCATION_ALLOCATE","Agent 3",1024,"0x00007f738dc7b000",5143,3219595926380285,3219595926380648
"MEMORY_ALLOCATION","MEMORY_ALLOCATION_FREE","",0,"0x00007f738dc74000",5148,3219595926398377,3219595926398644
"MEMORY_ALLOCATION","MEMORY_ALLOCATION_ALLOCATE","Agent 3",1024,"0x00007f738dc74000",5150,3219595926400622,3219595926400849
"MEMORY_ALLOCATION","MEMORY_ALLOCATION_FREE","",0,"0x00007f738dc7b000",5155,3219595926424903,3219595926425286
"MEMORY_ALLOCATION","MEMORY_ALLOCATION_FREE","",0,"0x00007f738dc75000",5157,3219595926427112,3219595926427342
"MEMORY_ALLOCATION","MEMORY_ALLOCATION_FREE","",0,"0x00007f738dc73000",5159,3219595926429468,3219595926429689
"MEMORY_ALLOCATION","MEMORY_ALLOCATION_FREE","",0,"0x00007f738dc76000",5161,3219595926431223,3219595926431605
"MEMORY_ALLOCATION","MEMORY_ALLOCATION_FREE","",0,"0x00007f738dc72000",5163,3219595926433210,3219595926433524
"MEMORY_ALLOCATION","MEMORY_ALLOCATION_FREE","",0,"0x00007f738dc71000",5165,3219595926435069,3219595926435421
"MEMORY_ALLOCATION","MEMORY_ALLOCATION_FREE","",0,"0x00007f738dc70000",5167,3219595926436995,3219595926437273
"MEMORY_ALLOCATION","MEMORY_ALLOCATION_ALLOCATE","Agent 3",1024,"0x00007f738dc75000",5169,3219595926438780,3219595926439155
"MEMORY_ALLOCATION","MEMORY_ALLOCATION_FREE","",0,"0x00007f738dc74000",5174,3219595926456609,3219595926457011
"MEMORY_ALLOCATION","MEMORY_ALLOCATION_FREE","",0,"0x00007f738dc6f000",5176,3219595926459143,3219595926459542
"MEMORY_ALLOCATION","MEMORY_ALLOCATION_ALLOCATE","Agent 3",1024,"0x00007f738dc76000",5178,3219595926461323,3219595926461531
"MEMORY_ALLOCATION","MEMORY_ALLOCATION_ALLOCATE","Agent 3",2048,"0x00007f738dc6f000",5183,3219595926469553,3219595926469859
"MEMORY_ALLOCATION","MEMORY_ALLOCATION_ALLOCATE","Agent 3",2048,"0x00007f738dc70000",5188,3219595926477315,3219595926477675
"MEMORY_ALLOCATION","MEMORY_ALLOCATION_ALLOCATE","Agent 3",2048,"0x00007f738dc71000",5193,3219595926484839,3219595926485275
"MEMORY_ALLOCATION","MEMORY_ALLOCATION_FREE","",0,"0x00007f738dc70000",5198,3219595926511757,3219595926512051
"MEMORY_ALLOCATION","MEMORY_ALLOCATION_FREE","",0,"0x00007f738dc6f000",5200,3219595926513951,3219595926514249
"MEMORY_ALLOCATION","MEMORY_ALLOCATION_ALLOCATE","Agent 3",1024,"0x00007f738dc6f000",5202,3219595926515980,3219595926516199
"MEMORY_ALLOCATION","MEMORY_ALLOCATION_FREE","",0,"0x00007f738dc71000",5207,3219595926547078,3219595926547661
"MEMORY_ALLOCATION","MEMORY_ALLOCATION_ALLOCATE","Agent 3",1024,"0x00007f738dc70000",5209,3219595926563087,3219595926563534
"MEMORY_ALLOCATION","MEMORY_ALLOCATION_FREE","",0,"0x00007f738dc6f000",5214,3219595926622580,3219595926622870
"MEMORY_ALLOCATION","MEMORY_ALLOCATION_FREE","",0,"0x00007f738dc76000",5216,3219595926624726,3219595926624949
"MEMORY_ALLOCATION","MEMORY_ALLOCATION_FREE","",0,"0x00007f738dc75000",5218,3219595926626693,3219595926627145
"MEMORY_ALLOCATION","MEMORY_ALLOCATION_FREE","",0,"0x00007f738dc6e000",5220,3219595926628667,3219595926628947
"MEMORY_ALLOCATION","MEMORY_ALLOCATION_ALLOCATE","Agent 3",1024,"0x00007f738dc6e000",5222,3219595926630767,3219595926631025
"MEMORY_ALLOCATION","MEMORY_ALLOCATION_ALLOCATE","Agent 3",1024,"0x00007f738dc6f000",5227,3219595926638245,3219595926638495
"MEMORY_ALLOCATION","MEMORY_ALLOCATION_ALLOCATE","Agent 3",512,"0x00007f738dc71000",5232,3219595926645611,3219595926645893
"MEMORY_ALLOCATION","MEMORY_ALLOCATION_ALLOCATE","Agent 3",512,"0x00007f738dc72000",5237,3219595926652747,3219595926653093
"MEMORY_ALLOCATION","MEMORY_ALLOCATION_ALLOCATE","Agent 3",1024,"0x00007f738dc73000",5242,3219595926660789,3219595926661172
"MEMORY_ALLOCATION","MEMORY_ALLOCATION_ALLOCATE","Agent 3",512,"0x00007f738dc74000",5247,3219595926669006,3219595926669487
"MEMORY_ALLOCATION","MEMORY_ALLOCATION_ALLOCATE","Agent 3",512,"0x00007f738dc75000",5252,3219595926682562,3219595926682978
"MEMORY_ALLOCATION","MEMORY_ALLOCATION_ALLOCATE","Agent 3",1024,"0x00007f738dc76000",5257,3219595926691962,3219595926692274
"MEMORY_ALLOCATION","MEMORY_ALLOCATION_FREE","",0,"0x00007f738dc73000",5262,3219595926721151,3219595926721778
"MEMORY_ALLOCATION","MEMORY_ALLOCATION_ALLOCATE","Agent 3",512,"0x00007f738dc73000",5264,3219595926726523,3219595926726758
"MEMORY_ALLOCATION","MEMORY_ALLOCATION_FREE","",0,"0x00007f738dc74000",5269,3219595926773223,3219595926773869
"MEMORY_ALLOCATION","MEMORY_ALLOCATION_ALLOCATE","Agent 3",8192,"0x00007f738dc7b000",5271,3219595926775780,3219595926776620
"MEMORY_ALLOCATION","MEMORY_ALLOCATION_ALLOCATE","Agent 3",8192,"0x00007f738dc7d000",5277,3219595926791880,3219595926793400
"MEMORY_ALLOCATION","MEMORY_ALLOCATION_ALLOCATE","Agent 3",1024,"0x00007f738dc74000",5283,3219595926805912,3219595926806191
"MEMORY_ALLOCATION","MEMORY_ALLOCATION_ALLOCATE","Agent 3",1024,"0x00007f738dc7f000",5288,3219595926815227,3219595926815590
"MEMORY_ALLOCATION","MEMORY_ALLOCATION_FREE","",0,"0x00007f738dc74000",5293,3219595926834365,3219595926834661
"MEMORY_ALLOCATION","MEMORY_ALLOCATION_ALLOCATE","Agent 3",1024,"0x00007f738dc74000",5295,3219595926836458,3219595926836593
"MEMORY_ALLOCATION","MEMORY_ALLOCATION_FREE","",0,"0x00007f738dc7f000",5300,3219595926860609,3219595926860951
"MEMORY_ALLOCATION","MEMORY_ALLOCATION_FREE","",0,"0x00007f738dc75000",5302,3219595926862852,3219595926863109
"MEMORY_ALLOCATION","MEMORY_ALLOCATION_FREE","",0,"0x00007f738dc73000",5304,3219595926864678,3219595926864907
"MEMORY_ALLOCATION","MEMORY_ALLOCATION_FREE","",0,"0x00007f738dc76000",5306,3219595926866791,3219595926867135
"MEMORY_ALLOCATION","MEMORY_ALLOCATION_FREE","",0,"0x00007f738dc72000",5308,3219595926868728,3219595926869055
"MEMORY_ALLOCATION","MEMORY_ALLOCATION_FREE","",0,"0x00007f738dc71000",5310,3219595926871153,3219595926871431
"MEMORY_ALLOCATION","MEMORY_ALLOCATION_FREE","",0,"0x00007f738dc6f000",5312,3219595926873363,3219595926873633
"MEMORY_ALLOCATION","MEMORY_ALLOCATION_ALLOCATE","Agent 3",1024,"0x00007f738dc6f000",5314,3219595926875448,3219595926875695
"MEMORY_ALLOCATION","MEMORY_ALLOCATION_FREE","",0,"0x00007f738dc74000",5319,3219595926893423,3219595926893931
"MEMORY_ALLOCATION","MEMORY_ALLOCATION_FREE","",0,"0x00007f738dc6e000",5321,3219595926896075,3219595926896419
"MEMORY_ALLOCATION","MEMORY_ALLOCATION_ALLOCATE","Agent 3",1024,"0x00007f738dc6e000",5323,3219595926898168,3219595926898366
"MEMORY_ALLOCATION","MEMORY_ALLOCATION_ALLOCATE","Agent 3",2048,"0x00007f738dc71000",5328,3219595926905685,3219595926905998
"MEMORY_ALLOCATION","MEMORY_ALLOCATION_ALLOCATE","Agent 3",2048,"0x00007f738dc72000",5333,3219595926913938,3219595926914291
"MEMORY_ALLOCATION","MEMORY_ALLOCATION_ALLOCATE","Agent 3",2048,"0x00007f738dc73000",5338,3219595926921070,3219595926921460
"MEMORY_ALLOCATION","MEMORY_ALLOCATION_FREE","",0,"0x00007f738dc72000",5343,3219595926942691,3219595926942920
"MEMORY_ALLOCATION","MEMORY_ALLOCATION_FREE","",0,"0x00007f738dc71000",5345,3219595926945195,3219595926945458
"MEMORY_ALLOCATION","MEMORY_ALLOCATION_ALLOCATE","Agent 3",1024,"0x00007f738dc71000",5347,3219595926947587,3219595926947824
"MEMORY_ALLOCATION","MEMORY_ALLOCATION_FREE","",0,"0x00007f738dc73000",5352,3219595926978996,3219595926979564
"MEMORY_ALLOCATION","MEMORY_ALLOCATION_ALLOCATE","Agent 3",1024,"0x00007f738dc72000",5354,3219595926981764,3219595926981987
"MEMORY_ALLOCATION","MEMORY_ALLOCATION_FREE","",0,"0x00007f738dc71000",5359,3219595926999031,3219595926999294
"MEMORY_ALLOCATION","MEMORY_ALLOCATION_FREE","",0,"0x00007f738dc6e000",5361,3219595927001179,3219595927001428
"MEMORY_ALLOCATION","MEMORY_ALLOCATION_FREE","",0,"0x00007f738dc6f000",5363,3219595927003231,3219595927003544
"MEMORY_ALLOCATION","MEMORY_ALLOCATION_FREE","",0,"0x00007f738dc70000",5365,3219595927005446,3219595927005954
"MEMORY_ALLOCATION","MEMORY_ALLOCATION_ALLOCATE","Agent 3",1024,"0x00007f738dc73000",5367,3219595927007604,3219595927007807
"MEMORY_ALLOCATION","MEMORY_ALLOCATION_FREE","",0,"0x00007f738dc72000",5372,3219595927025189,3219595927025536
"MEMORY_ALLOCATION","MEMORY_ALLOCATION_ALLOCATE","Agent 3",1024,"0x00007f738dc74000",5374,3219595927027937,3219595927028127
"MEMORY_ALLOCATION","MEMORY_ALLOCATION_FREE","",0,"0x00007f738dc73000",5379,3219595927051082,3219595927051383
"MEMORY_ALLOCATION","MEMORY_ALLOCATION_FREE","",0,"0x00007f738dc6d000",5381,3219595927053272,3219595927053663
"MEMORY_ALLOCATION","MEMORY_ALLOCATION_ALLOCATE","Agent 3",32768,"0x00007f738dc7f000",5383,3219595927055449,3219595927055743
"MEMORY_ALLOCATION","MEMORY_ALLOCATION_ALLOCATE","Agent 3",32768,"0x00007f738dc87000",5385,3219595927057906,3219595927058172
"MEMORY_ALLOCATION","MEMORY_ALLOCATION_ALLOCATE","Agent 3",32768,"0x00007f738dc8f000",5395,3219595927079513,3219595927079837
"MEMORY_ALLOCATION","MEMORY_ALLOCATION_ALLOCATE","Agent 3",32768,"0x00007f738dc97000",5397,3219595927082641,3219595927082932
"MEMORY_ALLOCATION","MEMORY_ALLOCATION_FREE","",0,"0x00007f738dc79000",5407,3219595927118785,3219595927119105
"MEMORY_ALLOCATION","MEMORY_ALLOCATION_FREE","",0,"0x00007f738dc77000",5409,3219595927120803,3219595927121271
"MEMORY_ALLOCATION","MEMORY_ALLOCATION_FREE","",0,"0x00007f738dc7d000",5411,3219595927123206,3219595927123428
"MEMORY_ALLOCATION","MEMORY_ALLOCATION_FREE","",0,"0x00007f738dc7b000",5413,3219595927126220,3219595927126644
"MEMORY_ALLOCATION","MEMORY_ALLOCATION_ALLOCATE","Agent 3",4096,"0x00007f738dc6d000",5415,3219595927128529,3219595927128806
"MEMORY_ALLOCATION","MEMORY_ALLOCATION_FREE","",0,"0x00007f738dc74000",5419,3219595927146477,3219595927146846
"MEMORY_ALLOCATION","MEMORY_ALLOCATION_ALLOCATE","Agent 3",32,"0x00007f738dc6e000",5421,3219595927149133,3219595927149442
"MEMORY_ALLOCATION","MEMORY_ALLOCATION_ALLOCATE","Agent 3",2048,"0x00007f738dc6f000",5425,3219595927171675,3219595927172033
"MEMORY_ALLOCATION","MEMORY_ALLOCATION_ALLOCATE","Agent 3",2048,"0x00007f738dc70000",5430,3219595927178756,3219595927179061
"MEMORY_ALLOCATION","MEMORY_ALLOCATION_ALLOCATE","Agent 3",2048,"0x00007f738dc71000",5435,3219595927186919,3219595927187375
"MEMORY_ALLOCATION","MEMORY_ALLOCATION_ALLOCATE","Agent 3",1024,"0x00007f738dc72000",5440,3219595927195953,3219595927196354
"MEMORY_ALLOCATION","MEMORY_ALLOCATION_ALLOCATE","Agent 3",1024,"0x00007f738dc73000",5445,3219595927203246,3219595927203539
"MEMORY_ALLOCATION","MEMORY_ALLOCATION_ALLOCATE","Agent 3",2048,"0x00007f738dc74000",5450,3219595927210547,3219595927211033
"MEMORY_ALLOCATION","MEMORY_ALLOCATION_ALLOCATE","Agent 3",1024,"0x00007f738dc75000",5455,3219595927228271,3219595927228683
"MEMORY_ALLOCATION","MEMORY_ALLOCATION_ALLOCATE","Agent 3",1024,"0x00007f738dc76000",5460,3219595927236569,3219595927236921
"MEMORY_ALLOCATION","MEMORY_ALLOCATION_ALLOCATE","Agent 3",2048,"0x00007f738dc77000",5465,3219595927244531,3219595927244968
"MEMORY_ALLOCATION","MEMORY_ALLOCATION_FREE","",0,"0x00007f738dc74000",5470,3219595927266065,3219595927266353
"MEMORY_ALLOCATION","MEMORY_ALLOCATION_ALLOCATE","Agent 3",1024,"0x00007f738dc74000",5472,3219595927269637,3219595927269821
"MEMORY_ALLOCATION","MEMORY_ALLOCATION_FREE","",0,"0x00007f738dc75000",5477,3219595927287654,3219595927288025
"MEMORY_ALLOCATION","MEMORY_ALLOCATION_ALLOCATE","Agent 3",8192,"0x00007f738dc78000",5479,3219595927290014,3219595927290476
"MEMORY_ALLOCATION","MEMORY_ALLOCATION_ALLOCATE","Agent 3",8192,"0x00007f738dc7a000",5485,3219595927301961,3219595927302339
"MEMORY_ALLOCATION","MEMORY_ALLOCATION_ALLOCATE","Agent 3",2048,"0x00007f738dc75000",5491,3219595927315147,3219595927315400
"MEMORY_ALLOCATION","MEMORY_ALLOCATION_ALLOCATE","Agent 3",2048,"0x00007f738dc7c000",5496,3219595927325273,3219595927325699
"MEMORY_ALLOCATION","MEMORY_ALLOCATION_FREE","",0,"0x00007f738dc75000",5501,3219595927343740,3219595927344004
"MEMORY_ALLOCATION","MEMORY_ALLOCATION_ALLOCATE","Agent 3",2048,"0x00007f738dc75000",5503,3219595927345433,3219595927345626
"MEMORY_ALLOCATION","MEMORY_ALLOCATION_FREE","",0,"0x00007f738dc7c000",5508,3219595927369750,3219595927370060
"MEMORY_ALLOCATION","MEMORY_ALLOCATION_FREE","",0,"0x00007f738dc76000",5510,3219595927371793,3219595927372004
"MEMORY_ALLOCATION","MEMORY_ALLOCATION_FREE","",0,"0x00007f738dc74000",5512,3219595927373738,3219595927373951
"MEMORY_ALLOCATION","MEMORY_ALLOCATION_FREE","",0,"0x00007f738dc77000",5514,3219595927375559,3219595927375880
"MEMORY_ALLOCATION","MEMORY_ALLOCATION_FREE","",0,"0x00007f738dc73000",5516,3219595927377509,3219595927377850
"MEMORY_ALLOCATION","MEMORY_ALLOCATION_FREE","",0,"0x00007f738dc72000",5518,3219595927379599,3219595927379895
"MEMORY_ALLOCATION","MEMORY_ALLOCATION_FREE","",0,"0x00007f738dc71000",5520,3219595927381416,3219595927381680
"MEMORY_ALLOCATION","MEMORY_ALLOCATION_ALLOCATE","Agent 3",2048,"0x00007f738dc76000",5522,3219595927383360,3219595927383700
"MEMORY_ALLOCATION","MEMORY_ALLOCATION_FREE","",0,"0x00007f738dc75000",5527,3219595927400993,3219595927401342
"MEMORY_ALLOCATION","MEMORY_ALLOCATION_FREE","",0,"0x00007f738dc70000",5529,3219595927403463,3219595927403751
"MEMORY_ALLOCATION","MEMORY_ALLOCATION_ALLOCATE","Agent 3",2048,"0x00007f738dc77000",5531,3219595927405420,3219595927405639
"MEMORY_ALLOCATION","MEMORY_ALLOCATION_ALLOCATE","Agent 3",4096,"0x00007f738dc7c000",5536,3219595927412980,3219595927413323
"MEMORY_ALLOCATION","MEMORY_ALLOCATION_ALLOCATE","Agent 3",4096,"0x00007f738dc7d000",5541,3219595927420773,3219595927421084
"MEMORY_ALLOCATION","MEMORY_ALLOCATION_ALLOCATE","Agent 3",4096,"0x00007f738dc7e000",5546,3219595927428245,3219595927428499
"MEMORY_ALLOCATION","MEMORY_ALLOCATION_FREE","",0,"0x00007f738dc7d000",5551,3219595927449937,3219595927450179
"MEMORY_ALLOCATION","MEMORY_ALLOCATION_FREE","",0,"0x00007f738dc7c000",5553,3219595927452235,3219595927452520
"MEMORY_ALLOCATION","MEMORY_ALLOCATION_ALLOCATE","Agent 3",2048,"0x00007f738dc7c000",5555,3219595927454395,3219595927454649
"MEMORY_ALLOCATION","MEMORY_ALLOCATION_FREE","",0,"0x00007f738dc7e000",5560,3219595927486307,3219595927486639
"MEMORY_ALLOCATION","MEMORY_ALLOCATION_ALLOCATE","Agent 3",2048,"0x00007f738dc7d000",5562,3219595927488372,3219595927488639
"MEMORY_ALLOCATION","MEMORY_ALLOCATION_FREE","",0,"0x00007f738dc7c000",5567,3219595927504982,3219595927505255
"MEMORY_ALLOCATION","MEMORY_ALLOCATION_FREE","",0,"0x00007f738dc77000",5569,3219595927507282,3219595927507559
"MEMORY_ALLOCATION","MEMORY_ALLOCATION_FREE","",0,"0x00007f738dc76000",5571,3219595927509132,3219595927509545
"MEMORY_ALLOCATION","MEMORY_ALLOCATION_FREE","",0,"0x00007f738dc6f000",5573,3219595927511338,3219595927511657
"MEMORY_ALLOCATION","MEMORY_ALLOCATION_ALLOCATE","Agent 3",2048,"0x00007f738dc7e000",5575,3219595927513269,3219595927513505
"MEMORY_ALLOCATION","MEMORY_ALLOCATION_ALLOCATE","Agent 3",2048,"0x00007f738dc7c000",5580,3219595927520705,3219595927520944
"MEMORY_ALLOCATION","MEMORY_ALLOCATION_ALLOCATE","Agent 3",1024,"0x00007f738dc6f000",5585,3219595927527712,3219595927528031
"MEMORY_ALLOCATION","MEMORY_ALLOCATION_ALLOCATE","Agent 3",1024,"0x00007f738dc70000",5590,3219595927534871,3219595927535267
"MEMORY_ALLOCATION","MEMORY_ALLOCATION_ALLOCATE","Agent 3",2048,"0x00007f738dc71000",5595,3219595927542604,3219595927543068
"MEMORY_ALLOCATION","MEMORY_ALLOCATION_ALLOCATE","Agent 3",1024,"0x00007f738dc72000",5600,3219595927550435,3219595927550836
"MEMORY_ALLOCATION","MEMORY_ALLOCATION_ALLOCATE","Agent 3",1024,"0x00007f738dc73000",5605,3219595927562411,3219595927562910
"MEMORY_ALLOCATION","MEMORY_ALLOCATION_ALLOCATE","Agent 3",2048,"0x00007f738dc74000",5610,3219595927572901,3219595927573391
"MEMORY_ALLOCATION","MEMORY_ALLOCATION_FREE","",0,"0x00007f738dc71000",5615,3219595927618797,3219595927619211
"MEMORY_ALLOCATION","MEMORY_ALLOCATION_ALLOCATE","Agent 3",1024,"0x00007f738dc71000",5617,3219595927631207,3219595927631452
"MEMORY_ALLOCATION","MEMORY_ALLOCATION_FREE","",0,"0x00007f738dc72000",5622,3219595927662070,3219595927662366
"MEMORY_ALLOCATION","MEMORY_ALLOCATION_ALLOCATE","Agent 3",8192,"0x00007f738dc75000",5624,3219595927664460,3219595927664788
"MEMORY_ALLOCATION","MEMORY_ALLOCATION_ALLOCATE","Agent 3",8192,"0x00007f738dc9f000",5630,3219595927677519,3219595927677907
"MEMORY_ALLOCATION","MEMORY_ALLOCATION_ALLOCATE","Agent 3",2048,"0x00007f738dc72000",5636,3219595927694339,3219595927694632
"MEMORY_ALLOCATION","MEMORY_ALLOCATION_ALLOCATE","Agent 3",2048,"0x00007f738dc77000",5641,3219595927712124,3219595927712604
"MEMORY_ALLOCATION","MEMORY_ALLOCATION_FREE","",0,"0x00007f738dc72000",5646,3219595927730960,3219595927731225
"MEMORY_ALLOCATION","MEMORY_ALLOCATION_ALLOCATE","Agent 3",2048,"0x00007f738dc72000",5648,3219595927732742,3219595927732903
"MEMORY_ALLOCATION","MEMORY_ALLOCATION_FREE","",0,"0x00007f738dc77000",5653,3219595927758236,3219595927758562
"MEMORY_ALLOCATION","MEMORY_ALLOCATION_FREE","",0,"0x00007f738dc73000",5655,3219595927760346,3219595927760565
"MEMORY_ALLOCATION","MEMORY_ALLOCATION_FREE","",0,"0x00007f738dc71000",5657,3219595927762429,3219595927762676
"MEMORY_ALLOCATION","MEMORY_ALLOCATION_FREE","",0,"0x00007f738dc74000",5659,3219595927764471,3219595927764767
"MEMORY_ALLOCATION","MEMORY_ALLOCATION_FREE","",0,"0x00007f738dc70000",5661,3219595927766480,3219595927766816
"MEMORY_ALLOCATION","MEMORY_ALLOCATION_FREE","",0,"0x00007f738dc6f000",5663,3219595927768409,3219595927768709
"MEMORY_ALLOCATION","MEMORY_ALLOCATION_FREE","",0,"0x00007f738dc7c000",5665,3219595927770337,3219595927770558
"MEMORY_ALLOCATION","MEMORY_ALLOCATION_ALLOCATE","Agent 3",2048,"0x00007f738dc77000",5667,3219595927772162,3219595927772365
"MEMORY_ALLOCATION","MEMORY_ALLOCATION_FREE","",0,"0x00007f738dc72000",5672,3219595927789806,3219595927790278
"MEMORY_ALLOCATION","MEMORY_ALLOCATION_FREE","",0,"0x00007f738dc7e000",5674,3219595927792296,3219595927792559
"MEMORY_ALLOCATION","MEMORY_ALLOCATION_ALLOCATE","Agent 3",2048,"0x00007f738dc7c000",5676,3219595927794173,3219595927794387
"MEMORY_ALLOCATION","MEMORY_ALLOCATION_ALLOCATE","Agent 3",4096,"0x00007f738dc7e000",5681,3219595927801760,3219595927802010
"MEMORY_ALLOCATION","MEMORY_ALLOCATION_ALLOCATE","Agent 3",4096,"0x00007f738dc6f000",5686,3219595927809447,3219595927809778
"MEMORY_ALLOCATION","MEMORY_ALLOCATION_ALLOCATE","Agent 3",4096,"0x00007f738dc70000",5691,3219595927816987,3219595927817295
"MEMORY_ALLOCATION","MEMORY_ALLOCATION_FREE","",0,"0x00007f738dc6f000",5696,3219595927838979,3219595927839245
"MEMORY_ALLOCATION","MEMORY_ALLOCATION_FREE","",0,"0x00007f738dc7e000",5698,3219595927841516,3219595927841755
"MEMORY_ALLOCATION","MEMORY_ALLOCATION_ALLOCATE","Agent 3",2048,"0x00007f738dc6f000",5700,3219595927843422,3219595927843635
"MEMORY_ALLOCATION","MEMORY_ALLOCATION_FREE","",0,"0x00007f738dc70000",5705,3219595927874946,3219595927875372
"MEMORY_ALLOCATION","MEMORY_ALLOCATION_ALLOCATE","Agent 3",2048,"0x00007f738dc7e000",5707,3219595927877245,3219595927877461
"MEMORY_ALLOCATION","MEMORY_ALLOCATION_FREE","",0,"0x00007f738dc6f000",5712,3219595927895099,3219595927895448
"MEMORY_ALLOCATION","MEMORY_ALLOCATION_FREE","",0,"0x00007f738dc7c000",5714,3219595927897416,3219595927897615
"MEMORY_ALLOCATION","MEMORY_ALLOCATION_FREE","",0,"0x00007f738dc77000",5716,3219595927899188,3219595927899426
"MEMORY_ALLOCATION","MEMORY_ALLOCATION_FREE","",0,"0x00007f738dc7d000",5718,3219595927901101,3219595927901421
"MEMORY_ALLOCATION","MEMORY_ALLOCATION_ALLOCATE","Agent 3",2048,"0x00007f738dc77000",5720,3219595927903195,3219595927903359
"MEMORY_ALLOCATION","MEMORY_ALLOCATION_FREE","",0,"0x00007f738dc7e000",5725,3219595927920957,3219595927921427
"MEMORY_ALLOCATION","MEMORY_ALLOCATION_ALLOCATE","Agent 3",1024,"0x00007f738dc7c000",5727,3219595927923707,3219595927923984
"MEMORY_ALLOCATION","MEMORY_ALLOCATION_FREE","",0,"0x00007f738dc77000",5732,3219595927947454,3219595927947703
"MEMORY_ALLOCATION","MEMORY_ALLOCATION_FREE","",0,"0x00007f738dc6e000",5734,3219595927949623,3219595927950007
"MEMORY_ALLOCATION","MEMORY_ALLOCATION_FREE","",0,"0x00007f738dc7a000",5752,3219595928011460,3219595928011927
"MEMORY_ALLOCATION","MEMORY_ALLOCATION_FREE","",0,"0x00007f738dc78000",5754,3219595928014299,3219595928014729
"MEMORY_ALLOCATION","MEMORY_ALLOCATION_FREE","",0,"0x00007f738dc9f000",5756,3219595928016677,3219595928017033
"MEMORY_ALLOCATION","MEMORY_ALLOCATION_FREE","",0,"0x00007f738dc75000",5758,3219595928018635,3219595928019079
"MEMORY_ALLOCATION","MEMORY_ALLOCATION_FREE","",0,"0x00007f738dc7c000",5762,3219595928037989,3219595928038335
"MEMORY_ALLOCATION","MEMORY_ALLOCATION_ALLOCATE","Agent 3",48,"0x00007f738dc6e000",5764,3219595928041015,3219595928041283
"MEMORY_ALLOCATION","MEMORY_ALLOCATION_ALLOCATE","Agent 3",3072,"0x00007f738dc6f000",5768,3219595928060933,3219595928061272
"MEMORY_ALLOCATION","MEMORY_ALLOCATION_ALLOCATE","Agent 3",3072,"0x00007f738dc70000",5773,3219595928068936,3219595928069199
"MEMORY_ALLOCATION","MEMORY_ALLOCATION_ALLOCATE","Agent 3",3072,"0x00007f738dc71000",5778,3219595928077090,3219595928077479
"MEMORY_ALLOCATION","MEMORY_ALLOCATION_ALLOCATE","Agent 3",1536,"0x00007f738dc72000",5783,3219595928085909,3219595928086354
"MEMORY_ALLOCATION","MEMORY_ALLOCATION_ALLOCATE","Agent 3",1536,"0x00007f738dc73000",5788,3219595928093452,3219595928093785
"MEMORY_ALLOCATION","MEMORY_ALLOCATION_ALLOCATE","Agent 3",3072,"0x00007f738dc74000",5793,3219595928101852,3219595928102299
"MEMORY_ALLOCATION","MEMORY_ALLOCATION_ALLOCATE","Agent 3",1536,"0x00007f738dc75000",5798,3219595928110139,3219595928110486
"MEMORY_ALLOCATION","MEMORY_ALLOCATION_ALLOCATE","Agent 3",1536,"0x00007f738dc76000",5803,3219595928118185,3219595928118597
"MEMORY_ALLOCATION","MEMORY_ALLOCATION_ALLOCATE","Agent 3",3072,"0x00007f738dc77000",5808,3219595928127813,3219595928128238
"MEMORY_ALLOCATION","MEMORY_ALLOCATION_FREE","",0,"0x00007f738dc74000",5813,3219595928149961,3219595928150279
"MEMORY_ALLOCATION","MEMORY_ALLOCATION_ALLOCATE","Agent 3",1536,"0x00007f738dc74000",5815,3219595928153369,3219595928153591
"MEMORY_ALLOCATION","MEMORY_ALLOCATION_FREE","",0,"0x00007f738dc75000",5820,3219595928171044,3219595928171349
"MEMORY_ALLOCATION","MEMORY_ALLOCATION_ALLOCATE","Agent 3",8192,"0x00007f738dc78000",5822,3219595928173349,3219595928173694
"MEMORY_ALLOCATION","MEMORY_ALLOCATION_ALLOCATE","Agent 3",8192,"0x00007f738dc7a000",5828,3219595928195291,3219595928195974
"MEMORY_ALLOCATION","MEMORY_ALLOCATION_ALLOCATE","Agent 3",3072,"0x00007f738dc75000",5834,3219595928207652,3219595928207925
"MEMORY_ALLOCATION","MEMORY_ALLOCATION_ALLOCATE","Agent 3",3072,"0x00007f738dc7c000",5839,3219595928216577,3219595928217007
"MEMORY_ALLOCATION","MEMORY_ALLOCATION_FREE","",0,"0x00007f738dc75000",5844,3219595928235893,3219595928236167
"MEMORY_ALLOCATION","MEMORY_ALLOCATION_ALLOCATE","Agent 3",3072,"0x00007f738dc75000",5846,3219595928237641,3219595928237780
"MEMORY_ALLOCATION","MEMORY_ALLOCATION_FREE","",0,"0x00007f738dc7c000",5851,3219595928261954,3219595928262284
"MEMORY_ALLOCATION","MEMORY_ALLOCATION_FREE","",0,"0x00007f738dc76000",5853,3219595928264034,3219595928264304
"MEMORY_ALLOCATION","MEMORY_ALLOCATION_FREE","",0,"0x00007f738dc74000",5855,3219595928266045,3219595928266278
"MEMORY_ALLOCATION","MEMORY_ALLOCATION_FREE","",0,"0x00007f738dc77000",5857,3219595928267834,3219595928268107
"MEMORY_ALLOCATION","MEMORY_ALLOCATION_FREE","",0,"0x00007f738dc73000",5859,3219595928269917,3219595928270255
"MEMORY_ALLOCATION","MEMORY_ALLOCATION_FREE","",0,"0x00007f738dc72000",5861,3219595928272020,3219595928272275
"MEMORY_ALLOCATION","MEMORY_ALLOCATION_FREE","",0,"0x00007f738dc71000",5863,3219595928273906,3219595928274177
"MEMORY_ALLOCATION","MEMORY_ALLOCATION_ALLOCATE","Agent 3",3072,"0x00007f738dc76000",5865,3219595928275735,3219595928276056
"MEMORY_ALLOCATION","MEMORY_ALLOCATION_FREE","",0,"0x00007f738dc75000",5870,3219595928293683,3219595928294027
"MEMORY_ALLOCATION","MEMORY_ALLOCATION_FREE","",0,"0x00007f738dc70000",5872,3219595928295989,3219595928296257
"MEMORY_ALLOCATION","MEMORY_ALLOCATION_ALLOCATE","Agent 3",3072,"0x00007f738dc77000",5874,3219595928298046,3219595928298273
"MEMORY_ALLOCATION","MEMORY_ALLOCATION_ALLOCATE","Agent 3",6144,"0x00007f738dc7c000",5879,3219595928305464,3219595928305765
"MEMORY_ALLOCATION","MEMORY_ALLOCATION_ALLOCATE","Agent 3",6144,"0x00007f738dc70000",5884,3219595928313444,3219595928313788
"MEMORY_ALLOCATION","MEMORY_ALLOCATION_ALLOCATE","Agent 3",6144,"0x00007f738dc72000",5889,3219595928321044,3219595928321495
"MEMORY_ALLOCATION","MEMORY_ALLOCATION_FREE","",0,"0x00007f738dc70000",5894,3219595928342222,3219595928342503
"MEMORY_ALLOCATION","MEMORY_ALLOCATION_FREE","",0,"0x00007f738dc7c000",5896,3219595928344421,3219595928344758
"MEMORY_ALLOCATION","MEMORY_ALLOCATION_ALLOCATE","Agent 3",3072,"0x00007f738dc74000",5898,3219595928346310,3219595928346570
"MEMORY_ALLOCATION","MEMORY_ALLOCATION_FREE","",0,"0x00007f738dc72000",5903,3219595928377914,3219595928378181
"MEMORY_ALLOCATION","MEMORY_ALLOCATION_ALLOCATE","Agent 3",3072,"0x00007f738dc75000",5905,3219595928379913,3219595928380090
"MEMORY_ALLOCATION","MEMORY_ALLOCATION_FREE","",0,"0x00007f738dc74000",5910,3219595928396724,3219595928397093
"MEMORY_ALLOCATION","MEMORY_ALLOCATION_FREE","",0,"0x00007f738dc77000",5912,3219595928398964,3219595928399167
"MEMORY_ALLOCATION","MEMORY_ALLOCATION_FREE","",0,"0x00007f738dc76000",5914,3219595928400680,3219595928400981
"MEMORY_ALLOCATION","MEMORY_ALLOCATION_FREE","",0,"0x00007f738dc6f000",5916,3219595928402666,3219595928402933
"MEMORY_ALLOCATION","MEMORY_ALLOCATION_ALLOCATE","Agent 3",3072,"0x00007f738dc76000",5918,3219595928404676,3219595928404963
"MEMORY_ALLOCATION","MEMORY_ALLOCATION_ALLOCATE","Agent 3",3072,"0x00007f738dc77000",5923,3219595928412238,3219595928412464
"MEMORY_ALLOCATION","MEMORY_ALLOCATION_ALLOCATE","Agent 3",1536,"0x00007f738dc7c000",5928,3219595928419443,3219595928419755
"MEMORY_ALLOCATION","MEMORY_ALLOCATION_ALLOCATE","Agent 3",1536,"0x00007f738dc7d000",5933,3219595928426847,3219595928427153
"MEMORY_ALLOCATION","MEMORY_ALLOCATION_ALLOCATE","Agent 3",3072,"0x00007f738dc7e000",5938,3219595928434382,3219595928434685
"MEMORY_ALLOCATION","MEMORY_ALLOCATION_ALLOCATE","Agent 3",1536,"0x00007f738dc6f000",5943,3219595928443474,3219595928443909
"MEMORY_ALLOCATION","MEMORY_ALLOCATION_ALLOCATE","Agent 3",1536,"0x00007f738dc70000",5948,3219595928452315,3219595928452834
"MEMORY_ALLOCATION","MEMORY_ALLOCATION_ALLOCATE","Agent 3",3072,"0x00007f738dc71000",5953,3219595928463004,3219595928463603
"MEMORY_ALLOCATION","MEMORY_ALLOCATION_FREE","",0,"0x00007f738dc7e000",5958,3219595928485835,3219595928486149
"MEMORY_ALLOCATION","MEMORY_ALLOCATION_ALLOCATE","Agent 3",1536,"0x00007f738dc7e000",5960,3219595928489449,3219595928489615
"MEMORY_ALLOCATION","MEMORY_ALLOCATION_FREE","",0,"0x00007f738dc6f000",5965,3219595928519394,3219595928519798
"MEMORY_ALLOCATION","MEMORY_ALLOCATION_ALLOCATE","Agent 3",8192,"0x00007f738dc72000",5967,3219595928524322,3219595928524871
"MEMORY_ALLOCATION","MEMORY_ALLOCATION_ALLOCATE","Agent 3",8192,"0x00007f738dc9f000",5973,3219595928556700,3219595928557096
"MEMORY_ALLOCATION","MEMORY_ALLOCATION_ALLOCATE","Agent 3",3072,"0x00007f738dc6f000",5979,3219595928569445,3219595928569856
"MEMORY_ALLOCATION","MEMORY_ALLOCATION_ALLOCATE","Agent 3",3072,"0x00007f738dc74000",5984,3219595928578885,3219595928579187
"MEMORY_ALLOCATION","MEMORY_ALLOCATION_FREE","",0,"0x00007f738dc6f000",5989,3219595928597946,3219595928598257
"MEMORY_ALLOCATION","MEMORY_ALLOCATION_ALLOCATE","Agent 3",3072,"0x00007f738dc6f000",5991,3219595928606211,3219595928606415
"MEMORY_ALLOCATION","MEMORY_ALLOCATION_FREE","",0,"0x00007f738dc74000",5996,3219595928659401,3219595928659610
"MEMORY_ALLOCATION","MEMORY_ALLOCATION_FREE","",0,"0x00007f738dc70000",5998,3219595928661453,3219595928661751
"MEMORY_ALLOCATION","MEMORY_ALLOCATION_FREE","",0,"0x00007f738dc7e000",6000,3219595928664101,3219595928664334
"MEMORY_ALLOCATION","MEMORY_ALLOCATION_FREE","",0,"0x00007f738dc71000",6002,3219595928666244,3219595928666623
"MEMORY_ALLOCATION","MEMORY_ALLOCATION_FREE","",0,"0x00007f738dc7d000",6004,3219595928668415,3219595928668793
"MEMORY_ALLOCATION","MEMORY_ALLOCATION_FREE","",0,"0x00007f738dc7c000",6006,3219595928670547,3219595928670862
"MEMORY_ALLOCATION","MEMORY_ALLOCATION_FREE","",0,"0x00007f738dc77000",6008,3219595928672724,3219595928673010
"MEMORY_ALLOCATION","MEMORY_ALLOCATION_ALLOCATE","Agent 3",3072,"0x00007f738dc74000",6010,3219595928674510,3219595928674730
"MEMORY_ALLOCATION","MEMORY_ALLOCATION_FREE","",0,"0x00007f738dc6f000",6015,3219595928692094,3219595928692467
"MEMORY_ALLOCATION","MEMORY_ALLOCATION_FREE","",0,"0x00007f738dc76000",6017,3219595928694514,3219595928694840
"MEMORY_ALLOCATION","MEMORY_ALLOCATION_ALLOCATE","Agent 3",3072,"0x00007f738dc76000",6019,3219595928696656,3219595928696903
"MEMORY_ALLOCATION","MEMORY_ALLOCATION_ALLOCATE","Agent 3",6144,"0x00007f738dc7c000",6024,3219595928704637,3219595928704958
"MEMORY_ALLOCATION","MEMORY_ALLOCATION_ALLOCATE","Agent 3",6144,"0x00007f738dc6f000",6029,3219595928721315,3219595928721764
"MEMORY_ALLOCATION","MEMORY_ALLOCATION_ALLOCATE","Agent 3",6144,"0x00007f738dca1000",6034,3219595928729039,3219595928729510
"MEMORY_ALLOCATION","MEMORY_ALLOCATION_FREE","",0,"0x00007f738dc6f000",6039,3219595928750799,3219595928751092
"MEMORY_ALLOCATION","MEMORY_ALLOCATION_FREE","",0,"0x00007f738dc7c000",6041,3219595928753082,3219595928753366
"MEMORY_ALLOCATION","MEMORY_ALLOCATION_ALLOCATE","Agent 3",3072,"0x00007f738dc77000",6043,3219595928755012,3219595928755277
"MEMORY_ALLOCATION","MEMORY_ALLOCATION_FREE","",0,"0x00007f738dca1000",6048,3219595928787549,3219595928787946
"MEMORY_ALLOCATION","MEMORY_ALLOCATION_ALLOCATE","Agent 3",3072,"0x00007f738dc6f000",6050,3219595928790146,3219595928790472
"MEMORY_ALLOCATION","MEMORY_ALLOCATION_FREE","",0,"0x00007f738dc77000",6055,3219595928807203,3219595928807437
"MEMORY_ALLOCATION","MEMORY_ALLOCATION_FREE","",0,"0x00007f738dc76000",6057,3219595928809519,3219595928809777
"MEMORY_ALLOCATION","MEMORY_ALLOCATION_FREE","",0,"0x00007f738dc74000",6059,3219595928811501,3219595928811692
"MEMORY_ALLOCATION","MEMORY_ALLOCATION_FREE","",0,"0x00007f738dc75000",6061,3219595928813631,3219595928814121
"MEMORY_ALLOCATION","MEMORY_ALLOCATION_ALLOCATE","Agent 3",3072,"0x00007f738dc70000",6063,3219595928815908,3219595928816131
"MEMORY_ALLOCATION","MEMORY_ALLOCATION_FREE","",0,"0x00007f738dc6f000",6068,3219595928833466,3219595928833751
"MEMORY_ALLOCATION","MEMORY_ALLOCATION_ALLOCATE","Agent 3",1024,"0x00007f738dc71000",6070,3219595928836216,3219595928836438
"MEMORY_ALLOCATION","MEMORY_ALLOCATION_FREE","",0,"0x00007f738dc70000",6075,3219595928860178,3219595928860536
"MEMORY_ALLOCATION","MEMORY_ALLOCATION_FREE","",0,"0x00007f738dc6e000",6077,3219595928862665,3219595928863023
"MEMORY_ALLOCATION","MEMORY_ALLOCATION_FREE","",0,"0x00007f738dc7a000",6095,3219595928918002,3219595928918464
"MEMORY_ALLOCATION","MEMORY_ALLOCATION_FREE","",0,"0x00007f738dc78000",6097,3219595928920428,3219595928920946
"MEMORY_ALLOCATION","MEMORY_ALLOCATION_FREE","",0,"0x00007f738dc9f000",6099,3219595928923008,3219595928923375
"MEMORY_ALLOCATION","MEMORY_ALLOCATION_FREE","",0,"0x00007f738dc72000",6101,3219595928925072,3219595928925355
"MEMORY_ALLOCATION","MEMORY_ALLOCATION_FREE","",0,"0x00007f738dc71000",6105,3219595928942711,3219595928943147
"MEMORY_ALLOCATION","MEMORY_ALLOCATION_ALLOCATE","Agent 3",64,"0x00007f738dc6e000",6107,3219595928945457,3219595928945677
"MEMORY_ALLOCATION","MEMORY_ALLOCATION_ALLOCATE","Agent 3",4096,"0x00007f738dc6f000",6111,3219595928965435,3219595928965763
"MEMORY_ALLOCATION","MEMORY_ALLOCATION_ALLOCATE","Agent 3",4096,"0x00007f738dc70000",6116,3219595928972565,3219595928972877
"MEMORY_ALLOCATION","MEMORY_ALLOCATION_ALLOCATE","Agent 3",4096,"0x00007f738dc71000",6121,3219595928980620,3219595928980956
"MEMORY_ALLOCATION","MEMORY_ALLOCATION_ALLOCATE","Agent 3",2048,"0x00007f738dc72000",6126,3219595928988683,3219595928989073
"MEMORY_ALLOCATION","MEMORY_ALLOCATION_ALLOCATE","Agent 3",2048,"0x00007f738dc73000",6131,3219595928996527,3219595928996842
"MEMORY_ALLOCATION","MEMORY_ALLOCATION_ALLOCATE","Agent 3",4096,"0x00007f738dc74000",6136,3219595929005986,3219595929006400
"MEMORY_ALLOCATION","MEMORY_ALLOCATION_ALLOCATE","Agent 3",2048,"0x00007f738dc75000",6141,3219595929014856,3219595929015240
"MEMORY_ALLOCATION","MEMORY_ALLOCATION_ALLOCATE","Agent 3",2048,"0x00007f738dc76000",6146,3219595929032969,3219595929033449
"MEMORY_ALLOCATION","MEMORY_ALLOCATION_ALLOCATE","Agent 3",4096,"0x00007f738dc77000",6151,3219595929041172,3219595929041496
"MEMORY_ALLOCATION","MEMORY_ALLOCATION_FREE","",0,"0x00007f738dc74000",6156,3219595929062840,3219595929063384
"MEMORY_ALLOCATION","MEMORY_ALLOCATION_ALLOCATE","Agent 3",2048,"0x00007f738dc74000",6158,3219595929066729,3219595929066936
"MEMORY_ALLOCATION","MEMORY_ALLOCATION_FREE","",0,"0x00007f738dc75000",6163,3219595929084966,3219595929085269
"MEMORY_ALLOCATION","MEMORY_ALLOCATION_ALLOCATE","Agent 3",8192,"0x00007f738dc78000",6165,3219595929087215,3219595929087536
"MEMORY_ALLOCATION","MEMORY_ALLOCATION_ALLOCATE","Agent 3",8192,"0x00007f738dc7a000",6171,3219595929099123,3219595929099449
"MEMORY_ALLOCATION","MEMORY_ALLOCATION_ALLOCATE","Agent 3",4096,"0x00007f738dc75000",6177,3219595929121468,3219595929121793
"MEMORY_ALLOCATION","MEMORY_ALLOCATION_ALLOCATE","Agent 3",4096,"0x00007f738dc7c000",6182,3219595929130773,3219595929131171
"MEMORY_ALLOCATION","MEMORY_ALLOCATION_FREE","",0,"0x00007f738dc75000",6187,3219595929158384,3219595929158778
"MEMORY_ALLOCATION","MEMORY_ALLOCATION_ALLOCATE","Agent 3",4096,"0x00007f738dc75000",6189,3219595929160389,3219595929160551
"MEMORY_ALLOCATION","MEMORY_ALLOCATION_FREE","",0,"0x00007f738dc7c000",6194,3219595929185105,3219595929185372
"MEMORY_ALLOCATION","MEMORY_ALLOCATION_FREE","",0,"0x00007f738dc76000",6196,3219595929187411,3219595929187655
"MEMORY_ALLOCATION","MEMORY_ALLOCATION_FREE","",0,"0x00007f738dc74000",6198,3219595929189324,3219595929189545
"MEMORY_ALLOCATION","MEMORY_ALLOCATION_FREE","",0,"0x00007f738dc77000",6200,3219595929191265,3219595929191492
"MEMORY_ALLOCATION","MEMORY_ALLOCATION_FREE","",0,"0x00007f738dc73000",6202,3219595929193082,3219595929193493
"MEMORY_ALLOCATION","MEMORY_ALLOCATION_FREE","",0,"0x00007f738dc72000",6204,3219595929195090,3219595929195312
"MEMORY_ALLOCATION","MEMORY_ALLOCATION_FREE","",0,"0x00007f738dc71000",6206,3219595929196861,3219595929197069
"MEMORY_ALLOCATION","MEMORY_ALLOCATION_ALLOCATE","Agent 3",4096,"0x00007f738dc76000",6208,3219595929198715,3219595929198968
"MEMORY_ALLOCATION","MEMORY_ALLOCATION_FREE","",0,"0x00007f738dc75000",6213,3219595929216827,3219595929217159
"MEMORY_ALLOCATION","MEMORY_ALLOCATION_FREE","",0,"0x00007f738dc70000",6215,3219595929219294,3219595929219499
"MEMORY_ALLOCATION","MEMORY_ALLOCATION_ALLOCATE","Agent 3",4096,"0x00007f738dc77000",6217,3219595929221398,3219595929221601
"MEMORY_ALLOCATION","MEMORY_ALLOCATION_ALLOCATE","Agent 3",8192,"0x00007f738dc7c000",6222,3219595929228874,3219595929229180
"MEMORY_ALLOCATION","MEMORY_ALLOCATION_ALLOCATE","Agent 3",8192,"0x00007f738dc70000",6227,3219595929236321,3219595929236646
"MEMORY_ALLOCATION","MEMORY_ALLOCATION_ALLOCATE","Agent 3",8192,"0x00007f738dc72000",6232,3219595929244496,3219595929244985
"MEMORY_ALLOCATION","MEMORY_ALLOCATION_FREE","",0,"0x00007f738dc70000",6237,3219595929265886,3219595929266131
"MEMORY_ALLOCATION","MEMORY_ALLOCATION_FREE","",0,"0x00007f738dc7c000",6239,3219595929268067,3219595929268347
"MEMORY_ALLOCATION","MEMORY_ALLOCATION_ALLOCATE","Agent 3",4096,"0x00007f738dc74000",6241,3219595929270015,3219595929270261
"MEMORY_ALLOCATION","MEMORY_ALLOCATION_FREE","",0,"0x00007f738dc72000",6246,3219595929301735,3219595929302000
"MEMORY_ALLOCATION","MEMORY_ALLOCATION_ALLOCATE","Agent 3",4096,"0x00007f738dc75000",6248,3219595929303844,3219595929304011
"MEMORY_ALLOCATION","MEMORY_ALLOCATION_FREE","",0,"0x00007f738dc74000",6253,3219595929320720,3219595929320992
"MEMORY_ALLOCATION","MEMORY_ALLOCATION_FREE","",0,"0x00007f738dc77000",6255,3219595929322834,3219595929323011
"MEMORY_ALLOCATION","MEMORY_ALLOCATION_FREE","",0,"0x00007f738dc76000",6257,3219595929324448,3219595929324727
"MEMORY_ALLOCATION","MEMORY_ALLOCATION_FREE","",0,"0x00007f738dc6f000",6259,3219595929326275,3219595929326533
"MEMORY_ALLOCATION","MEMORY_ALLOCATION_ALLOCATE","Agent 3",4096,"0x00007f738dc76000",6261,3219595929328180,3219595929328432
"MEMORY_ALLOCATION","MEMORY_ALLOCATION_ALLOCATE","Agent 3",4096,"0x00007f738dc77000",6266,3219595929335383,3219595929335624
"MEMORY_ALLOCATION","MEMORY_ALLOCATION_ALLOCATE","Agent 3",2048,"0x00007f738dc7c000",6271,3219595929342587,3219595929342906
"MEMORY_ALLOCATION","MEMORY_ALLOCATION_ALLOCATE","Agent 3",2048,"0x00007f738dc7d000",6276,3219595929349834,3219595929350222
"MEMORY_ALLOCATION","MEMORY_ALLOCATION_ALLOCATE","Agent 3",4096,"0x00007f738dc7e000",6281,3219595929357698,3219595929358098
"MEMORY_ALLOCATION","MEMORY_ALLOCATION_ALLOCATE","Agent 3",2048,"0x00007f738dc6f000",6286,3219595929366397,3219595929366786
"MEMORY_ALLOCATION","MEMORY_ALLOCATION_ALLOCATE","Agent 3",2048,"0x00007f738dc70000",6291,3219595929374337,3219595929374668
"MEMORY_ALLOCATION","MEMORY_ALLOCATION_ALLOCATE","Agent 3",4096,"0x00007f738dc71000",6296,3219595929384074,3219595929384453
"MEMORY_ALLOCATION","MEMORY_ALLOCATION_FREE","",0,"0x00007f738dc7e000",6301,3219595929406100,3219595929406461
"MEMORY_ALLOCATION","MEMORY_ALLOCATION_ALLOCATE","Agent 3",2048,"0x00007f738dc7e000",6303,3219595929410292,3219595929410441
"MEMORY_ALLOCATION","MEMORY_ALLOCATION_FREE","",0,"0x00007f738dc6f000",6308,3219595929435128,3219595929435483
"MEMORY_ALLOCATION","MEMORY_ALLOCATION_ALLOCATE","Agent 3",8192,"0x00007f738dc72000",6310,3219595929438064,3219595929438412
"MEMORY_ALLOCATION","MEMORY_ALLOCATION_ALLOCATE","Agent 3",8192,"0x00007f738dc9f000",6316,3219595929475402,3219595929475781
"MEMORY_ALLOCATION","MEMORY_ALLOCATION_ALLOCATE","Agent 3",4096,"0x00007f738dc6f000",6322,3219595929488627,3219595929489081
"MEMORY_ALLOCATION","MEMORY_ALLOCATION_ALLOCATE","Agent 3",4096,"0x00007f738dc74000",6327,3219595929498786,3219595929499132
"MEMORY_ALLOCATION","MEMORY_ALLOCATION_FREE","",0,"0x00007f738dc6f000",6332,3219595929519148,3219595929519494
"MEMORY_ALLOCATION","MEMORY_ALLOCATION_ALLOCATE","Agent 3",4096,"0x00007f738dc6f000",6334,3219595929521220,3219595929521402
"MEMORY_ALLOCATION","MEMORY_ALLOCATION_FREE","",0,"0x00007f738dc74000",6339,3219595929546130,3219595929546424
"MEMORY_ALLOCATION","MEMORY_ALLOCATION_FREE","",0,"0x00007f738dc70000",6341,3219595929548137,3219595929548371
"MEMORY_ALLOCATION","MEMORY_ALLOCATION_FREE","",0,"0x00007f738dc7e000",6343,3219595929550187,3219595929550389
"MEMORY_ALLOCATION","MEMORY_ALLOCATION_FREE","",0,"0x00007f738dc71000",6345,3219595929552332,3219595929552672
"MEMORY_ALLOCATION","MEMORY_ALLOCATION_FREE","",0,"0x00007f738dc7d000",6347,3219595929554593,3219595929554866
"MEMORY_ALLOCATION","MEMORY_ALLOCATION_FREE","",0,"0x00007f738dc7c000",6349,3219595929556855,3219595929557120
"MEMORY_ALLOCATION","MEMORY_ALLOCATION_FREE","",0,"0x00007f738dc77000",6351,3219595929559501,3219595929559704
"MEMORY_ALLOCATION","MEMORY_ALLOCATION_ALLOCATE","Agent 3",4096,"0x00007f738dc74000",6353,3219595929561248,3219595929561447
"MEMORY_ALLOCATION","MEMORY_ALLOCATION_FREE","",0,"0x00007f738dc6f000",6358,3219595929578788,3219595929579157
"MEMORY_ALLOCATION","MEMORY_ALLOCATION_FREE","",0,"0x00007f738dc76000",6360,3219595929581084,3219595929581342
"MEMORY_ALLOCATION","MEMORY_ALLOCATION_ALLOCATE","Agent 3",4096,"0x00007f738dc76000",6362,3219595929583221,3219595929583448
"MEMORY_ALLOCATION","MEMORY_ALLOCATION_ALLOCATE","Agent 3",8192,"0x00007f738dc7c000",6367,3219595929590798,3219595929591102
"MEMORY_ALLOCATION","MEMORY_ALLOCATION_ALLOCATE","Agent 3",8192,"0x00007f738dc6f000",6372,3219595929598630,3219595929599038
"MEMORY_ALLOCATION","MEMORY_ALLOCATION_ALLOCATE","Agent 3",8192,"0x00007f738dca1000",6377,3219595929606415,3219595929606853
"MEMORY_ALLOCATION","MEMORY_ALLOCATION_FREE","",0,"0x00007f738dc6f000",6382,3219595929628013,3219595929628280
"MEMORY_ALLOCATION","MEMORY_ALLOCATION_FREE","",0,"0x00007f738dc7c000",6384,3219595929630228,3219595929630510
"MEMORY_ALLOCATION","MEMORY_ALLOCATION_ALLOCATE","Agent 3",4096,"0x00007f738dc77000",6386,3219595929632027,3219595929632272
"MEMORY_ALLOCATION","MEMORY_ALLOCATION_FREE","",0,"0x00007f738dca1000",6391,3219595929664028,3219595929664427
"MEMORY_ALLOCATION","MEMORY_ALLOCATION_ALLOCATE","Agent 3",4096,"0x00007f738dc6f000",6393,3219595929666254,3219595929666520
"MEMORY_ALLOCATION","MEMORY_ALLOCATION_FREE","",0,"0x00007f738dc77000",6398,3219595929683731,3219595929683943
"MEMORY_ALLOCATION","MEMORY_ALLOCATION_FREE","",0,"0x00007f738dc76000",6400,3219595929685906,3219595929686164
"MEMORY_ALLOCATION","MEMORY_ALLOCATION_FREE","",0,"0x00007f738dc74000",6402,3219595929687888,3219595929688061
"MEMORY_ALLOCATION","MEMORY_ALLOCATION_FREE","",0,"0x00007f738dc75000",6404,3219595929689660,3219595929690006
"MEMORY_ALLOCATION","MEMORY_ALLOCATION_ALLOCATE","Agent 3",4096,"0x00007f738dc70000",6406,3219595929691550,3219595929691788
"MEMORY_ALLOCATION","MEMORY_ALLOCATION_FREE","",0,"0x00007f738dc6f000",6411,3219595929717976,3219595929718379
"MEMORY_ALLOCATION","MEMORY_ALLOCATION_ALLOCATE","Agent 3",1024,"0x00007f738dc71000",6413,3219595929720676,3219595929720885
"MEMORY_ALLOCATION","MEMORY_ALLOCATION_FREE","",0,"0x00007f738dc70000",6418,3219595929744315,3219595929744607
"MEMORY_ALLOCATION","MEMORY_ALLOCATION_FREE","",0,"0x00007f738dc6e000",6420,3219595929746805,3219595929747122
"MEMORY_ALLOCATION","MEMORY_ALLOCATION_FREE","",0,"0x00007f738dc7a000",6438,3219595929800829,3219595929801373
"MEMORY_ALLOCATION","MEMORY_ALLOCATION_FREE","",0,"0x00007f738dc78000",6440,3219595929803581,3219595929804056
"MEMORY_ALLOCATION","MEMORY_ALLOCATION_FREE","",0,"0x00007f738dc9f000",6442,3219595929806039,3219595929806486
"MEMORY_ALLOCATION","MEMORY_ALLOCATION_FREE","",0,"0x00007f738dc72000",6444,3219595929808005,3219595929808223
"MEMORY_ALLOCATION","MEMORY_ALLOCATION_FREE","",0,"0x00007f738dc71000",6448,3219595929827001,3219595929827429
"MEMORY_ALLOCATION","MEMORY_ALLOCATION_ALLOCATE","Agent 3",16,"0x00007f738dc6e000",6450,3219595929829581,3219595929829798
"MEMORY_ALLOCATION","MEMORY_ALLOCATION_FREE","",0,"0x00007f738dc6e000",6457,3219595929861893,3219595929862201
"MEMORY_ALLOCATION","MEMORY_ALLOCATION_ALLOCATE","Agent 3",16,"0x00007f738dc6e000",6459,3219595929864620,3219595929864812
"MEMORY_ALLOCATION","MEMORY_ALLOCATION_ALLOCATE","Agent 3",16,"0x00007f738dc6f000",6463,3219595929884419,3219595929884712
"MEMORY_ALLOCATION","MEMORY_ALLOCATION_ALLOCATE","Agent 3",16,"0x00007f738dc70000",6467,3219595929904166,3219595929904488
"MEMORY_ALLOCATION","MEMORY_ALLOCATION_ALLOCATE","Agent 3",1024,"0x00007f738dc71000",6471,3219595929923721,3219595929924080
"MEMORY_ALLOCATION","MEMORY_ALLOCATION_ALLOCATE","Agent 3",1024,"0x00007f738dc72000",6476,3219595929931711,3219595929932101
"MEMORY_ALLOCATION","MEMORY_ALLOCATION_ALLOCATE","Agent 3",1024,"0x00007f738dc73000",6481,3219595929939486,3219595929939838
"MEMORY_ALLOCATION","MEMORY_ALLOCATION_ALLOCATE","Agent 3",512,"0x00007f738dc74000",6486,3219595929947151,3219595929947556
"MEMORY_ALLOCATION","MEMORY_ALLOCATION_ALLOCATE","Agent 3",512,"0x00007f738dc75000",6491,3219595929954694,3219595929954938
"MEMORY_ALLOCATION","MEMORY_ALLOCATION_ALLOCATE","Agent 3",1024,"0x00007f738dc76000",6496,3219595929962880,3219595929963201
"MEMORY_ALLOCATION","MEMORY_ALLOCATION_ALLOCATE","Agent 3",512,"0x00007f738dc77000",6501,3219595929971643,3219595929971987
"MEMORY_ALLOCATION","MEMORY_ALLOCATION_ALLOCATE","Agent 3",1024,"0x00007f738dc78000",6509,3219595929987656,3219595929988180
"MEMORY_ALLOCATION","MEMORY_ALLOCATION_ALLOCATE","Agent 3",1024,"0x00007f738dc79000",6514,3219595929997157,3219595929997622
"MEMORY_ALLOCATION","MEMORY_ALLOCATION_FREE","",0,"0x00007f738dc78000",6519,3219595930025471,3219595930025884
"MEMORY_ALLOCATION","MEMORY_ALLOCATION_FREE","",0,"0x00007f738dc77000",6521,3219595930028103,3219595930028382
"MEMORY_ALLOCATION","MEMORY_ALLOCATION_FREE","",0,"0x00007f738dc76000",6523,3219595930030193,3219595930030463
"MEMORY_ALLOCATION","MEMORY_ALLOCATION_FREE","",0,"0x00007f738dc75000",6525,3219595930031998,3219595930032224
"MEMORY_ALLOCATION","MEMORY_ALLOCATION_FREE","",0,"0x00007f738dc74000",6527,3219595930033840,3219595930034166
"MEMORY_ALLOCATION","MEMORY_ALLOCATION_FREE","",0,"0x00007f738dc73000",6529,3219595930035879,3219595930036186
"MEMORY_ALLOCATION","MEMORY_ALLOCATION_FREE","",0,"0x00007f738dc72000",6531,3219595930037701,3219595930037951
"MEMORY_ALLOCATION","MEMORY_ALLOCATION_ALLOCATE","Agent 3",1024,"0x00007f738dc7a000",6533,3219595930039606,3219595930039850
"MEMORY_ALLOCATION","MEMORY_ALLOCATION_ALLOCATE","Agent 3",1024,"0x00007f738dc7b000",6535,3219595930043239,3219595930043514
"MEMORY_ALLOCATION","MEMORY_ALLOCATION_ALLOCATE","Agent 3",2048,"0x00007f738dc7c000",6540,3219595930051791,3219595930052166
"MEMORY_ALLOCATION","MEMORY_ALLOCATION_ALLOCATE","Agent 3",2048,"0x00007f738dc7d000",6545,3219595930060096,3219595930060442
"MEMORY_ALLOCATION","MEMORY_ALLOCATION_ALLOCATE","Agent 3",2048,"0x00007f738dc7e000",6550,3219595930068107,3219595930068326
"MEMORY_ALLOCATION","MEMORY_ALLOCATION_FREE","",0,"0x00007f738dc7d000",6555,3219595930089233,3219595930089524
"MEMORY_ALLOCATION","MEMORY_ALLOCATION_FREE","",0,"0x00007f738dc7c000",6557,3219595930091521,3219595930091795
"MEMORY_ALLOCATION","MEMORY_ALLOCATION_ALLOCATE","Agent 3",1024,"0x00007f738dc7c000",6559,3219595930093710,3219595930093950
"MEMORY_ALLOCATION","MEMORY_ALLOCATION_FREE","",0,"0x00007f738dc7e000",6564,3219595930125172,3219595930125516
"MEMORY_ALLOCATION","MEMORY_ALLOCATION_ALLOCATE","Agent 3",1024,"0x00007f738dc7d000",6566,3219595930127412,3219595930127645
"MEMORY_ALLOCATION","MEMORY_ALLOCATION_FREE","",0,"0x00007f738dc7c000",6571,3219595930144216,3219595930144503
"MEMORY_ALLOCATION","MEMORY_ALLOCATION_FREE","",0,"0x00007f738dc7b000",6573,3219595930146207,3219595930146492
"MEMORY_ALLOCATION","MEMORY_ALLOCATION_FREE","",0,"0x00007f738dc7a000",6575,3219595930148194,3219595930148445
"MEMORY_ALLOCATION","MEMORY_ALLOCATION_FREE","",0,"0x00007f738dc79000",6577,3219595930150332,3219595930150730
"MEMORY_ALLOCATION","MEMORY_ALLOCATION_FREE","",0,"0x00007f738dc71000",6579,3219595930152652,3219595930152909
"MEMORY_ALLOCATION","MEMORY_ALLOCATION_ALLOCATE","Agent 3",1024,"0x00007f738dc7e000",6581,3219595930154626,3219595930154825
"MEMORY_ALLOCATION","MEMORY_ALLOCATION_ALLOCATE","Agent 3",1024,"0x00007f738dc71000",6586,3219595930170970,3219595930171246
"MEMORY_ALLOCATION","MEMORY_ALLOCATION_ALLOCATE","Agent 3",512,"0x00007f738dc72000",6591,3219595930179044,3219595930179398
"MEMORY_ALLOCATION","MEMORY_ALLOCATION_ALLOCATE","Agent 3",512,"0x00007f738dc73000",6596,3219595930186714,3219595930187082
"MEMORY_ALLOCATION","MEMORY_ALLOCATION_ALLOCATE","Agent 3",1024,"0x00007f738dc74000",6601,3219595930195604,3219595930195999
"MEMORY_ALLOCATION","MEMORY_ALLOCATION_ALLOCATE","Agent 3",512,"0x00007f738dc75000",6606,3219595930203449,3219595930203952
"MEMORY_ALLOCATION","MEMORY_ALLOCATION_ALLOCATE","Agent 3",1024,"0x00007f738dc76000",6614,3219595930235991,3219595930236474
"MEMORY_ALLOCATION","MEMORY_ALLOCATION_ALLOCATE","Agent 3",1024,"0x00007f738dc77000",6619,3219595930245347,3219595930245776
"MEMORY_ALLOCATION","MEMORY_ALLOCATION_FREE","",0,"0x00007f738dc76000",6624,3219595930273092,3219595930273538
"MEMORY_ALLOCATION","MEMORY_ALLOCATION_FREE","",0,"0x00007f738dc75000",6626,3219595930275611,3219595930275891
"MEMORY_ALLOCATION","MEMORY_ALLOCATION_FREE","",0,"0x00007f738dc74000",6628,3219595930277771,3219595930278078
"MEMORY_ALLOCATION","MEMORY_ALLOCATION_FREE","",0,"0x00007f738dc73000",6630,3219595930280019,3219595930280445
"MEMORY_ALLOCATION","MEMORY_ALLOCATION_FREE","",0,"0x00007f738dc72000",6632,3219595930282054,3219595930282330
"MEMORY_ALLOCATION","MEMORY_ALLOCATION_FREE","",0,"0x00007f738dc71000",6634,3219595930283889,3219595930284154
"MEMORY_ALLOCATION","MEMORY_ALLOCATION_FREE","",0,"0x00007f738dc7e000",6636,3219595930285835,3219595930286087
"MEMORY_ALLOCATION","MEMORY_ALLOCATION_ALLOCATE","Agent 3",1024,"0x00007f738dc7e000",6638,3219595930288967,3219595930289184
"MEMORY_ALLOCATION","MEMORY_ALLOCATION_ALLOCATE","Agent 3",1024,"0x00007f738dc78000",6640,3219595930291005,3219595930291246
"MEMORY_ALLOCATION","MEMORY_ALLOCATION_ALLOCATE","Agent 3",2048,"0x00007f738dc79000",6645,3219595930299629,3219595930299921
"MEMORY_ALLOCATION","MEMORY_ALLOCATION_ALLOCATE","Agent 3",2048,"0x00007f738dc7a000",6650,3219595930308338,3219595930308831
"MEMORY_ALLOCATION","MEMORY_ALLOCATION_ALLOCATE","Agent 3",2048,"0x00007f738dc7b000",6655,3219595930321134,3219595930321514
"MEMORY_ALLOCATION","MEMORY_ALLOCATION_FREE","",0,"0x00007f738dc7a000",6660,3219595930343288,3219595930343563
"MEMORY_ALLOCATION","MEMORY_ALLOCATION_FREE","",0,"0x00007f738dc79000",6662,3219595930345734,3219595930345986
"MEMORY_ALLOCATION","MEMORY_ALLOCATION_ALLOCATE","Agent 3",1024,"0x00007f738dc7c000",6664,3219595930350327,3219595930350551
"MEMORY_ALLOCATION","MEMORY_ALLOCATION_FREE","",0,"0x00007f738dc7b000",6669,3219595930394004,3219595930395270
"MEMORY_ALLOCATION","MEMORY_ALLOCATION_ALLOCATE","Agent 3",1024,"0x00007f738dc79000",6671,3219595930398536,3219595930398888
"MEMORY_ALLOCATION","MEMORY_ALLOCATION_FREE","",0,"0x00007f738dc7c000",6676,3219595930430029,3219595930430289
"MEMORY_ALLOCATION","MEMORY_ALLOCATION_FREE","",0,"0x00007f738dc78000",6678,3219595930432596,3219595930432795
"MEMORY_ALLOCATION","MEMORY_ALLOCATION_FREE","",0,"0x00007f738dc7e000",6680,3219595930434481,3219595930434882
"MEMORY_ALLOCATION","MEMORY_ALLOCATION_FREE","",0,"0x00007f738dc77000",6682,3219595930436759,3219595930437235
"MEMORY_ALLOCATION","MEMORY_ALLOCATION_FREE","",0,"0x00007f738dc7d000",6684,3219595930439409,3219595930439947
"MEMORY_ALLOCATION","MEMORY_ALLOCATION_ALLOCATE","Agent 3",1024,"0x00007f738dc7a000",6686,3219595930441762,3219595930441973
"MEMORY_ALLOCATION","MEMORY_ALLOCATION_FREE","",0,"0x00007f738dc79000",6691,3219595930459829,3219595930460115
"MEMORY_ALLOCATION","MEMORY_ALLOCATION_ALLOCATE","Agent 3",4096,"0x00007f738dc7b000",6693,3219595930462049,3219595930462271
"MEMORY_ALLOCATION","MEMORY_ALLOCATION_FREE","",0,"0x00007f738dc7a000",6698,3219595930486069,3219595930486434
"MEMORY_ALLOCATION","MEMORY_ALLOCATION_FREE","",0,"0x00007f738dc70000",6700,3219595930488429,3219595930488702
"MEMORY_ALLOCATION","MEMORY_ALLOCATION_FREE","",0,"0x00007f738dc6f000",6702,3219595930490560,3219595930490875
"MEMORY_ALLOCATION","MEMORY_ALLOCATION_FREE","",0,"0x00007f738dc6e000",6704,3219595930492638,3219595930492953
"MEMORY_ALLOCATION","MEMORY_ALLOCATION_FREE","",0,"0x00007f738dc7b000",6714,3219595930525999,3219595930526361
"MEMORY_ALLOCATION","MEMORY_ALLOCATION_ALLOCATE","Agent 3",16,"0x00007f738dc6e000",6716,3219595930528853,3219595930529056
"MEMORY_ALLOCATION","MEMORY_ALLOCATION_FREE","",0,"0x00007f738dc6e000",6723,3219595930560868,3219595930561157
"MEMORY_ALLOCATION","MEMORY_ALLOCATION_ALLOCATE","Agent 3",16,"0x00007f738dc6e000",6725,3219595930563831,3219595930564027
"MEMORY_ALLOCATION","MEMORY_ALLOCATION_ALLOCATE","Agent 3",16,"0x00007f738dc6f000",6729,3219595930583735,3219595930584012
"MEMORY_ALLOCATION","MEMORY_ALLOCATION_ALLOCATE","Agent 3",16,"0x00007f738dc70000",6733,3219595930603039,3219595930603402
"MEMORY_ALLOCATION","MEMORY_ALLOCATION_ALLOCATE","Agent 3",1024,"0x00007f738dc71000",6737,3219595930622904,3219595930623323
"MEMORY_ALLOCATION","MEMORY_ALLOCATION_ALLOCATE","Agent 3",1024,"0x00007f738dc72000",6742,3219595930630635,3219595930630910
"MEMORY_ALLOCATION","MEMORY_ALLOCATION_ALLOCATE","Agent 3",1024,"0x00007f738dc73000",6747,3219595930638297,3219595930638900
"MEMORY_ALLOCATION","MEMORY_ALLOCATION_ALLOCATE","Agent 3",512,"0x00007f738dc74000",6752,3219595930647177,3219595930647723
"MEMORY_ALLOCATION","MEMORY_ALLOCATION_ALLOCATE","Agent 3",512,"0x00007f738dc75000",6757,3219595930654252,3219595930654527
"MEMORY_ALLOCATION","MEMORY_ALLOCATION_ALLOCATE","Agent 3",1024,"0x00007f738dc76000",6762,3219595930662530,3219595930662881
"MEMORY_ALLOCATION","MEMORY_ALLOCATION_ALLOCATE","Agent 3",512,"0x00007f738dc77000",6767,3219595930670155,3219595930670582
"MEMORY_ALLOCATION","MEMORY_ALLOCATION_ALLOCATE","Agent 3",1024,"0x00007f738dc78000",6775,3219595930693725,3219595930694123
"MEMORY_ALLOCATION","MEMORY_ALLOCATION_ALLOCATE","Agent 3",1024,"0x00007f738dc79000",6780,3219595930702088,3219595930702517
"MEMORY_ALLOCATION","MEMORY_ALLOCATION_FREE","",0,"0x00007f738dc78000",6785,3219595930730006,3219595930730319
"MEMORY_ALLOCATION","MEMORY_ALLOCATION_FREE","",0,"0x00007f738dc77000",6787,3219595930732400,3219595930732640
"MEMORY_ALLOCATION","MEMORY_ALLOCATION_FREE","",0,"0x00007f738dc76000",6789,3219595930734563,3219595930734872
"MEMORY_ALLOCATION","MEMORY_ALLOCATION_FREE","",0,"0x00007f738dc75000",6791,3219595930736616,3219595930736847
"MEMORY_ALLOCATION","MEMORY_ALLOCATION_FREE","",0,"0x00007f738dc74000",6793,3219595930738319,3219595930738673
"MEMORY_ALLOCATION","MEMORY_ALLOCATION_FREE","",0,"0x00007f738dc73000",6795,3219595930740302,3219595930740722
"MEMORY_ALLOCATION","MEMORY_ALLOCATION_FREE","",0,"0x00007f738dc72000",6797,3219595930742266,3219595930742580
"MEMORY_ALLOCATION","MEMORY_ALLOCATION_ALLOCATE","Agent 3",1024,"0x00007f738dc7a000",6799,3219595930744018,3219595930744239
"MEMORY_ALLOCATION","MEMORY_ALLOCATION_ALLOCATE","Agent 3",1024,"0x00007f738dc7b000",6801,3219595930747377,3219595930747655
"MEMORY_ALLOCATION","MEMORY_ALLOCATION_ALLOCATE","Agent 3",2048,"0x00007f738dc7c000",6806,3219595930756126,3219595930756435
"MEMORY_ALLOCATION","MEMORY_ALLOCATION_ALLOCATE","Agent 3",2048,"0x00007f738dc7d000",6811,3219595930764398,3219595930764832
"MEMORY_ALLOCATION","MEMORY_ALLOCATION_ALLOCATE","Agent 3",2048,"0x00007f738dc7e000",6816,3219595930772143,3219595930772381
"MEMORY_ALLOCATION","MEMORY_ALLOCATION_FREE","",0,"0x00007f738dc7d000",6821,3219595930793579,3219595930793824
"MEMORY_ALLOCATION","MEMORY_ALLOCATION_FREE","",0,"0x00007f738dc7c000",6823,3219595930795889,3219595930796154
"MEMORY_ALLOCATION","MEMORY_ALLOCATION_ALLOCATE","Agent 3",1024,"0x00007f738dc7c000",6825,3219595930797822,3219595930798046
"MEMORY_ALLOCATION","MEMORY_ALLOCATION_FREE","",0,"0x00007f738dc7e000",6830,3219595930830283,3219595930830607
"MEMORY_ALLOCATION","MEMORY_ALLOCATION_ALLOCATE","Agent 3",1024,"0x00007f738dc7d000",6832,3219595930832315,3219595930832535
"MEMORY_ALLOCATION","MEMORY_ALLOCATION_FREE","",0,"0x00007f738dc7c000",6837,3219595930849078,3219595930849351
"MEMORY_ALLOCATION","MEMORY_ALLOCATION_FREE","",0,"0x00007f738dc7b000",6839,3219595930851392,3219595930851650
"MEMORY_ALLOCATION","MEMORY_ALLOCATION_FREE","",0,"0x00007f738dc7a000",6841,3219595930853115,3219595930853324
"MEMORY_ALLOCATION","MEMORY_ALLOCATION_FREE","",0,"0x00007f738dc79000",6843,3219595930854935,3219595930855319
"MEMORY_ALLOCATION","MEMORY_ALLOCATION_FREE","",0,"0x00007f738dc71000",6845,3219595930856829,3219595930857058
"MEMORY_ALLOCATION","MEMORY_ALLOCATION_ALLOCATE","Agent 3",1024,"0x00007f738dc7e000",6847,3219595930858758,3219595930858951
"MEMORY_ALLOCATION","MEMORY_ALLOCATION_ALLOCATE","Agent 3",1024,"0x00007f738dc71000",6852,3219595930866271,3219595930866496
"MEMORY_ALLOCATION","MEMORY_ALLOCATION_ALLOCATE","Agent 3",512,"0x00007f738dc72000",6857,3219595930873462,3219595930873781
"MEMORY_ALLOCATION","MEMORY_ALLOCATION_ALLOCATE","Agent 3",512,"0x00007f738dc73000",6862,3219595930880956,3219595930881275
"MEMORY_ALLOCATION","MEMORY_ALLOCATION_ALLOCATE","Agent 3",1024,"0x00007f738dc74000",6867,3219595930888968,3219595930889420
"MEMORY_ALLOCATION","MEMORY_ALLOCATION_ALLOCATE","Agent 3",512,"0x00007f738dc75000",6872,3219595930896899,3219595930897351
"MEMORY_ALLOCATION","MEMORY_ALLOCATION_ALLOCATE","Agent 3",1024,"0x00007f738dc76000",6880,3219595930911971,3219595930912521
"MEMORY_ALLOCATION","MEMORY_ALLOCATION_ALLOCATE","Agent 3",1024,"0x00007f738dc77000",6885,3219595930921358,3219595930921790
"MEMORY_ALLOCATION","MEMORY_ALLOCATION_FREE","",0,"0x00007f738dc76000",6890,3219595930948291,3219595930948610
"MEMORY_ALLOCATION","MEMORY_ALLOCATION_FREE","",0,"0x00007f738dc75000",6892,3219595930951890,3219595930952100
"MEMORY_ALLOCATION","MEMORY_ALLOCATION_FREE","",0,"0x00007f738dc74000",6894,3219595930953658,3219595930954124
"MEMORY_ALLOCATION","MEMORY_ALLOCATION_FREE","",0,"0x00007f738dc73000",6896,3219595930955726,3219595930955998
"MEMORY_ALLOCATION","MEMORY_ALLOCATION_FREE","",0,"0x00007f738dc72000",6898,3219595930957584,3219595930957838
"MEMORY_ALLOCATION","MEMORY_ALLOCATION_FREE","",0,"0x00007f738dc71000",6900,3219595930959279,3219595930959577
"MEMORY_ALLOCATION","MEMORY_ALLOCATION_FREE","",0,"0x00007f738dc7e000",6902,3219595930961198,3219595930961434
"MEMORY_ALLOCATION","MEMORY_ALLOCATION_ALLOCATE","Agent 3",1024,"0x00007f738dc7e000",6904,3219595930963130,3219595930963316
"MEMORY_ALLOCATION","MEMORY_ALLOCATION_ALLOCATE","Agent 3",1024,"0x00007f738dc78000",6906,3219595930965173,3219595930965390
"MEMORY_ALLOCATION","MEMORY_ALLOCATION_ALLOCATE","Agent 3",2048,"0x00007f738dc79000",6911,3219595930973460,3219595930973715
"MEMORY_ALLOCATION","MEMORY_ALLOCATION_ALLOCATE","Agent 3",2048,"0x00007f738dc7a000",6916,3219595930981622,3219595930982060
"MEMORY_ALLOCATION","MEMORY_ALLOCATION_ALLOCATE","Agent 3",2048,"0x00007f738dc7b000",6921,3219595930990134,3219595930990554
"MEMORY_ALLOCATION","MEMORY_ALLOCATION_FREE","",0,"0x00007f738dc7a000",6926,3219595931011427,3219595931011700
"MEMORY_ALLOCATION","MEMORY_ALLOCATION_FREE","",0,"0x00007f738dc79000",6928,3219595931013723,3219595931013960
"MEMORY_ALLOCATION","MEMORY_ALLOCATION_ALLOCATE","Agent 3",1024,"0x00007f738dc7c000",6930,3219595931015743,3219595931015950
"MEMORY_ALLOCATION","MEMORY_ALLOCATION_FREE","",0,"0x00007f738dc7b000",6935,3219595931046930,3219595931047236
"MEMORY_ALLOCATION","MEMORY_ALLOCATION_ALLOCATE","Agent 3",1024,"0x00007f738dc79000",6937,3219595931049221,3219595931049502
"MEMORY_ALLOCATION","MEMORY_ALLOCATION_FREE","",0,"0x00007f738dc7c000",6942,3219595931066669,3219595931066961
"MEMORY_ALLOCATION","MEMORY_ALLOCATION_FREE","",0,"0x00007f738dc78000",6944,3219595931068736,3219595931068881
"MEMORY_ALLOCATION","MEMORY_ALLOCATION_FREE","",0,"0x00007f738dc7e000",6946,3219595931070443,3219595931070669
"MEMORY_ALLOCATION","MEMORY_ALLOCATION_FREE","",0,"0x00007f738dc77000",6948,3219595931072354,3219595931072736
"MEMORY_ALLOCATION","MEMORY_ALLOCATION_FREE","",0,"0x00007f738dc7d000",6950,3219595931074656,3219595931074958
"MEMORY_ALLOCATION","MEMORY_ALLOCATION_ALLOCATE","Agent 3",1024,"0x00007f738dc7a000",6952,3219595931077027,3219595931077216
"MEMORY_ALLOCATION","MEMORY_ALLOCATION_FREE","",0,"0x00007f738dc79000",6957,3219595931094598,3219595931094876
"MEMORY_ALLOCATION","MEMORY_ALLOCATION_ALLOCATE","Agent 3",4096,"0x00007f738dc7b000",6959,3219595931096909,3219595931097163
"MEMORY_ALLOCATION","MEMORY_ALLOCATION_FREE","",0,"0x00007f738dc7a000",6964,3219595931121788,3219595931122064
"MEMORY_ALLOCATION","MEMORY_ALLOCATION_FREE","",0,"0x00007f738dc70000",6966,3219595931123768,3219595931124001
"MEMORY_ALLOCATION","MEMORY_ALLOCATION_FREE","",0,"0x00007f738dc6f000",6968,3219595931125675,3219595931125953
"MEMORY_ALLOCATION","MEMORY_ALLOCATION_FREE","",0,"0x00007f738dc6e000",6970,3219595931127817,3219595931128040
"MEMORY_ALLOCATION","MEMORY_ALLOCATION_FREE","",0,"0x00007f738dc7b000",6980,3219595931159007,3219595931159501
"MEMORY_ALLOCATION","MEMORY_ALLOCATION_ALLOCATE","Agent 3",16,"0x00007f738dc6e000",6982,3219595931161520,3219595931161732
"MEMORY_ALLOCATION","MEMORY_ALLOCATION_FREE","",0,"0x00007f738dc6e000",6989,3219595931202289,3219595931202575
"MEMORY_ALLOCATION","MEMORY_ALLOCATION_ALLOCATE","Agent 3",8,"0x00007f738dc6e000",7015,3219595931297299,3219595931297794
"MEMORY_ALLOCATION","MEMORY_ALLOCATION_ALLOCATE","Agent 3",8,"0x00007f738dc6f000",7019,3219595931330002,3219595931330467
"MEMORY_ALLOCATION","MEMORY_ALLOCATION_ALLOCATE","Agent 3",8,"0x00007f738dc70000",7023,3219595931351380,3219595931351661
"MEMORY_ALLOCATION","MEMORY_ALLOCATION_ALLOCATE","Agent 3",512,"0x00007f738dc71000",7027,3219595931372512,3219595931372933
"MEMORY_ALLOCATION","MEMORY_ALLOCATION_ALLOCATE","Agent 3",512,"0x00007f738dc72000",7032,3219595931380422,3219595931380690
"MEMORY_ALLOCATION","MEMORY_ALLOCATION_ALLOCATE","Agent 3",512,"0x00007f738dc73000",7037,3219595931388206,3219595931388620
"MEMORY_ALLOCATION","MEMORY_ALLOCATION_ALLOCATE","Agent 3",256,"0x00007f738dc74000",7042,3219595931397196,3219595931397613
"MEMORY_ALLOCATION","MEMORY_ALLOCATION_ALLOCATE","Agent 3",256,"0x00007f738dc75000",7047,3219595931405013,3219595931405327
"MEMORY_ALLOCATION","MEMORY_ALLOCATION_ALLOCATE","Agent 3",512,"0x00007f738dc76000",7052,3219595931414123,3219595931414467
"MEMORY_ALLOCATION","MEMORY_ALLOCATION_ALLOCATE","Agent 3",256,"0x00007f738dc77000",7057,3219595931422467,3219595931422896
"MEMORY_ALLOCATION","MEMORY_ALLOCATION_ALLOCATE","Agent 3",512,"0x00007f738dc78000",7065,3219595931438769,3219595931439149
"MEMORY_ALLOCATION","MEMORY_ALLOCATION_ALLOCATE","Agent 3",512,"0x00007f738dc79000",7070,3219595931447603,3219595931447986
"MEMORY_ALLOCATION","MEMORY_ALLOCATION_FREE","",0,"0x00007f738dc78000",7075,3219595931477623,3219595931477959
"MEMORY_ALLOCATION","MEMORY_ALLOCATION_FREE","",0,"0x00007f738dc77000",7077,3219595931480222,3219595931480563
"MEMORY_ALLOCATION","MEMORY_ALLOCATION_FREE","",0,"0x00007f738dc76000",7079,3219595931482649,3219595931482873
"MEMORY_ALLOCATION","MEMORY_ALLOCATION_FREE","",0,"0x00007f738dc75000",7081,3219595931484503,3219595931484709
"MEMORY_ALLOCATION","MEMORY_ALLOCATION_FREE","",0,"0x00007f738dc74000",7083,3219595931486166,3219595931486452
"MEMORY_ALLOCATION","MEMORY_ALLOCATION_FREE","",0,"0x00007f738dc73000",7085,3219595931488062,3219595931488297
"MEMORY_ALLOCATION","MEMORY_ALLOCATION_FREE","",0,"0x00007f738dc72000",7087,3219595931489725,3219595931490012
"MEMORY_ALLOCATION","MEMORY_ALLOCATION_ALLOCATE","Agent 3",512,"0x00007f738dc7a000",7089,3219595931491437,3219595931491651
"MEMORY_ALLOCATION","MEMORY_ALLOCATION_ALLOCATE","Agent 3",512,"0x00007f738dc7b000",7091,3219595931494592,3219595931494846
"MEMORY_ALLOCATION","MEMORY_ALLOCATION_ALLOCATE","Agent 3",1024,"0x00007f738dc7c000",7096,3219595931503761,3219595931504060
"MEMORY_ALLOCATION","MEMORY_ALLOCATION_ALLOCATE","Agent 3",1024,"0x00007f738dc7d000",7101,3219595931511848,3219595931512235
"MEMORY_ALLOCATION","MEMORY_ALLOCATION_ALLOCATE","Agent 3",1024,"0x00007f738dc7e000",7106,3219595931519670,3219595931519924
"MEMORY_ALLOCATION","MEMORY_ALLOCATION_FREE","",0,"0x00007f738dc7d000",7111,3219595931541015,3219595931541296
"MEMORY_ALLOCATION","MEMORY_ALLOCATION_FREE","",0,"0x00007f738dc7c000",7113,3219595931543016,3219595931543215
"MEMORY_ALLOCATION","MEMORY_ALLOCATION_ALLOCATE","Agent 3",512,"0x00007f738dc7c000",7115,3219595931545006,3219595931545229
"MEMORY_ALLOCATION","MEMORY_ALLOCATION_FREE","",0,"0x00007f738dc7e000",7120,3219595931577101,3219595931577440
"MEMORY_ALLOCATION","MEMORY_ALLOCATION_ALLOCATE","Agent 3",512,"0x00007f738dc7d000",7122,3219595931579378,3219595931579628
"MEMORY_ALLOCATION","MEMORY_ALLOCATION_FREE","",0,"0x00007f738dc7c000",7127,3219595931596663,3219595931596940
"MEMORY_ALLOCATION","MEMORY_ALLOCATION_FREE","",0,"0x00007f738dc7b000",7129,3219595931598653,3219595931598953
"MEMORY_ALLOCATION","MEMORY_ALLOCATION_FREE","",0,"0x00007f738dc7a000",7131,3219595931600580,3219595931600832
"MEMORY_ALLOCATION","MEMORY_ALLOCATION_FREE","",0,"0x00007f738dc79000",7133,3219595931602305,3219595931602607
"MEMORY_ALLOCATION","MEMORY_ALLOCATION_FREE","",0,"0x00007f738dc71000",7135,3219595931604485,3219595931604875
"MEMORY_ALLOCATION","MEMORY_ALLOCATION_ALLOCATE","Agent 3",512,"0x00007f738dc7e000",7137,3219595931606380,3219595931606554
"MEMORY_ALLOCATION","MEMORY_ALLOCATION_ALLOCATE","Agent 3",512,"0x00007f738dc71000",7142,3219595931614225,3219595931614444
"MEMORY_ALLOCATION","MEMORY_ALLOCATION_ALLOCATE","Agent 3",256,"0x00007f738dc72000",7147,3219595931621999,3219595931622322
"MEMORY_ALLOCATION","MEMORY_ALLOCATION_ALLOCATE","Agent 3",256,"0x00007f738dc73000",7152,3219595931629830,3219595931630230
"MEMORY_ALLOCATION","MEMORY_ALLOCATION_ALLOCATE","Agent 3",512,"0x00007f738dc74000",7157,3219595931638519,3219595931638880
"MEMORY_ALLOCATION","MEMORY_ALLOCATION_ALLOCATE","Agent 3",256,"0x00007f738dc75000",7162,3219595931655457,3219595931655793
"MEMORY_ALLOCATION","MEMORY_ALLOCATION_ALLOCATE","Agent 3",512,"0x00007f738dc76000",7170,3219595931669846,3219595931670273
"MEMORY_ALLOCATION","MEMORY_ALLOCATION_ALLOCATE","Agent 3",512,"0x00007f738dc77000",7175,3219595931679958,3219595931680434
"MEMORY_ALLOCATION","MEMORY_ALLOCATION_FREE","",0,"0x00007f738dc76000",7180,3219595931707518,3219595931707960
"MEMORY_ALLOCATION","MEMORY_ALLOCATION_FREE","",0,"0x00007f738dc75000",7182,3219595931709779,3219595931709989
"MEMORY_ALLOCATION","MEMORY_ALLOCATION_FREE","",0,"0x00007f738dc74000",7184,3219595931711937,3219595931712168
"MEMORY_ALLOCATION","MEMORY_ALLOCATION_FREE","",0,"0x00007f738dc73000",7186,3219595931713798,3219595931714054
"MEMORY_ALLOCATION","MEMORY_ALLOCATION_FREE","",0,"0x00007f738dc72000",7188,3219595931715735,3219595931715966
"MEMORY_ALLOCATION","MEMORY_ALLOCATION_FREE","",0,"0x00007f738dc71000",7190,3219595931717389,3219595931717670
"MEMORY_ALLOCATION","MEMORY_ALLOCATION_FREE","",0,"0x00007f738dc7e000",7192,3219595931719334,3219595931719548
"MEMORY_ALLOCATION","MEMORY_ALLOCATION_ALLOCATE","Agent 3",512,"0x00007f738dc7e000",7194,3219595931720947,3219595931721098
"MEMORY_ALLOCATION","MEMORY_ALLOCATION_ALLOCATE","Agent 3",512,"0x00007f738dc78000",7196,3219595931724008,3219595931724245
"MEMORY_ALLOCATION","MEMORY_ALLOCATION_ALLOCATE","Agent 3",1024,"0x00007f738dc79000",7201,3219595931732496,3219595931732776
"MEMORY_ALLOCATION","MEMORY_ALLOCATION_ALLOCATE","Agent 3",1024,"0x00007f738dc7a000",7206,3219595931741552,3219595931742038
"MEMORY_ALLOCATION","MEMORY_ALLOCATION_ALLOCATE","Agent 3",1024,"0x00007f738dc7b000",7211,3219595931750004,3219595931750371
"MEMORY_ALLOCATION","MEMORY_ALLOCATION_FREE","",0,"0x00007f738dc7a000",7216,3219595931770773,3219595931771198
"MEMORY_ALLOCATION","MEMORY_ALLOCATION_FREE","",0,"0x00007f738dc79000",7218,3219595931773000,3219595931773219
"MEMORY_ALLOCATION","MEMORY_ALLOCATION_ALLOCATE","Agent 3",512,"0x00007f738dc7c000",7220,3219595931774937,3219595931775172
"MEMORY_ALLOCATION","MEMORY_ALLOCATION_FREE","",0,"0x00007f738dc7b000",7225,3219595931806082,3219595931806419
"MEMORY_ALLOCATION","MEMORY_ALLOCATION_ALLOCATE","Agent 3",512,"0x00007f738dc79000",7227,3219595931808416,3219595931808678
"MEMORY_ALLOCATION","MEMORY_ALLOCATION_FREE","",0,"0x00007f738dc7c000",7232,3219595931825897,3219595931826168
"MEMORY_ALLOCATION","MEMORY_ALLOCATION_FREE","",0,"0x00007f738dc78000",7234,3219595931828435,3219595931828610
"MEMORY_ALLOCATION","MEMORY_ALLOCATION_FREE","",0,"0x00007f738dc7e000",7236,3219595931830219,3219595931830441
"MEMORY_ALLOCATION","MEMORY_ALLOCATION_FREE","",0,"0x00007f738dc77000",7238,3219595931831995,3219595931832419
"MEMORY_ALLOCATION","MEMORY_ALLOCATION_FREE","",0,"0x00007f738dc7d000",7240,3219595931834301,3219595931834612
"MEMORY_ALLOCATION","MEMORY_ALLOCATION_ALLOCATE","Agent 3",512,"0x00007f738dc7a000",7242,3219595931836252,3219595931836438
"MEMORY_ALLOCATION","MEMORY_ALLOCATION_FREE","",0,"0x00007f738dc79000",7247,3219595931853400,3219595931853680
"MEMORY_ALLOCATION","MEMORY_ALLOCATION_ALLOCATE","Agent 3",2048,"0x00007f738dc7b000",7249,3219595931855816,3219595931856015
"MEMORY_ALLOCATION","MEMORY_ALLOCATION_FREE","",0,"0x00007f738dc7a000",7254,3219595931879601,3219595931879879
"MEMORY_ALLOCATION","MEMORY_ALLOCATION_FREE","",0,"0x00007f738dc70000",7256,3219595931881801,3219595931881997
"MEMORY_ALLOCATION","MEMORY_ALLOCATION_FREE","",0,"0x00007f738dc6f000",7258,3219595931883953,3219595931884222
"MEMORY_ALLOCATION","MEMORY_ALLOCATION_FREE","",0,"0x00007f738dc6e000",7260,3219595931885827,3219595931886030
"MEMORY_ALLOCATION","MEMORY_ALLOCATION_FREE","",0,"0x00007f738dc7b000",7266,3219595931907773,3219595931908151
"MEMORY_ALLOCATION","MEMORY_ALLOCATION_ALLOCATE","Agent 3",16,"0x00007f738dc6e000",7268,3219595931910627,3219595931910830
"MEMORY_ALLOCATION","MEMORY_ALLOCATION_ALLOCATE","Agent 3",1024,"0x00007f738dc6f000",7272,3219595931930387,3219595931930653
"MEMORY_ALLOCATION","MEMORY_ALLOCATION_ALLOCATE","Agent 3",1024,"0x00007f738dc70000",7277,3219595931938141,3219595931938394
"MEMORY_ALLOCATION","MEMORY_ALLOCATION_ALLOCATE","Agent 3",1024,"0x00007f738dc71000",7282,3219595931947327,3219595931947668
"MEMORY_ALLOCATION","MEMORY_ALLOCATION_ALLOCATE","Agent 3",512,"0x00007f738dc72000",7287,3219595931955119,3219595931955467
"MEMORY_ALLOCATION","MEMORY_ALLOCATION_ALLOCATE","Agent 3",512,"0x00007f738dc73000",7292,3219595931963438,3219595931963714
"MEMORY_ALLOCATION","MEMORY_ALLOCATION_ALLOCATE","Agent 3",1024,"0x00007f738dc74000",7297,3219595931971301,3219595931971848
"MEMORY_ALLOCATION","MEMORY_ALLOCATION_ALLOCATE","Agent 3",512,"0x00007f738dc75000",7302,3219595931980072,3219595931980427
"MEMORY_ALLOCATION","MEMORY_ALLOCATION_ALLOCATE","Agent 3",512,"0x00007f738dc76000",7307,3219595931990075,3219595931990475
"MEMORY_ALLOCATION","MEMORY_ALLOCATION_ALLOCATE","Agent 3",1024,"0x00007f738dc77000",7312,3219595932012066,3219595932012564
"MEMORY_ALLOCATION","MEMORY_ALLOCATION_FREE","",0,"0x00007f738dc74000",7317,3219595932035086,3219595932035462
"MEMORY_ALLOCATION","MEMORY_ALLOCATION_ALLOCATE","Agent 3",512,"0x00007f738dc74000",7319,3219595932038795,3219595932039023
"MEMORY_ALLOCATION","MEMORY_ALLOCATION_FREE","",0,"0x00007f738dc75000",7324,3219595932057112,3219595932057417
"MEMORY_ALLOCATION","MEMORY_ALLOCATION_ALLOCATE","Agent 3",8192,"0x00007f738dc78000",7326,3219595932059639,3219595932060048
"MEMORY_ALLOCATION","MEMORY_ALLOCATION_ALLOCATE","Agent 3",8192,"0x00007f738dc7a000",7332,3219595932072970,3219595932073453
"MEMORY_ALLOCATION","MEMORY_ALLOCATION_ALLOCATE","Agent 3",1024,"0x00007f738dc75000",7338,3219595932085227,3219595932085499
"MEMORY_ALLOCATION","MEMORY_ALLOCATION_ALLOCATE","Agent 3",1024,"0x00007f738dc7c000",7343,3219595932095224,3219595932095640
"MEMORY_ALLOCATION","MEMORY_ALLOCATION_FREE","",0,"0x00007f738dc75000",7348,3219595932113207,3219595932113508
"MEMORY_ALLOCATION","MEMORY_ALLOCATION_ALLOCATE","Agent 3",1024,"0x00007f738dc75000",7350,3219595932115840,3219595932116025
"MEMORY_ALLOCATION","MEMORY_ALLOCATION_FREE","",0,"0x00007f738dc7c000",7355,3219595932154800,3219595932155126
"MEMORY_ALLOCATION","MEMORY_ALLOCATION_FREE","",0,"0x00007f738dc76000",7357,3219595932156888,3219595932157136
"MEMORY_ALLOCATION","MEMORY_ALLOCATION_FREE","",0,"0x00007f738dc74000",7359,3219595932158749,3219595932158965
"MEMORY_ALLOCATION","MEMORY_ALLOCATION_FREE","",0,"0x00007f738dc77000",7361,3219595932161912,3219595932162275
"MEMORY_ALLOCATION","MEMORY_ALLOCATION_FREE","",0,"0x00007f738dc73000",7363,3219595932164318,3219595932164632
"MEMORY_ALLOCATION","MEMORY_ALLOCATION_FREE","",0,"0x00007f738dc72000",7365,3219595932166245,3219595932166579
"MEMORY_ALLOCATION","MEMORY_ALLOCATION_FREE","",0,"0x00007f738dc71000",7367,3219595932168258,3219595932168560
"MEMORY_ALLOCATION","MEMORY_ALLOCATION_ALLOCATE","Agent 3",1024,"0x00007f738dc76000",7369,3219595932170480,3219595932170814
"MEMORY_ALLOCATION","MEMORY_ALLOCATION_FREE","",0,"0x00007f738dc75000",7374,3219595932210362,3219595932210847
"MEMORY_ALLOCATION","MEMORY_ALLOCATION_FREE","",0,"0x00007f738dc70000",7376,3219595932213211,3219595932213498
"MEMORY_ALLOCATION","MEMORY_ALLOCATION_ALLOCATE","Agent 3",1024,"0x00007f738dc77000",7378,3219595932215617,3219595932215843
"MEMORY_ALLOCATION","MEMORY_ALLOCATION_ALLOCATE","Agent 3",2048,"0x00007f738dc7c000",7383,3219595932223274,3219595932223815
"MEMORY_ALLOCATION","MEMORY_ALLOCATION_ALLOCATE","Agent 3",2048,"0x00007f738dc7d000",7388,3219595932231421,3219595932231760
"MEMORY_ALLOCATION","MEMORY_ALLOCATION_ALLOCATE","Agent 3",2048,"0x00007f738dc7e000",7393,3219595932239081,3219595932239337
"MEMORY_ALLOCATION","MEMORY_ALLOCATION_FREE","",0,"0x00007f738dc7d000",7398,3219595932259649,3219595932259922
"MEMORY_ALLOCATION","MEMORY_ALLOCATION_FREE","",0,"0x00007f738dc7c000",7400,3219595932262185,3219595932262473
"MEMORY_ALLOCATION","MEMORY_ALLOCATION_ALLOCATE","Agent 3",1024,"0x00007f738dc7c000",7402,3219595932264425,3219595932264654
"MEMORY_ALLOCATION","MEMORY_ALLOCATION_FREE","",0,"0x00007f738dc7e000",7407,3219595932295730,3219595932296054
"MEMORY_ALLOCATION","MEMORY_ALLOCATION_ALLOCATE","Agent 3",1024,"0x00007f738dc7d000",7409,3219595932297911,3219595932298184
"MEMORY_ALLOCATION","MEMORY_ALLOCATION_FREE","",0,"0x00007f738dc7c000",7414,3219595932314922,3219595932315203
"MEMORY_ALLOCATION","MEMORY_ALLOCATION_FREE","",0,"0x00007f738dc77000",7416,3219595932317130,3219595932317370
"MEMORY_ALLOCATION","MEMORY_ALLOCATION_FREE","",0,"0x00007f738dc76000",7418,3219595932319125,3219595932319483
"MEMORY_ALLOCATION","MEMORY_ALLOCATION_FREE","",0,"0x00007f738dc6f000",7420,3219595932321493,3219595932321790
"MEMORY_ALLOCATION","MEMORY_ALLOCATION_ALLOCATE","Agent 3",1024,"0x00007f738dc7e000",7422,3219595932323548,3219595932323763
"MEMORY_ALLOCATION","MEMORY_ALLOCATION_ALLOCATE","Agent 3",1024,"0x00007f738dc7c000",7427,3219595932331698,3219595932331917
"MEMORY_ALLOCATION","MEMORY_ALLOCATION_ALLOCATE","Agent 3",512,"0x00007f738dc6f000",7432,3219595932338736,3219595932339079
"MEMORY_ALLOCATION","MEMORY_ALLOCATION_ALLOCATE","Agent 3",512,"0x00007f738dc70000",7437,3219595932346305,3219595932346613
"MEMORY_ALLOCATION","MEMORY_ALLOCATION_ALLOCATE","Agent 3",1024,"0x00007f738dc71000",7442,3219595932354320,3219595932354710
"MEMORY_ALLOCATION","MEMORY_ALLOCATION_ALLOCATE","Agent 3",512,"0x00007f738dc72000",7447,3219595932362886,3219595932363253
"MEMORY_ALLOCATION","MEMORY_ALLOCATION_ALLOCATE","Agent 3",512,"0x00007f738dc73000",7452,3219595932371079,3219595932371504
"MEMORY_ALLOCATION","MEMORY_ALLOCATION_ALLOCATE","Agent 3",1024,"0x00007f738dc74000",7457,3219595932380573,3219595932381010
"MEMORY_ALLOCATION","MEMORY_ALLOCATION_FREE","",0,"0x00007f738dc71000",7462,3219595932401806,3219595932402085
"MEMORY_ALLOCATION","MEMORY_ALLOCATION_ALLOCATE","Agent 3",512,"0x00007f738dc71000",7464,3219595932405007,3219595932405193
"MEMORY_ALLOCATION","MEMORY_ALLOCATION_FREE","",0,"0x00007f738dc72000",7469,3219595932422645,3219595932422922
"MEMORY_ALLOCATION","MEMORY_ALLOCATION_ALLOCATE","Agent 3",8192,"0x00007f738dc75000",7471,3219595932424848,3219595932425155
"MEMORY_ALLOCATION","MEMORY_ALLOCATION_ALLOCATE","Agent 3",8192,"0x00007f738dc9f000",7477,3219595932436295,3219595932436657
"MEMORY_ALLOCATION","MEMORY_ALLOCATION_ALLOCATE","Agent 3",1024,"0x00007f738dc72000",7483,3219595932448529,3219595932449213
"MEMORY_ALLOCATION","MEMORY_ALLOCATION_ALLOCATE","Agent 3",1024,"0x00007f738dc77000",7488,3219595932458411,3219595932458755
"MEMORY_ALLOCATION","MEMORY_ALLOCATION_FREE","",0,"0x00007f738dc72000",7493,3219595932476792,3219595932477026
"MEMORY_ALLOCATION","MEMORY_ALLOCATION_ALLOCATE","Agent 3",1024,"0x00007f738dc72000",7495,3219595932478462,3219595932478634
"MEMORY_ALLOCATION","MEMORY_ALLOCATION_FREE","",0,"0x00007f738dc77000",7500,3219595932503122,3219595932503371
"MEMORY_ALLOCATION","MEMORY_ALLOCATION_FREE","",0,"0x00007f738dc73000",7502,3219595932505068,3219595932505304
"MEMORY_ALLOCATION","MEMORY_ALLOCATION_FREE","",0,"0x00007f738dc71000",7504,3219595932507062,3219595932507258
"MEMORY_ALLOCATION","MEMORY_ALLOCATION_FREE","",0,"0x00007f738dc74000",7506,3219595932508868,3219595932509162
"MEMORY_ALLOCATION","MEMORY_ALLOCATION_FREE","",0,"0x00007f738dc70000",7508,3219595932510781,3219595932511108
"MEMORY_ALLOCATION","MEMORY_ALLOCATION_FREE","",0,"0x00007f738dc6f000",7510,3219595932512720,3219595932513109
"MEMORY_ALLOCATION","MEMORY_ALLOCATION_FREE","",0,"0x00007f738dc7c000",7512,3219595932514981,3219595932515199
"MEMORY_ALLOCATION","MEMORY_ALLOCATION_ALLOCATE","Agent 3",1024,"0x00007f738dc77000",7514,3219595932516844,3219595932517040
"MEMORY_ALLOCATION","MEMORY_ALLOCATION_FREE","",0,"0x00007f738dc72000",7519,3219595932533972,3219595932534456
"MEMORY_ALLOCATION","MEMORY_ALLOCATION_FREE","",0,"0x00007f738dc7e000",7521,3219595932536204,3219595932536446
"MEMORY_ALLOCATION","MEMORY_ALLOCATION_ALLOCATE","Agent 3",1024,"0x00007f738dc7c000",7523,3219595932537965,3219595932538164
"MEMORY_ALLOCATION","MEMORY_ALLOCATION_ALLOCATE","Agent 3",2048,"0x00007f738dc7e000",7528,3219595932545324,3219595932545548
"MEMORY_ALLOCATION","MEMORY_ALLOCATION_ALLOCATE","Agent 3",2048,"0x00007f738dc6f000",7533,3219595932552648,3219595932553017
"MEMORY_ALLOCATION","MEMORY_ALLOCATION_ALLOCATE","Agent 3",2048,"0x00007f738dc70000",7538,3219595932560739,3219595932561025
"MEMORY_ALLOCATION","MEMORY_ALLOCATION_FREE","",0,"0x00007f738dc6f000",7543,3219595932582155,3219595932582421
"MEMORY_ALLOCATION","MEMORY_ALLOCATION_FREE","",0,"0x00007f738dc7e000",7545,3219595932584277,3219595932584499
"MEMORY_ALLOCATION","MEMORY_ALLOCATION_ALLOCATE","Agent 3",1024,"0x00007f738dc6f000",7547,3219595932586349,3219595932586568
"MEMORY_ALLOCATION","MEMORY_ALLOCATION_FREE","",0,"0x00007f738dc70000",7552,3219595932617945,3219595932618251
"MEMORY_ALLOCATION","MEMORY_ALLOCATION_ALLOCATE","Agent 3",1024,"0x00007f738dc7e000",7554,3219595932620356,3219595932620521
"MEMORY_ALLOCATION","MEMORY_ALLOCATION_FREE","",0,"0x00007f738dc6f000",7559,3219595932637267,3219595932637658
"MEMORY_ALLOCATION","MEMORY_ALLOCATION_FREE","",0,"0x00007f738dc7c000",7561,3219595932639645,3219595932639851
"MEMORY_ALLOCATION","MEMORY_ALLOCATION_FREE","",0,"0x00007f738dc77000",7563,3219595932641384,3219595932641600
"MEMORY_ALLOCATION","MEMORY_ALLOCATION_FREE","",0,"0x00007f738dc7d000",7565,3219595932643293,3219595932643553
"MEMORY_ALLOCATION","MEMORY_ALLOCATION_ALLOCATE","Agent 3",1024,"0x00007f738dc77000",7567,3219595932645082,3219595932645234
"MEMORY_ALLOCATION","MEMORY_ALLOCATION_FREE","",0,"0x00007f738dc7e000",7572,3219595932662233,3219595932662561
"MEMORY_ALLOCATION","MEMORY_ALLOCATION_ALLOCATE","Agent 3",1024,"0x00007f738dc7c000",7574,3219595932664778,3219595932665029
"MEMORY_ALLOCATION","MEMORY_ALLOCATION_FREE","",0,"0x00007f738dc77000",7579,3219595932697554,3219595932697883
"MEMORY_ALLOCATION","MEMORY_ALLOCATION_FREE","",0,"0x00007f738dc6e000",7581,3219595932699780,3219595932700140
"MEMORY_ALLOCATION","MEMORY_ALLOCATION_FREE","",0,"0x00007f738dc7a000",7599,3219595932756983,3219595932757315
"MEMORY_ALLOCATION","MEMORY_ALLOCATION_FREE","",0,"0x00007f738dc78000",7601,3219595932759355,3219595932759719
"MEMORY_ALLOCATION","MEMORY_ALLOCATION_FREE","",0,"0x00007f738dc9f000",7603,3219595932762123,3219595932762452
"MEMORY_ALLOCATION","MEMORY_ALLOCATION_FREE","",0,"0x00007f738dc75000",7605,3219595932764261,3219595932764679
"MEMORY_ALLOCATION","MEMORY_ALLOCATION_FREE","",0,"0x00007f738dc7c000",7609,3219595932782252,3219595932782662
"MEMORY_ALLOCATION","MEMORY_ALLOCATION_ALLOCATE","Agent 3",32,"0x00007f738dc6e000",7611,3219595932785204,3219595932785473
"MEMORY_ALLOCATION","MEMORY_ALLOCATION_ALLOCATE","Agent 3",2048,"0x00007f738dc6f000",7615,3219595932805638,3219595932805994
"MEMORY_ALLOCATION","MEMORY_ALLOCATION_ALLOCATE","Agent 3",2048,"0x00007f738dc70000",7620,3219595932813163,3219595932813436
"MEMORY_ALLOCATION","MEMORY_ALLOCATION_ALLOCATE","Agent 3",2048,"0x00007f738dc71000",7625,3219595932820898,3219595932821391
"MEMORY_ALLOCATION","MEMORY_ALLOCATION_ALLOCATE","Agent 3",1024,"0x00007f738dc72000",7630,3219595932830082,3219595932830405
"MEMORY_ALLOCATION","MEMORY_ALLOCATION_ALLOCATE","Agent 3",1024,"0x00007f738dc73000",7635,3219595932837378,3219595932838018
"MEMORY_ALLOCATION","MEMORY_ALLOCATION_ALLOCATE","Agent 3",2048,"0x00007f738dc74000",7640,3219595932845387,3219595932845792
"MEMORY_ALLOCATION","MEMORY_ALLOCATION_ALLOCATE","Agent 3",1024,"0x00007f738dc75000",7645,3219595932854473,3219595932854953
"MEMORY_ALLOCATION","MEMORY_ALLOCATION_ALLOCATE","Agent 3",1024,"0x00007f738dc76000",7650,3219595932863345,3219595932863873
"MEMORY_ALLOCATION","MEMORY_ALLOCATION_ALLOCATE","Agent 3",2048,"0x00007f738dc77000",7655,3219595932871734,3219595932872258
"MEMORY_ALLOCATION","MEMORY_ALLOCATION_FREE","",0,"0x00007f738dc74000",7660,3219595932893700,3219595932894329
"MEMORY_ALLOCATION","MEMORY_ALLOCATION_ALLOCATE","Agent 3",1024,"0x00007f738dc74000",7662,3219595932897412,3219595932897588
"MEMORY_ALLOCATION","MEMORY_ALLOCATION_FREE","",0,"0x00007f738dc75000",7667,3219595932915460,3219595932915857
"MEMORY_ALLOCATION","MEMORY_ALLOCATION_ALLOCATE","Agent 3",8192,"0x00007f738dc78000",7669,3219595932917970,3219595932918397
"MEMORY_ALLOCATION","MEMORY_ALLOCATION_ALLOCATE","Agent 3",8192,"0x00007f738dc7a000",7675,3219595932929866,3219595932931353
"MEMORY_ALLOCATION","MEMORY_ALLOCATION_ALLOCATE","Agent 3",2048,"0x00007f738dc75000",7681,3219595932943657,3219595932944078
"MEMORY_ALLOCATION","MEMORY_ALLOCATION_ALLOCATE","Agent 3",2048,"0x00007f738dc7c000",7686,3219595932953104,3219595932953484
"MEMORY_ALLOCATION","MEMORY_ALLOCATION_FREE","",0,"0x00007f738dc75000",7691,3219595932971926,3219595932972270
"MEMORY_ALLOCATION","MEMORY_ALLOCATION_ALLOCATE","Agent 3",2048,"0x00007f738dc75000",7693,3219595932974437,3219595932974592
"MEMORY_ALLOCATION","MEMORY_ALLOCATION_FREE","",0,"0x00007f738dc7c000",7698,3219595932998656,3219595932998958
"MEMORY_ALLOCATION","MEMORY_ALLOCATION_FREE","",0,"0x00007f738dc76000",7700,3219595933000637,3219595933000846
"MEMORY_ALLOCATION","MEMORY_ALLOCATION_FREE","",0,"0x00007f738dc74000",7702,3219595933005647,3219595933005935
"MEMORY_ALLOCATION","MEMORY_ALLOCATION_FREE","",0,"0x00007f738dc77000",7704,3219595933007549,3219595933007773
"MEMORY_ALLOCATION","MEMORY_ALLOCATION_FREE","",0,"0x00007f738dc73000",7706,3219595933009389,3219595933009729
"MEMORY_ALLOCATION","MEMORY_ALLOCATION_FREE","",0,"0x00007f738dc72000",7708,3219595933011275,3219595933011534
"MEMORY_ALLOCATION","MEMORY_ALLOCATION_FREE","",0,"0x00007f738dc71000",7710,3219595933012947,3219595933013203
"MEMORY_ALLOCATION","MEMORY_ALLOCATION_ALLOCATE","Agent 3",2048,"0x00007f738dc76000",7712,3219595933014659,3219595933014966
"MEMORY_ALLOCATION","MEMORY_ALLOCATION_FREE","",0,"0x00007f738dc75000",7717,3219595933035598,3219595933035909
"MEMORY_ALLOCATION","MEMORY_ALLOCATION_FREE","",0,"0x00007f738dc70000",7719,3219595933037923,3219595933038357
"MEMORY_ALLOCATION","MEMORY_ALLOCATION_ALLOCATE","Agent 3",2048,"0x00007f738dc77000",7721,3219595933040903,3219595933041113
"MEMORY_ALLOCATION","MEMORY_ALLOCATION_ALLOCATE","Agent 3",4096,"0x00007f738dc7c000",7726,3219595933062278,3219595933062761
"MEMORY_ALLOCATION","MEMORY_ALLOCATION_ALLOCATE","Agent 3",4096,"0x00007f738dc7d000",7731,3219595933078275,3219595933078654
"MEMORY_ALLOCATION","MEMORY_ALLOCATION_ALLOCATE","Agent 3",4096,"0x00007f738dc7e000",7736,3219595933085984,3219595933086290
"MEMORY_ALLOCATION","MEMORY_ALLOCATION_FREE","",0,"0x00007f738dc7d000",7741,3219595933116547,3219595933116962
"MEMORY_ALLOCATION","MEMORY_ALLOCATION_FREE","",0,"0x00007f738dc7c000",7743,3219595933119187,3219595933119470
"MEMORY_ALLOCATION","MEMORY_ALLOCATION_ALLOCATE","Agent 3",2048,"0x00007f738dc7c000",7745,3219595933121900,3219595933122196
"MEMORY_ALLOCATION","MEMORY_ALLOCATION_FREE","",0,"0x00007f738dc7e000",7750,3219595933154116,3219595933154552
"MEMORY_ALLOCATION","MEMORY_ALLOCATION_ALLOCATE","Agent 3",2048,"0x00007f738dc7d000",7752,3219595933156528,3219595933156812
"MEMORY_ALLOCATION","MEMORY_ALLOCATION_FREE","",0,"0x00007f738dc7c000",7757,3219595933174322,3219595933174602
"MEMORY_ALLOCATION","MEMORY_ALLOCATION_FREE","",0,"0x00007f738dc77000",7759,3219595933176756,3219595933177000
"MEMORY_ALLOCATION","MEMORY_ALLOCATION_FREE","",0,"0x00007f738dc76000",7761,3219595933178511,3219595933178835
"MEMORY_ALLOCATION","MEMORY_ALLOCATION_FREE","",0,"0x00007f738dc6f000",7763,3219595933180479,3219595933180763
"MEMORY_ALLOCATION","MEMORY_ALLOCATION_ALLOCATE","Agent 3",2048,"0x00007f738dc7e000",7765,3219595933182368,3219595933182628
"MEMORY_ALLOCATION","MEMORY_ALLOCATION_ALLOCATE","Agent 3",2048,"0x00007f738dc7c000",7770,3219595933190147,3219595933190422
"MEMORY_ALLOCATION","MEMORY_ALLOCATION_ALLOCATE","Agent 3",1024,"0x00007f738dc6f000",7775,3219595933200742,3219595933201052
"MEMORY_ALLOCATION","MEMORY_ALLOCATION_ALLOCATE","Agent 3",1024,"0x00007f738dc70000",7780,3219595933210296,3219595933210668
"MEMORY_ALLOCATION","MEMORY_ALLOCATION_ALLOCATE","Agent 3",2048,"0x00007f738dc71000",7785,3219595933233060,3219595933233690
"MEMORY_ALLOCATION","MEMORY_ALLOCATION_ALLOCATE","Agent 3",1024,"0x00007f738dc72000",7790,3219595933315937,3219595933316463
"MEMORY_ALLOCATION","MEMORY_ALLOCATION_ALLOCATE","Agent 3",1024,"0x00007f738dc73000",7795,3219595933324762,3219595933325160
"MEMORY_ALLOCATION","MEMORY_ALLOCATION_ALLOCATE","Agent 3",2048,"0x00007f738dc74000",7800,3219595933333060,3219595933333426
"MEMORY_ALLOCATION","MEMORY_ALLOCATION_FREE","",0,"0x00007f738dc71000",7805,3219595933356040,3219595933356413
"MEMORY_ALLOCATION","MEMORY_ALLOCATION_ALLOCATE","Agent 3",1024,"0x00007f738dc71000",7807,3219595933359106,3219595933359298
"MEMORY_ALLOCATION","MEMORY_ALLOCATION_FREE","",0,"0x00007f738dc72000",7812,3219595933377213,3219595933377553
"MEMORY_ALLOCATION","MEMORY_ALLOCATION_ALLOCATE","Agent 3",8192,"0x00007f738dc75000",7814,3219595933379820,3219595933380206
"MEMORY_ALLOCATION","MEMORY_ALLOCATION_ALLOCATE","Agent 3",8192,"0x00007f738dc9f000",7820,3219595933391670,3219595933392014
"MEMORY_ALLOCATION","MEMORY_ALLOCATION_ALLOCATE","Agent 3",2048,"0x00007f738dc72000",7826,3219595933404463,3219595933404752
"MEMORY_ALLOCATION","MEMORY_ALLOCATION_ALLOCATE","Agent 3",2048,"0x00007f738dc77000",7831,3219595933413225,3219595933413632
"MEMORY_ALLOCATION","MEMORY_ALLOCATION_FREE","",0,"0x00007f738dc72000",7836,3219595933434586,3219595933434906
"MEMORY_ALLOCATION","MEMORY_ALLOCATION_ALLOCATE","Agent 3",2048,"0x00007f738dc72000",7838,3219595933436777,3219595933437172
"MEMORY_ALLOCATION","MEMORY_ALLOCATION_FREE","",0,"0x00007f738dc77000",7843,3219595933461232,3219595933461476
"MEMORY_ALLOCATION","MEMORY_ALLOCATION_FREE","",0,"0x00007f738dc73000",7845,3219595933463505,3219595933463752
"MEMORY_ALLOCATION","MEMORY_ALLOCATION_FREE","",0,"0x00007f738dc71000",7847,3219595933465359,3219595933465555
"MEMORY_ALLOCATION","MEMORY_ALLOCATION_FREE","",0,"0x00007f738dc74000",7849,3219595933467418,3219595933467709
"MEMORY_ALLOCATION","MEMORY_ALLOCATION_FREE","",0,"0x00007f738dc70000",7851,3219595933469256,3219595933469574
"MEMORY_ALLOCATION","MEMORY_ALLOCATION_FREE","",0,"0x00007f738dc6f000",7853,3219595933471229,3219595933471511
"MEMORY_ALLOCATION","MEMORY_ALLOCATION_FREE","",0,"0x00007f738dc7c000",7855,3219595933473019,3219595933473219
"MEMORY_ALLOCATION","MEMORY_ALLOCATION_ALLOCATE","Agent 3",2048,"0x00007f738dc77000",7857,3219595933474690,3219595933474872
"MEMORY_ALLOCATION","MEMORY_ALLOCATION_FREE","",0,"0x00007f738dc72000",7862,3219595933491931,3219595933492359
"MEMORY_ALLOCATION","MEMORY_ALLOCATION_FREE","",0,"0x00007f738dc7e000",7864,3219595933494361,3219595933494593
"MEMORY_ALLOCATION","MEMORY_ALLOCATION_ALLOCATE","Agent 3",2048,"0x00007f738dc7c000",7866,3219595933496301,3219595933496491
"MEMORY_ALLOCATION","MEMORY_ALLOCATION_ALLOCATE","Agent 3",4096,"0x00007f738dc7e000",7871,3219595933503683,3219595933503948
"MEMORY_ALLOCATION","MEMORY_ALLOCATION_ALLOCATE","Agent 3",4096,"0x00007f738dc6f000",7876,3219595933512320,3219595933512609
"MEMORY_ALLOCATION","MEMORY_ALLOCATION_ALLOCATE","Agent 3",4096,"0x00007f738dc70000",7881,3219595933519510,3219595933519788
"MEMORY_ALLOCATION","MEMORY_ALLOCATION_FREE","",0,"0x00007f738dc6f000",7886,3219595933541219,3219595933541508
"MEMORY_ALLOCATION","MEMORY_ALLOCATION_FREE","",0,"0x00007f738dc7e000",7888,3219595933543555,3219595933543771
"MEMORY_ALLOCATION","MEMORY_ALLOCATION_ALLOCATE","Agent 3",2048,"0x00007f738dc6f000",7890,3219595933545429,3219595933545644
"MEMORY_ALLOCATION","MEMORY_ALLOCATION_FREE","",0,"0x00007f738dc70000",7895,3219595933576605,3219595933576913
"MEMORY_ALLOCATION","MEMORY_ALLOCATION_ALLOCATE","Agent 3",2048,"0x00007f738dc7e000",7897,3219595933578565,3219595933578711
"MEMORY_ALLOCATION","MEMORY_ALLOCATION_FREE","",0,"0x00007f738dc6f000",7902,3219595933595911,3219595933596216
"MEMORY_ALLOCATION","MEMORY_ALLOCATION_FREE","",0,"0x00007f738dc7c000",7904,3219595933598171,3219595933598374
"MEMORY_ALLOCATION","MEMORY_ALLOCATION_FREE","",0,"0x00007f738dc77000",7906,3219595933600075,3219595933600290
"MEMORY_ALLOCATION","MEMORY_ALLOCATION_FREE","",0,"0x00007f738dc7d000",7908,3219595933601862,3219595933602127
"MEMORY_ALLOCATION","MEMORY_ALLOCATION_ALLOCATE","Agent 3",2048,"0x00007f738dc77000",7910,3219595933603825,3219595933604032
"MEMORY_ALLOCATION","MEMORY_ALLOCATION_FREE","",0,"0x00007f738dc7e000",7915,3219595933621490,3219595933621808
"MEMORY_ALLOCATION","MEMORY_ALLOCATION_ALLOCATE","Agent 3",1024,"0x00007f738dc7c000",7917,3219595933624236,3219595933624468
"MEMORY_ALLOCATION","MEMORY_ALLOCATION_FREE","",0,"0x00007f738dc77000",7922,3219595933647851,3219595933648106
"MEMORY_ALLOCATION","MEMORY_ALLOCATION_FREE","",0,"0x00007f738dc6e000",7924,3219595933649990,3219595933650297
"MEMORY_ALLOCATION","MEMORY_ALLOCATION_FREE","",0,"0x00007f738dc7a000",7942,3219595933711895,3219595933712363
"MEMORY_ALLOCATION","MEMORY_ALLOCATION_FREE","",0,"0x00007f738dc78000",7944,3219595933714176,3219595933714528
"MEMORY_ALLOCATION","MEMORY_ALLOCATION_FREE","",0,"0x00007f738dc9f000",7946,3219595933716432,3219595933716760
"MEMORY_ALLOCATION","MEMORY_ALLOCATION_FREE","",0,"0x00007f738dc75000",7948,3219595933718230,3219595933718630
"MEMORY_ALLOCATION","MEMORY_ALLOCATION_FREE","",0,"0x00007f738dc7c000",7952,3219595933736856,3219595933737286
"MEMORY_ALLOCATION","MEMORY_ALLOCATION_ALLOCATE","Agent 3",16,"0x00007f738dc6e000",7954,3219595933739311,3219595933739539
"MEMORY_ALLOCATION","MEMORY_ALLOCATION_FREE","",0,"0x00007f738dc6e000",7961,3219595933770783,3219595933771085
"MEMORY_ALLOCATION","MEMORY_ALLOCATION_ALLOCATE","Agent 3",12,"0x00007f738dc6e000",7975,3219595933796398,3219595933796686
"MEMORY_ALLOCATION","MEMORY_ALLOCATION_ALLOCATE","Agent 3",12,"0x00007f738dc6f000",7979,3219595933828598,3219595933828975
"MEMORY_ALLOCATION","MEMORY_ALLOCATION_ALLOCATE","Agent 3",12,"0x00007f738dc70000",7983,3219595933880408,3219595933880884
"MEMORY_ALLOCATION","MEMORY_ALLOCATION_ALLOCATE","Agent 3",768,"0x00007f738dc71000",7987,3219595933901431,3219595933901779
"MEMORY_ALLOCATION","MEMORY_ALLOCATION_ALLOCATE","Agent 3",768,"0x00007f738dc72000",7992,3219595933909398,3219595933909640
"MEMORY_ALLOCATION","MEMORY_ALLOCATION_ALLOCATE","Agent 3",768,"0x00007f738dc73000",7997,3219595933917458,3219595933917761
"MEMORY_ALLOCATION","MEMORY_ALLOCATION_ALLOCATE","Agent 3",384,"0x00007f738dc74000",8002,3219595933926740,3219595933927248
"MEMORY_ALLOCATION","MEMORY_ALLOCATION_ALLOCATE","Agent 3",384,"0x00007f738dc75000",8007,3219595933934761,3219595933935194
"MEMORY_ALLOCATION","MEMORY_ALLOCATION_ALLOCATE","Agent 3",768,"0x00007f738dc76000",8012,3219595933945947,3219595933946340
"MEMORY_ALLOCATION","MEMORY_ALLOCATION_ALLOCATE","Agent 3",384,"0x00007f738dc77000",8017,3219595933955330,3219595933955731
"MEMORY_ALLOCATION","MEMORY_ALLOCATION_ALLOCATE","Agent 3",768,"0x00007f738dc78000",8025,3219595933971801,3219595933972260
"MEMORY_ALLOCATION","MEMORY_ALLOCATION_ALLOCATE","Agent 3",768,"0x00007f738dc79000",8030,3219595933980194,3219595933980600
"MEMORY_ALLOCATION","MEMORY_ALLOCATION_FREE","",0,"0x00007f738dc78000",8035,3219595934009496,3219595934009957
"MEMORY_ALLOCATION","MEMORY_ALLOCATION_FREE","",0,"0x00007f738dc77000",8037,3219595934012095,3219595934012445
"MEMORY_ALLOCATION","MEMORY_ALLOCATION_FREE","",0,"0x00007f738dc76000",8039,3219595934014329,3219595934014657
"MEMORY_ALLOCATION","MEMORY_ALLOCATION_FREE","",0,"0x00007f738dc75000",8041,3219595934016244,3219595934016486
"MEMORY_ALLOCATION","MEMORY_ALLOCATION_FREE","",0,"0x00007f738dc74000",8043,3219595934018026,3219595934018366
"MEMORY_ALLOCATION","MEMORY_ALLOCATION_FREE","",0,"0x00007f738dc73000",8045,3219595934019916,3219595934020273
"MEMORY_ALLOCATION","MEMORY_ALLOCATION_FREE","",0,"0x00007f738dc72000",8047,3219595934021915,3219595934022184
"MEMORY_ALLOCATION","MEMORY_ALLOCATION_ALLOCATE","Agent 3",768,"0x00007f738dc7a000",8049,3219595934025679,3219595934025959
"MEMORY_ALLOCATION","MEMORY_ALLOCATION_ALLOCATE","Agent 3",768,"0x00007f738dc7b000",8051,3219595934029490,3219595934029769
"MEMORY_ALLOCATION","MEMORY_ALLOCATION_ALLOCATE","Agent 3",1536,"0x00007f738dc7c000",8056,3219595934040066,3219595934040411
"MEMORY_ALLOCATION","MEMORY_ALLOCATION_ALLOCATE","Agent 3",1536,"0x00007f738dc7d000",8061,3219595934051999,3219595934052419
"MEMORY_ALLOCATION","MEMORY_ALLOCATION_ALLOCATE","Agent 3",1536,"0x00007f738dc7e000",8066,3219595934067317,3219595934067696
"MEMORY_ALLOCATION","MEMORY_ALLOCATION_FREE","",0,"0x00007f738dc7d000",8071,3219595934093997,3219595934094322
"MEMORY_ALLOCATION","MEMORY_ALLOCATION_FREE","",0,"0x00007f738dc7c000",8073,3219595934101810,3219595934102074
"MEMORY_ALLOCATION","MEMORY_ALLOCATION_ALLOCATE","Agent 3",768,"0x00007f738dc7c000",8075,3219595934104894,3219595934105144
"MEMORY_ALLOCATION","MEMORY_ALLOCATION_FREE","",0,"0x00007f738dc7e000",8080,3219595934143581,3219595934143915
"MEMORY_ALLOCATION","MEMORY_ALLOCATION_ALLOCATE","Agent 3",768,"0x00007f738dc7d000",8082,3219595934145988,3219595934146203
"MEMORY_ALLOCATION","MEMORY_ALLOCATION_FREE","",0,"0x00007f738dc7c000",8087,3219595934164096,3219595934164367
"MEMORY_ALLOCATION","MEMORY_ALLOCATION_FREE","",0,"0x00007f738dc7b000",8089,3219595934166476,3219595934166688
"MEMORY_ALLOCATION","MEMORY_ALLOCATION_FREE","",0,"0x00007f738dc7a000",8091,3219595934168412,3219595934168668
"MEMORY_ALLOCATION","MEMORY_ALLOCATION_FREE","",0,"0x00007f738dc79000",8093,3219595934170229,3219595934170705
"MEMORY_ALLOCATION","MEMORY_ALLOCATION_FREE","",0,"0x00007f738dc71000",8095,3219595934172522,3219595934172910
"MEMORY_ALLOCATION","MEMORY_ALLOCATION_ALLOCATE","Agent 3",768,"0x00007f738dc7e000",8097,3219595934174881,3219595934175093
"MEMORY_ALLOCATION","MEMORY_ALLOCATION_ALLOCATE","Agent 3",768,"0x00007f738dc71000",8102,3219595934183334,3219595934183639
"MEMORY_ALLOCATION","MEMORY_ALLOCATION_ALLOCATE","Agent 3",384,"0x00007f738dc72000",8107,3219595934191865,3219595934192192
"MEMORY_ALLOCATION","MEMORY_ALLOCATION_ALLOCATE","Agent 3",384,"0x00007f738dc73000",8112,3219595934208893,3219595934209324
"MEMORY_ALLOCATION","MEMORY_ALLOCATION_ALLOCATE","Agent 3",768,"0x00007f738dc74000",8117,3219595934217534,3219595934217937
"MEMORY_ALLOCATION","MEMORY_ALLOCATION_ALLOCATE","Agent 3",384,"0x00007f738dc75000",8122,3219595934225923,3219595934226239
"MEMORY_ALLOCATION","MEMORY_ALLOCATION_ALLOCATE","Agent 3",768,"0x00007f738dc76000",8130,3219595934242250,3219595934242652
"MEMORY_ALLOCATION","MEMORY_ALLOCATION_ALLOCATE","Agent 3",768,"0x00007f738dc77000",8135,3219595934250680,3219595934251149
"MEMORY_ALLOCATION","MEMORY_ALLOCATION_FREE","",0,"0x00007f738dc76000",8140,3219595934277970,3219595934278366
"MEMORY_ALLOCATION","MEMORY_ALLOCATION_FREE","",0,"0x00007f738dc75000",8142,3219595934280360,3219595934280641
"MEMORY_ALLOCATION","MEMORY_ALLOCATION_FREE","",0,"0x00007f738dc74000",8144,3219595934282553,3219595934282824
"MEMORY_ALLOCATION","MEMORY_ALLOCATION_FREE","",0,"0x00007f738dc73000",8146,3219595934284611,3219595934284866
"MEMORY_ALLOCATION","MEMORY_ALLOCATION_FREE","",0,"0x00007f738dc72000",8148,3219595934286252,3219595934286554
"MEMORY_ALLOCATION","MEMORY_ALLOCATION_FREE","",0,"0x00007f738dc71000",8150,3219595934288014,3219595934288305
"MEMORY_ALLOCATION","MEMORY_ALLOCATION_FREE","",0,"0x00007f738dc7e000",8152,3219595934290025,3219595934290251
"MEMORY_ALLOCATION","MEMORY_ALLOCATION_ALLOCATE","Agent 3",768,"0x00007f738dc7e000",8154,3219595934293170,3219595934293338
"MEMORY_ALLOCATION","MEMORY_ALLOCATION_ALLOCATE","Agent 3",768,"0x00007f738dc78000",8156,3219595934295034,3219595934295277
"MEMORY_ALLOCATION","MEMORY_ALLOCATION_ALLOCATE","Agent 3",1536,"0x00007f738dc79000",8161,3219595934302811,3219595934303111
"MEMORY_ALLOCATION","MEMORY_ALLOCATION_ALLOCATE","Agent 3",1536,"0x00007f738dc7a000",8166,3219595934310888,3219595934311250
"MEMORY_ALLOCATION","MEMORY_ALLOCATION_ALLOCATE","Agent 3",1536,"0x00007f738dc7b000",8171,3219595934319368,3219595934319636
"MEMORY_ALLOCATION","MEMORY_ALLOCATION_FREE","",0,"0x00007f738dc7a000",8176,3219595934340219,3219595934340499
"MEMORY_ALLOCATION","MEMORY_ALLOCATION_FREE","",0,"0x00007f738dc79000",8178,3219595934342385,3219595934342600
"MEMORY_ALLOCATION","MEMORY_ALLOCATION_ALLOCATE","Agent 3",768,"0x00007f738dc7c000",8180,3219595934344401,3219595934344610
"MEMORY_ALLOCATION","MEMORY_ALLOCATION_FREE","",0,"0x00007f738dc7b000",8185,3219595934374970,3219595934375377
"MEMORY_ALLOCATION","MEMORY_ALLOCATION_ALLOCATE","Agent 3",768,"0x00007f738dc79000",8187,3219595934377129,3219595934377389
"MEMORY_ALLOCATION","MEMORY_ALLOCATION_FREE","",0,"0x00007f738dc7c000",8192,3219595934394459,3219595934394737
"MEMORY_ALLOCATION","MEMORY_ALLOCATION_FREE","",0,"0x00007f738dc78000",8194,3219595934397223,3219595934397418
"MEMORY_ALLOCATION","MEMORY_ALLOCATION_FREE","",0,"0x00007f738dc7e000",8196,3219595934399056,3219595934399287
"MEMORY_ALLOCATION","MEMORY_ALLOCATION_FREE","",0,"0x00007f738dc77000",8198,3219595934400790,3219595934401179
"MEMORY_ALLOCATION","MEMORY_ALLOCATION_FREE","",0,"0x00007f738dc7d000",8200,3219595934402826,3219595934403176
"MEMORY_ALLOCATION","MEMORY_ALLOCATION_ALLOCATE","Agent 3",768,"0x00007f738dc7a000",8202,3219595934404931,3219595934405172
"MEMORY_ALLOCATION","MEMORY_ALLOCATION_FREE","",0,"0x00007f738dc79000",8207,3219595934421969,3219595934422276
"MEMORY_ALLOCATION","MEMORY_ALLOCATION_ALLOCATE","Agent 3",3072,"0x00007f738dc7b000",8209,3219595934424122,3219595934424343
"MEMORY_ALLOCATION","MEMORY_ALLOCATION_FREE","",0,"0x00007f738dc7a000",8214,3219595934448226,3219595934448523
"MEMORY_ALLOCATION","MEMORY_ALLOCATION_FREE","",0,"0x00007f738dc70000",8216,3219595934450373,3219595934450656
"MEMORY_ALLOCATION","MEMORY_ALLOCATION_FREE","",0,"0x00007f738dc6f000",8218,3219595934452362,3219595934452678
"MEMORY_ALLOCATION","MEMORY_ALLOCATION_FREE","",0,"0x00007f738dc6e000",8220,3219595934454282,3219595934454578
"MEMORY_ALLOCATION","MEMORY_ALLOCATION_FREE","",0,"0x00007f738dc7b000",8228,3219595934484943,3219595934485313
"MEMORY_ALLOCATION","MEMORY_ALLOCATION_ALLOCATE","Agent 3",48,"0x00007f738dc6e000",8230,3219595934488545,3219595934488767
"MEMORY_ALLOCATION","MEMORY_ALLOCATION_ALLOCATE","Agent 3",3072,"0x00007f738dc6f000",8234,3219595934508291,3219595934508635
"MEMORY_ALLOCATION","MEMORY_ALLOCATION_ALLOCATE","Agent 3",3072,"0x00007f738dc70000",8239,3219595934515944,3219595934516221
"MEMORY_ALLOCATION","MEMORY_ALLOCATION_ALLOCATE","Agent 3",3072,"0x00007f738dc71000",8244,3219595934523461,3219595934523870
"MEMORY_ALLOCATION","MEMORY_ALLOCATION_ALLOCATE","Agent 3",1536,"0x00007f738dc72000",8249,3219595934530927,3219595934531382
"MEMORY_ALLOCATION","MEMORY_ALLOCATION_ALLOCATE","Agent 3",1536,"0x00007f738dc73000",8254,3219595934538822,3219595934539090
"MEMORY_ALLOCATION","MEMORY_ALLOCATION_ALLOCATE","Agent 3",3072,"0x00007f738dc74000",8259,3219595934557277,3219595934557886
"MEMORY_ALLOCATION","MEMORY_ALLOCATION_ALLOCATE","Agent 3",1536,"0x00007f738dc75000",8264,3219595934566667,3219595934567061
"MEMORY_ALLOCATION","MEMORY_ALLOCATION_ALLOCATE","Agent 3",1536,"0x00007f738dc76000",8269,3219595934574657,3219595934574999
"MEMORY_ALLOCATION","MEMORY_ALLOCATION_ALLOCATE","Agent 3",3072,"0x00007f738dc77000",8274,3219595934583237,3219595934583581
"MEMORY_ALLOCATION","MEMORY_ALLOCATION_FREE","",0,"0x00007f738dc74000",8279,3219595934605515,3219595934605940
"MEMORY_ALLOCATION","MEMORY_ALLOCATION_ALLOCATE","Agent 3",1536,"0x00007f738dc74000",8281,3219595934608881,3219595934609071
"MEMORY_ALLOCATION","MEMORY_ALLOCATION_FREE","",0,"0x00007f738dc75000",8286,3219595934627266,3219595934627507
"MEMORY_ALLOCATION","MEMORY_ALLOCATION_ALLOCATE","Agent 3",8192,"0x00007f738dc78000",8288,3219595934629632,3219595934630039
"MEMORY_ALLOCATION","MEMORY_ALLOCATION_ALLOCATE","Agent 3",8192,"0x00007f738dc7a000",8294,3219595934641293,3219595934641738
"MEMORY_ALLOCATION","MEMORY_ALLOCATION_ALLOCATE","Agent 3",3072,"0x00007f738dc75000",8300,3219595934663860,3219595934664133
"MEMORY_ALLOCATION","MEMORY_ALLOCATION_ALLOCATE","Agent 3",3072,"0x00007f738dc7c000",8305,3219595934672280,3219595934672614
"MEMORY_ALLOCATION","MEMORY_ALLOCATION_FREE","",0,"0x00007f738dc75000",8310,3219595934691500,3219595934691757
"MEMORY_ALLOCATION","MEMORY_ALLOCATION_ALLOCATE","Agent 3",3072,"0x00007f738dc75000",8312,3219595934693337,3219595934693500
"MEMORY_ALLOCATION","MEMORY_ALLOCATION_FREE","",0,"0x00007f738dc7c000",8317,3219595934717526,3219595934717798
"MEMORY_ALLOCATION","MEMORY_ALLOCATION_FREE","",0,"0x00007f738dc76000",8319,3219595934719472,3219595934719702
"MEMORY_ALLOCATION","MEMORY_ALLOCATION_FREE","",0,"0x00007f738dc74000",8321,3219595934721583,3219595934721770
"MEMORY_ALLOCATION","MEMORY_ALLOCATION_FREE","",0,"0x00007f738dc77000",8323,3219595934723170,3219595934723386
"MEMORY_ALLOCATION","MEMORY_ALLOCATION_FREE","",0,"0x00007f738dc73000",8325,3219595934724910,3219595934725228
"MEMORY_ALLOCATION","MEMORY_ALLOCATION_FREE","",0,"0x00007f738dc72000",8327,3219595934726632,3219595934726859
"MEMORY_ALLOCATION","MEMORY_ALLOCATION_FREE","",0,"0x00007f738dc71000",8329,3219595934728260,3219595934728513
"MEMORY_ALLOCATION","MEMORY_ALLOCATION_ALLOCATE","Agent 3",3072,"0x00007f738dc76000",8331,3219595934729966,3219595934730237
"MEMORY_ALLOCATION","MEMORY_ALLOCATION_FREE","",0,"0x00007f738dc75000",8336,3219595934747911,3219595934748239
"MEMORY_ALLOCATION","MEMORY_ALLOCATION_FREE","",0,"0x00007f738dc70000",8338,3219595934750133,3219595934750390
"MEMORY_ALLOCATION","MEMORY_ALLOCATION_ALLOCATE","Agent 3",3072,"0x00007f738dc77000",8340,3219595934752061,3219595934752273
"MEMORY_ALLOCATION","MEMORY_ALLOCATION_ALLOCATE","Agent 3",6144,"0x00007f738dc7c000",8345,3219595934758931,3219595934759356
"MEMORY_ALLOCATION","MEMORY_ALLOCATION_ALLOCATE","Agent 3",6144,"0x00007f738dc70000",8350,3219595934766818,3219595934767195
"MEMORY_ALLOCATION","MEMORY_ALLOCATION_ALLOCATE","Agent 3",6144,"0x00007f738dc72000",8355,3219595934775312,3219595934775737
"MEMORY_ALLOCATION","MEMORY_ALLOCATION_FREE","",0,"0x00007f738dc70000",8360,3219595934795756,3219595934796037
"MEMORY_ALLOCATION","MEMORY_ALLOCATION_FREE","",0,"0x00007f738dc7c000",8362,3219595934797842,3219595934798155
"MEMORY_ALLOCATION","MEMORY_ALLOCATION_ALLOCATE","Agent 3",3072,"0x00007f738dc74000",8364,3219595934799957,3219595934800219
"MEMORY_ALLOCATION","MEMORY_ALLOCATION_FREE","",0,"0x00007f738dc72000",8369,3219595934831891,3219595934832170
"MEMORY_ALLOCATION","MEMORY_ALLOCATION_ALLOCATE","Agent 3",3072,"0x00007f738dc75000",8371,3219595934833944,3219595934834132
"MEMORY_ALLOCATION","MEMORY_ALLOCATION_FREE","",0,"0x00007f738dc74000",8376,3219595934850799,3219595934851096
"MEMORY_ALLOCATION","MEMORY_ALLOCATION_FREE","",0,"0x00007f738dc77000",8378,3219595934852956,3219595934853176
"MEMORY_ALLOCATION","MEMORY_ALLOCATION_FREE","",0,"0x00007f738dc76000",8380,3219595934854618,3219595934854911
"MEMORY_ALLOCATION","MEMORY_ALLOCATION_FREE","",0,"0x00007f738dc6f000",8382,3219595934856426,3219595934856703
"MEMORY_ALLOCATION","MEMORY_ALLOCATION_ALLOCATE","Agent 3",3072,"0x00007f738dc76000",8384,3219595934858612,3219595934858907
"MEMORY_ALLOCATION","MEMORY_ALLOCATION_ALLOCATE","Agent 3",3072,"0x00007f738dc77000",8389,3219595934865716,3219595934865998
"MEMORY_ALLOCATION","MEMORY_ALLOCATION_ALLOCATE","Agent 3",1536,"0x00007f738dc7c000",8394,3219595934874131,3219595934874473
"MEMORY_ALLOCATION","MEMORY_ALLOCATION_ALLOCATE","Agent 3",1536,"0x00007f738dc7d000",8399,3219595934881252,3219595934881548
"MEMORY_ALLOCATION","MEMORY_ALLOCATION_ALLOCATE","Agent 3",3072,"0x00007f738dc7e000",8404,3219595934892375,3219595934892676
"MEMORY_ALLOCATION","MEMORY_ALLOCATION_ALLOCATE","Agent 3",1536,"0x00007f738dc6f000",8409,3219595934902643,3219595934903163
"MEMORY_ALLOCATION","MEMORY_ALLOCATION_ALLOCATE","Agent 3",1536,"0x00007f738dc70000",8414,3219595934930528,3219595934931142
"MEMORY_ALLOCATION","MEMORY_ALLOCATION_ALLOCATE","Agent 3",3072,"0x00007f738dc71000",8419,3219595934951730,3219595934952084
"MEMORY_ALLOCATION","MEMORY_ALLOCATION_FREE","",0,"0x00007f738dc7e000",8424,3219595934981022,3219595934981452
"MEMORY_ALLOCATION","MEMORY_ALLOCATION_ALLOCATE","Agent 3",1536,"0x00007f738dc7e000",8426,3219595934984886,3219595934985033
"MEMORY_ALLOCATION","MEMORY_ALLOCATION_FREE","",0,"0x00007f738dc6f000",8431,3219595935003050,3219595935003496
"MEMORY_ALLOCATION","MEMORY_ALLOCATION_ALLOCATE","Agent 3",8192,"0x00007f738dc72000",8433,3219595935005441,3219595935005756
"MEMORY_ALLOCATION","MEMORY_ALLOCATION_ALLOCATE","Agent 3",8192,"0x00007f738dc9f000",8439,3219595935017656,3219595935018057
"MEMORY_ALLOCATION","MEMORY_ALLOCATION_ALLOCATE","Agent 3",3072,"0x00007f738dc6f000",8445,3219595935034543,3219595935034932
"MEMORY_ALLOCATION","MEMORY_ALLOCATION_ALLOCATE","Agent 3",3072,"0x00007f738dc74000",8450,3219595935045190,3219595935045609
"MEMORY_ALLOCATION","MEMORY_ALLOCATION_FREE","",0,"0x00007f738dc6f000",8455,3219595935065175,3219595935065463
"MEMORY_ALLOCATION","MEMORY_ALLOCATION_ALLOCATE","Agent 3",3072,"0x00007f738dc6f000",8457,3219595935067320,3219595935067503
"MEMORY_ALLOCATION","MEMORY_ALLOCATION_FREE","",0,"0x00007f738dc74000",8462,3219595935091343,3219595935091543
"MEMORY_ALLOCATION","MEMORY_ALLOCATION_FREE","",0,"0x00007f738dc70000",8464,3219595935093240,3219595935093487
"MEMORY_ALLOCATION","MEMORY_ALLOCATION_FREE","",0,"0x00007f738dc7e000",8466,3219595935095055,3219595935095269
"MEMORY_ALLOCATION","MEMORY_ALLOCATION_FREE","",0,"0x00007f738dc71000",8468,3219595935097032,3219595935097301
"MEMORY_ALLOCATION","MEMORY_ALLOCATION_FREE","",0,"0x00007f738dc7d000",8470,3219595935098893,3219595935099163
"MEMORY_ALLOCATION","MEMORY_ALLOCATION_FREE","",0,"0x00007f738dc7c000",8472,3219595935100912,3219595935101180
"MEMORY_ALLOCATION","MEMORY_ALLOCATION_FREE","",0,"0x00007f738dc77000",8474,3219595935103023,3219595935103272
"MEMORY_ALLOCATION","MEMORY_ALLOCATION_ALLOCATE","Agent 3",3072,"0x00007f738dc74000",8476,3219595935104941,3219595935105217
"MEMORY_ALLOCATION","MEMORY_ALLOCATION_FREE","",0,"0x00007f738dc6f000",8481,3219595935123958,3219595935124271
"MEMORY_ALLOCATION","MEMORY_ALLOCATION_FREE","",0,"0x00007f738dc76000",8483,3219595935126135,3219595935126465
"MEMORY_ALLOCATION","MEMORY_ALLOCATION_ALLOCATE","Agent 3",3072,"0x00007f738dc76000",8485,3219595935128018,3219595935128282
"MEMORY_ALLOCATION","MEMORY_ALLOCATION_ALLOCATE","Agent 3",6144,"0x00007f738dc7c000",8490,3219595935135182,3219595935135507
"MEMORY_ALLOCATION","MEMORY_ALLOCATION_ALLOCATE","Agent 3",6144,"0x00007f738dc6f000",8495,3219595935142408,3219595935142838
"MEMORY_ALLOCATION","MEMORY_ALLOCATION_ALLOCATE","Agent 3",6144,"0x00007f738dca1000",8500,3219595935150075,3219595935150552
"MEMORY_ALLOCATION","MEMORY_ALLOCATION_FREE","",0,"0x00007f738dc6f000",8505,3219595935171778,3219595935172106
"MEMORY_ALLOCATION","MEMORY_ALLOCATION_FREE","",0,"0x00007f738dc7c000",8507,3219595935174485,3219595935174758
"MEMORY_ALLOCATION","MEMORY_ALLOCATION_ALLOCATE","Agent 3",3072,"0x00007f738dc77000",8509,3219595935176485,3219595935176729
"MEMORY_ALLOCATION","MEMORY_ALLOCATION_FREE","",0,"0x00007f738dca1000",8514,3219595935216913,3219595935217324
"MEMORY_ALLOCATION","MEMORY_ALLOCATION_ALLOCATE","Agent 3",3072,"0x00007f738dc6f000",8516,3219595935219164,3219595935219495
"MEMORY_ALLOCATION","MEMORY_ALLOCATION_FREE","",0,"0x00007f738dc77000",8521,3219595935237077,3219595935237321
"MEMORY_ALLOCATION","MEMORY_ALLOCATION_FREE","",0,"0x00007f738dc76000",8523,3219595935239398,3219595935239674
"MEMORY_ALLOCATION","MEMORY_ALLOCATION_FREE","",0,"0x00007f738dc74000",8525,3219595935241387,3219595935241566
"MEMORY_ALLOCATION","MEMORY_ALLOCATION_FREE","",0,"0x00007f738dc75000",8527,3219595935243353,3219595935243745
"MEMORY_ALLOCATION","MEMORY_ALLOCATION_ALLOCATE","Agent 3",3072,"0x00007f738dc70000",8529,3219595935245422,3219595935245613
"MEMORY_ALLOCATION","MEMORY_ALLOCATION_FREE","",0,"0x00007f738dc6f000",8534,3219595935263041,3219595935263454
"MEMORY_ALLOCATION","MEMORY_ALLOCATION_ALLOCATE","Agent 3",1024,"0x00007f738dc71000",8536,3219595935265831,3219595935266072
"MEMORY_ALLOCATION","MEMORY_ALLOCATION_FREE","",0,"0x00007f738dc70000",8541,3219595935289737,3219595935290229
"MEMORY_ALLOCATION","MEMORY_ALLOCATION_FREE","",0,"0x00007f738dc6e000",8543,3219595935292048,3219595935292385
"MEMORY_ALLOCATION","MEMORY_ALLOCATION_FREE","",0,"0x00007f738dc7a000",8561,3219595935347081,3219595935347460
"MEMORY_ALLOCATION","MEMORY_ALLOCATION_FREE","",0,"0x00007f738dc78000",8563,3219595935349230,3219595935349751
"MEMORY_ALLOCATION","MEMORY_ALLOCATION_FREE","",0,"0x00007f738dc9f000",8565,3219595935351851,3219595935352247
"MEMORY_ALLOCATION","MEMORY_ALLOCATION_FREE","",0,"0x00007f738dc72000",8567,3219595935353722,3219595935354011
"MEMORY_ALLOCATION","MEMORY_ALLOCATION_FREE","",0,"0x00007f738dc71000",8571,3219595935372036,3219595935372447
"MEMORY_ALLOCATION","MEMORY_ALLOCATION_ALLOCATE","Agent 3",16,"0x00007f738dc6e000",8573,3219595935374493,3219595935374758
"MEMORY_ALLOCATION","MEMORY_ALLOCATION_FREE","",0,"0x00007f738dc6e000",8580,3219595935406367,3219595935406690
"MEMORY_ALLOCATION","MEMORY_ALLOCATION_ALLOCATE","Agent 3",12,"0x00007f738dc6e000",8594,3219595935433593,3219595935433872
"MEMORY_ALLOCATION","MEMORY_ALLOCATION_ALLOCATE","Agent 3",12,"0x00007f738dc6f000",8598,3219595935454916,3219595935455288
"MEMORY_ALLOCATION","MEMORY_ALLOCATION_ALLOCATE","Agent 3",12,"0x00007f738dc70000",8602,3219595935475373,3219595935475757
"MEMORY_ALLOCATION","MEMORY_ALLOCATION_ALLOCATE","Agent 3",768,"0x00007f738dc71000",8606,3219595935496309,3219595935496742
"MEMORY_ALLOCATION","MEMORY_ALLOCATION_ALLOCATE","Agent 3",768,"0x00007f738dc72000",8611,3219595935504159,3219595935504633
"MEMORY_ALLOCATION","MEMORY_ALLOCATION_ALLOCATE","Agent 3",768,"0x00007f738dc73000",8616,3219595935512335,3219595935512692
"MEMORY_ALLOCATION","MEMORY_ALLOCATION_ALLOCATE","Agent 3",384,"0x00007f738dc74000",8621,3219595935520375,3219595935520751
"MEMORY_ALLOCATION","MEMORY_ALLOCATION_ALLOCATE","Agent 3",384,"0x00007f738dc75000",8626,3219595935527518,3219595935527774
"MEMORY_ALLOCATION","MEMORY_ALLOCATION_ALLOCATE","Agent 3",768,"0x00007f738dc76000",8631,3219595935546629,3219595935547112
"MEMORY_ALLOCATION","MEMORY_ALLOCATION_ALLOCATE","Agent 3",384,"0x00007f738dc77000",8636,3219595935555367,3219595935555718
"MEMORY_ALLOCATION","MEMORY_ALLOCATION_ALLOCATE","Agent 3",768,"0x00007f738dc78000",8644,3219595935571966,3219595935572348
"MEMORY_ALLOCATION","MEMORY_ALLOCATION_ALLOCATE","Agent 3",768,"0x00007f738dc79000",8649,3219595935580083,3219595935580504
"MEMORY_ALLOCATION","MEMORY_ALLOCATION_FREE","",0,"0x00007f738dc78000",8654,3219595935609043,3219595935609416
"MEMORY_ALLOCATION","MEMORY_ALLOCATION_FREE","",0,"0x00007f738dc77000",8656,3219595935611763,3219595935612021
"MEMORY_ALLOCATION","MEMORY_ALLOCATION_FREE","",0,"0x00007f738dc76000",8658,3219595935614417,3219595935614851
"MEMORY_ALLOCATION","MEMORY_ALLOCATION_FREE","",0,"0x00007f738dc75000",8660,3219595935616764,3219595935616983
"MEMORY_ALLOCATION","MEMORY_ALLOCATION_FREE","",0,"0x00007f738dc74000",8662,3219595935618604,3219595935618943
"MEMORY_ALLOCATION","MEMORY_ALLOCATION_FREE","",0,"0x00007f738dc73000",8664,3219595935620524,3219595935620854
"MEMORY_ALLOCATION","MEMORY_ALLOCATION_FREE","",0,"0x00007f738dc72000",8666,3219595935622353,3219595935622600
"MEMORY_ALLOCATION","MEMORY_ALLOCATION_ALLOCATE","Agent 3",768,"0x00007f738dc7a000",8668,3219595935624110,3219595935624323
"MEMORY_ALLOCATION","MEMORY_ALLOCATION_ALLOCATE","Agent 3",768,"0x00007f738dc7b000",8670,3219595935627578,3219595935627857
"MEMORY_ALLOCATION","MEMORY_ALLOCATION_ALLOCATE","Agent 3",1536,"0x00007f738dc7c000",8675,3219595935645263,3219595935645657
"MEMORY_ALLOCATION","MEMORY_ALLOCATION_ALLOCATE","Agent 3",1536,"0x00007f738dc7d000",8680,3219595935653297,3219595935653723
"MEMORY_ALLOCATION","MEMORY_ALLOCATION_ALLOCATE","Agent 3",1536,"0x00007f738dc7e000",8685,3219595935661136,3219595935661439
"MEMORY_ALLOCATION","MEMORY_ALLOCATION_FREE","",0,"0x00007f738dc7d000",8690,3219595935682215,3219595935682523
"MEMORY_ALLOCATION","MEMORY_ALLOCATION_FREE","",0,"0x00007f738dc7c000",8692,3219595935684306,3219595935684557
"MEMORY_ALLOCATION","MEMORY_ALLOCATION_ALLOCATE","Agent 3",768,"0x00007f738dc7c000",8694,3219595935686231,3219595935686447
"MEMORY_ALLOCATION","MEMORY_ALLOCATION_FREE","",0,"0x00007f738dc7e000",8699,3219595935717648,3219595935717962
"MEMORY_ALLOCATION","MEMORY_ALLOCATION_ALLOCATE","Agent 3",768,"0x00007f738dc7d000",8701,3219595935719869,3219595935720062
"MEMORY_ALLOCATION","MEMORY_ALLOCATION_FREE","",0,"0x00007f738dc7c000",8706,3219595935737320,3219595935737590
"MEMORY_ALLOCATION","MEMORY_ALLOCATION_FREE","",0,"0x00007f738dc7b000",8708,3219595935739249,3219595935739494
"MEMORY_ALLOCATION","MEMORY_ALLOCATION_FREE","",0,"0x00007f738dc7a000",8710,3219595935741119,3219595935741333
"MEMORY_ALLOCATION","MEMORY_ALLOCATION_FREE","",0,"0x00007f738dc79000",8712,3219595935742802,3219595935743186
"MEMORY_ALLOCATION","MEMORY_ALLOCATION_FREE","",0,"0x00007f738dc71000",8714,3219595935744973,3219595935745243
"MEMORY_ALLOCATION","MEMORY_ALLOCATION_ALLOCATE","Agent 3",768,"0x00007f738dc7e000",8716,3219595935746993,3219595935747196
"MEMORY_ALLOCATION","MEMORY_ALLOCATION_ALLOCATE","Agent 3",768,"0x00007f738dc71000",8721,3219595935754248,3219595935754488
"MEMORY_ALLOCATION","MEMORY_ALLOCATION_ALLOCATE","Agent 3",384,"0x00007f738dc72000",8726,3219595935761991,3219595935762320
"MEMORY_ALLOCATION","MEMORY_ALLOCATION_ALLOCATE","Agent 3",384,"0x00007f738dc73000",8731,3219595935769132,3219595935769482
"MEMORY_ALLOCATION","MEMORY_ALLOCATION_ALLOCATE","Agent 3",768,"0x00007f738dc74000",8736,3219595935779376,3219595935779810
"MEMORY_ALLOCATION","MEMORY_ALLOCATION_ALLOCATE","Agent 3",384,"0x00007f738dc75000",8741,3219595935795362,3219595935795775
"MEMORY_ALLOCATION","MEMORY_ALLOCATION_ALLOCATE","Agent 3",768,"0x00007f738dc76000",8749,3219595935809779,3219595935810408
"MEMORY_ALLOCATION","MEMORY_ALLOCATION_ALLOCATE","Agent 3",768,"0x00007f738dc77000",8754,3219595935822442,3219595935822864
"MEMORY_ALLOCATION","MEMORY_ALLOCATION_FREE","",0,"0x00007f738dc76000",8759,3219595935850739,3219595935851211
"MEMORY_ALLOCATION","MEMORY_ALLOCATION_FREE","",0,"0x00007f738dc75000",8761,3219595935853030,3219595935853296
"MEMORY_ALLOCATION","MEMORY_ALLOCATION_FREE","",0,"0x00007f738dc74000",8763,3219595935855612,3219595935855858
"MEMORY_ALLOCATION","MEMORY_ALLOCATION_FREE","",0,"0x00007f738dc73000",8765,3219595935857406,3219595935857655
"MEMORY_ALLOCATION","MEMORY_ALLOCATION_FREE","",0,"0x00007f738dc72000",8767,3219595935859048,3219595935859341
"MEMORY_ALLOCATION","MEMORY_ALLOCATION_FREE","",0,"0x00007f738dc71000",8769,3219595935862211,3219595935862485
"MEMORY_ALLOCATION","MEMORY_ALLOCATION_FREE","",0,"0x00007f738dc7e000",8771,3219595935864119,3219595935864333
"MEMORY_ALLOCATION","MEMORY_ALLOCATION_ALLOCATE","Agent 3",768,"0x00007f738dc7e000",8773,3219595935866129,3219595935866324
"MEMORY_ALLOCATION","MEMORY_ALLOCATION_ALLOCATE","Agent 3",768,"0x00007f738dc78000",8775,3219595935867775,3219595935867992
"MEMORY_ALLOCATION","MEMORY_ALLOCATION_ALLOCATE","Agent 3",1536,"0x00007f738dc79000",8780,3219595935886006,3219595935886341
"MEMORY_ALLOCATION","MEMORY_ALLOCATION_ALLOCATE","Agent 3",1536,"0x00007f738dc7a000",8785,3219595935893797,3219595935894215
"MEMORY_ALLOCATION","MEMORY_ALLOCATION_ALLOCATE","Agent 3",1536,"0x00007f738dc7b000",8790,3219595935901229,3219595935901552
"MEMORY_ALLOCATION","MEMORY_ALLOCATION_FREE","",0,"0x00007f738dc7a000",8795,3219595935924531,3219595935924799
"MEMORY_ALLOCATION","MEMORY_ALLOCATION_FREE","",0,"0x00007f738dc79000",8797,3219595935926794,3219595935927011
"MEMORY_ALLOCATION","MEMORY_ALLOCATION_ALLOCATE","Agent 3",768,"0x00007f738dc7c000",8799,3219595935928953,3219595935929163
"MEMORY_ALLOCATION","MEMORY_ALLOCATION_FREE","",0,"0x00007f738dc7b000",8804,3219595935959808,3219595935960165
"MEMORY_ALLOCATION","MEMORY_ALLOCATION_ALLOCATE","Agent 3",768,"0x00007f738dc79000",8806,3219595935961967,3219595935962231
"MEMORY_ALLOCATION","MEMORY_ALLOCATION_FREE","",0,"0x00007f738dc7c000",8811,3219595935979535,3219595935979808
"MEMORY_ALLOCATION","MEMORY_ALLOCATION_FREE","",0,"0x00007f738dc78000",8813,3219595935981671,3219595935981860
"MEMORY_ALLOCATION","MEMORY_ALLOCATION_FREE","",0,"0x00007f738dc7e000",8815,3219595935983372,3219595935983596
"MEMORY_ALLOCATION","MEMORY_ALLOCATION_FREE","",0,"0x00007f738dc77000",8817,3219595935985263,3219595935985693
"MEMORY_ALLOCATION","MEMORY_ALLOCATION_FREE","",0,"0x00007f738dc7d000",8819,3219595935987540,3219595935987894
"MEMORY_ALLOCATION","MEMORY_ALLOCATION_ALLOCATE","Agent 3",768,"0x00007f738dc7a000",8821,3219595935989366,3219595935989552
"MEMORY_ALLOCATION","MEMORY_ALLOCATION_FREE","",0,"0x00007f738dc79000",8826,3219595936007277,3219595936007713
"MEMORY_ALLOCATION","MEMORY_ALLOCATION_ALLOCATE","Agent 3",3072,"0x00007f738dc7b000",8828,3219595936010088,3219595936010316
"MEMORY_ALLOCATION","MEMORY_ALLOCATION_FREE","",0,"0x00007f738dc7a000",8833,3219595936034223,3219595936034516
"MEMORY_ALLOCATION","MEMORY_ALLOCATION_FREE","",0,"0x00007f738dc70000",8835,3219595936036318,3219595936036556
"MEMORY_ALLOCATION","MEMORY_ALLOCATION_FREE","",0,"0x00007f738dc6f000",8837,3219595936038211,3219595936038528
"MEMORY_ALLOCATION","MEMORY_ALLOCATION_FREE","",0,"0x00007f738dc6e000",8839,3219595936040255,3219595936040500
"MEMORY_ALLOCATION","MEMORY_ALLOCATION_FREE","",0,"0x00007f738dc7b000",8847,3219595936067866,3219595936068205
"MEMORY_ALLOCATION","MEMORY_ALLOCATION_ALLOCATE","Agent 3",64,"0x00007f738dc6e000",8849,3219595936070829,3219595936071007
"MEMORY_ALLOCATION","MEMORY_ALLOCATION_ALLOCATE","Agent 3",4096,"0x00007f738dc6f000",8853,3219595936089780,3219595936090086
"MEMORY_ALLOCATION","MEMORY_ALLOCATION_ALLOCATE","Agent 3",4096,"0x00007f738dc70000",8858,3219595936097327,3219595936097649
"MEMORY_ALLOCATION","MEMORY_ALLOCATION_ALLOCATE","Agent 3",4096,"0x00007f738dc71000",8863,3219595936104890,3219595936105502
"MEMORY_ALLOCATION","MEMORY_ALLOCATION_ALLOCATE","Agent 3",2048,"0x00007f738dc72000",8868,3219595936112772,3219595936113029
"MEMORY_ALLOCATION","MEMORY_ALLOCATION_ALLOCATE","Agent 3",2048,"0x00007f738dc73000",8873,3219595936119789,3219595936120039
"MEMORY_ALLOCATION","MEMORY_ALLOCATION_ALLOCATE","Agent 3",4096,"0x00007f738dc74000",8878,3219595936127298,3219595936127682
"MEMORY_ALLOCATION","MEMORY_ALLOCATION_ALLOCATE","Agent 3",2048,"0x00007f738dc75000",8883,3219595936144958,3219595936145318
"MEMORY_ALLOCATION","MEMORY_ALLOCATION_ALLOCATE","Agent 3",2048,"0x00007f738dc76000",8888,3219595936153251,3219595936153603
"MEMORY_ALLOCATION","MEMORY_ALLOCATION_ALLOCATE","Agent 3",4096,"0x00007f738dc77000",8893,3219595936161440,3219595936161857
"MEMORY_ALLOCATION","MEMORY_ALLOCATION_FREE","",0,"0x00007f738dc74000",8898,3219595936201227,3219595936201512
"MEMORY_ALLOCATION","MEMORY_ALLOCATION_ALLOCATE","Agent 3",2048,"0x00007f738dc74000",8900,3219595936204714,3219595936204901
"MEMORY_ALLOCATION","MEMORY_ALLOCATION_FREE","",0,"0x00007f738dc75000",8905,3219595936234476,3219595936234784
"MEMORY_ALLOCATION","MEMORY_ALLOCATION_ALLOCATE","Agent 3",8192,"0x00007f738dc78000",8907,3219595936236588,3219595936236879
"MEMORY_ALLOCATION","MEMORY_ALLOCATION_ALLOCATE","Agent 3",8192,"0x00007f738dc7a000",8913,3219595936248044,3219595936248392
"MEMORY_ALLOCATION","MEMORY_ALLOCATION_ALLOCATE","Agent 3",4096,"0x00007f738dc75000",8919,3219595936261283,3219595936261554
"MEMORY_ALLOCATION","MEMORY_ALLOCATION_ALLOCATE","Agent 3",4096,"0x00007f738dc7c000",8924,3219595936271475,3219595936272053
"MEMORY_ALLOCATION","MEMORY_ALLOCATION_FREE","",0,"0x00007f738dc75000",8929,3219595936291480,3219595936291760
"MEMORY_ALLOCATION","MEMORY_ALLOCATION_ALLOCATE","Agent 3",4096,"0x00007f738dc75000",8931,3219595936293282,3219595936293431
"MEMORY_ALLOCATION","MEMORY_ALLOCATION_FREE","",0,"0x00007f738dc7c000",8936,3219595936317798,3219595936318156
"MEMORY_ALLOCATION","MEMORY_ALLOCATION_FREE","",0,"0x00007f738dc76000",8938,3219595936319951,3219595936320190
"MEMORY_ALLOCATION","MEMORY_ALLOCATION_FREE","",0,"0x00007f738dc74000",8940,3219595936321883,3219595936322053
"MEMORY_ALLOCATION","MEMORY_ALLOCATION_FREE","",0,"0x00007f738dc77000",8942,3219595936323721,3219595936323976
"MEMORY_ALLOCATION","MEMORY_ALLOCATION_FREE","",0,"0x00007f738dc73000",8944,3219595936325559,3219595936325845
"MEMORY_ALLOCATION","MEMORY_ALLOCATION_FREE","",0,"0x00007f738dc72000",8946,3219595936327245,3219595936327445
"MEMORY_ALLOCATION","MEMORY_ALLOCATION_FREE","",0,"0x00007f738dc71000",8948,3219595936329011,3219595936329237
"MEMORY_ALLOCATION","MEMORY_ALLOCATION_ALLOCATE","Agent 3",4096,"0x00007f738dc76000",8950,3219595936331006,3219595936331228
"MEMORY_ALLOCATION","MEMORY_ALLOCATION_FREE","",0,"0x00007f738dc75000",8955,3219595936348290,3219595936348593
"MEMORY_ALLOCATION","MEMORY_ALLOCATION_FREE","",0,"0x00007f738dc70000",8957,3219595936350479,3219595936350706
"MEMORY_ALLOCATION","MEMORY_ALLOCATION_ALLOCATE","Agent 3",4096,"0x00007f738dc77000",8959,3219595936352316,3219595936352483
"MEMORY_ALLOCATION","MEMORY_ALLOCATION_ALLOCATE","Agent 3",8192,"0x00007f738dc7c000",8964,3219595936359982,3219595936360248
"MEMORY_ALLOCATION","MEMORY_ALLOCATION_ALLOCATE","Agent 3",8192,"0x00007f738dc70000",8969,3219595936368823,3219595936369132
"MEMORY_ALLOCATION","MEMORY_ALLOCATION_ALLOCATE","Agent 3",8192,"0x00007f738dc72000",8974,3219595936376057,3219595936376500
"MEMORY_ALLOCATION","MEMORY_ALLOCATION_FREE","",0,"0x00007f738dc70000",8979,3219595936398379,3219595936398651
"MEMORY_ALLOCATION","MEMORY_ALLOCATION_FREE","",0,"0x00007f738dc7c000",8981,3219595936400450,3219595936400721
"MEMORY_ALLOCATION","MEMORY_ALLOCATION_ALLOCATE","Agent 3",4096,"0x00007f738dc74000",8983,3219595936402516,3219595936402869
"MEMORY_ALLOCATION","MEMORY_ALLOCATION_FREE","",0,"0x00007f738dc72000",8988,3219595936434123,3219595936434476
"MEMORY_ALLOCATION","MEMORY_ALLOCATION_ALLOCATE","Agent 3",4096,"0x00007f738dc75000",8990,3219595936436456,3219595936436689
"MEMORY_ALLOCATION","MEMORY_ALLOCATION_FREE","",0,"0x00007f738dc74000",8995,3219595936453523,3219595936453844
"MEMORY_ALLOCATION","MEMORY_ALLOCATION_FREE","",0,"0x00007f738dc77000",8997,3219595936455615,3219595936455811
"MEMORY_ALLOCATION","MEMORY_ALLOCATION_FREE","",0,"0x00007f738dc76000",8999,3219595936457208,3219595936457528
"MEMORY_ALLOCATION","MEMORY_ALLOCATION_FREE","",0,"0x00007f738dc6f000",9001,3219595936459209,3219595936459486
"MEMORY_ALLOCATION","MEMORY_ALLOCATION_ALLOCATE","Agent 3",4096,"0x00007f738dc76000",9003,3219595936461049,3219595936461318
"MEMORY_ALLOCATION","MEMORY_ALLOCATION_ALLOCATE","Agent 3",4096,"0x00007f738dc77000",9008,3219595936468609,3219595936468882
"MEMORY_ALLOCATION","MEMORY_ALLOCATION_ALLOCATE","Agent 3",2048,"0x00007f738dc7c000",9013,3219595936476463,3219595936476759
"MEMORY_ALLOCATION","MEMORY_ALLOCATION_ALLOCATE","Agent 3",2048,"0x00007f738dc7d000",9018,3219595936484007,3219595936484326
"MEMORY_ALLOCATION","MEMORY_ALLOCATION_ALLOCATE","Agent 3",4096,"0x00007f738dc7e000",9023,3219595936491298,3219595936491587
"MEMORY_ALLOCATION","MEMORY_ALLOCATION_ALLOCATE","Agent 3",2048,"0x00007f738dc6f000",9028,3219595936499891,3219595936500300
"MEMORY_ALLOCATION","MEMORY_ALLOCATION_ALLOCATE","Agent 3",2048,"0x00007f738dc70000",9033,3219595936511501,3219595936511855
"MEMORY_ALLOCATION","MEMORY_ALLOCATION_ALLOCATE","Agent 3",4096,"0x00007f738dc71000",9038,3219595936520164,3219595936520506
"MEMORY_ALLOCATION","MEMORY_ALLOCATION_FREE","",0,"0x00007f738dc7e000",9043,3219595936541267,3219595936541543
"MEMORY_ALLOCATION","MEMORY_ALLOCATION_ALLOCATE","Agent 3",2048,"0x00007f738dc7e000",9045,3219595936544448,3219595936544618
"MEMORY_ALLOCATION","MEMORY_ALLOCATION_FREE","",0,"0x00007f738dc6f000",9050,3219595936562638,3219595936562912
"MEMORY_ALLOCATION","MEMORY_ALLOCATION_ALLOCATE","Agent 3",8192,"0x00007f738dc72000",9052,3219595936564854,3219595936565148
"MEMORY_ALLOCATION","MEMORY_ALLOCATION_ALLOCATE","Agent 3",8192,"0x00007f738dc9f000",9058,3219595936576670,3219595936577153
"MEMORY_ALLOCATION","MEMORY_ALLOCATION_ALLOCATE","Agent 3",4096,"0x00007f738dc6f000",9064,3219595936592569,3219595936592948
"MEMORY_ALLOCATION","MEMORY_ALLOCATION_ALLOCATE","Agent 3",4096,"0x00007f738dc74000",9069,3219595936609491,3219595936609727
"MEMORY_ALLOCATION","MEMORY_ALLOCATION_FREE","",0,"0x00007f738dc6f000",9074,3219595936628910,3219595936629197
"MEMORY_ALLOCATION","MEMORY_ALLOCATION_ALLOCATE","Agent 3",4096,"0x00007f738dc6f000",9076,3219595936631133,3219595936631326
"MEMORY_ALLOCATION","MEMORY_ALLOCATION_FREE","",0,"0x00007f738dc74000",9081,3219595936655060,3219595936655330
"MEMORY_ALLOCATION","MEMORY_ALLOCATION_FREE","",0,"0x00007f738dc70000",9083,3219595936657041,3219595936657282
"MEMORY_ALLOCATION","MEMORY_ALLOCATION_FREE","",0,"0x00007f738dc7e000",9085,3219595936659204,3219595936659402
"MEMORY_ALLOCATION","MEMORY_ALLOCATION_FREE","",0,"0x00007f738dc71000",9087,3219595936660990,3219595936661254
"MEMORY_ALLOCATION","MEMORY_ALLOCATION_FREE","",0,"0x00007f738dc7d000",9089,3219595936662977,3219595936663324
"MEMORY_ALLOCATION","MEMORY_ALLOCATION_FREE","",0,"0x00007f738dc7c000",9091,3219595936664871,3219595936665180
"MEMORY_ALLOCATION","MEMORY_ALLOCATION_FREE","",0,"0x00007f738dc77000",9093,3219595936666613,3219595936666820
"MEMORY_ALLOCATION","MEMORY_ALLOCATION_ALLOCATE","Agent 3",4096,"0x00007f738dc74000",9095,3219595936668402,3219595936668626
"MEMORY_ALLOCATION","MEMORY_ALLOCATION_FREE","",0,"0x00007f738dc6f000",9100,3219595936685464,3219595936685871
"MEMORY_ALLOCATION","MEMORY_ALLOCATION_FREE","",0,"0x00007f738dc76000",9102,3219595936690287,3219595936690553
"MEMORY_ALLOCATION","MEMORY_ALLOCATION_ALLOCATE","Agent 3",4096,"0x00007f738dc76000",9104,3219595936692272,3219595936692495
"MEMORY_ALLOCATION","MEMORY_ALLOCATION_ALLOCATE","Agent 3",8192,"0x00007f738dc7c000",9109,3219595936699921,3219595936700213
"MEMORY_ALLOCATION","MEMORY_ALLOCATION_ALLOCATE","Agent 3",8192,"0x00007f738dc6f000",9114,3219595936737444,3219595936738144
"MEMORY_ALLOCATION","MEMORY_ALLOCATION_ALLOCATE","Agent 3",8192,"0x00007f738dca1000",9119,3219595936765486,3219595936765955
"MEMORY_ALLOCATION","MEMORY_ALLOCATION_FREE","",0,"0x00007f738dc6f000",9124,3219595936786013,3219595936786272
"MEMORY_ALLOCATION","MEMORY_ALLOCATION_FREE","",0,"0x00007f738dc7c000",9126,3219595936788273,3219595936788508
"MEMORY_ALLOCATION","MEMORY_ALLOCATION_ALLOCATE","Agent 3",4096,"0x00007f738dc77000",9128,3219595936790252,3219595936790512
"MEMORY_ALLOCATION","MEMORY_ALLOCATION_FREE","",0,"0x00007f738dca1000",9133,3219595936822405,3219595936822814
"MEMORY_ALLOCATION","MEMORY_ALLOCATION_ALLOCATE","Agent 3",4096,"0x00007f738dc6f000",9135,3219595936824627,3219595936824959
"MEMORY_ALLOCATION","MEMORY_ALLOCATION_FREE","",0,"0x00007f738dc77000",9140,3219595936841782,3219595936842086
"MEMORY_ALLOCATION","MEMORY_ALLOCATION_FREE","",0,"0x00007f738dc76000",9142,3219595936843885,3219595936844127
"MEMORY_ALLOCATION","MEMORY_ALLOCATION_FREE","",0,"0x00007f738dc74000",9144,3219595936845769,3219595936845943
"MEMORY_ALLOCATION","MEMORY_ALLOCATION_FREE","",0,"0x00007f738dc75000",9146,3219595936847711,3219595936848074
"MEMORY_ALLOCATION","MEMORY_ALLOCATION_ALLOCATE","Agent 3",4096,"0x00007f738dc70000",9148,3219595936849873,3219595936850085
"MEMORY_ALLOCATION","MEMORY_ALLOCATION_FREE","",0,"0x00007f738dc6f000",9153,3219595936867772,3219595936868081
"MEMORY_ALLOCATION","MEMORY_ALLOCATION_ALLOCATE","Agent 3",1024,"0x00007f738dc71000",9155,3219595936870206,3219595936870424
"MEMORY_ALLOCATION","MEMORY_ALLOCATION_FREE","",0,"0x00007f738dc70000",9160,3219595936894021,3219595936894416
"MEMORY_ALLOCATION","MEMORY_ALLOCATION_FREE","",0,"0x00007f738dc6e000",9162,3219595936896135,3219595936896463
"MEMORY_ALLOCATION","MEMORY_ALLOCATION_FREE","",0,"0x00007f738dc7a000",9180,3219595936950014,3219595936950411
"MEMORY_ALLOCATION","MEMORY_ALLOCATION_FREE","",0,"0x00007f738dc78000",9182,3219595936952526,3219595936953071
"MEMORY_ALLOCATION","MEMORY_ALLOCATION_FREE","",0,"0x00007f738dc9f000",9184,3219595936954710,3219595936955078
"MEMORY_ALLOCATION","MEMORY_ALLOCATION_FREE","",0,"0x00007f738dc72000",9186,3219595936956713,3219595936956995
"MEMORY_ALLOCATION","MEMORY_ALLOCATION_FREE","",0,"0x00007f738dc71000",9190,3219595936974836,3219595936975235
"MEMORY_ALLOCATION","MEMORY_ALLOCATION_ALLOCATE","Agent 3",16,"0x00007f738dc6e000",9192,3219595936977250,3219595936977489
"MEMORY_ALLOCATION","MEMORY_ALLOCATION_FREE","",0,"0x00007f738dc6e000",9199,3219595937008105,3219595937008409
"MEMORY_ALLOCATION","MEMORY_ALLOCATION_ALLOCATE","Agent 3",16,"0x00007f738dc6e000",9201,3219595937010936,3219595937011150
"MEMORY_ALLOCATION","MEMORY_ALLOCATION_ALLOCATE","Agent 3",16,"0x00007f738dc6f000",9205,3219595937029747,3219595937030070
"MEMORY_ALLOCATION","MEMORY_ALLOCATION_ALLOCATE","Agent 3",16,"0x00007f738dc70000",9209,3219595937048395,3219595937048816
"MEMORY_ALLOCATION","MEMORY_ALLOCATION_ALLOCATE","Agent 3",1024,"0x00007f738dc71000",9213,3219595937067490,3219595937067859
"MEMORY_ALLOCATION","MEMORY_ALLOCATION_ALLOCATE","Agent 3",1024,"0x00007f738dc72000",9218,3219595937075036,3219595937075326
"MEMORY_ALLOCATION","MEMORY_ALLOCATION_ALLOCATE","Agent 3",1024,"0x00007f738dc73000",9223,3219595937082683,3219595937083023
"MEMORY_ALLOCATION","MEMORY_ALLOCATION_ALLOCATE","Agent 3",512,"0x00007f738dc74000",9228,3219595937089817,3219595937090282
"MEMORY_ALLOCATION","MEMORY_ALLOCATION_ALLOCATE","Agent 3",512,"0x00007f738dc75000",9233,3219595937097670,3219595937098125
"MEMORY_ALLOCATION","MEMORY_ALLOCATION_ALLOCATE","Agent 3",1024,"0x00007f738dc76000",9238,3219595937105842,3219595937106199
"MEMORY_ALLOCATION","MEMORY_ALLOCATION_ALLOCATE","Agent 3",512,"0x00007f738dc77000",9243,3219595937118733,3219595937119159
"MEMORY_ALLOCATION","MEMORY_ALLOCATION_ALLOCATE","Agent 3",1024,"0x00007f738dc78000",9251,3219595937142884,3219595937143348
"MEMORY_ALLOCATION","MEMORY_ALLOCATION_ALLOCATE","Agent 3",1024,"0x00007f738dc79000",9256,3219595937151604,3219595937152022
"MEMORY_ALLOCATION","MEMORY_ALLOCATION_FREE","",0,"0x00007f738dc78000",9261,3219595937182248,3219595937182625
"MEMORY_ALLOCATION","MEMORY_ALLOCATION_FREE","",0,"0x00007f738dc77000",9263,3219595937184682,3219595937184884
"MEMORY_ALLOCATION","MEMORY_ALLOCATION_FREE","",0,"0x00007f738dc76000",9265,3219595937186928,3219595937187285
"MEMORY_ALLOCATION","MEMORY_ALLOCATION_FREE","",0,"0x00007f738dc75000",9267,3219595937189110,3219595937189387
"MEMORY_ALLOCATION","MEMORY_ALLOCATION_FREE","",0,"0x00007f738dc74000",9269,3219595937190922,3219595937191282
"MEMORY_ALLOCATION","MEMORY_ALLOCATION_FREE","",0,"0x00007f738dc73000",9271,3219595937192811,3219595937193110
"MEMORY_ALLOCATION","MEMORY_ALLOCATION_FREE","",0,"0x00007f738dc72000",9273,3219595937194595,3219595937194806
"MEMORY_ALLOCATION","MEMORY_ALLOCATION_ALLOCATE","Agent 3",1024,"0x00007f738dc7a000",9275,3219595937196339,3219595937196535
"MEMORY_ALLOCATION","MEMORY_ALLOCATION_ALLOCATE","Agent 3",1024,"0x00007f738dc7b000",9277,3219595937199613,3219595937199879
"MEMORY_ALLOCATION","MEMORY_ALLOCATION_ALLOCATE","Agent 3",2048,"0x00007f738dc7c000",9282,3219595937207761,3219595937208087
"MEMORY_ALLOCATION","MEMORY_ALLOCATION_ALLOCATE","Agent 3",2048,"0x00007f738dc7d000",9287,3219595937215213,3219595937215679
"MEMORY_ALLOCATION","MEMORY_ALLOCATION_ALLOCATE","Agent 3",2048,"0x00007f738dc7e000",9292,3219595937222907,3219595937223124
"MEMORY_ALLOCATION","MEMORY_ALLOCATION_FREE","",0,"0x00007f738dc7d000",9297,3219595937244647,3219595937244944
"MEMORY_ALLOCATION","MEMORY_ALLOCATION_FREE","",0,"0x00007f738dc7c000",9299,3219595937246621,3219595937246881
"MEMORY_ALLOCATION","MEMORY_ALLOCATION_ALLOCATE","Agent 3",1024,"0x00007f738dc7c000",9301,3219595937248739,3219595937248951
"MEMORY_ALLOCATION","MEMORY_ALLOCATION_FREE","",0,"0x00007f738dc7e000",9306,3219595937280212,3219595937280500
"MEMORY_ALLOCATION","MEMORY_ALLOCATION_ALLOCATE","Agent 3",1024,"0x00007f738dc7d000",9308,3219595937282281,3219595937282470
"MEMORY_ALLOCATION","MEMORY_ALLOCATION_FREE","",0,"0x00007f738dc7c000",9313,3219595937299081,3219595937299354
"MEMORY_ALLOCATION","MEMORY_ALLOCATION_FREE","",0,"0x00007f738dc7b000",9315,3219595937301008,3219595937301257
"MEMORY_ALLOCATION","MEMORY_ALLOCATION_FREE","",0,"0x00007f738dc7a000",9317,3219595937302741,3219595937302973
"MEMORY_ALLOCATION","MEMORY_ALLOCATION_FREE","",0,"0x00007f738dc79000",9319,3219595937304544,3219595937304903
"MEMORY_ALLOCATION","MEMORY_ALLOCATION_FREE","",0,"0x00007f738dc71000",9321,3219595937306424,3219595937306682
"MEMORY_ALLOCATION","MEMORY_ALLOCATION_ALLOCATE","Agent 3",1024,"0x00007f738dc7e000",9323,3219595937308396,3219595937308592
"MEMORY_ALLOCATION","MEMORY_ALLOCATION_ALLOCATE","Agent 3",1024,"0x00007f738dc71000",9328,3219595937316020,3219595937316313
"MEMORY_ALLOCATION","MEMORY_ALLOCATION_ALLOCATE","Agent 3",512,"0x00007f738dc72000",9333,3219595937323820,3219595937324280
"MEMORY_ALLOCATION","MEMORY_ALLOCATION_ALLOCATE","Agent 3",512,"0x00007f738dc73000",9338,3219595937331384,3219595937331735
"MEMORY_ALLOCATION","MEMORY_ALLOCATION_ALLOCATE","Agent 3",1024,"0x00007f738dc74000",9343,3219595937341578,3219595937341940
"MEMORY_ALLOCATION","MEMORY_ALLOCATION_ALLOCATE","Agent 3",512,"0x00007f738dc75000",9348,3219595937349440,3219595937349766
"MEMORY_ALLOCATION","MEMORY_ALLOCATION_ALLOCATE","Agent 3",1024,"0x00007f738dc76000",9356,3219595937364197,3219595937364584
"MEMORY_ALLOCATION","MEMORY_ALLOCATION_ALLOCATE","Agent 3",1024,"0x00007f738dc77000",9361,3219595937372079,3219595937372469
"MEMORY_ALLOCATION","MEMORY_ALLOCATION_FREE","",0,"0x00007f738dc76000",9366,3219595937399426,3219595937399838
"MEMORY_ALLOCATION","MEMORY_ALLOCATION_FREE","",0,"0x00007f738dc75000",9368,3219595937401767,3219595937401965
"MEMORY_ALLOCATION","MEMORY_ALLOCATION_FREE","",0,"0x00007f738dc74000",9370,3219595937403425,3219595937403665
"MEMORY_ALLOCATION","MEMORY_ALLOCATION_FREE","",0,"0x00007f738dc73000",9372,3219595937405265,3219595937405645
"MEMORY_ALLOCATION","MEMORY_ALLOCATION_FREE","",0,"0x00007f738dc72000",9374,3219595937407060,3219595937407402
"MEMORY_ALLOCATION","MEMORY_ALLOCATION_FREE","",0,"0x00007f738dc71000",9376,3219595937408948,3219595937409232
"MEMORY_ALLOCATION","MEMORY_ALLOCATION_FREE","",0,"0x00007f738dc7e000",9378,3219595937410708,3219595937410916
"MEMORY_ALLOCATION","MEMORY_ALLOCATION_ALLOCATE","Agent 3",1024,"0x00007f738dc7e000",9380,3219595937413739,3219595937413919
"MEMORY_ALLOCATION","MEMORY_ALLOCATION_ALLOCATE","Agent 3",1024,"0x00007f738dc78000",9382,3219595937415598,3219595937415810
"MEMORY_ALLOCATION","MEMORY_ALLOCATION_ALLOCATE","Agent 3",2048,"0x00007f738dc79000",9387,3219595937423581,3219595937423835
"MEMORY_ALLOCATION","MEMORY_ALLOCATION_ALLOCATE","Agent 3",2048,"0x00007f738dc7a000",9392,3219595937432125,3219595937432530
"MEMORY_ALLOCATION","MEMORY_ALLOCATION_ALLOCATE","Agent 3",2048,"0x00007f738dc7b000",9397,3219595937439876,3219595937440237
"MEMORY_ALLOCATION","MEMORY_ALLOCATION_FREE","",0,"0x00007f738dc7a000",9402,3219595937460952,3219595937461172
"MEMORY_ALLOCATION","MEMORY_ALLOCATION_FREE","",0,"0x00007f738dc79000",9404,3219595937463035,3219595937463237
"MEMORY_ALLOCATION","MEMORY_ALLOCATION_ALLOCATE","Agent 3",1024,"0x00007f738dc7c000",9406,3219595937464841,3219595937465020
"MEMORY_ALLOCATION","MEMORY_ALLOCATION_FREE","",0,"0x00007f738dc7b000",9411,3219595937496442,3219595937496848
"MEMORY_ALLOCATION","MEMORY_ALLOCATION_ALLOCATE","Agent 3",1024,"0x00007f738dc79000",9413,3219595937498513,3219595937498773
"MEMORY_ALLOCATION","MEMORY_ALLOCATION_FREE","",0,"0x00007f738dc7c000",9418,3219595937515575,3219595937515822
"MEMORY_ALLOCATION","MEMORY_ALLOCATION_FREE","",0,"0x00007f738dc78000",9420,3219595937517508,3219595937517689
"MEMORY_ALLOCATION","MEMORY_ALLOCATION_FREE","",0,"0x00007f738dc7e000",9422,3219595937519180,3219595937519382
"MEMORY_ALLOCATION","MEMORY_ALLOCATION_FREE","",0,"0x00007f738dc77000",9424,3219595937521129,3219595937521491
"MEMORY_ALLOCATION","MEMORY_ALLOCATION_FREE","",0,"0x00007f738dc7d000",9426,3219595937523178,3219595937523493
"MEMORY_ALLOCATION","MEMORY_ALLOCATION_ALLOCATE","Agent 3",1024,"0x00007f738dc7a000",9428,3219595937525109,3219595937525296
"MEMORY_ALLOCATION","MEMORY_ALLOCATION_FREE","",0,"0x00007f738dc79000",9433,3219595937542178,3219595937542489
"MEMORY_ALLOCATION","MEMORY_ALLOCATION_ALLOCATE","Agent 3",4096,"0x00007f738dc7b000",9435,3219595937544452,3219595937544651
"MEMORY_ALLOCATION","MEMORY_ALLOCATION_FREE","",0,"0x00007f738dc7a000",9440,3219595937568240,3219595937568528
"MEMORY_ALLOCATION","MEMORY_ALLOCATION_FREE","",0,"0x00007f738dc70000",9442,3219595937570215,3219595937570451
"MEMORY_ALLOCATION","MEMORY_ALLOCATION_FREE","",0,"0x00007f738dc6f000",9444,3219595937572127,3219595937572420
"MEMORY_ALLOCATION","MEMORY_ALLOCATION_FREE","",0,"0x00007f738dc6e000",9446,3219595937573951,3219595937574171
"MEMORY_ALLOCATION","MEMORY_ALLOCATION_FREE","",0,"0x00007f738dc7b000",9456,3219595937609527,3219595937610178
"MEMORY_ALLOCATION","MEMORY_ALLOCATION_ALLOCATE","Agent 3",16,"0x00007f738dc6e000",9458,3219595937618846,3219595937619069
"MEMORY_ALLOCATION","MEMORY_ALLOCATION_FREE","",0,"0x00007f738dc6e000",9465,3219595937687535,3219595937687833
"MEMORY_ALLOCATION","MEMORY_ALLOCATION_ALLOCATE","Agent 3",8,"0x00007f738dc6e000",9491,3219595937736222,3219595937736517
"MEMORY_ALLOCATION","MEMORY_ALLOCATION_ALLOCATE","Agent 3",8,"0x00007f738dc6f000",9495,3219595937756843,3219595937757182
"MEMORY_ALLOCATION","MEMORY_ALLOCATION_ALLOCATE","Agent 3",8,"0x00007f738dc70000",9499,3219595937776959,3219595937777327
"MEMORY_ALLOCATION","MEMORY_ALLOCATION_ALLOCATE","Agent 3",512,"0x00007f738dc71000",9503,3219595937798045,3219595937798456
"MEMORY_ALLOCATION","MEMORY_ALLOCATION_ALLOCATE","Agent 3",512,"0x00007f738dc72000",9508,3219595937809756,3219595937810035
"MEMORY_ALLOCATION","MEMORY_ALLOCATION_ALLOCATE","Agent 3",512,"0x00007f738dc73000",9513,3219595937822179,3219595937822504
"MEMORY_ALLOCATION","MEMORY_ALLOCATION_ALLOCATE","Agent 3",256,"0x00007f738dc74000",9518,3219595937838398,3219595937838824
"MEMORY_ALLOCATION","MEMORY_ALLOCATION_ALLOCATE","Agent 3",256,"0x00007f738dc75000",9523,3219595937847561,3219595937847841
"MEMORY_ALLOCATION","MEMORY_ALLOCATION_ALLOCATE","Agent 3",512,"0x00007f738dc76000",9528,3219595937856819,3219595937857155
"MEMORY_ALLOCATION","MEMORY_ALLOCATION_ALLOCATE","Agent 3",256,"0x00007f738dc77000",9533,3219595937870149,3219595937870450
"MEMORY_ALLOCATION","MEMORY_ALLOCATION_ALLOCATE","Agent 3",512,"0x00007f738dc78000",9541,3219595937885355,3219595937885724
"MEMORY_ALLOCATION","MEMORY_ALLOCATION_ALLOCATE","Agent 3",512,"0x00007f738dc79000",9546,3219595937894319,3219595937894712
"MEMORY_ALLOCATION","MEMORY_ALLOCATION_FREE","",0,"0x00007f738dc78000",9551,3219595937926487,3219595937926950
"MEMORY_ALLOCATION","MEMORY_ALLOCATION_FREE","",0,"0x00007f738dc77000",9553,3219595937928798,3219595937929121
"MEMORY_ALLOCATION","MEMORY_ALLOCATION_FREE","",0,"0x00007f738dc76000",9555,3219595937930881,3219595937931157
"MEMORY_ALLOCATION","MEMORY_ALLOCATION_FREE","",0,"0x00007f738dc75000",9557,3219595937933044,3219595937933252
"MEMORY_ALLOCATION","MEMORY_ALLOCATION_FREE","",0,"0x00007f738dc74000",9559,3219595937934778,3219595937935084
"MEMORY_ALLOCATION","MEMORY_ALLOCATION_FREE","",0,"0x00007f738dc73000",9561,3219595937936507,3219595937936905
"MEMORY_ALLOCATION","MEMORY_ALLOCATION_FREE","",0,"0x00007f738dc72000",9563,3219595937938288,3219595937938520
"MEMORY_ALLOCATION","MEMORY_ALLOCATION_ALLOCATE","Agent 3",512,"0x00007f738dc7a000",9565,3219595937940012,3219595937940234
"MEMORY_ALLOCATION","MEMORY_ALLOCATION_ALLOCATE","Agent 3",512,"0x00007f738dc7b000",9567,3219595937943247,3219595937943498
"MEMORY_ALLOCATION","MEMORY_ALLOCATION_ALLOCATE","Agent 3",1024,"0x00007f738dc7c000",9572,3219595937951900,3219595937952249
"MEMORY_ALLOCATION","MEMORY_ALLOCATION_ALLOCATE","Agent 3",1024,"0x00007f738dc7d000",9577,3219595937959750,3219595937960145
"MEMORY_ALLOCATION","MEMORY_ALLOCATION_ALLOCATE","Agent 3",1024,"0x00007f738dc7e000",9582,3219595937967640,3219595937967860
"MEMORY_ALLOCATION","MEMORY_ALLOCATION_FREE","",0,"0x00007f738dc7d000",9587,3219595937988780,3219595937989054
"MEMORY_ALLOCATION","MEMORY_ALLOCATION_FREE","",0,"0x00007f738dc7c000",9589,3219595937990871,3219595937991105
"MEMORY_ALLOCATION","MEMORY_ALLOCATION_ALLOCATE","Agent 3",512,"0x00007f738dc7c000",9591,3219595937992689,3219595937992894
"MEMORY_ALLOCATION","MEMORY_ALLOCATION_FREE","",0,"0x00007f738dc7e000",9596,3219595938023590,3219595938023897
"MEMORY_ALLOCATION","MEMORY_ALLOCATION_ALLOCATE","Agent 3",512,"0x00007f738dc7d000",9598,3219595938025651,3219595938025860
"MEMORY_ALLOCATION","MEMORY_ALLOCATION_FREE","",0,"0x00007f738dc7c000",9603,3219595938042779,3219595938043042
"MEMORY_ALLOCATION","MEMORY_ALLOCATION_FREE","",0,"0x00007f738dc7b000",9605,3219595938044773,3219595938044999
"MEMORY_ALLOCATION","MEMORY_ALLOCATION_FREE","",0,"0x00007f738dc7a000",9607,3219595938046506,3219595938046729
"MEMORY_ALLOCATION","MEMORY_ALLOCATION_FREE","",0,"0x00007f738dc79000",9609,3219595938048099,3219595938048406
"MEMORY_ALLOCATION","MEMORY_ALLOCATION_FREE","",0,"0x00007f738dc71000",9611,3219595938050110,3219595938050371
"MEMORY_ALLOCATION","MEMORY_ALLOCATION_ALLOCATE","Agent 3",512,"0x00007f738dc7e000",9613,3219595938051859,3219595938052030
"MEMORY_ALLOCATION","MEMORY_ALLOCATION_ALLOCATE","Agent 3",512,"0x00007f738dc71000",9618,3219595938059646,3219595938059876
"MEMORY_ALLOCATION","MEMORY_ALLOCATION_ALLOCATE","Agent 3",256,"0x00007f738dc72000",9623,3219595938067367,3219595938067677
"MEMORY_ALLOCATION","MEMORY_ALLOCATION_ALLOCATE","Agent 3",256,"0x00007f738dc73000",9628,3219595938075273,3219595938075626
"MEMORY_ALLOCATION","MEMORY_ALLOCATION_ALLOCATE","Agent 3",512,"0x00007f738dc74000",9633,3219595938083400,3219595938083795
"MEMORY_ALLOCATION","MEMORY_ALLOCATION_ALLOCATE","Agent 3",256,"0x00007f738dc75000",9638,3219595938100298,3219595938100639
"MEMORY_ALLOCATION","MEMORY_ALLOCATION_ALLOCATE","Agent 3",512,"0x00007f738dc76000",9646,3219595938113723,3219595938114096
"MEMORY_ALLOCATION","MEMORY_ALLOCATION_ALLOCATE","Agent 3",512,"0x00007f738dc77000",9651,3219595938122833,3219595938123276
"MEMORY_ALLOCATION","MEMORY_ALLOCATION_FREE","",0,"0x00007f738dc76000",9656,3219595938150325,3219595938150652
"MEMORY_ALLOCATION","MEMORY_ALLOCATION_FREE","",0,"0x00007f738dc75000",9658,3219595938152528,3219595938152779
"MEMORY_ALLOCATION","MEMORY_ALLOCATION_FREE","",0,"0x00007f738dc74000",9660,3219595938155889,3219595938156212
"MEMORY_ALLOCATION","MEMORY_ALLOCATION_FREE","",0,"0x00007f738dc73000",9662,3219595938157952,3219595938158221
"MEMORY_ALLOCATION","MEMORY_ALLOCATION_FREE","",0,"0x00007f738dc72000",9664,3219595938159784,3219595938160045
"MEMORY_ALLOCATION","MEMORY_ALLOCATION_FREE","",0,"0x00007f738dc71000",9666,3219595938161710,3219595938161972
"MEMORY_ALLOCATION","MEMORY_ALLOCATION_FREE","",0,"0x00007f738dc7e000",9668,3219595938163470,3219595938163674
"MEMORY_ALLOCATION","MEMORY_ALLOCATION_ALLOCATE","Agent 3",512,"0x00007f738dc7e000",9670,3219595938165145,3219595938165308
"MEMORY_ALLOCATION","MEMORY_ALLOCATION_ALLOCATE","Agent 3",512,"0x00007f738dc78000",9672,3219595938166965,3219595938167198
"MEMORY_ALLOCATION","MEMORY_ALLOCATION_ALLOCATE","Agent 3",1024,"0x00007f738dc79000",9677,3219595938174712,3219595938174977
"MEMORY_ALLOCATION","MEMORY_ALLOCATION_ALLOCATE","Agent 3",1024,"0x00007f738dc7a000",9682,3219595938182981,3219595938183379
"MEMORY_ALLOCATION","MEMORY_ALLOCATION_ALLOCATE","Agent 3",1024,"0x00007f738dc7b000",9687,3219595938191098,3219595938191535
"MEMORY_ALLOCATION","MEMORY_ALLOCATION_FREE","",0,"0x00007f738dc7a000",9692,3219595938211731,3219595938212109
"MEMORY_ALLOCATION","MEMORY_ALLOCATION_FREE","",0,"0x00007f738dc79000",9694,3219595938213975,3219595938214151
"MEMORY_ALLOCATION","MEMORY_ALLOCATION_ALLOCATE","Agent 3",512,"0x00007f738dc7c000",9696,3219595938216021,3219595938216200
"MEMORY_ALLOCATION","MEMORY_ALLOCATION_FREE","",0,"0x00007f738dc7b000",9701,3219595938246373,3219595938246724
"MEMORY_ALLOCATION","MEMORY_ALLOCATION_ALLOCATE","Agent 3",512,"0x00007f738dc79000",9703,3219595938248588,3219595938248855
"MEMORY_ALLOCATION","MEMORY_ALLOCATION_FREE","",0,"0x00007f738dc7c000",9708,3219595938265754,3219595938266018
"MEMORY_ALLOCATION","MEMORY_ALLOCATION_FREE","",0,"0x00007f738dc78000",9710,3219595938267671,3219595938267851
"MEMORY_ALLOCATION","MEMORY_ALLOCATION_FREE","",0,"0x00007f738dc7e000",9712,3219595938269369,3219595938269548
"MEMORY_ALLOCATION","MEMORY_ALLOCATION_FREE","",0,"0x00007f738dc77000",9714,3219595938271025,3219595938271382
"MEMORY_ALLOCATION","MEMORY_ALLOCATION_FREE","",0,"0x00007f738dc7d000",9716,3219595938273002,3219595938273287
"MEMORY_ALLOCATION","MEMORY_ALLOCATION_ALLOCATE","Agent 3",512,"0x00007f738dc7a000",9718,3219595938274909,3219595938275100
"MEMORY_ALLOCATION","MEMORY_ALLOCATION_FREE","",0,"0x00007f738dc79000",9723,3219595938292056,3219595938292285
"MEMORY_ALLOCATION","MEMORY_ALLOCATION_ALLOCATE","Agent 3",2048,"0x00007f738dc7b000",9725,3219595938294108,3219595938294313
"MEMORY_ALLOCATION","MEMORY_ALLOCATION_FREE","",0,"0x00007f738dc7a000",9730,3219595938318290,3219595938318626
"MEMORY_ALLOCATION","MEMORY_ALLOCATION_FREE","",0,"0x00007f738dc70000",9732,3219595938320427,3219595938320641
"MEMORY_ALLOCATION","MEMORY_ALLOCATION_FREE","",0,"0x00007f738dc6f000",9734,3219595938322273,3219595938322574
"MEMORY_ALLOCATION","MEMORY_ALLOCATION_FREE","",0,"0x00007f738dc6e000",9736,3219595938324100,3219595938324308
"MEMORY_ALLOCATION","MEMORY_ALLOCATION_FREE","",0,"0x00007f738dc7b000",9742,3219595938345496,3219595938345943
"MEMORY_ALLOCATION","MEMORY_ALLOCATION_ALLOCATE","Agent 3",16,"0x00007f738dc6e000",9744,3219595938348068,3219595938348273
"MEMORY_ALLOCATION","MEMORY_ALLOCATION_FREE","",0,"0x00007f738dc6e000",9751,3219595938379634,3219595938379896
"MEMORY_ALLOCATION","MEMORY_ALLOCATION_ALLOCATE","Agent 3",4,"0x00007f738dc6e000",9765,3219595938406407,3219595938406650
"MEMORY_ALLOCATION","MEMORY_ALLOCATION_ALLOCATE","Agent 3",4,"0x00007f738dc6f000",9769,3219595938426294,3219595938426582
"MEMORY_ALLOCATION","MEMORY_ALLOCATION_ALLOCATE","Agent 3",4,"0x00007f738dc70000",9773,3219595938445786,3219595938446158
"MEMORY_ALLOCATION","MEMORY_ALLOCATION_ALLOCATE","Agent 3",256,"0x00007f738dc71000",9777,3219595938466767,3219595938467175
"MEMORY_ALLOCATION","MEMORY_ALLOCATION_ALLOCATE","Agent 3",256,"0x00007f738dc72000",9782,3219595938474447,3219595938474742
"MEMORY_ALLOCATION","MEMORY_ALLOCATION_ALLOCATE","Agent 3",256,"0x00007f738dc73000",9787,3219595938484306,3219595938484632
"MEMORY_ALLOCATION","MEMORY_ALLOCATION_ALLOCATE","Agent 3",128,"0x00007f738dc74000",9792,3219595938493145,3219595938493696
"MEMORY_ALLOCATION","MEMORY_ALLOCATION_ALLOCATE","Agent 3",128,"0x00007f738dc75000",9797,3219595938502195,3219595938502522
"MEMORY_ALLOCATION","MEMORY_ALLOCATION_ALLOCATE","Agent 3",256,"0x00007f738dc76000",9802,3219595938516292,3219595938516620
"MEMORY_ALLOCATION","MEMORY_ALLOCATION_ALLOCATE","Agent 3",128,"0x00007f738dc77000",9807,3219595938523577,3219595938523934
"MEMORY_ALLOCATION","MEMORY_ALLOCATION_ALLOCATE","Agent 3",256,"0x00007f738dc78000",9815,3219595938591571,3219595938592237
"MEMORY_ALLOCATION","MEMORY_ALLOCATION_ALLOCATE","Agent 3",256,"0x00007f738dc79000",9820,3219595938610104,3219595938610523
"MEMORY_ALLOCATION","MEMORY_ALLOCATION_FREE","",0,"0x00007f738dc78000",9825,3219595938643157,3219595938643501
"MEMORY_ALLOCATION","MEMORY_ALLOCATION_FREE","",0,"0x00007f738dc77000",9827,3219595938646658,3219595938647089
"MEMORY_ALLOCATION","MEMORY_ALLOCATION_FREE","",0,"0x00007f738dc76000",9829,3219595938648894,3219595938649191
"MEMORY_ALLOCATION","MEMORY_ALLOCATION_FREE","",0,"0x00007f738dc75000",9831,3219595938651380,3219595938651627
"MEMORY_ALLOCATION","MEMORY_ALLOCATION_FREE","",0,"0x00007f738dc74000",9833,3219595938653191,3219595938653439
"MEMORY_ALLOCATION","MEMORY_ALLOCATION_FREE","",0,"0x00007f738dc73000",9835,3219595938655074,3219595938655711
"MEMORY_ALLOCATION","MEMORY_ALLOCATION_FREE","",0,"0x00007f738dc72000",9837,3219595938657593,3219595938657971
"MEMORY_ALLOCATION","MEMORY_ALLOCATION_ALLOCATE","Agent 3",256,"0x00007f738dc7a000",9839,3219595938659495,3219595938659693
"MEMORY_ALLOCATION","MEMORY_ALLOCATION_ALLOCATE","Agent 3",256,"0x00007f738dc7b000",9841,3219595938662698,3219595938662959
"MEMORY_ALLOCATION","MEMORY_ALLOCATION_ALLOCATE","Agent 3",512,"0x00007f738dc7c000",9846,3219595938671245,3219595938671576
"MEMORY_ALLOCATION","MEMORY_ALLOCATION_ALLOCATE","Agent 3",512,"0x00007f738dc7d000",9851,3219595938679254,3219595938679610
"MEMORY_ALLOCATION","MEMORY_ALLOCATION_ALLOCATE","Agent 3",512,"0x00007f738dc7e000",9856,3219595938687444,3219595938687688
"MEMORY_ALLOCATION","MEMORY_ALLOCATION_FREE","",0,"0x00007f738dc7d000",9861,3219595938708577,3219595938708844
"MEMORY_ALLOCATION","MEMORY_ALLOCATION_FREE","",0,"0x00007f738dc7c000",9863,3219595938710471,3219595938710697
"MEMORY_ALLOCATION","MEMORY_ALLOCATION_ALLOCATE","Agent 3",256,"0x00007f738dc7c000",9865,3219595938712248,3219595938712439
"MEMORY_ALLOCATION","MEMORY_ALLOCATION_FREE","",0,"0x00007f738dc7e000",9870,3219595938743642,3219595938743924
"MEMORY_ALLOCATION","MEMORY_ALLOCATION_ALLOCATE","Agent 3",256,"0x00007f738dc7d000",9872,3219595938746022,3219595938746202
"MEMORY_ALLOCATION","MEMORY_ALLOCATION_FREE","",0,"0x00007f738dc7c000",9877,3219595938762506,3219595938762700
"MEMORY_ALLOCATION","MEMORY_ALLOCATION_FREE","",0,"0x00007f738dc7b000",9879,3219595938764372,3219595938764560
"MEMORY_ALLOCATION","MEMORY_ALLOCATION_FREE","",0,"0x00007f738dc7a000",9881,3219595938766212,3219595938766518
"MEMORY_ALLOCATION","MEMORY_ALLOCATION_FREE","",0,"0x00007f738dc79000",9883,3219595938768155,3219595938768439
"MEMORY_ALLOCATION","MEMORY_ALLOCATION_FREE","",0,"0x00007f738dc71000",9885,3219595938770488,3219595938770698
"MEMORY_ALLOCATION","MEMORY_ALLOCATION_ALLOCATE","Agent 3",256,"0x00007f738dc7e000",9887,3219595938772585,3219595938772767
"MEMORY_ALLOCATION","MEMORY_ALLOCATION_ALLOCATE","Agent 3",256,"0x00007f738dc71000",9892,3219595938779841,3219595938780062
"MEMORY_ALLOCATION","MEMORY_ALLOCATION_ALLOCATE","Agent 3",128,"0x00007f738dc72000",9897,3219595938787311,3219595938787634
"MEMORY_ALLOCATION","MEMORY_ALLOCATION_ALLOCATE","Agent 3",128,"0x00007f738dc73000",9902,3219595938794673,3219595938795063
"MEMORY_ALLOCATION","MEMORY_ALLOCATION_ALLOCATE","Agent 3",256,"0x00007f738dc74000",9907,3219595938803365,3219595938803729
"MEMORY_ALLOCATION","MEMORY_ALLOCATION_ALLOCATE","Agent 3",128,"0x00007f738dc75000",9912,3219595938812425,3219595938812708
"MEMORY_ALLOCATION","MEMORY_ALLOCATION_ALLOCATE","Agent 3",256,"0x00007f738dc76000",9920,3219595938825964,3219595938826296
"MEMORY_ALLOCATION","MEMORY_ALLOCATION_ALLOCATE","Agent 3",256,"0x00007f738dc77000",9925,3219595938836597,3219595938837094
"MEMORY_ALLOCATION","MEMORY_ALLOCATION_FREE","",0,"0x00007f738dc76000",9930,3219595938864351,3219595938864614
"MEMORY_ALLOCATION","MEMORY_ALLOCATION_FREE","",0,"0x00007f738dc75000",9932,3219595938866339,3219595938866543
"MEMORY_ALLOCATION","MEMORY_ALLOCATION_FREE","",0,"0x00007f738dc74000",9934,3219595938868394,3219595938868598
"MEMORY_ALLOCATION","MEMORY_ALLOCATION_FREE","",0,"0x00007f738dc73000",9936,3219595938870055,3219595938870296
"MEMORY_ALLOCATION","MEMORY_ALLOCATION_FREE","",0,"0x00007f738dc72000",9938,3219595938871784,3219595938872039
"MEMORY_ALLOCATION","MEMORY_ALLOCATION_FREE","",0,"0x00007f738dc71000",9940,3219595938873531,3219595938873747
"MEMORY_ALLOCATION","MEMORY_ALLOCATION_FREE","",0,"0x00007f738dc7e000",9942,3219595938875346,3219595938875501
"MEMORY_ALLOCATION","MEMORY_ALLOCATION_ALLOCATE","Agent 3",256,"0x00007f738dc7e000",9944,3219595938876936,3219595938877102
"MEMORY_ALLOCATION","MEMORY_ALLOCATION_ALLOCATE","Agent 3",256,"0x00007f738dc78000",9946,3219595938879854,3219595938880065
"MEMORY_ALLOCATION","MEMORY_ALLOCATION_ALLOCATE","Agent 3",512,"0x00007f738dc79000",9951,3219595938887563,3219595938887801
"MEMORY_ALLOCATION","MEMORY_ALLOCATION_ALLOCATE","Agent 3",512,"0x00007f738dc7a000",9956,3219595938894858,3219595938895157
"MEMORY_ALLOCATION","MEMORY_ALLOCATION_ALLOCATE","Agent 3",512,"0x00007f738dc7b000",9961,3219595938902277,3219595938902515
"MEMORY_ALLOCATION","MEMORY_ALLOCATION_FREE","",0,"0x00007f738dc7a000",9966,3219595938923827,3219595938924100
"MEMORY_ALLOCATION","MEMORY_ALLOCATION_FREE","",0,"0x00007f738dc79000",9968,3219595938925844,3219595938926037
"MEMORY_ALLOCATION","MEMORY_ALLOCATION_ALLOCATE","Agent 3",256,"0x00007f738dc7c000",9970,3219595938927728,3219595938927900
"MEMORY_ALLOCATION","MEMORY_ALLOCATION_FREE","",0,"0x00007f738dc7b000",9975,3219595938958371,3219595938958737
"MEMORY_ALLOCATION","MEMORY_ALLOCATION_ALLOCATE","Agent 3",256,"0x00007f738dc79000",9977,3219595938960506,3219595938960738
"MEMORY_ALLOCATION","MEMORY_ALLOCATION_FREE","",0,"0x00007f738dc7c000",9982,3219595938977704,3219595938977990
"MEMORY_ALLOCATION","MEMORY_ALLOCATION_FREE","",0,"0x00007f738dc78000",9984,3219595938979827,3219595938979976
"MEMORY_ALLOCATION","MEMORY_ALLOCATION_FREE","",0,"0x00007f738dc7e000",9986,3219595938981544,3219595938981766
"MEMORY_ALLOCATION","MEMORY_ALLOCATION_FREE","",0,"0x00007f738dc77000",9988,3219595938983537,3219595938983830
"MEMORY_ALLOCATION","MEMORY_ALLOCATION_FREE","",0,"0x00007f738dc7d000",9990,3219595938985544,3219595938986107
"MEMORY_ALLOCATION","MEMORY_ALLOCATION_ALLOCATE","Agent 3",256,"0x00007f738dc7a000",9992,3219595939005263,3219595939005477
"MEMORY_ALLOCATION","MEMORY_ALLOCATION_FREE","",0,"0x00007f738dc79000",9997,3219595939041016,3219595939041309
"MEMORY_ALLOCATION","MEMORY_ALLOCATION_ALLOCATE","Agent 3",1024,"0x00007f738dc7b000",9999,3219595939044079,3219595939044301
"MEMORY_ALLOCATION","MEMORY_ALLOCATION_FREE","",0,"0x00007f738dc7a000",10004,3219595939070340,3219595939070627
"MEMORY_ALLOCATION","MEMORY_ALLOCATION_FREE","",0,"0x00007f738dc70000",10006,3219595939072594,3219595939072822
"MEMORY_ALLOCATION","MEMORY_ALLOCATION_FREE","",0,"0x00007f738dc6f000",10008,3219595939074476,3219595939074738
"MEMORY_ALLOCATION","MEMORY_ALLOCATION_FREE","",0,"0x00007f738dc6e000",10010,3219595939076576,3219595939076793
"MEMORY_ALLOCATION","MEMORY_ALLOCATION_FREE","",0,"0x00007f738dc7b000",10014,3219595939094955,3219595939095310
"MEMORY_ALLOCATION","MEMORY_ALLOCATION_ALLOCATE","Agent 3",16,"0x00007f738dc6e000",10016,3219595939097709,3219595939097920
"MEMORY_ALLOCATION","MEMORY_ALLOCATION_FREE","",0,"0x00007f738dc6e000",10023,3219595939133768,3219595939134062
"MEMORY_ALLOCATION","MEMORY_ALLOCATION_FREE","",0,"0x00007f738dc6d000",10037,3219595939167688,3219595939168145
"MEMORY_ALLOCATION","MEMORY_ALLOCATION_FREE","",0,"0x00007f738dc87000",10039,3219595939170313,3219595939170566
"MEMORY_ALLOCATION","MEMORY_ALLOCATION_FREE","",0,"0x00007f738dc7f000",10041,3219595939172393,3219595939172831
"MEMORY_ALLOCATION","MEMORY_ALLOCATION_FREE","",0,"0x00007f738dc97000",10043,3219595939174956,3219595939175322
"MEMORY_ALLOCATION","MEMORY_ALLOCATION_FREE","",0,"0x00007f738dc8f000",10045,3219595939177120,3219595939177645
"MEMORY_ALLOCATION","MEMORY_ALLOCATION_FREE","",0,"0x00007f738dc5d000",10049,3219595939207065,3219595939207432
"MEMORY_ALLOCATION","MEMORY_ALLOCATION_FREE","",0,"0x00007f738dc5c000",10051,3219595939209514,3219595939209968
"MEMORY_ALLOCATION","MEMORY_ALLOCATION_FREE","",0,"0x00007f738dc2e000",10053,3219595939211978,3219595939212503
"MEMORY_ALLOCATION","MEMORY_ALLOCATION_FREE","",0,"0x00007f738dc26000",10055,3219595939214397,3219595939214775
"MEMORY_ALLOCATION","MEMORY_ALLOCATION_FREE","",0,"0x00007f738dc1e000",10057,3219595939217087,3219595939217516
"MEMORY_ALLOCATION","MEMORY_ALLOCATION_FREE","",0,"0x00007f738dc1d000",10059,3219595939219571,3219595939219864
"MEMORY_ALLOCATION","MEMORY_ALLOCATION_FREE","",0,"0x00007f738dc19000",10061,3219595939221901,3219595939222247
"MEMORY_ALLOCATION","MEMORY_ALLOCATION_FREE","",0,"0x00007f738dc17000",10063,3219595939223991,3219595939224218
"MEMORY_ALLOCATION","MEMORY_ALLOCATION_FREE","",0,"0x00007f738dc15000",10065,3219595939225954,3219595939226173
"MEMORY_ALLOCATION","MEMORY_ALLOCATION_FREE","",0,"0x00007f738dc11000",10067,3219595939227965,3219595939228177
"MEMORY_ALLOCATION","MEMORY_ALLOCATION_FREE","",0,"0x00007f738dc10000",10069,3219595939229905,3219595939230167
"MEMORY_ALLOCATION","MEMORY_ALLOCATION_FREE","",0,"0x00007f738dc54000",10071,3219595939232264,3219595939232603
"MEMORY_ALLOCATION","MEMORY_ALLOCATION_FREE","",0,"0x00007f738dc4c000",10073,3219595939234621,3219595939234988
"MEMORY_ALLOCATION","MEMORY_ALLOCATION_FREE","",0,"0x00007f738dc44000",10075,3219595939236948,3219595939237202
"MEMORY_ALLOCATION","MEMORY_ALLOCATION_FREE","",0,"0x00007f738dc43000",10077,3219595939238919,3219595939239292
"MEMORY_ALLOCATION","MEMORY_ALLOCATION_FREE","",0,"0x00007f738dc3f000",10079,3219595939241305,3219595939241568
"MEMORY_ALLOCATION","MEMORY_ALLOCATION_FREE","",0,"0x00007f738dc3d000",10081,3219595939243372,3219595939243678
"MEMORY_ALLOCATION","MEMORY_ALLOCATION_FREE","",0,"0x00007f738dc3b000",10083,3219595939245881,3219595939246132
"MEMORY_ALLOCATION","MEMORY_ALLOCATION_FREE","",0,"0x00007f738dc37000",10085,3219595939247985,3219595939248240
"MEMORY_ALLOCATION","MEMORY_ALLOCATION_FREE","",0,"0x00007f738dc36000",10087,3219595939249978,3219595939250303
"MEMORY_ALLOCATION","MEMORY_ALLOCATION_FREE","",0,"0x00007f738dc00000",10089,3219595939252007,3219595939252394
