"Kind","Agent_Id","Queue_Id","Stream_Id","Thread_Id","Dispatch_Id","Kernel_Id","Kernel_Name","Correlation_Id","Start_Timestamp","End_Timestamp","LDS_Block_Size","Scratch_Size","VGPR_Count","Accum_VGPR_Count","SGPR_Count","Workgroup_Size_X","Workgroup_Size_Y","Workgroup_Size_Z","Grid_Size_X","Grid_Size_Y","Grid_Size_Z"
"KERNEL_DISPATCH","Agent 3",1,0,2659034,1,11,"__amd_rocclr_copyBuffer",9,3219595902503262,3219595902509115,0,0,16,0,32,512,1,1,512,1,1
"KERNEL_DISPATCH","Agent 3",1,0,2659034,2,11,"__amd_rocclr_copyBuffer",13,3219595902531260,3219595902536112,0,0,16,0,32,512,1,1,1024,1,1
"KERNEL_DISPATCH","Agent 3",1,0,2659034,3,11,"__amd_rocclr_copyBuffer",17,3219595902554148,3219595902558318,0,0,16,0,32,512,1,1,512,1,1
"KERNEL_DISPATCH","Agent 3",1,0,2659034,4,11,"__amd_rocclr_copyBuffer",21,3219595902576273,3219595902580522,0,0,16,0,32,512,1,1,512,1,1
"KERNEL_DISPATCH","Agent 3",1,0,2659034,5,11,"__amd_rocclr_copyBuffer",25,3219595902601306,3219595902605876,0,0,16,0,32,512,1,1,1024,1,1
"KERNEL_DISPATCH","Agent 3",1,0,2659034,6,11,"__amd_rocclr_copyBuffer",29,3219595902622595,3219595902626002,0,0,16,0,32,512,1,1,512,1,1
"KERNEL_DISPATCH","Agent 3",1,0,2659034,7,11,"__amd_rocclr_copyBuffer",45,3219595902718699,3219595902722949,0,0,16,0,32,512,1,1,512,1,1
"KERNEL_DISPATCH","Agent 3",1,0,2659034,8,11,"__amd_rocclr_copyBuffer",49,3219595902742248,3219595902747099,0,0,16,0,32,512,1,1,1024,1,1
"KERNEL_DISPATCH","Agent 3",1,0,2659034,9,11,"__amd_rocclr_copyBuffer",53,3219595902764671,3219595902769522,0,0,16,0,32,512,1,1,512,1,1
"KERNEL_DISPATCH","Agent 3",1,0,2659034,10,11,"__amd_rocclr_copyBuffer",57,3219595902786637,3219595902790927,0,0,16,0,32,512,1,1,512,1,1
"KERNEL_DISPATCH","Agent 3",1,0,2659034,11,11,"__amd_rocclr_copyBuffer",61,3219595902809004,3219595902813735,0,0,16,0,32,512,1,1,1024,1,1
"KERNEL_DISPATCH","Agent 3",1,0,2659034,12,11,"__amd_rocclr_copyBuffer",65,3219595902830129,3219595902833978,0,0,16,0,32,512,1,1,512,1,1
"KERNEL_DISPATCH","Agent 3",1,0,2659034,13,11,"__amd_rocclr_copyBuffer",81,3219595902921600,3219595902925610,0,0,16,0,32,512,1,1,512,1,1
"KERNEL_DISPATCH","Agent 3",1,0,2659034,14,11,"__amd_rocclr_copyBuffer",89,3219595902996993,3219595903000962,0,0,16,0,32,512,1,1,512,1,1
"KERNEL_DISPATCH","Agent 3",1,0,2659034,15,86,"microllm::ops::hip::(anonymous namespace)::embedding_kernel(float const*, int const*, float*, long, long, long)",93,3219595912129316,3219595912133605,0,0,16,0,32,256,1,1,256,1,1
"KERNEL_DISPATCH","Agent 3",1,0,2659034,16,135,"microllm::ops::hip::(anonymous namespace)::rms_norm_kernel(float const*, float const*, float*, long, long, float)",98,3219595912157505,3219595912161194,1024,0,12,4,32,256,1,1,1024,1,1
"KERNEL_DISPATCH","Agent 3",1,0,2659034,17,54,"void microllm::ops::hip::(anonymous namespace)::matmul_typed_kernel<float>(float const*, float const*, float*, long, long, long, long)",103,3219595912175088,3219595912192688,0,0,16,0,48,256,1,1,256,1,1
"KERNEL_DISPATCH","Agent 3",1,0,2659034,18,54,"void microllm::ops::hip::(anonymous namespace)::matmul_typed_kernel<float>(float const*, float const*, float*, long, long, long, long)",108,3219595912192660,3219595912211182,0,0,16,0,48,256,1,1,256,1,1
"KERNEL_DISPATCH","Agent 3",1,0,2659034,19,54,"void microllm::ops::hip::(anonymous namespace)::matmul_typed_kernel<float>(float const*, float const*, float*, long, long, long, long)",113,3219595912211266,3219595912225659,0,0,16,0,48,256,1,1,256,1,1
"KERNEL_DISPATCH","Agent 3",1,0,2659034,20,138,"microllm::runtime::detail::(anonymous namespace)::strided_copy_kernel(std::byte*, std::byte const*, unsigned long, long, microllm::runtime::detail::(anonymous namespace)::Layout)",118,3219595912564052,3219595912568221,0,0,20,4,48,256,1,1,256,1,1
"KERNEL_DISPATCH","Agent 3",1,0,2659034,21,138,"microllm::runtime::detail::(anonymous namespace)::strided_copy_kernel(std::byte*, std::byte const*, unsigned long, long, microllm::runtime::detail::(anonymous namespace)::Layout)",123,3219595912580700,3219595912584188,0,0,20,4,48,256,1,1,256,1,1
"KERNEL_DISPATCH","Agent 3",1,0,2659034,22,138,"microllm::runtime::detail::(anonymous namespace)::strided_copy_kernel(std::byte*, std::byte const*, unsigned long, long, microllm::runtime::detail::(anonymous namespace)::Layout)",128,3219595912591153,3219595912594321,0,0,20,4,48,256,1,1,256,1,1
"KERNEL_DISPATCH","Agent 3",1,0,2659034,23,93,"microllm::ops::hip::(anonymous namespace)::rope_kernel(float const*, float*, long, long, long, long, long, float)",133,3219595912602922,3219595912606290,0,0,28,4,48,256,1,1,256,1,1
"KERNEL_DISPATCH","Agent 3",1,0,2659034,24,93,"microllm::ops::hip::(anonymous namespace)::rope_kernel(float const*, float*, long, long, long, long, long, float)",140,3219595912668346,3219595912671153,0,0,28,4,48,256,1,1,256,1,1
"KERNEL_DISPATCH","Agent 3",1,0,2659034,25,11,"__amd_rocclr_copyBuffer",147,3219595912697730,3219595912699214,0,0,16,0,32,512,1,1,512,1,1
"KERNEL_DISPATCH","Agent 3",1,0,2659034,26,11,"__amd_rocclr_copyBuffer",149,3219595912702924,3219595912704207,0,0,16,0,32,512,1,1,512,1,1
"KERNEL_DISPATCH","Agent 3",1,0,2659034,27,11,"__amd_rocclr_copyBuffer",153,3219595912713617,3219595912715180,0,0,16,0,32,512,1,1,512,1,1
"KERNEL_DISPATCH","Agent 3",1,0,2659034,28,11,"__amd_rocclr_copyBuffer",155,3219595912718586,3219595912719949,0,0,16,0,32,512,1,1,512,1,1
"KERNEL_DISPATCH","Agent 3",1,0,2659034,29,109,"microllm::ops::hip::(anonymous namespace)::causal_gqa_attention_kernel(float const*, float const*, float const*, float*, float*, long, long, long, long, long, long, float)",159,3219595912731809,3219595912739346,1024,0,24,0,64,256,1,1,4096,1,1
"KERNEL_DISPATCH","Agent 3",1,0,2659034,30,138,"microllm::runtime::detail::(anonymous namespace)::strided_copy_kernel(std::byte*, std::byte const*, unsigned long, long, microllm::runtime::detail::(anonymous namespace)::Layout)",164,3219595912743466,3219595912746553,0,0,20,4,48,256,1,1,256,1,1
"KERNEL_DISPATCH","Agent 3",1,0,2659034,31,54,"void microllm::ops::hip::(anonymous namespace)::matmul_typed_kernel<float>(float const*, float const*, float*, long, long, long, long)",171,3219595912766834,3219595912783713,0,0,16,0,48,256,1,1,256,1,1
"KERNEL_DISPATCH","Agent 3",1,0,2659034,32,110,"void microllm::ops::hip::(anonymous namespace)::add_typed_kernel<float>(float const*, float const*, float*, long)",190,3219595912822077,3219595912825364,0,0,8,0,32,256,1,1,256,1,1
"KERNEL_DISPATCH","Agent 3",1,0,2659034,33,135,"microllm::ops::hip::(anonymous namespace)::rms_norm_kernel(float const*, float const*, float*, long, long, float)",199,3219595912847051,3219595912850218,1024,0,12,4,32,256,1,1,1024,1,1
"KERNEL_DISPATCH","Agent 3",1,0,2659034,34,54,"void microllm::ops::hip::(anonymous namespace)::matmul_typed_kernel<float>(float const*, float const*, float*, long, long, long, long)",204,3219595912855649,3219595912880024,0,0,16,0,48,256,1,1,512,1,1
"KERNEL_DISPATCH","Agent 3",1,0,2659034,35,54,"void microllm::ops::hip::(anonymous namespace)::matmul_typed_kernel<float>(float const*, float const*, float*, long, long, long, long)",209,3219595912880047,3219595912903541,0,0,16,0,48,256,1,1,512,1,1
"KERNEL_DISPATCH","Agent 3",1,0,2659034,36,70,"void microllm::ops::hip::(anonymous namespace)::swiglu_typed_kernel<float>(float const*, float const*, float*, long)",214,3219595912903830,3219595912907238,0,0,12,4,32,256,1,1,512,1,1
"KERNEL_DISPATCH","Agent 3",1,0,2659034,37,54,"void microllm::ops::hip::(anonymous namespace)::matmul_typed_kernel<float>(float const*, float const*, float*, long, long, long, long)",223,3219595912928002,3219595912974428,0,0,16,0,48,256,1,1,256,1,1
"KERNEL_DISPATCH","Agent 3",1,0,2659034,38,110,"void microllm::ops::hip::(anonymous namespace)::add_typed_kernel<float>(float const*, float const*, float*, long)",230,3219595912992470,3219595912995357,0,0,8,0,32,256,1,1,256,1,1
"KERNEL_DISPATCH","Agent 3",1,0,2659034,39,135,"microllm::ops::hip::(anonymous namespace)::rms_norm_kernel(float const*, float const*, float*, long, long, float)",243,3219595913021838,3219595913024725,1024,0,12,4,32,256,1,1,1024,1,1
"KERNEL_DISPATCH","Agent 3",1,0,2659034,40,54,"void microllm::ops::hip::(anonymous namespace)::matmul_typed_kernel<float>(float const*, float const*, float*, long, long, long, long)",248,3219595913030218,3219595913047257,0,0,16,0,48,256,1,1,256,1,1
"KERNEL_DISPATCH","Agent 3",1,0,2659034,41,54,"void microllm::ops::hip::(anonymous namespace)::matmul_typed_kernel<float>(float const*, float const*, float*, long, long, long, long)",253,3219595913047317,3219595913061630,0,0,16,0,48,256,1,1,256,1,1
"KERNEL_DISPATCH","Agent 3",1,0,2659034,42,54,"void microllm::ops::hip::(anonymous namespace)::matmul_typed_kernel<float>(float const*, float const*, float*, long, long, long, long)",258,3219595913061467,3219595913079869,0,0,16,0,48,256,1,1,256,1,1
"KERNEL_DISPATCH","Agent 3",1,0,2659034,43,138,"microllm::runtime::detail::(anonymous namespace)::strided_copy_kernel(std::byte*, std::byte const*, unsigned long, long, microllm::runtime::detail::(anonymous namespace)::Layout)",263,3219595913080014,3219595913083822,0,0,20,4,48,256,1,1,256,1,1
"KERNEL_DISPATCH","Agent 3",1,0,2659034,44,138,"microllm::runtime::detail::(anonymous namespace)::strided_copy_kernel(std::byte*, std::byte const*, unsigned long, long, microllm::runtime::detail::(anonymous namespace)::Layout)",268,3219595913083851,3219595913087660,0,0,20,4,48,256,1,1,256,1,1
"KERNEL_DISPATCH","Agent 3",1,0,2659034,45,138,"microllm::runtime::detail::(anonymous namespace)::strided_copy_kernel(std::byte*, std::byte const*, unsigned long, long, microllm::runtime::detail::(anonymous namespace)::Layout)",273,3219595913087664,3219595913091633,0,0,20,4,48,256,1,1,256,1,1
"KERNEL_DISPATCH","Agent 3",1,0,2659034,46,93,"microllm::ops::hip::(anonymous namespace)::rope_kernel(float const*, float*, long, long, long, long, long, float)",278,3219595913091590,3219595913095038,0,0,28,4,48,256,1,1,256,1,1
"KERNEL_DISPATCH","Agent 3",1,0,2659034,47,93,"microllm::ops::hip::(anonymous namespace)::rope_kernel(float const*, float*, long, long, long, long, long, float)",285,3219595913130919,3219595913134086,0,0,28,4,48,256,1,1,256,1,1
"KERNEL_DISPATCH","Agent 3",1,0,2659034,48,11,"__amd_rocclr_copyBuffer",292,3219595913153416,3219595913154860,0,0,16,0,32,512,1,1,512,1,1
"KERNEL_DISPATCH","Agent 3",1,0,2659034,49,11,"__amd_rocclr_copyBuffer",294,3219595913158327,3219595913159129,0,0,16,0,32,512,1,1,512,1,1
"KERNEL_DISPATCH","Agent 3",1,0,2659034,50,11,"__amd_rocclr_copyBuffer",298,3219595913166207,3219595913167690,0,0,16,0,32,512,1,1,512,1,1
"KERNEL_DISPATCH","Agent 3",1,0,2659034,51,11,"__amd_rocclr_copyBuffer",300,3219595913171271,3219595913172674,0,0,16,0,32,512,1,1,512,1,1
"KERNEL_DISPATCH","Agent 3",1,0,2659034,52,109,"microllm::ops::hip::(anonymous namespace)::causal_gqa_attention_kernel(float const*, float const*, float const*, float*, float*, long, long, long, long, long, long, float)",304,3219595913181414,3219595913187428,1024,0,24,0,64,256,1,1,4096,1,1
"KERNEL_DISPATCH","Agent 3",1,0,2659034,53,138,"microllm::runtime::detail::(anonymous namespace)::strided_copy_kernel(std::byte*, std::byte const*, unsigned long, long, microllm::runtime::detail::(anonymous namespace)::Layout)",309,3219595913200680,3219595913204008,0,0,20,4,48,256,1,1,256,1,1
"KERNEL_DISPATCH","Agent 3",1,0,2659034,54,54,"void microllm::ops::hip::(anonymous namespace)::matmul_typed_kernel<float>(float const*, float const*, float*, long, long, long, long)",316,3219595913222473,3219595913238951,0,0,16,0,48,256,1,1,256,1,1
"KERNEL_DISPATCH","Agent 3",1,0,2659034,55,110,"void microllm::ops::hip::(anonymous namespace)::add_typed_kernel<float>(float const*, float const*, float*, long)",335,3219595913272244,3219595913274930,0,0,8,0,32,256,1,1,256,1,1
"KERNEL_DISPATCH","Agent 3",1,0,2659034,56,135,"microllm::ops::hip::(anonymous namespace)::rms_norm_kernel(float const*, float const*, float*, long, long, float)",344,3219595913296505,3219595913299472,1024,0,12,4,32,256,1,1,1024,1,1
"KERNEL_DISPATCH","Agent 3",1,0,2659034,57,54,"void microllm::ops::hip::(anonymous namespace)::matmul_typed_kernel<float>(float const*, float const*, float*, long, long, long, long)",349,3219595913304841,3219595913328695,0,0,16,0,48,256,1,1,512,1,1
"KERNEL_DISPATCH","Agent 3",1,0,2659034,58,54,"void microllm::ops::hip::(anonymous namespace)::matmul_typed_kernel<float>(float const*, float const*, float*, long, long, long, long)",354,3219595913328633,3219595913351726,0,0,16,0,48,256,1,1,512,1,1
"KERNEL_DISPATCH","Agent 3",1,0,2659034,59,70,"void microllm::ops::hip::(anonymous namespace)::swiglu_typed_kernel<float>(float const*, float const*, float*, long)",359,3219595913351680,3219595913355168,0,0,12,4,32,256,1,1,512,1,1
"KERNEL_DISPATCH","Agent 3",1,0,2659034,60,54,"void microllm::ops::hip::(anonymous namespace)::matmul_typed_kernel<float>(float const*, float const*, float*, long, long, long, long)",368,3219595913376560,3219595913422144,0,0,16,0,48,256,1,1,256,1,1
"KERNEL_DISPATCH","Agent 3",1,0,2659034,61,110,"void microllm::ops::hip::(anonymous namespace)::add_typed_kernel<float>(float const*, float const*, float*, long)",375,3219595913442512,3219595913445439,0,0,8,0,32,256,1,1,256,1,1
"KERNEL_DISPATCH","Agent 3",1,0,2659034,62,135,"microllm::ops::hip::(anonymous namespace)::rms_norm_kernel(float const*, float const*, float*, long, long, float)",388,3219595913470777,3219595913473703,1024,0,12,4,32,256,1,1,1024,1,1
"KERNEL_DISPATCH","Agent 3",1,0,2659034,63,54,"void microllm::ops::hip::(anonymous namespace)::matmul_typed_kernel<float>(float const*, float const*, float*, long, long, long, long)",395,3219595913492504,3219595913516960,0,0,16,0,48,256,1,1,256,1,1
"KERNEL_DISPATCH","Agent 3",1,0,2659034,64,11,"__amd_rocclr_copyBuffer",406,3219595913540645,3219595913542409,0,0,16,0,32,512,1,1,512,1,1
"KERNEL_DISPATCH","Agent 3",1,0,2659034,65,11,"__amd_rocclr_copyBuffer",408,3219595913545932,3219595913547095,0,0,16,0,32,512,1,1,512,1,1
"KERNEL_DISPATCH","Agent 3",1,0,2659034,66,11,"__amd_rocclr_copyBuffer",410,3219595913551176,3219595913552620,0,0,16,0,32,512,1,1,512,1,1
"KERNEL_DISPATCH","Agent 3",1,0,2659034,67,11,"__amd_rocclr_copyBuffer",412,3219595913557580,3219595913559143,0,0,16,0,32,512,1,1,512,1,1
"KERNEL_DISPATCH","Agent 3",1,0,2659034,68,11,"__amd_rocclr_copyBuffer",418,3219595913569165,3219595913570729,0,0,16,0,32,512,1,1,512,1,1
"KERNEL_DISPATCH","Agent 3",1,0,2659034,69,11,"__amd_rocclr_copyBuffer",420,3219595913574115,3219595913575678,0,0,16,0,32,512,1,1,512,1,1
"KERNEL_DISPATCH","Agent 3",1,0,2659034,70,11,"__amd_rocclr_copyBuffer",422,3219595913581882,3219595913583446,0,0,16,0,32,512,1,1,512,1,1
"KERNEL_DISPATCH","Agent 3",1,0,2659034,71,11,"__amd_rocclr_copyBuffer",424,3219595913587236,3219595913589000,0,0,16,0,32,512,1,1,512,1,1
"KERNEL_DISPATCH","Agent 3",1,0,2659034,72,11,"__amd_rocclr_copyBuffer",436,3219595913617110,3219595913619676,0,0,16,0,32,512,1,1,512,1,1
"KERNEL_DISPATCH","Agent 3",1,0,2659034,73,11,"__amd_rocclr_copyBuffer",442,3219595913642062,3219595913645670,0,0,16,0,32,512,1,1,512,1,1
"KERNEL_DISPATCH","Agent 3",1,0,2659034,74,86,"microllm::ops::hip::(anonymous namespace)::embedding_kernel(float const*, int const*, float*, long, long, long)",446,3219595913663688,3219595913666775,0,0,16,0,32,256,1,1,512,1,1
"KERNEL_DISPATCH","Agent 3",1,0,2659034,75,135,"microllm::ops::hip::(anonymous namespace)::rms_norm_kernel(float const*, float const*, float*, long, long, float)",451,3219595913672777,3219595913676626,1024,0,12,4,32,256,1,1,2048,1,1
"KERNEL_DISPATCH","Agent 3",1,0,2659034,76,54,"void microllm::ops::hip::(anonymous namespace)::matmul_typed_kernel<float>(float const*, float const*, float*, long, long, long, long)",456,3219595913681828,3219595913699068,0,0,16,0,48,256,1,1,512,1,1
"KERNEL_DISPATCH","Agent 3",1,0,2659034,77,54,"void microllm::ops::hip::(anonymous namespace)::matmul_typed_kernel<float>(float const*, float const*, float*, long, long, long, long)",461,3219595913699228,3219595913717589,0,0,16,0,48,256,1,1,256,1,1
"KERNEL_DISPATCH","Agent 3",1,0,2659034,78,54,"void microllm::ops::hip::(anonymous namespace)::matmul_typed_kernel<float>(float const*, float const*, float*, long, long, long, long)",466,3219595913717368,3219595913732523,0,0,16,0,48,256,1,1,256,1,1
"KERNEL_DISPATCH","Agent 3",1,0,2659034,79,138,"microllm::runtime::detail::(anonymous namespace)::strided_copy_kernel(std::byte*, std::byte const*, unsigned long, long, microllm::runtime::detail::(anonymous namespace)::Layout)",471,3219595913732653,3219595913736582,0,0,20,4,48,256,1,1,512,1,1
"KERNEL_DISPATCH","Agent 3",1,0,2659034,80,138,"microllm::runtime::detail::(anonymous namespace)::strided_copy_kernel(std::byte*, std::byte const*, unsigned long, long, microllm::runtime::detail::(anonymous namespace)::Layout)",476,3219595913736505,3219595913740514,0,0,20,4,48,256,1,1,256,1,1
"KERNEL_DISPATCH","Agent 3",1,0,2659034,81,138,"microllm::runtime::detail::(anonymous namespace)::strided_copy_kernel(std::byte*, std::byte const*, unsigned long, long, microllm::runtime::detail::(anonymous namespace)::Layout)",481,3219595913740514,3219595913744523,0,0,20,4,48,256,1,1,256,1,1
"KERNEL_DISPATCH","Agent 3",1,0,2659034,82,93,"microllm::ops::hip::(anonymous namespace)::rope_kernel(float const*, float*, long, long, long, long, long, float)",486,3219595913744555,3219595913748043,0,0,28,4,48,256,1,1,256,1,1
"KERNEL_DISPATCH","Agent 3",1,0,2659034,83,93,"microllm::ops::hip::(anonymous namespace)::rope_kernel(float const*, float*, long, long, long, long, long, float)",493,3219595913773268,3219595913776355,0,0,28,4,48,256,1,1,256,1,1
"KERNEL_DISPATCH","Agent 3",1,0,2659034,84,11,"__amd_rocclr_copyBuffer",500,3219595913795448,3219595913796931,0,0,16,0,32,512,1,1,512,1,1
"KERNEL_DISPATCH","Agent 3",1,0,2659034,85,11,"__amd_rocclr_copyBuffer",502,3219595913810572,3219595913812216,0,0,16,0,32,512,1,1,512,1,1
"KERNEL_DISPATCH","Agent 3",1,0,2659034,86,11,"__amd_rocclr_copyBuffer",506,3219595913820930,3219595913822774,0,0,16,0,32,512,1,1,512,1,1
"KERNEL_DISPATCH","Agent 3",1,0,2659034,87,11,"__amd_rocclr_copyBuffer",508,3219595913826153,3219595913827236,0,0,16,0,32,512,1,1,512,1,1
"KERNEL_DISPATCH","Agent 3",1,0,2659034,88,109,"microllm::ops::hip::(anonymous namespace)::causal_gqa_attention_kernel(float const*, float const*, float const*, float*, float*, long, long, long, long, long, long, float)",512,3219595913833954,3219595913840369,1024,0,24,0,64,256,1,1,8192,1,1
"KERNEL_DISPATCH","Agent 3",1,0,2659034,89,138,"microllm::runtime::detail::(anonymous namespace)::strided_copy_kernel(std::byte*, std::byte const*, unsigned long, long, microllm::runtime::detail::(anonymous namespace)::Layout)",517,3219595913844214,3219595913847422,0,0,20,4,48,256,1,1,512,1,1
"KERNEL_DISPATCH","Agent 3",1,0,2659034,90,54,"void microllm::ops::hip::(anonymous namespace)::matmul_typed_kernel<float>(float const*, float const*, float*, long, long, long, long)",524,3219595913867384,3219595913884343,0,0,16,0,48,256,1,1,512,1,1
"KERNEL_DISPATCH","Agent 3",1,0,2659034,91,110,"void microllm::ops::hip::(anonymous namespace)::add_typed_kernel<float>(float const*, float const*, float*, long)",543,3219595913917048,3219595913919975,0,0,8,0,32,256,1,1,512,1,1
"KERNEL_DISPATCH","Agent 3",1,0,2659034,92,135,"microllm::ops::hip::(anonymous namespace)::rms_norm_kernel(float const*, float const*, float*, long, long, float)",552,3219595913940275,3219595913943603,1024,0,12,4,32,256,1,1,2048,1,1
"KERNEL_DISPATCH","Agent 3",1,0,2659034,93,54,"void microllm::ops::hip::(anonymous namespace)::matmul_typed_kernel<float>(float const*, float const*, float*, long, long, long, long)",557,3219595913948554,3219595913966114,0,0,16,0,48,256,1,1,1024,1,1
"KERNEL_DISPATCH","Agent 3",1,0,2659034,94,54,"void microllm::ops::hip::(anonymous namespace)::matmul_typed_kernel<float>(float const*, float const*, float*, long, long, long, long)",562,3219595913966032,3219595913982951,0,0,16,0,48,256,1,1,1024,1,1
"KERNEL_DISPATCH","Agent 3",1,0,2659034,95,70,"void microllm::ops::hip::(anonymous namespace)::swiglu_typed_kernel<float>(float const*, float const*, float*, long)",567,3219595913982992,3219595913986440,0,0,12,4,32,256,1,1,1024,1,1
"KERNEL_DISPATCH","Agent 3",1,0,2659034,96,54,"void microllm::ops::hip::(anonymous namespace)::matmul_typed_kernel<float>(float const*, float const*, float*, long, long, long, long)",576,3219595914016986,3219595914049741,0,0,16,0,48,256,1,1,512,1,1
"KERNEL_DISPATCH","Agent 3",1,0,2659034,97,110,"void microllm::ops::hip::(anonymous namespace)::add_typed_kernel<float>(float const*, float const*, float*, long)",583,3219595914069170,3219595914071214,0,0,8,0,32,256,1,1,512,1,1
"KERNEL_DISPATCH","Agent 3",1,0,2659034,98,135,"microllm::ops::hip::(anonymous namespace)::rms_norm_kernel(float const*, float const*, float*, long, long, float)",596,3219595914098391,3219595914101518,1024,0,12,4,32,256,1,1,2048,1,1
"KERNEL_DISPATCH","Agent 3",1,0,2659034,99,54,"void microllm::ops::hip::(anonymous namespace)::matmul_typed_kernel<float>(float const*, float const*, float*, long, long, long, long)",601,3219595914105727,3219595914122766,0,0,16,0,48,256,1,1,512,1,1
"KERNEL_DISPATCH","Agent 3",1,0,2659034,100,54,"void microllm::ops::hip::(anonymous namespace)::matmul_typed_kernel<float>(float const*, float const*, float*, long, long, long, long)",606,3219595914122752,3219595914132054,0,0,16,0,48,256,1,1,256,1,1
"KERNEL_DISPATCH","Agent 3",1,0,2659034,101,54,"void microllm::ops::hip::(anonymous namespace)::matmul_typed_kernel<float>(float const*, float const*, float*, long, long, long, long)",611,3219595914131934,3219595914140674,0,0,16,0,48,256,1,1,256,1,1
"KERNEL_DISPATCH","Agent 3",1,0,2659034,102,138,"microllm::runtime::detail::(anonymous namespace)::strided_copy_kernel(std::byte*, std::byte const*, unsigned long, long, microllm::runtime::detail::(anonymous namespace)::Layout)",616,3219595914140796,3219595914144685,0,0,20,4,48,256,1,1,512,1,1
"KERNEL_DISPATCH","Agent 3",1,0,2659034,103,138,"microllm::runtime::detail::(anonymous namespace)::strided_copy_kernel(std::byte*, std::byte const*, unsigned long, long, microllm::runtime::detail::(anonymous namespace)::Layout)",621,3219595914144724,3219595914148171,0,0,20,4,48,256,1,1,256,1,1
"KERNEL_DISPATCH","Agent 3",1,0,2659034,104,138,"microllm::runtime::detail::(anonymous namespace)::strided_copy_kernel(std::byte*, std::byte const*, unsigned long, long, microllm::runtime::detail::(anonymous namespace)::Layout)",626,3219595914151368,3219595914153733,0,0,20,4,48,256,1,1,256,1,1
"KERNEL_DISPATCH","Agent 3",1,0,2659034,105,93,"microllm::ops::hip::(anonymous namespace)::rope_kernel(float const*, float*, long, long, long, long, long, float)",631,3219595914163567,3219595914167175,0,0,28,4,48,256,1,1,256,1,1
"KERNEL_DISPATCH","Agent 3",1,0,2659034,106,93,"microllm::ops::hip::(anonymous namespace)::rope_kernel(float const*, float*, long, long, long, long, long, float)",638,3219595914189294,3219595914192581,0,0,28,4,48,256,1,1,256,1,1
"KERNEL_DISPATCH","Agent 3",1,0,2659034,107,11,"__amd_rocclr_copyBuffer",645,3219595914210782,3219595914212546,0,0,16,0,32,512,1,1,512,1,1
"KERNEL_DISPATCH","Agent 3",1,0,2659034,108,11,"__amd_rocclr_copyBuffer",647,3219595914216016,3219595914217098,0,0,16,0,32,512,1,1,512,1,1
"KERNEL_DISPATCH","Agent 3",1,0,2659034,109,11,"__amd_rocclr_copyBuffer",651,3219595914224431,3219595914226035,0,0,16,0,32,512,1,1,512,1,1
"KERNEL_DISPATCH","Agent 3",1,0,2659034,110,11,"__amd_rocclr_copyBuffer",653,3219595914229468,3219595914230551,0,0,16,0,32,512,1,1,512,1,1
"KERNEL_DISPATCH","Agent 3",1,0,2659034,111,109,"microllm::ops::hip::(anonymous namespace)::causal_gqa_attention_kernel(float const*, float const*, float const*, float*, float*, long, long, long, long, long, long, float)",657,3219595914240106,3219595914247764,1024,0,24,0,64,256,1,1,8192,1,1
"KERNEL_DISPATCH","Agent 3",1,0,2659034,112,138,"microllm::runtime::detail::(anonymous namespace)::strided_copy_kernel(std::byte*, std::byte const*, unsigned long, long, microllm::runtime::detail::(anonymous namespace)::Layout)",662,3219595914247533,3219595914251301,0,0,20,4,48,256,1,1,512,1,1
"KERNEL_DISPATCH","Agent 3",1,0,2659034,113,54,"void microllm::ops::hip::(anonymous namespace)::matmul_typed_kernel<float>(float const*, float const*, float*, long, long, long, long)",669,3219595914269462,3219595914286581,0,0,16,0,48,256,1,1,512,1,1
"KERNEL_DISPATCH","Agent 3",1,0,2659034,114,110,"void microllm::ops::hip::(anonymous namespace)::add_typed_kernel<float>(float const*, float const*, float*, long)",688,3219595914320428,3219595914322994,0,0,8,0,32,256,1,1,512,1,1
"KERNEL_DISPATCH","Agent 3",1,0,2659034,115,135,"microllm::ops::hip::(anonymous namespace)::rms_norm_kernel(float const*, float const*, float*, long, long, float)",697,3219595914342928,3219595914346095,1024,0,12,4,32,256,1,1,2048,1,1
"KERNEL_DISPATCH","Agent 3",1,0,2659034,116,54,"void microllm::ops::hip::(anonymous namespace)::matmul_typed_kernel<float>(float const*, float const*, float*, long, long, long, long)",702,3219595914355112,3219595914371990,0,0,16,0,48,256,1,1,1024,1,1
"KERNEL_DISPATCH","Agent 3",1,0,2659034,117,54,"void microllm::ops::hip::(anonymous namespace)::matmul_typed_kernel<float>(float const*, float const*, float*, long, long, long, long)",707,3219595914375112,3219595914391990,0,0,16,0,48,256,1,1,1024,1,1
"KERNEL_DISPATCH","Agent 3",1,0,2659034,118,70,"void microllm::ops::hip::(anonymous namespace)::swiglu_typed_kernel<float>(float const*, float const*, float*, long)",712,3219595914392048,3219595914395496,0,0,12,4,32,256,1,1,1024,1,1
"KERNEL_DISPATCH","Agent 3",1,0,2659034,119,54,"void microllm::ops::hip::(anonymous namespace)::matmul_typed_kernel<float>(float const*, float const*, float*, long, long, long, long)",721,3219595914428989,3219595914461904,0,0,16,0,48,256,1,1,512,1,1
"KERNEL_DISPATCH","Agent 3",1,0,2659034,120,110,"void microllm::ops::hip::(anonymous namespace)::add_typed_kernel<float>(float const*, float const*, float*, long)",728,3219595914482575,3219595914485221,0,0,8,0,32,256,1,1,512,1,1
"KERNEL_DISPATCH","Agent 3",1,0,2659034,121,135,"microllm::ops::hip::(anonymous namespace)::rms_norm_kernel(float const*, float const*, float*, long, long, float)",741,3219595914509162,3219595914512369,1024,0,12,4,32,256,1,1,2048,1,1
"KERNEL_DISPATCH","Agent 3",1,0,2659034,122,54,"void microllm::ops::hip::(anonymous namespace)::matmul_typed_kernel<float>(float const*, float const*, float*, long, long, long, long)",748,3219595914530481,3219595914539221,0,0,16,0,48,256,1,1,256,1,1
"KERNEL_DISPATCH","Agent 3",1,0,2659034,123,11,"__amd_rocclr_copyBuffer",755,3219595914558065,3219595914559348,0,0,16,0,32,512,1,1,512,1,1
"KERNEL_DISPATCH","Agent 3",1,0,2659034,124,11,"__amd_rocclr_copyBuffer",757,3219595914562570,3219595914563973,0,0,16,0,32,512,1,1,512,1,1
"KERNEL_DISPATCH","Agent 3",1,0,2659034,125,11,"__amd_rocclr_copyBuffer",759,3219595914567624,3219595914568786,0,0,16,0,32,512,1,1,512,1,1
"KERNEL_DISPATCH","Agent 3",1,0,2659034,126,11,"__amd_rocclr_copyBuffer",761,3219595914572426,3219595914573989,0,0,16,0,32,512,1,1,512,1,1
"KERNEL_DISPATCH","Agent 3",1,0,2659034,127,11,"__amd_rocclr_copyBuffer",763,3219595914577964,3219595914579528,0,0,16,0,32,512,1,1,512,1,1
"KERNEL_DISPATCH","Agent 3",1,0,2659034,128,11,"__amd_rocclr_copyBuffer",765,3219595914584623,3219595914586066,0,0,16,0,32,512,1,1,512,1,1
"KERNEL_DISPATCH","Agent 3",1,0,2659034,129,11,"__amd_rocclr_copyBuffer",767,3219595914590716,3219595914592159,0,0,16,0,32,512,1,1,512,1,1
"KERNEL_DISPATCH","Agent 3",1,0,2659034,130,11,"__amd_rocclr_copyBuffer",769,3219595914595746,3219595914597189,0,0,16,0,32,512,1,1,512,1,1
"KERNEL_DISPATCH","Agent 3",1,0,2659034,131,11,"__amd_rocclr_copyBuffer",779,3219595914624916,3219595914626560,0,0,16,0,32,512,1,1,512,1,1
"KERNEL_DISPATCH","Agent 3",1,0,2659034,132,11,"__amd_rocclr_copyBuffer",785,3219595914647073,3219595914650400,0,0,16,0,32,512,1,1,512,1,1
"KERNEL_DISPATCH","Agent 3",1,0,2659034,133,86,"microllm::ops::hip::(anonymous namespace)::embedding_kernel(float const*, int const*, float*, long, long, long)",789,3219595914665923,3219595914668288,0,0,16,0,32,256,1,1,768,1,1
"KERNEL_DISPATCH","Agent 3",1,0,2659034,134,135,"microllm::ops::hip::(anonymous namespace)::rms_norm_kernel(float const*, float const*, float*, long, long, float)",794,3219595914674328,3219595914677054,1024,0,12,4,32,256,1,1,3072,1,1
"KERNEL_DISPATCH","Agent 3",1,0,2659034,135,54,"void microllm::ops::hip::(anonymous namespace)::matmul_typed_kernel<float>(float const*, float const*, float*, long, long, long, long)",799,3219595914682768,3219595914699487,0,0,16,0,48,256,1,1,768,1,1
"KERNEL_DISPATCH","Agent 3",1,0,2659034,136,54,"void microllm::ops::hip::(anonymous namespace)::matmul_typed_kernel<float>(float const*, float const*, float*, long, long, long, long)",804,3219595914699559,3219595914718121,0,0,16,0,48,256,1,1,512,1,1
"KERNEL_DISPATCH","Agent 3",1,0,2659034,137,54,"void microllm::ops::hip::(anonymous namespace)::matmul_typed_kernel<float>(float const*, float const*, float*, long, long, long, long)",809,3219595914718125,3219595914732839,0,0,16,0,48,256,1,1,512,1,1
"KERNEL_DISPATCH","Agent 3",1,0,2659034,138,138,"microllm::runtime::detail::(anonymous namespace)::strided_copy_kernel(std::byte*, std::byte const*, unsigned long, long, microllm::runtime::detail::(anonymous namespace)::Layout)",814,3219595914732857,3219595914736866,0,0,20,4,48,256,1,1,768,1,1
"KERNEL_DISPATCH","Agent 3",1,0,2659034,139,138,"microllm::runtime::detail::(anonymous namespace)::strided_copy_kernel(std::byte*, std::byte const*, unsigned long, long, microllm::runtime::detail::(anonymous namespace)::Layout)",819,3219595914736864,3219595914740833,0,0,20,4,48,256,1,1,512,1,1
"KERNEL_DISPATCH","Agent 3",1,0,2659034,140,138,"microllm::runtime::detail::(anonymous namespace)::strided_copy_kernel(std::byte*, std::byte const*, unsigned long, long, microllm::runtime::detail::(anonymous namespace)::Layout)",824,3219595914740818,3219595914744827,0,0,20,4,48,256,1,1,512,1,1
"KERNEL_DISPATCH","Agent 3",1,0,2659034,141,93,"microllm::ops::hip::(anonymous namespace)::rope_kernel(float const*, float*, long, long, long, long, long, float)",829,3219595914744910,3219595914748398,0,0,28,4,48,256,1,1,512,1,1
"KERNEL_DISPATCH","Agent 3",1,0,2659034,142,93,"microllm::ops::hip::(anonymous namespace)::rope_kernel(float const*, float*, long, long, long, long, long, float)",836,3219595914772445,3219595914775332,0,0,28,4,48,256,1,1,256,1,1
"KERNEL_DISPATCH","Agent 3",1,0,2659034,143,11,"__amd_rocclr_copyBuffer",843,3219595914794171,3219595914795655,0,0,16,0,32,512,1,1,512,1,1
"KERNEL_DISPATCH","Agent 3",1,0,2659034,144,11,"__amd_rocclr_copyBuffer",845,3219595914799323,3219595914800526,0,0,16,0,32,512,1,1,512,1,1
"KERNEL_DISPATCH","Agent 3",1,0,2659034,145,11,"__amd_rocclr_copyBuffer",849,3219595914808397,3219595914809880,0,0,16,0,32,512,1,1,512,1,1
"KERNEL_DISPATCH","Agent 3",1,0,2659034,146,11,"__amd_rocclr_copyBuffer",851,3219595914813277,3219595914814399,0,0,16,0,32,512,1,1,512,1,1
"KERNEL_DISPATCH","Agent 3",1,0,2659034,147,109,"microllm::ops::hip::(anonymous namespace)::causal_gqa_attention_kernel(float const*, float const*, float const*, float*, float*, long, long, long, long, long, long, float)",855,3219595914832193,3219595914839089,1024,0,24,0,64,256,1,1,12288,1,1
"KERNEL_DISPATCH","Agent 3",1,0,2659034,148,138,"microllm::runtime::detail::(anonymous namespace)::strided_copy_kernel(std::byte*, std::byte const*, unsigned long, long, microllm::runtime::detail::(anonymous namespace)::Layout)",860,3219595914842262,3219595914845229,0,0,20,4,48,256,1,1,768,1,1
"KERNEL_DISPATCH","Agent 3",1,0,2659034,149,54,"void microllm::ops::hip::(anonymous namespace)::matmul_typed_kernel<float>(float const*, float const*, float*, long, long, long, long)",867,3219595914864776,3219595914881414,0,0,16,0,48,256,1,1,768,1,1
"KERNEL_DISPATCH","Agent 3",1,0,2659034,150,110,"void microllm::ops::hip::(anonymous namespace)::add_typed_kernel<float>(float const*, float const*, float*, long)",886,3219595914913038,3219595914915604,0,0,8,0,32,256,1,1,768,1,1
"KERNEL_DISPATCH","Agent 3",1,0,2659034,151,135,"microllm::ops::hip::(anonymous namespace)::rms_norm_kernel(float const*, float const*, float*, long, long, float)",895,3219595914935239,3219595914938246,1024,0,12,4,32,256,1,1,3072,1,1
"KERNEL_DISPATCH","Agent 3",1,0,2659034,152,54,"void microllm::ops::hip::(anonymous namespace)::matmul_typed_kernel<float>(float const*, float const*, float*, long, long, long, long)",900,3219595914943403,3219595914961444,0,0,16,0,48,256,1,1,1536,1,1
"KERNEL_DISPATCH","Agent 3",1,0,2659034,153,54,"void microllm::ops::hip::(anonymous namespace)::matmul_typed_kernel<float>(float const*, float const*, float*, long, long, long, long)",905,3219595914961393,3219595914978392,0,0,16,0,48,256,1,1,1536,1,1
"KERNEL_DISPATCH","Agent 3",1,0,2659034,154,70,"void microllm::ops::hip::(anonymous namespace)::swiglu_typed_kernel<float>(float const*, float const*, float*, long)",910,3219595914978322,3219595914981890,0,0,12,4,32,256,1,1,1536,1,1
"KERNEL_DISPATCH","Agent 3",1,0,2659034,155,54,"void microllm::ops::hip::(anonymous namespace)::matmul_typed_kernel<float>(float const*, float const*, float*, long, long, long, long)",919,3219595915002170,3219595915034524,0,0,16,0,48,256,1,1,768,1,1
"KERNEL_DISPATCH","Agent 3",1,0,2659034,156,110,"void microllm::ops::hip::(anonymous namespace)::add_typed_kernel<float>(float const*, float const*, float*, long)",926,3219595915051831,3219595915054437,0,0,8,0,32,256,1,1,768,1,1
"KERNEL_DISPATCH","Agent 3",1,0,2659034,157,135,"microllm::ops::hip::(anonymous namespace)::rms_norm_kernel(float const*, float const*, float*, long, long, float)",939,3219595915078652,3219595915081498,1024,0,12,4,32,256,1,1,3072,1,1
"KERNEL_DISPATCH","Agent 3",1,0,2659034,158,54,"void microllm::ops::hip::(anonymous namespace)::matmul_typed_kernel<float>(float const*, float const*, float*, long, long, long, long)",944,3219595915086270,3219595915102788,0,0,16,0,48,256,1,1,768,1,1
"KERNEL_DISPATCH","Agent 3",1,0,2659034,159,54,"void microllm::ops::hip::(anonymous namespace)::matmul_typed_kernel<float>(float const*, float const*, float*, long, long, long, long)",949,3219595915102923,3219595915117837,0,0,16,0,48,256,1,1,512,1,1
"KERNEL_DISPATCH","Agent 3",1,0,2659034,160,54,"void microllm::ops::hip::(anonymous namespace)::matmul_typed_kernel<float>(float const*, float const*, float*, long, long, long, long)",954,3219595915117774,3219595915135655,0,0,16,0,48,256,1,1,512,1,1
"KERNEL_DISPATCH","Agent 3",1,0,2659034,161,138,"microllm::runtime::detail::(anonymous namespace)::strided_copy_kernel(std::byte*, std::byte const*, unsigned long, long, microllm::runtime::detail::(anonymous namespace)::Layout)",959,3219595915135751,3219595915139760,0,0,20,4,48,256,1,1,768,1,1
"KERNEL_DISPATCH","Agent 3",1,0,2659034,162,138,"microllm::runtime::detail::(anonymous namespace)::strided_copy_kernel(std::byte*, std::byte const*, unsigned long, long, microllm::runtime::detail::(anonymous namespace)::Layout)",964,3219595915139701,3219595915143630,0,0,20,4,48,256,1,1,512,1,1
"KERNEL_DISPATCH","Agent 3",1,0,2659034,163,138,"microllm::runtime::detail::(anonymous namespace)::strided_copy_kernel(std::byte*, std::byte const*, unsigned long, long, microllm::runtime::detail::(anonymous namespace)::Layout)",969,3219595915143617,3219595915147546,0,0,20,4,48,256,1,1,512,1,1
"KERNEL_DISPATCH","Agent 3",1,0,2659034,164,93,"microllm::ops::hip::(anonymous namespace)::rope_kernel(float const*, float*, long, long, long, long, long, float)",974,3219595915147645,3219595915151133,0,0,28,4,48,256,1,1,512,1,1
"KERNEL_DISPATCH","Agent 3",1,0,2659034,165,93,"microllm::ops::hip::(anonymous namespace)::rope_kernel(float const*, float*, long, long, long, long, long, float)",981,3219595915173500,3219595915176668,0,0,28,4,48,256,1,1,256,1,1
"KERNEL_DISPATCH","Agent 3",1,0,2659034,166,11,"__amd_rocclr_copyBuffer",988,3219595915194551,3219595915196516,0,0,16,0,32,512,1,1,512,1,1
"KERNEL_DISPATCH","Agent 3",1,0,2659034,167,11,"__amd_rocclr_copyBuffer",990,3219595915199946,3219595915201029,0,0,16,0,32,512,1,1,512,1,1
"KERNEL_DISPATCH","Agent 3",1,0,2659034,168,11,"__amd_rocclr_copyBuffer",994,3219595915208626,3219595915210190,0,0,16,0,32,512,1,1,512,1,1
"KERNEL_DISPATCH","Agent 3",1,0,2659034,169,11,"__amd_rocclr_copyBuffer",996,3219595915213794,3219595915214997,0,0,16,0,32,512,1,1,512,1,1
"KERNEL_DISPATCH","Agent 3",1,0,2659034,170,109,"microllm::ops::hip::(anonymous namespace)::causal_gqa_attention_kernel(float const*, float const*, float const*, float*, float*, long, long, long, long, long, long, float)",1000,3219595915222418,3219595915230677,1024,0,24,0,64,256,1,1,12288,1,1
"KERNEL_DISPATCH","Agent 3",1,0,2659034,171,138,"microllm::runtime::detail::(anonymous namespace)::strided_copy_kernel(std::byte*, std::byte const*, unsigned long, long, microllm::runtime::detail::(anonymous namespace)::Layout)",1005,3219595915230716,3219595915234365,0,0,20,4,48,256,1,1,768,1,1
"KERNEL_DISPATCH","Agent 3",1,0,2659034,172,54,"void microllm::ops::hip::(anonymous namespace)::matmul_typed_kernel<float>(float const*, float const*, float*, long, long, long, long)",1012,3219595915252193,3219595915268471,0,0,16,0,48,256,1,1,768,1,1
"KERNEL_DISPATCH","Agent 3",1,0,2659034,173,110,"void microllm::ops::hip::(anonymous namespace)::add_typed_kernel<float>(float const*, float const*, float*, long)",1031,3219595915300679,3219595915303446,0,0,8,0,32,256,1,1,768,1,1
"KERNEL_DISPATCH","Agent 3",1,0,2659034,174,135,"microllm::ops::hip::(anonymous namespace)::rms_norm_kernel(float const*, float const*, float*, long, long, float)",1040,3219595915323474,3219595915326641,1024,0,12,4,32,256,1,1,3072,1,1
"KERNEL_DISPATCH","Agent 3",1,0,2659034,175,54,"void microllm::ops::hip::(anonymous namespace)::matmul_typed_kernel<float>(float const*, float const*, float*, long, long, long, long)",1045,3219595915331403,3219595915349123,0,0,16,0,48,256,1,1,1536,1,1
"KERNEL_DISPATCH","Agent 3",1,0,2659034,176,54,"void microllm::ops::hip::(anonymous namespace)::matmul_typed_kernel<float>(float const*, float const*, float*, long, long, long, long)",1050,3219595915349068,3219595915365947,0,0,16,0,48,256,1,1,1536,1,1
"KERNEL_DISPATCH","Agent 3",1,0,2659034,177,70,"void microllm::ops::hip::(anonymous namespace)::swiglu_typed_kernel<float>(float const*, float const*, float*, long)",1055,3219595915366067,3219595915369715,0,0,12,4,32,256,1,1,1536,1,1
"KERNEL_DISPATCH","Agent 3",1,0,2659034,178,54,"void microllm::ops::hip::(anonymous namespace)::matmul_typed_kernel<float>(float const*, float const*, float*, long, long, long, long)",1064,3219595915420737,3219595915451969,0,0,16,0,48,256,1,1,768,1,1
"KERNEL_DISPATCH","Agent 3",1,0,2659034,179,110,"void microllm::ops::hip::(anonymous namespace)::add_typed_kernel<float>(float const*, float const*, float*, long)",1071,3219595915474482,3219595915476968,0,0,8,0,32,256,1,1,768,1,1
"KERNEL_DISPATCH","Agent 3",1,0,2659034,180,135,"microllm::ops::hip::(anonymous namespace)::rms_norm_kernel(float const*, float const*, float*, long, long, float)",1084,3219595915502345,3219595915505552,1024,0,12,4,32,256,1,1,3072,1,1
"KERNEL_DISPATCH","Agent 3",1,0,2659034,181,54,"void microllm::ops::hip::(anonymous namespace)::matmul_typed_kernel<float>(float const*, float const*, float*, long, long, long, long)",1091,3219595915523838,3219595915533099,0,0,16,0,48,256,1,1,256,1,1
"KERNEL_DISPATCH","Agent 3",1,0,2659034,182,11,"__amd_rocclr_copyBuffer",1098,3219595915552160,3219595915553924,0,0,16,0,32,512,1,1,512,1,1
"KERNEL_DISPATCH","Agent 3",1,0,2659034,183,11,"__amd_rocclr_copyBuffer",1100,3219595915557582,3219595915558745,0,0,16,0,32,512,1,1,512,1,1
"KERNEL_DISPATCH","Agent 3",1,0,2659034,184,11,"__amd_rocclr_copyBuffer",1102,3219595915562787,3219595915564471,0,0,16,0,32,512,1,1,512,1,1
"KERNEL_DISPATCH","Agent 3",1,0,2659034,185,11,"__amd_rocclr_copyBuffer",1104,3219595915567980,3219595915569543,0,0,16,0,32,512,1,1,512,1,1
"KERNEL_DISPATCH","Agent 3",1,0,2659034,186,11,"__amd_rocclr_copyBuffer",1106,3219595915574144,3219595915575788,0,0,16,0,32,512,1,1,512,1,1
"KERNEL_DISPATCH","Agent 3",1,0,2659034,187,11,"__amd_rocclr_copyBuffer",1108,3219595915579456,3219595915580619,0,0,16,0,32,512,1,1,512,1,1
"KERNEL_DISPATCH","Agent 3",1,0,2659034,188,11,"__amd_rocclr_copyBuffer",1110,3219595915584515,3219595915586199,0,0,16,0,32,512,1,1,512,1,1
"KERNEL_DISPATCH","Agent 3",1,0,2659034,189,11,"__amd_rocclr_copyBuffer",1112,3219595915590784,3219595915593190,0,0,16,0,32,512,1,1,512,1,1
"KERNEL_DISPATCH","Agent 3",1,0,2659034,190,11,"__amd_rocclr_copyBuffer",1122,3219595915619800,3219595915621685,0,0,16,0,32,512,1,1,512,1,1
"KERNEL_DISPATCH","Agent 3",1,0,2659034,191,11,"__amd_rocclr_copyBuffer",1128,3219595915641656,3219595915645063,0,0,16,0,32,512,1,1,512,1,1
"KERNEL_DISPATCH","Agent 3",1,0,2659034,192,86,"microllm::ops::hip::(anonymous namespace)::embedding_kernel(float const*, int const*, float*, long, long, long)",1132,3219595915660126,3219595915662611,0,0,16,0,32,256,1,1,1024,1,1
"KERNEL_DISPATCH","Agent 3",1,0,2659034,193,135,"microllm::ops::hip::(anonymous namespace)::rms_norm_kernel(float const*, float const*, float*, long, long, float)",1137,3219595915668203,3219595915671130,1024,0,12,4,32,256,1,1,4096,1,1
"KERNEL_DISPATCH","Agent 3",1,0,2659034,194,54,"void microllm::ops::hip::(anonymous namespace)::matmul_typed_kernel<float>(float const*, float const*, float*, long, long, long, long)",1142,3219595915677970,3219595915695049,0,0,16,0,48,256,1,1,1024,1,1
"KERNEL_DISPATCH","Agent 3",1,0,2659034,195,54,"void microllm::ops::hip::(anonymous namespace)::matmul_typed_kernel<float>(float const*, float const*, float*, long, long, long, long)",1147,3219595915695048,3219595915704069,0,0,16,0,48,256,1,1,512,1,1
"KERNEL_DISPATCH","Agent 3",1,0,2659034,196,54,"void microllm::ops::hip::(anonymous namespace)::matmul_typed_kernel<float>(float const*, float const*, float*, long, long, long, long)",1152,3219595915704096,3219595915713037,0,0,16,0,48,256,1,1,512,1,1
"KERNEL_DISPATCH","Agent 3",1,0,2659034,197,138,"microllm::runtime::detail::(anonymous namespace)::strided_copy_kernel(std::byte*, std::byte const*, unsigned long, long, microllm::runtime::detail::(anonymous namespace)::Layout)",1157,3219595915713128,3219595915717257,0,0,20,4,48,256,1,1,1024,1,1
"KERNEL_DISPATCH","Agent 3",1,0,2659034,198,138,"microllm::runtime::detail::(anonymous namespace)::strided_copy_kernel(std::byte*, std::byte const*, unsigned long, long, microllm::runtime::detail::(anonymous namespace)::Layout)",1162,3219595915717155,3219595915721846,0,0,20,4,48,256,1,1,512,1,1
"KERNEL_DISPATCH","Agent 3",1,0,2659034,199,138,"microllm::runtime::detail::(anonymous namespace)::strided_copy_kernel(std::byte*, std::byte const*, unsigned long, long, microllm::runtime::detail::(anonymous namespace)::Layout)",1167,3219595915722137,3219595915725625,0,0,20,4,48,256,1,1,512,1,1
"KERNEL_DISPATCH","Agent 3",1,0,2659034,200,93,"microllm::ops::hip::(anonymous namespace)::rope_kernel(float const*, float*, long, long, long, long, long, float)",1172,3219595915729502,3219595915733030,0,0,28,4,48,256,1,1,512,1,1
"KERNEL_DISPATCH","Agent 3",1,0,2659034,201,93,"microllm::ops::hip::(anonymous namespace)::rope_kernel(float const*, float*, long, long, long, long, long, float)",1179,3219595915756187,3219595915759114,0,0,28,4,48,256,1,1,256,1,1
"KERNEL_DISPATCH","Agent 3",1,0,2659034,202,11,"__amd_rocclr_copyBuffer",1186,3219595915777388,3219595915778991,0,0,16,0,32,512,1,1,512,1,1
"KERNEL_DISPATCH","Agent 3",1,0,2659034,203,11,"__amd_rocclr_copyBuffer",1188,3219595915782399,3219595915783602,0,0,16,0,32,512,1,1,512,1,1
"KERNEL_DISPATCH","Agent 3",1,0,2659034,204,11,"__amd_rocclr_copyBuffer",1192,3219595915790803,3219595915792687,0,0,16,0,32,512,1,1,512,1,1
"KERNEL_DISPATCH","Agent 3",1,0,2659034,205,11,"__amd_rocclr_copyBuffer",1194,3219595915796092,3219595915797375,0,0,16,0,32,512,1,1,512,1,1
"KERNEL_DISPATCH","Agent 3",1,0,2659034,206,109,"microllm::ops::hip::(anonymous namespace)::causal_gqa_attention_kernel(float const*, float const*, float const*, float*, float*, long, long, long, long, long, long, float)",1198,3219595915804829,3219595915812768,1024,0,24,0,64,256,1,1,16384,1,1
"KERNEL_DISPATCH","Agent 3",1,0,2659034,207,138,"microllm::runtime::detail::(anonymous namespace)::strided_copy_kernel(std::byte*, std::byte const*, unsigned long, long, microllm::runtime::detail::(anonymous namespace)::Layout)",1203,3219595915812723,3219595915816411,0,0,20,4,48,256,1,1,1024,1,1
"KERNEL_DISPATCH","Agent 3",1,0,2659034,208,54,"void microllm::ops::hip::(anonymous namespace)::matmul_typed_kernel<float>(float const*, float const*, float*, long, long, long, long)",1210,3219595915844585,3219595915861424,0,0,16,0,48,256,1,1,1024,1,1
"KERNEL_DISPATCH","Agent 3",1,0,2659034,209,110,"void microllm::ops::hip::(anonymous namespace)::add_typed_kernel<float>(float const*, float const*, float*, long)",1229,3219595915893585,3219595915896552,0,0,8,0,32,256,1,1,1024,1,1
"KERNEL_DISPATCH","Agent 3",1,0,2659034,210,135,"microllm::ops::hip::(anonymous namespace)::rms_norm_kernel(float const*, float const*, float*, long, long, float)",1238,3219595915916295,3219595915919262,1024,0,12,4,32,256,1,1,4096,1,1
"KERNEL_DISPATCH","Agent 3",1,0,2659034,211,54,"void microllm::ops::hip::(anonymous namespace)::matmul_typed_kernel<float>(float const*, float const*, float*, long, long, long, long)",1243,3219595915924266,3219595915942347,0,0,16,0,48,256,1,1,2048,1,1
"KERNEL_DISPATCH","Agent 3",1,0,2659034,212,54,"void microllm::ops::hip::(anonymous namespace)::matmul_typed_kernel<float>(float const*, float const*, float*, long, long, long, long)",1248,3219595915942308,3219595915958866,0,0,16,0,48,256,1,1,2048,1,1
"KERNEL_DISPATCH","Agent 3",1,0,2659034,213,70,"void microllm::ops::hip::(anonymous namespace)::swiglu_typed_kernel<float>(float const*, float const*, float*, long)",1253,3219595915958864,3219595915962472,0,0,12,4,32,256,1,1,2048,1,1
"KERNEL_DISPATCH","Agent 3",1,0,2659034,214,54,"void microllm::ops::hip::(anonymous namespace)::matmul_typed_kernel<float>(float const*, float const*, float*, long, long, long, long)",1262,3219595915982387,3219595916014019,0,0,16,0,48,256,1,1,1024,1,1
"KERNEL_DISPATCH","Agent 3",1,0,2659034,215,110,"void microllm::ops::hip::(anonymous namespace)::add_typed_kernel<float>(float const*, float const*, float*, long)",1269,3219595916033665,3219595916036271,0,0,8,0,32,256,1,1,1024,1,1
"KERNEL_DISPATCH","Agent 3",1,0,2659034,216,135,"microllm::ops::hip::(anonymous namespace)::rms_norm_kernel(float const*, float const*, float*, long, long, float)",1282,3219595916060939,3219595916063626,1024,0,12,4,32,256,1,1,4096,1,1
"KERNEL_DISPATCH","Agent 3",1,0,2659034,217,54,"void microllm::ops::hip::(anonymous namespace)::matmul_typed_kernel<float>(float const*, float const*, float*, long, long, long, long)",1287,3219595916070142,3219595916086820,0,0,16,0,48,256,1,1,1024,1,1
"KERNEL_DISPATCH","Agent 3",1,0,2659034,218,54,"void microllm::ops::hip::(anonymous namespace)::matmul_typed_kernel<float>(float const*, float const*, float*, long, long, long, long)",1292,3219595916086702,3219595916096244,0,0,16,0,48,256,1,1,512,1,1
"KERNEL_DISPATCH","Agent 3",1,0,2659034,219,54,"void microllm::ops::hip::(anonymous namespace)::matmul_typed_kernel<float>(float const*, float const*, float*, long, long, long, long)",1297,3219595916096307,3219595916105087,0,0,16,0,48,256,1,1,512,1,1
"KERNEL_DISPATCH","Agent 3",1,0,2659034,220,138,"microllm::runtime::detail::(anonymous namespace)::strided_copy_kernel(std::byte*, std::byte const*, unsigned long, long, microllm::runtime::detail::(anonymous namespace)::Layout)",1302,3219595916105224,3219595916109273,0,0,20,4,48,256,1,1,1024,1,1
"KERNEL_DISPATCH","Agent 3",1,0,2659034,221,138,"microllm::runtime::detail::(anonymous namespace)::strided_copy_kernel(std::byte*, std::byte const*, unsigned long, long, microllm::runtime::detail::(anonymous namespace)::Layout)",1307,3219595916109225,3219595916113515,0,0,20,4,48,256,1,1,512,1,1
"KERNEL_DISPATCH","Agent 3",1,0,2659034,222,138,"microllm::runtime::detail::(anonymous namespace)::strided_copy_kernel(std::byte*, std::byte const*, unsigned long, long, microllm::runtime::detail::(anonymous namespace)::Layout)",1312,3219595916113578,3219595916116985,0,0,20,4,48,256,1,1,512,1,1
"KERNEL_DISPATCH","Agent 3",1,0,2659034,223,93,"microllm::ops::hip::(anonymous namespace)::rope_kernel(float const*, float*, long, long, long, long, long, float)",1317,3219595916121777,3219595916125706,0,0,28,4,48,256,1,1,512,1,1
"KERNEL_DISPATCH","Agent 3",1,0,2659034,224,93,"microllm::ops::hip::(anonymous namespace)::rope_kernel(float const*, float*, long, long, long, long, long, float)",1324,3219595916148843,3219595916151890,0,0,28,4,48,256,1,1,256,1,1
"KERNEL_DISPATCH","Agent 3",1,0,2659034,225,11,"__amd_rocclr_copyBuffer",1331,3219595916169859,3219595916171623,0,0,16,0,32,512,1,1,512,1,1
"KERNEL_DISPATCH","Agent 3",1,0,2659034,226,11,"__amd_rocclr_copyBuffer",1333,3219595916175076,3219595916175958,0,0,16,0,32,512,1,1,512,1,1
"KERNEL_DISPATCH","Agent 3",1,0,2659034,227,11,"__amd_rocclr_copyBuffer",1337,3219595916183845,3219595916185128,0,0,16,0,32,512,1,1,512,1,1
"KERNEL_DISPATCH","Agent 3",1,0,2659034,228,11,"__amd_rocclr_copyBuffer",1339,3219595916188604,3219595916189687,0,0,16,0,32,512,1,1,512,1,1
"KERNEL_DISPATCH","Agent 3",1,0,2659034,229,109,"microllm::ops::hip::(anonymous namespace)::causal_gqa_attention_kernel(float const*, float const*, float const*, float*, float*, long, long, long, long, long, long, float)",1343,3219595916197818,3219595916206478,1024,0,24,0,64,256,1,1,16384,1,1
"KERNEL_DISPATCH","Agent 3",1,0,2659034,230,138,"microllm::runtime::detail::(anonymous namespace)::strided_copy_kernel(std::byte*, std::byte const*, unsigned long, long, microllm::runtime::detail::(anonymous namespace)::Layout)",1348,3219595916206370,3219595916210059,0,0,20,4,48,256,1,1,1024,1,1
"KERNEL_DISPATCH","Agent 3",1,0,2659034,231,54,"void microllm::ops::hip::(anonymous namespace)::matmul_typed_kernel<float>(float const*, float const*, float*, long, long, long, long)",1355,3219595916227866,3219595916244224,0,0,16,0,48,256,1,1,1024,1,1
"KERNEL_DISPATCH","Agent 3",1,0,2659034,232,110,"void microllm::ops::hip::(anonymous namespace)::add_typed_kernel<float>(float const*, float const*, float*, long)",1374,3219595916275957,3219595916278523,0,0,8,0,32,256,1,1,1024,1,1
"KERNEL_DISPATCH","Agent 3",1,0,2659034,233,135,"microllm::ops::hip::(anonymous namespace)::rms_norm_kernel(float const*, float const*, float*, long, long, float)",1383,3219595916298464,3219595916301110,1024,0,12,4,32,256,1,1,4096,1,1
"KERNEL_DISPATCH","Agent 3",1,0,2659034,234,54,"void microllm::ops::hip::(anonymous namespace)::matmul_typed_kernel<float>(float const*, float const*, float*, long, long, long, long)",1388,3219595916306111,3219595916323310,0,0,16,0,48,256,1,1,2048,1,1
"KERNEL_DISPATCH","Agent 3",1,0,2659034,235,54,"void microllm::ops::hip::(anonymous namespace)::matmul_typed_kernel<float>(float const*, float const*, float*, long, long, long, long)",1393,3219595916323332,3219595916340371,0,0,16,0,48,256,1,1,2048,1,1
"KERNEL_DISPATCH","Agent 3",1,0,2659034,236,70,"void microllm::ops::hip::(anonymous namespace)::swiglu_typed_kernel<float>(float const*, float const*, float*, long)",1398,3219595916340451,3219595916344180,0,0,12,4,32,256,1,1,2048,1,1
"KERNEL_DISPATCH","Agent 3",1,0,2659034,237,54,"void microllm::ops::hip::(anonymous namespace)::matmul_typed_kernel<float>(float const*, float const*, float*, long, long, long, long)",1407,3219595916423393,3219595916454825,0,0,16,0,48,256,1,1,1024,1,1
"KERNEL_DISPATCH","Agent 3",1,0,2659034,238,110,"void microllm::ops::hip::(anonymous namespace)::add_typed_kernel<float>(float const*, float const*, float*, long)",1414,3219595916473777,3219595916476343,0,0,8,0,32,256,1,1,1024,1,1
"KERNEL_DISPATCH","Agent 3",1,0,2659034,239,135,"microllm::ops::hip::(anonymous namespace)::rms_norm_kernel(float const*, float const*, float*, long, long, float)",1427,3219595916501800,3219595916504607,1024,0,12,4,32,256,1,1,4096,1,1
"KERNEL_DISPATCH","Agent 3",1,0,2659034,240,54,"void microllm::ops::hip::(anonymous namespace)::matmul_typed_kernel<float>(float const*, float const*, float*, long, long, long, long)",1434,3219595916532410,3219595916541430,0,0,16,0,48,256,1,1,256,1,1
"KERNEL_DISPATCH","Agent 3",1,0,2659034,241,11,"__amd_rocclr_copyBuffer",1441,3219595916560993,3219595916562396,0,0,16,0,32,512,1,1,512,1,1
"KERNEL_DISPATCH","Agent 3",1,0,2659034,242,11,"__amd_rocclr_copyBuffer",1443,3219595916565677,3219595916566840,0,0,16,0,32,512,1,1,512,1,1
"KERNEL_DISPATCH","Agent 3",1,0,2659034,243,11,"__amd_rocclr_copyBuffer",1445,3219595916570677,3219595916572161,0,0,16,0,32,512,1,1,512,1,1
"KERNEL_DISPATCH","Agent 3",1,0,2659034,244,11,"__amd_rocclr_copyBuffer",1447,3219595916576115,3219595916577679,0,0,16,0,32,512,1,1,512,1,1
"KERNEL_DISPATCH","Agent 3",1,0,2659034,245,11,"__amd_rocclr_copyBuffer",1449,3219595916582077,3219595916583520,0,0,16,0,32,512,1,1,512,1,1
"KERNEL_DISPATCH","Agent 3",1,0,2659034,246,11,"__amd_rocclr_copyBuffer",1451,3219595916588173,3219595916589737,0,0,16,0,32,512,1,1,512,1,1
"KERNEL_DISPATCH","Agent 3",1,0,2659034,247,11,"__amd_rocclr_copyBuffer",1453,3219595916593576,3219595916595020,0,0,16,0,32,512,1,1,512,1,1
"KERNEL_DISPATCH","Agent 3",1,0,2659034,248,11,"__amd_rocclr_copyBuffer",1455,3219595916598568,3219595916601495,0,0,16,0,32,512,1,1,512,1,1
"KERNEL_DISPATCH","Agent 3",1,0,2659034,249,11,"__amd_rocclr_copyBuffer",1465,3219595916628048,3219595916629612,0,0,16,0,32,512,1,1,512,1,1
"KERNEL_DISPATCH","Agent 3",1,0,2659034,250,67,"microllm::ops::hip::(anonymous namespace)::argmax_last_dim_kernel(float const*, int*, long, long)",1471,3219595916650997,3219595916654645,4096,0,12,4,32,256,1,1,1024,1,1
"KERNEL_DISPATCH","Agent 3",1,0,2659034,251,11,"__amd_rocclr_copyBuffer",1474,3219595916659076,3219595916661521,0,0,16,0,32,512,1,1,512,1,1
"KERNEL_DISPATCH","Agent 3",1,0,2659034,252,11,"__amd_rocclr_copyBuffer",1480,3219595916690971,3219595916694580,0,0,16,0,32,512,1,1,512,1,1
"KERNEL_DISPATCH","Agent 3",1,0,2659034,253,11,"__amd_rocclr_copyBuffer",1484,3219595916711734,3219595916715142,0,0,16,0,32,512,1,1,512,1,1
"KERNEL_DISPATCH","Agent 3",1,0,2659034,254,11,"__amd_rocclr_copyBuffer",1488,3219595916731372,3219595916734659,0,0,16,0,32,512,1,1,512,1,1
"KERNEL_DISPATCH","Agent 3",1,0,2659034,255,86,"microllm::ops::hip::(anonymous namespace)::embedding_kernel(float const*, int const*, float*, long, long, long)",1492,3219595916750487,3219595916752973,0,0,16,0,32,256,1,1,256,1,1
"KERNEL_DISPATCH","Agent 3",1,0,2659034,256,135,"microllm::ops::hip::(anonymous namespace)::rms_norm_kernel(float const*, float const*, float*, long, long, float)",1497,3219595916759862,3219595916762669,1024,0,12,4,32,256,1,1,1024,1,1
"KERNEL_DISPATCH","Agent 3",1,0,2659034,257,54,"void microllm::ops::hip::(anonymous namespace)::matmul_typed_kernel<float>(float const*, float const*, float*, long, long, long, long)",1502,3219595916770298,3219595916779559,0,0,16,0,48,256,1,1,256,1,1
"KERNEL_DISPATCH","Agent 3",1,0,2659034,258,54,"void microllm::ops::hip::(anonymous namespace)::matmul_typed_kernel<float>(float const*, float const*, float*, long, long, long, long)",1507,3219595916782792,3219595916792896,0,0,16,0,48,256,1,1,256,1,1
"KERNEL_DISPATCH","Agent 3",1,0,2659034,259,54,"void microllm::ops::hip::(anonymous namespace)::matmul_typed_kernel<float>(float const*, float const*, float*, long, long, long, long)",1512,3219595916793085,3219595916801544,0,0,16,0,48,256,1,1,256,1,1
"KERNEL_DISPATCH","Agent 3",1,0,2659034,260,91,"microllm::ops::hip::(anonymous namespace)::rope_positions_kernel(float const*, int const*, float*, long, long, long, float)",1517,3219595916804858,3219595916806902,0,0,28,4,48,256,1,1,256,1,1
"KERNEL_DISPATCH","Agent 3",1,0,2659034,261,91,"microllm::ops::hip::(anonymous namespace)::rope_positions_kernel(float const*, int const*, float*, long, long, long, float)",1522,3219595916813563,3219595916816209,0,0,28,4,48,256,1,1,256,1,1
"KERNEL_DISPATCH","Agent 3",1,0,2659034,262,64,"void microllm::ops::hip::(anonymous namespace)::kv_cache_store_pair_positions_kernel<float>(float const*, float const*, int const*, int const*, float*, float*, long, long, long, long, long, long)",1525,3219595916823171,3219595916826017,0,0,20,4,48,256,1,1,256,1,1
"KERNEL_DISPATCH","Agent 3",1,0,2659034,263,14,"void microllm::ops::hip::(anonymous namespace)::cached_attention_fused_positions_kernel<float>(float const*, float const*, float const*, int const*, int const*, float*, long, long, long, long, long, long, long, long, float)",1530,3219595916834176,3219595916843798,1024,0,52,4,64,256,1,1,4096,1,1
"KERNEL_DISPATCH","Agent 3",1,0,2659034,264,54,"void microllm::ops::hip::(anonymous namespace)::matmul_typed_kernel<float>(float const*, float const*, float*, long, long, long, long)",1535,3219595916843762,3219595916852582,0,0,16,0,48,256,1,1,256,1,1
"KERNEL_DISPATCH","Agent 3",1,0,2659034,265,50,"void microllm::ops::hip::(anonymous namespace)::add_rms_norm_kernel<256u>(float const*, float const*, float const*, float*, float*, long, long, float)",1556,3219595916895738,3219595916898945,1024,0,16,0,32,256,1,1,1024,1,1
"KERNEL_DISPATCH","Agent 3",1,0,2659034,266,54,"void microllm::ops::hip::(anonymous namespace)::matmul_typed_kernel<float>(float const*, float const*, float*, long, long, long, long)",1561,3219595916903890,3219595916913512,0,0,16,0,48,256,1,1,512,1,1
"KERNEL_DISPATCH","Agent 3",1,0,2659034,267,54,"void microllm::ops::hip::(anonymous namespace)::matmul_typed_kernel<float>(float const*, float const*, float*, long, long, long, long)",1566,3219595916913451,3219595916922512,0,0,16,0,48,256,1,1,512,1,1
"KERNEL_DISPATCH","Agent 3",1,0,2659034,268,70,"void microllm::ops::hip::(anonymous namespace)::swiglu_typed_kernel<float>(float const*, float const*, float*, long)",1571,3219595916922360,3219595916925888,0,0,12,4,32,256,1,1,512,1,1
"KERNEL_DISPATCH","Agent 3",1,0,2659034,269,54,"void microllm::ops::hip::(anonymous namespace)::matmul_typed_kernel<float>(float const*, float const*, float*, long, long, long, long)",1580,3219595916946004,3219595916962762,0,0,16,0,48,256,1,1,256,1,1
"KERNEL_DISPATCH","Agent 3",1,0,2659034,270,110,"void microllm::ops::hip::(anonymous namespace)::add_typed_kernel<float>(float const*, float const*, float*, long)",1587,3219595916980285,3219595916982169,0,0,8,0,32,256,1,1,256,1,1
"KERNEL_DISPATCH","Agent 3",1,0,2659034,271,135,"microllm::ops::hip::(anonymous namespace)::rms_norm_kernel(float const*, float const*, float*, long, long, float)",1602,3219595917008156,3219595917010962,1024,0,12,4,32,256,1,1,1024,1,1
"KERNEL_DISPATCH","Agent 3",1,0,2659034,272,54,"void microllm::ops::hip::(anonymous namespace)::matmul_typed_kernel<float>(float const*, float const*, float*, long, long, long, long)",1607,3219595917025985,3219595917035928,0,0,16,0,48,256,1,1,256,1,1
"KERNEL_DISPATCH","Agent 3",1,0,2659034,273,54,"void microllm::ops::hip::(anonymous namespace)::matmul_typed_kernel<float>(float const*, float const*, float*, long, long, long, long)",1612,3219595917035844,3219595917044424,0,0,16,0,48,256,1,1,256,1,1
"KERNEL_DISPATCH","Agent 3",1,0,2659034,274,54,"void microllm::ops::hip::(anonymous namespace)::matmul_typed_kernel<float>(float const*, float const*, float*, long, long, long, long)",1617,3219595917044462,3219595917053563,0,0,16,0,48,256,1,1,256,1,1
"KERNEL_DISPATCH","Agent 3",1,0,2659034,275,91,"microllm::ops::hip::(anonymous namespace)::rope_positions_kernel(float const*, int const*, float*, long, long, long, float)",1622,3219595917053586,3219595917057033,0,0,28,4,48,256,1,1,256,1,1
"KERNEL_DISPATCH","Agent 3",1,0,2659034,276,91,"microllm::ops::hip::(anonymous namespace)::rope_positions_kernel(float const*, int const*, float*, long, long, long, float)",1627,3219595917062138,3219595917064664,0,0,28,4,48,256,1,1,256,1,1
"KERNEL_DISPATCH","Agent 3",1,0,2659034,277,64,"void microllm::ops::hip::(anonymous namespace)::kv_cache_store_pair_positions_kernel<float>(float const*, float const*, int const*, int const*, float*, float*, long, long, long, long, long, long)",1630,3219595917069301,3219595917071626,0,0,20,4,48,256,1,1,256,1,1
"KERNEL_DISPATCH","Agent 3",1,0,2659034,278,14,"void microllm::ops::hip::(anonymous namespace)::cached_attention_fused_positions_kernel<float>(float const*, float const*, float const*, int const*, int const*, float*, long, long, long, long, long, long, long, long, float)",1635,3219595917079554,3219595917088374,1024,0,52,4,64,256,1,1,4096,1,1
"KERNEL_DISPATCH","Agent 3",1,0,2659034,279,54,"void microllm::ops::hip::(anonymous namespace)::matmul_typed_kernel<float>(float const*, float const*, float*, long, long, long, long)",1640,3219595917088592,3219595917098214,0,0,16,0,48,256,1,1,256,1,1
"KERNEL_DISPATCH","Agent 3",1,0,2659034,280,50,"void microllm::ops::hip::(anonymous namespace)::add_rms_norm_kernel<256u>(float const*, float const*, float const*, float*, float*, long, long, float)",1661,3219595917145713,3219595917148519,1024,0,16,0,32,256,1,1,1024,1,1
"KERNEL_DISPATCH","Agent 3",1,0,2659034,281,54,"void microllm::ops::hip::(anonymous namespace)::matmul_typed_kernel<float>(float const*, float const*, float*, long, long, long, long)",1666,3219595917154195,3219595917164539,0,0,16,0,48,256,1,1,512,1,1
"KERNEL_DISPATCH","Agent 3",1,0,2659034,282,54,"void microllm::ops::hip::(anonymous namespace)::matmul_typed_kernel<float>(float const*, float const*, float*, long, long, long, long)",1671,3219595917164414,3219595917173234,0,0,16,0,48,256,1,1,512,1,1
"KERNEL_DISPATCH","Agent 3",1,0,2659034,283,70,"void microllm::ops::hip::(anonymous namespace)::swiglu_typed_kernel<float>(float const*, float const*, float*, long)",1676,3219595917173251,3219595917176658,0,0,12,4,32,256,1,1,512,1,1
"KERNEL_DISPATCH","Agent 3",1,0,2659034,284,54,"void microllm::ops::hip::(anonymous namespace)::matmul_typed_kernel<float>(float const*, float const*, float*, long, long, long, long)",1685,3219595917196577,3219595917213014,0,0,16,0,48,256,1,1,256,1,1
"KERNEL_DISPATCH","Agent 3",1,0,2659034,285,110,"void microllm::ops::hip::(anonymous namespace)::add_typed_kernel<float>(float const*, float const*, float*, long)",1692,3219595917230730,3219595917233376,0,0,8,0,32,256,1,1,256,1,1
"KERNEL_DISPATCH","Agent 3",1,0,2659034,286,135,"microllm::ops::hip::(anonymous namespace)::rms_norm_kernel(float const*, float const*, float*, long, long, float)",1707,3219595917260581,3219595917263548,1024,0,12,4,32,256,1,1,1024,1,1
"KERNEL_DISPATCH","Agent 3",1,0,2659034,287,54,"void microllm::ops::hip::(anonymous namespace)::matmul_typed_kernel<float>(float const*, float const*, float*, long, long, long, long)",1714,3219595917283417,3219595917299815,0,0,16,0,48,256,1,1,1024,1,1
"KERNEL_DISPATCH","Agent 3",1,0,2659034,288,11,"__amd_rocclr_copyBuffer",1725,3219595917323498,3219595917325062,0,0,16,0,32,512,1,1,512,1,1
"KERNEL_DISPATCH","Agent 3",1,0,2659034,289,11,"__amd_rocclr_copyBuffer",1727,3219595917328745,3219595917330028,0,0,16,0,32,512,1,1,512,1,1
"KERNEL_DISPATCH","Agent 3",1,0,2659034,290,11,"__amd_rocclr_copyBuffer",1729,3219595917334054,3219595917335618,0,0,16,0,32,512,1,1,512,1,1
"KERNEL_DISPATCH","Agent 3",1,0,2659034,291,11,"__amd_rocclr_copyBuffer",1731,3219595917339361,3219595917341406,0,0,16,0,32,512,1,1,512,1,1
"KERNEL_DISPATCH","Agent 3",1,0,2659034,292,67,"microllm::ops::hip::(anonymous namespace)::argmax_last_dim_kernel(float const*, int*, long, long)",1737,3219595917361641,3219595917365049,4096,0,12,4,32,256,1,1,1024,1,1
"KERNEL_DISPATCH","Agent 3",1,0,2659034,293,11,"__amd_rocclr_copyBuffer",1740,3219595917369116,3219595917370920,0,0,16,0,32,512,1,1,512,1,1
"KERNEL_DISPATCH","Agent 3",1,0,2659034,294,11,"__amd_rocclr_copyBuffer",1746,3219595917398944,3219595917402151,0,0,16,0,32,512,1,1,512,1,1
"KERNEL_DISPATCH","Agent 3",1,0,2659034,295,11,"__amd_rocclr_copyBuffer",1750,3219595917418848,3219595917422055,0,0,16,0,32,512,1,1,512,1,1
"KERNEL_DISPATCH","Agent 3",1,0,2659034,296,11,"__amd_rocclr_copyBuffer",1754,3219595917440661,3219595917443788,0,0,16,0,32,512,1,1,512,1,1
"KERNEL_DISPATCH","Agent 3",1,0,2659034,297,86,"microllm::ops::hip::(anonymous namespace)::embedding_kernel(float const*, int const*, float*, long, long, long)",1758,3219595917472451,3219595917474816,0,0,16,0,32,256,1,1,256,1,1
"KERNEL_DISPATCH","Agent 3",1,0,2659034,298,135,"microllm::ops::hip::(anonymous namespace)::rms_norm_kernel(float const*, float const*, float*, long, long, float)",1763,3219595917511373,3219595917514259,1024,0,12,4,32,256,1,1,1024,1,1
"KERNEL_DISPATCH","Agent 3",1,0,2659034,299,54,"void microllm::ops::hip::(anonymous namespace)::matmul_typed_kernel<float>(float const*, float const*, float*, long, long, long, long)",1768,3219595917522496,3219595917532559,0,0,16,0,48,256,1,1,256,1,1
"KERNEL_DISPATCH","Agent 3",1,0,2659034,300,54,"void microllm::ops::hip::(anonymous namespace)::matmul_typed_kernel<float>(float const*, float const*, float*, long, long, long, long)",1773,3219595917532599,3219595917542061,0,0,16,0,48,256,1,1,256,1,1
"KERNEL_DISPATCH","Agent 3",1,0,2659034,301,54,"void microllm::ops::hip::(anonymous namespace)::matmul_typed_kernel<float>(float const*, float const*, float*, long, long, long, long)",1778,3219595917542076,3219595917551658,0,0,16,0,48,256,1,1,256,1,1
"KERNEL_DISPATCH","Agent 3",1,0,2659034,302,91,"microllm::ops::hip::(anonymous namespace)::rope_positions_kernel(float const*, int const*, float*, long, long, long, float)",1783,3219595917551714,3219595917555202,0,0,28,4,48,256,1,1,256,1,1
"KERNEL_DISPATCH","Agent 3",1,0,2659034,303,91,"microllm::ops::hip::(anonymous namespace)::rope_positions_kernel(float const*, int const*, float*, long, long, long, float)",1788,3219595917559402,3219595917562128,0,0,28,4,48,256,1,1,256,1,1
"KERNEL_DISPATCH","Agent 3",1,0,2659034,304,64,"void microllm::ops::hip::(anonymous namespace)::kv_cache_store_pair_positions_kernel<float>(float const*, float const*, int const*, int const*, float*, float*, long, long, long, long, long, long)",1791,3219595917576537,3219595917579263,0,0,20,4,48,256,1,1,256,1,1
"KERNEL_DISPATCH","Agent 3",1,0,2659034,305,14,"void microllm::ops::hip::(anonymous namespace)::cached_attention_fused_positions_kernel<float>(float const*, float const*, float const*, int const*, int const*, float*, long, long, long, long, long, long, long, long, float)",1796,3219595917587088,3219595917594264,1024,0,52,4,64,256,1,1,4096,1,1
"KERNEL_DISPATCH","Agent 3",1,0,2659034,306,54,"void microllm::ops::hip::(anonymous namespace)::matmul_typed_kernel<float>(float const*, float const*, float*, long, long, long, long)",1801,3219595917597396,3219595917605173,0,0,16,0,48,256,1,1,256,1,1
"KERNEL_DISPATCH","Agent 3",1,0,2659034,307,50,"void microllm::ops::hip::(anonymous namespace)::add_rms_norm_kernel<256u>(float const*, float const*, float const*, float*, float*, long, long, float)",1822,3219595917645043,3219595917648290,1024,0,16,0,32,256,1,1,1024,1,1
"KERNEL_DISPATCH","Agent 3",1,0,2659034,308,54,"void microllm::ops::hip::(anonymous namespace)::matmul_typed_kernel<float>(float const*, float const*, float*, long, long, long, long)",1827,3219595917653134,3219595917663197,0,0,16,0,48,256,1,1,512,1,1
"KERNEL_DISPATCH","Agent 3",1,0,2659034,309,54,"void microllm::ops::hip::(anonymous namespace)::matmul_typed_kernel<float>(float const*, float const*, float*, long, long, long, long)",1832,3219595917663164,3219595917672425,0,0,16,0,48,256,1,1,512,1,1
"KERNEL_DISPATCH","Agent 3",1,0,2659034,310,70,"void microllm::ops::hip::(anonymous namespace)::swiglu_typed_kernel<float>(float const*, float const*, float*, long)",1837,3219595917672414,3219595917675902,0,0,12,4,32,256,1,1,512,1,1
"KERNEL_DISPATCH","Agent 3",1,0,2659034,311,54,"void microllm::ops::hip::(anonymous namespace)::matmul_typed_kernel<float>(float const*, float const*, float*, long, long, long, long)",1846,3219595917696448,3219595917713086,0,0,16,0,48,256,1,1,256,1,1
"KERNEL_DISPATCH","Agent 3",1,0,2659034,312,110,"void microllm::ops::hip::(anonymous namespace)::add_typed_kernel<float>(float const*, float const*, float*, long)",1853,3219595917730502,3219595917733268,0,0,8,0,32,256,1,1,256,1,1
"KERNEL_DISPATCH","Agent 3",1,0,2659034,313,135,"microllm::ops::hip::(anonymous namespace)::rms_norm_kernel(float const*, float const*, float*, long, long, float)",1868,3219595917759458,3219595917762144,1024,0,12,4,32,256,1,1,1024,1,1
"KERNEL_DISPATCH","Agent 3",1,0,2659034,314,54,"void microllm::ops::hip::(anonymous namespace)::matmul_typed_kernel<float>(float const*, float const*, float*, long, long, long, long)",1873,3219595917766780,3219595917776683,0,0,16,0,48,256,1,1,256,1,1
"KERNEL_DISPATCH","Agent 3",1,0,2659034,315,54,"void microllm::ops::hip::(anonymous namespace)::matmul_typed_kernel<float>(float const*, float const*, float*, long, long, long, long)",1878,3219595917776695,3219595917785395,0,0,16,0,48,256,1,1,256,1,1
"KERNEL_DISPATCH","Agent 3",1,0,2659034,316,54,"void microllm::ops::hip::(anonymous namespace)::matmul_typed_kernel<float>(float const*, float const*, float*, long, long, long, long)",1883,3219595917785419,3219595917793557,0,0,16,0,48,256,1,1,256,1,1
"KERNEL_DISPATCH","Agent 3",1,0,2659034,317,91,"microllm::ops::hip::(anonymous namespace)::rope_positions_kernel(float const*, int const*, float*, long, long, long, float)",1888,3219595917796728,3219595917798092,0,0,28,4,48,256,1,1,256,1,1
"KERNEL_DISPATCH","Agent 3",1,0,2659034,318,91,"microllm::ops::hip::(anonymous namespace)::rope_positions_kernel(float const*, int const*, float*, long, long, long, float)",1893,3219595917804422,3219595917807228,0,0,28,4,48,256,1,1,256,1,1
"KERNEL_DISPATCH","Agent 3",1,0,2659034,319,64,"void microllm::ops::hip::(anonymous namespace)::kv_cache_store_pair_positions_kernel<float>(float const*, float const*, int const*, int const*, float*, float*, long, long, long, long, long, long)",1896,3219595917810990,3219595917813596,0,0,20,4,48,256,1,1,256,1,1
"KERNEL_DISPATCH","Agent 3",1,0,2659034,320,14,"void microllm::ops::hip::(anonymous namespace)::cached_attention_fused_positions_kernel<float>(float const*, float const*, float const*, int const*, int const*, float*, long, long, long, long, long, long, long, long, float)",1901,3219595917821652,3219595917829710,1024,0,52,4,64,256,1,1,4096,1,1
"KERNEL_DISPATCH","Agent 3",1,0,2659034,321,54,"void microllm::ops::hip::(anonymous namespace)::matmul_typed_kernel<float>(float const*, float const*, float*, long, long, long, long)",1906,3219595917829803,3219595917839385,0,0,16,0,48,256,1,1,256,1,1
"KERNEL_DISPATCH","Agent 3",1,0,2659034,322,50,"void microllm::ops::hip::(anonymous namespace)::add_rms_norm_kernel<256u>(float const*, float const*, float const*, float*, float*, long, long, float)",1927,3219595917876565,3219595917879692,1024,0,16,0,32,256,1,1,1024,1,1
"KERNEL_DISPATCH","Agent 3",1,0,2659034,323,54,"void microllm::ops::hip::(anonymous namespace)::matmul_typed_kernel<float>(float const*, float const*, float*, long, long, long, long)",1932,3219595917885084,3219595917895387,0,0,16,0,48,256,1,1,512,1,1
"KERNEL_DISPATCH","Agent 3",1,0,2659034,324,54,"void microllm::ops::hip::(anonymous namespace)::matmul_typed_kernel<float>(float const*, float const*, float*, long, long, long, long)",1937,3219595917895334,3219595917904355,0,0,16,0,48,256,1,1,512,1,1
"KERNEL_DISPATCH","Agent 3",1,0,2659034,325,70,"void microllm::ops::hip::(anonymous namespace)::swiglu_typed_kernel<float>(float const*, float const*, float*, long)",1942,3219595917904466,3219595917907914,0,0,12,4,32,256,1,1,512,1,1
"KERNEL_DISPATCH","Agent 3",1,0,2659034,326,54,"void microllm::ops::hip::(anonymous namespace)::matmul_typed_kernel<float>(float const*, float const*, float*, long, long, long, long)",1951,3219595917927141,3219595917944260,0,0,16,0,48,256,1,1,256,1,1
"KERNEL_DISPATCH","Agent 3",1,0,2659034,327,110,"void microllm::ops::hip::(anonymous namespace)::add_typed_kernel<float>(float const*, float const*, float*, long)",1958,3219595917962045,3219595917964491,0,0,8,0,32,256,1,1,256,1,1
"KERNEL_DISPATCH","Agent 3",1,0,2659034,328,135,"microllm::ops::hip::(anonymous namespace)::rms_norm_kernel(float const*, float const*, float*, long, long, float)",1973,3219595917991239,3219595917993805,1024,0,12,4,32,256,1,1,1024,1,1
"KERNEL_DISPATCH","Agent 3",1,0,2659034,329,54,"void microllm::ops::hip::(anonymous namespace)::matmul_typed_kernel<float>(float const*, float const*, float*, long, long, long, long)",1980,3219595918011759,3219595918020940,0,0,16,0,48,256,1,1,1024,1,1
"KERNEL_DISPATCH","Agent 3",1,0,2659034,330,11,"__amd_rocclr_copyBuffer",1991,3219595918044315,3219595918045678,0,0,16,0,32,512,1,1,512,1,1
"KERNEL_DISPATCH","Agent 3",1,0,2659034,331,11,"__amd_rocclr_copyBuffer",1993,3219595918049050,3219595918050333,0,0,16,0,32,512,1,1,512,1,1
"KERNEL_DISPATCH","Agent 3",1,0,2659034,332,11,"__amd_rocclr_copyBuffer",1995,3219595918053794,3219595918055398,0,0,16,0,32,512,1,1,512,1,1
"KERNEL_DISPATCH","Agent 3",1,0,2659034,333,11,"__amd_rocclr_copyBuffer",1997,3219595918059130,3219595918061214,0,0,16,0,32,512,1,1,512,1,1
"KERNEL_DISPATCH","Agent 3",1,0,2659034,334,67,"microllm::ops::hip::(anonymous namespace)::argmax_last_dim_kernel(float const*, int*, long, long)",2003,3219595918079928,3219595918083416,4096,0,12,4,32,256,1,1,1024,1,1
"KERNEL_DISPATCH","Agent 3",1,0,2659034,335,11,"__amd_rocclr_copyBuffer",2006,3219595918088609,3219595918093059,0,0,16,0,32,512,1,1,512,1,1
"KERNEL_DISPATCH","Agent 3",1,0,2659034,336,100,"void microllm::ops::hip::(anonymous namespace)::fill_typed_kernel<float>(float*, long, float)",2010,3219595918128266,3219595918129950,0,0,4,4,16,256,1,1,2048,1,1
"KERNEL_DISPATCH","Agent 3",1,0,2659034,337,100,"void microllm::ops::hip::(anonymous namespace)::fill_typed_kernel<float>(float*, long, float)",2013,3219595918133776,3219595918135139,0,0,4,4,16,256,1,1,2048,1,1
"KERNEL_DISPATCH","Agent 3",1,0,2659034,338,100,"void microllm::ops::hip::(anonymous namespace)::fill_typed_kernel<float>(float*, long, float)",2016,3219595918139938,3219595918141462,0,0,4,4,16,256,1,1,2048,1,1
"KERNEL_DISPATCH","Agent 3",1,0,2659034,339,100,"void microllm::ops::hip::(anonymous namespace)::fill_typed_kernel<float>(float*, long, float)",2019,3219595918146930,3219595918148374,0,0,4,4,16,256,1,1,2048,1,1
"KERNEL_DISPATCH","Agent 3",1,0,2659034,340,100,"void microllm::ops::hip::(anonymous namespace)::fill_typed_kernel<float>(float*, long, float)",2022,3219595918155327,3219595918156730,0,0,4,4,16,256,1,1,2048,1,1
"KERNEL_DISPATCH","Agent 3",1,0,2659034,341,100,"void microllm::ops::hip::(anonymous namespace)::fill_typed_kernel<float>(float*, long, float)",2025,3219595918160840,3219595918162163,0,0,4,4,16,256,1,1,2048,1,1
"KERNEL_DISPATCH","Agent 3",1,0,2659034,342,100,"void microllm::ops::hip::(anonymous namespace)::fill_typed_kernel<float>(float*, long, float)",2028,3219595918167127,3219595918168650,0,0,4,4,16,256,1,1,2048,1,1
"KERNEL_DISPATCH","Agent 3",1,0,2659034,343,100,"void microllm::ops::hip::(anonymous namespace)::fill_typed_kernel<float>(float*, long, float)",2031,3219595918173755,3219595918175318,0,0,4,4,16,256,1,1,2048,1,1
"KERNEL_DISPATCH","Agent 3",1,0,2659034,344,11,"__amd_rocclr_copyBuffer",2036,3219595918184628,3219595918188677,0,0,16,0,32,512,1,1,512,1,1
"KERNEL_DISPATCH","Agent 3",1,0,2659034,345,11,"__amd_rocclr_copyBuffer",2040,3219595918205227,3219595918209396,0,0,16,0,32,512,1,1,512,1,1
"KERNEL_DISPATCH","Agent 3",1,0,2659034,346,11,"__amd_rocclr_copyBuffer",2044,3219595918225641,3219595918230051,0,0,16,0,32,512,1,1,512,1,1
"KERNEL_DISPATCH","Agent 3",1,0,2659034,347,86,"microllm::ops::hip::(anonymous namespace)::embedding_kernel(float const*, int const*, float*, long, long, long)",2048,3219595918246031,3219595918248677,0,0,16,0,32,256,1,1,256,1,1
"KERNEL_DISPATCH","Agent 3",1,0,2659034,348,135,"microllm::ops::hip::(anonymous namespace)::rms_norm_kernel(float const*, float const*, float*, long, long, float)",2053,3219595918254192,3219595918256878,1024,0,12,4,32,256,1,1,512,1,1
"KERNEL_DISPATCH","Agent 3",1,0,2659034,349,54,"void microllm::ops::hip::(anonymous namespace)::matmul_typed_kernel<float>(float const*, float const*, float*, long, long, long, long)",2058,3219595918263807,3219595918273549,0,0,16,0,48,256,1,1,256,1,1
"KERNEL_DISPATCH","Agent 3",1,0,2659034,350,54,"void microllm::ops::hip::(anonymous namespace)::matmul_typed_kernel<float>(float const*, float const*, float*, long, long, long, long)",2063,3219595918273568,3219595918282108,0,0,16,0,48,256,1,1,256,1,1
"KERNEL_DISPATCH","Agent 3",1,0,2659034,351,54,"void microllm::ops::hip::(anonymous namespace)::matmul_typed_kernel<float>(float const*, float const*, float*, long, long, long, long)",2068,3219595918282118,3219595918291178,0,0,16,0,48,256,1,1,256,1,1
"KERNEL_DISPATCH","Agent 3",1,0,2659034,352,91,"microllm::ops::hip::(anonymous namespace)::rope_positions_kernel(float const*, int const*, float*, long, long, long, float)",2073,3219595918291298,3219595918294706,0,0,28,4,48,256,1,1,256,1,1
"KERNEL_DISPATCH","Agent 3",1,0,2659034,353,91,"microllm::ops::hip::(anonymous namespace)::rope_positions_kernel(float const*, int const*, float*, long, long, long, float)",2078,3219595918298590,3219595918301156,0,0,28,4,48,256,1,1,256,1,1
"KERNEL_DISPATCH","Agent 3",1,0,2659034,354,64,"void microllm::ops::hip::(anonymous namespace)::kv_cache_store_pair_positions_kernel<float>(float const*, float const*, int const*, int const*, float*, float*, long, long, long, long, long, long)",2081,3219595918307676,3219595918310202,0,0,20,4,48,256,1,1,256,1,1
"KERNEL_DISPATCH","Agent 3",1,0,2659034,355,14,"void microllm::ops::hip::(anonymous namespace)::cached_attention_fused_positions_kernel<float>(float const*, float const*, float const*, int const*, int const*, float*, long, long, long, long, long, long, long, long, float)",2086,3219595918318012,3219595918327274,1024,0,52,4,64,256,1,1,2048,1,1
"KERNEL_DISPATCH","Agent 3",1,0,2659034,356,54,"void microllm::ops::hip::(anonymous namespace)::matmul_typed_kernel<float>(float const*, float const*, float*, long, long, long, long)",2091,3219595918327128,3219595918335827,0,0,16,0,48,256,1,1,256,1,1
"KERNEL_DISPATCH","Agent 3",1,0,2659034,357,50,"void microllm::ops::hip::(anonymous namespace)::add_rms_norm_kernel<256u>(float const*, float const*, float const*, float*, float*, long, long, float)",2112,3219595918383458,3219595918386665,1024,0,16,0,32,256,1,1,512,1,1
"KERNEL_DISPATCH","Agent 3",1,0,2659034,358,54,"void microllm::ops::hip::(anonymous namespace)::matmul_typed_kernel<float>(float const*, float const*, float*, long, long, long, long)",2117,3219595918402043,3219595918411505,0,0,16,0,48,256,1,1,256,1,1
"KERNEL_DISPATCH","Agent 3",1,0,2659034,359,54,"void microllm::ops::hip::(anonymous namespace)::matmul_typed_kernel<float>(float const*, float const*, float*, long, long, long, long)",2122,3219595918417611,3219595918426671,0,0,16,0,48,256,1,1,256,1,1
"KERNEL_DISPATCH","Agent 3",1,0,2659034,360,70,"void microllm::ops::hip::(anonymous namespace)::swiglu_typed_kernel<float>(float const*, float const*, float*, long)",2127,3219595918440701,3219595918443869,0,0,12,4,32,256,1,1,256,1,1
"KERNEL_DISPATCH","Agent 3",1,0,2659034,361,54,"void microllm::ops::hip::(anonymous namespace)::matmul_typed_kernel<float>(float const*, float const*, float*, long, long, long, long)",2136,3219595918466934,3219595918484134,0,0,16,0,48,256,1,1,256,1,1
"KERNEL_DISPATCH","Agent 3",1,0,2659034,362,110,"void microllm::ops::hip::(anonymous namespace)::add_typed_kernel<float>(float const*, float const*, float*, long)",2143,3219595918501590,3219595918504557,0,0,8,0,32,256,1,1,256,1,1
"KERNEL_DISPATCH","Agent 3",1,0,2659034,363,135,"microllm::ops::hip::(anonymous namespace)::rms_norm_kernel(float const*, float const*, float*, long, long, float)",2158,3219595918531541,3219595918534468,1024,0,12,4,32,256,1,1,512,1,1
"KERNEL_DISPATCH","Agent 3",1,0,2659034,364,54,"void microllm::ops::hip::(anonymous namespace)::matmul_typed_kernel<float>(float const*, float const*, float*, long, long, long, long)",2163,3219595918539491,3219595918549314,0,0,16,0,48,256,1,1,256,1,1
"KERNEL_DISPATCH","Agent 3",1,0,2659034,365,54,"void microllm::ops::hip::(anonymous namespace)::matmul_typed_kernel<float>(float const*, float const*, float*, long, long, long, long)",2168,3219595918549278,3219595918558258,0,0,16,0,48,256,1,1,256,1,1
"KERNEL_DISPATCH","Agent 3",1,0,2659034,366,54,"void microllm::ops::hip::(anonymous namespace)::matmul_typed_kernel<float>(float const*, float const*, float*, long, long, long, long)",2173,3219595918558325,3219595918567065,0,0,16,0,48,256,1,1,256,1,1
"KERNEL_DISPATCH","Agent 3",1,0,2659034,367,91,"microllm::ops::hip::(anonymous namespace)::rope_positions_kernel(float const*, int const*, float*, long, long, long, float)",2178,3219595918567061,3219595918570589,0,0,28,4,48,256,1,1,256,1,1
"KERNEL_DISPATCH","Agent 3",1,0,2659034,368,91,"microllm::ops::hip::(anonymous namespace)::rope_positions_kernel(float const*, int const*, float*, long, long, long, float)",2183,3219595918583984,3219595918586911,0,0,28,4,48,256,1,1,256,1,1
"KERNEL_DISPATCH","Agent 3",1,0,2659034,369,64,"void microllm::ops::hip::(anonymous namespace)::kv_cache_store_pair_positions_kernel<float>(float const*, float const*, int const*, int const*, float*, float*, long, long, long, long, long, long)",2186,3219595918590113,3219595918592639,0,0,20,4,48,256,1,1,256,1,1
"KERNEL_DISPATCH","Agent 3",1,0,2659034,370,14,"void microllm::ops::hip::(anonymous namespace)::cached_attention_fused_positions_kernel<float>(float const*, float const*, float const*, int const*, int const*, float*, long, long, long, long, long, long, long, long, float)",2191,3219595918600463,3219595918607799,1024,0,52,4,64,256,1,1,2048,1,1
"KERNEL_DISPATCH","Agent 3",1,0,2659034,371,54,"void microllm::ops::hip::(anonymous namespace)::matmul_typed_kernel<float>(float const*, float const*, float*, long, long, long, long)",2196,3219595918610920,3219595918618898,0,0,16,0,48,256,1,1,256,1,1
"KERNEL_DISPATCH","Agent 3",1,0,2659034,372,50,"void microllm::ops::hip::(anonymous namespace)::add_rms_norm_kernel<256u>(float const*, float const*, float const*, float*, float*, long, long, float)",2217,3219595918655487,3219595918658615,1024,0,16,0,32,256,1,1,512,1,1
"KERNEL_DISPATCH","Agent 3",1,0,2659034,373,54,"void microllm::ops::hip::(anonymous namespace)::matmul_typed_kernel<float>(float const*, float const*, float*, long, long, long, long)",2222,3219595918663011,3219595918672713,0,0,16,0,48,256,1,1,256,1,1
"KERNEL_DISPATCH","Agent 3",1,0,2659034,374,54,"void microllm::ops::hip::(anonymous namespace)::matmul_typed_kernel<float>(float const*, float const*, float*, long, long, long, long)",2227,3219595918672696,3219595918681316,0,0,16,0,48,256,1,1,256,1,1
"KERNEL_DISPATCH","Agent 3",1,0,2659034,375,70,"void microllm::ops::hip::(anonymous namespace)::swiglu_typed_kernel<float>(float const*, float const*, float*, long)",2232,3219595918681346,3219595918684834,0,0,12,4,32,256,1,1,256,1,1
"KERNEL_DISPATCH","Agent 3",1,0,2659034,376,54,"void microllm::ops::hip::(anonymous namespace)::matmul_typed_kernel<float>(float const*, float const*, float*, long, long, long, long)",2241,3219595918704767,3219595918721085,0,0,16,0,48,256,1,1,256,1,1
"KERNEL_DISPATCH","Agent 3",1,0,2659034,377,110,"void microllm::ops::hip::(anonymous namespace)::add_typed_kernel<float>(float const*, float const*, float*, long)",2248,3219595918740222,3219595918743269,0,0,8,0,32,256,1,1,256,1,1
"KERNEL_DISPATCH","Agent 3",1,0,2659034,378,135,"microllm::ops::hip::(anonymous namespace)::rms_norm_kernel(float const*, float const*, float*, long, long, float)",2263,3219595918769128,3219595918772094,1024,0,12,4,32,256,1,1,512,1,1
"KERNEL_DISPATCH","Agent 3",1,0,2659034,379,54,"void microllm::ops::hip::(anonymous namespace)::matmul_typed_kernel<float>(float const*, float const*, float*, long, long, long, long)",2270,3219595918788816,3219595918798478,0,0,16,0,48,256,1,1,512,1,1
"KERNEL_DISPATCH","Agent 3",1,0,2659034,380,11,"__amd_rocclr_copyBuffer",2281,3219595918820460,3219595918822224,0,0,16,0,32,512,1,1,512,1,1
"KERNEL_DISPATCH","Agent 3",1,0,2659034,381,11,"__amd_rocclr_copyBuffer",2283,3219595918825547,3219595918827391,0,0,16,0,32,512,1,1,512,1,1
"KERNEL_DISPATCH","Agent 3",1,0,2659034,382,11,"__amd_rocclr_copyBuffer",2289,3219595918848250,3219595918851859,0,0,16,0,32,512,1,1,512,1,1
"KERNEL_DISPATCH","Agent 3",1,0,2659034,383,86,"microllm::ops::hip::(anonymous namespace)::embedding_kernel(float const*, int const*, float*, long, long, long)",2293,3219595918867139,3219595918869625,0,0,16,0,32,256,1,1,256,1,1
"KERNEL_DISPATCH","Agent 3",1,0,2659034,384,135,"microllm::ops::hip::(anonymous namespace)::rms_norm_kernel(float const*, float const*, float*, long, long, float)",2298,3219595918875568,3219595918878254,1024,0,12,4,32,256,1,1,1024,1,1
"KERNEL_DISPATCH","Agent 3",1,0,2659034,385,54,"void microllm::ops::hip::(anonymous namespace)::matmul_typed_kernel<float>(float const*, float const*, float*, long, long, long, long)",2303,3219595918883967,3219595918893910,0,0,16,0,48,256,1,1,256,1,1
"KERNEL_DISPATCH","Agent 3",1,0,2659034,386,54,"void microllm::ops::hip::(anonymous namespace)::matmul_typed_kernel<float>(float const*, float const*, float*, long, long, long, long)",2308,3219595918894025,3219595918902925,0,0,16,0,48,256,1,1,256,1,1
"KERNEL_DISPATCH","Agent 3",1,0,2659034,387,54,"void microllm::ops::hip::(anonymous namespace)::matmul_typed_kernel<float>(float const*, float const*, float*, long, long, long, long)",2313,3219595918902811,3219595918911712,0,0,16,0,48,256,1,1,256,1,1
"KERNEL_DISPATCH","Agent 3",1,0,2659034,388,138,"microllm::runtime::detail::(anonymous namespace)::strided_copy_kernel(std::byte*, std::byte const*, unsigned long, long, microllm::runtime::detail::(anonymous namespace)::Layout)",2318,3219595918911815,3219595918915222,0,0,20,4,48,256,1,1,256,1,1
"KERNEL_DISPATCH","Agent 3",1,0,2659034,389,138,"microllm::runtime::detail::(anonymous namespace)::strided_copy_kernel(std::byte*, std::byte const*, unsigned long, long, microllm::runtime::detail::(anonymous namespace)::Layout)",2323,3219595918918740,3219595918921867,0,0,20,4,48,256,1,1,256,1,1
"KERNEL_DISPATCH","Agent 3",1,0,2659034,390,138,"microllm::runtime::detail::(anonymous namespace)::strided_copy_kernel(std::byte*, std::byte const*, unsigned long, long, microllm::runtime::detail::(anonymous namespace)::Layout)",2328,3219595918929014,3219595918932302,0,0,20,4,48,256,1,1,256,1,1
"KERNEL_DISPATCH","Agent 3",1,0,2659034,391,93,"microllm::ops::hip::(anonymous namespace)::rope_kernel(float const*, float*, long, long, long, long, long, float)",2333,3219595918937435,3219595918941204,0,0,28,4,48,256,1,1,256,1,1
"KERNEL_DISPATCH","Agent 3",1,0,2659034,392,93,"microllm::ops::hip::(anonymous namespace)::rope_kernel(float const*, float*, long, long, long, long, long, float)",2340,3219595918964934,3219595918967861,0,0,28,4,48,256,1,1,256,1,1
"KERNEL_DISPATCH","Agent 3",1,0,2659034,393,11,"__amd_rocclr_copyBuffer",2347,3219595918986410,3219595918987973,0,0,16,0,32,512,1,1,512,1,1
"KERNEL_DISPATCH","Agent 3",1,0,2659034,394,11,"__amd_rocclr_copyBuffer",2349,3219595918991476,3219595918992679,0,0,16,0,32,512,1,1,512,1,1
"KERNEL_DISPATCH","Agent 3",1,0,2659034,395,11,"__amd_rocclr_copyBuffer",2353,3219595919000280,3219595919001924,0,0,16,0,32,512,1,1,512,1,1
"KERNEL_DISPATCH","Agent 3",1,0,2659034,396,11,"__amd_rocclr_copyBuffer",2355,3219595919005330,3219595919006332,0,0,16,0,32,512,1,1,512,1,1
"KERNEL_DISPATCH","Agent 3",1,0,2659034,397,109,"microllm::ops::hip::(anonymous namespace)::causal_gqa_attention_kernel(float const*, float const*, float const*, float*, float*, long, long, long, long, long, long, float)",2359,3219595919014565,3219595919020418,1024,0,24,0,64,256,1,1,4096,1,1
"KERNEL_DISPATCH","Agent 3",1,0,2659034,398,138,"microllm::runtime::detail::(anonymous namespace)::strided_copy_kernel(std::byte*, std::byte const*, unsigned long, long, microllm::runtime::detail::(anonymous namespace)::Layout)",2364,3219595919023654,3219595919025297,0,0,20,4,48,256,1,1,256,1,1
"KERNEL_DISPATCH","Agent 3",1,0,2659034,399,54,"void microllm::ops::hip::(anonymous namespace)::matmul_typed_kernel<float>(float const*, float const*, float*, long, long, long, long)",2371,3219595919043760,3219595919052982,0,0,16,0,48,256,1,1,256,1,1
"KERNEL_DISPATCH","Agent 3",1,0,2659034,400,110,"void microllm::ops::hip::(anonymous namespace)::add_typed_kernel<float>(float const*, float const*, float*, long)",2390,3219595919093513,3219595919096400,0,0,8,0,32,256,1,1,256,1,1
"KERNEL_DISPATCH","Agent 3",1,0,2659034,401,135,"microllm::ops::hip::(anonymous namespace)::rms_norm_kernel(float const*, float const*, float*, long, long, float)",2399,3219595919116285,3219595919119092,1024,0,12,4,32,256,1,1,1024,1,1
"KERNEL_DISPATCH","Agent 3",1,0,2659034,402,54,"void microllm::ops::hip::(anonymous namespace)::matmul_typed_kernel<float>(float const*, float const*, float*, long, long, long, long)",2404,3219595919124602,3219595919135347,0,0,16,0,48,256,1,1,512,1,1
"KERNEL_DISPATCH","Agent 3",1,0,2659034,403,54,"void microllm::ops::hip::(anonymous namespace)::matmul_typed_kernel<float>(float const*, float const*, float*, long, long, long, long)",2409,3219595919135360,3219595919144220,0,0,16,0,48,256,1,1,512,1,1
"KERNEL_DISPATCH","Agent 3",1,0,2659034,404,70,"void microllm::ops::hip::(anonymous namespace)::swiglu_typed_kernel<float>(float const*, float const*, float*, long)",2414,3219595919144169,3219595919147697,0,0,12,4,32,256,1,1,512,1,1
"KERNEL_DISPATCH","Agent 3",1,0,2659034,405,54,"void microllm::ops::hip::(anonymous namespace)::matmul_typed_kernel<float>(float const*, float const*, float*, long, long, long, long)",2423,3219595919185544,3219595919201941,0,0,16,0,48,256,1,1,256,1,1
"KERNEL_DISPATCH","Agent 3",1,0,2659034,406,110,"void microllm::ops::hip::(anonymous namespace)::add_typed_kernel<float>(float const*, float const*, float*, long)",2430,3219595919260740,3219595919263426,0,0,8,0,32,256,1,1,256,1,1
"KERNEL_DISPATCH","Agent 3",1,0,2659034,407,135,"microllm::ops::hip::(anonymous namespace)::rms_norm_kernel(float const*, float const*, float*, long, long, float)",2443,3219595919287063,3219595919289950,1024,0,12,4,32,256,1,1,1024,1,1
"KERNEL_DISPATCH","Agent 3",1,0,2659034,408,54,"void microllm::ops::hip::(anonymous namespace)::matmul_typed_kernel<float>(float const*, float const*, float*, long, long, long, long)",2448,3219595919294381,3219595919303362,0,0,16,0,48,256,1,1,256,1,1
"KERNEL_DISPATCH","Agent 3",1,0,2659034,409,54,"void microllm::ops::hip::(anonymous namespace)::matmul_typed_kernel<float>(float const*, float const*, float*, long, long, long, long)",2453,3219595919306589,3219595919315529,0,0,16,0,48,256,1,1,256,1,1
"KERNEL_DISPATCH","Agent 3",1,0,2659034,410,54,"void microllm::ops::hip::(anonymous namespace)::matmul_typed_kernel<float>(float const*, float const*, float*, long, long, long, long)",2458,3219595919315394,3219595919323733,0,0,16,0,48,256,1,1,256,1,1
"KERNEL_DISPATCH","Agent 3",1,0,2659034,411,138,"microllm::runtime::detail::(anonymous namespace)::strided_copy_kernel(std::byte*, std::byte const*, unsigned long, long, microllm::runtime::detail::(anonymous namespace)::Layout)",2463,3219595919326934,3219595919329059,0,0,20,4,48,256,1,1,256,1,1
"KERNEL_DISPATCH","Agent 3",1,0,2659034,412,138,"microllm::runtime::detail::(anonymous namespace)::strided_copy_kernel(std::byte*, std::byte const*, unsigned long, long, microllm::runtime::detail::(anonymous namespace)::Layout)",2468,3219595919359518,3219595919362605,0,0,20,4,48,256,1,1,256,1,1
"KERNEL_DISPATCH","Agent 3",1,0,2659034,413,138,"microllm::runtime::detail::(anonymous namespace)::strided_copy_kernel(std::byte*, std::byte const*, unsigned long, long, microllm::runtime::detail::(anonymous namespace)::Layout)",2473,3219595919378099,3219595919381186,0,0,20,4,48,256,1,1,256,1,1
"KERNEL_DISPATCH","Agent 3",1,0,2659034,414,93,"microllm::ops::hip::(anonymous namespace)::rope_kernel(float const*, float*, long, long, long, long, long, float)",2478,3219595919390242,3219595919393450,0,0,28,4,48,256,1,1,256,1,1
"KERNEL_DISPATCH","Agent 3",1,0,2659034,415,93,"microllm::ops::hip::(anonymous namespace)::rope_kernel(float const*, float*, long, long, long, long, long, float)",2485,3219595919418135,3219595919421021,0,0,28,4,48,256,1,1,256,1,1
"KERNEL_DISPATCH","Agent 3",1,0,2659034,416,11,"__amd_rocclr_copyBuffer",2492,3219595919440303,3219595919441666,0,0,16,0,32,512,1,1,512,1,1
"KERNEL_DISPATCH","Agent 3",1,0,2659034,417,11,"__amd_rocclr_copyBuffer",2494,3219595919445238,3219595919446641,0,0,16,0,32,512,1,1,512,1,1
"KERNEL_DISPATCH","Agent 3",1,0,2659034,418,11,"__amd_rocclr_copyBuffer",2498,3219595919455020,3219595919456383,0,0,16,0,32,512,1,1,512,1,1
"KERNEL_DISPATCH","Agent 3",1,0,2659034,419,11,"__amd_rocclr_copyBuffer",2500,3219595919459788,3219595919460870,0,0,16,0,32,512,1,1,512,1,1
"KERNEL_DISPATCH","Agent 3",1,0,2659034,420,109,"microllm::ops::hip::(anonymous namespace)::causal_gqa_attention_kernel(float const*, float const*, float const*, float*, float*, long, long, long, long, long, long, float)",2504,3219595919467923,3219595919473856,1024,0,24,0,64,256,1,1,4096,1,1
"KERNEL_DISPATCH","Agent 3",1,0,2659034,421,138,"microllm::runtime::detail::(anonymous namespace)::strided_copy_kernel(std::byte*, std::byte const*, unsigned long, long, microllm::runtime::detail::(anonymous namespace)::Layout)",2509,3219595919477035,3219595919479600,0,0,20,4,48,256,1,1,256,1,1
"KERNEL_DISPATCH","Agent 3",1,0,2659034,422,54,"void microllm::ops::hip::(anonymous namespace)::matmul_typed_kernel<float>(float const*, float const*, float*, long, long, long, long)",2516,3219595919498290,3219595919507631,0,0,16,0,48,256,1,1,256,1,1
"KERNEL_DISPATCH","Agent 3",1,0,2659034,423,110,"void microllm::ops::hip::(anonymous namespace)::add_typed_kernel<float>(float const*, float const*, float*, long)",2535,3219595919539319,3219595919541725,0,0,8,0,32,256,1,1,256,1,1
"KERNEL_DISPATCH","Agent 3",1,0,2659034,424,135,"microllm::ops::hip::(anonymous namespace)::rms_norm_kernel(float const*, float const*, float*, long, long, float)",2544,3219595919561035,3219595919563520,1024,0,12,4,32,256,1,1,1024,1,1
"KERNEL_DISPATCH","Agent 3",1,0,2659034,425,54,"void microllm::ops::hip::(anonymous namespace)::matmul_typed_kernel<float>(float const*, float const*, float*, long, long, long, long)",2549,3219595919568124,3219595919577786,0,0,16,0,48,256,1,1,512,1,1
"KERNEL_DISPATCH","Agent 3",1,0,2659034,426,54,"void microllm::ops::hip::(anonymous namespace)::matmul_typed_kernel<float>(float const*, float const*, float*, long, long, long, long)",2554,3219595919577764,3219595919586624,0,0,16,0,48,256,1,1,512,1,1
"KERNEL_DISPATCH","Agent 3",1,0,2659034,427,70,"void microllm::ops::hip::(anonymous namespace)::swiglu_typed_kernel<float>(float const*, float const*, float*, long)",2559,3219595919586655,3219595919590143,0,0,12,4,32,256,1,1,512,1,1
"KERNEL_DISPATCH","Agent 3",1,0,2659034,428,54,"void microllm::ops::hip::(anonymous namespace)::matmul_typed_kernel<float>(float const*, float const*, float*, long, long, long, long)",2568,3219595919609035,3219595919625633,0,0,16,0,48,256,1,1,256,1,1
"KERNEL_DISPATCH","Agent 3",1,0,2659034,429,110,"void microllm::ops::hip::(anonymous namespace)::add_typed_kernel<float>(float const*, float const*, float*, long)",2575,3219595919642711,3219595919645037,0,0,8,0,32,256,1,1,256,1,1
"KERNEL_DISPATCH","Agent 3",1,0,2659034,430,135,"microllm::ops::hip::(anonymous namespace)::rms_norm_kernel(float const*, float const*, float*, long, long, float)",2588,3219595919672364,3219595919674890,1024,0,12,4,32,256,1,1,1024,1,1
"KERNEL_DISPATCH","Agent 3",1,0,2659034,431,54,"void microllm::ops::hip::(anonymous namespace)::matmul_typed_kernel<float>(float const*, float const*, float*, long, long, long, long)",2595,3219595919692658,3219595919701798,0,0,16,0,48,256,1,1,256,1,1
"KERNEL_DISPATCH","Agent 3",1,0,2659034,432,11,"__amd_rocclr_copyBuffer",2602,3219595919729886,3219595919731169,0,0,16,0,32,512,1,1,512,1,1
"KERNEL_DISPATCH","Agent 3",1,0,2659034,433,11,"__amd_rocclr_copyBuffer",2604,3219595919734683,3219595919736046,0,0,16,0,32,512,1,1,512,1,1
"KERNEL_DISPATCH","Agent 3",1,0,2659034,434,11,"__amd_rocclr_copyBuffer",2606,3219595919739806,3219595919741490,0,0,16,0,32,512,1,1,512,1,1
"KERNEL_DISPATCH","Agent 3",1,0,2659034,435,11,"__amd_rocclr_copyBuffer",2608,3219595919745192,3219595919746355,0,0,16,0,32,512,1,1,512,1,1
"KERNEL_DISPATCH","Agent 3",1,0,2659034,436,11,"__amd_rocclr_copyBuffer",2610,3219595919750459,3219595919751742,0,0,16,0,32,512,1,1,512,1,1
"KERNEL_DISPATCH","Agent 3",1,0,2659034,437,11,"__amd_rocclr_copyBuffer",2612,3219595919755264,3219595919756427,0,0,16,0,32,512,1,1,512,1,1
"KERNEL_DISPATCH","Agent 3",1,0,2659034,438,11,"__amd_rocclr_copyBuffer",2614,3219595919760140,3219595919761423,0,0,16,0,32,512,1,1,512,1,1
"KERNEL_DISPATCH","Agent 3",1,0,2659034,439,11,"__amd_rocclr_copyBuffer",2616,3219595919764966,3219595919766931,0,0,16,0,32,512,1,1,512,1,1
"KERNEL_DISPATCH","Agent 3",1,0,2659034,440,11,"__amd_rocclr_copyBuffer",2626,3219595919792628,3219595919794472,0,0,16,0,32,512,1,1,512,1,1
"KERNEL_DISPATCH","Agent 3",1,0,2659034,441,11,"__amd_rocclr_copyBuffer",2632,3219595919813191,3219595919816880,0,0,16,0,32,512,1,1,512,1,1
"KERNEL_DISPATCH","Agent 3",1,0,2659034,442,86,"microllm::ops::hip::(anonymous namespace)::embedding_kernel(float const*, int const*, float*, long, long, long)",2636,3219595919831455,3219595919834061,0,0,16,0,32,256,1,1,512,1,1
"KERNEL_DISPATCH","Agent 3",1,0,2659034,443,135,"microllm::ops::hip::(anonymous namespace)::rms_norm_kernel(float const*, float const*, float*, long, long, float)",2641,3219595919838729,3219595919841455,1024,0,12,4,32,256,1,1,2048,1,1
"KERNEL_DISPATCH","Agent 3",1,0,2659034,444,54,"void microllm::ops::hip::(anonymous namespace)::matmul_typed_kernel<float>(float const*, float const*, float*, long, long, long, long)",2646,3219595919846777,3219595919856119,0,0,16,0,48,256,1,1,512,1,1
"KERNEL_DISPATCH","Agent 3",1,0,2659034,445,54,"void microllm::ops::hip::(anonymous namespace)::matmul_typed_kernel<float>(float const*, float const*, float*, long, long, long, long)",2651,3219595919856056,3219595919864916,0,0,16,0,48,256,1,1,256,1,1
"KERNEL_DISPATCH","Agent 3",1,0,2659034,446,54,"void microllm::ops::hip::(anonymous namespace)::matmul_typed_kernel<float>(float const*, float const*, float*, long, long, long, long)",2656,3219595919864903,3219595919873442,0,0,16,0,48,256,1,1,256,1,1
"KERNEL_DISPATCH","Agent 3",1,0,2659034,447,138,"microllm::runtime::detail::(anonymous namespace)::strided_copy_kernel(std::byte*, std::byte const*, unsigned long, long, microllm::runtime::detail::(anonymous namespace)::Layout)",2661,3219595919873655,3219595919876983,0,0,20,4,48,256,1,1,512,1,1
"KERNEL_DISPATCH","Agent 3",1,0,2659034,448,138,"microllm::runtime::detail::(anonymous namespace)::strided_copy_kernel(std::byte*, std::byte const*, unsigned long, long, microllm::runtime::detail::(anonymous namespace)::Layout)",2666,3219595919880118,3219595919883044,0,0,20,4,48,256,1,1,256,1,1
"KERNEL_DISPATCH","Agent 3",1,0,2659034,449,138,"microllm::runtime::detail::(anonymous namespace)::strided_copy_kernel(std::byte*, std::byte const*, unsigned long, long, microllm::runtime::detail::(anonymous namespace)::Layout)",2671,3219595919889801,3219595919893329,0,0,20,4,48,256,1,1,256,1,1
"KERNEL_DISPATCH","Agent 3",1,0,2659034,450,93,"microllm::ops::hip::(anonymous namespace)::rope_kernel(float const*, float*, long, long, long, long, long, float)",2676,3219595919896767,3219595919900255,0,0,28,4,48,256,1,1,256,1,1
"KERNEL_DISPATCH","Agent 3",1,0,2659034,451,93,"microllm::ops::hip::(anonymous namespace)::rope_kernel(float const*, float*, long, long, long, long, long, float)",2683,3219595919922967,3219595919925654,0,0,28,4,48,256,1,1,256,1,1
"KERNEL_DISPATCH","Agent 3",1,0,2659034,452,11,"__amd_rocclr_copyBuffer",2690,3219595919943995,3219595919945358,0,0,16,0,32,512,1,1,512,1,1
"KERNEL_DISPATCH","Agent 3",1,0,2659034,453,11,"__amd_rocclr_copyBuffer",2692,3219595919948669,3219595919949591,0,0,16,0,32,512,1,1,512,1,1
"KERNEL_DISPATCH","Agent 3",1,0,2659034,454,11,"__amd_rocclr_copyBuffer",2696,3219595919956390,3219595919958154,0,0,16,0,32,512,1,1,512,1,1
"KERNEL_DISPATCH","Agent 3",1,0,2659034,455,11,"__amd_rocclr_copyBuffer",2698,3219595919961511,3219595919963195,0,0,16,0,32,512,1,1,512,1,1
"KERNEL_DISPATCH","Agent 3",1,0,2659034,456,109,"microllm::ops::hip::(anonymous namespace)::causal_gqa_attention_kernel(float const*, float const*, float const*, float*, float*, long, long, long, long, long, long, float)",2702,3219595919970195,3219595919976369,1024,0,24,0,64,256,1,1,8192,1,1
"KERNEL_DISPATCH","Agent 3",1,0,2659034,457,138,"microllm::runtime::detail::(anonymous namespace)::strided_copy_kernel(std::byte*, std::byte const*, unsigned long, long, microllm::runtime::detail::(anonymous namespace)::Layout)",2707,3219595919979623,3219595919981387,0,0,20,4,48,256,1,1,512,1,1
"KERNEL_DISPATCH","Agent 3",1,0,2659034,458,54,"void microllm::ops::hip::(anonymous namespace)::matmul_typed_kernel<float>(float const*, float const*, float*, long, long, long, long)",2714,3219595919998590,3219595920007972,0,0,16,0,48,256,1,1,512,1,1
"KERNEL_DISPATCH","Agent 3",1,0,2659034,459,110,"void microllm::ops::hip::(anonymous namespace)::add_typed_kernel<float>(float const*, float const*, float*, long)",2733,3219595920039523,3219595920042650,0,0,8,0,32,256,1,1,512,1,1
"KERNEL_DISPATCH","Agent 3",1,0,2659034,460,135,"microllm::ops::hip::(anonymous namespace)::rms_norm_kernel(float const*, float const*, float*, long, long, float)",2742,3219595920061565,3219595920064572,1024,0,12,4,32,256,1,1,2048,1,1
"KERNEL_DISPATCH","Agent 3",1,0,2659034,461,54,"void microllm::ops::hip::(anonymous namespace)::matmul_typed_kernel<float>(float const*, float const*, float*, long, long, long, long)",2747,3219595920069000,3219595920078823,0,0,16,0,48,256,1,1,1024,1,1
"KERNEL_DISPATCH","Agent 3",1,0,2659034,462,54,"void microllm::ops::hip::(anonymous namespace)::matmul_typed_kernel<float>(float const*, float const*, float*, long, long, long, long)",2752,3219595920078806,3219595920087907,0,0,16,0,48,256,1,1,1024,1,1
"KERNEL_DISPATCH","Agent 3",1,0,2659034,463,70,"void microllm::ops::hip::(anonymous namespace)::swiglu_typed_kernel<float>(float const*, float const*, float*, long)",2757,3219595920087930,3219595920091578,0,0,12,4,32,256,1,1,1024,1,1
"KERNEL_DISPATCH","Agent 3",1,0,2659034,464,54,"void microllm::ops::hip::(anonymous namespace)::matmul_typed_kernel<float>(float const*, float const*, float*, long, long, long, long)",2766,3219595920121446,3219595920138845,0,0,16,0,48,256,1,1,512,1,1
"KERNEL_DISPATCH","Agent 3",1,0,2659034,465,110,"void microllm::ops::hip::(anonymous namespace)::add_typed_kernel<float>(float const*, float const*, float*, long)",2773,3219595920156282,3219595920158768,0,0,8,0,32,256,1,1,512,1,1
"KERNEL_DISPATCH","Agent 3",1,0,2659034,466,135,"microllm::ops::hip::(anonymous namespace)::rms_norm_kernel(float const*, float const*, float*, long, long, float)",2786,3219595920182577,3219595920185223,1024,0,12,4,32,256,1,1,2048,1,1
"KERNEL_DISPATCH","Agent 3",1,0,2659034,467,54,"void microllm::ops::hip::(anonymous namespace)::matmul_typed_kernel<float>(float const*, float const*, float*, long, long, long, long)",2791,3219595920189688,3219595920199310,0,0,16,0,48,256,1,1,512,1,1
"KERNEL_DISPATCH","Agent 3",1,0,2659034,468,54,"void microllm::ops::hip::(anonymous namespace)::matmul_typed_kernel<float>(float const*, float const*, float*, long, long, long, long)",2796,3219595920199197,3219595920209821,0,0,16,0,48,256,1,1,256,1,1
"KERNEL_DISPATCH","Agent 3",1,0,2659034,469,54,"void microllm::ops::hip::(anonymous namespace)::matmul_typed_kernel<float>(float const*, float const*, float*, long, long, long, long)",2801,3219595920210514,3219595920219254,0,0,16,0,48,256,1,1,256,1,1
"KERNEL_DISPATCH","Agent 3",1,0,2659034,470,138,"microllm::runtime::detail::(anonymous namespace)::strided_copy_kernel(std::byte*, std::byte const*, unsigned long, long, microllm::runtime::detail::(anonymous namespace)::Layout)",2806,3219595920231997,3219595920233641,0,0,20,4,48,256,1,1,512,1,1
"KERNEL_DISPATCH","Agent 3",1,0,2659034,471,138,"microllm::runtime::detail::(anonymous namespace)::strided_copy_kernel(std::byte*, std::byte const*, unsigned long, long, microllm::runtime::detail::(anonymous namespace)::Layout)",2811,3219595920245729,3219595920249137,0,0,20,4,48,256,1,1,256,1,1
"KERNEL_DISPATCH","Agent 3",1,0,2659034,472,138,"microllm::runtime::detail::(anonymous namespace)::strided_copy_kernel(std::byte*, std::byte const*, unsigned long, long, microllm::runtime::detail::(anonymous namespace)::Layout)",2816,3219595920286215,3219595920289182,0,0,20,4,48,256,1,1,256,1,1
"KERNEL_DISPATCH","Agent 3",1,0,2659034,473,93,"microllm::ops::hip::(anonymous namespace)::rope_kernel(float const*, float*, long, long, long, long, long, float)",2821,3219595920296662,3219595920300551,0,0,28,4,48,256,1,1,256,1,1
"KERNEL_DISPATCH","Agent 3",1,0,2659034,474,93,"microllm::ops::hip::(anonymous namespace)::rope_kernel(float const*, float*, long, long, long, long, long, float)",2828,3219595920323547,3219595920326233,0,0,28,4,48,256,1,1,256,1,1
"KERNEL_DISPATCH","Agent 3",1,0,2659034,475,11,"__amd_rocclr_copyBuffer",2835,3219595920343858,3219595920345222,0,0,16,0,32,512,1,1,512,1,1
"KERNEL_DISPATCH","Agent 3",1,0,2659034,476,11,"__amd_rocclr_copyBuffer",2837,3219595920348830,3219595920350194,0,0,16,0,32,512,1,1,512,1,1
"KERNEL_DISPATCH","Agent 3",1,0,2659034,477,11,"__amd_rocclr_copyBuffer",2841,3219595920357288,3219595920358651,0,0,16,0,32,512,1,1,512,1,1
"KERNEL_DISPATCH","Agent 3",1,0,2659034,478,11,"__amd_rocclr_copyBuffer",2843,3219595920362071,3219595920362752,0,0,16,0,32,512,1,1,512,1,1
"KERNEL_DISPATCH","Agent 3",1,0,2659034,479,109,"microllm::ops::hip::(anonymous namespace)::causal_gqa_attention_kernel(float const*, float const*, float const*, float*, float*, long, long, long, long, long, long, float)",2847,3219595920370426,3219595920378364,1024,0,24,0,64,256,1,1,8192,1,1
"KERNEL_DISPATCH","Agent 3",1,0,2659034,480,138,"microllm::runtime::detail::(anonymous namespace)::strided_copy_kernel(std::byte*, std::byte const*, unsigned long, long, microllm::runtime::detail::(anonymous namespace)::Layout)",2852,3219595920378368,3219595920381856,0,0,20,4,48,256,1,1,512,1,1
"KERNEL_DISPATCH","Agent 3",1,0,2659034,481,54,"void microllm::ops::hip::(anonymous namespace)::matmul_typed_kernel<float>(float const*, float const*, float*, long, long, long, long)",2859,3219595920399156,3219595920408256,0,0,16,0,48,256,1,1,512,1,1
"KERNEL_DISPATCH","Agent 3",1,0,2659034,482,110,"void microllm::ops::hip::(anonymous namespace)::add_typed_kernel<float>(float const*, float const*, float*, long)",2878,3219595920437406,3219595920440132,0,0,8,0,32,256,1,1,512,1,1
"KERNEL_DISPATCH","Agent 3",1,0,2659034,483,135,"microllm::ops::hip::(anonymous namespace)::rms_norm_kernel(float const*, float const*, float*, long, long, float)",2887,3219595920460240,3219595920462846,1024,0,12,4,32,256,1,1,2048,1,1
"KERNEL_DISPATCH","Agent 3",1,0,2659034,484,54,"void microllm::ops::hip::(anonymous namespace)::matmul_typed_kernel<float>(float const*, float const*, float*, long, long, long, long)",2892,3219595920466999,3219595920476821,0,0,16,0,48,256,1,1,1024,1,1
"KERNEL_DISPATCH","Agent 3",1,0,2659034,485,54,"void microllm::ops::hip::(anonymous namespace)::matmul_typed_kernel<float>(float const*, float const*, float*, long, long, long, long)",2897,3219595920476833,3219595920485934,0,0,16,0,48,256,1,1,1024,1,1
"KERNEL_DISPATCH","Agent 3",1,0,2659034,486,70,"void microllm::ops::hip::(anonymous namespace)::swiglu_typed_kernel<float>(float const*, float const*, float*, long)",2902,3219595920486012,3219595920489540,0,0,12,4,32,256,1,1,1024,1,1
"KERNEL_DISPATCH","Agent 3",1,0,2659034,487,54,"void microllm::ops::hip::(anonymous namespace)::matmul_typed_kernel<float>(float const*, float const*, float*, long, long, long, long)",2911,3219595920508557,3219595920524914,0,0,16,0,48,256,1,1,512,1,1
"KERNEL_DISPATCH","Agent 3",1,0,2659034,488,110,"void microllm::ops::hip::(anonymous namespace)::add_typed_kernel<float>(float const*, float const*, float*, long)",2918,3219595920541794,3219595920544881,0,0,8,0,32,256,1,1,512,1,1
"KERNEL_DISPATCH","Agent 3",1,0,2659034,489,135,"microllm::ops::hip::(anonymous namespace)::rms_norm_kernel(float const*, float const*, float*, long, long, float)",2931,3219595920569601,3219595920572608,1024,0,12,4,32,256,1,1,2048,1,1
"KERNEL_DISPATCH","Agent 3",1,0,2659034,490,54,"void microllm::ops::hip::(anonymous namespace)::matmul_typed_kernel<float>(float const*, float const*, float*, long, long, long, long)",2938,3219595920589860,3219595920599201,0,0,16,0,48,256,1,1,256,1,1
"KERNEL_DISPATCH","Agent 3",1,0,2659034,491,11,"__amd_rocclr_copyBuffer",2945,3219595920617242,3219595920618926,0,0,16,0,32,512,1,1,512,1,1
"KERNEL_DISPATCH","Agent 3",1,0,2659034,492,11,"__amd_rocclr_copyBuffer",2947,3219595920622274,3219595920622996,0,0,16,0,32,512,1,1,512,1,1
"KERNEL_DISPATCH","Agent 3",1,0,2659034,493,11,"__amd_rocclr_copyBuffer",2949,3219595920626524,3219595920628127,0,0,16,0,32,512,1,1,512,1,1
"KERNEL_DISPATCH","Agent 3",1,0,2659034,494,11,"__amd_rocclr_copyBuffer",2951,3219595920631553,3219595920633117,0,0,16,0,32,512,1,1,512,1,1
"KERNEL_DISPATCH","Agent 3",1,0,2659034,495,11,"__amd_rocclr_copyBuffer",2953,3219595920637043,3219595920638527,0,0,16,0,32,512,1,1,512,1,1
"KERNEL_DISPATCH","Agent 3",1,0,2659034,496,11,"__amd_rocclr_copyBuffer",2955,3219595920651714,3219595920653398,0,0,16,0,32,512,1,1,512,1,1
"KERNEL_DISPATCH","Agent 3",1,0,2659034,497,11,"__amd_rocclr_copyBuffer",2957,3219595920656631,3219595920657794,0,0,16,0,32,512,1,1,512,1,1
"KERNEL_DISPATCH","Agent 3",1,0,2659034,498,11,"__amd_rocclr_copyBuffer",2959,3219595920661614,3219595920663899,0,0,16,0,32,512,1,1,512,1,1
"KERNEL_DISPATCH","Agent 3",1,0,2659034,499,11,"__amd_rocclr_copyBuffer",2969,3219595920747035,3219595920749441,0,0,16,0,32,512,1,1,512,1,1
"KERNEL_DISPATCH","Agent 3",1,0,2659034,500,67,"microllm::ops::hip::(anonymous namespace)::argmax_last_dim_kernel(float const*, int*, long, long)",2975,3219595920767527,3219595920771055,4096,0,12,4,32,256,1,1,1024,1,1
"KERNEL_DISPATCH","Agent 3",1,0,2659034,501,11,"__amd_rocclr_copyBuffer",2978,3219595920775202,3219595920776364,0,0,16,0,32,512,1,1,512,1,1
"KERNEL_DISPATCH","Agent 3",1,0,2659034,502,100,"void microllm::ops::hip::(anonymous namespace)::fill_typed_kernel<float>(float*, long, float)",2982,3219595920799167,3219595920800851,0,0,4,4,16,256,1,1,2048,1,1
"KERNEL_DISPATCH","Agent 3",1,0,2659034,503,100,"void microllm::ops::hip::(anonymous namespace)::fill_typed_kernel<float>(float*, long, float)",2985,3219595920804654,3219595920806218,0,0,4,4,16,256,1,1,2048,1,1
"KERNEL_DISPATCH","Agent 3",1,0,2659034,504,100,"void microllm::ops::hip::(anonymous namespace)::fill_typed_kernel<float>(float*, long, float)",2988,3219595920810461,3219595920812145,0,0,4,4,16,256,1,1,2048,1,1
"KERNEL_DISPATCH","Agent 3",1,0,2659034,505,100,"void microllm::ops::hip::(anonymous namespace)::fill_typed_kernel<float>(float*, long, float)",2991,3219595920816845,3219595920818569,0,0,4,4,16,256,1,1,2048,1,1
"KERNEL_DISPATCH","Agent 3",1,0,2659034,506,11,"__amd_rocclr_copyBuffer",2996,3219595920827840,3219595920832852,0,0,16,0,32,512,1,1,512,1,1
"KERNEL_DISPATCH","Agent 3",1,0,2659034,507,11,"__amd_rocclr_copyBuffer",3000,3219595920848987,3219595920853918,0,0,16,0,32,512,1,1,512,1,1
"KERNEL_DISPATCH","Agent 3",1,0,2659034,508,11,"__amd_rocclr_copyBuffer",3004,3219595920869275,3219595920873885,0,0,16,0,32,512,1,1,512,1,1
"KERNEL_DISPATCH","Agent 3",1,0,2659034,509,86,"microllm::ops::hip::(anonymous namespace)::embedding_kernel(float const*, int const*, float*, long, long, long)",3008,3219595920888832,3219595920891438,0,0,16,0,32,256,1,1,256,1,1
"KERNEL_DISPATCH","Agent 3",1,0,2659034,510,135,"microllm::ops::hip::(anonymous namespace)::rms_norm_kernel(float const*, float const*, float*, long, long, float)",3013,3219595920896209,3219595920898775,1024,0,12,4,32,256,1,1,768,1,1
"KERNEL_DISPATCH","Agent 3",1,0,2659034,511,54,"void microllm::ops::hip::(anonymous namespace)::matmul_typed_kernel<float>(float const*, float const*, float*, long, long, long, long)",3018,3219595920905551,3219595920915093,0,0,16,0,48,256,1,1,256,1,1
"KERNEL_DISPATCH","Agent 3",1,0,2659034,512,54,"void microllm::ops::hip::(anonymous namespace)::matmul_typed_kernel<float>(float const*, float const*, float*, long, long, long, long)",3023,3219595920915182,3219595920923561,0,0,16,0,48,256,1,1,256,1,1
"KERNEL_DISPATCH","Agent 3",1,0,2659034,513,54,"void microllm::ops::hip::(anonymous namespace)::matmul_typed_kernel<float>(float const*, float const*, float*, long, long, long, long)",3028,3219595920925388,3219595920934369,0,0,16,0,48,256,1,1,256,1,1
"KERNEL_DISPATCH","Agent 3",1,0,2659034,514,91,"microllm::ops::hip::(anonymous namespace)::rope_positions_kernel(float const*, int const*, float*, long, long, long, float)",3033,3219595920934643,3219595920937970,0,0,28,4,48,256,1,1,256,1,1
"KERNEL_DISPATCH","Agent 3",1,0,2659034,515,91,"microllm::ops::hip::(anonymous namespace)::rope_positions_kernel(float const*, int const*, float*, long, long, long, float)",3038,3219595920949575,3219595920952021,0,0,28,4,48,256,1,1,256,1,1
"KERNEL_DISPATCH","Agent 3",1,0,2659034,516,64,"void microllm::ops::hip::(anonymous namespace)::kv_cache_store_pair_positions_kernel<float>(float const*, float const*, int const*, int const*, float*, float*, long, long, long, long, long, long)",3041,3219595920956131,3219595920958657,0,0,20,4,48,256,1,1,256,1,1
"KERNEL_DISPATCH","Agent 3",1,0,2659034,517,14,"void microllm::ops::hip::(anonymous namespace)::cached_attention_fused_positions_kernel<float>(float const*, float const*, float const*, int const*, int const*, float*, long, long, long, long, long, long, long, long, float)",3046,3219595920966739,3219595920974637,1024,0,52,4,64,256,1,1,3072,1,1
"KERNEL_DISPATCH","Agent 3",1,0,2659034,518,54,"void microllm::ops::hip::(anonymous namespace)::matmul_typed_kernel<float>(float const*, float const*, float*, long, long, long, long)",3051,3219595920974583,3219595920983483,0,0,16,0,48,256,1,1,256,1,1
"KERNEL_DISPATCH","Agent 3",1,0,2659034,519,50,"void microllm::ops::hip::(anonymous namespace)::add_rms_norm_kernel<256u>(float const*, float const*, float const*, float*, float*, long, long, float)",3072,3219595921022531,3219595921025538,1024,0,16,0,32,256,1,1,768,1,1
"KERNEL_DISPATCH","Agent 3",1,0,2659034,520,54,"void microllm::ops::hip::(anonymous namespace)::matmul_typed_kernel<float>(float const*, float const*, float*, long, long, long, long)",3077,3219595921030217,3219595921039398,0,0,16,0,48,256,1,1,512,1,1
"KERNEL_DISPATCH","Agent 3",1,0,2659034,521,54,"void microllm::ops::hip::(anonymous namespace)::matmul_typed_kernel<float>(float const*, float const*, float*, long, long, long, long)",3082,3219595921039283,3219595921048143,0,0,16,0,48,256,1,1,512,1,1
"KERNEL_DISPATCH","Agent 3",1,0,2659034,522,70,"void microllm::ops::hip::(anonymous namespace)::swiglu_typed_kernel<float>(float const*, float const*, float*, long)",3087,3219595921048219,3219595921051707,0,0,12,4,32,256,1,1,512,1,1
"KERNEL_DISPATCH","Agent 3",1,0,2659034,523,54,"void microllm::ops::hip::(anonymous namespace)::matmul_typed_kernel<float>(float const*, float const*, float*, long, long, long, long)",3096,3219595921070710,3219595921087629,0,0,16,0,48,256,1,1,256,1,1
"KERNEL_DISPATCH","Agent 3",1,0,2659034,524,110,"void microllm::ops::hip::(anonymous namespace)::add_typed_kernel<float>(float const*, float const*, float*, long)",3103,3219595921107612,3219595921109937,0,0,8,0,32,256,1,1,256,1,1
"KERNEL_DISPATCH","Agent 3",1,0,2659034,525,135,"microllm::ops::hip::(anonymous namespace)::rms_norm_kernel(float const*, float const*, float*, long, long, float)",3118,3219595921136249,3219595921138815,1024,0,12,4,32,256,1,1,768,1,1
"KERNEL_DISPATCH","Agent 3",1,0,2659034,526,54,"void microllm::ops::hip::(anonymous namespace)::matmul_typed_kernel<float>(float const*, float const*, float*, long, long, long, long)",3123,3219595921142904,3219595921152686,0,0,16,0,48,256,1,1,256,1,1
"KERNEL_DISPATCH","Agent 3",1,0,2659034,527,54,"void microllm::ops::hip::(anonymous namespace)::matmul_typed_kernel<float>(float const*, float const*, float*, long, long, long, long)",3128,3219595921152794,3219595921161253,0,0,16,0,48,256,1,1,256,1,1
"KERNEL_DISPATCH","Agent 3",1,0,2659034,528,54,"void microllm::ops::hip::(anonymous namespace)::matmul_typed_kernel<float>(float const*, float const*, float*, long, long, long, long)",3133,3219595921167781,3219595921177444,0,0,16,0,48,256,1,1,256,1,1
"KERNEL_DISPATCH","Agent 3",1,0,2659034,529,91,"microllm::ops::hip::(anonymous namespace)::rope_positions_kernel(float const*, int const*, float*, long, long, long, float)",3138,3219595921177396,3219595921180884,0,0,28,4,48,256,1,1,256,1,1
"KERNEL_DISPATCH","Agent 3",1,0,2659034,530,91,"microllm::ops::hip::(anonymous namespace)::rope_positions_kernel(float const*, int const*, float*, long, long, long, float)",3143,3219595921184261,3219595921186907,0,0,28,4,48,256,1,1,256,1,1
"KERNEL_DISPATCH","Agent 3",1,0,2659034,531,64,"void microllm::ops::hip::(anonymous namespace)::kv_cache_store_pair_positions_kernel<float>(float const*, float const*, int const*, int const*, float*, float*, long, long, long, long, long, long)",3146,3219595921190450,3219595921192895,0,0,20,4,48,256,1,1,256,1,1
"KERNEL_DISPATCH","Agent 3",1,0,2659034,532,14,"void microllm::ops::hip::(anonymous namespace)::cached_attention_fused_positions_kernel<float>(float const*, float const*, float const*, int const*, int const*, float*, long, long, long, long, long, long, long, long, float)",3151,3219595921201938,3219595921210076,1024,0,52,4,64,256,1,1,3072,1,1
"KERNEL_DISPATCH","Agent 3",1,0,2659034,533,54,"void microllm::ops::hip::(anonymous namespace)::matmul_typed_kernel<float>(float const*, float const*, float*, long, long, long, long)",3156,3219595921210007,3219595921219269,0,0,16,0,48,256,1,1,256,1,1
"KERNEL_DISPATCH","Agent 3",1,0,2659034,534,50,"void microllm::ops::hip::(anonymous namespace)::add_rms_norm_kernel<256u>(float const*, float const*, float const*, float*, float*, long, long, float)",3177,3219595921277994,3219595921280921,1024,0,16,0,32,256,1,1,768,1,1
"KERNEL_DISPATCH","Agent 3",1,0,2659034,535,54,"void microllm::ops::hip::(anonymous namespace)::matmul_typed_kernel<float>(float const*, float const*, float*, long, long, long, long)",3182,3219595921288806,3219595921298387,0,0,16,0,48,256,1,1,512,1,1
"KERNEL_DISPATCH","Agent 3",1,0,2659034,536,54,"void microllm::ops::hip::(anonymous namespace)::matmul_typed_kernel<float>(float const*, float const*, float*, long, long, long, long)",3187,3219595921298420,3219595921307561,0,0,16,0,48,256,1,1,512,1,1
"KERNEL_DISPATCH","Agent 3",1,0,2659034,537,70,"void microllm::ops::hip::(anonymous namespace)::swiglu_typed_kernel<float>(float const*, float const*, float*, long)",3192,3219595921307579,3219595921310987,0,0,12,4,32,256,1,1,512,1,1
"KERNEL_DISPATCH","Agent 3",1,0,2659034,538,54,"void microllm::ops::hip::(anonymous namespace)::matmul_typed_kernel<float>(float const*, float const*, float*, long, long, long, long)",3201,3219595921330178,3219595921347418,0,0,16,0,48,256,1,1,256,1,1
"KERNEL_DISPATCH","Agent 3",1,0,2659034,539,110,"void microllm::ops::hip::(anonymous namespace)::add_typed_kernel<float>(float const*, float const*, float*, long)",3208,3219595921364851,3219595921367578,0,0,8,0,32,256,1,1,256,1,1
"KERNEL_DISPATCH","Agent 3",1,0,2659034,540,135,"microllm::ops::hip::(anonymous namespace)::rms_norm_kernel(float const*, float const*, float*, long, long, float)",3223,3219595921393276,3219595921396043,1024,0,12,4,32,256,1,1,768,1,1
"KERNEL_DISPATCH","Agent 3",1,0,2659034,541,54,"void microllm::ops::hip::(anonymous namespace)::matmul_typed_kernel<float>(float const*, float const*, float*, long, long, long, long)",3230,3219595921412413,3219595921422196,0,0,16,0,48,256,1,1,768,1,1
"KERNEL_DISPATCH","Agent 3",1,0,2659034,542,11,"__amd_rocclr_copyBuffer",3241,3219595921450162,3219595921451886,0,0,16,0,32,512,1,1,512,1,1
"KERNEL_DISPATCH","Agent 3",1,0,2659034,543,11,"__amd_rocclr_copyBuffer",3243,3219595921455255,3219595921456618,0,0,16,0,32,512,1,1,512,1,1
"KERNEL_DISPATCH","Agent 3",1,0,2659034,544,11,"__amd_rocclr_copyBuffer",3245,3219595921460196,3219595921462241,0,0,16,0,32,512,1,1,512,1,1
"KERNEL_DISPATCH","Agent 3",1,0,2659034,545,11,"__amd_rocclr_copyBuffer",3251,3219595921481688,3219595921485377,0,0,16,0,32,512,1,1,512,1,1
"KERNEL_DISPATCH","Agent 3",1,0,2659034,546,86,"microllm::ops::hip::(anonymous namespace)::embedding_kernel(float const*, int const*, float*, long, long, long)",3255,3219595921500006,3219595921502532,0,0,16,0,32,256,1,1,768,1,1
"KERNEL_DISPATCH","Agent 3",1,0,2659034,547,135,"microllm::ops::hip::(anonymous namespace)::rms_norm_kernel(float const*, float const*, float*, long, long, float)",3260,3219595921507643,3219595921510489,1024,0,12,4,32,256,1,1,3072,1,1
"KERNEL_DISPATCH","Agent 3",1,0,2659034,548,54,"void microllm::ops::hip::(anonymous namespace)::matmul_typed_kernel<float>(float const*, float const*, float*, long, long, long, long)",3265,3219595921515806,3219595921525067,0,0,16,0,48,256,1,1,768,1,1
"KERNEL_DISPATCH","Agent 3",1,0,2659034,549,54,"void microllm::ops::hip::(anonymous namespace)::matmul_typed_kernel<float>(float const*, float const*, float*, long, long, long, long)",3270,3219595921525040,3219595921534301,0,0,16,0,48,256,1,1,512,1,1
"KERNEL_DISPATCH","Agent 3",1,0,2659034,550,54,"void microllm::ops::hip::(anonymous namespace)::matmul_typed_kernel<float>(float const*, float const*, float*, long, long, long, long)",3275,3219595921534275,3219595921543376,0,0,16,0,48,256,1,1,512,1,1
"KERNEL_DISPATCH","Agent 3",1,0,2659034,551,138,"microllm::runtime::detail::(anonymous namespace)::strided_copy_kernel(std::byte*, std::byte const*, unsigned long, long, microllm::runtime::detail::(anonymous namespace)::Layout)",3280,3219595921543398,3219595921546926,0,0,20,4,48,256,1,1,768,1,1
"KERNEL_DISPATCH","Agent 3",1,0,2659034,552,138,"microllm::runtime::detail::(anonymous namespace)::strided_copy_kernel(std::byte*, std::byte const*, unsigned long, long, microllm::runtime::detail::(anonymous namespace)::Layout)",3285,3219595921550169,3219595921551653,0,0,20,4,48,256,1,1,512,1,1
"KERNEL_DISPATCH","Agent 3",1,0,2659034,553,138,"microllm::runtime::detail::(anonymous namespace)::strided_copy_kernel(std::byte*, std::byte const*, unsigned long, long, microllm::runtime::detail::(anonymous namespace)::Layout)",3290,3219595921558227,3219595921561554,0,0,20,4,48,256,1,1,512,1,1
"KERNEL_DISPATCH","Agent 3",1,0,2659034,554,93,"microllm::ops::hip::(anonymous namespace)::rope_kernel(float const*, float*, long, long, long, long, long, float)",3295,3219595921565634,3219595921569042,0,0,28,4,48,256,1,1,512,1,1
"KERNEL_DISPATCH","Agent 3",1,0,2659034,555,93,"microllm::ops::hip::(anonymous namespace)::rope_kernel(float const*, float*, long, long, long, long, long, float)",3302,3219595921591396,3219595921594042,0,0,28,4,48,256,1,1,256,1,1
"KERNEL_DISPATCH","Agent 3",1,0,2659034,556,11,"__amd_rocclr_copyBuffer",3309,3219595921611205,3219595921612768,0,0,16,0,32,512,1,1,512,1,1
"KERNEL_DISPATCH","Agent 3",1,0,2659034,557,11,"__amd_rocclr_copyBuffer",3311,3219595921616119,3219595921617041,0,0,16,0,32,512,1,1,512,1,1
"KERNEL_DISPATCH","Agent 3",1,0,2659034,558,11,"__amd_rocclr_copyBuffer",3315,3219595921623275,3219595921625039,0,0,16,0,32,512,1,1,512,1,1
"KERNEL_DISPATCH","Agent 3",1,0,2659034,559,11,"__amd_rocclr_copyBuffer",3317,3219595921629046,3219595921630730,0,0,16,0,32,512,1,1,512,1,1
"KERNEL_DISPATCH","Agent 3",1,0,2659034,560,109,"microllm::ops::hip::(anonymous namespace)::causal_gqa_attention_kernel(float const*, float const*, float const*, float*, float*, long, long, long, long, long, long, float)",3321,3219595921653571,3219595921660066,1024,0,24,0,64,256,1,1,12288,1,1
"KERNEL_DISPATCH","Agent 3",1,0,2659034,561,138,"microllm::runtime::detail::(anonymous namespace)::strided_copy_kernel(std::byte*, std::byte const*, unsigned long, long, microllm::runtime::detail::(anonymous namespace)::Layout)",3326,3219595921663217,3219595921665983,0,0,20,4,48,256,1,1,768,1,1
"KERNEL_DISPATCH","Agent 3",1,0,2659034,562,54,"void microllm::ops::hip::(anonymous namespace)::matmul_typed_kernel<float>(float const*, float const*, float*, long, long, long, long)",3333,3219595921683726,3219595921693068,0,0,16,0,48,256,1,1,768,1,1
"KERNEL_DISPATCH","Agent 3",1,0,2659034,563,110,"void microllm::ops::hip::(anonymous namespace)::add_typed_kernel<float>(float const*, float const*, float*, long)",3352,3219595921721724,3219595921724209,0,0,8,0,32,256,1,1,768,1,1
"KERNEL_DISPATCH","Agent 3",1,0,2659034,564,135,"microllm::ops::hip::(anonymous namespace)::rms_norm_kernel(float const*, float const*, float*, long, long, float)",3361,3219595921743373,3219595921745978,1024,0,12,4,32,256,1,1,3072,1,1
"KERNEL_DISPATCH","Agent 3",1,0,2659034,565,54,"void microllm::ops::hip::(anonymous namespace)::matmul_typed_kernel<float>(float const*, float const*, float*, long, long, long, long)",3366,3219595921750129,3219595921759591,0,0,16,0,48,256,1,1,1536,1,1
"KERNEL_DISPATCH","Agent 3",1,0,2659034,566,54,"void microllm::ops::hip::(anonymous namespace)::matmul_typed_kernel<float>(float const*, float const*, float*, long, long, long, long)",3371,3219595921759629,3219595921768610,0,0,16,0,48,256,1,1,1536,1,1
"KERNEL_DISPATCH","Agent 3",1,0,2659034,567,70,"void microllm::ops::hip::(anonymous namespace)::swiglu_typed_kernel<float>(float const*, float const*, float*, long)",3376,3219595921768606,3219595921772294,0,0,12,4,32,256,1,1,1536,1,1
"KERNEL_DISPATCH","Agent 3",1,0,2659034,568,54,"void microllm::ops::hip::(anonymous namespace)::matmul_typed_kernel<float>(float const*, float const*, float*, long, long, long, long)",3385,3219595921791487,3219595921808606,0,0,16,0,48,256,1,1,768,1,1
"KERNEL_DISPATCH","Agent 3",1,0,2659034,569,110,"void microllm::ops::hip::(anonymous namespace)::add_typed_kernel<float>(float const*, float const*, float*, long)",3392,3219595921825496,3219595921827781,0,0,8,0,32,256,1,1,768,1,1
"KERNEL_DISPATCH","Agent 3",1,0,2659034,570,135,"microllm::ops::hip::(anonymous namespace)::rms_norm_kernel(float const*, float const*, float*, long, long, float)",3405,3219595921850324,3219595921853130,1024,0,12,4,32,256,1,1,3072,1,1
"KERNEL_DISPATCH","Agent 3",1,0,2659034,571,54,"void microllm::ops::hip::(anonymous namespace)::matmul_typed_kernel<float>(float const*, float const*, float*, long, long, long, long)",3410,3219595921857204,3219595921866826,0,0,16,0,48,256,1,1,768,1,1
"KERNEL_DISPATCH","Agent 3",1,0,2659034,572,54,"void microllm::ops::hip::(anonymous namespace)::matmul_typed_kernel<float>(float const*, float const*, float*, long, long, long, long)",3415,3219595921866807,3219595921875948,0,0,16,0,48,256,1,1,512,1,1
"KERNEL_DISPATCH","Agent 3",1,0,2659034,573,54,"void microllm::ops::hip::(anonymous namespace)::matmul_typed_kernel<float>(float const*, float const*, float*, long, long, long, long)",3420,3219595921875829,3219595921884849,0,0,16,0,48,256,1,1,512,1,1
"KERNEL_DISPATCH","Agent 3",1,0,2659034,574,138,"microllm::runtime::detail::(anonymous namespace)::strided_copy_kernel(std::byte*, std::byte const*, unsigned long, long, microllm::runtime::detail::(anonymous namespace)::Layout)",3425,3219595921885012,3219595921888901,0,0,20,4,48,256,1,1,768,1,1
"KERNEL_DISPATCH","Agent 3",1,0,2659034,575,138,"microllm::runtime::detail::(anonymous namespace)::strided_copy_kernel(std::byte*, std::byte const*, unsigned long, long, microllm::runtime::detail::(anonymous namespace)::Layout)",3430,3219595921888992,3219595921892360,0,0,20,4,48,256,1,1,512,1,1
"KERNEL_DISPATCH","Agent 3",1,0,2659034,576,138,"microllm::runtime::detail::(anonymous namespace)::strided_copy_kernel(std::byte*, std::byte const*, unsigned long, long, microllm::runtime::detail::(anonymous namespace)::Layout)",3435,3219595921896124,3219595921899331,0,0,20,4,48,256,1,1,512,1,1
"KERNEL_DISPATCH","Agent 3",1,0,2659034,577,93,"microllm::ops::hip::(anonymous namespace)::rope_kernel(float const*, float*, long, long, long, long, long, float)",3440,3219595921903968,3219595921907697,0,0,28,4,48,256,1,1,512,1,1
"KERNEL_DISPATCH","Agent 3",1,0,2659034,578,93,"microllm::ops::hip::(anonymous namespace)::rope_kernel(float const*, float*, long, long, long, long, long, float)",3447,3219595921929644,3219595921932370,0,0,28,4,48,256,1,1,256,1,1
"KERNEL_DISPATCH","Agent 3",1,0,2659034,579,11,"__amd_rocclr_copyBuffer",3454,3219595921951260,3219595921952983,0,0,16,0,32,512,1,1,512,1,1
"KERNEL_DISPATCH","Agent 3",1,0,2659034,580,11,"__amd_rocclr_copyBuffer",3456,3219595921956425,3219595921957107,0,0,16,0,32,512,1,1,512,1,1
"KERNEL_DISPATCH","Agent 3",1,0,2659034,581,11,"__amd_rocclr_copyBuffer",3460,3219595921963280,3219595921964764,0,0,16,0,32,512,1,1,512,1,1
"KERNEL_DISPATCH","Agent 3",1,0,2659034,582,11,"__amd_rocclr_copyBuffer",3462,3219595921968428,3219595921969590,0,0,16,0,32,512,1,1,512,1,1
"KERNEL_DISPATCH","Agent 3",1,0,2659034,583,109,"microllm::ops::hip::(anonymous namespace)::causal_gqa_attention_kernel(float const*, float const*, float const*, float*, float*, long, long, long, long, long, long, float)",3466,3219595921977984,3219595921984318,1024,0,24,0,64,256,1,1,12288,1,1
"KERNEL_DISPATCH","Agent 3",1,0,2659034,584,138,"microllm::runtime::detail::(anonymous namespace)::strided_copy_kernel(std::byte*, std::byte const*, unsigned long, long, microllm::runtime::detail::(anonymous namespace)::Layout)",3471,3219595921987487,3219595921990214,0,0,20,4,48,256,1,1,768,1,1
"KERNEL_DISPATCH","Agent 3",1,0,2659034,585,54,"void microllm::ops::hip::(anonymous namespace)::matmul_typed_kernel<float>(float const*, float const*, float*, long, long, long, long)",3478,3219595922007481,3219595922016943,0,0,16,0,48,256,1,1,768,1,1
"KERNEL_DISPATCH","Agent 3",1,0,2659034,586,110,"void microllm::ops::hip::(anonymous namespace)::add_typed_kernel<float>(float const*, float const*, float*, long)",3497,3219595922045312,3219595922047558,0,0,8,0,32,256,1,1,768,1,1
"KERNEL_DISPATCH","Agent 3",1,0,2659034,587,135,"microllm::ops::hip::(anonymous namespace)::rms_norm_kernel(float const*, float const*, float*, long, long, float)",3506,3219595922068145,3219595922071031,1024,0,12,4,32,256,1,1,3072,1,1
"KERNEL_DISPATCH","Agent 3",1,0,2659034,588,54,"void microllm::ops::hip::(anonymous namespace)::matmul_typed_kernel<float>(float const*, float const*, float*, long, long, long, long)",3511,3219595922082315,3219595922092057,0,0,16,0,48,256,1,1,1536,1,1
"KERNEL_DISPATCH","Agent 3",1,0,2659034,589,54,"void microllm::ops::hip::(anonymous namespace)::matmul_typed_kernel<float>(float const*, float const*, float*, long, long, long, long)",3516,3219595922099831,3219595922109453,0,0,16,0,48,256,1,1,1536,1,1
"KERNEL_DISPATCH","Agent 3",1,0,2659034,590,70,"void microllm::ops::hip::(anonymous namespace)::swiglu_typed_kernel<float>(float const*, float const*, float*, long)",3521,3219595922124463,3219595922127390,0,0,12,4,32,256,1,1,1536,1,1
"KERNEL_DISPATCH","Agent 3",1,0,2659034,591,54,"void microllm::ops::hip::(anonymous namespace)::matmul_typed_kernel<float>(float const*, float const*, float*, long, long, long, long)",3530,3219595922150326,3219595922167365,0,0,16,0,48,256,1,1,768,1,1
"KERNEL_DISPATCH","Agent 3",1,0,2659034,592,110,"void microllm::ops::hip::(anonymous namespace)::add_typed_kernel<float>(float const*, float const*, float*, long)",3537,3219595922193220,3219595922195986,0,0,8,0,32,256,1,1,768,1,1
"KERNEL_DISPATCH","Agent 3",1,0,2659034,593,135,"microllm::ops::hip::(anonymous namespace)::rms_norm_kernel(float const*, float const*, float*, long, long, float)",3550,3219595922219750,3219595922222877,1024,0,12,4,32,256,1,1,3072,1,1
"KERNEL_DISPATCH","Agent 3",1,0,2659034,594,54,"void microllm::ops::hip::(anonymous namespace)::matmul_typed_kernel<float>(float const*, float const*, float*, long, long, long, long)",3557,3219595922239693,3219595922249115,0,0,16,0,48,256,1,1,256,1,1
"KERNEL_DISPATCH","Agent 3",1,0,2659034,595,11,"__amd_rocclr_copyBuffer",3564,3219595922267211,3219595922268975,0,0,16,0,32,512,1,1,512,1,1
"KERNEL_DISPATCH","Agent 3",1,0,2659034,596,11,"__amd_rocclr_copyBuffer",3566,3219595922272322,3219595922273204,0,0,16,0,32,512,1,1,512,1,1
"KERNEL_DISPATCH","Agent 3",1,0,2659034,597,11,"__amd_rocclr_copyBuffer",3568,3219595922276621,3219595922278104,0,0,16,0,32,512,1,1,512,1,1
"KERNEL_DISPATCH","Agent 3",1,0,2659034,598,11,"__amd_rocclr_copyBuffer",3570,3219595922281860,3219595922283624,0,0,16,0,32,512,1,1,512,1,1
"KERNEL_DISPATCH","Agent 3",1,0,2659034,599,11,"__amd_rocclr_copyBuffer",3572,3219595922287445,3219595922289210,0,0,16,0,32,512,1,1,512,1,1
"KERNEL_DISPATCH","Agent 3",1,0,2659034,600,11,"__amd_rocclr_copyBuffer",3574,3219595922293720,3219595922295283,0,0,16,0,32,512,1,1,512,1,1
"KERNEL_DISPATCH","Agent 3",1,0,2659034,601,11,"__amd_rocclr_copyBuffer",3576,3219595922298944,3219595922300387,0,0,16,0,32,512,1,1,512,1,1
"KERNEL_DISPATCH","Agent 3",1,0,2659034,602,11,"__amd_rocclr_copyBuffer",3578,3219595922304892,3219595922307098,0,0,16,0,32,512,1,1,512,1,1
"KERNEL_DISPATCH","Agent 3",1,0,2659034,603,11,"__amd_rocclr_copyBuffer",3588,3219595922332706,3219595922334550,0,0,16,0,32,512,1,1,512,1,1
"KERNEL_DISPATCH","Agent 3",1,0,2659034,604,67,"microllm::ops::hip::(anonymous namespace)::argmax_last_dim_kernel(float const*, int*, long, long)",3594,3219595922352154,3219595922355682,4096,0,12,4,32,256,1,1,1024,1,1
"KERNEL_DISPATCH","Agent 3",1,0,2659034,605,11,"__amd_rocclr_copyBuffer",3597,3219595922359917,3219595922361761,0,0,16,0,32,512,1,1,512,1,1
"KERNEL_DISPATCH","Agent 3",1,0,2659034,606,100,"void microllm::ops::hip::(anonymous namespace)::fill_typed_kernel<float>(float*, long, float)",3601,3219595922384718,3219595922386362,0,0,4,4,16,256,1,1,2048,1,1
"KERNEL_DISPATCH","Agent 3",1,0,2659034,607,100,"void microllm::ops::hip::(anonymous namespace)::fill_typed_kernel<float>(float*, long, float)",3604,3219595922389680,3219595922391244,0,0,4,4,16,256,1,1,2048,1,1
"KERNEL_DISPATCH","Agent 3",1,0,2659034,608,100,"void microllm::ops::hip::(anonymous namespace)::fill_typed_kernel<float>(float*, long, float)",3607,3219595922395241,3219595922396805,0,0,4,4,16,256,1,1,2048,1,1
"KERNEL_DISPATCH","Agent 3",1,0,2659034,609,100,"void microllm::ops::hip::(anonymous namespace)::fill_typed_kernel<float>(float*, long, float)",3610,3219595922400714,3219595922402318,0,0,4,4,16,256,1,1,2048,1,1
"KERNEL_DISPATCH","Agent 3",1,0,2659034,610,11,"__amd_rocclr_copyBuffer",3615,3219595922410345,3219595922415196,0,0,16,0,32,512,1,1,512,1,1
"KERNEL_DISPATCH","Agent 3",1,0,2659034,611,11,"__amd_rocclr_copyBuffer",3619,3219595922431747,3219595922436518,0,0,16,0,32,512,1,1,512,1,1
"KERNEL_DISPATCH","Agent 3",1,0,2659034,612,11,"__amd_rocclr_copyBuffer",3623,3219595922452377,3219595922456947,0,0,16,0,32,512,1,1,512,1,1
"KERNEL_DISPATCH","Agent 3",1,0,2659034,613,86,"microllm::ops::hip::(anonymous namespace)::embedding_kernel(float const*, int const*, float*, long, long, long)",3627,3219595922472060,3219595922474465,0,0,16,0,32,256,1,1,256,1,1
"KERNEL_DISPATCH","Agent 3",1,0,2659034,614,135,"microllm::ops::hip::(anonymous namespace)::rms_norm_kernel(float const*, float const*, float*, long, long, float)",3632,3219595922478849,3219595922481696,1024,0,12,4,32,256,1,1,768,1,1
"KERNEL_DISPATCH","Agent 3",1,0,2659034,615,54,"void microllm::ops::hip::(anonymous namespace)::matmul_typed_kernel<float>(float const*, float const*, float*, long, long, long, long)",3637,3219595922487211,3219595922497435,0,0,16,0,48,256,1,1,256,1,1
"KERNEL_DISPATCH","Agent 3",1,0,2659034,616,54,"void microllm::ops::hip::(anonymous namespace)::matmul_typed_kernel<float>(float const*, float const*, float*, long, long, long, long)",3642,3219595922497495,3219595922506235,0,0,16,0,48,256,1,1,256,1,1
"KERNEL_DISPATCH","Agent 3",1,0,2659034,617,54,"void microllm::ops::hip::(anonymous namespace)::matmul_typed_kernel<float>(float const*, float const*, float*, long, long, long, long)",3647,3219595922506183,3219595922514802,0,0,16,0,48,256,1,1,256,1,1
"KERNEL_DISPATCH","Agent 3",1,0,2659034,618,91,"microllm::ops::hip::(anonymous namespace)::rope_positions_kernel(float const*, int const*, float*, long, long, long, float)",3652,3219595922514828,3219595922518236,0,0,28,4,48,256,1,1,256,1,1
"KERNEL_DISPATCH","Agent 3",1,0,2659034,619,91,"microllm::ops::hip::(anonymous namespace)::rope_positions_kernel(float const*, int const*, float*, long, long, long, float)",3657,3219595922521450,3219595922523815,0,0,28,4,48,256,1,1,256,1,1
"KERNEL_DISPATCH","Agent 3",1,0,2659034,620,64,"void microllm::ops::hip::(anonymous namespace)::kv_cache_store_pair_positions_kernel<float>(float const*, float const*, int const*, int const*, float*, float*, long, long, long, long, long, long)",3660,3219595922528128,3219595922530774,0,0,20,4,48,256,1,1,256,1,1
"KERNEL_DISPATCH","Agent 3",1,0,2659034,621,14,"void microllm::ops::hip::(anonymous namespace)::cached_attention_fused_positions_kernel<float>(float const*, float const*, float const*, int const*, int const*, float*, long, long, long, long, long, long, long, long, float)",3665,3219595922538788,3219595922547327,1024,0,52,4,64,256,1,1,3072,1,1
"KERNEL_DISPATCH","Agent 3",1,0,2659034,622,54,"void microllm::ops::hip::(anonymous namespace)::matmul_typed_kernel<float>(float const*, float const*, float*, long, long, long, long)",3670,3219595922547395,3219595922556737,0,0,16,0,48,256,1,1,256,1,1
"KERNEL_DISPATCH","Agent 3",1,0,2659034,623,50,"void microllm::ops::hip::(anonymous namespace)::add_rms_norm_kernel<256u>(float const*, float const*, float const*, float*, float*, long, long, float)",3691,3219595922597274,3219595922600321,1024,0,16,0,32,256,1,1,768,1,1
"KERNEL_DISPATCH","Agent 3",1,0,2659034,624,54,"void microllm::ops::hip::(anonymous namespace)::matmul_typed_kernel<float>(float const*, float const*, float*, long, long, long, long)",3696,3219595922614345,3219595922623967,0,0,16,0,48,256,1,1,512,1,1
"KERNEL_DISPATCH","Agent 3",1,0,2659034,625,54,"void microllm::ops::hip::(anonymous namespace)::matmul_typed_kernel<float>(float const*, float const*, float*, long, long, long, long)",3701,3219595922624039,3219595922632940,0,0,16,0,48,256,1,1,512,1,1
"KERNEL_DISPATCH","Agent 3",1,0,2659034,626,70,"void microllm::ops::hip::(anonymous namespace)::swiglu_typed_kernel<float>(float const*, float const*, float*, long)",3706,3219595922632821,3219595922636309,0,0,12,4,32,256,1,1,512,1,1
"KERNEL_DISPATCH","Agent 3",1,0,2659034,627,54,"void microllm::ops::hip::(anonymous namespace)::matmul_typed_kernel<float>(float const*, float const*, float*, long, long, long, long)",3715,3219595922655722,3219595922672280,0,0,16,0,48,256,1,1,256,1,1
"KERNEL_DISPATCH","Agent 3",1,0,2659034,628,110,"void microllm::ops::hip::(anonymous namespace)::add_typed_kernel<float>(float const*, float const*, float*, long)",3722,3219595922689034,3219595922691680,0,0,8,0,32,256,1,1,256,1,1
"KERNEL_DISPATCH","Agent 3",1,0,2659034,629,135,"microllm::ops::hip::(anonymous namespace)::rms_norm_kernel(float const*, float const*, float*, long, long, float)",3737,3219595922716258,3219595922718864,1024,0,12,4,32,256,1,1,768,1,1
"KERNEL_DISPATCH","Agent 3",1,0,2659034,630,54,"void microllm::ops::hip::(anonymous namespace)::matmul_typed_kernel<float>(float const*, float const*, float*, long, long, long, long)",3742,3219595922723916,3219595922733859,0,0,16,0,48,256,1,1,256,1,1
"KERNEL_DISPATCH","Agent 3",1,0,2659034,631,54,"void microllm::ops::hip::(anonymous namespace)::matmul_typed_kernel<float>(float const*, float const*, float*, long, long, long, long)",3747,3219595922733753,3219595922742292,0,0,16,0,48,256,1,1,256,1,1
"KERNEL_DISPATCH","Agent 3",1,0,2659034,632,54,"void microllm::ops::hip::(anonymous namespace)::matmul_typed_kernel<float>(float const*, float const*, float*, long, long, long, long)",3752,3219595922742396,3219595922750735,0,0,16,0,48,256,1,1,256,1,1
"KERNEL_DISPATCH","Agent 3",1,0,2659034,633,91,"microllm::ops::hip::(anonymous namespace)::rope_positions_kernel(float const*, int const*, float*, long, long, long, float)",3757,3219595922750855,3219595922754343,0,0,28,4,48,256,1,1,256,1,1
"KERNEL_DISPATCH","Agent 3",1,0,2659034,634,91,"microllm::ops::hip::(anonymous namespace)::rope_positions_kernel(float const*, int const*, float*, long, long, long, float)",3762,3219595922758179,3219595922760705,0,0,28,4,48,256,1,1,256,1,1
"KERNEL_DISPATCH","Agent 3",1,0,2659034,635,64,"void microllm::ops::hip::(anonymous namespace)::kv_cache_store_pair_positions_kernel<float>(float const*, float const*, int const*, int const*, float*, float*, long, long, long, long, long, long)",3765,3219595922765035,3219595922767481,0,0,20,4,48,256,1,1,256,1,1
"KERNEL_DISPATCH","Agent 3",1,0,2659034,636,14,"void microllm::ops::hip::(anonymous namespace)::cached_attention_fused_positions_kernel<float>(float const*, float const*, float const*, int const*, int const*, float*, long, long, long, long, long, long, long, long, float)",3770,3219595922775033,3219595922783332,1024,0,52,4,64,256,1,1,3072,1,1
"KERNEL_DISPATCH","Agent 3",1,0,2659034,637,54,"void microllm::ops::hip::(anonymous namespace)::matmul_typed_kernel<float>(float const*, float const*, float*, long, long, long, long)",3775,3219595922783372,3219595922792352,0,0,16,0,48,256,1,1,256,1,1
"KERNEL_DISPATCH","Agent 3",1,0,2659034,638,50,"void microllm::ops::hip::(anonymous namespace)::add_rms_norm_kernel<256u>(float const*, float const*, float const*, float*, float*, long, long, float)",3796,3219595922827427,3219595922830474,1024,0,16,0,32,256,1,1,768,1,1
"KERNEL_DISPATCH","Agent 3",1,0,2659034,639,54,"void microllm::ops::hip::(anonymous namespace)::matmul_typed_kernel<float>(float const*, float const*, float*, long, long, long, long)",3801,3219595922835220,3219595922846365,0,0,16,0,48,256,1,1,512,1,1
"KERNEL_DISPATCH","Agent 3",1,0,2659034,640,54,"void microllm::ops::hip::(anonymous namespace)::matmul_typed_kernel<float>(float const*, float const*, float*, long, long, long, long)",3806,3219595922846444,3219595922855465,0,0,16,0,48,256,1,1,512,1,1
"KERNEL_DISPATCH","Agent 3",1,0,2659034,641,70,"void microllm::ops::hip::(anonymous namespace)::swiglu_typed_kernel<float>(float const*, float const*, float*, long)",3811,3219595922855473,3219595922858921,0,0,12,4,32,256,1,1,512,1,1
"KERNEL_DISPATCH","Agent 3",1,0,2659034,642,54,"void microllm::ops::hip::(anonymous namespace)::matmul_typed_kernel<float>(float const*, float const*, float*, long, long, long, long)",3820,3219595922878211,3219595922894890,0,0,16,0,48,256,1,1,256,1,1
"KERNEL_DISPATCH","Agent 3",1,0,2659034,643,110,"void microllm::ops::hip::(anonymous namespace)::add_typed_kernel<float>(float const*, float const*, float*, long)",3827,3219595922911910,3219595922914395,0,0,8,0,32,256,1,1,256,1,1
"KERNEL_DISPATCH","Agent 3",1,0,2659034,644,135,"microllm::ops::hip::(anonymous namespace)::rms_norm_kernel(float const*, float const*, float*, long, long, float)",3842,3219595922940032,3219595922942718,1024,0,12,4,32,256,1,1,768,1,1
"KERNEL_DISPATCH","Agent 3",1,0,2659034,645,54,"void microllm::ops::hip::(anonymous namespace)::matmul_typed_kernel<float>(float const*, float const*, float*, long, long, long, long)",3849,3219595922959716,3219595922968777,0,0,16,0,48,256,1,1,768,1,1
"KERNEL_DISPATCH","Agent 3",1,0,2659034,646,11,"__amd_rocclr_copyBuffer",3860,3219595922999339,3219595923001022,0,0,16,0,32,512,1,1,512,1,1
"KERNEL_DISPATCH","Agent 3",1,0,2659034,647,11,"__amd_rocclr_copyBuffer",3862,3219595923012127,3219595923013530,0,0,16,0,32,512,1,1,512,1,1
"KERNEL_DISPATCH","Agent 3",1,0,2659034,648,11,"__amd_rocclr_copyBuffer",3864,3219595923027989,3219595923029432,0,0,16,0,32,512,1,1,512,1,1
"KERNEL_DISPATCH","Agent 3",1,0,2659034,649,11,"__amd_rocclr_copyBuffer",3870,3219595923067390,3219595923070718,0,0,16,0,32,512,1,1,512,1,1
"KERNEL_DISPATCH","Agent 3",1,0,2659034,650,86,"microllm::ops::hip::(anonymous namespace)::embedding_kernel(float const*, int const*, float*, long, long, long)",3874,3219595923086391,3219595923088836,0,0,16,0,32,256,1,1,1024,1,1
"KERNEL_DISPATCH","Agent 3",1,0,2659034,651,135,"microllm::ops::hip::(anonymous namespace)::rms_norm_kernel(float const*, float const*, float*, long, long, float)",3879,3219595923093981,3219595923096587,1024,0,12,4,32,256,1,1,4096,1,1
"KERNEL_DISPATCH","Agent 3",1,0,2659034,652,54,"void microllm::ops::hip::(anonymous namespace)::matmul_typed_kernel<float>(float const*, float const*, float*, long, long, long, long)",3884,3219595923103661,3219595923113083,0,0,16,0,48,256,1,1,1024,1,1
"KERNEL_DISPATCH","Agent 3",1,0,2659034,653,54,"void microllm::ops::hip::(anonymous namespace)::matmul_typed_kernel<float>(float const*, float const*, float*, long, long, long, long)",3889,3219595923113081,3219595923122422,0,0,16,0,48,256,1,1,512,1,1
"KERNEL_DISPATCH","Agent 3",1,0,2659034,654,54,"void microllm::ops::hip::(anonymous namespace)::matmul_typed_kernel<float>(float const*, float const*, float*, long, long, long, long)",3894,3219595923122561,3219595923131462,0,0,16,0,48,256,1,1,512,1,1
"KERNEL_DISPATCH","Agent 3",1,0,2659034,655,138,"microllm::runtime::detail::(anonymous namespace)::strided_copy_kernel(std::byte*, std::byte const*, unsigned long, long, microllm::runtime::detail::(anonymous namespace)::Layout)",3899,3219595923131374,3219595923135022,0,0,20,4,48,256,1,1,1024,1,1
"KERNEL_DISPATCH","Agent 3",1,0,2659034,656,138,"microllm::runtime::detail::(anonymous namespace)::strided_copy_kernel(std::byte*, std::byte const*, unsigned long, long, microllm::runtime::detail::(anonymous namespace)::Layout)",3904,3219595923145163,3219595923148531,0,0,20,4,48,256,1,1,512,1,1
"KERNEL_DISPATCH","Agent 3",1,0,2659034,657,138,"microllm::runtime::detail::(anonymous namespace)::strided_copy_kernel(std::byte*, std::byte const*, unsigned long, long, microllm::runtime::detail::(anonymous namespace)::Layout)",3909,3219595923152545,3219595923156033,0,0,20,4,48,256,1,1,512,1,1
"KERNEL_DISPATCH","Agent 3",1,0,2659034,658,93,"microllm::ops::hip::(anonymous namespace)::rope_kernel(float const*, float*, long, long, long, long, long, float)",3914,3219595923160254,3219595923163982,0,0,28,4,48,256,1,1,512,1,1
"KERNEL_DISPATCH","Agent 3",1,0,2659034,659,93,"microllm::ops::hip::(anonymous namespace)::rope_kernel(float const*, float*, long, long, long, long, long, float)",3921,3219595923185912,3219595923188759,0,0,28,4,48,256,1,1,256,1,1
"KERNEL_DISPATCH","Agent 3",1,0,2659034,660,11,"__amd_rocclr_copyBuffer",3928,3219595923206342,3219595923207906,0,0,16,0,32,512,1,1,512,1,1
"KERNEL_DISPATCH","Agent 3",1,0,2659034,661,11,"__amd_rocclr_copyBuffer",3930,3219595923211321,3219595923212002,0,0,16,0,32,512,1,1,512,1,1
"KERNEL_DISPATCH","Agent 3",1,0,2659034,662,11,"__amd_rocclr_copyBuffer",3934,3219595923218724,3219595923220489,0,0,16,0,32,512,1,1,512,1,1
"KERNEL_DISPATCH","Agent 3",1,0,2659034,663,11,"__amd_rocclr_copyBuffer",3936,3219595923223820,3219595923224702,0,0,16,0,32,512,1,1,512,1,1
"KERNEL_DISPATCH","Agent 3",1,0,2659034,664,109,"microllm::ops::hip::(anonymous namespace)::causal_gqa_attention_kernel(float const*, float const*, float const*, float*, float*, long, long, long, long, long, long, float)",3940,3219595923231678,3219595923239897,1024,0,24,0,64,256,1,1,16384,1,1
"KERNEL_DISPATCH","Agent 3",1,0,2659034,665,138,"microllm::runtime::detail::(anonymous namespace)::strided_copy_kernel(std::byte*, std::byte const*, unsigned long, long, microllm::runtime::detail::(anonymous namespace)::Layout)",3945,3219595923240013,3219595923243501,0,0,20,4,48,256,1,1,1024,1,1
"KERNEL_DISPATCH","Agent 3",1,0,2659034,666,54,"void microllm::ops::hip::(anonymous namespace)::matmul_typed_kernel<float>(float const*, float const*, float*, long, long, long, long)",3952,3219595923260445,3219595923270067,0,0,16,0,48,256,1,1,1024,1,1
"KERNEL_DISPATCH","Agent 3",1,0,2659034,667,110,"void microllm::ops::hip::(anonymous namespace)::add_typed_kernel<float>(float const*, float const*, float*, long)",3971,3219595923298641,3219595923301568,0,0,8,0,32,256,1,1,1024,1,1
"KERNEL_DISPATCH","Agent 3",1,0,2659034,668,135,"microllm::ops::hip::(anonymous namespace)::rms_norm_kernel(float const*, float const*, float*, long, long, float)",3980,3219595923322012,3219595923324979,1024,0,12,4,32,256,1,1,4096,1,1
"KERNEL_DISPATCH","Agent 3",1,0,2659034,669,54,"void microllm::ops::hip::(anonymous namespace)::matmul_typed_kernel<float>(float const*, float const*, float*, long, long, long, long)",3985,3219595923328880,3219595923339064,0,0,16,0,48,256,1,1,2048,1,1
"KERNEL_DISPATCH","Agent 3",1,0,2659034,670,54,"void microllm::ops::hip::(anonymous namespace)::matmul_typed_kernel<float>(float const*, float const*, float*, long, long, long, long)",3990,3219595923338931,3219595923348553,0,0,16,0,48,256,1,1,2048,1,1
"KERNEL_DISPATCH","Agent 3",1,0,2659034,671,70,"void microllm::ops::hip::(anonymous namespace)::swiglu_typed_kernel<float>(float const*, float const*, float*, long)",3995,3219595923348655,3219595923352223,0,0,12,4,32,256,1,1,2048,1,1
"KERNEL_DISPATCH","Agent 3",1,0,2659034,672,54,"void microllm::ops::hip::(anonymous namespace)::matmul_typed_kernel<float>(float const*, float const*, float*, long, long, long, long)",4004,3219595923376421,3219595923393861,0,0,16,0,48,256,1,1,1024,1,1
"KERNEL_DISPATCH","Agent 3",1,0,2659034,673,110,"void microllm::ops::hip::(anonymous namespace)::add_typed_kernel<float>(float const*, float const*, float*, long)",4011,3219595923456912,3219595923459879,0,0,8,0,32,256,1,1,1024,1,1
"KERNEL_DISPATCH","Agent 3",1,0,2659034,674,135,"microllm::ops::hip::(anonymous namespace)::rms_norm_kernel(float const*, float const*, float*, long, long, float)",4024,3219595923484430,3219595923487437,1024,0,12,4,32,256,1,1,4096,1,1
"KERNEL_DISPATCH","Agent 3",1,0,2659034,675,54,"void microllm::ops::hip::(anonymous namespace)::matmul_typed_kernel<float>(float const*, float const*, float*, long, long, long, long)",4029,3219595923491796,3219595923501659,0,0,16,0,48,256,1,1,1024,1,1
"KERNEL_DISPATCH","Agent 3",1,0,2659034,676,54,"void microllm::ops::hip::(anonymous namespace)::matmul_typed_kernel<float>(float const*, float const*, float*, long, long, long, long)",4034,3219595923501480,3219595923510540,0,0,16,0,48,256,1,1,512,1,1
"KERNEL_DISPATCH","Agent 3",1,0,2659034,677,54,"void microllm::ops::hip::(anonymous namespace)::matmul_typed_kernel<float>(float const*, float const*, float*, long, long, long, long)",4039,3219595923510726,3219595923519506,0,0,16,0,48,256,1,1,512,1,1
"KERNEL_DISPATCH","Agent 3",1,0,2659034,678,138,"microllm::runtime::detail::(anonymous namespace)::strided_copy_kernel(std::byte*, std::byte const*, unsigned long, long, microllm::runtime::detail::(anonymous namespace)::Layout)",4044,3219595923519469,3219595923523078,0,0,20,4,48,256,1,1,1024,1,1
"KERNEL_DISPATCH","Agent 3",1,0,2659034,679,138,"microllm::runtime::detail::(anonymous namespace)::strided_copy_kernel(std::byte*, std::byte const*, unsigned long, long, microllm::runtime::detail::(anonymous namespace)::Layout)",4049,3219595923526312,3219595923527996,0,0,20,4,48,256,1,1,512,1,1
"KERNEL_DISPATCH","Agent 3",1,0,2659034,680,138,"microllm::runtime::detail::(anonymous namespace)::strided_copy_kernel(std::byte*, std::byte const*, unsigned long, long, microllm::runtime::detail::(anonymous namespace)::Layout)",4054,3219595923535388,3219595923538435,0,0,20,4,48,256,1,1,512,1,1
"KERNEL_DISPATCH","Agent 3",1,0,2659034,681,93,"microllm::ops::hip::(anonymous namespace)::rope_kernel(float const*, float*, long, long, long, long, long, float)",4059,3219595923543396,3219595923547365,0,0,28,4,48,256,1,1,512,1,1
"KERNEL_DISPATCH","Agent 3",1,0,2659034,682,93,"microllm::ops::hip::(anonymous namespace)::rope_kernel(float const*, float*, long, long, long, long, long, float)",4066,3219595923569662,3219595923572549,0,0,28,4,48,256,1,1,256,1,1
"KERNEL_DISPATCH","Agent 3",1,0,2659034,683,11,"__amd_rocclr_copyBuffer",4073,3219595923591531,3219595923593095,0,0,16,0,32,512,1,1,512,1,1
"KERNEL_DISPATCH","Agent 3",1,0,2659034,684,11,"__amd_rocclr_copyBuffer",4075,3219595923596542,3219595923597544,0,0,16,0,32,512,1,1,512,1,1
"KERNEL_DISPATCH","Agent 3",1,0,2659034,685,11,"__amd_rocclr_copyBuffer",4079,3219595923610431,3219595923611915,0,0,16,0,32,512,1,1,512,1,1
"KERNEL_DISPATCH","Agent 3",1,0,2659034,686,11,"__amd_rocclr_copyBuffer",4081,3219595923616683,3219595923618047,0,0,16,0,32,512,1,1,512,1,1
"KERNEL_DISPATCH","Agent 3",1,0,2659034,687,109,"microllm::ops::hip::(anonymous namespace)::causal_gqa_attention_kernel(float const*, float const*, float const*, float*, float*, long, long, long, long, long, long, float)",4085,3219595923625401,3219595923632017,1024,0,24,0,64,256,1,1,16384,1,1
"KERNEL_DISPATCH","Agent 3",1,0,2659034,688,138,"microllm::runtime::detail::(anonymous namespace)::strided_copy_kernel(std::byte*, std::byte const*, unsigned long, long, microllm::runtime::detail::(anonymous namespace)::Layout)",4090,3219595923643994,3219595923647081,0,0,20,4,48,256,1,1,1024,1,1
"KERNEL_DISPATCH","Agent 3",1,0,2659034,689,54,"void microllm::ops::hip::(anonymous namespace)::matmul_typed_kernel<float>(float const*, float const*, float*, long, long, long, long)",4097,3219595923664903,3219595923674244,0,0,16,0,48,256,1,1,1024,1,1
"KERNEL_DISPATCH","Agent 3",1,0,2659034,690,110,"void microllm::ops::hip::(anonymous namespace)::add_typed_kernel<float>(float const*, float const*, float*, long)",4116,3219595923702972,3219595923705177,0,0,8,0,32,256,1,1,1024,1,1
"KERNEL_DISPATCH","Agent 3",1,0,2659034,691,135,"microllm::ops::hip::(anonymous namespace)::rms_norm_kernel(float const*, float const*, float*, long, long, float)",4125,3219595923724164,3219595923726810,1024,0,12,4,32,256,1,1,4096,1,1
"KERNEL_DISPATCH","Agent 3",1,0,2659034,692,54,"void microllm::ops::hip::(anonymous namespace)::matmul_typed_kernel<float>(float const*, float const*, float*, long, long, long, long)",4130,3219595923730646,3219595923740589,0,0,16,0,48,256,1,1,2048,1,1
"KERNEL_DISPATCH","Agent 3",1,0,2659034,693,54,"void microllm::ops::hip::(anonymous namespace)::matmul_typed_kernel<float>(float const*, float const*, float*, long, long, long, long)",4135,3219595923740692,3219595923749913,0,0,16,0,48,256,1,1,2048,1,1
"KERNEL_DISPATCH","Agent 3",1,0,2659034,694,70,"void microllm::ops::hip::(anonymous namespace)::swiglu_typed_kernel<float>(float const*, float const*, float*, long)",4140,3219595923749884,3219595923753653,0,0,12,4,32,256,1,1,2048,1,1
"KERNEL_DISPATCH","Agent 3",1,0,2659034,695,54,"void microllm::ops::hip::(anonymous namespace)::matmul_typed_kernel<float>(float const*, float const*, float*, long, long, long, long)",4149,3219595923774361,3219595923791080,0,0,16,0,48,256,1,1,1024,1,1
"KERNEL_DISPATCH","Agent 3",1,0,2659034,696,110,"void microllm::ops::hip::(anonymous namespace)::add_typed_kernel<float>(float const*, float const*, float*, long)",4156,3219595923808186,3219595923810792,0,0,8,0,32,256,1,1,1024,1,1
"KERNEL_DISPATCH","Agent 3",1,0,2659034,697,135,"microllm::ops::hip::(anonymous namespace)::rms_norm_kernel(float const*, float const*, float*, long, long, float)",4169,3219595923833712,3219595923836438,1024,0,12,4,32,256,1,1,4096,1,1
"KERNEL_DISPATCH","Agent 3",1,0,2659034,698,54,"void microllm::ops::hip::(anonymous namespace)::matmul_typed_kernel<float>(float const*, float const*, float*, long, long, long, long)",4176,3219595923853460,3219595923862561,0,0,16,0,48,256,1,1,256,1,1
"KERNEL_DISPATCH","Agent 3",1,0,2659034,699,11,"__amd_rocclr_copyBuffer",4183,3219595923880834,3219595923882357,0,0,16,0,32,512,1,1,512,1,1
"KERNEL_DISPATCH","Agent 3",1,0,2659034,700,11,"__amd_rocclr_copyBuffer",4185,3219595923885656,3219595923886338,0,0,16,0,32,512,1,1,512,1,1
"KERNEL_DISPATCH","Agent 3",1,0,2659034,701,11,"__amd_rocclr_copyBuffer",4187,3219595923889838,3219595923891281,0,0,16,0,32,512,1,1,512,1,1
"KERNEL_DISPATCH","Agent 3",1,0,2659034,702,11,"__amd_rocclr_copyBuffer",4189,3219595923894668,3219595923895830,0,0,16,0,32,512,1,1,512,1,1
"KERNEL_DISPATCH","Agent 3",1,0,2659034,703,11,"__amd_rocclr_copyBuffer",4191,3219595923899664,3219595923901188,0,0,16,0,32,512,1,1,512,1,1
"KERNEL_DISPATCH","Agent 3",1,0,2659034,704,11,"__amd_rocclr_copyBuffer",4193,3219595923904789,3219595923906232,0,0,16,0,32,512,1,1,512,1,1
"KERNEL_DISPATCH","Agent 3",1,0,2659034,705,11,"__amd_rocclr_copyBuffer",4195,3219595923910004,3219595923911688,0,0,16,0,32,512,1,1,512,1,1
"KERNEL_DISPATCH","Agent 3",1,0,2659034,706,11,"__amd_rocclr_copyBuffer",4197,3219595923915717,3219595923918323,0,0,16,0,32,512,1,1,512,1,1
"KERNEL_DISPATCH","Agent 3",1,0,2659034,707,11,"__amd_rocclr_copyBuffer",4207,3219595923945578,3219595923947623,0,0,16,0,32,512,1,1,512,1,1
"KERNEL_DISPATCH","Agent 3",1,0,2659034,708,67,"microllm::ops::hip::(anonymous namespace)::argmax_last_dim_kernel(float const*, int*, long, long)",4213,3219595923978132,3219595923981660,4096,0,12,4,32,256,1,1,1024,1,1
"KERNEL_DISPATCH","Agent 3",1,0,2659034,709,11,"__amd_rocclr_copyBuffer",4216,3219595924001528,3219595924004255,0,0,16,0,32,512,1,1,512,1,1
"KERNEL_DISPATCH","Agent 3",1,0,2659034,710,11,"__amd_rocclr_copyBuffer",4222,3219595924048231,3219595924051839,0,0,16,0,32,512,1,1,512,1,1
"KERNEL_DISPATCH","Agent 3",1,0,2659034,711,11,"__amd_rocclr_copyBuffer",4226,3219595924068520,3219595924071928,0,0,16,0,32,512,1,1,512,1,1
"KERNEL_DISPATCH","Agent 3",1,0,2659034,712,11,"__amd_rocclr_copyBuffer",4230,3219595924088015,3219595924092665,0,0,16,0,32,512,1,1,512,1,1
"KERNEL_DISPATCH","Agent 3",1,0,2659034,713,86,"microllm::ops::hip::(anonymous namespace)::embedding_kernel(float const*, int const*, float*, long, long, long)",4234,3219595924108188,3219595924110633,0,0,16,0,32,256,1,1,256,1,1
"KERNEL_DISPATCH","Agent 3",1,0,2659034,714,135,"microllm::ops::hip::(anonymous namespace)::rms_norm_kernel(float const*, float const*, float*, long, long, float)",4239,3219595924115486,3219595924118212,1024,0,12,4,32,256,1,1,1024,1,1
"KERNEL_DISPATCH","Agent 3",1,0,2659034,715,54,"void microllm::ops::hip::(anonymous namespace)::matmul_typed_kernel<float>(float const*, float const*, float*, long, long, long, long)",4244,3219595924125332,3219595924135194,0,0,16,0,48,256,1,1,256,1,1
"KERNEL_DISPATCH","Agent 3",1,0,2659034,716,54,"void microllm::ops::hip::(anonymous namespace)::matmul_typed_kernel<float>(float const*, float const*, float*, long, long, long, long)",4249,3219595924135047,3219595924143908,0,0,16,0,48,256,1,1,256,1,1
"KERNEL_DISPATCH","Agent 3",1,0,2659034,717,54,"void microllm::ops::hip::(anonymous namespace)::matmul_typed_kernel<float>(float const*, float const*, float*, long, long, long, long)",4254,3219595924144090,3219595924152709,0,0,16,0,48,256,1,1,256,1,1
"KERNEL_DISPATCH","Agent 3",1,0,2659034,718,91,"microllm::ops::hip::(anonymous namespace)::rope_positions_kernel(float const*, int const*, float*, long, long, long, float)",4259,3219595924152652,3219595924156100,0,0,28,4,48,256,1,1,256,1,1
"KERNEL_DISPATCH","Agent 3",1,0,2659034,719,91,"microllm::ops::hip::(anonymous namespace)::rope_positions_kernel(float const*, int const*, float*, long, long, long, float)",4264,3219595924160247,3219595924162893,0,0,28,4,48,256,1,1,256,1,1
"KERNEL_DISPATCH","Agent 3",1,0,2659034,720,64,"void microllm::ops::hip::(anonymous namespace)::kv_cache_store_pair_positions_kernel<float>(float const*, float const*, int const*, int const*, float*, float*, long, long, long, long, long, long)",4267,3219595924176925,3219595924179371,0,0,20,4,48,256,1,1,256,1,1
"KERNEL_DISPATCH","Agent 3",1,0,2659034,721,14,"void microllm::ops::hip::(anonymous namespace)::cached_attention_fused_positions_kernel<float>(float const*, float const*, float const*, int const*, int const*, float*, long, long, long, long, long, long, long, long, float)",4272,3219595924184601,3219595924193462,1024,0,52,4,64,256,1,1,4096,1,1
"KERNEL_DISPATCH","Agent 3",1,0,2659034,722,54,"void microllm::ops::hip::(anonymous namespace)::matmul_typed_kernel<float>(float const*, float const*, float*, long, long, long, long)",4277,3219595924193429,3219595924201768,0,0,16,0,48,256,1,1,256,1,1
"KERNEL_DISPATCH","Agent 3",1,0,2659034,723,50,"void microllm::ops::hip::(anonymous namespace)::add_rms_norm_kernel<256u>(float const*, float const*, float const*, float*, float*, long, long, float)",4298,3219595924238684,3219595924241691,1024,0,16,0,32,256,1,1,1024,1,1
"KERNEL_DISPATCH","Agent 3",1,0,2659034,724,54,"void microllm::ops::hip::(anonymous namespace)::matmul_typed_kernel<float>(float const*, float const*, float*, long, long, long, long)",4303,3219595924246362,3219595924255663,0,0,16,0,48,256,1,1,512,1,1
"KERNEL_DISPATCH","Agent 3",1,0,2659034,725,54,"void microllm::ops::hip::(anonymous namespace)::matmul_typed_kernel<float>(float const*, float const*, float*, long, long, long, long)",4308,3219595924255631,3219595924264531,0,0,16,0,48,256,1,1,512,1,1
"KERNEL_DISPATCH","Agent 3",1,0,2659034,726,70,"void microllm::ops::hip::(anonymous namespace)::swiglu_typed_kernel<float>(float const*, float const*, float*, long)",4313,3219595924264541,3219595924267989,0,0,12,4,32,256,1,1,512,1,1
"KERNEL_DISPATCH","Agent 3",1,0,2659034,727,54,"void microllm::ops::hip::(anonymous namespace)::matmul_typed_kernel<float>(float const*, float const*, float*, long, long, long, long)",4322,3219595924288775,3219595924305614,0,0,16,0,48,256,1,1,256,1,1
"KERNEL_DISPATCH","Agent 3",1,0,2659034,728,110,"void microllm::ops::hip::(anonymous namespace)::add_typed_kernel<float>(float const*, float const*, float*, long)",4329,3219595924322518,3219595924325244,0,0,8,0,32,256,1,1,256,1,1
"KERNEL_DISPATCH","Agent 3",1,0,2659034,729,135,"microllm::ops::hip::(anonymous namespace)::rms_norm_kernel(float const*, float const*, float*, long, long, float)",4344,3219595924349649,3219595924352335,1024,0,12,4,32,256,1,1,1024,1,1
"KERNEL_DISPATCH","Agent 3",1,0,2659034,730,54,"void microllm::ops::hip::(anonymous namespace)::matmul_typed_kernel<float>(float const*, float const*, float*, long, long, long, long)",4349,3219595924356542,3219595924365763,0,0,16,0,48,256,1,1,256,1,1
"KERNEL_DISPATCH","Agent 3",1,0,2659034,731,54,"void microllm::ops::hip::(anonymous namespace)::matmul_typed_kernel<float>(float const*, float const*, float*, long, long, long, long)",4354,3219595924365739,3219595924374840,0,0,16,0,48,256,1,1,256,1,1
"KERNEL_DISPATCH","Agent 3",1,0,2659034,732,54,"void microllm::ops::hip::(anonymous namespace)::matmul_typed_kernel<float>(float const*, float const*, float*, long, long, long, long)",4359,3219595924374902,3219595924383963,0,0,16,0,48,256,1,1,256,1,1
"KERNEL_DISPATCH","Agent 3",1,0,2659034,733,91,"microllm::ops::hip::(anonymous namespace)::rope_positions_kernel(float const*, int const*, float*, long, long, long, float)",4364,3219595924384032,3219595924387439,0,0,28,4,48,256,1,1,256,1,1
"KERNEL_DISPATCH","Agent 3",1,0,2659034,734,91,"microllm::ops::hip::(anonymous namespace)::rope_positions_kernel(float const*, int const*, float*, long, long, long, float)",4369,3219595924391169,3219595924393574,0,0,28,4,48,256,1,1,256,1,1
"KERNEL_DISPATCH","Agent 3",1,0,2659034,735,64,"void microllm::ops::hip::(anonymous namespace)::kv_cache_store_pair_positions_kernel<float>(float const*, float const*, int const*, int const*, float*, float*, long, long, long, long, long, long)",4372,3219595924397298,3219595924399623,0,0,20,4,48,256,1,1,256,1,1
"KERNEL_DISPATCH","Agent 3",1,0,2659034,736,14,"void microllm::ops::hip::(anonymous namespace)::cached_attention_fused_positions_kernel<float>(float const*, float const*, float const*, int const*, int const*, float*, long, long, long, long, long, long, long, long, float)",4377,3219595924415642,3219595924423821,1024,0,52,4,64,256,1,1,4096,1,1
"KERNEL_DISPATCH","Agent 3",1,0,2659034,737,54,"void microllm::ops::hip::(anonymous namespace)::matmul_typed_kernel<float>(float const*, float const*, float*, long, long, long, long)",4382,3219595924423845,3219595924432625,0,0,16,0,48,256,1,1,256,1,1
"KERNEL_DISPATCH","Agent 3",1,0,2659034,738,50,"void microllm::ops::hip::(anonymous namespace)::add_rms_norm_kernel<256u>(float const*, float const*, float const*, float*, float*, long, long, float)",4403,3219595924467776,3219595924470743,1024,0,16,0,32,256,1,1,1024,1,1
"KERNEL_DISPATCH","Agent 3",1,0,2659034,739,54,"void microllm::ops::hip::(anonymous namespace)::matmul_typed_kernel<float>(float const*, float const*, float*, long, long, long, long)",4408,3219595924475027,3219595924484769,0,0,16,0,48,256,1,1,512,1,1
"KERNEL_DISPATCH","Agent 3",1,0,2659034,740,54,"void microllm::ops::hip::(anonymous namespace)::matmul_typed_kernel<float>(float const*, float const*, float*, long, long, long, long)",4413,3219595924484599,3219595924493499,0,0,16,0,48,256,1,1,512,1,1
"KERNEL_DISPATCH","Agent 3",1,0,2659034,741,70,"void microllm::ops::hip::(anonymous namespace)::swiglu_typed_kernel<float>(float const*, float const*, float*, long)",4418,3219595924493559,3219595924497007,0,0,12,4,32,256,1,1,512,1,1
"KERNEL_DISPATCH","Agent 3",1,0,2659034,742,54,"void microllm::ops::hip::(anonymous namespace)::matmul_typed_kernel<float>(float const*, float const*, float*, long, long, long, long)",4427,3219595924516586,3219595924533304,0,0,16,0,48,256,1,1,256,1,1
"KERNEL_DISPATCH","Agent 3",1,0,2659034,743,110,"void microllm::ops::hip::(anonymous namespace)::add_typed_kernel<float>(float const*, float const*, float*, long)",4434,3219595924550755,3219595924553281,0,0,8,0,32,256,1,1,256,1,1
"KERNEL_DISPATCH","Agent 3",1,0,2659034,744,135,"microllm::ops::hip::(anonymous namespace)::rms_norm_kernel(float const*, float const*, float*, long, long, float)",4449,3219595924578448,3219595924581014,1024,0,12,4,32,256,1,1,1024,1,1
"KERNEL_DISPATCH","Agent 3",1,0,2659034,745,54,"void microllm::ops::hip::(anonymous namespace)::matmul_typed_kernel<float>(float const*, float const*, float*, long, long, long, long)",4456,3219595924598374,3219595924607555,0,0,16,0,48,256,1,1,1024,1,1
"KERNEL_DISPATCH","Agent 3",1,0,2659034,746,11,"__amd_rocclr_copyBuffer",4467,3219595924630377,3219595924631940,0,0,16,0,32,512,1,1,512,1,1
"KERNEL_DISPATCH","Agent 3",1,0,2659034,747,11,"__amd_rocclr_copyBuffer",4469,3219595924635257,3219595924635979,0,0,16,0,32,512,1,1,512,1,1
"KERNEL_DISPATCH","Agent 3",1,0,2659034,748,11,"__amd_rocclr_copyBuffer",4471,3219595924639518,3219595924640400,0,0,16,0,32,512,1,1,512,1,1
"KERNEL_DISPATCH","Agent 3",1,0,2659034,749,11,"__amd_rocclr_copyBuffer",4473,3219595924644070,3219595924645633,0,0,16,0,32,512,1,1,512,1,1
"KERNEL_DISPATCH","Agent 3",1,0,2659034,750,67,"microllm::ops::hip::(anonymous namespace)::argmax_last_dim_kernel(float const*, int*, long, long)",4479,3219595924663721,3219595924667370,4096,0,12,4,32,256,1,1,1024,1,1
"KERNEL_DISPATCH","Agent 3",1,0,2659034,751,11,"__amd_rocclr_copyBuffer",4482,3219595924671553,3219595924673437,0,0,16,0,32,512,1,1,512,1,1
"KERNEL_DISPATCH","Agent 3",1,0,2659034,752,100,"void microllm::ops::hip::(anonymous namespace)::fill_typed_kernel<float>(float*, long, float)",4486,3219595924706284,3219595924707928,0,0,4,4,16,256,1,1,2048,1,1
"KERNEL_DISPATCH","Agent 3",1,0,2659034,753,100,"void microllm::ops::hip::(anonymous namespace)::fill_typed_kernel<float>(float*, long, float)",4489,3219595924711481,3219595924713124,0,0,4,4,16,256,1,1,2048,1,1
"KERNEL_DISPATCH","Agent 3",1,0,2659034,754,100,"void microllm::ops::hip::(anonymous namespace)::fill_typed_kernel<float>(float*, long, float)",4492,3219595924716863,3219595924718467,0,0,4,4,16,256,1,1,2048,1,1
"KERNEL_DISPATCH","Agent 3",1,0,2659034,755,100,"void microllm::ops::hip::(anonymous namespace)::fill_typed_kernel<float>(float*, long, float)",4495,3219595924722282,3219595924723846,0,0,4,4,16,256,1,1,2048,1,1
"KERNEL_DISPATCH","Agent 3",1,0,2659034,756,100,"void microllm::ops::hip::(anonymous namespace)::fill_typed_kernel<float>(float*, long, float)",4498,3219595924728431,3219595924730115,0,0,4,4,16,256,1,1,2048,1,1
"KERNEL_DISPATCH","Agent 3",1,0,2659034,757,100,"void microllm::ops::hip::(anonymous namespace)::fill_typed_kernel<float>(float*, long, float)",4501,3219595924734253,3219595924735856,0,0,4,4,16,256,1,1,2048,1,1
"KERNEL_DISPATCH","Agent 3",1,0,2659034,758,100,"void microllm::ops::hip::(anonymous namespace)::fill_typed_kernel<float>(float*, long, float)",4504,3219595924740376,3219595924741939,0,0,4,4,16,256,1,1,2048,1,1
"KERNEL_DISPATCH","Agent 3",1,0,2659034,759,100,"void microllm::ops::hip::(anonymous namespace)::fill_typed_kernel<float>(float*, long, float)",4507,3219595924746002,3219595924747605,0,0,4,4,16,256,1,1,2048,1,1
"KERNEL_DISPATCH","Agent 3",1,0,2659034,760,11,"__amd_rocclr_copyBuffer",4512,3219595924757020,3219595924761270,0,0,16,0,32,512,1,1,512,1,1
"KERNEL_DISPATCH","Agent 3",1,0,2659034,761,11,"__amd_rocclr_copyBuffer",4516,3219595924777077,3219595924781327,0,0,16,0,32,512,1,1,512,1,1
"KERNEL_DISPATCH","Agent 3",1,0,2659034,762,11,"__amd_rocclr_copyBuffer",4520,3219595924797211,3219595924801501,0,0,16,0,32,512,1,1,512,1,1
"KERNEL_DISPATCH","Agent 3",1,0,2659034,763,86,"microllm::ops::hip::(anonymous namespace)::embedding_kernel(float const*, int const*, float*, long, long, long)",4524,3219595924818400,3219595924820685,0,0,16,0,32,256,1,1,256,1,1
"KERNEL_DISPATCH","Agent 3",1,0,2659034,764,135,"microllm::ops::hip::(anonymous namespace)::rms_norm_kernel(float const*, float const*, float*, long, long, float)",4529,3219595924825275,3219595924828002,1024,0,12,4,32,256,1,1,512,1,1
"KERNEL_DISPATCH","Agent 3",1,0,2659034,765,54,"void microllm::ops::hip::(anonymous namespace)::matmul_typed_kernel<float>(float const*, float const*, float*, long, long, long, long)",4534,3219595924835087,3219595924844508,0,0,16,0,48,256,1,1,256,1,1
"KERNEL_DISPATCH","Agent 3",1,0,2659034,766,54,"void microllm::ops::hip::(anonymous namespace)::matmul_typed_kernel<float>(float const*, float const*, float*, long, long, long, long)",4539,3219595924844490,3219595924853030,0,0,16,0,48,256,1,1,256,1,1
"KERNEL_DISPATCH","Agent 3",1,0,2659034,767,54,"void microllm::ops::hip::(anonymous namespace)::matmul_typed_kernel<float>(float const*, float const*, float*, long, long, long, long)",4544,3219595924853052,3219595924861671,0,0,16,0,48,256,1,1,256,1,1
"KERNEL_DISPATCH","Agent 3",1,0,2659034,768,91,"microllm::ops::hip::(anonymous namespace)::rope_positions_kernel(float const*, int const*, float*, long, long, long, float)",4549,3219595924861737,3219595924865065,0,0,28,4,48,256,1,1,256,1,1
"KERNEL_DISPATCH","Agent 3",1,0,2659034,769,91,"microllm::ops::hip::(anonymous namespace)::rope_positions_kernel(float const*, int const*, float*, long, long, long, float)",4554,3219595924872019,3219595924874705,0,0,28,4,48,256,1,1,256,1,1
"KERNEL_DISPATCH","Agent 3",1,0,2659034,770,64,"void microllm::ops::hip::(anonymous namespace)::kv_cache_store_pair_positions_kernel<float>(float const*, float const*, int const*, int const*, float*, float*, long, long, long, long, long, long)",4557,3219595924883472,3219595924886118,0,0,20,4,48,256,1,1,256,1,1
"KERNEL_DISPATCH","Agent 3",1,0,2659034,771,14,"void microllm::ops::hip::(anonymous namespace)::cached_attention_fused_positions_kernel<float>(float const*, float const*, float const*, int const*, int const*, float*, long, long, long, long, long, long, long, long, float)",4562,3219595924915841,3219595924923098,1024,0,52,4,64,256,1,1,2048,1,1
"KERNEL_DISPATCH","Agent 3",1,0,2659034,772,54,"void microllm::ops::hip::(anonymous namespace)::matmul_typed_kernel<float>(float const*, float const*, float*, long, long, long, long)",4567,3219595924937622,3219595924946522,0,0,16,0,48,256,1,1,256,1,1
"KERNEL_DISPATCH","Agent 3",1,0,2659034,773,50,"void microllm::ops::hip::(anonymous namespace)::add_rms_norm_kernel<256u>(float const*, float const*, float const*, float*, float*, long, long, float)",4588,3219595924988629,3219595924991757,1024,0,16,0,32,256,1,1,512,1,1
"KERNEL_DISPATCH","Agent 3",1,0,2659034,774,54,"void microllm::ops::hip::(anonymous namespace)::matmul_typed_kernel<float>(float const*, float const*, float*, long, long, long, long)",4593,3219595924996334,3219595925005756,0,0,16,0,48,256,1,1,256,1,1
"KERNEL_DISPATCH","Agent 3",1,0,2659034,775,54,"void microllm::ops::hip::(anonymous namespace)::matmul_typed_kernel<float>(float const*, float const*, float*, long, long, long, long)",4598,3219595925005783,3219595925014763,0,0,16,0,48,256,1,1,256,1,1
"KERNEL_DISPATCH","Agent 3",1,0,2659034,776,70,"void microllm::ops::hip::(anonymous namespace)::swiglu_typed_kernel<float>(float const*, float const*, float*, long)",4603,3219595925014805,3219595925018333,0,0,12,4,32,256,1,1,256,1,1
"KERNEL_DISPATCH","Agent 3",1,0,2659034,777,54,"void microllm::ops::hip::(anonymous namespace)::matmul_typed_kernel<float>(float const*, float const*, float*, long, long, long, long)",4612,3219595925037904,3219595925054823,0,0,16,0,48,256,1,1,256,1,1
"KERNEL_DISPATCH","Agent 3",1,0,2659034,778,110,"void microllm::ops::hip::(anonymous namespace)::add_typed_kernel<float>(float const*, float const*, float*, long)",4619,3219595925071682,3219595925074449,0,0,8,0,32,256,1,1,256,1,1
"KERNEL_DISPATCH","Agent 3",1,0,2659034,779,135,"microllm::ops::hip::(anonymous namespace)::rms_norm_kernel(float const*, float const*, float*, long, long, float)",4634,3219595925098753,3219595925101319,1024,0,12,4,32,256,1,1,512,1,1
"KERNEL_DISPATCH","Agent 3",1,0,2659034,780,54,"void microllm::ops::hip::(anonymous namespace)::matmul_typed_kernel<float>(float const*, float const*, float*, long, long, long, long)",4639,3219595925105273,3219595925114615,0,0,16,0,48,256,1,1,256,1,1
"KERNEL_DISPATCH","Agent 3",1,0,2659034,781,54,"void microllm::ops::hip::(anonymous namespace)::matmul_typed_kernel<float>(float const*, float const*, float*, long, long, long, long)",4644,3219595925119269,3219595925128811,0,0,16,0,48,256,1,1,256,1,1
"KERNEL_DISPATCH","Agent 3",1,0,2659034,782,54,"void microllm::ops::hip::(anonymous namespace)::matmul_typed_kernel<float>(float const*, float const*, float*, long, long, long, long)",4649,3219595925128867,3219595925137728,0,0,16,0,48,256,1,1,256,1,1
"KERNEL_DISPATCH","Agent 3",1,0,2659034,783,91,"microllm::ops::hip::(anonymous namespace)::rope_positions_kernel(float const*, int const*, float*, long, long, long, float)",4654,3219595925137728,3219595925141175,0,0,28,4,48,256,1,1,256,1,1
"KERNEL_DISPATCH","Agent 3",1,0,2659034,784,91,"microllm::ops::hip::(anonymous namespace)::rope_positions_kernel(float const*, int const*, float*, long, long, long, float)",4659,3219595925152393,3219595925154999,0,0,28,4,48,256,1,1,256,1,1
"KERNEL_DISPATCH","Agent 3",1,0,2659034,785,64,"void microllm::ops::hip::(anonymous namespace)::kv_cache_store_pair_positions_kernel<float>(float const*, float const*, int const*, int const*, float*, float*, long, long, long, long, long, long)",4662,3219595925158476,3219595925161002,0,0,20,4,48,256,1,1,256,1,1
"KERNEL_DISPATCH","Agent 3",1,0,2659034,786,14,"void microllm::ops::hip::(anonymous namespace)::cached_attention_fused_positions_kernel<float>(float const*, float const*, float const*, int const*, int const*, float*, long, long, long, long, long, long, long, long, float)",4667,3219595925169280,3219595925175935,1024,0,52,4,64,256,1,1,2048,1,1
"KERNEL_DISPATCH","Agent 3",1,0,2659034,787,54,"void microllm::ops::hip::(anonymous namespace)::matmul_typed_kernel<float>(float const*, float const*, float*, long, long, long, long)",4672,3219595925179272,3219595925187731,0,0,16,0,48,256,1,1,256,1,1
"KERNEL_DISPATCH","Agent 3",1,0,2659034,788,50,"void microllm::ops::hip::(anonymous namespace)::add_rms_norm_kernel<256u>(float const*, float const*, float const*, float*, float*, long, long, float)",4693,3219595925224133,3219595925227019,1024,0,16,0,32,256,1,1,512,1,1
"KERNEL_DISPATCH","Agent 3",1,0,2659034,789,54,"void microllm::ops::hip::(anonymous namespace)::matmul_typed_kernel<float>(float const*, float const*, float*, long, long, long, long)",4698,3219595925231081,3219595925241224,0,0,16,0,48,256,1,1,256,1,1
"KERNEL_DISPATCH","Agent 3",1,0,2659034,790,54,"void microllm::ops::hip::(anonymous namespace)::matmul_typed_kernel<float>(float const*, float const*, float*, long, long, long, long)",4703,3219595925241125,3219595925249464,0,0,16,0,48,256,1,1,256,1,1
"KERNEL_DISPATCH","Agent 3",1,0,2659034,791,70,"void microllm::ops::hip::(anonymous namespace)::swiglu_typed_kernel<float>(float const*, float const*, float*, long)",4708,3219595925254359,3219595925257527,0,0,12,4,32,256,1,1,256,1,1
"KERNEL_DISPATCH","Agent 3",1,0,2659034,792,54,"void microllm::ops::hip::(anonymous namespace)::matmul_typed_kernel<float>(float const*, float const*, float*, long, long, long, long)",4717,3219595925277005,3219595925292922,0,0,16,0,48,256,1,1,256,1,1
"KERNEL_DISPATCH","Agent 3",1,0,2659034,793,110,"void microllm::ops::hip::(anonymous namespace)::add_typed_kernel<float>(float const*, float const*, float*, long)",4724,3219595925309770,3219595925312216,0,0,8,0,32,256,1,1,256,1,1
"KERNEL_DISPATCH","Agent 3",1,0,2659034,794,135,"microllm::ops::hip::(anonymous namespace)::rms_norm_kernel(float const*, float const*, float*, long, long, float)",4739,3219595925336258,3219595925338944,1024,0,12,4,32,256,1,1,512,1,1
"KERNEL_DISPATCH","Agent 3",1,0,2659034,795,54,"void microllm::ops::hip::(anonymous namespace)::matmul_typed_kernel<float>(float const*, float const*, float*, long, long, long, long)",4746,3219595925355519,3219595925365262,0,0,16,0,48,256,1,1,512,1,1
"KERNEL_DISPATCH","Agent 3",1,0,2659034,796,11,"__amd_rocclr_copyBuffer",4757,3219595925386340,3219595925388104,0,0,16,0,32,512,1,1,512,1,1
"KERNEL_DISPATCH","Agent 3",1,0,2659034,797,11,"__amd_rocclr_copyBuffer",4759,3219595925391504,3219595925392947,0,0,16,0,32,512,1,1,512,1,1
"KERNEL_DISPATCH","Agent 3",1,0,2659034,798,67,"microllm::ops::hip::(anonymous namespace)::argmax_last_dim_kernel(float const*, int*, long, long)",4765,3219595925410891,3219595925414419,4096,0,12,4,32,256,1,1,1024,1,1
"KERNEL_DISPATCH","Agent 3",1,0,2659034,799,11,"__amd_rocclr_copyBuffer",4768,3219595925418638,3219595925419801,0,0,16,0,32,512,1,1,512,1,1
"KERNEL_DISPATCH","Agent 3",1,0,2659034,800,100,"void microllm::ops::hip::(anonymous namespace)::fill_typed_kernel<float>(float*, long, float)",4772,3219595925442657,3219595925444301,0,0,4,4,16,256,1,1,2048,1,1
"KERNEL_DISPATCH","Agent 3",1,0,2659034,801,100,"void microllm::ops::hip::(anonymous namespace)::fill_typed_kernel<float>(float*, long, float)",4775,3219595925448030,3219595925449593,0,0,4,4,16,256,1,1,2048,1,1
"KERNEL_DISPATCH","Agent 3",1,0,2659034,802,100,"void microllm::ops::hip::(anonymous namespace)::fill_typed_kernel<float>(float*, long, float)",4778,3219595925453522,3219595925455165,0,0,4,4,16,256,1,1,2048,1,1
"KERNEL_DISPATCH","Agent 3",1,0,2659034,803,100,"void microllm::ops::hip::(anonymous namespace)::fill_typed_kernel<float>(float*, long, float)",4781,3219595925459629,3219595925461112,0,0,4,4,16,256,1,1,2048,1,1
"KERNEL_DISPATCH","Agent 3",1,0,2659034,804,11,"__amd_rocclr_copyBuffer",4786,3219595925470124,3219595925473932,0,0,16,0,32,512,1,1,512,1,1
"KERNEL_DISPATCH","Agent 3",1,0,2659034,805,11,"__amd_rocclr_copyBuffer",4790,3219595925490753,3219595925494522,0,0,16,0,32,512,1,1,512,1,1
"KERNEL_DISPATCH","Agent 3",1,0,2659034,806,11,"__amd_rocclr_copyBuffer",4794,3219595925510967,3219595925514656,0,0,16,0,32,512,1,1,512,1,1
"KERNEL_DISPATCH","Agent 3",1,0,2659034,807,86,"microllm::ops::hip::(anonymous namespace)::embedding_kernel(float const*, int const*, float*, long, long, long)",4798,3219595925529696,3219595925531741,0,0,16,0,32,256,1,1,256,1,1
"KERNEL_DISPATCH","Agent 3",1,0,2659034,808,135,"microllm::ops::hip::(anonymous namespace)::rms_norm_kernel(float const*, float const*, float*, long, long, float)",4803,3219595925538232,3219595925540878,1024,0,12,4,32,256,1,1,256,1,1
"KERNEL_DISPATCH","Agent 3",1,0,2659034,809,54,"void microllm::ops::hip::(anonymous namespace)::matmul_typed_kernel<float>(float const*, float const*, float*, long, long, long, long)",4808,3219595925547341,3219595925556642,0,0,16,0,48,256,1,1,256,1,1
"KERNEL_DISPATCH","Agent 3",1,0,2659034,810,54,"void microllm::ops::hip::(anonymous namespace)::matmul_typed_kernel<float>(float const*, float const*, float*, long, long, long, long)",4813,3219595925556610,3219595925565109,0,0,16,0,48,256,1,1,256,1,1
"KERNEL_DISPATCH","Agent 3",1,0,2659034,811,54,"void microllm::ops::hip::(anonymous namespace)::matmul_typed_kernel<float>(float const*, float const*, float*, long, long, long, long)",4818,3219595925565231,3219595925573971,0,0,16,0,48,256,1,1,256,1,1
"KERNEL_DISPATCH","Agent 3",1,0,2659034,812,91,"microllm::ops::hip::(anonymous namespace)::rope_positions_kernel(float const*, int const*, float*, long, long, long, float)",4823,3219595925573887,3219595925577335,0,0,28,4,48,256,1,1,256,1,1
"KERNEL_DISPATCH","Agent 3",1,0,2659034,813,91,"microllm::ops::hip::(anonymous namespace)::rope_positions_kernel(float const*, int const*, float*, long, long, long, float)",4828,3219595925580495,3219595925581698,0,0,28,4,48,256,1,1,256,1,1
"KERNEL_DISPATCH","Agent 3",1,0,2659034,814,64,"void microllm::ops::hip::(anonymous namespace)::kv_cache_store_pair_positions_kernel<float>(float const*, float const*, int const*, int const*, float*, float*, long, long, long, long, long, long)",4831,3219595925588598,3219595925591324,0,0,20,4,48,256,1,1,256,1,1
"KERNEL_DISPATCH","Agent 3",1,0,2659034,815,14,"void microllm::ops::hip::(anonymous namespace)::cached_attention_fused_positions_kernel<float>(float const*, float const*, float const*, int const*, int const*, float*, long, long, long, long, long, long, long, long, float)",4836,3219595925596488,3219595925603624,1024,0,52,4,64,256,1,1,1024,1,1
"KERNEL_DISPATCH","Agent 3",1,0,2659034,816,54,"void microllm::ops::hip::(anonymous namespace)::matmul_typed_kernel<float>(float const*, float const*, float*, long, long, long, long)",4841,3219595925614055,3219595925623437,0,0,16,0,48,256,1,1,256,1,1
"KERNEL_DISPATCH","Agent 3",1,0,2659034,817,50,"void microllm::ops::hip::(anonymous namespace)::add_rms_norm_kernel<256u>(float const*, float const*, float const*, float*, float*, long, long, float)",4862,3219595925663497,3219595925666504,1024,0,16,0,32,256,1,1,256,1,1
"KERNEL_DISPATCH","Agent 3",1,0,2659034,818,54,"void microllm::ops::hip::(anonymous namespace)::matmul_typed_kernel<float>(float const*, float const*, float*, long, long, long, long)",4867,3219595925671603,3219595925681305,0,0,16,0,48,256,1,1,256,1,1
"KERNEL_DISPATCH","Agent 3",1,0,2659034,819,54,"void microllm::ops::hip::(anonymous namespace)::matmul_typed_kernel<float>(float const*, float const*, float*, long, long, long, long)",4872,3219595925681180,3219595925690080,0,0,16,0,48,256,1,1,256,1,1
"KERNEL_DISPATCH","Agent 3",1,0,2659034,820,70,"void microllm::ops::hip::(anonymous namespace)::swiglu_typed_kernel<float>(float const*, float const*, float*, long)",4877,3219595925690294,3219595925693662,0,0,12,4,32,256,1,1,256,1,1
"KERNEL_DISPATCH","Agent 3",1,0,2659034,821,54,"void microllm::ops::hip::(anonymous namespace)::matmul_typed_kernel<float>(float const*, float const*, float*, long, long, long, long)",4886,3219595925712213,3219595925728892,0,0,16,0,48,256,1,1,256,1,1
"KERNEL_DISPATCH","Agent 3",1,0,2659034,822,110,"void microllm::ops::hip::(anonymous namespace)::add_typed_kernel<float>(float const*, float const*, float*, long)",4893,3219595925745370,3219595925747896,0,0,8,0,32,256,1,1,256,1,1
"KERNEL_DISPATCH","Agent 3",1,0,2659034,823,135,"microllm::ops::hip::(anonymous namespace)::rms_norm_kernel(float const*, float const*, float*, long, long, float)",4908,3219595925773484,3219595925776009,1024,0,12,4,32,256,1,1,256,1,1
"KERNEL_DISPATCH","Agent 3",1,0,2659034,824,54,"void microllm::ops::hip::(anonymous namespace)::matmul_typed_kernel<float>(float const*, float const*, float*, long, long, long, long)",4913,3219595925785549,3219595925795211,0,0,16,0,48,256,1,1,256,1,1
"KERNEL_DISPATCH","Agent 3",1,0,2659034,825,54,"void microllm::ops::hip::(anonymous namespace)::matmul_typed_kernel<float>(float const*, float const*, float*, long, long, long, long)",4918,3219595925801768,3219595925810629,0,0,16,0,48,256,1,1,256,1,1
"KERNEL_DISPATCH","Agent 3",1,0,2659034,826,54,"void microllm::ops::hip::(anonymous namespace)::matmul_typed_kernel<float>(float const*, float const*, float*, long, long, long, long)",4923,3219595925821938,3219595925830397,0,0,16,0,48,256,1,1,256,1,1
"KERNEL_DISPATCH","Agent 3",1,0,2659034,827,91,"microllm::ops::hip::(anonymous namespace)::rope_positions_kernel(float const*, int const*, float*, long, long, long, float)",4928,3219595925849469,3219595925852075,0,0,28,4,48,256,1,1,256,1,1
"KERNEL_DISPATCH","Agent 3",1,0,2659034,828,91,"microllm::ops::hip::(anonymous namespace)::rope_positions_kernel(float const*, int const*, float*, long, long, long, float)",4933,3219595925857365,3219595925859891,0,0,28,4,48,256,1,1,256,1,1
"KERNEL_DISPATCH","Agent 3",1,0,2659034,829,64,"void microllm::ops::hip::(anonymous namespace)::kv_cache_store_pair_positions_kernel<float>(float const*, float const*, int const*, int const*, float*, float*, long, long, long, long, long, long)",4936,3219595925863788,3219595925865993,0,0,20,4,48,256,1,1,256,1,1
"KERNEL_DISPATCH","Agent 3",1,0,2659034,830,14,"void microllm::ops::hip::(anonymous namespace)::cached_attention_fused_positions_kernel<float>(float const*, float const*, float const*, int const*, int const*, float*, long, long, long, long, long, long, long, long, float)",4941,3219595925873447,3219595925881466,1024,0,52,4,64,256,1,1,1024,1,1
"KERNEL_DISPATCH","Agent 3",1,0,2659034,831,54,"void microllm::ops::hip::(anonymous namespace)::matmul_typed_kernel<float>(float const*, float const*, float*, long, long, long, long)",4946,3219595925881528,3219595925890388,0,0,16,0,48,256,1,1,256,1,1
"KERNEL_DISPATCH","Agent 3",1,0,2659034,832,50,"void microllm::ops::hip::(anonymous namespace)::add_rms_norm_kernel<256u>(float const*, float const*, float const*, float*, float*, long, long, float)",4967,3219595925926294,3219595925929101,1024,0,16,0,32,256,1,1,256,1,1
"KERNEL_DISPATCH","Agent 3",1,0,2659034,833,54,"void microllm::ops::hip::(anonymous namespace)::matmul_typed_kernel<float>(float const*, float const*, float*, long, long, long, long)",4972,3219595925933906,3219595925943407,0,0,16,0,48,256,1,1,256,1,1
"KERNEL_DISPATCH","Agent 3",1,0,2659034,834,54,"void microllm::ops::hip::(anonymous namespace)::matmul_typed_kernel<float>(float const*, float const*, float*, long, long, long, long)",4977,3219595925943447,3219595925952147,0,0,16,0,48,256,1,1,256,1,1
"KERNEL_DISPATCH","Agent 3",1,0,2659034,835,70,"void microllm::ops::hip::(anonymous namespace)::swiglu_typed_kernel<float>(float const*, float const*, float*, long)",4982,3219595925952059,3219595925955547,0,0,12,4,32,256,1,1,256,1,1
"KERNEL_DISPATCH","Agent 3",1,0,2659034,836,54,"void microllm::ops::hip::(anonymous namespace)::matmul_typed_kernel<float>(float const*, float const*, float*, long, long, long, long)",4991,3219595925974163,3219595925990561,0,0,16,0,48,256,1,1,256,1,1
"KERNEL_DISPATCH","Agent 3",1,0,2659034,837,110,"void microllm::ops::hip::(anonymous namespace)::add_typed_kernel<float>(float const*, float const*, float*, long)",4998,3219595926007674,3219595926010360,0,0,8,0,32,256,1,1,256,1,1
"KERNEL_DISPATCH","Agent 3",1,0,2659034,838,135,"microllm::ops::hip::(anonymous namespace)::rms_norm_kernel(float const*, float const*, float*, long, long, float)",5013,3219595926035710,3219595926038477,1024,0,12,4,32,256,1,1,256,1,1
"KERNEL_DISPATCH","Agent 3",1,0,2659034,839,54,"void microllm::ops::hip::(anonymous namespace)::matmul_typed_kernel<float>(float const*, float const*, float*, long, long, long, long)",5020,3219595926055335,3219595926064356,0,0,16,0,48,256,1,1,256,1,1
"KERNEL_DISPATCH","Agent 3",1,0,2659034,840,11,"__amd_rocclr_copyBuffer",5031,3219595926085865,3219595926087709,0,0,16,0,32,512,1,1,512,1,1
"KERNEL_DISPATCH","Agent 3",1,0,2659034,841,67,"microllm::ops::hip::(anonymous namespace)::argmax_last_dim_kernel(float const*, int*, long, long)",5037,3219595926108547,3219595926114200,4096,0,12,4,32,256,1,1,1024,1,1
"KERNEL_DISPATCH","Agent 3",1,0,2659034,842,11,"__amd_rocclr_copyBuffer",5040,3219595926114168,3219595926118698,0,0,16,0,32,512,1,1,512,1,1
"KERNEL_DISPATCH","Agent 3",1,0,2659034,843,100,"void microllm::ops::hip::(anonymous namespace)::fill_typed_kernel<float>(float*, long, float)",5044,3219595926141050,3219595926142534,0,0,4,4,16,256,1,1,2048,1,1
"KERNEL_DISPATCH","Agent 3",1,0,2659034,844,100,"void microllm::ops::hip::(anonymous namespace)::fill_typed_kernel<float>(float*, long, float)",5047,3219595926145843,3219595926147407,0,0,4,4,16,256,1,1,2048,1,1
"KERNEL_DISPATCH","Agent 3",1,0,2659034,845,100,"void microllm::ops::hip::(anonymous namespace)::fill_typed_kernel<float>(float*, long, float)",5050,3219595926151279,3219595926152602,0,0,4,4,16,256,1,1,2048,1,1
"KERNEL_DISPATCH","Agent 3",1,0,2659034,846,100,"void microllm::ops::hip::(anonymous namespace)::fill_typed_kernel<float>(float*, long, float)",5053,3219595926157362,3219595926158725,0,0,4,4,16,256,1,1,2048,1,1
"KERNEL_DISPATCH","Agent 3",1,0,2659034,847,11,"__amd_rocclr_copyBuffer",5070,3219595926213736,3219595926216863,0,0,16,0,32,512,1,1,512,1,1
"KERNEL_DISPATCH","Agent 3",1,0,2659034,848,86,"microllm::ops::hip::(anonymous namespace)::embedding_kernel(float const*, int const*, float*, long, long, long)",5074,3219595926242303,3219595926244508,0,0,16,0,32,256,1,1,256,1,1
"KERNEL_DISPATCH","Agent 3",1,0,2659034,849,135,"microllm::ops::hip::(anonymous namespace)::rms_norm_kernel(float const*, float const*, float*, long, long, float)",5079,3219595926249781,3219595926252307,1024,0,12,4,32,256,1,1,1024,1,1
"KERNEL_DISPATCH","Agent 3",1,0,2659034,850,54,"void microllm::ops::hip::(anonymous namespace)::matmul_typed_kernel<float>(float const*, float const*, float*, long, long, long, long)",5084,3219595926257960,3219595926267662,0,0,16,0,48,256,1,1,256,1,1
"KERNEL_DISPATCH","Agent 3",1,0,2659034,851,54,"void microllm::ops::hip::(anonymous namespace)::matmul_typed_kernel<float>(float const*, float const*, float*, long, long, long, long)",5089,3219595926267622,3219595926276282,0,0,16,0,48,256,1,1,256,1,1
"KERNEL_DISPATCH","Agent 3",1,0,2659034,852,54,"void microllm::ops::hip::(anonymous namespace)::matmul_typed_kernel<float>(float const*, float const*, float*, long, long, long, long)",5094,3219595926276290,3219595926285070,0,0,16,0,48,256,1,1,256,1,1
"KERNEL_DISPATCH","Agent 3",1,0,2659034,853,138,"microllm::runtime::detail::(anonymous namespace)::strided_copy_kernel(std::byte*, std::byte const*, unsigned long, long, microllm::runtime::detail::(anonymous namespace)::Layout)",5099,3219595926285023,3219595926288431,0,0,20,4,48,256,1,1,256,1,1
"KERNEL_DISPATCH","Agent 3",1,0,2659034,854,138,"microllm::runtime::detail::(anonymous namespace)::strided_copy_kernel(std::byte*, std::byte const*, unsigned long, long, microllm::runtime::detail::(anonymous namespace)::Layout)",5104,3219595926291757,3219595926294684,0,0,20,4,48,256,1,1,256,1,1
"KERNEL_DISPATCH","Agent 3",1,0,2659034,855,138,"microllm::runtime::detail::(anonymous namespace)::strided_copy_kernel(std::byte*, std::byte const*, unsigned long, long, microllm::runtime::detail::(anonymous namespace)::Layout)",5109,3219595926301884,3219595926304891,0,0,20,4,48,256,1,1,256,1,1
"KERNEL_DISPATCH","Agent 3",1,0,2659034,856,93,"microllm::ops::hip::(anonymous namespace)::rope_kernel(float const*, float*, long, long, long, long, long, float)",5114,3219595926308776,3219595926312905,0,0,28,4,48,256,1,1,256,1,1
"KERNEL_DISPATCH","Agent 3",1,0,2659034,857,93,"microllm::ops::hip::(anonymous namespace)::rope_kernel(float const*, float*, long, long, long, long, long, float)",5121,3219595926335901,3219595926338747,0,0,28,4,48,256,1,1,256,1,1
"KERNEL_DISPATCH","Agent 3",1,0,2659034,858,11,"__amd_rocclr_copyBuffer",5128,3219595926356652,3219595926358095,0,0,16,0,32,512,1,1,512,1,1
"KERNEL_DISPATCH","Agent 3",1,0,2659034,859,11,"__amd_rocclr_copyBuffer",5130,3219595926361450,3219595926362251,0,0,16,0,32,512,1,1,512,1,1
"KERNEL_DISPATCH","Agent 3",1,0,2659034,860,11,"__amd_rocclr_copyBuffer",5134,3219595926369440,3219595926370803,0,0,16,0,32,512,1,1,512,1,1
"KERNEL_DISPATCH","Agent 3",1,0,2659034,861,11,"__amd_rocclr_copyBuffer",5136,3219595926374291,3219595926375574,0,0,16,0,32,512,1,1,512,1,1
"KERNEL_DISPATCH","Agent 3",1,0,2659034,862,109,"microllm::ops::hip::(anonymous namespace)::causal_gqa_attention_kernel(float const*, float const*, float const*, float*, float*, long, long, long, long, long, long, float)",5140,3219595926382401,3219595926388174,1024,0,24,0,64,256,1,1,4096,1,1
"KERNEL_DISPATCH","Agent 3",1,0,2659034,863,138,"microllm::runtime::detail::(anonymous namespace)::strided_copy_kernel(std::byte*, std::byte const*, unsigned long, long, microllm::runtime::detail::(anonymous namespace)::Layout)",5145,3219595926391362,3219595926393166,0,0,20,4,48,256,1,1,256,1,1
"KERNEL_DISPATCH","Agent 3",1,0,2659034,864,54,"void microllm::ops::hip::(anonymous namespace)::matmul_typed_kernel<float>(float const*, float const*, float*, long, long, long, long)",5152,3219595926410941,3219595926420122,0,0,16,0,48,256,1,1,256,1,1
"KERNEL_DISPATCH","Agent 3",1,0,2659034,865,110,"void microllm::ops::hip::(anonymous namespace)::add_typed_kernel<float>(float const*, float const*, float*, long)",5171,3219595926449204,3219595926451930,0,0,8,0,32,256,1,1,256,1,1
"KERNEL_DISPATCH","Agent 3",1,0,2659034,866,135,"microllm::ops::hip::(anonymous namespace)::rms_norm_kernel(float const*, float const*, float*, long, long, float)",5180,3219595926471495,3219595926474261,1024,0,12,4,32,256,1,1,1024,1,1
"KERNEL_DISPATCH","Agent 3",1,0,2659034,867,54,"void microllm::ops::hip::(anonymous namespace)::matmul_typed_kernel<float>(float const*, float const*, float*, long, long, long, long)",5185,3219595926479255,3219595926488797,0,0,16,0,48,256,1,1,512,1,1
"KERNEL_DISPATCH","Agent 3",1,0,2659034,868,54,"void microllm::ops::hip::(anonymous namespace)::matmul_typed_kernel<float>(float const*, float const*, float*, long, long, long, long)",5190,3219595926488849,3219595926497308,0,0,16,0,48,256,1,1,512,1,1
"KERNEL_DISPATCH","Agent 3",1,0,2659034,869,70,"void microllm::ops::hip::(anonymous namespace)::swiglu_typed_kernel<float>(float const*, float const*, float*, long)",5195,3219595926503866,3219595926506753,0,0,12,4,32,256,1,1,512,1,1
"KERNEL_DISPATCH","Agent 3",1,0,2659034,870,54,"void microllm::ops::hip::(anonymous namespace)::matmul_typed_kernel<float>(float const*, float const*, float*, long, long, long, long)",5204,3219595926525739,3219595926542337,0,0,16,0,48,256,1,1,256,1,1
"KERNEL_DISPATCH","Agent 3",1,0,2659034,871,110,"void microllm::ops::hip::(anonymous namespace)::add_typed_kernel<float>(float const*, float const*, float*, long)",5211,3219595926615156,3219595926617802,0,0,8,0,32,256,1,1,256,1,1
"KERNEL_DISPATCH","Agent 3",1,0,2659034,872,135,"microllm::ops::hip::(anonymous namespace)::rms_norm_kernel(float const*, float const*, float*, long, long, float)",5224,3219595926640574,3219595926643420,1024,0,12,4,32,256,1,1,1024,1,1
"KERNEL_DISPATCH","Agent 3",1,0,2659034,873,54,"void microllm::ops::hip::(anonymous namespace)::matmul_typed_kernel<float>(float const*, float const*, float*, long, long, long, long)",5229,3219595926647840,3219595926657623,0,0,16,0,48,256,1,1,256,1,1
"KERNEL_DISPATCH","Agent 3",1,0,2659034,874,54,"void microllm::ops::hip::(anonymous namespace)::matmul_typed_kernel<float>(float const*, float const*, float*, long, long, long, long)",5234,3219595926657554,3219595926666053,0,0,16,0,48,256,1,1,256,1,1
"KERNEL_DISPATCH","Agent 3",1,0,2659034,875,54,"void microllm::ops::hip::(anonymous namespace)::matmul_typed_kernel<float>(float const*, float const*, float*, long, long, long, long)",5239,3219595926666141,3219595926674881,0,0,16,0,48,256,1,1,256,1,1
"KERNEL_DISPATCH","Agent 3",1,0,2659034,876,138,"microllm::runtime::detail::(anonymous namespace)::strided_copy_kernel(std::byte*, std::byte const*, unsigned long, long, microllm::runtime::detail::(anonymous namespace)::Layout)",5244,3219595926674918,3219595926679809,0,0,20,4,48,256,1,1,256,1,1
"KERNEL_DISPATCH","Agent 3",1,0,2659034,877,138,"microllm::runtime::detail::(anonymous namespace)::strided_copy_kernel(std::byte*, std::byte const*, unsigned long, long, microllm::runtime::detail::(anonymous namespace)::Layout)",5249,3219595926679777,3219595926683265,0,0,20,4,48,256,1,1,256,1,1
"KERNEL_DISPATCH","Agent 3",1,0,2659034,878,138,"microllm::runtime::detail::(anonymous namespace)::strided_copy_kernel(std::byte*, std::byte const*, unsigned long, long, microllm::runtime::detail::(anonymous namespace)::Layout)",5254,3219595926693442,3219595926696649,0,0,20,4,48,256,1,1,256,1,1
"KERNEL_DISPATCH","Agent 3",1,0,2659034,879,93,"microllm::ops::hip::(anonymous namespace)::rope_kernel(float const*, float*, long, long, long, long, long, float)",5259,3219595926707779,3219595926711267,0,0,28,4,48,256,1,1,256,1,1
"KERNEL_DISPATCH","Agent 3",1,0,2659034,880,93,"microllm::ops::hip::(anonymous namespace)::rope_kernel(float const*, float*, long, long, long, long, long, float)",5266,3219595926765502,3219595926768228,0,0,28,4,48,256,1,1,256,1,1
"KERNEL_DISPATCH","Agent 3",1,0,2659034,881,11,"__amd_rocclr_copyBuffer",5273,3219595926789794,3219595926791558,0,0,16,0,32,512,1,1,512,1,1
"KERNEL_DISPATCH","Agent 3",1,0,2659034,882,11,"__amd_rocclr_copyBuffer",5275,3219595926794979,3219595926796061,0,0,16,0,32,512,1,1,512,1,1
"KERNEL_DISPATCH","Agent 3",1,0,2659034,883,11,"__amd_rocclr_copyBuffer",5279,3219595926804084,3219595926805648,0,0,16,0,32,512,1,1,512,1,1
"KERNEL_DISPATCH","Agent 3",1,0,2659034,884,11,"__amd_rocclr_copyBuffer",5281,3219595926809123,3219595926810366,0,0,16,0,32,512,1,1,512,1,1
"KERNEL_DISPATCH","Agent 3",1,0,2659034,885,109,"microllm::ops::hip::(anonymous namespace)::causal_gqa_attention_kernel(float const*, float const*, float const*, float*, float*, long, long, long, long, long, long, float)",5285,3219595926817309,3219595926823002,1024,0,24,0,64,256,1,1,4096,1,1
"KERNEL_DISPATCH","Agent 3",1,0,2659034,886,138,"microllm::runtime::detail::(anonymous namespace)::strided_copy_kernel(std::byte*, std::byte const*, unsigned long, long, microllm::runtime::detail::(anonymous namespace)::Layout)",5290,3219595926826231,3219595926829158,0,0,20,4,48,256,1,1,256,1,1
"KERNEL_DISPATCH","Agent 3",1,0,2659034,887,54,"void microllm::ops::hip::(anonymous namespace)::matmul_typed_kernel<float>(float const*, float const*, float*, long, long, long, long)",5297,3219595926846681,3219595926855742,0,0,16,0,48,256,1,1,256,1,1
"KERNEL_DISPATCH","Agent 3",1,0,2659034,888,110,"void microllm::ops::hip::(anonymous namespace)::add_typed_kernel<float>(float const*, float const*, float*, long)",5316,3219595926885826,3219595926888672,0,0,8,0,32,256,1,1,256,1,1
"KERNEL_DISPATCH","Agent 3",1,0,2659034,889,135,"microllm::ops::hip::(anonymous namespace)::rms_norm_kernel(float const*, float const*, float*, long, long, float)",5325,3219595926908257,3219595926910863,1024,0,12,4,32,256,1,1,1024,1,1
"KERNEL_DISPATCH","Agent 3",1,0,2659034,890,54,"void microllm::ops::hip::(anonymous namespace)::matmul_typed_kernel<float>(float const*, float const*, float*, long, long, long, long)",5330,3219595926915702,3219595926925404,0,0,16,0,48,256,1,1,512,1,1
"KERNEL_DISPATCH","Agent 3",1,0,2659034,891,54,"void microllm::ops::hip::(anonymous namespace)::matmul_typed_kernel<float>(float const*, float const*, float*, long, long, long, long)",5335,3219595926925435,3219595926934135,0,0,16,0,48,256,1,1,512,1,1
"KERNEL_DISPATCH","Agent 3",1,0,2659034,892,70,"void microllm::ops::hip::(anonymous namespace)::swiglu_typed_kernel<float>(float const*, float const*, float*, long)",5340,3219595926934111,3219595926937599,0,0,12,4,32,256,1,1,512,1,1
"KERNEL_DISPATCH","Agent 3",1,0,2659034,893,54,"void microllm::ops::hip::(anonymous namespace)::matmul_typed_kernel<float>(float const*, float const*, float*, long, long, long, long)",5349,3219595926957068,3219595926974107,0,0,16,0,48,256,1,1,256,1,1
"KERNEL_DISPATCH","Agent 3",1,0,2659034,894,110,"void microllm::ops::hip::(anonymous namespace)::add_typed_kernel<float>(float const*, float const*, float*, long)",5356,3219595926991812,3219595926994338,0,0,8,0,32,256,1,1,256,1,1
"KERNEL_DISPATCH","Agent 3",1,0,2659034,895,135,"microllm::ops::hip::(anonymous namespace)::rms_norm_kernel(float const*, float const*, float*, long, long, float)",5369,3219595927017891,3219595927020417,1024,0,12,4,32,256,1,1,1024,1,1
"KERNEL_DISPATCH","Agent 3",1,0,2659034,896,54,"void microllm::ops::hip::(anonymous namespace)::matmul_typed_kernel<float>(float const*, float const*, float*, long, long, long, long)",5376,3219595927037409,3219595927046309,0,0,16,0,48,256,1,1,256,1,1
"KERNEL_DISPATCH","Agent 3",1,0,2659034,897,11,"__amd_rocclr_copyBuffer",5387,3219595927068839,3219595927070283,0,0,16,0,32,512,1,1,512,1,1
"KERNEL_DISPATCH","Agent 3",1,0,2659034,898,11,"__amd_rocclr_copyBuffer",5389,3219595927073664,3219595927074386,0,0,16,0,32,512,1,1,512,1,1
"KERNEL_DISPATCH","Agent 3",1,0,2659034,899,11,"__amd_rocclr_copyBuffer",5391,3219595927078064,3219595927079347,0,0,16,0,32,512,1,1,512,1,1
"KERNEL_DISPATCH","Agent 3",1,0,2659034,900,11,"__amd_rocclr_copyBuffer",5393,3219595927083117,3219595927084480,0,0,16,0,32,512,1,1,512,1,1
"KERNEL_DISPATCH","Agent 3",1,0,2659034,901,11,"__amd_rocclr_copyBuffer",5399,3219595927093740,3219595927095023,0,0,16,0,32,512,1,1,512,1,1
"KERNEL_DISPATCH","Agent 3",1,0,2659034,902,11,"__amd_rocclr_copyBuffer",5401,3219595927098579,3219595927099662,0,0,16,0,32,512,1,1,512,1,1
"KERNEL_DISPATCH","Agent 3",1,0,2659034,903,11,"__amd_rocclr_copyBuffer",5403,3219595927103634,3219595927104796,0,0,16,0,32,512,1,1,512,1,1
"KERNEL_DISPATCH","Agent 3",1,0,2659034,904,11,"__amd_rocclr_copyBuffer",5405,3219595927109107,3219595927111352,0,0,16,0,32,512,1,1,512,1,1
"KERNEL_DISPATCH","Agent 3",1,0,2659034,905,11,"__amd_rocclr_copyBuffer",5417,3219595927139933,3219595927141697,0,0,16,0,32,512,1,1,512,1,1
"KERNEL_DISPATCH","Agent 3",1,0,2659034,906,11,"__amd_rocclr_copyBuffer",5423,3219595927160849,3219595927166622,0,0,16,0,32,512,1,1,512,1,1
"KERNEL_DISPATCH","Agent 3",1,0,2659034,907,86,"microllm::ops::hip::(anonymous namespace)::embedding_kernel(float const*, int const*, float*, long, long, long)",5427,3219595927181675,3219595927183720,0,0,16,0,32,256,1,1,512,1,1
"KERNEL_DISPATCH","Agent 3",1,0,2659034,908,135,"microllm::ops::hip::(anonymous namespace)::rms_norm_kernel(float const*, float const*, float*, long, long, float)",5432,3219595927188978,3219595927191464,1024,0,12,4,32,256,1,1,2048,1,1
"KERNEL_DISPATCH","Agent 3",1,0,2659034,909,54,"void microllm::ops::hip::(anonymous namespace)::matmul_typed_kernel<float>(float const*, float const*, float*, long, long, long, long)",5437,3219595927198172,3219595927207554,0,0,16,0,48,256,1,1,512,1,1
"KERNEL_DISPATCH","Agent 3",1,0,2659034,910,54,"void microllm::ops::hip::(anonymous namespace)::matmul_typed_kernel<float>(float const*, float const*, float*, long, long, long, long)",5442,3219595927207515,3219595927216415,0,0,16,0,48,256,1,1,256,1,1
"KERNEL_DISPATCH","Agent 3",1,0,2659034,911,54,"void microllm::ops::hip::(anonymous namespace)::matmul_typed_kernel<float>(float const*, float const*, float*, long, long, long, long)",5447,3219595927216440,3219595927225060,0,0,16,0,48,256,1,1,256,1,1
"KERNEL_DISPATCH","Agent 3",1,0,2659034,912,138,"microllm::runtime::detail::(anonymous namespace)::strided_copy_kernel(std::byte*, std::byte const*, unsigned long, long, microllm::runtime::detail::(anonymous namespace)::Layout)",5452,3219595927229604,3219595927232731,0,0,20,4,48,256,1,1,512,1,1
"KERNEL_DISPATCH","Agent 3",1,0,2659034,913,138,"microllm::runtime::detail::(anonymous namespace)::strided_copy_kernel(std::byte*, std::byte const*, unsigned long, long, microllm::runtime::detail::(anonymous namespace)::Layout)",5457,3219595927238955,3219595927242243,0,0,20,4,48,256,1,1,256,1,1
"KERNEL_DISPATCH","Agent 3",1,0,2659034,914,138,"microllm::runtime::detail::(anonymous namespace)::strided_copy_kernel(std::byte*, std::byte const*, unsigned long, long, microllm::runtime::detail::(anonymous namespace)::Layout)",5462,3219595927246633,3219595927249840,0,0,20,4,48,256,1,1,256,1,1
"KERNEL_DISPATCH","Agent 3",1,0,2659034,915,93,"microllm::ops::hip::(anonymous namespace)::rope_kernel(float const*, float*, long, long, long, long, long, float)",5467,3219595927254261,3219595927257789,0,0,28,4,48,256,1,1,256,1,1
"KERNEL_DISPATCH","Agent 3",1,0,2659034,916,93,"microllm::ops::hip::(anonymous namespace)::rope_kernel(float const*, float*, long, long, long, long, long, float)",5474,3219595927279946,3219595927282632,0,0,28,4,48,256,1,1,256,1,1
"KERNEL_DISPATCH","Agent 3",1,0,2659034,917,11,"__amd_rocclr_copyBuffer",5481,3219595927300486,3219595927301970,0,0,16,0,32,512,1,1,512,1,1
"KERNEL_DISPATCH","Agent 3",1,0,2659034,918,11,"__amd_rocclr_copyBuffer",5483,3219595927305264,3219595927306267,0,0,16,0,32,512,1,1,512,1,1
"KERNEL_DISPATCH","Agent 3",1,0,2659034,919,11,"__amd_rocclr_copyBuffer",5487,3219595927313662,3219595927315386,0,0,16,0,32,512,1,1,512,1,1
"KERNEL_DISPATCH","Agent 3",1,0,2659034,920,11,"__amd_rocclr_copyBuffer",5489,3219595927318674,3219595927319756,0,0,16,0,32,512,1,1,512,1,1
"KERNEL_DISPATCH","Agent 3",1,0,2659034,921,109,"microllm::ops::hip::(anonymous namespace)::causal_gqa_attention_kernel(float const*, float const*, float const*, float*, float*, long, long, long, long, long, long, float)",5493,3219595927327658,3219595927333913,1024,0,24,0,64,256,1,1,8192,1,1
"KERNEL_DISPATCH","Agent 3",1,0,2659034,922,138,"microllm::runtime::detail::(anonymous namespace)::strided_copy_kernel(std::byte*, std::byte const*, unsigned long, long, microllm::runtime::detail::(anonymous namespace)::Layout)",5498,3219595927337061,3219595927338624,0,0,20,4,48,256,1,1,512,1,1
"KERNEL_DISPATCH","Agent 3",1,0,2659034,923,54,"void microllm::ops::hip::(anonymous namespace)::matmul_typed_kernel<float>(float const*, float const*, float*, long, long, long, long)",5505,3219595927355412,3219595927364833,0,0,16,0,48,256,1,1,512,1,1
"KERNEL_DISPATCH","Agent 3",1,0,2659034,924,110,"void microllm::ops::hip::(anonymous namespace)::add_typed_kernel<float>(float const*, float const*, float*, long)",5524,3219595927393349,3219595927396155,0,0,8,0,32,256,1,1,512,1,1
"KERNEL_DISPATCH","Agent 3",1,0,2659034,925,135,"microllm::ops::hip::(anonymous namespace)::rms_norm_kernel(float const*, float const*, float*, long, long, float)",5533,3219595927415683,3219595927418650,1024,0,12,4,32,256,1,1,2048,1,1
"KERNEL_DISPATCH","Agent 3",1,0,2659034,926,54,"void microllm::ops::hip::(anonymous namespace)::matmul_typed_kernel<float>(float const*, float const*, float*, long, long, long, long)",5538,3219595927422615,3219595927432317,0,0,16,0,48,256,1,1,1024,1,1
"KERNEL_DISPATCH","Agent 3",1,0,2659034,927,54,"void microllm::ops::hip::(anonymous namespace)::matmul_typed_kernel<float>(float const*, float const*, float*, long, long, long, long)",5543,3219595927432271,3219595927441172,0,0,16,0,48,256,1,1,1024,1,1
"KERNEL_DISPATCH","Agent 3",1,0,2659034,928,70,"void microllm::ops::hip::(anonymous namespace)::swiglu_typed_kernel<float>(float const*, float const*, float*, long)",5548,3219595927441167,3219595927444895,0,0,12,4,32,256,1,1,1024,1,1
"KERNEL_DISPATCH","Agent 3",1,0,2659034,929,54,"void microllm::ops::hip::(anonymous namespace)::matmul_typed_kernel<float>(float const*, float const*, float*, long, long, long, long)",5557,3219595927464127,3219595927481367,0,0,16,0,48,256,1,1,512,1,1
"KERNEL_DISPATCH","Agent 3",1,0,2659034,930,110,"void microllm::ops::hip::(anonymous namespace)::add_typed_kernel<float>(float const*, float const*, float*, long)",5564,3219595927497927,3219595927500252,0,0,8,0,32,256,1,1,512,1,1
"KERNEL_DISPATCH","Agent 3",1,0,2659034,931,135,"microllm::ops::hip::(anonymous namespace)::rms_norm_kernel(float const*, float const*, float*, long, long, float)",5577,3219595927523315,3219595927526001,1024,0,12,4,32,256,1,1,2048,1,1
"KERNEL_DISPATCH","Agent 3",1,0,2659034,932,54,"void microllm::ops::hip::(anonymous namespace)::matmul_typed_kernel<float>(float const*, float const*, float*, long, long, long, long)",5582,3219595927530036,3219595927539378,0,0,16,0,48,256,1,1,512,1,1
"KERNEL_DISPATCH","Agent 3",1,0,2659034,933,54,"void microllm::ops::hip::(anonymous namespace)::matmul_typed_kernel<float>(float const*, float const*, float*, long, long, long, long)",5587,3219595927539377,3219595927548237,0,0,16,0,48,256,1,1,256,1,1
"KERNEL_DISPATCH","Agent 3",1,0,2659034,934,54,"void microllm::ops::hip::(anonymous namespace)::matmul_typed_kernel<float>(float const*, float const*, float*, long, long, long, long)",5592,3219595927548229,3219595927557129,0,0,16,0,48,256,1,1,256,1,1
"KERNEL_DISPATCH","Agent 3",1,0,2659034,935,138,"microllm::runtime::detail::(anonymous namespace)::strided_copy_kernel(std::byte*, std::byte const*, unsigned long, long, microllm::runtime::detail::(anonymous namespace)::Layout)",5597,3219595927557134,3219595927560502,0,0,20,4,48,256,1,1,512,1,1
"KERNEL_DISPATCH","Agent 3",1,0,2659034,936,138,"microllm::runtime::detail::(anonymous namespace)::strided_copy_kernel(std::byte*, std::byte const*, unsigned long, long, microllm::runtime::detail::(anonymous namespace)::Layout)",5602,3219595927564351,3219595927567358,0,0,20,4,48,256,1,1,256,1,1
"KERNEL_DISPATCH","Agent 3",1,0,2659034,937,138,"microllm::runtime::detail::(anonymous namespace)::strided_copy_kernel(std::byte*, std::byte const*, unsigned long, long, microllm::runtime::detail::(anonymous namespace)::Layout)",5607,3219595927572968,3219595927576015,0,0,20,4,48,256,1,1,256,1,1
"KERNEL_DISPATCH","Agent 3",1,0,2659034,938,93,"microllm::ops::hip::(anonymous namespace)::rope_kernel(float const*, float*, long, long, long, long, long, float)",5612,3219595927602159,3219595927604765,0,0,28,4,48,256,1,1,256,1,1
"KERNEL_DISPATCH","Agent 3",1,0,2659034,939,93,"microllm::ops::hip::(anonymous namespace)::rope_kernel(float const*, float*, long, long, long, long, long, float)",5619,3219595927654358,3219595927657124,0,0,28,4,48,256,1,1,256,1,1
"KERNEL_DISPATCH","Agent 3",1,0,2659034,940,11,"__amd_rocclr_copyBuffer",5626,3219595927675356,3219595927676959,0,0,16,0,32,512,1,1,512,1,1
"KERNEL_DISPATCH","Agent 3",1,0,2659034,941,11,"__amd_rocclr_copyBuffer",5628,3219595927680591,3219595927682075,0,0,16,0,32,512,1,1,512,1,1
"KERNEL_DISPATCH","Agent 3",1,0,2659034,942,11,"__amd_rocclr_copyBuffer",5632,3219595927690997,3219595927692360,0,0,16,0,32,512,1,1,512,1,1
"KERNEL_DISPATCH","Agent 3",1,0,2659034,943,11,"__amd_rocclr_copyBuffer",5634,3219595927696721,3219595927698004,0,0,16,0,32,512,1,1,512,1,1
"KERNEL_DISPATCH","Agent 3",1,0,2659034,944,109,"microllm::ops::hip::(anonymous namespace)::causal_gqa_attention_kernel(float const*, float const*, float const*, float*, float*, long, long, long, long, long, long, float)",5638,3219595927714638,3219595927720932,1024,0,24,0,64,256,1,1,8192,1,1
"KERNEL_DISPATCH","Agent 3",1,0,2659034,945,138,"microllm::runtime::detail::(anonymous namespace)::strided_copy_kernel(std::byte*, std::byte const*, unsigned long, long, microllm::runtime::detail::(anonymous namespace)::Layout)",5643,3219595927724088,3219595927725852,0,0,20,4,48,256,1,1,512,1,1
"KERNEL_DISPATCH","Agent 3",1,0,2659034,946,54,"void microllm::ops::hip::(anonymous namespace)::matmul_typed_kernel<float>(float const*, float const*, float*, long, long, long, long)",5650,3219595927744033,3219595927753294,0,0,16,0,48,256,1,1,512,1,1
"KERNEL_DISPATCH","Agent 3",1,0,2659034,947,110,"void microllm::ops::hip::(anonymous namespace)::add_typed_kernel<float>(float const*, float const*, float*, long)",5669,3219595927782306,3219595927785072,0,0,8,0,32,256,1,1,512,1,1
"KERNEL_DISPATCH","Agent 3",1,0,2659034,948,135,"microllm::ops::hip::(anonymous namespace)::rms_norm_kernel(float const*, float const*, float*, long, long, float)",5678,3219595927804383,3219595927806949,1024,0,12,4,32,256,1,1,2048,1,1
"KERNEL_DISPATCH","Agent 3",1,0,2659034,949,54,"void microllm::ops::hip::(anonymous namespace)::matmul_typed_kernel<float>(float const*, float const*, float*, long, long, long, long)",5683,3219595927811854,3219595927821396,0,0,16,0,48,256,1,1,1024,1,1
"KERNEL_DISPATCH","Agent 3",1,0,2659034,950,54,"void microllm::ops::hip::(anonymous namespace)::matmul_typed_kernel<float>(float const*, float const*, float*, long, long, long, long)",5688,3219595927821506,3219595927830446,0,0,16,0,48,256,1,1,1024,1,1
"KERNEL_DISPATCH","Agent 3",1,0,2659034,951,70,"void microllm::ops::hip::(anonymous namespace)::swiglu_typed_kernel<float>(float const*, float const*, float*, long)",5693,3219595927830431,3219595927833999,0,0,12,4,32,256,1,1,1024,1,1
"KERNEL_DISPATCH","Agent 3",1,0,2659034,952,54,"void microllm::ops::hip::(anonymous namespace)::matmul_typed_kernel<float>(float const*, float const*, float*, long, long, long, long)",5702,3219595927853328,3219595927870126,0,0,16,0,48,256,1,1,512,1,1
"KERNEL_DISPATCH","Agent 3",1,0,2659034,953,110,"void microllm::ops::hip::(anonymous namespace)::add_typed_kernel<float>(float const*, float const*, float*, long)",5709,3219595927887310,3219595927890317,0,0,8,0,32,256,1,1,512,1,1
"KERNEL_DISPATCH","Agent 3",1,0,2659034,954,135,"microllm::ops::hip::(anonymous namespace)::rms_norm_kernel(float const*, float const*, float*, long, long, float)",5722,3219595927913406,3219595927916212,1024,0,12,4,32,256,1,1,2048,1,1
"KERNEL_DISPATCH","Agent 3",1,0,2659034,955,54,"void microllm::ops::hip::(anonymous namespace)::matmul_typed_kernel<float>(float const*, float const*, float*, long, long, long, long)",5729,3219595927933511,3219595927942772,0,0,16,0,48,256,1,1,256,1,1
"KERNEL_DISPATCH","Agent 3",1,0,2659034,956,11,"__amd_rocclr_copyBuffer",5736,3219595927960431,3219595927961914,0,0,16,0,32,512,1,1,512,1,1
"KERNEL_DISPATCH","Agent 3",1,0,2659034,957,11,"__amd_rocclr_copyBuffer",5738,3219595927965293,3219595927966175,0,0,16,0,32,512,1,1,512,1,1
"KERNEL_DISPATCH","Agent 3",1,0,2659034,958,11,"__amd_rocclr_copyBuffer",5740,3219595927969560,3219595927971203,0,0,16,0,32,512,1,1,512,1,1
"KERNEL_DISPATCH","Agent 3",1,0,2659034,959,11,"__amd_rocclr_copyBuffer",5742,3219595927974764,3219595927976047,0,0,16,0,32,512,1,1,512,1,1
"KERNEL_DISPATCH","Agent 3",1,0,2659034,960,11,"__amd_rocclr_copyBuffer",5744,3219595927979651,3219595927981214,0,0,16,0,32,512,1,1,512,1,1
"KERNEL_DISPATCH","Agent 3",1,0,2659034,961,11,"__amd_rocclr_copyBuffer",5746,3219595927984897,3219595927986180,0,0,16,0,32,512,1,1,512,1,1
"KERNEL_DISPATCH","Agent 3",1,0,2659034,962,11,"__amd_rocclr_copyBuffer",5748,3219595927989631,3219595927991115,0,0,16,0,32,512,1,1,512,1,1
"KERNEL_DISPATCH","Agent 3",1,0,2659034,963,11,"__amd_rocclr_copyBuffer",5750,3219595927994540,3219595927997387,0,0,16,0,32,512,1,1,512,1,1
"KERNEL_DISPATCH","Agent 3",1,0,2659034,964,11,"__amd_rocclr_copyBuffer",5760,3219595928031073,3219595928033037,0,0,16,0,32,512,1,1,512,1,1
"KERNEL_DISPATCH","Agent 3",1,0,2659034,965,11,"__amd_rocclr_copyBuffer",5766,3219595928052785,3219595928056192,0,0,16,0,32,512,1,1,512,1,1
"KERNEL_DISPATCH","Agent 3",1,0,2659034,966,86,"microllm::ops::hip::(anonymous namespace)::embedding_kernel(float const*, int const*, float*, long, long, long)",5770,3219595928071635,3219595928073840,0,0,16,0,32,256,1,1,768,1,1
"KERNEL_DISPATCH","Agent 3",1,0,2659034,967,135,"microllm::ops::hip::(anonymous namespace)::rms_norm_kernel(float const*, float const*, float*, long, long, float)",5775,3219595928078584,3219595928081230,1024,0,12,4,32,256,1,1,3072,1,1
"KERNEL_DISPATCH","Agent 3",1,0,2659034,968,54,"void microllm::ops::hip::(anonymous namespace)::matmul_typed_kernel<float>(float const*, float const*, float*, long, long, long, long)",5780,3219595928088306,3219595928097768,0,0,16,0,48,256,1,1,768,1,1
"KERNEL_DISPATCH","Agent 3",1,0,2659034,969,54,"void microllm::ops::hip::(anonymous namespace)::matmul_typed_kernel<float>(float const*, float const*, float*, long, long, long, long)",5785,3219595928097739,3219595928106639,0,0,16,0,48,256,1,1,512,1,1
"KERNEL_DISPATCH","Agent 3",1,0,2659034,970,54,"void microllm::ops::hip::(anonymous namespace)::matmul_typed_kernel<float>(float const*, float const*, float*, long, long, long, long)",5790,3219595928106650,3219595928115831,0,0,16,0,48,256,1,1,512,1,1
"KERNEL_DISPATCH","Agent 3",1,0,2659034,971,138,"microllm::runtime::detail::(anonymous namespace)::strided_copy_kernel(std::byte*, std::byte const*, unsigned long, long, microllm::runtime::detail::(anonymous namespace)::Layout)",5795,3219595928115884,3219595928120815,0,0,20,4,48,256,1,1,768,1,1
"KERNEL_DISPATCH","Agent 3",1,0,2659034,972,138,"microllm::runtime::detail::(anonymous namespace)::strided_copy_kernel(std::byte*, std::byte const*, unsigned long, long, microllm::runtime::detail::(anonymous namespace)::Layout)",5800,3219595928120847,3219595928124295,0,0,20,4,48,256,1,1,512,1,1
"KERNEL_DISPATCH","Agent 3",1,0,2659034,973,138,"microllm::runtime::detail::(anonymous namespace)::strided_copy_kernel(std::byte*, std::byte const*, unsigned long, long, microllm::runtime::detail::(anonymous namespace)::Layout)",5805,3219595928128882,3219595928132249,0,0,20,4,48,256,1,1,512,1,1
"KERNEL_DISPATCH","Agent 3",1,0,2659034,974,93,"microllm::ops::hip::(anonymous namespace)::rope_kernel(float const*, float*, long, long, long, long, long, float)",5810,3219595928137405,3219595928140974,0,0,28,4,48,256,1,1,512,1,1
"KERNEL_DISPATCH","Agent 3",1,0,2659034,975,93,"microllm::ops::hip::(anonymous namespace)::rope_kernel(float const*, float*, long, long, long, long, long, float)",5817,3219595928163396,3219595928166082,0,0,28,4,48,256,1,1,256,1,1
"KERNEL_DISPATCH","Agent 3",1,0,2659034,976,11,"__amd_rocclr_copyBuffer",5824,3219595928192303,3219595928193746,0,0,16,0,32,512,1,1,512,1,1
"KERNEL_DISPATCH","Agent 3",1,0,2659034,977,11,"__amd_rocclr_copyBuffer",5826,3219595928197234,3219595928198798,0,0,16,0,32,512,1,1,512,1,1
"KERNEL_DISPATCH","Agent 3",1,0,2659034,978,11,"__amd_rocclr_copyBuffer",5830,3219595928206136,3219595928207981,0,0,16,0,32,512,1,1,512,1,1
"KERNEL_DISPATCH","Agent 3",1,0,2659034,979,11,"__amd_rocclr_copyBuffer",5832,3219595928211353,3219595928212316,0,0,16,0,32,512,1,1,512,1,1
"KERNEL_DISPATCH","Agent 3",1,0,2659034,980,109,"microllm::ops::hip::(anonymous namespace)::causal_gqa_attention_kernel(float const*, float const*, float const*, float*, float*, long, long, long, long, long, long, float)",5836,3219595928218988,3219595928227166,1024,0,24,0,64,256,1,1,12288,1,1
"KERNEL_DISPATCH","Agent 3",1,0,2659034,981,138,"microllm::runtime::detail::(anonymous namespace)::strided_copy_kernel(std::byte*, std::byte const*, unsigned long, long, microllm::runtime::detail::(anonymous namespace)::Layout)",5841,3219595928226985,3219595928230754,0,0,20,4,48,256,1,1,768,1,1
"KERNEL_DISPATCH","Agent 3",1,0,2659034,982,54,"void microllm::ops::hip::(anonymous namespace)::matmul_typed_kernel<float>(float const*, float const*, float*, long, long, long, long)",5848,3219595928247801,3219595928257222,0,0,16,0,48,256,1,1,768,1,1
"KERNEL_DISPATCH","Agent 3",1,0,2659034,983,110,"void microllm::ops::hip::(anonymous namespace)::add_typed_kernel<float>(float const*, float const*, float*, long)",5867,3219595928286022,3219595928288949,0,0,8,0,32,256,1,1,768,1,1
"KERNEL_DISPATCH","Agent 3",1,0,2659034,984,135,"microllm::ops::hip::(anonymous namespace)::rms_norm_kernel(float const*, float const*, float*, long, long, float)",5876,3219595928307975,3219595928310902,1024,0,12,4,32,256,1,1,3072,1,1
"KERNEL_DISPATCH","Agent 3",1,0,2659034,985,54,"void microllm::ops::hip::(anonymous namespace)::matmul_typed_kernel<float>(float const*, float const*, float*, long, long, long, long)",5881,3219595928314815,3219595928324517,0,0,16,0,48,256,1,1,1536,1,1
"KERNEL_DISPATCH","Agent 3",1,0,2659034,986,54,"void microllm::ops::hip::(anonymous namespace)::matmul_typed_kernel<float>(float const*, float const*, float*, long, long, long, long)",5886,3219595928324502,3219595928333603,0,0,16,0,48,256,1,1,1536,1,1
"KERNEL_DISPATCH","Agent 3",1,0,2659034,987,70,"void microllm::ops::hip::(anonymous namespace)::swiglu_typed_kernel<float>(float const*, float const*, float*, long)",5891,3219595928333671,3219595928337279,0,0,12,4,32,256,1,1,1536,1,1
"KERNEL_DISPATCH","Agent 3",1,0,2659034,988,54,"void microllm::ops::hip::(anonymous namespace)::matmul_typed_kernel<float>(float const*, float const*, float*, long, long, long, long)",5900,3219595928355885,3219595928373004,0,0,16,0,48,256,1,1,768,1,1
"KERNEL_DISPATCH","Agent 3",1,0,2659034,989,110,"void microllm::ops::hip::(anonymous namespace)::add_typed_kernel<float>(float const*, float const*, float*, long)",5907,3219595928389411,3219595928392097,0,0,8,0,32,256,1,1,768,1,1
"KERNEL_DISPATCH","Agent 3",1,0,2659034,990,135,"microllm::ops::hip::(anonymous namespace)::rms_norm_kernel(float const*, float const*, float*, long, long, float)",5920,3219595928414535,3219595928417382,1024,0,12,4,32,256,1,1,3072,1,1
"KERNEL_DISPATCH","Agent 3",1,0,2659034,991,54,"void microllm::ops::hip::(anonymous namespace)::matmul_typed_kernel<float>(float const*, float const*, float*, long, long, long, long)",5925,3219595928421420,3219595928431162,0,0,16,0,48,256,1,1,768,1,1
"KERNEL_DISPATCH","Agent 3",1,0,2659034,992,54,"void microllm::ops::hip::(anonymous namespace)::matmul_typed_kernel<float>(float const*, float const*, float*, long, long, long, long)",5930,3219595928431247,3219595928439827,0,0,16,0,48,256,1,1,512,1,1
"KERNEL_DISPATCH","Agent 3",1,0,2659034,993,54,"void microllm::ops::hip::(anonymous namespace)::matmul_typed_kernel<float>(float const*, float const*, float*, long, long, long, long)",5935,3219595928439875,3219595928448535,0,0,16,0,48,256,1,1,512,1,1
"KERNEL_DISPATCH","Agent 3",1,0,2659034,994,138,"microllm::runtime::detail::(anonymous namespace)::strided_copy_kernel(std::byte*, std::byte const*, unsigned long, long, microllm::runtime::detail::(anonymous namespace)::Layout)",5940,3219595928448532,3219595928453784,0,0,20,4,48,256,1,1,768,1,1
"KERNEL_DISPATCH","Agent 3",1,0,2659034,995,138,"microllm::runtime::detail::(anonymous namespace)::strided_copy_kernel(std::byte*, std::byte const*, unsigned long, long, microllm::runtime::detail::(anonymous namespace)::Layout)",5945,3219595928453690,3219595928457178,0,0,20,4,48,256,1,1,512,1,1
"KERNEL_DISPATCH","Agent 3",1,0,2659034,996,138,"microllm::runtime::detail::(anonymous namespace)::strided_copy_kernel(std::byte*, std::byte const*, unsigned long, long, microllm::runtime::detail::(anonymous namespace)::Layout)",5950,3219595928463612,3219595928466739,0,0,20,4,48,256,1,1,512,1,1
"KERNEL_DISPATCH","Agent 3",1,0,2659034,997,93,"microllm::ops::hip::(anonymous namespace)::rope_kernel(float const*, float*, long, long, long, long, long, float)",5955,3219595928473422,3219595928476429,0,0,28,4,48,256,1,1,512,1,1
"KERNEL_DISPATCH","Agent 3",1,0,2659034,998,93,"microllm::ops::hip::(anonymous namespace)::rope_kernel(float const*, float*, long, long, long, long, long, float)",5962,3219595928511147,3219595928514274,0,0,28,4,48,256,1,1,256,1,1
"KERNEL_DISPATCH","Agent 3",1,0,2659034,999,11,"__amd_rocclr_copyBuffer",5969,3219595928554270,3219595928556235,0,0,16,0,32,512,1,1,512,1,1
"KERNEL_DISPATCH","Agent 3",1,0,2659034,1000,11,"__amd_rocclr_copyBuffer",5971,3219595928559631,3219595928560834,0,0,16,0,32,512,1,1,512,1,1
"KERNEL_DISPATCH","Agent 3",1,0,2659034,1001,11,"__amd_rocclr_copyBuffer",5975,3219595928568060,3219595928569624,0,0,16,0,32,512,1,1,512,1,1
"KERNEL_DISPATCH","Agent 3",1,0,2659034,1002,11,"__amd_rocclr_copyBuffer",5977,3219595928573026,3219595928573908,0,0,16,0,32,512,1,1,512,1,1
"KERNEL_DISPATCH","Agent 3",1,0,2659034,1003,109,"microllm::ops::hip::(anonymous namespace)::causal_gqa_attention_kernel(float const*, float const*, float const*, float*, float*, long, long, long, long, long, long, float)",5981,3219595928580259,3219595928586834,1024,0,24,0,64,256,1,1,12288,1,1
"KERNEL_DISPATCH","Agent 3",1,0,2659034,1004,138,"microllm::runtime::detail::(anonymous namespace)::strided_copy_kernel(std::byte*, std::byte const*, unsigned long, long, microllm::runtime::detail::(anonymous namespace)::Layout)",5986,3219595928590156,3219595928592842,0,0,20,4,48,256,1,1,768,1,1
"KERNEL_DISPATCH","Agent 3",1,0,2659034,1005,54,"void microllm::ops::hip::(anonymous namespace)::matmul_typed_kernel<float>(float const*, float const*, float*, long, long, long, long)",5993,3219595928645329,3219595928654550,0,0,16,0,48,256,1,1,768,1,1
"KERNEL_DISPATCH","Agent 3",1,0,2659034,1006,110,"void microllm::ops::hip::(anonymous namespace)::add_typed_kernel<float>(float const*, float const*, float*, long)",6012,3219595928684734,3219595928687380,0,0,8,0,32,256,1,1,768,1,1
"KERNEL_DISPATCH","Agent 3",1,0,2659034,1007,135,"microllm::ops::hip::(anonymous namespace)::rms_norm_kernel(float const*, float const*, float*, long, long, float)",6021,3219595928707045,3219595928709691,1024,0,12,4,32,256,1,1,3072,1,1
"KERNEL_DISPATCH","Agent 3",1,0,2659034,1008,54,"void microllm::ops::hip::(anonymous namespace)::matmul_typed_kernel<float>(float const*, float const*, float*, long, long, long, long)",6026,3219595928723615,3219595928733077,0,0,16,0,48,256,1,1,1536,1,1
"KERNEL_DISPATCH","Agent 3",1,0,2659034,1009,54,"void microllm::ops::hip::(anonymous namespace)::matmul_typed_kernel<float>(float const*, float const*, float*, long, long, long, long)",6031,3219595928733058,3219595928742159,0,0,16,0,48,256,1,1,1536,1,1
"KERNEL_DISPATCH","Agent 3",1,0,2659034,1010,70,"void microllm::ops::hip::(anonymous namespace)::swiglu_typed_kernel<float>(float const*, float const*, float*, long)",6036,3219595928742203,3219595928745851,0,0,12,4,32,256,1,1,1536,1,1
"KERNEL_DISPATCH","Agent 3",1,0,2659034,1011,54,"void microllm::ops::hip::(anonymous namespace)::matmul_typed_kernel<float>(float const*, float const*, float*, long, long, long, long)",6045,3219595928765491,3219595928782731,0,0,16,0,48,256,1,1,768,1,1
"KERNEL_DISPATCH","Agent 3",1,0,2659034,1012,110,"void microllm::ops::hip::(anonymous namespace)::add_typed_kernel<float>(float const*, float const*, float*, long)",6052,3219595928800136,3219595928802461,0,0,8,0,32,256,1,1,768,1,1
"KERNEL_DISPATCH","Agent 3",1,0,2659034,1013,135,"microllm::ops::hip::(anonymous namespace)::rms_norm_kernel(float const*, float const*, float*, long, long, float)",6065,3219595928826112,3219595928828758,1024,0,12,4,32,256,1,1,3072,1,1
"KERNEL_DISPATCH","Agent 3",1,0,2659034,1014,54,"void microllm::ops::hip::(anonymous namespace)::matmul_typed_kernel<float>(float const*, float const*, float*, long, long, long, long)",6072,3219595928846083,3219595928855505,0,0,16,0,48,256,1,1,256,1,1
"KERNEL_DISPATCH","Agent 3",1,0,2659034,1015,11,"__amd_rocclr_copyBuffer",6079,3219595928873147,3219595928874711,0,0,16,0,32,512,1,1,512,1,1
"KERNEL_DISPATCH","Agent 3",1,0,2659034,1016,11,"__amd_rocclr_copyBuffer",6081,3219595928878074,3219595928879037,0,0,16,0,32,512,1,1,512,1,1
"KERNEL_DISPATCH","Agent 3",1,0,2659034,1017,11,"__amd_rocclr_copyBuffer",6083,3219595928882492,3219595928884135,0,0,16,0,32,512,1,1,512,1,1
"KERNEL_DISPATCH","Agent 3",1,0,2659034,1018,11,"__amd_rocclr_copyBuffer",6085,3219595928887684,3219595928888767,0,0,16,0,32,512,1,1,512,1,1
"KERNEL_DISPATCH","Agent 3",1,0,2659034,1019,11,"__amd_rocclr_copyBuffer",6087,3219595928892837,3219595928894200,0,0,16,0,32,512,1,1,512,1,1
"KERNEL_DISPATCH","Agent 3",1,0,2659034,1020,11,"__amd_rocclr_copyBuffer",6089,3219595928897799,3219595928898882,0,0,16,0,32,512,1,1,512,1,1
"KERNEL_DISPATCH","Agent 3",1,0,2659034,1021,11,"__amd_rocclr_copyBuffer",6091,3219595928902966,3219595928904410,0,0,16,0,32,512,1,1,512,1,1
"KERNEL_DISPATCH","Agent 3",1,0,2659034,1022,11,"__amd_rocclr_copyBuffer",6093,3219595928908573,3219595928910818,0,0,16,0,32,512,1,1,512,1,1
"KERNEL_DISPATCH","Agent 3",1,0,2659034,1023,11,"__amd_rocclr_copyBuffer",6103,3219595928936183,3219595928937787,0,0,16,0,32,512,1,1,512,1,1
"KERNEL_DISPATCH","Agent 3",1,0,2659034,1024,11,"__amd_rocclr_copyBuffer",6109,3219595928957290,3219595928960497,0,0,16,0,32,512,1,1,512,1,1
"KERNEL_DISPATCH","Agent 3",1,0,2659034,1025,86,"microllm::ops::hip::(anonymous namespace)::embedding_kernel(float const*, int const*, float*, long, long, long)",6113,3219595928975533,3219595928977538,0,0,16,0,32,256,1,1,1024,1,1
"KERNEL_DISPATCH","Agent 3",1,0,2659034,1026,135,"microllm::ops::hip::(anonymous namespace)::rms_norm_kernel(float const*, float const*, float*, long, long, float)",6118,3219595928982544,3219595928985190,1024,0,12,4,32,256,1,1,4096,1,1
"KERNEL_DISPATCH","Agent 3",1,0,2659034,1027,54,"void microllm::ops::hip::(anonymous namespace)::matmul_typed_kernel<float>(float const*, float const*, float*, long, long, long, long)",6123,3219595928990839,3219595929000261,0,0,16,0,48,256,1,1,1024,1,1
"KERNEL_DISPATCH","Agent 3",1,0,2659034,1028,54,"void microllm::ops::hip::(anonymous namespace)::matmul_typed_kernel<float>(float const*, float const*, float*, long, long, long, long)",6128,3219595929000286,3219595929009627,0,0,16,0,48,256,1,1,512,1,1
"KERNEL_DISPATCH","Agent 3",1,0,2659034,1029,54,"void microllm::ops::hip::(anonymous namespace)::matmul_typed_kernel<float>(float const*, float const*, float*, long, long, long, long)",6133,3219595929009710,3219595929018611,0,0,16,0,48,256,1,1,512,1,1
"KERNEL_DISPATCH","Agent 3",1,0,2659034,1030,138,"microllm::runtime::detail::(anonymous namespace)::strided_copy_kernel(std::byte*, std::byte const*, unsigned long, long, microllm::runtime::detail::(anonymous namespace)::Layout)",6138,3219595929018655,3219595929022343,0,0,20,4,48,256,1,1,1024,1,1
"KERNEL_DISPATCH","Agent 3",1,0,2659034,1031,138,"microllm::runtime::detail::(anonymous namespace)::strided_copy_kernel(std::byte*, std::byte const*, unsigned long, long, microllm::runtime::detail::(anonymous namespace)::Layout)",6143,3219595929026255,3219595929029543,0,0,20,4,48,256,1,1,512,1,1
"KERNEL_DISPATCH","Agent 3",1,0,2659034,1032,138,"microllm::runtime::detail::(anonymous namespace)::strided_copy_kernel(std::byte*, std::byte const*, unsigned long, long, microllm::runtime::detail::(anonymous namespace)::Layout)",6148,3219595929043613,3219595929046941,0,0,20,4,48,256,1,1,512,1,1
"KERNEL_DISPATCH","Agent 3",1,0,2659034,1033,93,"microllm::ops::hip::(anonymous namespace)::rope_kernel(float const*, float*, long, long, long, long, long, float)",6153,3219595929050618,3219595929054106,0,0,28,4,48,256,1,1,512,1,1
"KERNEL_DISPATCH","Agent 3",1,0,2659034,1034,93,"microllm::ops::hip::(anonymous namespace)::rope_kernel(float const*, float*, long, long, long, long, long, float)",6160,3219595929076887,3219595929080014,0,0,28,4,48,256,1,1,256,1,1
"KERNEL_DISPATCH","Agent 3",1,0,2659034,1035,11,"__amd_rocclr_copyBuffer",6167,3219595929098039,3219595929099523,0,0,16,0,32,512,1,1,512,1,1
"KERNEL_DISPATCH","Agent 3",1,0,2659034,1036,11,"__amd_rocclr_copyBuffer",6169,3219595929102939,3219595929103821,0,0,16,0,32,512,1,1,512,1,1
"KERNEL_DISPATCH","Agent 3",1,0,2659034,1037,11,"__amd_rocclr_copyBuffer",6173,3219595929118265,3219595929120109,0,0,16,0,32,512,1,1,512,1,1
"KERNEL_DISPATCH","Agent 3",1,0,2659034,1038,11,"__amd_rocclr_copyBuffer",6175,3219595929124138,3219595929125902,0,0,16,0,32,512,1,1,512,1,1
"KERNEL_DISPATCH","Agent 3",1,0,2659034,1039,109,"microllm::ops::hip::(anonymous namespace)::causal_gqa_attention_kernel(float const*, float const*, float const*, float*, float*, long, long, long, long, long, long, float)",6179,3219595929132906,3219595929139722,1024,0,24,0,64,256,1,1,16384,1,1
"KERNEL_DISPATCH","Agent 3",1,0,2659034,1040,138,"microllm::runtime::detail::(anonymous namespace)::strided_copy_kernel(std::byte*, std::byte const*, unsigned long, long, microllm::runtime::detail::(anonymous namespace)::Layout)",6184,3219595929149898,3219595929153065,0,0,20,4,48,256,1,1,1024,1,1
"KERNEL_DISPATCH","Agent 3",1,0,2659034,1041,54,"void microllm::ops::hip::(anonymous namespace)::matmul_typed_kernel<float>(float const*, float const*, float*, long, long, long, long)",6191,3219595929170686,3219595929180268,0,0,16,0,48,256,1,1,1024,1,1
"KERNEL_DISPATCH","Agent 3",1,0,2659034,1042,110,"void microllm::ops::hip::(anonymous namespace)::add_typed_kernel<float>(float const*, float const*, float*, long)",6210,3219595929209145,3219595929212071,0,0,8,0,32,256,1,1,1024,1,1
"KERNEL_DISPATCH","Agent 3",1,0,2659034,1043,135,"microllm::ops::hip::(anonymous namespace)::rms_norm_kernel(float const*, float const*, float*, long, long, float)",6219,3219595929231587,3219595929234554,1024,0,12,4,32,256,1,1,4096,1,1
"KERNEL_DISPATCH","Agent 3",1,0,2659034,1044,54,"void microllm::ops::hip::(anonymous namespace)::matmul_typed_kernel<float>(float const*, float const*, float*, long, long, long, long)",6224,3219595929238338,3219595929248240,0,0,16,0,48,256,1,1,2048,1,1
"KERNEL_DISPATCH","Agent 3",1,0,2659034,1045,54,"void microllm::ops::hip::(anonymous namespace)::matmul_typed_kernel<float>(float const*, float const*, float*, long, long, long, long)",6229,3219595929248343,3219595929257324,0,0,16,0,48,256,1,1,2048,1,1
"KERNEL_DISPATCH","Agent 3",1,0,2659034,1046,70,"void microllm::ops::hip::(anonymous namespace)::swiglu_typed_kernel<float>(float const*, float const*, float*, long)",6234,3219595929257329,3219595929260937,0,0,12,4,32,256,1,1,2048,1,1
"KERNEL_DISPATCH","Agent 3",1,0,2659034,1047,54,"void microllm::ops::hip::(anonymous namespace)::matmul_typed_kernel<float>(float const*, float const*, float*, long, long, long, long)",6243,3219595929279511,3219595929296991,0,0,16,0,48,256,1,1,1024,1,1
"KERNEL_DISPATCH","Agent 3",1,0,2659034,1048,110,"void microllm::ops::hip::(anonymous namespace)::add_typed_kernel<float>(float const*, float const*, float*, long)",6250,3219595929313294,3219595929315980,0,0,8,0,32,256,1,1,1024,1,1
"KERNEL_DISPATCH","Agent 3",1,0,2659034,1049,135,"microllm::ops::hip::(anonymous namespace)::rms_norm_kernel(float const*, float const*, float*, long, long, float)",6263,3219595929337944,3219595929340750,1024,0,12,4,32,256,1,1,4096,1,1
"KERNEL_DISPATCH","Agent 3",1,0,2659034,1050,54,"void microllm::ops::hip::(anonymous namespace)::matmul_typed_kernel<float>(float const*, float const*, float*, long, long, long, long)",6268,3219595929344587,3219595929354330,0,0,16,0,48,256,1,1,1024,1,1
"KERNEL_DISPATCH","Agent 3",1,0,2659034,1051,54,"void microllm::ops::hip::(anonymous namespace)::matmul_typed_kernel<float>(float const*, float const*, float*, long, long, long, long)",6273,3219595929354412,3219595929363432,0,0,16,0,48,256,1,1,512,1,1
"KERNEL_DISPATCH","Agent 3",1,0,2659034,1052,54,"void microllm::ops::hip::(anonymous namespace)::matmul_typed_kernel<float>(float const*, float const*, float*, long, long, long, long)",6278,3219595929363382,3219595929372082,0,0,16,0,48,256,1,1,512,1,1
"KERNEL_DISPATCH","Agent 3",1,0,2659034,1053,138,"microllm::runtime::detail::(anonymous namespace)::strided_copy_kernel(std::byte*, std::byte const*, unsigned long, long, microllm::runtime::detail::(anonymous namespace)::Layout)",6283,3219595929372080,3219595929377453,0,0,20,4,48,256,1,1,1024,1,1
"KERNEL_DISPATCH","Agent 3",1,0,2659034,1054,138,"microllm::runtime::detail::(anonymous namespace)::strided_copy_kernel(std::byte*, std::byte const*, unsigned long, long, microllm::runtime::detail::(anonymous namespace)::Layout)",6288,3219595929377531,3219595929380938,0,0,20,4,48,256,1,1,512,1,1
"KERNEL_DISPATCH","Agent 3",1,0,2659034,1055,138,"microllm::runtime::detail::(anonymous namespace)::strided_copy_kernel(std::byte*, std::byte const*, unsigned long, long, microllm::runtime::detail::(anonymous namespace)::Layout)",6293,3219595929384523,3219595929387530,0,0,20,4,48,256,1,1,512,1,1
"KERNEL_DISPATCH","Agent 3",1,0,2659034,1056,93,"microllm::ops::hip::(anonymous namespace)::rope_kernel(float const*, float*, long, long, long, long, long, float)",6298,3219595929394675,3219595929397321,0,0,28,4,48,256,1,1,512,1,1
"KERNEL_DISPATCH","Agent 3",1,0,2659034,1057,93,"microllm::ops::hip::(anonymous namespace)::rope_kernel(float const*, float*, long, long, long, long, long, float)",6305,3219595929426319,3219595929430208,0,0,28,4,48,256,1,1,256,1,1
"KERNEL_DISPATCH","Agent 3",1,0,2659034,1058,11,"__amd_rocclr_copyBuffer",6312,3219595929464341,3219595929466105,0,0,16,0,32,512,1,1,512,1,1
"KERNEL_DISPATCH","Agent 3",1,0,2659034,1059,11,"__amd_rocclr_copyBuffer",6314,3219595929478070,3219595929479553,0,0,16,0,32,512,1,1,512,1,1
"KERNEL_DISPATCH","Agent 3",1,0,2659034,1060,11,"__amd_rocclr_copyBuffer",6318,3219595929487406,3219595929488889,0,0,16,0,32,512,1,1,512,1,1
"KERNEL_DISPATCH","Agent 3",1,0,2659034,1061,11,"__amd_rocclr_copyBuffer",6320,3219595929492274,3219595929493196,0,0,16,0,32,512,1,1,512,1,1
"KERNEL_DISPATCH","Agent 3",1,0,2659034,1062,109,"microllm::ops::hip::(anonymous namespace)::causal_gqa_attention_kernel(float const*, float const*, float const*, float*, float*, long, long, long, long, long, long, float)",6324,3219595929501264,3219595929507879,1024,0,24,0,64,256,1,1,16384,1,1
"KERNEL_DISPATCH","Agent 3",1,0,2659034,1063,138,"microllm::runtime::detail::(anonymous namespace)::strided_copy_kernel(std::byte*, std::byte const*, unsigned long, long, microllm::runtime::detail::(anonymous namespace)::Layout)",6329,3219595929511059,3219595929513866,0,0,20,4,48,256,1,1,1024,1,1
"KERNEL_DISPATCH","Agent 3",1,0,2659034,1064,54,"void microllm::ops::hip::(anonymous namespace)::matmul_typed_kernel<float>(float const*, float const*, float*, long, long, long, long)",6336,3219595929532102,3219595929541323,0,0,16,0,48,256,1,1,1024,1,1
"KERNEL_DISPATCH","Agent 3",1,0,2659034,1065,110,"void microllm::ops::hip::(anonymous namespace)::add_typed_kernel<float>(float const*, float const*, float*, long)",6355,3219595929571624,3219595929574230,0,0,8,0,32,256,1,1,1024,1,1
"KERNEL_DISPATCH","Agent 3",1,0,2659034,1066,135,"microllm::ops::hip::(anonymous namespace)::rms_norm_kernel(float const*, float const*, float*, long, long, float)",6364,3219595929593488,3219595929596214,1024,0,12,4,32,256,1,1,4096,1,1
"KERNEL_DISPATCH","Agent 3",1,0,2659034,1067,54,"void microllm::ops::hip::(anonymous namespace)::matmul_typed_kernel<float>(float const*, float const*, float*, long, long, long, long)",6369,3219595929600656,3219595929610158,0,0,16,0,48,256,1,1,2048,1,1
"KERNEL_DISPATCH","Agent 3",1,0,2659034,1068,54,"void microllm::ops::hip::(anonymous namespace)::matmul_typed_kernel<float>(float const*, float const*, float*, long, long, long, long)",6374,3219595929610238,3219595929619299,0,0,16,0,48,256,1,1,2048,1,1
"KERNEL_DISPATCH","Agent 3",1,0,2659034,1069,70,"void microllm::ops::hip::(anonymous namespace)::swiglu_typed_kernel<float>(float const*, float const*, float*, long)",6379,3219595929619292,3219595929623060,0,0,12,4,32,256,1,1,2048,1,1
"KERNEL_DISPATCH","Agent 3",1,0,2659034,1070,54,"void microllm::ops::hip::(anonymous namespace)::matmul_typed_kernel<float>(float const*, float const*, float*, long, long, long, long)",6388,3219595929642092,3219595929658970,0,0,16,0,48,256,1,1,1024,1,1
"KERNEL_DISPATCH","Agent 3",1,0,2659034,1071,110,"void microllm::ops::hip::(anonymous namespace)::add_typed_kernel<float>(float const*, float const*, float*, long)",6395,3219595929676630,3219595929678995,0,0,8,0,32,256,1,1,1024,1,1
"KERNEL_DISPATCH","Agent 3",1,0,2659034,1072,135,"microllm::ops::hip::(anonymous namespace)::rms_norm_kernel(float const*, float const*, float*, long, long, float)",6408,3219595929710556,3219595929713242,1024,0,12,4,32,256,1,1,4096,1,1
"KERNEL_DISPATCH","Agent 3",1,0,2659034,1073,54,"void microllm::ops::hip::(anonymous namespace)::matmul_typed_kernel<float>(float const*, float const*, float*, long, long, long, long)",6415,3219595929730561,3219595929739622,0,0,16,0,48,256,1,1,256,1,1
"KERNEL_DISPATCH","Agent 3",1,0,2659034,1074,11,"__amd_rocclr_copyBuffer",6422,3219595929757513,3219595929758876,0,0,16,0,32,512,1,1,512,1,1
"KERNEL_DISPATCH","Agent 3",1,0,2659034,1075,11,"__amd_rocclr_copyBuffer",6424,3219595929762252,3219595929762973,0,0,16,0,32,512,1,1,512,1,1
"KERNEL_DISPATCH","Agent 3",1,0,2659034,1076,11,"__amd_rocclr_copyBuffer",6426,3219595929766763,3219595929768126,0,0,16,0,32,512,1,1,512,1,1
"KERNEL_DISPATCH","Agent 3",1,0,2659034,1077,11,"__amd_rocclr_copyBuffer",6428,3219595929771574,3219595929772857,0,0,16,0,32,512,1,1,512,1,1
"KERNEL_DISPATCH","Agent 3",1,0,2659034,1078,11,"__amd_rocclr_copyBuffer",6430,3219595929776731,3219595929778054,0,0,16,0,32,512,1,1,512,1,1
"KERNEL_DISPATCH","Agent 3",1,0,2659034,1079,11,"__amd_rocclr_copyBuffer",6432,3219595929781472,3219595929782634,0,0,16,0,32,512,1,1,512,1,1
"KERNEL_DISPATCH","Agent 3",1,0,2659034,1080,11,"__amd_rocclr_copyBuffer",6434,3219595929786248,3219595929787530,0,0,16,0,32,512,1,1,512,1,1
"KERNEL_DISPATCH","Agent 3",1,0,2659034,1081,11,"__amd_rocclr_copyBuffer",6436,3219595929791012,3219595929793618,0,0,16,0,32,512,1,1,512,1,1
"KERNEL_DISPATCH","Agent 3",1,0,2659034,1082,11,"__amd_rocclr_copyBuffer",6446,3219595929820039,3219595929822083,0,0,16,0,32,512,1,1,512,1,1
"KERNEL_DISPATCH","Agent 3",1,0,2659034,1083,67,"microllm::ops::hip::(anonymous namespace)::argmax_last_dim_kernel(float const*, int*, long, long)",6452,3219595929839977,3219595929843345,4096,0,12,4,32,256,1,1,1024,1,1
"KERNEL_DISPATCH","Agent 3",1,0,2659034,1084,11,"__amd_rocclr_copyBuffer",6455,3219595929847462,3219595929849065,0,0,16,0,32,512,1,1,512,1,1
"KERNEL_DISPATCH","Agent 3",1,0,2659034,1085,11,"__amd_rocclr_copyBuffer",6461,3219595929875558,3219595929879046,0,0,16,0,32,512,1,1,512,1,1
"KERNEL_DISPATCH","Agent 3",1,0,2659034,1086,11,"__amd_rocclr_copyBuffer",6465,3219595929895977,3219595929899104,0,0,16,0,32,512,1,1,512,1,1
"KERNEL_DISPATCH","Agent 3",1,0,2659034,1087,11,"__amd_rocclr_copyBuffer",6469,3219595929915713,3219595929918720,0,0,16,0,32,512,1,1,512,1,1
"KERNEL_DISPATCH","Agent 3",1,0,2659034,1088,86,"microllm::ops::hip::(anonymous namespace)::embedding_kernel(float const*, int const*, float*, long, long, long)",6473,3219595929934358,3219595929936523,0,0,16,0,32,256,1,1,256,1,1
"KERNEL_DISPATCH","Agent 3",1,0,2659034,1089,135,"microllm::ops::hip::(anonymous namespace)::rms_norm_kernel(float const*, float const*, float*, long, long, float)",6478,3219595929941629,3219595929944155,1024,0,12,4,32,256,1,1,1024,1,1
"KERNEL_DISPATCH","Agent 3",1,0,2659034,1090,54,"void microllm::ops::hip::(anonymous namespace)::matmul_typed_kernel<float>(float const*, float const*, float*, long, long, long, long)",6483,3219595929949570,3219595929958911,0,0,16,0,48,256,1,1,256,1,1
"KERNEL_DISPATCH","Agent 3",1,0,2659034,1091,54,"void microllm::ops::hip::(anonymous namespace)::matmul_typed_kernel<float>(float const*, float const*, float*, long, long, long, long)",6488,3219595929958944,3219595929967324,0,0,16,0,48,256,1,1,256,1,1
"KERNEL_DISPATCH","Agent 3",1,0,2659034,1092,54,"void microllm::ops::hip::(anonymous namespace)::matmul_typed_kernel<float>(float const*, float const*, float*, long, long, long, long)",6493,3219595929967338,3219595929976158,0,0,16,0,48,256,1,1,256,1,1
"KERNEL_DISPATCH","Agent 3",1,0,2659034,1093,91,"microllm::ops::hip::(anonymous namespace)::rope_positions_kernel(float const*, int const*, float*, long, long, long, float)",6498,3219595929976206,3219595929979654,0,0,28,4,48,256,1,1,256,1,1
"KERNEL_DISPATCH","Agent 3",1,0,2659034,1094,91,"microllm::ops::hip::(anonymous namespace)::rope_positions_kernel(float const*, int const*, float*, long, long, long, float)",6503,3219595929982881,3219595929984365,0,0,28,4,48,256,1,1,256,1,1
"KERNEL_DISPATCH","Agent 3",1,0,2659034,1095,64,"void microllm::ops::hip::(anonymous namespace)::kv_cache_store_pair_positions_kernel<float>(float const*, float const*, int const*, int const*, float*, float*, long, long, long, long, long, long)",6506,3219595929989134,3219595929991459,0,0,20,4,48,256,1,1,256,1,1
"KERNEL_DISPATCH","Agent 3",1,0,2659034,1096,14,"void microllm::ops::hip::(anonymous namespace)::cached_attention_fused_positions_kernel<float>(float const*, float const*, float const*, int const*, int const*, float*, long, long, long, long, long, long, long, long, float)",6511,3219595929999203,3219595930007822,1024,0,52,4,64,256,1,1,4096,1,1
"KERNEL_DISPATCH","Agent 3",1,0,2659034,1097,54,"void microllm::ops::hip::(anonymous namespace)::matmul_typed_kernel<float>(float const*, float const*, float*, long, long, long, long)",6516,3219595930007879,3219595930016539,0,0,16,0,48,256,1,1,256,1,1
"KERNEL_DISPATCH","Agent 3",1,0,2659034,1098,50,"void microllm::ops::hip::(anonymous namespace)::add_rms_norm_kernel<256u>(float const*, float const*, float const*, float*, float*, long, long, float)",6537,3219595930054263,3219595930057230,1024,0,16,0,32,256,1,1,1024,1,1
"KERNEL_DISPATCH","Agent 3",1,0,2659034,1099,54,"void microllm::ops::hip::(anonymous namespace)::matmul_typed_kernel<float>(float const*, float const*, float*, long, long, long, long)",6542,3219595930061967,3219595930071629,0,0,16,0,48,256,1,1,512,1,1
"KERNEL_DISPATCH","Agent 3",1,0,2659034,1100,54,"void microllm::ops::hip::(anonymous namespace)::matmul_typed_kernel<float>(float const*, float const*, float*, long, long, long, long)",6547,3219595930071525,3219595930080626,0,0,16,0,48,256,1,1,512,1,1
"KERNEL_DISPATCH","Agent 3",1,0,2659034,1101,70,"void microllm::ops::hip::(anonymous namespace)::swiglu_typed_kernel<float>(float const*, float const*, float*, long)",6552,3219595930080707,3219595930084195,0,0,12,4,32,256,1,1,512,1,1
"KERNEL_DISPATCH","Agent 3",1,0,2659034,1102,54,"void microllm::ops::hip::(anonymous namespace)::matmul_typed_kernel<float>(float const*, float const*, float*, long, long, long, long)",6561,3219595930103408,3219595930120367,0,0,16,0,48,256,1,1,256,1,1
"KERNEL_DISPATCH","Agent 3",1,0,2659034,1103,110,"void microllm::ops::hip::(anonymous namespace)::add_typed_kernel<float>(float const*, float const*, float*, long)",6568,3219595930136989,3219595930139474,0,0,8,0,32,256,1,1,256,1,1
"KERNEL_DISPATCH","Agent 3",1,0,2659034,1104,135,"microllm::ops::hip::(anonymous namespace)::rms_norm_kernel(float const*, float const*, float*, long, long, float)",6583,3219595930173002,3219595930175768,1024,0,12,4,32,256,1,1,1024,1,1
"KERNEL_DISPATCH","Agent 3",1,0,2659034,1105,54,"void microllm::ops::hip::(anonymous namespace)::matmul_typed_kernel<float>(float const*, float const*, float*, long, long, long, long)",6588,3219595930180610,3219595930190472,0,0,16,0,48,256,1,1,256,1,1
"KERNEL_DISPATCH","Agent 3",1,0,2659034,1106,54,"void microllm::ops::hip::(anonymous namespace)::matmul_typed_kernel<float>(float const*, float const*, float*, long, long, long, long)",6593,3219595930190426,3219595930199246,0,0,16,0,48,256,1,1,256,1,1
"KERNEL_DISPATCH","Agent 3",1,0,2659034,1107,54,"void microllm::ops::hip::(anonymous namespace)::matmul_typed_kernel<float>(float const*, float const*, float*, long, long, long, long)",6598,3219595930199250,3219595930207589,0,0,16,0,48,256,1,1,256,1,1
"KERNEL_DISPATCH","Agent 3",1,0,2659034,1108,91,"microllm::ops::hip::(anonymous namespace)::rope_positions_kernel(float const*, int const*, float*, long, long, long, float)",6603,3219595930207617,3219595930211025,0,0,28,4,48,256,1,1,256,1,1
"KERNEL_DISPATCH","Agent 3",1,0,2659034,1109,91,"microllm::ops::hip::(anonymous namespace)::rope_positions_kernel(float const*, int const*, float*, long, long, long, float)",6608,3219595930214405,3219595930217211,0,0,28,4,48,256,1,1,256,1,1
"KERNEL_DISPATCH","Agent 3",1,0,2659034,1110,64,"void microllm::ops::hip::(anonymous namespace)::kv_cache_store_pair_positions_kernel<float>(float const*, float const*, int const*, int const*, float*, float*, long, long, long, long, long, long)",6611,3219595930237903,3219595930240429,0,0,20,4,48,256,1,1,256,1,1
"KERNEL_DISPATCH","Agent 3",1,0,2659034,1111,14,"void microllm::ops::hip::(anonymous namespace)::cached_attention_fused_positions_kernel<float>(float const*, float const*, float const*, int const*, int const*, float*, long, long, long, long, long, long, long, long, float)",6616,3219595930247158,3219595930255297,1024,0,52,4,64,256,1,1,4096,1,1
"KERNEL_DISPATCH","Agent 3",1,0,2659034,1112,54,"void microllm::ops::hip::(anonymous namespace)::matmul_typed_kernel<float>(float const*, float const*, float*, long, long, long, long)",6621,3219595930255236,3219595930264256,0,0,16,0,48,256,1,1,256,1,1
"KERNEL_DISPATCH","Agent 3",1,0,2659034,1113,50,"void microllm::ops::hip::(anonymous namespace)::add_rms_norm_kernel<256u>(float const*, float const*, float const*, float*, float*, long, long, float)",6642,3219595930301744,3219595930304831,1024,0,16,0,32,256,1,1,1024,1,1
"KERNEL_DISPATCH","Agent 3",1,0,2659034,1114,54,"void microllm::ops::hip::(anonymous namespace)::matmul_typed_kernel<float>(float const*, float const*, float*, long, long, long, long)",6647,3219595930309475,3219595930318897,0,0,16,0,48,256,1,1,512,1,1
"KERNEL_DISPATCH","Agent 3",1,0,2659034,1115,54,"void microllm::ops::hip::(anonymous namespace)::matmul_typed_kernel<float>(float const*, float const*, float*, long, long, long, long)",6652,3219595930322104,3219595930331526,0,0,16,0,48,256,1,1,512,1,1
"KERNEL_DISPATCH","Agent 3",1,0,2659034,1116,70,"void microllm::ops::hip::(anonymous namespace)::swiglu_typed_kernel<float>(float const*, float const*, float*, long)",6657,3219595930335878,3219595930338043,0,0,12,4,32,256,1,1,512,1,1
"KERNEL_DISPATCH","Agent 3",1,0,2659034,1117,54,"void microllm::ops::hip::(anonymous namespace)::matmul_typed_kernel<float>(float const*, float const*, float*, long, long, long, long)",6666,3219595930372288,3219595930388846,0,0,16,0,48,256,1,1,256,1,1
"KERNEL_DISPATCH","Agent 3",1,0,2659034,1118,110,"void microllm::ops::hip::(anonymous namespace)::add_typed_kernel<float>(float const*, float const*, float*, long)",6673,3219595930422527,3219595930425253,0,0,8,0,32,256,1,1,256,1,1
"KERNEL_DISPATCH","Agent 3",1,0,2659034,1119,135,"microllm::ops::hip::(anonymous namespace)::rms_norm_kernel(float const*, float const*, float*, long, long, float)",6688,3219595930452166,3219595930455133,1024,0,12,4,32,256,1,1,1024,1,1
"KERNEL_DISPATCH","Agent 3",1,0,2659034,1120,54,"void microllm::ops::hip::(anonymous namespace)::matmul_typed_kernel<float>(float const*, float const*, float*, long, long, long, long)",6695,3219595930471839,3219595930481300,0,0,16,0,48,256,1,1,1024,1,1
"KERNEL_DISPATCH","Agent 3",1,0,2659034,1121,11,"__amd_rocclr_copyBuffer",6706,3219595930503766,3219595930505450,0,0,16,0,32,512,1,1,512,1,1
"KERNEL_DISPATCH","Agent 3",1,0,2659034,1122,11,"__amd_rocclr_copyBuffer",6708,3219595930508893,3219595930510377,0,0,16,0,32,512,1,1,512,1,1
"KERNEL_DISPATCH","Agent 3",1,0,2659034,1123,11,"__amd_rocclr_copyBuffer",6710,3219595930514738,3219595930516502,0,0,16,0,32,512,1,1,512,1,1
"KERNEL_DISPATCH","Agent 3",1,0,2659034,1124,11,"__amd_rocclr_copyBuffer",6712,3219595930519902,3219595930521064,0,0,16,0,32,512,1,1,512,1,1
"KERNEL_DISPATCH","Agent 3",1,0,2659034,1125,67,"microllm::ops::hip::(anonymous namespace)::argmax_last_dim_kernel(float const*, int*, long, long)",6718,3219595930539431,3219595930542959,4096,0,12,4,32,256,1,1,1024,1,1
"KERNEL_DISPATCH","Agent 3",1,0,2659034,1126,11,"__amd_rocclr_copyBuffer",6721,3219595930547125,3219595930548328,0,0,16,0,32,512,1,1,512,1,1
"KERNEL_DISPATCH","Agent 3",1,0,2659034,1127,11,"__amd_rocclr_copyBuffer",6727,3219595930575132,3219595930578540,0,0,16,0,32,512,1,1,512,1,1
"KERNEL_DISPATCH","Agent 3",1,0,2659034,1128,11,"__amd_rocclr_copyBuffer",6731,3219595930594984,3219595930598472,0,0,16,0,32,512,1,1,512,1,1
"KERNEL_DISPATCH","Agent 3",1,0,2659034,1129,11,"__amd_rocclr_copyBuffer",6735,3219595930615057,3219595930618184,0,0,16,0,32,512,1,1,512,1,1
"KERNEL_DISPATCH","Agent 3",1,0,2659034,1130,86,"microllm::ops::hip::(anonymous namespace)::embedding_kernel(float const*, int const*, float*, long, long, long)",6739,3219595930633328,3219595930635413,0,0,16,0,32,256,1,1,256,1,1
"KERNEL_DISPATCH","Agent 3",1,0,2659034,1131,135,"microllm::ops::hip::(anonymous namespace)::rms_norm_kernel(float const*, float const*, float*, long, long, float)",6744,3219595930640013,3219595930642619,1024,0,12,4,32,256,1,1,1024,1,1
"KERNEL_DISPATCH","Agent 3",1,0,2659034,1132,54,"void microllm::ops::hip::(anonymous namespace)::matmul_typed_kernel<float>(float const*, float const*, float*, long, long, long, long)",6749,3219595930649143,3219595930658845,0,0,16,0,48,256,1,1,256,1,1
"KERNEL_DISPATCH","Agent 3",1,0,2659034,1133,54,"void microllm::ops::hip::(anonymous namespace)::matmul_typed_kernel<float>(float const*, float const*, float*, long, long, long, long)",6754,3219595930658853,3219595930667433,0,0,16,0,48,256,1,1,256,1,1
"KERNEL_DISPATCH","Agent 3",1,0,2659034,1134,54,"void microllm::ops::hip::(anonymous namespace)::matmul_typed_kernel<float>(float const*, float const*, float*, long, long, long, long)",6759,3219595930667385,3219595930676085,0,0,16,0,48,256,1,1,256,1,1
"KERNEL_DISPATCH","Agent 3",1,0,2659034,1135,91,"microllm::ops::hip::(anonymous namespace)::rope_positions_kernel(float const*, int const*, float*, long, long, long, float)",6764,3219595930676061,3219595930679509,0,0,28,4,48,256,1,1,256,1,1
"KERNEL_DISPATCH","Agent 3",1,0,2659034,1136,91,"microllm::ops::hip::(anonymous namespace)::rope_positions_kernel(float const*, int const*, float*, long, long, long, float)",6769,3219595930689588,3219595930692114,0,0,28,4,48,256,1,1,256,1,1
"KERNEL_DISPATCH","Agent 3",1,0,2659034,1137,64,"void microllm::ops::hip::(anonymous namespace)::kv_cache_store_pair_positions_kernel<float>(float const*, float const*, int const*, int const*, float*, float*, long, long, long, long, long, long)",6772,3219595930695954,3219595930698280,0,0,20,4,48,256,1,1,256,1,1
"KERNEL_DISPATCH","Agent 3",1,0,2659034,1138,14,"void microllm::ops::hip::(anonymous namespace)::cached_attention_fused_positions_kernel<float>(float const*, float const*, float const*, int const*, int const*, float*, long, long, long, long, long, long, long, long, float)",6777,3219595930704261,3219595930712199,1024,0,52,4,64,256,1,1,4096,1,1
"KERNEL_DISPATCH","Agent 3",1,0,2659034,1139,54,"void microllm::ops::hip::(anonymous namespace)::matmul_typed_kernel<float>(float const*, float const*, float*, long, long, long, long)",6782,3219595930712157,3219595930721579,0,0,16,0,48,256,1,1,256,1,1
"KERNEL_DISPATCH","Agent 3",1,0,2659034,1140,50,"void microllm::ops::hip::(anonymous namespace)::add_rms_norm_kernel<256u>(float const*, float const*, float const*, float*, float*, long, long, float)",6803,3219595930758584,3219595930761550,1024,0,16,0,32,256,1,1,1024,1,1
"KERNEL_DISPATCH","Agent 3",1,0,2659034,1141,54,"void microllm::ops::hip::(anonymous namespace)::matmul_typed_kernel<float>(float const*, float const*, float*, long, long, long, long)",6808,3219595930766737,3219595930776119,0,0,16,0,48,256,1,1,512,1,1
"KERNEL_DISPATCH","Agent 3",1,0,2659034,1142,54,"void microllm::ops::hip::(anonymous namespace)::matmul_typed_kernel<float>(float const*, float const*, float*, long, long, long, long)",6813,3219595930776171,3219595930785151,0,0,16,0,48,256,1,1,512,1,1
"KERNEL_DISPATCH","Agent 3",1,0,2659034,1143,70,"void microllm::ops::hip::(anonymous namespace)::swiglu_typed_kernel<float>(float const*, float const*, float*, long)",6818,3219595930785141,3219595930788629,0,0,12,4,32,256,1,1,512,1,1
"KERNEL_DISPATCH","Agent 3",1,0,2659034,1144,54,"void microllm::ops::hip::(anonymous namespace)::matmul_typed_kernel<float>(float const*, float const*, float*, long, long, long, long)",6827,3219595930808098,3219595930825497,0,0,16,0,48,256,1,1,256,1,1
"KERNEL_DISPATCH","Agent 3",1,0,2659034,1145,110,"void microllm::ops::hip::(anonymous namespace)::add_typed_kernel<float>(float const*, float const*, float*, long)",6834,3219595930842105,3219595930844431,0,0,8,0,32,256,1,1,256,1,1
"KERNEL_DISPATCH","Agent 3",1,0,2659034,1146,135,"microllm::ops::hip::(anonymous namespace)::rms_norm_kernel(float const*, float const*, float*, long, long, float)",6849,3219595930868905,3219595930871751,1024,0,12,4,32,256,1,1,1024,1,1
"KERNEL_DISPATCH","Agent 3",1,0,2659034,1147,54,"void microllm::ops::hip::(anonymous namespace)::matmul_typed_kernel<float>(float const*, float const*, float*, long, long, long, long)",6854,3219595930875561,3219595930885183,0,0,16,0,48,256,1,1,256,1,1
"KERNEL_DISPATCH","Agent 3",1,0,2659034,1148,54,"void microllm::ops::hip::(anonymous namespace)::matmul_typed_kernel<float>(float const*, float const*, float*, long, long, long, long)",6859,3219595930885099,3219595930893959,0,0,16,0,48,256,1,1,256,1,1
"KERNEL_DISPATCH","Agent 3",1,0,2659034,1149,54,"void microllm::ops::hip::(anonymous namespace)::matmul_typed_kernel<float>(float const*, float const*, float*, long, long, long, long)",6864,3219595930893911,3219595930902330,0,0,16,0,48,256,1,1,256,1,1
"KERNEL_DISPATCH","Agent 3",1,0,2659034,1150,91,"microllm::ops::hip::(anonymous namespace)::rope_positions_kernel(float const*, int const*, float*, long, long, long, float)",6869,3219595930902327,3219595930907098,0,0,28,4,48,256,1,1,256,1,1
"KERNEL_DISPATCH","Agent 3",1,0,2659034,1151,91,"microllm::ops::hip::(anonymous namespace)::rope_positions_kernel(float const*, int const*, float*, long, long, long, float)",6874,3219595930907159,3219595930910567,0,0,28,4,48,256,1,1,256,1,1
"KERNEL_DISPATCH","Agent 3",1,0,2659034,1152,64,"void microllm::ops::hip::(anonymous namespace)::kv_cache_store_pair_positions_kernel<float>(float const*, float const*, int const*, int const*, float*, float*, long, long, long, long, long, long)",6877,3219595930914132,3219595930916578,0,0,20,4,48,256,1,1,256,1,1
"KERNEL_DISPATCH","Agent 3",1,0,2659034,1153,14,"void microllm::ops::hip::(anonymous namespace)::cached_attention_fused_positions_kernel<float>(float const*, float const*, float const*, int const*, int const*, float*, long, long, long, long, long, long, long, long, float)",6882,3219595930921714,3219595930928409,1024,0,52,4,64,256,1,1,4096,1,1
"KERNEL_DISPATCH","Agent 3",1,0,2659034,1154,54,"void microllm::ops::hip::(anonymous namespace)::matmul_typed_kernel<float>(float const*, float const*, float*, long, long, long, long)",6887,3219595930931555,3219595930940255,0,0,16,0,48,256,1,1,256,1,1
"KERNEL_DISPATCH","Agent 3",1,0,2659034,1155,50,"void microllm::ops::hip::(anonymous namespace)::add_rms_norm_kernel<256u>(float const*, float const*, float const*, float*, float*, long, long, float)",6908,3219595930975707,3219595930978674,1024,0,16,0,32,256,1,1,1024,1,1
"KERNEL_DISPATCH","Agent 3",1,0,2659034,1156,54,"void microllm::ops::hip::(anonymous namespace)::matmul_typed_kernel<float>(float const*, float const*, float*, long, long, long, long)",6913,3219595930983638,3219595930993701,0,0,16,0,48,256,1,1,512,1,1
"KERNEL_DISPATCH","Agent 3",1,0,2659034,1157,54,"void microllm::ops::hip::(anonymous namespace)::matmul_typed_kernel<float>(float const*, float const*, float*, long, long, long, long)",6918,3219595930993732,3219595931002913,0,0,16,0,48,256,1,1,512,1,1
"KERNEL_DISPATCH","Agent 3",1,0,2659034,1158,70,"void microllm::ops::hip::(anonymous namespace)::swiglu_typed_kernel<float>(float const*, float const*, float*, long)",6923,3219595931002932,3219595931006460,0,0,12,4,32,256,1,1,512,1,1
"KERNEL_DISPATCH","Agent 3",1,0,2659034,1159,54,"void microllm::ops::hip::(anonymous namespace)::matmul_typed_kernel<float>(float const*, float const*, float*, long, long, long, long)",6932,3219595931025941,3219595931042259,0,0,16,0,48,256,1,1,256,1,1
"KERNEL_DISPATCH","Agent 3",1,0,2659034,1160,110,"void microllm::ops::hip::(anonymous namespace)::add_typed_kernel<float>(float const*, float const*, float*, long)",6939,3219595931059103,3219595931061749,0,0,8,0,32,256,1,1,256,1,1
"KERNEL_DISPATCH","Agent 3",1,0,2659034,1161,135,"microllm::ops::hip::(anonymous namespace)::rms_norm_kernel(float const*, float const*, float*, long, long, float)",6954,3219595931087002,3219595931089929,1024,0,12,4,32,256,1,1,1024,1,1
"KERNEL_DISPATCH","Agent 3",1,0,2659034,1162,54,"void microllm::ops::hip::(anonymous namespace)::matmul_typed_kernel<float>(float const*, float const*, float*, long, long, long, long)",6961,3219595931106633,3219595931116015,0,0,16,0,48,256,1,1,1024,1,1
"KERNEL_DISPATCH","Agent 3",1,0,2659034,1163,11,"__amd_rocclr_copyBuffer",6972,3219595931137865,3219595931139549,0,0,16,0,32,512,1,1,512,1,1
"KERNEL_DISPATCH","Agent 3",1,0,2659034,1164,11,"__amd_rocclr_copyBuffer",6974,3219595931142758,3219595931143560,0,0,16,0,32,512,1,1,512,1,1
"KERNEL_DISPATCH","Agent 3",1,0,2659034,1165,11,"__amd_rocclr_copyBuffer",6976,3219595931147130,3219595931148413,0,0,16,0,32,512,1,1,512,1,1
"KERNEL_DISPATCH","Agent 3",1,0,2659034,1166,11,"__amd_rocclr_copyBuffer",6978,3219595931151751,3219595931153876,0,0,16,0,32,512,1,1,512,1,1
"KERNEL_DISPATCH","Agent 3",1,0,2659034,1167,67,"microllm::ops::hip::(anonymous namespace)::argmax_last_dim_kernel(float const*, int*, long, long)",6984,3219595931171563,3219595931175091,4096,0,12,4,32,256,1,1,1024,1,1
"KERNEL_DISPATCH","Agent 3",1,0,2659034,1168,11,"__amd_rocclr_copyBuffer",6987,3219595931187035,3219595931189641,0,0,16,0,32,512,1,1,512,1,1
"KERNEL_DISPATCH","Agent 3",1,0,2659034,1169,100,"void microllm::ops::hip::(anonymous namespace)::fill_typed_kernel<float>(float*, long, float)",6991,3219595931212630,3219595931214274,0,0,4,4,16,256,1,1,2048,1,1
"KERNEL_DISPATCH","Agent 3",1,0,2659034,1170,100,"void microllm::ops::hip::(anonymous namespace)::fill_typed_kernel<float>(float*, long, float)",6994,3219595931217771,3219595931219334,0,0,4,4,16,256,1,1,2048,1,1
"KERNEL_DISPATCH","Agent 3",1,0,2659034,1171,100,"void microllm::ops::hip::(anonymous namespace)::fill_typed_kernel<float>(float*, long, float)",6997,3219595931223981,3219595931225624,0,0,4,4,16,256,1,1,2048,1,1
"KERNEL_DISPATCH","Agent 3",1,0,2659034,1172,100,"void microllm::ops::hip::(anonymous namespace)::fill_typed_kernel<float>(float*, long, float)",7000,3219595931229441,3219595931230924,0,0,4,4,16,256,1,1,2048,1,1
"KERNEL_DISPATCH","Agent 3",1,0,2659034,1173,100,"void microllm::ops::hip::(anonymous namespace)::fill_typed_kernel<float>(float*, long, float)",7003,3219595931239556,3219595931241159,0,0,4,4,16,256,1,1,2048,1,1
"KERNEL_DISPATCH","Agent 3",1,0,2659034,1174,100,"void microllm::ops::hip::(anonymous namespace)::fill_typed_kernel<float>(float*, long, float)",7006,3219595931244483,3219595931246087,0,0,4,4,16,256,1,1,2048,1,1
"KERNEL_DISPATCH","Agent 3",1,0,2659034,1175,100,"void microllm::ops::hip::(anonymous namespace)::fill_typed_kernel<float>(float*, long, float)",7009,3219595931260055,3219595931261739,0,0,4,4,16,256,1,1,2048,1,1
"KERNEL_DISPATCH","Agent 3",1,0,2659034,1176,100,"void microllm::ops::hip::(anonymous namespace)::fill_typed_kernel<float>(float*, long, float)",7012,3219595931297727,3219595931299250,0,0,4,4,16,256,1,1,2048,1,1
"KERNEL_DISPATCH","Agent 3",1,0,2659034,1177,11,"__amd_rocclr_copyBuffer",7017,3219595931319273,3219595931324124,0,0,16,0,32,512,1,1,512,1,1
"KERNEL_DISPATCH","Agent 3",1,0,2659034,1178,11,"__amd_rocclr_copyBuffer",7021,3219595931341505,3219595931346436,0,0,16,0,32,512,1,1,512,1,1
"KERNEL_DISPATCH","Agent 3",1,0,2659034,1179,11,"__amd_rocclr_copyBuffer",7025,3219595931362594,3219595931367044,0,0,16,0,32,512,1,1,512,1,1
"KERNEL_DISPATCH","Agent 3",1,0,2659034,1180,86,"microllm::ops::hip::(anonymous namespace)::embedding_kernel(float const*, int const*, float*, long, long, long)",7029,3219595931382882,3219595931384927,0,0,16,0,32,256,1,1,256,1,1
"KERNEL_DISPATCH","Agent 3",1,0,2659034,1181,135,"microllm::ops::hip::(anonymous namespace)::rms_norm_kernel(float const*, float const*, float*, long, long, float)",7034,3219595931389585,3219595931392311,1024,0,12,4,32,256,1,1,512,1,1
"KERNEL_DISPATCH","Agent 3",1,0,2659034,1182,54,"void microllm::ops::hip::(anonymous namespace)::matmul_typed_kernel<float>(float const*, float const*, float*, long, long, long, long)",7039,3219595931399223,3219595931408564,0,0,16,0,48,256,1,1,256,1,1
"KERNEL_DISPATCH","Agent 3",1,0,2659034,1183,54,"void microllm::ops::hip::(anonymous namespace)::matmul_typed_kernel<float>(float const*, float const*, float*, long, long, long, long)",7044,3219595931408547,3219595931417167,0,0,16,0,48,256,1,1,256,1,1
"KERNEL_DISPATCH","Agent 3",1,0,2659034,1184,54,"void microllm::ops::hip::(anonymous namespace)::matmul_typed_kernel<float>(float const*, float const*, float*, long, long, long, long)",7049,3219595931417238,3219595931425817,0,0,16,0,48,256,1,1,256,1,1
"KERNEL_DISPATCH","Agent 3",1,0,2659034,1185,91,"microllm::ops::hip::(anonymous namespace)::rope_positions_kernel(float const*, int const*, float*, long, long, long, float)",7054,3219595931425912,3219595931429360,0,0,28,4,48,256,1,1,256,1,1
"KERNEL_DISPATCH","Agent 3",1,0,2659034,1186,91,"microllm::ops::hip::(anonymous namespace)::rope_positions_kernel(float const*, int const*, float*, long, long, long, float)",7059,3219595931433249,3219595931435895,0,0,28,4,48,256,1,1,256,1,1
"KERNEL_DISPATCH","Agent 3",1,0,2659034,1187,64,"void microllm::ops::hip::(anonymous namespace)::kv_cache_store_pair_positions_kernel<float>(float const*, float const*, int const*, int const*, float*, float*, long, long, long, long, long, long)",7062,3219595931440646,3219595931443092,0,0,20,4,48,256,1,1,256,1,1
"KERNEL_DISPATCH","Agent 3",1,0,2659034,1188,14,"void microllm::ops::hip::(anonymous namespace)::cached_attention_fused_positions_kernel<float>(float const*, float const*, float const*, int const*, int const*, float*, long, long, long, long, long, long, long, long, float)",7067,3219595931449763,3219595931458463,1024,0,52,4,64,256,1,1,2048,1,1
"KERNEL_DISPATCH","Agent 3",1,0,2659034,1189,54,"void microllm::ops::hip::(anonymous namespace)::matmul_typed_kernel<float>(float const*, float const*, float*, long, long, long, long)",7072,3219595931458567,3219595931467026,0,0,16,0,48,256,1,1,256,1,1
"KERNEL_DISPATCH","Agent 3",1,0,2659034,1190,50,"void microllm::ops::hip::(anonymous namespace)::add_rms_norm_kernel<256u>(float const*, float const*, float const*, float*, float*, long, long, float)",7093,3219595931505584,3219595931508711,1024,0,16,0,32,256,1,1,512,1,1
"KERNEL_DISPATCH","Agent 3",1,0,2659034,1191,54,"void microllm::ops::hip::(anonymous namespace)::matmul_typed_kernel<float>(float const*, float const*, float*, long, long, long, long)",7098,3219595931513670,3219595931523532,0,0,16,0,48,256,1,1,256,1,1
"KERNEL_DISPATCH","Agent 3",1,0,2659034,1192,54,"void microllm::ops::hip::(anonymous namespace)::matmul_typed_kernel<float>(float const*, float const*, float*, long, long, long, long)",7103,3219595931523574,3219595931532314,0,0,16,0,48,256,1,1,256,1,1
"KERNEL_DISPATCH","Agent 3",1,0,2659034,1193,70,"void microllm::ops::hip::(anonymous namespace)::swiglu_typed_kernel<float>(float const*, float const*, float*, long)",7108,3219595931532343,3219595931535791,0,0,12,4,32,256,1,1,256,1,1
"KERNEL_DISPATCH","Agent 3",1,0,2659034,1194,54,"void microllm::ops::hip::(anonymous namespace)::matmul_typed_kernel<float>(float const*, float const*, float*, long, long, long, long)",7117,3219595931555085,3219595931572164,0,0,16,0,48,256,1,1,256,1,1
"KERNEL_DISPATCH","Agent 3",1,0,2659034,1195,110,"void microllm::ops::hip::(anonymous namespace)::add_typed_kernel<float>(float const*, float const*, float*, long)",7124,3219595931589488,3219595931591934,0,0,8,0,32,256,1,1,256,1,1
"KERNEL_DISPATCH","Agent 3",1,0,2659034,1196,135,"microllm::ops::hip::(anonymous namespace)::rms_norm_kernel(float const*, float const*, float*, long, long, float)",7139,3219595931617133,3219595931619659,1024,0,12,4,32,256,1,1,512,1,1
"KERNEL_DISPATCH","Agent 3",1,0,2659034,1197,54,"void microllm::ops::hip::(anonymous namespace)::matmul_typed_kernel<float>(float const*, float const*, float*, long, long, long, long)",7144,3219595931623585,3219595931633167,0,0,16,0,48,256,1,1,256,1,1
"KERNEL_DISPATCH","Agent 3",1,0,2659034,1198,54,"void microllm::ops::hip::(anonymous namespace)::matmul_typed_kernel<float>(float const*, float const*, float*, long, long, long, long)",7149,3219595931633224,3219595931641964,0,0,16,0,48,256,1,1,256,1,1
"KERNEL_DISPATCH","Agent 3",1,0,2659034,1199,54,"void microllm::ops::hip::(anonymous namespace)::matmul_typed_kernel<float>(float const*, float const*, float*, long, long, long, long)",7154,3219595931641939,3219595931650117,0,0,16,0,48,256,1,1,256,1,1
"KERNEL_DISPATCH","Agent 3",1,0,2659034,1200,91,"microllm::ops::hip::(anonymous namespace)::rope_positions_kernel(float const*, int const*, float*, long, long, long, float)",7159,3219595931658071,3219595931660597,0,0,28,4,48,256,1,1,256,1,1
"KERNEL_DISPATCH","Agent 3",1,0,2659034,1201,91,"microllm::ops::hip::(anonymous namespace)::rope_positions_kernel(float const*, int const*, float*, long, long, long, float)",7164,3219595931665639,3219595931668365,0,0,28,4,48,256,1,1,256,1,1
"KERNEL_DISPATCH","Agent 3",1,0,2659034,1202,64,"void microllm::ops::hip::(anonymous namespace)::kv_cache_store_pair_positions_kernel<float>(float const*, float const*, int const*, int const*, float*, float*, long, long, long, long, long, long)",7167,3219595931672059,3219595931674384,0,0,20,4,48,256,1,1,256,1,1
"KERNEL_DISPATCH","Agent 3",1,0,2659034,1203,14,"void microllm::ops::hip::(anonymous namespace)::cached_attention_fused_positions_kernel<float>(float const*, float const*, float const*, int const*, int const*, float*, long, long, long, long, long, long, long, long, float)",7172,3219595931681598,3219595931688093,1024,0,52,4,64,256,1,1,2048,1,1
"KERNEL_DISPATCH","Agent 3",1,0,2659034,1204,54,"void microllm::ops::hip::(anonymous namespace)::matmul_typed_kernel<float>(float const*, float const*, float*, long, long, long, long)",7177,3219595931691229,3219595931699407,0,0,16,0,48,256,1,1,256,1,1
"KERNEL_DISPATCH","Agent 3",1,0,2659034,1205,50,"void microllm::ops::hip::(anonymous namespace)::add_rms_norm_kernel<256u>(float const*, float const*, float const*, float*, float*, long, long, float)",7198,3219595931734550,3219595931737557,1024,0,16,0,32,256,1,1,512,1,1
"KERNEL_DISPATCH","Agent 3",1,0,2659034,1206,54,"void microllm::ops::hip::(anonymous namespace)::matmul_typed_kernel<float>(float const*, float const*, float*, long, long, long, long)",7203,3219595931742332,3219595931753358,0,0,16,0,48,256,1,1,256,1,1
"KERNEL_DISPATCH","Agent 3",1,0,2659034,1207,54,"void microllm::ops::hip::(anonymous namespace)::matmul_typed_kernel<float>(float const*, float const*, float*, long, long, long, long)",7208,3219595931753333,3219595931762073,0,0,16,0,48,256,1,1,256,1,1
"KERNEL_DISPATCH","Agent 3",1,0,2659034,1208,70,"void microllm::ops::hip::(anonymous namespace)::swiglu_typed_kernel<float>(float const*, float const*, float*, long)",7213,3219595931762142,3219595931765589,0,0,12,4,32,256,1,1,256,1,1
"KERNEL_DISPATCH","Agent 3",1,0,2659034,1209,54,"void microllm::ops::hip::(anonymous namespace)::matmul_typed_kernel<float>(float const*, float const*, float*, long, long, long, long)",7222,3219595931784765,3219595931801362,0,0,16,0,48,256,1,1,256,1,1
"KERNEL_DISPATCH","Agent 3",1,0,2659034,1210,110,"void microllm::ops::hip::(anonymous namespace)::add_typed_kernel<float>(float const*, float const*, float*, long)",7229,3219595931818557,3219595931821002,0,0,8,0,32,256,1,1,256,1,1
"KERNEL_DISPATCH","Agent 3",1,0,2659034,1211,135,"microllm::ops::hip::(anonymous namespace)::rms_norm_kernel(float const*, float const*, float*, long, long, float)",7244,3219595931846135,3219595931848741,1024,0,12,4,32,256,1,1,512,1,1
"KERNEL_DISPATCH","Agent 3",1,0,2659034,1212,54,"void microllm::ops::hip::(anonymous namespace)::matmul_typed_kernel<float>(float const*, float const*, float*, long, long, long, long)",7251,3219595931865527,3219595931874789,0,0,16,0,48,256,1,1,512,1,1
"KERNEL_DISPATCH","Agent 3",1,0,2659034,1213,11,"__amd_rocclr_copyBuffer",7262,3219595931896777,3219595931898220,0,0,16,0,32,512,1,1,512,1,1
"KERNEL_DISPATCH","Agent 3",1,0,2659034,1214,11,"__amd_rocclr_copyBuffer",7264,3219595931901532,3219595931902895,0,0,16,0,32,512,1,1,512,1,1
"KERNEL_DISPATCH","Agent 3",1,0,2659034,1215,11,"__amd_rocclr_copyBuffer",7270,3219595931922121,3219595931925408,0,0,16,0,32,512,1,1,512,1,1
"KERNEL_DISPATCH","Agent 3",1,0,2659034,1216,86,"microllm::ops::hip::(anonymous namespace)::embedding_kernel(float const*, int const*, float*, long, long, long)",7274,3219595931940798,3219595931942643,0,0,16,0,32,256,1,1,256,1,1
"KERNEL_DISPATCH","Agent 3",1,0,2659034,1217,135,"microllm::ops::hip::(anonymous namespace)::rms_norm_kernel(float const*, float const*, float*, long, long, float)",7279,3219595931949435,3219595931952161,1024,0,12,4,32,256,1,1,1024,1,1
"KERNEL_DISPATCH","Agent 3",1,0,2659034,1218,54,"void microllm::ops::hip::(anonymous namespace)::matmul_typed_kernel<float>(float const*, float const*, float*, long, long, long, long)",7284,3219595931957150,3219595931966612,0,0,16,0,48,256,1,1,256,1,1
"KERNEL_DISPATCH","Agent 3",1,0,2659034,1219,54,"void microllm::ops::hip::(anonymous namespace)::matmul_typed_kernel<float>(float const*, float const*, float*, long, long, long, long)",7289,3219595931966685,3219595931975585,0,0,16,0,48,256,1,1,256,1,1
"KERNEL_DISPATCH","Agent 3",1,0,2659034,1220,54,"void microllm::ops::hip::(anonymous namespace)::matmul_typed_kernel<float>(float const*, float const*, float*, long, long, long, long)",7294,3219595931975641,3219595931984020,0,0,16,0,48,256,1,1,256,1,1
"KERNEL_DISPATCH","Agent 3",1,0,2659034,1221,138,"microllm::runtime::detail::(anonymous namespace)::strided_copy_kernel(std::byte*, std::byte const*, unsigned long, long, microllm::runtime::detail::(anonymous namespace)::Layout)",7299,3219595931989864,3219595931993352,0,0,20,4,48,256,1,1,256,1,1
"KERNEL_DISPATCH","Agent 3",1,0,2659034,1222,138,"microllm::runtime::detail::(anonymous namespace)::strided_copy_kernel(std::byte*, std::byte const*, unsigned long, long, microllm::runtime::detail::(anonymous namespace)::Layout)",7304,3219595931992594,3219595931995801,0,0,20,4,48,256,1,1,256,1,1
"KERNEL_DISPATCH","Agent 3",1,0,2659034,1223,138,"microllm::runtime::detail::(anonymous namespace)::strided_copy_kernel(std::byte*, std::byte const*, unsigned long, long, microllm::runtime::detail::(anonymous namespace)::Layout)",7309,3219595932002527,3219595932005934,0,0,20,4,48,256,1,1,256,1,1
"KERNEL_DISPATCH","Agent 3",1,0,2659034,1224,93,"microllm::ops::hip::(anonymous namespace)::rope_kernel(float const*, float*, long, long, long, long, long, float)",7314,3219595932022978,3219595932026386,0,0,28,4,48,256,1,1,256,1,1
"KERNEL_DISPATCH","Agent 3",1,0,2659034,1225,93,"microllm::ops::hip::(anonymous namespace)::rope_kernel(float const*, float*, long, long, long, long, long, float)",7321,3219595932049380,3219595932052146,0,0,28,4,48,256,1,1,256,1,1
"KERNEL_DISPATCH","Agent 3",1,0,2659034,1226,11,"__amd_rocclr_copyBuffer",7328,3219595932070487,3219595932071850,0,0,16,0,32,512,1,1,512,1,1
"KERNEL_DISPATCH","Agent 3",1,0,2659034,1227,11,"__amd_rocclr_copyBuffer",7330,3219595932075325,3219595932076408,0,0,16,0,32,512,1,1,512,1,1
"KERNEL_DISPATCH","Agent 3",1,0,2659034,1228,11,"__amd_rocclr_copyBuffer",7334,3219595932083686,3219595932085450,0,0,16,0,32,512,1,1,512,1,1
"KERNEL_DISPATCH","Agent 3",1,0,2659034,1229,11,"__amd_rocclr_copyBuffer",7336,3219595932088800,3219595932089682,0,0,16,0,32,512,1,1,512,1,1
"KERNEL_DISPATCH","Agent 3",1,0,2659034,1230,109,"microllm::ops::hip::(anonymous namespace)::causal_gqa_attention_kernel(float const*, float const*, float const*, float*, float*, long, long, long, long, long, long, float)",7340,3219595932096845,3219595932102939,1024,0,24,0,64,256,1,1,4096,1,1
"KERNEL_DISPATCH","Agent 3",1,0,2659034,1231,138,"microllm::runtime::detail::(anonymous namespace)::strided_copy_kernel(std::byte*, std::byte const*, unsigned long, long, microllm::runtime::detail::(anonymous namespace)::Layout)",7345,3219595932106149,3219595932108073,0,0,20,4,48,256,1,1,256,1,1
"KERNEL_DISPATCH","Agent 3",1,0,2659034,1232,54,"void microllm::ops::hip::(anonymous namespace)::matmul_typed_kernel<float>(float const*, float const*, float*, long, long, long, long)",7352,3219595932140744,3219595932150045,0,0,16,0,48,256,1,1,256,1,1
"KERNEL_DISPATCH","Agent 3",1,0,2659034,1233,110,"void microllm::ops::hip::(anonymous namespace)::add_typed_kernel<float>(float const*, float const*, float*, long)",7371,3219595932202786,3219595932205552,0,0,8,0,32,256,1,1,256,1,1
"KERNEL_DISPATCH","Agent 3",1,0,2659034,1234,135,"microllm::ops::hip::(anonymous namespace)::rms_norm_kernel(float const*, float const*, float*, long, long, float)",7380,3219595932225351,3219595932228118,1024,0,12,4,32,256,1,1,1024,1,1
"KERNEL_DISPATCH","Agent 3",1,0,2659034,1235,54,"void microllm::ops::hip::(anonymous namespace)::matmul_typed_kernel<float>(float const*, float const*, float*, long, long, long, long)",7385,3219595932232977,3219595932242679,0,0,16,0,48,256,1,1,512,1,1
"KERNEL_DISPATCH","Agent 3",1,0,2659034,1236,54,"void microllm::ops::hip::(anonymous namespace)::matmul_typed_kernel<float>(float const*, float const*, float*, long, long, long, long)",7390,3219595932242561,3219595932251341,0,0,16,0,48,256,1,1,512,1,1
"KERNEL_DISPATCH","Agent 3",1,0,2659034,1237,70,"void microllm::ops::hip::(anonymous namespace)::swiglu_typed_kernel<float>(float const*, float const*, float*, long)",7395,3219595932251394,3219595932254762,0,0,12,4,32,256,1,1,512,1,1
"KERNEL_DISPATCH","Agent 3",1,0,2659034,1238,54,"void microllm::ops::hip::(anonymous namespace)::matmul_typed_kernel<float>(float const*, float const*, float*, long, long, long, long)",7404,3219595932274583,3219595932291020,0,0,16,0,48,256,1,1,256,1,1
"KERNEL_DISPATCH","Agent 3",1,0,2659034,1239,110,"void microllm::ops::hip::(anonymous namespace)::add_typed_kernel<float>(float const*, float const*, float*, long)",7411,3219595932307682,3219595932310288,0,0,8,0,32,256,1,1,256,1,1
"KERNEL_DISPATCH","Agent 3",1,0,2659034,1240,135,"microllm::ops::hip::(anonymous namespace)::rms_norm_kernel(float const*, float const*, float*, long, long, float)",7424,3219595932333653,3219595932336580,1024,0,12,4,32,256,1,1,1024,1,1
"KERNEL_DISPATCH","Agent 3",1,0,2659034,1241,54,"void microllm::ops::hip::(anonymous namespace)::matmul_typed_kernel<float>(float const*, float const*, float*, long, long, long, long)",7429,3219595932341151,3219595932350653,0,0,16,0,48,256,1,1,256,1,1
"KERNEL_DISPATCH","Agent 3",1,0,2659034,1242,54,"void microllm::ops::hip::(anonymous namespace)::matmul_typed_kernel<float>(float const*, float const*, float*, long, long, long, long)",7434,3219595932350868,3219595932359287,0,0,16,0,48,256,1,1,256,1,1
"KERNEL_DISPATCH","Agent 3",1,0,2659034,1243,54,"void microllm::ops::hip::(anonymous namespace)::matmul_typed_kernel<float>(float const*, float const*, float*, long, long, long, long)",7439,3219595932359174,3219595932367994,0,0,16,0,48,256,1,1,256,1,1
"KERNEL_DISPATCH","Agent 3",1,0,2659034,1244,138,"microllm::runtime::detail::(anonymous namespace)::strided_copy_kernel(std::byte*, std::byte const*, unsigned long, long, microllm::runtime::detail::(anonymous namespace)::Layout)",7444,3219595932368029,3219595932372881,0,0,20,4,48,256,1,1,256,1,1
"KERNEL_DISPATCH","Agent 3",1,0,2659034,1245,138,"microllm::runtime::detail::(anonymous namespace)::strided_copy_kernel(std::byte*, std::byte const*, unsigned long, long, microllm::runtime::detail::(anonymous namespace)::Layout)",7449,3219595932372890,3219595932376337,0,0,20,4,48,256,1,1,256,1,1
"KERNEL_DISPATCH","Agent 3",1,0,2659034,1246,138,"microllm::runtime::detail::(anonymous namespace)::strided_copy_kernel(std::byte*, std::byte const*, unsigned long, long, microllm::runtime::detail::(anonymous namespace)::Layout)",7454,3219595932383260,3219595932385987,0,0,20,4,48,256,1,1,256,1,1
"KERNEL_DISPATCH","Agent 3",1,0,2659034,1247,93,"microllm::ops::hip::(anonymous namespace)::rope_kernel(float const*, float*, long, long, long, long, long, float)",7459,3219595932390500,3219595932393667,0,0,28,4,48,256,1,1,256,1,1
"KERNEL_DISPATCH","Agent 3",1,0,2659034,1248,93,"microllm::ops::hip::(anonymous namespace)::rope_kernel(float const*, float*, long, long, long, long, long, float)",7466,3219595932414948,3219595932417674,0,0,28,4,48,256,1,1,256,1,1
"KERNEL_DISPATCH","Agent 3",1,0,2659034,1249,11,"__amd_rocclr_copyBuffer",7473,3219595932435206,3219595932436569,0,0,16,0,32,512,1,1,512,1,1
"KERNEL_DISPATCH","Agent 3",1,0,2659034,1250,11,"__amd_rocclr_copyBuffer",7475,3219595932440049,3219595932441011,0,0,16,0,32,512,1,1,512,1,1
"KERNEL_DISPATCH","Agent 3",1,0,2659034,1251,11,"__amd_rocclr_copyBuffer",7479,3219595932446498,3219595932448062,0,0,16,0,32,512,1,1,512,1,1
"KERNEL_DISPATCH","Agent 3",1,0,2659034,1252,11,"__amd_rocclr_copyBuffer",7481,3219595932451759,3219595932452922,0,0,16,0,32,512,1,1,512,1,1
"KERNEL_DISPATCH","Agent 3",1,0,2659034,1253,109,"microllm::ops::hip::(anonymous namespace)::causal_gqa_attention_kernel(float const*, float const*, float const*, float*, float*, long, long, long, long, long, long, float)",7485,3219595932460895,3219595932466629,1024,0,24,0,64,256,1,1,4096,1,1
"KERNEL_DISPATCH","Agent 3",1,0,2659034,1254,138,"microllm::runtime::detail::(anonymous namespace)::strided_copy_kernel(std::byte*, std::byte const*, unsigned long, long, microllm::runtime::detail::(anonymous namespace)::Layout)",7490,3219595932469879,3219595932471724,0,0,20,4,48,256,1,1,256,1,1
"KERNEL_DISPATCH","Agent 3",1,0,2659034,1255,54,"void microllm::ops::hip::(anonymous namespace)::matmul_typed_kernel<float>(float const*, float const*, float*, long, long, long, long)",7497,3219595932488737,3219595932498359,0,0,16,0,48,256,1,1,256,1,1
"KERNEL_DISPATCH","Agent 3",1,0,2659034,1256,110,"void microllm::ops::hip::(anonymous namespace)::add_typed_kernel<float>(float const*, float const*, float*, long)",7516,3219595932526817,3219595932529182,0,0,8,0,32,256,1,1,256,1,1
"KERNEL_DISPATCH","Agent 3",1,0,2659034,1257,135,"microllm::ops::hip::(anonymous namespace)::rms_norm_kernel(float const*, float const*, float*, long, long, float)",7525,3219595932548047,3219595932550453,1024,0,12,4,32,256,1,1,1024,1,1
"KERNEL_DISPATCH","Agent 3",1,0,2659034,1258,54,"void microllm::ops::hip::(anonymous namespace)::matmul_typed_kernel<float>(float const*, float const*, float*, long, long, long, long)",7530,3219595932554929,3219595932564551,0,0,16,0,48,256,1,1,512,1,1
"KERNEL_DISPATCH","Agent 3",1,0,2659034,1259,54,"void microllm::ops::hip::(anonymous namespace)::matmul_typed_kernel<float>(float const*, float const*, float*, long, long, long, long)",7535,3219595932564668,3219595932573729,0,0,16,0,48,256,1,1,512,1,1
"KERNEL_DISPATCH","Agent 3",1,0,2659034,1260,70,"void microllm::ops::hip::(anonymous namespace)::swiglu_typed_kernel<float>(float const*, float const*, float*, long)",7540,3219595932573806,3219595932577174,0,0,12,4,32,256,1,1,512,1,1
"KERNEL_DISPATCH","Agent 3",1,0,2659034,1261,54,"void microllm::ops::hip::(anonymous namespace)::matmul_typed_kernel<float>(float const*, float const*, float*, long, long, long, long)",7549,3219595932596094,3219595932613093,0,0,16,0,48,256,1,1,256,1,1
"KERNEL_DISPATCH","Agent 3",1,0,2659034,1262,110,"void microllm::ops::hip::(anonymous namespace)::add_typed_kernel<float>(float const*, float const*, float*, long)",7556,3219595932630025,3219595932632510,0,0,8,0,32,256,1,1,256,1,1
"KERNEL_DISPATCH","Agent 3",1,0,2659034,1263,135,"microllm::ops::hip::(anonymous namespace)::rms_norm_kernel(float const*, float const*, float*, long, long, float)",7569,3219595932654901,3219595932657467,1024,0,12,4,32,256,1,1,1024,1,1
"KERNEL_DISPATCH","Agent 3",1,0,2659034,1264,54,"void microllm::ops::hip::(anonymous namespace)::matmul_typed_kernel<float>(float const*, float const*, float*, long, long, long, long)",7576,3219595932683375,3219595932692716,0,0,16,0,48,256,1,1,256,1,1
"KERNEL_DISPATCH","Agent 3",1,0,2659034,1265,11,"__amd_rocclr_copyBuffer",7583,3219595932710229,3219595932711713,0,0,16,0,32,512,1,1,512,1,1
"KERNEL_DISPATCH","Agent 3",1,0,2659034,1266,11,"__amd_rocclr_copyBuffer",7585,3219595932715089,3219595932716252,0,0,16,0,32,512,1,1,512,1,1
"KERNEL_DISPATCH","Agent 3",1,0,2659034,1267,11,"__amd_rocclr_copyBuffer",7587,3219595932719676,3219595932721119,0,0,16,0,32,512,1,1,512,1,1
"KERNEL_DISPATCH","Agent 3",1,0,2659034,1268,11,"__amd_rocclr_copyBuffer",7589,3219595932725294,3219595932726737,0,0,16,0,32,512,1,1,512,1,1
"KERNEL_DISPATCH","Agent 3",1,0,2659034,1269,11,"__amd_rocclr_copyBuffer",7591,3219595932730688,3219595932732252,0,0,16,0,32,512,1,1,512,1,1
"KERNEL_DISPATCH","Agent 3",1,0,2659034,1270,11,"__amd_rocclr_copyBuffer",7593,3219595932735889,3219595932737092,0,0,16,0,32,512,1,1,512,1,1
"KERNEL_DISPATCH","Agent 3",1,0,2659034,1271,11,"__amd_rocclr_copyBuffer",7595,3219595932741003,3219595932742566,0,0,16,0,32,512,1,1,512,1,1
"KERNEL_DISPATCH","Agent 3",1,0,2659034,1272,11,"__amd_rocclr_copyBuffer",7597,3219595932747253,3219595932750059,0,0,16,0,32,512,1,1,512,1,1
"KERNEL_DISPATCH","Agent 3",1,0,2659034,1273,11,"__amd_rocclr_copyBuffer",7607,3219595932774961,3219595932777286,0,0,16,0,32,512,1,1,512,1,1
"KERNEL_DISPATCH","Agent 3",1,0,2659034,1274,11,"__amd_rocclr_copyBuffer",7613,3219595932796791,3219595932800399,0,0,16,0,32,512,1,1,512,1,1
"KERNEL_DISPATCH","Agent 3",1,0,2659034,1275,86,"microllm::ops::hip::(anonymous namespace)::embedding_kernel(float const*, int const*, float*, long, long, long)",7617,3219595932815606,3219595932817932,0,0,16,0,32,256,1,1,512,1,1
"KERNEL_DISPATCH","Agent 3",1,0,2659034,1276,135,"microllm::ops::hip::(anonymous namespace)::rms_norm_kernel(float const*, float const*, float*, long, long, float)",7622,3219595932822644,3219595932825371,1024,0,12,4,32,256,1,1,2048,1,1
"KERNEL_DISPATCH","Agent 3",1,0,2659034,1277,54,"void microllm::ops::hip::(anonymous namespace)::matmul_typed_kernel<float>(float const*, float const*, float*, long, long, long, long)",7627,3219595932832249,3219595932842032,0,0,16,0,48,256,1,1,512,1,1
"KERNEL_DISPATCH","Agent 3",1,0,2659034,1278,54,"void microllm::ops::hip::(anonymous namespace)::matmul_typed_kernel<float>(float const*, float const*, float*, long, long, long, long)",7632,3219595932842084,3219595932851265,0,0,16,0,48,256,1,1,256,1,1
"KERNEL_DISPATCH","Agent 3",1,0,2659034,1279,54,"void microllm::ops::hip::(anonymous namespace)::matmul_typed_kernel<float>(float const*, float const*, float*, long, long, long, long)",7637,3219595932851267,3219595932860087,0,0,16,0,48,256,1,1,256,1,1
"KERNEL_DISPATCH","Agent 3",1,0,2659034,1280,138,"microllm::runtime::detail::(anonymous namespace)::strided_copy_kernel(std::byte*, std::byte const*, unsigned long, long, microllm::runtime::detail::(anonymous namespace)::Layout)",7642,3219595932860113,3219595932864964,0,0,20,4,48,256,1,1,512,1,1
"KERNEL_DISPATCH","Agent 3",1,0,2659034,1281,138,"microllm::runtime::detail::(anonymous namespace)::strided_copy_kernel(std::byte*, std::byte const*, unsigned long, long, microllm::runtime::detail::(anonymous namespace)::Layout)",7647,3219595932864986,3219595932868434,0,0,20,4,48,256,1,1,256,1,1
"KERNEL_DISPATCH","Agent 3",1,0,2659034,1282,138,"microllm::runtime::detail::(anonymous namespace)::strided_copy_kernel(std::byte*, std::byte const*, unsigned long, long, microllm::runtime::detail::(anonymous namespace)::Layout)",7652,3219595932873619,3219595932877107,0,0,20,4,48,256,1,1,256,1,1
"KERNEL_DISPATCH","Agent 3",1,0,2659034,1283,93,"microllm::ops::hip::(anonymous namespace)::rope_kernel(float const*, float*, long, long, long, long, long, float)",7657,3219595932881661,3219595932885751,0,0,28,4,48,256,1,1,256,1,1
"KERNEL_DISPATCH","Agent 3",1,0,2659034,1284,93,"microllm::ops::hip::(anonymous namespace)::rope_kernel(float const*, float*, long, long, long, long, long, float)",7664,3219595932907698,3219595932910344,0,0,28,4,48,256,1,1,256,1,1
"KERNEL_DISPATCH","Agent 3",1,0,2659034,1285,11,"__amd_rocclr_copyBuffer",7671,3219595932928087,3219595932929491,0,0,16,0,32,512,1,1,512,1,1
"KERNEL_DISPATCH","Agent 3",1,0,2659034,1286,11,"__amd_rocclr_copyBuffer",7673,3219595932933147,3219595932934310,0,0,16,0,32,512,1,1,512,1,1
"KERNEL_DISPATCH","Agent 3",1,0,2659034,1287,11,"__amd_rocclr_copyBuffer",7677,3219595932942064,3219595932943828,0,0,16,0,32,512,1,1,512,1,1
"KERNEL_DISPATCH","Agent 3",1,0,2659034,1288,11,"__amd_rocclr_copyBuffer",7679,3219595932947222,3219595932947904,0,0,16,0,32,512,1,1,512,1,1
"KERNEL_DISPATCH","Agent 3",1,0,2659034,1289,109,"microllm::ops::hip::(anonymous namespace)::causal_gqa_attention_kernel(float const*, float const*, float const*, float*, float*, long, long, long, long, long, long, float)",7683,3219595932955574,3219595932963272,1024,0,24,0,64,256,1,1,8192,1,1
"KERNEL_DISPATCH","Agent 3",1,0,2659034,1290,138,"microllm::runtime::detail::(anonymous namespace)::strided_copy_kernel(std::byte*, std::byte const*, unsigned long, long, microllm::runtime::detail::(anonymous namespace)::Layout)",7688,3219595932963313,3219595932966801,0,0,20,4,48,256,1,1,512,1,1
"KERNEL_DISPATCH","Agent 3",1,0,2659034,1291,54,"void microllm::ops::hip::(anonymous namespace)::matmul_typed_kernel<float>(float const*, float const*, float*, long, long, long, long)",7695,3219595932984568,3219595932993709,0,0,16,0,48,256,1,1,512,1,1
"KERNEL_DISPATCH","Agent 3",1,0,2659034,1292,110,"void microllm::ops::hip::(anonymous namespace)::add_typed_kernel<float>(float const*, float const*, float*, long)",7714,3219595933028388,3219595933030753,0,0,8,0,32,256,1,1,512,1,1
"KERNEL_DISPATCH","Agent 3",1,0,2659034,1293,135,"microllm::ops::hip::(anonymous namespace)::rms_norm_kernel(float const*, float const*, float*, long, long, float)",7723,3219595933062329,3219595933065056,1024,0,12,4,32,256,1,1,2048,1,1
"KERNEL_DISPATCH","Agent 3",1,0,2659034,1294,54,"void microllm::ops::hip::(anonymous namespace)::matmul_typed_kernel<float>(float const*, float const*, float*, long, long, long, long)",7728,3219595933080628,3219595933090170,0,0,16,0,48,256,1,1,1024,1,1
"KERNEL_DISPATCH","Agent 3",1,0,2659034,1295,54,"void microllm::ops::hip::(anonymous namespace)::matmul_typed_kernel<float>(float const*, float const*, float*, long, long, long, long)",7733,3219595933090236,3219595933098776,0,0,16,0,48,256,1,1,1024,1,1
"KERNEL_DISPATCH","Agent 3",1,0,2659034,1296,70,"void microllm::ops::hip::(anonymous namespace)::swiglu_typed_kernel<float>(float const*, float const*, float*, long)",7738,3219595933107609,3219595933110616,0,0,12,4,32,256,1,1,1024,1,1
"KERNEL_DISPATCH","Agent 3",1,0,2659034,1297,54,"void microllm::ops::hip::(anonymous namespace)::matmul_typed_kernel<float>(float const*, float const*, float*, long, long, long, long)",7747,3219595933132730,3219595933149448,0,0,16,0,48,256,1,1,512,1,1
"KERNEL_DISPATCH","Agent 3",1,0,2659034,1298,110,"void microllm::ops::hip::(anonymous namespace)::add_typed_kernel<float>(float const*, float const*, float*, long)",7754,3219595933167109,3219595933169635,0,0,8,0,32,256,1,1,512,1,1
"KERNEL_DISPATCH","Agent 3",1,0,2659034,1299,135,"microllm::ops::hip::(anonymous namespace)::rms_norm_kernel(float const*, float const*, float*, long, long, float)",7767,3219595933192690,3219595933195256,1024,0,12,4,32,256,1,1,2048,1,1
"KERNEL_DISPATCH","Agent 3",1,0,2659034,1300,54,"void microllm::ops::hip::(anonymous namespace)::matmul_typed_kernel<float>(float const*, float const*, float*, long, long, long, long)",7772,3219595933203350,3219595933213614,0,0,16,0,48,256,1,1,512,1,1
"KERNEL_DISPATCH","Agent 3",1,0,2659034,1301,54,"void microllm::ops::hip::(anonymous namespace)::matmul_typed_kernel<float>(float const*, float const*, float*, long, long, long, long)",7777,3219595933213436,3219595933222095,0,0,16,0,48,256,1,1,256,1,1
"KERNEL_DISPATCH","Agent 3",1,0,2659034,1302,54,"void microllm::ops::hip::(anonymous namespace)::matmul_typed_kernel<float>(float const*, float const*, float*, long, long, long, long)",7782,3219595933225443,3219595933234263,0,0,16,0,48,256,1,1,256,1,1
"KERNEL_DISPATCH","Agent 3",1,0,2659034,1303,138,"microllm::runtime::detail::(anonymous namespace)::strided_copy_kernel(std::byte*, std::byte const*, unsigned long, long, microllm::runtime::detail::(anonymous namespace)::Layout)",7787,3219595933317473,3219595933320560,0,0,20,4,48,256,1,1,512,1,1
"KERNEL_DISPATCH","Agent 3",1,0,2659034,1304,138,"microllm::runtime::detail::(anonymous namespace)::strided_copy_kernel(std::byte*, std::byte const*, unsigned long, long, microllm::runtime::detail::(anonymous namespace)::Layout)",7792,3219595933327258,3219595933330386,0,0,20,4,48,256,1,1,256,1,1
"KERNEL_DISPATCH","Agent 3",1,0,2659034,1305,138,"microllm::runtime::detail::(anonymous namespace)::strided_copy_kernel(std::byte*, std::byte const*, unsigned long, long, microllm::runtime::detail::(anonymous namespace)::Layout)",7797,3219595933335660,3219595933338667,0,0,20,4,48,256,1,1,256,1,1
"KERNEL_DISPATCH","Agent 3",1,0,2659034,1306,93,"microllm::ops::hip::(anonymous namespace)::rope_kernel(float const*, float*, long, long, long, long, long, float)",7802,3219595933343817,3219595933347425,0,0,28,4,48,256,1,1,256,1,1
"KERNEL_DISPATCH","Agent 3",1,0,2659034,1307,93,"microllm::ops::hip::(anonymous namespace)::rope_kernel(float const*, float*, long, long, long, long, long, float)",7809,3219595933369730,3219595933372456,0,0,28,4,48,256,1,1,256,1,1
"KERNEL_DISPATCH","Agent 3",1,0,2659034,1308,11,"__amd_rocclr_copyBuffer",7816,3219595933390310,3219595933391873,0,0,16,0,32,512,1,1,512,1,1
"KERNEL_DISPATCH","Agent 3",1,0,2659034,1309,11,"__amd_rocclr_copyBuffer",7818,3219595933395201,3219595933396203,0,0,16,0,32,512,1,1,512,1,1
"KERNEL_DISPATCH","Agent 3",1,0,2659034,1310,11,"__amd_rocclr_copyBuffer",7822,3219595933403369,3219595933404732,0,0,16,0,32,512,1,1,512,1,1
"KERNEL_DISPATCH","Agent 3",1,0,2659034,1311,11,"__amd_rocclr_copyBuffer",7824,3219595933408133,3219595933408855,0,0,16,0,32,512,1,1,512,1,1
"KERNEL_DISPATCH","Agent 3",1,0,2659034,1312,109,"microllm::ops::hip::(anonymous namespace)::causal_gqa_attention_kernel(float const*, float const*, float const*, float*, float*, long, long, long, long, long, long, float)",7828,3219595933415609,3219595933421743,1024,0,24,0,64,256,1,1,8192,1,1
"KERNEL_DISPATCH","Agent 3",1,0,2659034,1313,138,"microllm::runtime::detail::(anonymous namespace)::strided_copy_kernel(std::byte*, std::byte const*, unsigned long, long, microllm::runtime::detail::(anonymous namespace)::Layout)",7833,3219595933426420,3219595933429547,0,0,20,4,48,256,1,1,512,1,1
"KERNEL_DISPATCH","Agent 3",1,0,2659034,1314,54,"void microllm::ops::hip::(anonymous namespace)::matmul_typed_kernel<float>(float const*, float const*, float*, long, long, long, long)",7840,3219595933446924,3219595933456425,0,0,16,0,48,256,1,1,512,1,1
"KERNEL_DISPATCH","Agent 3",1,0,2659034,1315,110,"void microllm::ops::hip::(anonymous namespace)::add_typed_kernel<float>(float const*, float const*, float*, long)",7859,3219595933484719,3219595933487125,0,0,8,0,32,256,1,1,512,1,1
"KERNEL_DISPATCH","Agent 3",1,0,2659034,1316,135,"microllm::ops::hip::(anonymous namespace)::rms_norm_kernel(float const*, float const*, float*, long, long, float)",7868,3219595933506472,3219595933509158,1024,0,12,4,32,256,1,1,2048,1,1
"KERNEL_DISPATCH","Agent 3",1,0,2659034,1317,54,"void microllm::ops::hip::(anonymous namespace)::matmul_typed_kernel<float>(float const*, float const*, float*, long, long, long, long)",7873,3219595933513909,3219595933523331,0,0,16,0,48,256,1,1,1024,1,1
"KERNEL_DISPATCH","Agent 3",1,0,2659034,1318,54,"void microllm::ops::hip::(anonymous namespace)::matmul_typed_kernel<float>(float const*, float const*, float*, long, long, long, long)",7878,3219595933523194,3219595933532455,0,0,16,0,48,256,1,1,1024,1,1
"KERNEL_DISPATCH","Agent 3",1,0,2659034,1319,70,"void microllm::ops::hip::(anonymous namespace)::swiglu_typed_kernel<float>(float const*, float const*, float*, long)",7883,3219595933532477,3219595933535965,0,0,12,4,32,256,1,1,1024,1,1
"KERNEL_DISPATCH","Agent 3",1,0,2659034,1320,54,"void microllm::ops::hip::(anonymous namespace)::matmul_typed_kernel<float>(float const*, float const*, float*, long, long, long, long)",7892,3219595933555335,3219595933571652,0,0,16,0,48,256,1,1,512,1,1
"KERNEL_DISPATCH","Agent 3",1,0,2659034,1321,110,"void microllm::ops::hip::(anonymous namespace)::add_typed_kernel<float>(float const*, float const*, float*, long)",7899,3219595933588124,3219595933591091,0,0,8,0,32,256,1,1,512,1,1
"KERNEL_DISPATCH","Agent 3",1,0,2659034,1322,135,"microllm::ops::hip::(anonymous namespace)::rms_norm_kernel(float const*, float const*, float*, long, long, float)",7912,3219595933614026,3219595933616753,1024,0,12,4,32,256,1,1,2048,1,1
"KERNEL_DISPATCH","Agent 3",1,0,2659034,1323,54,"void microllm::ops::hip::(anonymous namespace)::matmul_typed_kernel<float>(float const*, float const*, float*, long, long, long, long)",7919,3219595933634189,3219595933643090,0,0,16,0,48,256,1,1,256,1,1
"KERNEL_DISPATCH","Agent 3",1,0,2659034,1324,11,"__amd_rocclr_copyBuffer",7926,3219595933660627,3219595933662190,0,0,16,0,32,512,1,1,512,1,1
"KERNEL_DISPATCH","Agent 3",1,0,2659034,1325,11,"__amd_rocclr_copyBuffer",7928,3219595933665555,3219595933666357,0,0,16,0,32,512,1,1,512,1,1
"KERNEL_DISPATCH","Agent 3",1,0,2659034,1326,11,"__amd_rocclr_copyBuffer",7930,3219595933669905,3219595933671188,0,0,16,0,32,512,1,1,512,1,1
"KERNEL_DISPATCH","Agent 3",1,0,2659034,1327,11,"__amd_rocclr_copyBuffer",7932,3219595933674734,3219595933675937,0,0,16,0,32,512,1,1,512,1,1
"KERNEL_DISPATCH","Agent 3",1,0,2659034,1328,11,"__amd_rocclr_copyBuffer",7934,3219595933688979,3219595933690422,0,0,16,0,32,512,1,1,512,1,1
"KERNEL_DISPATCH","Agent 3",1,0,2659034,1329,11,"__amd_rocclr_copyBuffer",7936,3219595933693708,3219595933694790,0,0,16,0,32,512,1,1,512,1,1
"KERNEL_DISPATCH","Agent 3",1,0,2659034,1330,11,"__amd_rocclr_copyBuffer",7938,3219595933698281,3219595933699444,0,0,16,0,32,512,1,1,512,1,1
"KERNEL_DISPATCH","Agent 3",1,0,2659034,1331,11,"__amd_rocclr_copyBuffer",7940,3219595933702959,3219595933705043,0,0,16,0,32,512,1,1,512,1,1
"KERNEL_DISPATCH","Agent 3",1,0,2659034,1332,11,"__amd_rocclr_copyBuffer",7950,3219595933730186,3219595933731950,0,0,16,0,32,512,1,1,512,1,1
"KERNEL_DISPATCH","Agent 3",1,0,2659034,1333,67,"microllm::ops::hip::(anonymous namespace)::argmax_last_dim_kernel(float const*, int*, long, long)",7956,3219595933749485,3219595933753013,4096,0,12,4,32,256,1,1,1024,1,1
"KERNEL_DISPATCH","Agent 3",1,0,2659034,1334,11,"__amd_rocclr_copyBuffer",7959,3219595933757188,3219595933758390,0,0,16,0,32,512,1,1,512,1,1
"KERNEL_DISPATCH","Agent 3",1,0,2659034,1335,100,"void microllm::ops::hip::(anonymous namespace)::fill_typed_kernel<float>(float*, long, float)",7963,3219595933781216,3219595933782659,0,0,4,4,16,256,1,1,2048,1,1
"KERNEL_DISPATCH","Agent 3",1,0,2659034,1336,100,"void microllm::ops::hip::(anonymous namespace)::fill_typed_kernel<float>(float*, long, float)",7966,3219595933786511,3219595933788114,0,0,4,4,16,256,1,1,2048,1,1
"KERNEL_DISPATCH","Agent 3",1,0,2659034,1337,100,"void microllm::ops::hip::(anonymous namespace)::fill_typed_kernel<float>(float*, long, float)",7969,3219595933792261,3219595933793744,0,0,4,4,16,256,1,1,2048,1,1
"KERNEL_DISPATCH","Agent 3",1,0,2659034,1338,100,"void microllm::ops::hip::(anonymous namespace)::fill_typed_kernel<float>(float*, long, float)",7972,3219595933797250,3219595933798814,0,0,4,4,16,256,1,1,2048,1,1
"KERNEL_DISPATCH","Agent 3",1,0,2659034,1339,11,"__amd_rocclr_copyBuffer",7977,3219595933818038,3219595933822809,0,0,16,0,32,512,1,1,512,1,1
"KERNEL_DISPATCH","Agent 3",1,0,2659034,1340,11,"__amd_rocclr_copyBuffer",7981,3219595933870356,3219595933875327,0,0,16,0,32,512,1,1,512,1,1
"KERNEL_DISPATCH","Agent 3",1,0,2659034,1341,11,"__amd_rocclr_copyBuffer",7985,3219595933891702,3219595933896553,0,0,16,0,32,512,1,1,512,1,1
"KERNEL_DISPATCH","Agent 3",1,0,2659034,1342,86,"microllm::ops::hip::(anonymous namespace)::embedding_kernel(float const*, int const*, float*, long, long, long)",7989,3219595933911815,3219595933914140,0,0,16,0,32,256,1,1,256,1,1
"KERNEL_DISPATCH","Agent 3",1,0,2659034,1343,135,"microllm::ops::hip::(anonymous namespace)::rms_norm_kernel(float const*, float const*, float*, long, long, float)",7994,3219595933918875,3219595933921641,1024,0,12,4,32,256,1,1,768,1,1
"KERNEL_DISPATCH","Agent 3",1,0,2659034,1344,54,"void microllm::ops::hip::(anonymous namespace)::matmul_typed_kernel<float>(float const*, float const*, float*, long, long, long, long)",7999,3219595933928987,3219595933939050,0,0,16,0,48,256,1,1,256,1,1
"KERNEL_DISPATCH","Agent 3",1,0,2659034,1345,54,"void microllm::ops::hip::(anonymous namespace)::matmul_typed_kernel<float>(float const*, float const*, float*, long, long, long, long)",8004,3219595933939093,3219595933948354,0,0,16,0,48,256,1,1,256,1,1
"KERNEL_DISPATCH","Agent 3",1,0,2659034,1346,54,"void microllm::ops::hip::(anonymous namespace)::matmul_typed_kernel<float>(float const*, float const*, float*, long, long, long, long)",8009,3219595933948303,3219595933958807,0,0,16,0,48,256,1,1,256,1,1
"KERNEL_DISPATCH","Agent 3",1,0,2659034,1347,91,"microllm::ops::hip::(anonymous namespace)::rope_positions_kernel(float const*, int const*, float*, long, long, long, float)",8014,3219595933958812,3219595933962260,0,0,28,4,48,256,1,1,256,1,1
"KERNEL_DISPATCH","Agent 3",1,0,2659034,1348,91,"microllm::ops::hip::(anonymous namespace)::rope_positions_kernel(float const*, int const*, float*, long, long, long, float)",8019,3219595933965694,3219595933968340,0,0,28,4,48,256,1,1,256,1,1
"KERNEL_DISPATCH","Agent 3",1,0,2659034,1349,64,"void microllm::ops::hip::(anonymous namespace)::kv_cache_store_pair_positions_kernel<float>(float const*, float const*, int const*, int const*, float*, float*, long, long, long, long, long, long)",8022,3219595933973935,3219595933976662,0,0,20,4,48,256,1,1,256,1,1
"KERNEL_DISPATCH","Agent 3",1,0,2659034,1350,14,"void microllm::ops::hip::(anonymous namespace)::cached_attention_fused_positions_kernel<float>(float const*, float const*, float const*, int const*, int const*, float*, long, long, long, long, long, long, long, long, float)",8027,3219595933982099,3219595933988834,1024,0,52,4,64,256,1,1,3072,1,1
"KERNEL_DISPATCH","Agent 3",1,0,2659034,1351,54,"void microllm::ops::hip::(anonymous namespace)::matmul_typed_kernel<float>(float const*, float const*, float*, long, long, long, long)",8032,3219595933992117,3219595933999734,0,0,16,0,48,256,1,1,256,1,1
"KERNEL_DISPATCH","Agent 3",1,0,2659034,1352,50,"void microllm::ops::hip::(anonymous namespace)::add_rms_norm_kernel<256u>(float const*, float const*, float const*, float*, float*, long, long, float)",8053,3219595934040345,3219595934043513,1024,0,16,0,32,256,1,1,768,1,1
"KERNEL_DISPATCH","Agent 3",1,0,2659034,1353,54,"void microllm::ops::hip::(anonymous namespace)::matmul_typed_kernel<float>(float const*, float const*, float*, long, long, long, long)",8058,3219595934053700,3219595934063041,0,0,16,0,48,256,1,1,512,1,1
"KERNEL_DISPATCH","Agent 3",1,0,2659034,1354,54,"void microllm::ops::hip::(anonymous namespace)::matmul_typed_kernel<float>(float const*, float const*, float*, long, long, long, long)",8063,3219595934067588,3219595934076929,0,0,16,0,48,256,1,1,512,1,1
"KERNEL_DISPATCH","Agent 3",1,0,2659034,1355,70,"void microllm::ops::hip::(anonymous namespace)::swiglu_typed_kernel<float>(float const*, float const*, float*, long)",8068,3219595934087339,3219595934090466,0,0,12,4,32,256,1,1,512,1,1
"KERNEL_DISPATCH","Agent 3",1,0,2659034,1356,54,"void microllm::ops::hip::(anonymous namespace)::matmul_typed_kernel<float>(float const*, float const*, float*, long, long, long, long)",8077,3219595934121605,3219595934138925,0,0,16,0,48,256,1,1,256,1,1
"KERNEL_DISPATCH","Agent 3",1,0,2659034,1357,110,"void microllm::ops::hip::(anonymous namespace)::add_typed_kernel<float>(float const*, float const*, float*, long)",8084,3219595934156469,3219595934159396,0,0,8,0,32,256,1,1,256,1,1
"KERNEL_DISPATCH","Agent 3",1,0,2659034,1358,135,"microllm::ops::hip::(anonymous namespace)::rms_norm_kernel(float const*, float const*, float*, long, long, float)",8099,3219595934185272,3219595934187998,1024,0,12,4,32,256,1,1,768,1,1
"KERNEL_DISPATCH","Agent 3",1,0,2659034,1359,54,"void microllm::ops::hip::(anonymous namespace)::matmul_typed_kernel<float>(float const*, float const*, float*, long, long, long, long)",8104,3219595934193960,3219595934203502,0,0,16,0,48,256,1,1,256,1,1
"KERNEL_DISPATCH","Agent 3",1,0,2659034,1360,54,"void microllm::ops::hip::(anonymous namespace)::matmul_typed_kernel<float>(float const*, float const*, float*, long, long, long, long)",8109,3219595934210909,3219595934220571,0,0,16,0,48,256,1,1,256,1,1
"KERNEL_DISPATCH","Agent 3",1,0,2659034,1361,54,"void microllm::ops::hip::(anonymous namespace)::matmul_typed_kernel<float>(float const*, float const*, float*, long, long, long, long)",8114,3219595934220479,3219595934229300,0,0,16,0,48,256,1,1,256,1,1
"KERNEL_DISPATCH","Agent 3",1,0,2659034,1362,91,"microllm::ops::hip::(anonymous namespace)::rope_positions_kernel(float const*, int const*, float*, long, long, long, float)",8119,3219595934229460,3219595934232867,0,0,28,4,48,256,1,1,256,1,1
"KERNEL_DISPATCH","Agent 3",1,0,2659034,1363,91,"microllm::ops::hip::(anonymous namespace)::rope_positions_kernel(float const*, int const*, float*, long, long, long, float)",8124,3219595934236658,3219595934239464,0,0,28,4,48,256,1,1,256,1,1
"KERNEL_DISPATCH","Agent 3",1,0,2659034,1364,64,"void microllm::ops::hip::(anonymous namespace)::kv_cache_store_pair_positions_kernel<float>(float const*, float const*, int const*, int const*, float*, float*, long, long, long, long, long, long)",8127,3219595934243153,3219595934245759,0,0,20,4,48,256,1,1,256,1,1
"KERNEL_DISPATCH","Agent 3",1,0,2659034,1365,14,"void microllm::ops::hip::(anonymous namespace)::cached_attention_fused_positions_kernel<float>(float const*, float const*, float const*, int const*, int const*, float*, long, long, long, long, long, long, long, long, float)",8132,3219595934252696,3219595934260674,1024,0,52,4,64,256,1,1,3072,1,1
"KERNEL_DISPATCH","Agent 3",1,0,2659034,1366,54,"void microllm::ops::hip::(anonymous namespace)::matmul_typed_kernel<float>(float const*, float const*, float*, long, long, long, long)",8137,3219595934260630,3219595934270092,0,0,16,0,48,256,1,1,256,1,1
"KERNEL_DISPATCH","Agent 3",1,0,2659034,1367,50,"void microllm::ops::hip::(anonymous namespace)::add_rms_norm_kernel<256u>(float const*, float const*, float const*, float*, float*, long, long, float)",8158,3219595934305296,3219595934308423,1024,0,16,0,32,256,1,1,768,1,1
"KERNEL_DISPATCH","Agent 3",1,0,2659034,1368,54,"void microllm::ops::hip::(anonymous namespace)::matmul_typed_kernel<float>(float const*, float const*, float*, long, long, long, long)",8163,3219595934312224,3219595934322608,0,0,16,0,48,256,1,1,512,1,1
"KERNEL_DISPATCH","Agent 3",1,0,2659034,1369,54,"void microllm::ops::hip::(anonymous namespace)::matmul_typed_kernel<float>(float const*, float const*, float*, long, long, long, long)",8168,3219595934322679,3219595934331620,0,0,16,0,48,256,1,1,512,1,1
"KERNEL_DISPATCH","Agent 3",1,0,2659034,1370,70,"void microllm::ops::hip::(anonymous namespace)::swiglu_typed_kernel<float>(float const*, float const*, float*, long)",8173,3219595934331674,3219595934335081,0,0,12,4,32,256,1,1,512,1,1
"KERNEL_DISPATCH","Agent 3",1,0,2659034,1371,54,"void microllm::ops::hip::(anonymous namespace)::matmul_typed_kernel<float>(float const*, float const*, float*, long, long, long, long)",8182,3219595934353850,3219595934370328,0,0,16,0,48,256,1,1,256,1,1
"KERNEL_DISPATCH","Agent 3",1,0,2659034,1372,110,"void microllm::ops::hip::(anonymous namespace)::add_typed_kernel<float>(float const*, float const*, float*, long)",8189,3219595934387084,3219595934389650,0,0,8,0,32,256,1,1,256,1,1
"KERNEL_DISPATCH","Agent 3",1,0,2659034,1373,135,"microllm::ops::hip::(anonymous namespace)::rms_norm_kernel(float const*, float const*, float*, long, long, float)",8204,3219595934414454,3219595934417220,1024,0,12,4,32,256,1,1,768,1,1
"KERNEL_DISPATCH","Agent 3",1,0,2659034,1374,54,"void microllm::ops::hip::(anonymous namespace)::matmul_typed_kernel<float>(float const*, float const*, float*, long, long, long, long)",8211,3219595934433900,3219595934443482,0,0,16,0,48,256,1,1,768,1,1
"KERNEL_DISPATCH","Agent 3",1,0,2659034,1375,11,"__amd_rocclr_copyBuffer",8222,3219595934465502,3219595934467146,0,0,16,0,32,512,1,1,512,1,1
"KERNEL_DISPATCH","Agent 3",1,0,2659034,1376,11,"__amd_rocclr_copyBuffer",8224,3219595934471691,3219595934473455,0,0,16,0,32,512,1,1,512,1,1
"KERNEL_DISPATCH","Agent 3",1,0,2659034,1377,11,"__amd_rocclr_copyBuffer",8226,3219595934477474,3219595934480040,0,0,16,0,32,512,1,1,512,1,1
"KERNEL_DISPATCH","Agent 3",1,0,2659034,1378,11,"__amd_rocclr_copyBuffer",8232,3219595934499562,3219595934503170,0,0,16,0,32,512,1,1,512,1,1
"KERNEL_DISPATCH","Agent 3",1,0,2659034,1379,86,"microllm::ops::hip::(anonymous namespace)::embedding_kernel(float const*, int const*, float*, long, long, long)",8236,3219595934518306,3219595934520592,0,0,16,0,32,256,1,1,768,1,1
"KERNEL_DISPATCH","Agent 3",1,0,2659034,1380,135,"microllm::ops::hip::(anonymous namespace)::rms_norm_kernel(float const*, float const*, float*, long, long, float)",8241,3219595934525594,3219595934528401,1024,0,12,4,32,256,1,1,3072,1,1
"KERNEL_DISPATCH","Agent 3",1,0,2659034,1381,54,"void microllm::ops::hip::(anonymous namespace)::matmul_typed_kernel<float>(float const*, float const*, float*, long, long, long, long)",8246,3219595934533149,3219595934542610,0,0,16,0,48,256,1,1,768,1,1
"KERNEL_DISPATCH","Agent 3",1,0,2659034,1382,54,"void microllm::ops::hip::(anonymous namespace)::matmul_typed_kernel<float>(float const*, float const*, float*, long, long, long, long)",8251,3219595934542755,3219595934552899,0,0,16,0,48,256,1,1,512,1,1
"KERNEL_DISPATCH","Agent 3",1,0,2659034,1383,54,"void microllm::ops::hip::(anonymous namespace)::matmul_typed_kernel<float>(float const*, float const*, float*, long, long, long, long)",8256,3219595934552898,3219595934561116,0,0,16,0,48,256,1,1,512,1,1
"KERNEL_DISPATCH","Agent 3",1,0,2659034,1384,138,"microllm::runtime::detail::(anonymous namespace)::strided_copy_kernel(std::byte*, std::byte const*, unsigned long, long, microllm::runtime::detail::(anonymous namespace)::Layout)",8261,3219595934569107,3219595934572114,0,0,20,4,48,256,1,1,768,1,1
"KERNEL_DISPATCH","Agent 3",1,0,2659034,1385,138,"microllm::runtime::detail::(anonymous namespace)::strided_copy_kernel(std::byte*, std::byte const*, unsigned long, long, microllm::runtime::detail::(anonymous namespace)::Layout)",8266,3219595934576928,3219595934579814,0,0,20,4,48,256,1,1,512,1,1
"KERNEL_DISPATCH","Agent 3",1,0,2659034,1386,138,"microllm::runtime::detail::(anonymous namespace)::strided_copy_kernel(std::byte*, std::byte const*, unsigned long, long, microllm::runtime::detail::(anonymous namespace)::Layout)",8271,3219595934584444,3219595934587852,0,0,20,4,48,256,1,1,512,1,1
"KERNEL_DISPATCH","Agent 3",1,0,2659034,1387,93,"microllm::ops::hip::(anonymous namespace)::rope_kernel(float const*, float*, long, long, long, long, long, float)",8276,3219595934593227,3219595934596675,0,0,28,4,48,256,1,1,512,1,1
"KERNEL_DISPATCH","Agent 3",1,0,2659034,1388,93,"microllm::ops::hip::(anonymous namespace)::rope_kernel(float const*, float*, long, long, long, long, long, float)",8283,3219595934619534,3219595934622300,0,0,28,4,48,256,1,1,256,1,1
"KERNEL_DISPATCH","Agent 3",1,0,2659034,1389,11,"__amd_rocclr_copyBuffer",8290,3219595934640290,3219595934641654,0,0,16,0,32,512,1,1,512,1,1
"KERNEL_DISPATCH","Agent 3",1,0,2659034,1390,11,"__amd_rocclr_copyBuffer",8292,3219595934645002,3219595934645804,0,0,16,0,32,512,1,1,512,1,1
"KERNEL_DISPATCH","Agent 3",1,0,2659034,1391,11,"__amd_rocclr_copyBuffer",8296,3219595934653222,3219595934654665,0,0,16,0,32,512,1,1,512,1,1
"KERNEL_DISPATCH","Agent 3",1,0,2659034,1392,11,"__amd_rocclr_copyBuffer",8298,3219595934666850,3219595934668294,0,0,16,0,32,512,1,1,512,1,1
"KERNEL_DISPATCH","Agent 3",1,0,2659034,1393,109,"microllm::ops::hip::(anonymous namespace)::causal_gqa_attention_kernel(float const*, float const*, float const*, float*, float*, long, long, long, long, long, long, float)",8302,3219595934674030,3219595934680445,1024,0,24,0,64,256,1,1,12288,1,1
"KERNEL_DISPATCH","Agent 3",1,0,2659034,1394,138,"microllm::runtime::detail::(anonymous namespace)::strided_copy_kernel(std::byte*, std::byte const*, unsigned long, long, microllm::runtime::detail::(anonymous namespace)::Layout)",8307,3219595934683670,3219595934686436,0,0,20,4,48,256,1,1,768,1,1
"KERNEL_DISPATCH","Agent 3",1,0,2659034,1395,54,"void microllm::ops::hip::(anonymous namespace)::matmul_typed_kernel<float>(float const*, float const*, float*, long, long, long, long)",8314,3219595934703646,3219595934712787,0,0,16,0,48,256,1,1,768,1,1
"KERNEL_DISPATCH","Agent 3",1,0,2659034,1396,110,"void microllm::ops::hip::(anonymous namespace)::add_typed_kernel<float>(float const*, float const*, float*, long)",8333,3219595934740291,3219595934743258,0,0,8,0,32,256,1,1,768,1,1
"KERNEL_DISPATCH","Agent 3",1,0,2659034,1397,135,"microllm::ops::hip::(anonymous namespace)::rms_norm_kernel(float const*, float const*, float*, long, long, float)",8342,3219595934761592,3219595934764358,1024,0,12,4,32,256,1,1,3072,1,1
"KERNEL_DISPATCH","Agent 3",1,0,2659034,1398,54,"void microllm::ops::hip::(anonymous namespace)::matmul_typed_kernel<float>(float const*, float const*, float*, long, long, long, long)",8347,3219595934768252,3219595934778355,0,0,16,0,48,256,1,1,1536,1,1
"KERNEL_DISPATCH","Agent 3",1,0,2659034,1399,54,"void microllm::ops::hip::(anonymous namespace)::matmul_typed_kernel<float>(float const*, float const*, float*, long, long, long, long)",8352,3219595934778299,3219595934787119,0,0,16,0,48,256,1,1,1536,1,1
"KERNEL_DISPATCH","Agent 3",1,0,2659034,1400,70,"void microllm::ops::hip::(anonymous namespace)::swiglu_typed_kernel<float>(float const*, float const*, float*, long)",8357,3219595934787179,3219595934790788,0,0,12,4,32,256,1,1,1536,1,1
"KERNEL_DISPATCH","Agent 3",1,0,2659034,1401,54,"void microllm::ops::hip::(anonymous namespace)::matmul_typed_kernel<float>(float const*, float const*, float*, long, long, long, long)",8366,3219595934809738,3219595934827098,0,0,16,0,48,256,1,1,768,1,1
"KERNEL_DISPATCH","Agent 3",1,0,2659034,1402,110,"void microllm::ops::hip::(anonymous namespace)::add_typed_kernel<float>(float const*, float const*, float*, long)",8373,3219595934843879,3219595934846204,0,0,8,0,32,256,1,1,768,1,1
"KERNEL_DISPATCH","Agent 3",1,0,2659034,1403,135,"microllm::ops::hip::(anonymous namespace)::rms_norm_kernel(float const*, float const*, float*, long, long, float)",8386,3219595934868762,3219595934871328,1024,0,12,4,32,256,1,1,3072,1,1
"KERNEL_DISPATCH","Agent 3",1,0,2659034,1404,54,"void microllm::ops::hip::(anonymous namespace)::matmul_typed_kernel<float>(float const*, float const*, float*, long, long, long, long)",8391,3219595934875506,3219595934885128,0,0,16,0,48,256,1,1,768,1,1
"KERNEL_DISPATCH","Agent 3",1,0,2659034,1405,54,"void microllm::ops::hip::(anonymous namespace)::matmul_typed_kernel<float>(float const*, float const*, float*, long, long, long, long)",8396,3219595934885103,3219595934895125,0,0,16,0,48,256,1,1,512,1,1
"KERNEL_DISPATCH","Agent 3",1,0,2659034,1406,54,"void microllm::ops::hip::(anonymous namespace)::matmul_typed_kernel<float>(float const*, float const*, float*, long, long, long, long)",8401,3219595934895134,3219595934905238,0,0,16,0,48,256,1,1,512,1,1
"KERNEL_DISPATCH","Agent 3",1,0,2659034,1407,138,"microllm::runtime::detail::(anonymous namespace)::strided_copy_kernel(std::byte*, std::byte const*, unsigned long, long, microllm::runtime::detail::(anonymous namespace)::Layout)",8406,3219595934905218,3219595934908746,0,0,20,4,48,256,1,1,768,1,1
"KERNEL_DISPATCH","Agent 3",1,0,2659034,1408,138,"microllm::runtime::detail::(anonymous namespace)::strided_copy_kernel(std::byte*, std::byte const*, unsigned long, long, microllm::runtime::detail::(anonymous namespace)::Layout)",8411,3219595934919095,3219595934922021,0,0,20,4,48,256,1,1,512,1,1
"KERNEL_DISPATCH","Agent 3",1,0,2659034,1409,138,"microllm::runtime::detail::(anonymous namespace)::strided_copy_kernel(std::byte*, std::byte const*, unsigned long, long, microllm::runtime::detail::(anonymous namespace)::Layout)",8416,3219595934953617,3219595934956624,0,0,20,4,48,256,1,1,512,1,1
"KERNEL_DISPATCH","Agent 3",1,0,2659034,1410,93,"microllm::ops::hip::(anonymous namespace)::rope_kernel(float const*, float*, long, long, long, long, long, float)",8421,3219595934969824,3219595934972751,0,0,28,4,48,256,1,1,512,1,1
"KERNEL_DISPATCH","Agent 3",1,0,2659034,1411,93,"microllm::ops::hip::(anonymous namespace)::rope_kernel(float const*, float*, long, long, long, long, long, float)",8428,3219595934995456,3219595934998142,0,0,28,4,48,256,1,1,256,1,1
"KERNEL_DISPATCH","Agent 3",1,0,2659034,1412,11,"__amd_rocclr_copyBuffer",8435,3219595935016016,3219595935017780,0,0,16,0,32,512,1,1,512,1,1
"KERNEL_DISPATCH","Agent 3",1,0,2659034,1413,11,"__amd_rocclr_copyBuffer",8437,3219595935021234,3219595935022436,0,0,16,0,32,512,1,1,512,1,1
"KERNEL_DISPATCH","Agent 3",1,0,2659034,1414,11,"__amd_rocclr_copyBuffer",8441,3219595935030618,3219595935031981,0,0,16,0,32,512,1,1,512,1,1
"KERNEL_DISPATCH","Agent 3",1,0,2659034,1415,11,"__amd_rocclr_copyBuffer",8443,3219595935037824,3219595935038746,0,0,16,0,32,512,1,1,512,1,1
"KERNEL_DISPATCH","Agent 3",1,0,2659034,1416,109,"microllm::ops::hip::(anonymous namespace)::causal_gqa_attention_kernel(float const*, float const*, float const*, float*, float*, long, long, long, long, long, long, float)",8447,3219595935047041,3219595935053455,1024,0,24,0,64,256,1,1,12288,1,1
"KERNEL_DISPATCH","Agent 3",1,0,2659034,1417,138,"microllm::runtime::detail::(anonymous namespace)::strided_copy_kernel(std::byte*, std::byte const*, unsigned long, long, microllm::runtime::detail::(anonymous namespace)::Layout)",8452,3219595935057109,3219595935059915,0,0,20,4,48,256,1,1,768,1,1
"KERNEL_DISPATCH","Agent 3",1,0,2659034,1418,54,"void microllm::ops::hip::(anonymous namespace)::matmul_typed_kernel<float>(float const*, float const*, float*, long, long, long, long)",8459,3219595935077422,3219595935086603,0,0,16,0,48,256,1,1,768,1,1
"KERNEL_DISPATCH","Agent 3",1,0,2659034,1419,110,"void microllm::ops::hip::(anonymous namespace)::add_typed_kernel<float>(float const*, float const*, float*, long)",8478,3219595935115055,3219595935117381,0,0,8,0,32,256,1,1,768,1,1
"KERNEL_DISPATCH","Agent 3",1,0,2659034,1420,135,"microllm::ops::hip::(anonymous namespace)::rms_norm_kernel(float const*, float const*, float*, long, long, float)",8487,3219595935137976,3219595935140902,1024,0,12,4,32,256,1,1,3072,1,1
"KERNEL_DISPATCH","Agent 3",1,0,2659034,1421,54,"void microllm::ops::hip::(anonymous namespace)::matmul_typed_kernel<float>(float const*, float const*, float*, long, long, long, long)",8492,3219595935144626,3219595935154168,0,0,16,0,48,256,1,1,1536,1,1
"KERNEL_DISPATCH","Agent 3",1,0,2659034,1422,54,"void microllm::ops::hip::(anonymous namespace)::matmul_typed_kernel<float>(float const*, float const*, float*, long, long, long, long)",8497,3219595935154214,3219595935163275,0,0,16,0,48,256,1,1,1536,1,1
"KERNEL_DISPATCH","Agent 3",1,0,2659034,1423,70,"void microllm::ops::hip::(anonymous namespace)::swiglu_typed_kernel<float>(float const*, float const*, float*, long)",8502,3219595935163276,3219595935166924,0,0,12,4,32,256,1,1,1536,1,1
"KERNEL_DISPATCH","Agent 3",1,0,2659034,1424,54,"void microllm::ops::hip::(anonymous namespace)::matmul_typed_kernel<float>(float const*, float const*, float*, long, long, long, long)",8511,3219595935195358,3219595935212116,0,0,16,0,48,256,1,1,768,1,1
"KERNEL_DISPATCH","Agent 3",1,0,2659034,1425,110,"void microllm::ops::hip::(anonymous namespace)::add_typed_kernel<float>(float const*, float const*, float*, long)",8518,3219595935229303,3219595935232350,0,0,8,0,32,256,1,1,768,1,1
"KERNEL_DISPATCH","Agent 3",1,0,2659034,1426,135,"microllm::ops::hip::(anonymous namespace)::rms_norm_kernel(float const*, float const*, float*, long, long, float)",8531,3219595935255687,3219595935258373,1024,0,12,4,32,256,1,1,3072,1,1
"KERNEL_DISPATCH","Agent 3",1,0,2659034,1427,54,"void microllm::ops::hip::(anonymous namespace)::matmul_typed_kernel<float>(float const*, float const*, float*, long, long, long, long)",8538,3219595935275827,3219595935285048,0,0,16,0,48,256,1,1,256,1,1
"KERNEL_DISPATCH","Agent 3",1,0,2659034,1428,11,"__amd_rocclr_copyBuffer",8545,3219595935302656,3219595935304099,0,0,16,0,32,512,1,1,512,1,1
"KERNEL_DISPATCH","Agent 3",1,0,2659034,1429,11,"__amd_rocclr_copyBuffer",8547,3219595935307401,3219595935308082,0,0,16,0,32,512,1,1,512,1,1
"KERNEL_DISPATCH","Agent 3",1,0,2659034,1430,11,"__amd_rocclr_copyBuffer",8549,3219595935311772,3219595935313135,0,0,16,0,32,512,1,1,512,1,1
"KERNEL_DISPATCH","Agent 3",1,0,2659034,1431,11,"__amd_rocclr_copyBuffer",8551,3219595935316536,3219595935318180,0,0,16,0,32,512,1,1,512,1,1
"KERNEL_DISPATCH","Agent 3",1,0,2659034,1432,11,"__amd_rocclr_copyBuffer",8553,3219595935321943,3219595935323586,0,0,16,0,32,512,1,1,512,1,1
"KERNEL_DISPATCH","Agent 3",1,0,2659034,1433,11,"__amd_rocclr_copyBuffer",8555,3219595935326899,3219595935328182,0,0,16,0,32,512,1,1,512,1,1
"KERNEL_DISPATCH","Agent 3",1,0,2659034,1434,11,"__amd_rocclr_copyBuffer",8557,3219595935332030,3219595935333593,0,0,16,0,32,512,1,1,512,1,1
"KERNEL_DISPATCH","Agent 3",1,0,2659034,1435,11,"__amd_rocclr_copyBuffer",8559,3219595935337534,3219595935340180,0,0,16,0,32,512,1,1,512,1,1
"KERNEL_DISPATCH","Agent 3",1,0,2659034,1436,11,"__amd_rocclr_copyBuffer",8569,3219595935365412,3219595935367296,0,0,16,0,32,512,1,1,512,1,1
"KERNEL_DISPATCH","Agent 3",1,0,2659034,1437,67,"microllm::ops::hip::(anonymous namespace)::argmax_last_dim_kernel(float const*, int*, long, long)",8575,3219595935384884,3219595935388532,4096,0,12,4,32,256,1,1,1024,1,1
"KERNEL_DISPATCH","Agent 3",1,0,2659034,1438,11,"__amd_rocclr_copyBuffer",8578,3219595935392709,3219595935393792,0,0,16,0,32,512,1,1,512,1,1
"KERNEL_DISPATCH","Agent 3",1,0,2659034,1439,100,"void microllm::ops::hip::(anonymous namespace)::fill_typed_kernel<float>(float*, long, float)",8582,3219595935416573,3219595935418217,0,0,4,4,16,256,1,1,2048,1,1
"KERNEL_DISPATCH","Agent 3",1,0,2659034,1440,100,"void microllm::ops::hip::(anonymous namespace)::fill_typed_kernel<float>(float*, long, float)",8585,3219595935421729,3219595935423252,0,0,4,4,16,256,1,1,2048,1,1
"KERNEL_DISPATCH","Agent 3",1,0,2659034,1441,100,"void microllm::ops::hip::(anonymous namespace)::fill_typed_kernel<float>(float*, long, float)",8588,3219595935427742,3219595935429306,0,0,4,4,16,256,1,1,2048,1,1
"KERNEL_DISPATCH","Agent 3",1,0,2659034,1442,100,"void microllm::ops::hip::(anonymous namespace)::fill_typed_kernel<float>(float*, long, float)",8591,3219595935433715,3219595935435439,0,0,4,4,16,256,1,1,2048,1,1
"KERNEL_DISPATCH","Agent 3",1,0,2659034,1443,11,"__amd_rocclr_copyBuffer",8596,3219595935444677,3219595935449608,0,0,16,0,32,512,1,1,512,1,1
"KERNEL_DISPATCH","Agent 3",1,0,2659034,1444,11,"__amd_rocclr_copyBuffer",8600,3219595935465699,3219595935470671,0,0,16,0,32,512,1,1,512,1,1
"KERNEL_DISPATCH","Agent 3",1,0,2659034,1445,11,"__amd_rocclr_copyBuffer",8604,3219595935486560,3219595935491010,0,0,16,0,32,512,1,1,512,1,1
"KERNEL_DISPATCH","Agent 3",1,0,2659034,1446,86,"microllm::ops::hip::(anonymous namespace)::embedding_kernel(float const*, int const*, float*, long, long, long)",8608,3219595935506433,3219595935508598,0,0,16,0,32,256,1,1,256,1,1
"KERNEL_DISPATCH","Agent 3",1,0,2659034,1447,135,"microllm::ops::hip::(anonymous namespace)::rms_norm_kernel(float const*, float const*, float*, long, long, float)",8613,3219595935513837,3219595935516563,1024,0,12,4,32,256,1,1,768,1,1
"KERNEL_DISPATCH","Agent 3",1,0,2659034,1448,54,"void microllm::ops::hip::(anonymous namespace)::matmul_typed_kernel<float>(float const*, float const*, float*, long, long, long, long)",8618,3219595935522529,3219595935532151,0,0,16,0,48,256,1,1,256,1,1
"KERNEL_DISPATCH","Agent 3",1,0,2659034,1449,54,"void microllm::ops::hip::(anonymous namespace)::matmul_typed_kernel<float>(float const*, float const*, float*, long, long, long, long)",8623,3219595935532561,3219595935541943,0,0,16,0,48,256,1,1,256,1,1
"KERNEL_DISPATCH","Agent 3",1,0,2659034,1450,54,"void microllm::ops::hip::(anonymous namespace)::matmul_typed_kernel<float>(float const*, float const*, float*, long, long, long, long)",8628,3219595935541498,3219595935550078,0,0,16,0,48,256,1,1,256,1,1
"KERNEL_DISPATCH","Agent 3",1,0,2659034,1451,91,"microllm::ops::hip::(anonymous namespace)::rope_positions_kernel(float const*, int const*, float*, long, long, long, float)",8633,3219595935557629,3219595935560636,0,0,28,4,48,256,1,1,256,1,1
"KERNEL_DISPATCH","Agent 3",1,0,2659034,1452,91,"microllm::ops::hip::(anonymous namespace)::rope_positions_kernel(float const*, int const*, float*, long, long, long, float)",8638,3219595935565148,3219595935567874,0,0,28,4,48,256,1,1,256,1,1
"KERNEL_DISPATCH","Agent 3",1,0,2659034,1453,64,"void microllm::ops::hip::(anonymous namespace)::kv_cache_store_pair_positions_kernel<float>(float const*, float const*, int const*, int const*, float*, float*, long, long, long, long, long, long)",8641,3219595935574352,3219595935576878,0,0,20,4,48,256,1,1,256,1,1
"KERNEL_DISPATCH","Agent 3",1,0,2659034,1454,14,"void microllm::ops::hip::(anonymous namespace)::cached_attention_fused_positions_kernel<float>(float const*, float const*, float const*, int const*, int const*, float*, long, long, long, long, long, long, long, long, float)",8646,3219595935582410,3219595935588865,1024,0,52,4,64,256,1,1,3072,1,1
"KERNEL_DISPATCH","Agent 3",1,0,2659034,1455,54,"void microllm::ops::hip::(anonymous namespace)::matmul_typed_kernel<float>(float const*, float const*, float*, long, long, long, long)",8651,3219595935592142,3219595935599720,0,0,16,0,48,256,1,1,256,1,1
"KERNEL_DISPATCH","Agent 3",1,0,2659034,1456,50,"void microllm::ops::hip::(anonymous namespace)::add_rms_norm_kernel<256u>(float const*, float const*, float const*, float*, float*, long, long, float)",8672,3219595935647699,3219595935650585,1024,0,16,0,32,256,1,1,768,1,1
"KERNEL_DISPATCH","Agent 3",1,0,2659034,1457,54,"void microllm::ops::hip::(anonymous namespace)::matmul_typed_kernel<float>(float const*, float const*, float*, long, long, long, long)",8677,3219595935655457,3219595935664679,0,0,16,0,48,256,1,1,512,1,1
"KERNEL_DISPATCH","Agent 3",1,0,2659034,1458,54,"void microllm::ops::hip::(anonymous namespace)::matmul_typed_kernel<float>(float const*, float const*, float*, long, long, long, long)",8682,3219595935664670,3219595935673610,0,0,16,0,48,256,1,1,512,1,1
"KERNEL_DISPATCH","Agent 3",1,0,2659034,1459,70,"void microllm::ops::hip::(anonymous namespace)::swiglu_typed_kernel<float>(float const*, float const*, float*, long)",8687,3219595935673637,3219595935677045,0,0,12,4,32,256,1,1,512,1,1
"KERNEL_DISPATCH","Agent 3",1,0,2659034,1460,54,"void microllm::ops::hip::(anonymous namespace)::matmul_typed_kernel<float>(float const*, float const*, float*, long, long, long, long)",8696,3219595935696057,3219595935712936,0,0,16,0,48,256,1,1,256,1,1
"KERNEL_DISPATCH","Agent 3",1,0,2659034,1461,110,"void microllm::ops::hip::(anonymous namespace)::add_typed_kernel<float>(float const*, float const*, float*, long)",8703,3219595935729983,3219595935732589,0,0,8,0,32,256,1,1,256,1,1
"KERNEL_DISPATCH","Agent 3",1,0,2659034,1462,135,"microllm::ops::hip::(anonymous namespace)::rms_norm_kernel(float const*, float const*, float*, long, long, float)",8718,3219595935757063,3219595935759749,1024,0,12,4,32,256,1,1,768,1,1
"KERNEL_DISPATCH","Agent 3",1,0,2659034,1463,54,"void microllm::ops::hip::(anonymous namespace)::matmul_typed_kernel<float>(float const*, float const*, float*, long, long, long, long)",8723,3219595935763880,3219595935773582,0,0,16,0,48,256,1,1,256,1,1
"KERNEL_DISPATCH","Agent 3",1,0,2659034,1464,54,"void microllm::ops::hip::(anonymous namespace)::matmul_typed_kernel<float>(float const*, float const*, float*, long, long, long, long)",8728,3219595935773836,3219595935782736,0,0,16,0,48,256,1,1,256,1,1
"KERNEL_DISPATCH","Agent 3",1,0,2659034,1465,54,"void microllm::ops::hip::(anonymous namespace)::matmul_typed_kernel<float>(float const*, float const*, float*, long, long, long, long)",8733,3219595935782519,3219595935790778,0,0,16,0,48,256,1,1,256,1,1
"KERNEL_DISPATCH","Agent 3",1,0,2659034,1466,91,"microllm::ops::hip::(anonymous namespace)::rope_positions_kernel(float const*, int const*, float*, long, long, long, float)",8738,3219595935797631,3219595935800077,0,0,28,4,48,256,1,1,256,1,1
"KERNEL_DISPATCH","Agent 3",1,0,2659034,1467,91,"microllm::ops::hip::(anonymous namespace)::rope_positions_kernel(float const*, int const*, float*, long, long, long, float)",8743,3219595935805607,3219595935808132,0,0,28,4,48,256,1,1,256,1,1
"KERNEL_DISPATCH","Agent 3",1,0,2659034,1468,64,"void microllm::ops::hip::(anonymous namespace)::kv_cache_store_pair_positions_kernel<float>(float const*, float const*, int const*, int const*, float*, float*, long, long, long, long, long, long)",8746,3219595935811761,3219595935814086,0,0,20,4,48,256,1,1,256,1,1
"KERNEL_DISPATCH","Agent 3",1,0,2659034,1469,14,"void microllm::ops::hip::(anonymous namespace)::cached_attention_fused_positions_kernel<float>(float const*, float const*, float const*, int const*, int const*, float*, long, long, long, long, long, long, long, long, float)",8751,3219595935824880,3219595935832778,1024,0,52,4,64,256,1,1,3072,1,1
"KERNEL_DISPATCH","Agent 3",1,0,2659034,1470,54,"void microllm::ops::hip::(anonymous namespace)::matmul_typed_kernel<float>(float const*, float const*, float*, long, long, long, long)",8756,3219595935832535,3219595935842116,0,0,16,0,48,256,1,1,256,1,1
"KERNEL_DISPATCH","Agent 3",1,0,2659034,1471,50,"void microllm::ops::hip::(anonymous namespace)::add_rms_norm_kernel<256u>(float const*, float const*, float const*, float*, float*, long, long, float)",8777,3219595935888386,3219595935891273,1024,0,16,0,32,256,1,1,768,1,1
"KERNEL_DISPATCH","Agent 3",1,0,2659034,1472,54,"void microllm::ops::hip::(anonymous namespace)::matmul_typed_kernel<float>(float const*, float const*, float*, long, long, long, long)",8782,3219595935895957,3219595935905659,0,0,16,0,48,256,1,1,512,1,1
"KERNEL_DISPATCH","Agent 3",1,0,2659034,1473,54,"void microllm::ops::hip::(anonymous namespace)::matmul_typed_kernel<float>(float const*, float const*, float*, long, long, long, long)",8787,3219595935905755,3219595935915978,0,0,16,0,48,256,1,1,512,1,1
"KERNEL_DISPATCH","Agent 3",1,0,2659034,1474,70,"void microllm::ops::hip::(anonymous namespace)::swiglu_typed_kernel<float>(float const*, float const*, float*, long)",8792,3219595935915979,3219595935919427,0,0,12,4,32,256,1,1,512,1,1
"KERNEL_DISPATCH","Agent 3",1,0,2659034,1475,54,"void microllm::ops::hip::(anonymous namespace)::matmul_typed_kernel<float>(float const*, float const*, float*, long, long, long, long)",8801,3219595935939199,3219595935955116,0,0,16,0,48,256,1,1,256,1,1
"KERNEL_DISPATCH","Agent 3",1,0,2659034,1476,110,"void microllm::ops::hip::(anonymous namespace)::add_typed_kernel<float>(float const*, float const*, float*, long)",8808,3219595935972579,3219595935974784,0,0,8,0,32,256,1,1,256,1,1
"KERNEL_DISPATCH","Agent 3",1,0,2659034,1477,135,"microllm::ops::hip::(anonymous namespace)::rms_norm_kernel(float const*, float const*, float*, long, long, float)",8823,3219595936001528,3219595936004094,1024,0,12,4,32,256,1,1,768,1,1
"KERNEL_DISPATCH","Agent 3",1,0,2659034,1478,54,"void microllm::ops::hip::(anonymous namespace)::matmul_typed_kernel<float>(float const*, float const*, float*, long, long, long, long)",8830,3219595936020175,3219595936029517,0,0,16,0,48,256,1,1,768,1,1
"KERNEL_DISPATCH","Agent 3",1,0,2659034,1479,11,"__amd_rocclr_copyBuffer",8841,3219595936050931,3219595936052495,0,0,16,0,32,512,1,1,512,1,1
"KERNEL_DISPATCH","Agent 3",1,0,2659034,1480,11,"__amd_rocclr_copyBuffer",8843,3219595936055953,3219595936057036,0,0,16,0,32,512,1,1,512,1,1
"KERNEL_DISPATCH","Agent 3",1,0,2659034,1481,11,"__amd_rocclr_copyBuffer",8845,3219595936060560,3219595936063005,0,0,16,0,32,512,1,1,512,1,1
"KERNEL_DISPATCH","Agent 3",1,0,2659034,1482,11,"__amd_rocclr_copyBuffer",8851,3219595936081809,3219595936085297,0,0,16,0,32,512,1,1,512,1,1
"KERNEL_DISPATCH","Agent 3",1,0,2659034,1483,86,"microllm::ops::hip::(anonymous namespace)::embedding_kernel(float const*, int const*, float*, long, long, long)",8855,3219595936099726,3219595936102091,0,0,16,0,32,256,1,1,1024,1,1
"KERNEL_DISPATCH","Agent 3",1,0,2659034,1484,135,"microllm::ops::hip::(anonymous namespace)::rms_norm_kernel(float const*, float const*, float*, long, long, float)",8860,3219595936106891,3219595936109818,1024,0,12,4,32,256,1,1,4096,1,1
"KERNEL_DISPATCH","Agent 3",1,0,2659034,1485,54,"void microllm::ops::hip::(anonymous namespace)::matmul_typed_kernel<float>(float const*, float const*, float*, long, long, long, long)",8865,3219595936115030,3219595936124692,0,0,16,0,48,256,1,1,1024,1,1
"KERNEL_DISPATCH","Agent 3",1,0,2659034,1486,54,"void microllm::ops::hip::(anonymous namespace)::matmul_typed_kernel<float>(float const*, float const*, float*, long, long, long, long)",8870,3219595936124666,3219595936133766,0,0,16,0,48,256,1,1,512,1,1
"KERNEL_DISPATCH","Agent 3",1,0,2659034,1487,54,"void microllm::ops::hip::(anonymous namespace)::matmul_typed_kernel<float>(float const*, float const*, float*, long, long, long, long)",8875,3219595936133843,3219595936142022,0,0,16,0,48,256,1,1,512,1,1
"KERNEL_DISPATCH","Agent 3",1,0,2659034,1488,138,"microllm::runtime::detail::(anonymous namespace)::strided_copy_kernel(std::byte*, std::byte const*, unsigned long, long, microllm::runtime::detail::(anonymous namespace)::Layout)",8880,3219595936146908,3219595936150195,0,0,20,4,48,256,1,1,1024,1,1
"KERNEL_DISPATCH","Agent 3",1,0,2659034,1489,138,"microllm::runtime::detail::(anonymous namespace)::strided_copy_kernel(std::byte*, std::byte const*, unsigned long, long, microllm::runtime::detail::(anonymous namespace)::Layout)",8885,3219595936154893,3219595936158180,0,0,20,4,48,256,1,1,512,1,1
"KERNEL_DISPATCH","Agent 3",1,0,2659034,1490,138,"microllm::runtime::detail::(anonymous namespace)::strided_copy_kernel(std::byte*, std::byte const*, unsigned long, long, microllm::runtime::detail::(anonymous namespace)::Layout)",8890,3219595936163337,3219595936166625,0,0,20,4,48,256,1,1,512,1,1
"KERNEL_DISPATCH","Agent 3",1,0,2659034,1491,93,"microllm::ops::hip::(anonymous namespace)::rope_kernel(float const*, float*, long, long, long, long, long, float)",8895,3219595936188883,3219595936192492,0,0,28,4,48,256,1,1,512,1,1
"KERNEL_DISPATCH","Agent 3",1,0,2659034,1492,93,"microllm::ops::hip::(anonymous namespace)::rope_kernel(float const*, float*, long, long, long, long, long, float)",8902,3219595936226818,3219595936229585,0,0,28,4,48,256,1,1,256,1,1
"KERNEL_DISPATCH","Agent 3",1,0,2659034,1493,11,"__amd_rocclr_copyBuffer",8909,3219595936246611,3219595936248254,0,0,16,0,32,512,1,1,512,1,1
"KERNEL_DISPATCH","Agent 3",1,0,2659034,1494,11,"__amd_rocclr_copyBuffer",8911,3219595936251618,3219595936252580,0,0,16,0,32,512,1,1,512,1,1
"KERNEL_DISPATCH","Agent 3",1,0,2659034,1495,11,"__amd_rocclr_copyBuffer",8915,3219595936259523,3219595936261367,0,0,16,0,32,512,1,1,512,1,1
"KERNEL_DISPATCH","Agent 3",1,0,2659034,1496,11,"__amd_rocclr_copyBuffer",8917,3219595936264986,3219595936266349,0,0,16,0,32,512,1,1,512,1,1
"KERNEL_DISPATCH","Agent 3",1,0,2659034,1497,109,"microllm::ops::hip::(anonymous namespace)::causal_gqa_attention_kernel(float const*, float const*, float const*, float*, float*, long, long, long, long, long, long, float)",8921,3219595936274338,3219595936282637,1024,0,24,0,64,256,1,1,16384,1,1
"KERNEL_DISPATCH","Agent 3",1,0,2659034,1498,138,"microllm::runtime::detail::(anonymous namespace)::strided_copy_kernel(std::byte*, std::byte const*, unsigned long, long, microllm::runtime::detail::(anonymous namespace)::Layout)",8926,3219595936282384,3219595936286313,0,0,20,4,48,256,1,1,1024,1,1
"KERNEL_DISPATCH","Agent 3",1,0,2659034,1499,54,"void microllm::ops::hip::(anonymous namespace)::matmul_typed_kernel<float>(float const*, float const*, float*, long, long, long, long)",8933,3219595936303656,3219595936313078,0,0,16,0,48,256,1,1,1024,1,1
"KERNEL_DISPATCH","Agent 3",1,0,2659034,1500,110,"void microllm::ops::hip::(anonymous namespace)::add_typed_kernel<float>(float const*, float const*, float*, long)",8952,3219595936340920,3219595936343566,0,0,8,0,32,256,1,1,1024,1,1
"KERNEL_DISPATCH","Agent 3",1,0,2659034,1501,135,"microllm::ops::hip::(anonymous namespace)::rms_norm_kernel(float const*, float const*, float*, long, long, float)",8961,3219595936363214,3219595936365980,1024,0,12,4,32,256,1,1,4096,1,1
"KERNEL_DISPATCH","Agent 3",1,0,2659034,1502,54,"void microllm::ops::hip::(anonymous namespace)::matmul_typed_kernel<float>(float const*, float const*, float*, long, long, long, long)",8966,3219595936371067,3219595936380930,0,0,16,0,48,256,1,1,2048,1,1
"KERNEL_DISPATCH","Agent 3",1,0,2659034,1503,54,"void microllm::ops::hip::(anonymous namespace)::matmul_typed_kernel<float>(float const*, float const*, float*, long, long, long, long)",8971,3219595936380788,3219595936389688,0,0,16,0,48,256,1,1,2048,1,1
"KERNEL_DISPATCH","Agent 3",1,0,2659034,1504,70,"void microllm::ops::hip::(anonymous namespace)::swiglu_typed_kernel<float>(float const*, float const*, float*, long)",8976,3219595936389854,3219595936393422,0,0,12,4,32,256,1,1,2048,1,1
"KERNEL_DISPATCH","Agent 3",1,0,2659034,1505,54,"void microllm::ops::hip::(anonymous namespace)::matmul_typed_kernel<float>(float const*, float const*, float*, long, long, long, long)",8985,3219595936412403,3219595936429281,0,0,16,0,48,256,1,1,1024,1,1
"KERNEL_DISPATCH","Agent 3",1,0,2659034,1506,110,"void microllm::ops::hip::(anonymous namespace)::add_typed_kernel<float>(float const*, float const*, float*, long)",8992,3219595936446345,3219595936448751,0,0,8,0,32,256,1,1,1024,1,1
"KERNEL_DISPATCH","Agent 3",1,0,2659034,1507,135,"microllm::ops::hip::(anonymous namespace)::rms_norm_kernel(float const*, float const*, float*, long, long, float)",9005,3219595936471558,3219595936474124,1024,0,12,4,32,256,1,1,4096,1,1
"KERNEL_DISPATCH","Agent 3",1,0,2659034,1508,54,"void microllm::ops::hip::(anonymous namespace)::matmul_typed_kernel<float>(float const*, float const*, float*, long, long, long, long)",9010,3219595936478197,3219595936487579,0,0,16,0,48,256,1,1,1024,1,1
"KERNEL_DISPATCH","Agent 3",1,0,2659034,1509,54,"void microllm::ops::hip::(anonymous namespace)::matmul_typed_kernel<float>(float const*, float const*, float*, long, long, long, long)",9015,3219595936487615,3219595936497116,0,0,16,0,48,256,1,1,512,1,1
"KERNEL_DISPATCH","Agent 3",1,0,2659034,1510,54,"void microllm::ops::hip::(anonymous namespace)::matmul_typed_kernel<float>(float const*, float const*, float*, long, long, long, long)",9020,3219595936497046,3219595936505947,0,0,16,0,48,256,1,1,512,1,1
"KERNEL_DISPATCH","Agent 3",1,0,2659034,1511,138,"microllm::runtime::detail::(anonymous namespace)::strided_copy_kernel(std::byte*, std::byte const*, unsigned long, long, microllm::runtime::detail::(anonymous namespace)::Layout)",9025,3219595936505790,3219595936509438,0,0,20,4,48,256,1,1,1024,1,1
"KERNEL_DISPATCH","Agent 3",1,0,2659034,1512,138,"microllm::runtime::detail::(anonymous namespace)::strided_copy_kernel(std::byte*, std::byte const*, unsigned long, long, microllm::runtime::detail::(anonymous namespace)::Layout)",9030,3219595936512715,3219595936515642,0,0,20,4,48,256,1,1,512,1,1
"KERNEL_DISPATCH","Agent 3",1,0,2659034,1513,138,"microllm::runtime::detail::(anonymous namespace)::strided_copy_kernel(std::byte*, std::byte const*, unsigned long, long, microllm::runtime::detail::(anonymous namespace)::Layout)",9035,3219595936523068,3219595936526075,0,0,20,4,48,256,1,1,512,1,1
"KERNEL_DISPATCH","Agent 3",1,0,2659034,1514,93,"microllm::ops::hip::(anonymous namespace)::rope_kernel(float const*, float*, long, long, long, long, long, float)",9040,3219595936530145,3219595936533473,0,0,28,4,48,256,1,1,512,1,1
"KERNEL_DISPATCH","Agent 3",1,0,2659034,1515,93,"microllm::ops::hip::(anonymous namespace)::rope_kernel(float const*, float*, long, long, long, long, long, float)",9047,3219595936554832,3219595936557759,0,0,28,4,48,256,1,1,256,1,1
"KERNEL_DISPATCH","Agent 3",1,0,2659034,1516,11,"__amd_rocclr_copyBuffer",9054,3219595936575130,3219595936576774,0,0,16,0,32,512,1,1,512,1,1
"KERNEL_DISPATCH","Agent 3",1,0,2659034,1517,11,"__amd_rocclr_copyBuffer",9056,3219595936580150,3219595936580871,0,0,16,0,32,512,1,1,512,1,1
"KERNEL_DISPATCH","Agent 3",1,0,2659034,1518,11,"__amd_rocclr_copyBuffer",9060,3219595936588546,3219595936590110,0,0,16,0,32,512,1,1,512,1,1
"KERNEL_DISPATCH","Agent 3",1,0,2659034,1519,11,"__amd_rocclr_copyBuffer",9062,3219595936594210,3219595936595412,0,0,16,0,32,512,1,1,512,1,1
"KERNEL_DISPATCH","Agent 3",1,0,2659034,1520,109,"microllm::ops::hip::(anonymous namespace)::causal_gqa_attention_kernel(float const*, float const*, float const*, float*, float*, long, long, long, long, long, long, float)",9066,3219595936611867,3219595936620126,1024,0,24,0,64,256,1,1,16384,1,1
"KERNEL_DISPATCH","Agent 3",1,0,2659034,1521,138,"microllm::runtime::detail::(anonymous namespace)::strided_copy_kernel(std::byte*, std::byte const*, unsigned long, long, microllm::runtime::detail::(anonymous namespace)::Layout)",9071,3219595936620245,3219595936623773,0,0,20,4,48,256,1,1,1024,1,1
"KERNEL_DISPATCH","Agent 3",1,0,2659034,1522,54,"void microllm::ops::hip::(anonymous namespace)::matmul_typed_kernel<float>(float const*, float const*, float*, long, long, long, long)",9078,3219595936640956,3219595936650217,0,0,16,0,48,256,1,1,1024,1,1
"KERNEL_DISPATCH","Agent 3",1,0,2659034,1523,110,"void microllm::ops::hip::(anonymous namespace)::add_typed_kernel<float>(float const*, float const*, float*, long)",9097,3219595936678764,3219595936680849,0,0,8,0,32,256,1,1,1024,1,1
"KERNEL_DISPATCH","Agent 3",1,0,2659034,1524,135,"microllm::ops::hip::(anonymous namespace)::rms_norm_kernel(float const*, float const*, float*, long, long, float)",9106,3219595936702260,3219595936705026,1024,0,12,4,32,256,1,1,4096,1,1
"KERNEL_DISPATCH","Agent 3",1,0,2659034,1525,54,"void microllm::ops::hip::(anonymous namespace)::matmul_typed_kernel<float>(float const*, float const*, float*, long, long, long, long)",9111,3219595936745045,3219595936754907,0,0,16,0,48,256,1,1,2048,1,1
"KERNEL_DISPATCH","Agent 3",1,0,2659034,1526,54,"void microllm::ops::hip::(anonymous namespace)::matmul_typed_kernel<float>(float const*, float const*, float*, long, long, long, long)",9116,3219595936767798,3219595936777460,0,0,16,0,48,256,1,1,2048,1,1
"KERNEL_DISPATCH","Agent 3",1,0,2659034,1527,70,"void microllm::ops::hip::(anonymous namespace)::swiglu_typed_kernel<float>(float const*, float const*, float*, long)",9121,3219595936777451,3219595936781220,0,0,12,4,32,256,1,1,2048,1,1
"KERNEL_DISPATCH","Agent 3",1,0,2659034,1528,54,"void microllm::ops::hip::(anonymous namespace)::matmul_typed_kernel<float>(float const*, float const*, float*, long, long, long, long)",9130,3219595936800173,3219595936817694,0,0,16,0,48,256,1,1,1024,1,1
"KERNEL_DISPATCH","Agent 3",1,0,2659034,1529,110,"void microllm::ops::hip::(anonymous namespace)::add_typed_kernel<float>(float const*, float const*, float*, long)",9137,3219595936834332,3219595936837178,0,0,8,0,32,256,1,1,1024,1,1
"KERNEL_DISPATCH","Agent 3",1,0,2659034,1530,135,"microllm::ops::hip::(anonymous namespace)::rms_norm_kernel(float const*, float const*, float*, long, long, float)",9150,3219595936860036,3219595936863083,1024,0,12,4,32,256,1,1,4096,1,1
"KERNEL_DISPATCH","Agent 3",1,0,2659034,1531,54,"void microllm::ops::hip::(anonymous namespace)::matmul_typed_kernel<float>(float const*, float const*, float*, long, long, long, long)",9157,3219595936879641,3219595936889263,0,0,16,0,48,256,1,1,256,1,1
"KERNEL_DISPATCH","Agent 3",1,0,2659034,1532,11,"__amd_rocclr_copyBuffer",9164,3219595936906558,3219595936908202,0,0,16,0,32,512,1,1,512,1,1
"KERNEL_DISPATCH","Agent 3",1,0,2659034,1533,11,"__amd_rocclr_copyBuffer",9166,3219595936911445,3219595936912247,0,0,16,0,32,512,1,1,512,1,1
"KERNEL_DISPATCH","Agent 3",1,0,2659034,1534,11,"__amd_rocclr_copyBuffer",9168,3219595936915694,3219595936917137,0,0,16,0,32,512,1,1,512,1,1
"KERNEL_DISPATCH","Agent 3",1,0,2659034,1535,11,"__amd_rocclr_copyBuffer",9170,3219595936920433,3219595936921595,0,0,16,0,32,512,1,1,512,1,1
"KERNEL_DISPATCH","Agent 3",1,0,2659034,1536,11,"__amd_rocclr_copyBuffer",9172,3219595936925461,3219595936927225,0,0,16,0,32,512,1,1,512,1,1
"KERNEL_DISPATCH","Agent 3",1,0,2659034,1537,11,"__amd_rocclr_copyBuffer",9174,3219595936930715,3219595936931517,0,0,16,0,32,512,1,1,512,1,1
"KERNEL_DISPATCH","Agent 3",1,0,2659034,1538,11,"__amd_rocclr_copyBuffer",9176,3219595936934987,3219595936936550,0,0,16,0,32,512,1,1,512,1,1
"KERNEL_DISPATCH","Agent 3",1,0,2659034,1539,11,"__amd_rocclr_copyBuffer",9178,3219595936939821,3219595936941184,0,0,16,0,32,512,1,1,512,1,1
"KERNEL_DISPATCH","Agent 3",1,0,2659034,1540,11,"__amd_rocclr_copyBuffer",9188,3219595936968001,3219595936970006,0,0,16,0,32,512,1,1,512,1,1
"KERNEL_DISPATCH","Agent 3",1,0,2659034,1541,67,"microllm::ops::hip::(anonymous namespace)::argmax_last_dim_kernel(float const*, int*, long, long)",9194,3219595936987149,3219595936990677,4096,0,12,4,32,256,1,1,1024,1,1
"KERNEL_DISPATCH","Agent 3",1,0,2659034,1542,11,"__amd_rocclr_copyBuffer",9197,3219595936994855,3219595936996057,0,0,16,0,32,512,1,1,512,1,1
"KERNEL_DISPATCH","Agent 3",1,0,2659034,1543,11,"__amd_rocclr_copyBuffer",9203,3219595937021408,3219595937024816,0,0,16,0,32,512,1,1,512,1,1
"KERNEL_DISPATCH","Agent 3",1,0,2659034,1544,11,"__amd_rocclr_copyBuffer",9207,3219595937040635,3219595937043923,0,0,16,0,32,512,1,1,512,1,1
"KERNEL_DISPATCH","Agent 3",1,0,2659034,1545,11,"__amd_rocclr_copyBuffer",9211,3219595937059861,3219595937063069,0,0,16,0,32,512,1,1,512,1,1
"KERNEL_DISPATCH","Agent 3",1,0,2659034,1546,86,"microllm::ops::hip::(anonymous namespace)::embedding_kernel(float const*, int const*, float*, long, long, long)",9215,3219595937077905,3219595937079749,0,0,16,0,32,256,1,1,256,1,1
"KERNEL_DISPATCH","Agent 3",1,0,2659034,1547,135,"microllm::ops::hip::(anonymous namespace)::rms_norm_kernel(float const*, float const*, float*, long, long, float)",9220,3219595937084827,3219595937087393,1024,0,12,4,32,256,1,1,1024,1,1
"KERNEL_DISPATCH","Agent 3",1,0,2659034,1548,54,"void microllm::ops::hip::(anonymous namespace)::matmul_typed_kernel<float>(float const*, float const*, float*, long, long, long, long)",9225,3219595937092276,3219595937101818,0,0,16,0,48,256,1,1,256,1,1
"KERNEL_DISPATCH","Agent 3",1,0,2659034,1549,54,"void microllm::ops::hip::(anonymous namespace)::matmul_typed_kernel<float>(float const*, float const*, float*, long, long, long, long)",9230,3219595937103108,3219595937111286,0,0,16,0,48,256,1,1,256,1,1
"KERNEL_DISPATCH","Agent 3",1,0,2659034,1550,54,"void microllm::ops::hip::(anonymous namespace)::matmul_typed_kernel<float>(float const*, float const*, float*, long, long, long, long)",9235,3219595937110016,3219595937118676,0,0,16,0,48,256,1,1,256,1,1
"KERNEL_DISPATCH","Agent 3",1,0,2659034,1551,91,"microllm::ops::hip::(anonymous namespace)::rope_positions_kernel(float const*, int const*, float*, long, long, long, float)",9240,3219595937121855,3219595937124100,0,0,28,4,48,256,1,1,256,1,1
"KERNEL_DISPATCH","Agent 3",1,0,2659034,1552,91,"microllm::ops::hip::(anonymous namespace)::rope_positions_kernel(float const*, int const*, float*, long, long, long, float)",9245,3219595937137832,3219595937140438,0,0,28,4,48,256,1,1,256,1,1
"KERNEL_DISPATCH","Agent 3",1,0,2659034,1553,64,"void microllm::ops::hip::(anonymous namespace)::kv_cache_store_pair_positions_kernel<float>(float const*, float const*, int const*, int const*, float*, float*, long, long, long, long, long, long)",9248,3219595937143916,3219595937146121,0,0,20,4,48,256,1,1,256,1,1
"KERNEL_DISPATCH","Agent 3",1,0,2659034,1554,14,"void microllm::ops::hip::(anonymous namespace)::cached_attention_fused_positions_kernel<float>(float const*, float const*, float const*, int const*, int const*, float*, long, long, long, long, long, long, long, long, float)",9253,3219595937154010,3219595937160946,1024,0,52,4,64,256,1,1,4096,1,1
"KERNEL_DISPATCH","Agent 3",1,0,2659034,1555,54,"void microllm::ops::hip::(anonymous namespace)::matmul_typed_kernel<float>(float const*, float const*, float*, long, long, long, long)",9258,3219595937164112,3219595937172010,0,0,16,0,48,256,1,1,256,1,1
"KERNEL_DISPATCH","Agent 3",1,0,2659034,1556,50,"void microllm::ops::hip::(anonymous namespace)::add_rms_norm_kernel<256u>(float const*, float const*, float const*, float*, float*, long, long, float)",9279,3219595937210091,3219595937213138,1024,0,16,0,32,256,1,1,1024,1,1
"KERNEL_DISPATCH","Agent 3",1,0,2659034,1557,54,"void microllm::ops::hip::(anonymous namespace)::matmul_typed_kernel<float>(float const*, float const*, float*, long, long, long, long)",9284,3219595937217452,3219595937227154,0,0,16,0,48,256,1,1,512,1,1
"KERNEL_DISPATCH","Agent 3",1,0,2659034,1558,54,"void microllm::ops::hip::(anonymous namespace)::matmul_typed_kernel<float>(float const*, float const*, float*, long, long, long, long)",9289,3219595937229443,3219595937238344,0,0,16,0,48,256,1,1,512,1,1
"KERNEL_DISPATCH","Agent 3",1,0,2659034,1559,70,"void microllm::ops::hip::(anonymous namespace)::swiglu_typed_kernel<float>(float const*, float const*, float*, long)",9294,3219595937236327,3219595937239694,0,0,12,4,32,256,1,1,512,1,1
"KERNEL_DISPATCH","Agent 3",1,0,2659034,1560,54,"void microllm::ops::hip::(anonymous namespace)::matmul_typed_kernel<float>(float const*, float const*, float*, long, long, long, long)",9303,3219595937258620,3219595937275419,0,0,16,0,48,256,1,1,256,1,1
"KERNEL_DISPATCH","Agent 3",1,0,2659034,1561,110,"void microllm::ops::hip::(anonymous namespace)::add_typed_kernel<float>(float const*, float const*, float*, long)",9310,3219595937292092,3219595937294297,0,0,8,0,32,256,1,1,256,1,1
"KERNEL_DISPATCH","Agent 3",1,0,2659034,1562,135,"microllm::ops::hip::(anonymous namespace)::rms_norm_kernel(float const*, float const*, float*, long, long, float)",9325,3219595937318368,3219595937320974,1024,0,12,4,32,256,1,1,1024,1,1
"KERNEL_DISPATCH","Agent 3",1,0,2659034,1563,54,"void microllm::ops::hip::(anonymous namespace)::matmul_typed_kernel<float>(float const*, float const*, float*, long, long, long, long)",9330,3219595937325886,3219595937335147,0,0,16,0,48,256,1,1,256,1,1
"KERNEL_DISPATCH","Agent 3",1,0,2659034,1564,54,"void microllm::ops::hip::(anonymous namespace)::matmul_typed_kernel<float>(float const*, float const*, float*, long, long, long, long)",9335,3219595937335166,3219595937344427,0,0,16,0,48,256,1,1,256,1,1
"KERNEL_DISPATCH","Agent 3",1,0,2659034,1565,54,"void microllm::ops::hip::(anonymous namespace)::matmul_typed_kernel<float>(float const*, float const*, float*, long, long, long, long)",9340,3219595937344322,3219595937352902,0,0,16,0,48,256,1,1,256,1,1
"KERNEL_DISPATCH","Agent 3",1,0,2659034,1566,91,"microllm::ops::hip::(anonymous namespace)::rope_positions_kernel(float const*, int const*, float*, long, long, long, float)",9345,3219595937352992,3219595937356480,0,0,28,4,48,256,1,1,256,1,1
"KERNEL_DISPATCH","Agent 3",1,0,2659034,1567,91,"microllm::ops::hip::(anonymous namespace)::rope_positions_kernel(float const*, int const*, float*, long, long, long, float)",9350,3219595937359951,3219595937362477,0,0,28,4,48,256,1,1,256,1,1
"KERNEL_DISPATCH","Agent 3",1,0,2659034,1568,64,"void microllm::ops::hip::(anonymous namespace)::kv_cache_store_pair_positions_kernel<float>(float const*, float const*, int const*, int const*, float*, float*, long, long, long, long, long, long)",9353,3219595937366334,3219595937368660,0,0,20,4,48,256,1,1,256,1,1
"KERNEL_DISPATCH","Agent 3",1,0,2659034,1569,14,"void microllm::ops::hip::(anonymous namespace)::cached_attention_fused_positions_kernel<float>(float const*, float const*, float const*, int const*, int const*, float*, long, long, long, long, long, long, long, long, float)",9358,3219595937374207,3219595937381905,1024,0,52,4,64,256,1,1,4096,1,1
"KERNEL_DISPATCH","Agent 3",1,0,2659034,1570,54,"void microllm::ops::hip::(anonymous namespace)::matmul_typed_kernel<float>(float const*, float const*, float*, long, long, long, long)",9363,3219595937381941,3219595937391162,0,0,16,0,48,256,1,1,256,1,1
"KERNEL_DISPATCH","Agent 3",1,0,2659034,1571,50,"void microllm::ops::hip::(anonymous namespace)::add_rms_norm_kernel<256u>(float const*, float const*, float const*, float*, float*, long, long, float)",9384,3219595937426017,3219595937428743,1024,0,16,0,32,256,1,1,1024,1,1
"KERNEL_DISPATCH","Agent 3",1,0,2659034,1572,54,"void microllm::ops::hip::(anonymous namespace)::matmul_typed_kernel<float>(float const*, float const*, float*, long, long, long, long)",9389,3219595937433442,3219595937443465,0,0,16,0,48,256,1,1,512,1,1
"KERNEL_DISPATCH","Agent 3",1,0,2659034,1573,54,"void microllm::ops::hip::(anonymous namespace)::matmul_typed_kernel<float>(float const*, float const*, float*, long, long, long, long)",9394,3219595937443389,3219595937452490,0,0,16,0,48,256,1,1,512,1,1
"KERNEL_DISPATCH","Agent 3",1,0,2659034,1574,70,"void microllm::ops::hip::(anonymous namespace)::swiglu_typed_kernel<float>(float const*, float const*, float*, long)",9399,3219595937452535,3219595937456063,0,0,12,4,32,256,1,1,512,1,1
"KERNEL_DISPATCH","Agent 3",1,0,2659034,1575,54,"void microllm::ops::hip::(anonymous namespace)::matmul_typed_kernel<float>(float const*, float const*, float*, long, long, long, long)",9408,3219595937474339,3219595937491658,0,0,16,0,48,256,1,1,256,1,1
"KERNEL_DISPATCH","Agent 3",1,0,2659034,1576,110,"void microllm::ops::hip::(anonymous namespace)::add_typed_kernel<float>(float const*, float const*, float*, long)",9415,3219595937508324,3219595937510850,0,0,8,0,32,256,1,1,256,1,1
"KERNEL_DISPATCH","Agent 3",1,0,2659034,1577,135,"microllm::ops::hip::(anonymous namespace)::rms_norm_kernel(float const*, float const*, float*, long, long, float)",9430,3219595937534626,3219595937537473,1024,0,12,4,32,256,1,1,1024,1,1
"KERNEL_DISPATCH","Agent 3",1,0,2659034,1578,54,"void microllm::ops::hip::(anonymous namespace)::matmul_typed_kernel<float>(float const*, float const*, float*, long, long, long, long)",9437,3219595937553905,3219595937563567,0,0,16,0,48,256,1,1,1024,1,1
"KERNEL_DISPATCH","Agent 3",1,0,2659034,1579,11,"__amd_rocclr_copyBuffer",9448,3219595937584262,3219595937585986,0,0,16,0,32,512,1,1,512,1,1
"KERNEL_DISPATCH","Agent 3",1,0,2659034,1580,11,"__amd_rocclr_copyBuffer",9450,3219595937589861,3219595937591504,0,0,16,0,32,512,1,1,512,1,1
"KERNEL_DISPATCH","Agent 3",1,0,2659034,1581,11,"__amd_rocclr_copyBuffer",9452,3219595937596354,3219595937598118,0,0,16,0,32,512,1,1,512,1,1
"KERNEL_DISPATCH","Agent 3",1,0,2659034,1582,11,"__amd_rocclr_copyBuffer",9454,3219595937602118,3219595937604523,0,0,16,0,32,512,1,1,512,1,1
"KERNEL_DISPATCH","Agent 3",1,0,2659034,1583,67,"microllm::ops::hip::(anonymous namespace)::argmax_last_dim_kernel(float const*, int*, long, long)",9460,3219595937655477,3219595937658804,4096,0,12,4,32,256,1,1,1024,1,1
"KERNEL_DISPATCH","Agent 3",1,0,2659034,1584,11,"__amd_rocclr_copyBuffer",9463,3219595937672424,3219595937675150,0,0,16,0,32,512,1,1,512,1,1
"KERNEL_DISPATCH","Agent 3",1,0,2659034,1585,100,"void microllm::ops::hip::(anonymous namespace)::fill_typed_kernel<float>(float*, long, float)",9467,3219595937697700,3219595937699343,0,0,4,4,16,256,1,1,2048,1,1
"KERNEL_DISPATCH","Agent 3",1,0,2659034,1586,100,"void microllm::ops::hip::(anonymous namespace)::fill_typed_kernel<float>(float*, long, float)",9470,3219595937703154,3219595937704838,0,0,4,4,16,256,1,1,2048,1,1
"KERNEL_DISPATCH","Agent 3",1,0,2659034,1587,100,"void microllm::ops::hip::(anonymous namespace)::fill_typed_kernel<float>(float*, long, float)",9473,3219595937709040,3219595937710604,0,0,4,4,16,256,1,1,2048,1,1
"KERNEL_DISPATCH","Agent 3",1,0,2659034,1588,100,"void microllm::ops::hip::(anonymous namespace)::fill_typed_kernel<float>(float*, long, float)",9476,3219595937714330,3219595937715814,0,0,4,4,16,256,1,1,2048,1,1
"KERNEL_DISPATCH","Agent 3",1,0,2659034,1589,100,"void microllm::ops::hip::(anonymous namespace)::fill_typed_kernel<float>(float*, long, float)",9479,3219595937720714,3219595937722318,0,0,4,4,16,256,1,1,2048,1,1
"KERNEL_DISPATCH","Agent 3",1,0,2659034,1590,100,"void microllm::ops::hip::(anonymous namespace)::fill_typed_kernel<float>(float*, long, float)",9482,3219595937726120,3219595937727804,0,0,4,4,16,256,1,1,2048,1,1
"KERNEL_DISPATCH","Agent 3",1,0,2659034,1591,100,"void microllm::ops::hip::(anonymous namespace)::fill_typed_kernel<float>(float*, long, float)",9485,3219595937731774,3219595937733418,0,0,4,4,16,256,1,1,2048,1,1
"KERNEL_DISPATCH","Agent 3",1,0,2659034,1592,100,"void microllm::ops::hip::(anonymous namespace)::fill_typed_kernel<float>(float*, long, float)",9488,3219595937737307,3219595937738870,0,0,4,4,16,256,1,1,2048,1,1
"KERNEL_DISPATCH","Agent 3",1,0,2659034,1593,11,"__amd_rocclr_copyBuffer",9493,3219595937747359,3219595937751889,0,0,16,0,32,512,1,1,512,1,1
"KERNEL_DISPATCH","Agent 3",1,0,2659034,1594,11,"__amd_rocclr_copyBuffer",9497,3219595937767853,3219595937772183,0,0,16,0,32,512,1,1,512,1,1
"KERNEL_DISPATCH","Agent 3",1,0,2659034,1595,11,"__amd_rocclr_copyBuffer",9501,3219595937788855,3219595937793145,0,0,16,0,32,512,1,1,512,1,1
"KERNEL_DISPATCH","Agent 3",1,0,2659034,1596,86,"microllm::ops::hip::(anonymous namespace)::embedding_kernel(float const*, int const*, float*, long, long, long)",9505,3219595937812249,3219595937814294,0,0,16,0,32,256,1,1,256,1,1
"KERNEL_DISPATCH","Agent 3",1,0,2659034,1597,135,"microllm::ops::hip::(anonymous namespace)::rms_norm_kernel(float const*, float const*, float*, long, long, float)",9510,3219595937825329,3219595937827935,1024,0,12,4,32,256,1,1,512,1,1
"KERNEL_DISPATCH","Agent 3",1,0,2659034,1598,54,"void microllm::ops::hip::(anonymous namespace)::matmul_typed_kernel<float>(float const*, float const*, float*, long, long, long, long)",9515,3219595937840188,3219595937850853,0,0,16,0,48,256,1,1,256,1,1
"KERNEL_DISPATCH","Agent 3",1,0,2659034,1599,54,"void microllm::ops::hip::(anonymous namespace)::matmul_typed_kernel<float>(float const*, float const*, float*, long, long, long, long)",9520,3219595937850905,3219595937859284,0,0,16,0,48,256,1,1,256,1,1
"KERNEL_DISPATCH","Agent 3",1,0,2659034,1600,54,"void microllm::ops::hip::(anonymous namespace)::matmul_typed_kernel<float>(float const*, float const*, float*, long, long, long, long)",9525,3219595937859375,3219595937867634,0,0,16,0,48,256,1,1,256,1,1
"KERNEL_DISPATCH","Agent 3",1,0,2659034,1601,91,"microllm::ops::hip::(anonymous namespace)::rope_positions_kernel(float const*, int const*, float*, long, long, long, float)",9530,3219595937870820,3219595937874028,0,0,28,4,48,256,1,1,256,1,1
"KERNEL_DISPATCH","Agent 3",1,0,2659034,1602,91,"microllm::ops::hip::(anonymous namespace)::rope_positions_kernel(float const*, int const*, float*, long, long, long, float)",9535,3219595937880682,3219595937883408,0,0,28,4,48,256,1,1,256,1,1
"KERNEL_DISPATCH","Agent 3",1,0,2659034,1603,64,"void microllm::ops::hip::(anonymous namespace)::kv_cache_store_pair_positions_kernel<float>(float const*, float const*, int const*, int const*, float*, float*, long, long, long, long, long, long)",9538,3219595937886600,3219595937889246,0,0,20,4,48,256,1,1,256,1,1
"KERNEL_DISPATCH","Agent 3",1,0,2659034,1604,14,"void microllm::ops::hip::(anonymous namespace)::cached_attention_fused_positions_kernel<float>(float const*, float const*, float const*, int const*, int const*, float*, long, long, long, long, long, long, long, long, float)",9543,3219595937896035,3219595937902891,1024,0,52,4,64,256,1,1,2048,1,1
"KERNEL_DISPATCH","Agent 3",1,0,2659034,1605,54,"void microllm::ops::hip::(anonymous namespace)::matmul_typed_kernel<float>(float const*, float const*, float*, long, long, long, long)",9548,3219595937906119,3219595937915180,0,0,16,0,48,256,1,1,256,1,1
"KERNEL_DISPATCH","Agent 3",1,0,2659034,1606,50,"void microllm::ops::hip::(anonymous namespace)::add_rms_norm_kernel<256u>(float const*, float const*, float const*, float*, float*, long, long, float)",9569,3219595937954085,3219595937957092,1024,0,16,0,32,256,1,1,512,1,1
"KERNEL_DISPATCH","Agent 3",1,0,2659034,1607,54,"void microllm::ops::hip::(anonymous namespace)::matmul_typed_kernel<float>(float const*, float const*, float*, long, long, long, long)",9574,3219595937961821,3219595937971323,0,0,16,0,48,256,1,1,256,1,1
"KERNEL_DISPATCH","Agent 3",1,0,2659034,1608,54,"void microllm::ops::hip::(anonymous namespace)::matmul_typed_kernel<float>(float const*, float const*, float*, long, long, long, long)",9579,3219595937971379,3219595937980119,0,0,16,0,48,256,1,1,256,1,1
"KERNEL_DISPATCH","Agent 3",1,0,2659034,1609,70,"void microllm::ops::hip::(anonymous namespace)::swiglu_typed_kernel<float>(float const*, float const*, float*, long)",9584,3219595937980090,3219595937983618,0,0,12,4,32,256,1,1,256,1,1
"KERNEL_DISPATCH","Agent 3",1,0,2659034,1610,54,"void microllm::ops::hip::(anonymous namespace)::matmul_typed_kernel<float>(float const*, float const*, float*, long, long, long, long)",9593,3219595938002211,3219595938018889,0,0,16,0,48,256,1,1,256,1,1
"KERNEL_DISPATCH","Agent 3",1,0,2659034,1611,110,"void microllm::ops::hip::(anonymous namespace)::add_typed_kernel<float>(float const*, float const*, float*, long)",9600,3219595938035366,3219595938038132,0,0,8,0,32,256,1,1,256,1,1
"KERNEL_DISPATCH","Agent 3",1,0,2659034,1612,135,"microllm::ops::hip::(anonymous namespace)::rms_norm_kernel(float const*, float const*, float*, long, long, float)",9615,3219595938062083,3219595938065009,1024,0,12,4,32,256,1,1,512,1,1
"KERNEL_DISPATCH","Agent 3",1,0,2659034,1613,54,"void microllm::ops::hip::(anonymous namespace)::matmul_typed_kernel<float>(float const*, float const*, float*, long, long, long, long)",9620,3219595938068837,3219595938078620,0,0,16,0,48,256,1,1,256,1,1
"KERNEL_DISPATCH","Agent 3",1,0,2659034,1614,54,"void microllm::ops::hip::(anonymous namespace)::matmul_typed_kernel<float>(float const*, float const*, float*, long, long, long, long)",9625,3219595938078559,3219595938087098,0,0,16,0,48,256,1,1,256,1,1
"KERNEL_DISPATCH","Agent 3",1,0,2659034,1615,54,"void microllm::ops::hip::(anonymous namespace)::matmul_typed_kernel<float>(float const*, float const*, float*, long, long, long, long)",9630,3219595938087091,3219595938095591,0,0,16,0,48,256,1,1,256,1,1
"KERNEL_DISPATCH","Agent 3",1,0,2659034,1616,91,"microllm::ops::hip::(anonymous namespace)::rope_positions_kernel(float const*, int const*, float*, long, long, long, float)",9635,3219595938102568,3219595938105375,0,0,28,4,48,256,1,1,256,1,1
"KERNEL_DISPATCH","Agent 3",1,0,2659034,1617,91,"microllm::ops::hip::(anonymous namespace)::rope_positions_kernel(float const*, int const*, float*, long, long, long, float)",9640,3219595938109852,3219595938112538,0,0,28,4,48,256,1,1,256,1,1
"KERNEL_DISPATCH","Agent 3",1,0,2659034,1618,64,"void microllm::ops::hip::(anonymous namespace)::kv_cache_store_pair_positions_kernel<float>(float const*, float const*, int const*, int const*, float*, float*, long, long, long, long, long, long)",9643,3219595938115727,3219595938118252,0,0,20,4,48,256,1,1,256,1,1
"KERNEL_DISPATCH","Agent 3",1,0,2659034,1619,14,"void microllm::ops::hip::(anonymous namespace)::cached_attention_fused_positions_kernel<float>(float const*, float const*, float const*, int const*, int const*, float*, long, long, long, long, long, long, long, long, float)",9648,3219595938124387,3219595938131163,1024,0,52,4,64,256,1,1,2048,1,1
"KERNEL_DISPATCH","Agent 3",1,0,2659034,1620,54,"void microllm::ops::hip::(anonymous namespace)::matmul_typed_kernel<float>(float const*, float const*, float*, long, long, long, long)",9653,3219595938134513,3219595938142331,0,0,16,0,48,256,1,1,256,1,1
"KERNEL_DISPATCH","Agent 3",1,0,2659034,1621,50,"void microllm::ops::hip::(anonymous namespace)::add_rms_norm_kernel<256u>(float const*, float const*, float const*, float*, float*, long, long, float)",9674,3219595938176953,3219595938179839,1024,0,16,0,32,256,1,1,512,1,1
"KERNEL_DISPATCH","Agent 3",1,0,2659034,1622,54,"void microllm::ops::hip::(anonymous namespace)::matmul_typed_kernel<float>(float const*, float const*, float*, long, long, long, long)",9679,3219595938184481,3219595938194383,0,0,16,0,48,256,1,1,256,1,1
"KERNEL_DISPATCH","Agent 3",1,0,2659034,1623,54,"void microllm::ops::hip::(anonymous namespace)::matmul_typed_kernel<float>(float const*, float const*, float*, long, long, long, long)",9684,3219595938194262,3219595938203323,0,0,16,0,48,256,1,1,256,1,1
"KERNEL_DISPATCH","Agent 3",1,0,2659034,1624,70,"void microllm::ops::hip::(anonymous namespace)::swiglu_typed_kernel<float>(float const*, float const*, float*, long)",9689,3219595938203467,3219595938206875,0,0,12,4,32,256,1,1,256,1,1
"KERNEL_DISPATCH","Agent 3",1,0,2659034,1625,54,"void microllm::ops::hip::(anonymous namespace)::matmul_typed_kernel<float>(float const*, float const*, float*, long, long, long, long)",9698,3219595938225468,3219595938241504,0,0,16,0,48,256,1,1,256,1,1
"KERNEL_DISPATCH","Agent 3",1,0,2659034,1626,110,"void microllm::ops::hip::(anonymous namespace)::add_typed_kernel<float>(float const*, float const*, float*, long)",9705,3219595938258231,3219595938260957,0,0,8,0,32,256,1,1,256,1,1
"KERNEL_DISPATCH","Agent 3",1,0,2659034,1627,135,"microllm::ops::hip::(anonymous namespace)::rms_norm_kernel(float const*, float const*, float*, long, long, float)",9720,3219595938284865,3219595938287391,1024,0,12,4,32,256,1,1,512,1,1
"KERNEL_DISPATCH","Agent 3",1,0,2659034,1628,54,"void microllm::ops::hip::(anonymous namespace)::matmul_typed_kernel<float>(float const*, float const*, float*, long, long, long, long)",9727,3219595938304008,3219595938313470,0,0,16,0,48,256,1,1,512,1,1
"KERNEL_DISPATCH","Agent 3",1,0,2659034,1629,11,"__amd_rocclr_copyBuffer",9738,3219595938334372,3219595938336016,0,0,16,0,32,512,1,1,512,1,1
"KERNEL_DISPATCH","Agent 3",1,0,2659034,1630,11,"__amd_rocclr_copyBuffer",9740,3219595938339380,3219595938340623,0,0,16,0,32,512,1,1,512,1,1
"KERNEL_DISPATCH","Agent 3",1,0,2659034,1631,67,"microllm::ops::hip::(anonymous namespace)::argmax_last_dim_kernel(float const*, int*, long, long)",9746,3219595938358299,3219595938361627,4096,0,12,4,32,256,1,1,1024,1,1
"KERNEL_DISPATCH","Agent 3",1,0,2659034,1632,11,"__amd_rocclr_copyBuffer",9749,3219595938365887,3219595938366970,0,0,16,0,32,512,1,1,512,1,1
"KERNEL_DISPATCH","Agent 3",1,0,2659034,1633,100,"void microllm::ops::hip::(anonymous namespace)::fill_typed_kernel<float>(float*, long, float)",9753,3219595938390323,3219595938391646,0,0,4,4,16,256,1,1,2048,1,1
"KERNEL_DISPATCH","Agent 3",1,0,2659034,1634,100,"void microllm::ops::hip::(anonymous namespace)::fill_typed_kernel<float>(float*, long, float)",9756,3219595938394946,3219595938396430,0,0,4,4,16,256,1,1,2048,1,1
"KERNEL_DISPATCH","Agent 3",1,0,2659034,1635,100,"void microllm::ops::hip::(anonymous namespace)::fill_typed_kernel<float>(float*, long, float)",9759,3219595938401216,3219595938402499,0,0,4,4,16,256,1,1,2048,1,1
"KERNEL_DISPATCH","Agent 3",1,0,2659034,1636,100,"void microllm::ops::hip::(anonymous namespace)::fill_typed_kernel<float>(float*, long, float)",9762,3219595938407084,3219595938408367,0,0,4,4,16,256,1,1,2048,1,1
"KERNEL_DISPATCH","Agent 3",1,0,2659034,1637,11,"__amd_rocclr_copyBuffer",9767,3219595938417464,3219595938421192,0,0,16,0,32,512,1,1,512,1,1
"KERNEL_DISPATCH","Agent 3",1,0,2659034,1638,11,"__amd_rocclr_copyBuffer",9771,3219595938437332,3219595938441020,0,0,16,0,32,512,1,1,512,1,1
"KERNEL_DISPATCH","Agent 3",1,0,2659034,1639,11,"__amd_rocclr_copyBuffer",9775,3219595938458174,3219595938461782,0,0,16,0,32,512,1,1,512,1,1
"KERNEL_DISPATCH","Agent 3",1,0,2659034,1640,86,"microllm::ops::hip::(anonymous namespace)::embedding_kernel(float const*, int const*, float*, long, long, long)",9779,3219595938477194,3219595938479119,0,0,16,0,32,256,1,1,256,1,1
"KERNEL_DISPATCH","Agent 3",1,0,2659034,1641,135,"microllm::ops::hip::(anonymous namespace)::rms_norm_kernel(float const*, float const*, float*, long, long, float)",9784,3219595938487153,3219595938489559,1024,0,12,4,32,256,1,1,256,1,1
"KERNEL_DISPATCH","Agent 3",1,0,2659034,1642,54,"void microllm::ops::hip::(anonymous namespace)::matmul_typed_kernel<float>(float const*, float const*, float*, long, long, long, long)",9789,3219595938494416,3219595938504318,0,0,16,0,48,256,1,1,256,1,1
"KERNEL_DISPATCH","Agent 3",1,0,2659034,1643,54,"void microllm::ops::hip::(anonymous namespace)::matmul_typed_kernel<float>(float const*, float const*, float*, long, long, long, long)",9794,3219595938504351,3219595938514575,0,0,16,0,48,256,1,1,256,1,1
"KERNEL_DISPATCH","Agent 3",1,0,2659034,1644,54,"void microllm::ops::hip::(anonymous namespace)::matmul_typed_kernel<float>(float const*, float const*, float*, long, long, long, long)",9799,3219595938514692,3219595938523111,0,0,16,0,48,256,1,1,256,1,1
"KERNEL_DISPATCH","Agent 3",1,0,2659034,1645,91,"microllm::ops::hip::(anonymous namespace)::rope_positions_kernel(float const*, int const*, float*, long, long, long, float)",9804,3219595938526445,3219595938529131,0,0,28,4,48,256,1,1,256,1,1
"KERNEL_DISPATCH","Agent 3",1,0,2659034,1646,91,"microllm::ops::hip::(anonymous namespace)::rope_positions_kernel(float const*, int const*, float*, long, long, long, float)",9809,3219595938544263,3219595938546789,0,0,28,4,48,256,1,1,256,1,1
"KERNEL_DISPATCH","Agent 3",1,0,2659034,1647,64,"void microllm::ops::hip::(anonymous namespace)::kv_cache_store_pair_positions_kernel<float>(float const*, float const*, int const*, int const*, float*, float*, long, long, long, long, long, long)",9812,3219595938593201,3219595938595407,0,0,20,4,48,256,1,1,256,1,1
"KERNEL_DISPATCH","Agent 3",1,0,2659034,1648,14,"void microllm::ops::hip::(anonymous namespace)::cached_attention_fused_positions_kernel<float>(float const*, float const*, float const*, int const*, int const*, float*, long, long, long, long, long, long, long, long, float)",9817,3219595938611658,3219595938618393,1024,0,52,4,64,256,1,1,1024,1,1
"KERNEL_DISPATCH","Agent 3",1,0,2659034,1649,54,"void microllm::ops::hip::(anonymous namespace)::matmul_typed_kernel<float>(float const*, float const*, float*, long, long, long, long)",9822,3219595938623513,3219595938632814,0,0,16,0,48,256,1,1,256,1,1
"KERNEL_DISPATCH","Agent 3",1,0,2659034,1650,50,"void microllm::ops::hip::(anonymous namespace)::add_rms_norm_kernel<256u>(float const*, float const*, float const*, float*, float*, long, long, float)",9843,3219595938673583,3219595938676309,1024,0,16,0,32,256,1,1,256,1,1
"KERNEL_DISPATCH","Agent 3",1,0,2659034,1651,54,"void microllm::ops::hip::(anonymous namespace)::matmul_typed_kernel<float>(float const*, float const*, float*, long, long, long, long)",9848,3219595938681886,3219595938691148,0,0,16,0,48,256,1,1,256,1,1
"KERNEL_DISPATCH","Agent 3",1,0,2659034,1652,54,"void microllm::ops::hip::(anonymous namespace)::matmul_typed_kernel<float>(float const*, float const*, float*, long, long, long, long)",9853,3219595938691172,3219595938699912,0,0,16,0,48,256,1,1,256,1,1
"KERNEL_DISPATCH","Agent 3",1,0,2659034,1653,70,"void microllm::ops::hip::(anonymous namespace)::swiglu_typed_kernel<float>(float const*, float const*, float*, long)",9858,3219595938699968,3219595938703416,0,0,12,4,32,256,1,1,256,1,1
"KERNEL_DISPATCH","Agent 3",1,0,2659034,1654,54,"void microllm::ops::hip::(anonymous namespace)::matmul_typed_kernel<float>(float const*, float const*, float*, long, long, long, long)",9867,3219595938722098,3219595938738817,0,0,16,0,48,256,1,1,256,1,1
"KERNEL_DISPATCH","Agent 3",1,0,2659034,1655,110,"void microllm::ops::hip::(anonymous namespace)::add_typed_kernel<float>(float const*, float const*, float*, long)",9874,3219595938755578,3219595938757863,0,0,8,0,32,256,1,1,256,1,1
"KERNEL_DISPATCH","Agent 3",1,0,2659034,1656,135,"microllm::ops::hip::(anonymous namespace)::rms_norm_kernel(float const*, float const*, float*, long, long, float)",9889,3219595938782580,3219595938785226,1024,0,12,4,32,256,1,1,256,1,1
"KERNEL_DISPATCH","Agent 3",1,0,2659034,1657,54,"void microllm::ops::hip::(anonymous namespace)::matmul_typed_kernel<float>(float const*, float const*, float*, long, long, long, long)",9894,3219595938789356,3219595938798577,0,0,16,0,48,256,1,1,256,1,1
"KERNEL_DISPATCH","Agent 3",1,0,2659034,1658,54,"void microllm::ops::hip::(anonymous namespace)::matmul_typed_kernel<float>(float const*, float const*, float*, long, long, long, long)",9899,3219595938800060,3219595938810845,0,0,16,0,48,256,1,1,256,1,1
"KERNEL_DISPATCH","Agent 3",1,0,2659034,1659,54,"void microllm::ops::hip::(anonymous namespace)::matmul_typed_kernel<float>(float const*, float const*, float*, long, long, long, long)",9904,3219595938809691,3219595938818471,0,0,16,0,48,256,1,1,256,1,1
"KERNEL_DISPATCH","Agent 3",1,0,2659034,1660,91,"microllm::ops::hip::(anonymous namespace)::rope_positions_kernel(float const*, int const*, float*, long, long, long, float)",9909,3219595938818074,3219595938822805,0,0,28,4,48,256,1,1,256,1,1
"KERNEL_DISPATCH","Agent 3",1,0,2659034,1661,91,"microllm::ops::hip::(anonymous namespace)::rope_positions_kernel(float const*, int const*, float*, long, long, long, float)",9914,3219595938823023,3219595938826431,0,0,28,4,48,256,1,1,256,1,1
"KERNEL_DISPATCH","Agent 3",1,0,2659034,1662,64,"void microllm::ops::hip::(anonymous namespace)::kv_cache_store_pair_positions_kernel<float>(float const*, float const*, int const*, int const*, float*, float*, long, long, long, long, long, long)",9917,3219595938829670,3219595938830472,0,0,20,4,48,256,1,1,256,1,1
"KERNEL_DISPATCH","Agent 3",1,0,2659034,1663,14,"void microllm::ops::hip::(anonymous namespace)::cached_attention_fused_positions_kernel<float>(float const*, float const*, float const*, int const*, int const*, float*, long, long, long, long, long, long, long, long, float)",9922,3219595938838650,3219595938846628,1024,0,52,4,64,256,1,1,1024,1,1
"KERNEL_DISPATCH","Agent 3",1,0,2659034,1664,54,"void microllm::ops::hip::(anonymous namespace)::matmul_typed_kernel<float>(float const*, float const*, float*, long, long, long, long)",9927,3219595938846740,3219595938856042,0,0,16,0,48,256,1,1,256,1,1
"KERNEL_DISPATCH","Agent 3",1,0,2659034,1665,50,"void microllm::ops::hip::(anonymous namespace)::add_rms_norm_kernel<256u>(float const*, float const*, float const*, float*, float*, long, long, float)",9948,3219595938890141,3219595938892908,1024,0,16,0,32,256,1,1,256,1,1
"KERNEL_DISPATCH","Agent 3",1,0,2659034,1666,54,"void microllm::ops::hip::(anonymous namespace)::matmul_typed_kernel<float>(float const*, float const*, float*, long, long, long, long)",9953,3219595938897297,3219595938906638,0,0,16,0,48,256,1,1,256,1,1
"KERNEL_DISPATCH","Agent 3",1,0,2659034,1667,54,"void microllm::ops::hip::(anonymous namespace)::matmul_typed_kernel<float>(float const*, float const*, float*, long, long, long, long)",9958,3219595938906644,3219595938915184,0,0,16,0,48,256,1,1,256,1,1
"KERNEL_DISPATCH","Agent 3",1,0,2659034,1668,70,"void microllm::ops::hip::(anonymous namespace)::swiglu_typed_kernel<float>(float const*, float const*, float*, long)",9963,3219595938915279,3219595938918767,0,0,12,4,32,256,1,1,256,1,1
"KERNEL_DISPATCH","Agent 3",1,0,2659034,1669,54,"void microllm::ops::hip::(anonymous namespace)::matmul_typed_kernel<float>(float const*, float const*, float*, long, long, long, long)",9972,3219595938936961,3219595938953639,0,0,16,0,48,256,1,1,256,1,1
"KERNEL_DISPATCH","Agent 3",1,0,2659034,1670,110,"void microllm::ops::hip::(anonymous namespace)::add_typed_kernel<float>(float const*, float const*, float*, long)",9979,3219595938970252,3219595938972978,0,0,8,0,32,256,1,1,256,1,1
"KERNEL_DISPATCH","Agent 3",1,0,2659034,1671,135,"microllm::ops::hip::(anonymous namespace)::rms_norm_kernel(float const*, float const*, float*, long, long, float)",9994,3219595939032611,3219595939036340,1024,0,12,4,32,256,1,1,256,1,1
"KERNEL_DISPATCH","Agent 3",1,0,2659034,1672,54,"void microllm::ops::hip::(anonymous namespace)::matmul_typed_kernel<float>(float const*, float const*, float*, long, long, long, long)",10001,3219595939056461,3219595939065682,0,0,16,0,48,256,1,1,256,1,1
"KERNEL_DISPATCH","Agent 3",1,0,2659034,1673,11,"__amd_rocclr_copyBuffer",10012,3219595939087751,3219595939090277,0,0,16,0,32,512,1,1,512,1,1
"KERNEL_DISPATCH","Agent 3",1,0,2659034,1674,67,"microllm::ops::hip::(anonymous namespace)::argmax_last_dim_kernel(float const*, int*, long, long)",10018,3219595939107722,3219595939111010,4096,0,12,4,32,256,1,1,1024,1,1
"KERNEL_DISPATCH","Agent 3",1,0,2659034,1675,11,"__amd_rocclr_copyBuffer",10021,3219595939115176,3219595939116339,0,0,16,0,32,512,1,1,512,1,1
"KERNEL_DISPATCH","Agent 3",1,0,2659034,1676,100,"void microllm::ops::hip::(anonymous namespace)::fill_typed_kernel<float>(float*, long, float)",10025,3219595939143766,3219595939145369,0,0,4,4,16,256,1,1,2048,1,1
"KERNEL_DISPATCH","Agent 3",1,0,2659034,1677,100,"void microllm::ops::hip::(anonymous namespace)::fill_typed_kernel<float>(float*, long, float)",10028,3219595939148823,3219595939150347,0,0,4,4,16,256,1,1,2048,1,1
"KERNEL_DISPATCH","Agent 3",1,0,2659034,1678,100,"void microllm::ops::hip::(anonymous namespace)::fill_typed_kernel<float>(float*, long, float)",10031,3219595939154279,3219595939155803,0,0,4,4,16,256,1,1,2048,1,1
"KERNEL_DISPATCH","Agent 3",1,0,2659034,1679,100,"void microllm::ops::hip::(anonymous namespace)::fill_typed_kernel<float>(float*, long, float)",10034,3219595939159390,3219595939160953,0,0,4,4,16,256,1,1,2048,1,1
