"Domain","Function","Process_Id","Thread_Id","Correlation_Id","Start_Timestamp","End_Timestamp"
"HIP_RUNTIME_API_EXT","hipGetDeviceCount",2659034,2659034,1,3219595652327034,3219595713805242
"HIP_RUNTIME_API_EXT","hipSetDevice",2659034,2659034,2,3219595715551181,3219595715552584
"HIP_RUNTIME_API_EXT","hipMalloc",2659034,2659034,3,3219595715565177,3219595715608552
"HIP_RUNTIME_API_EXT","hipSetDevice",2659034,2659034,4,3219595715609545,3219595715609800
"HIP_RUNTIME_API_EXT","hipMemcpy",2659034,2659034,5,3219595715615196,3219595902425319
"HIP_RUNTIME_API_EXT","hipSetDevice",2659034,2659034,6,3219595902434665,3219595902435534
"HIP_RUNTIME_API_EXT","hipMalloc",2659034,2659034,7,3219595902437363,3219595902447179
"HIP_RUNTIME_API_EXT","hipSetDevice",2659034,2659034,8,3219595902448891,3219595902448959
"HIP_RUNTIME_API_EXT","hipMemcpy",2659034,2659034,9,3219595902449937,3219595902512131
"HIP_RUNTIME_API_EXT","hipSetDevice",2659034,2659034,10,3219595902513636,3219595902513715
"HIP_RUNTIME_API_EXT","hipMalloc",2659034,2659034,11,3219595902514441,3219595902516641
"HIP_RUNTIME_API_EXT","hipSetDevice",2659034,2659034,12,3219595902517772,3219595902517851
"HIP_RUNTIME_API_EXT","hipMemcpy",2659034,2659034,13,3219595902518455,3219595902539032
"HIP_RUNTIME_API_EXT","hipSetDevice",2659034,2659034,14,3219595902540022,3219595902540089
"HIP_RUNTIME_API_EXT","hipMalloc",2659034,2659034,15,3219595902540606,3219595902542260
"HIP_RUNTIME_API_EXT","hipSetDevice",2659034,2659034,16,3219595902542835,3219595902542899
"HIP_RUNTIME_API_EXT","hipMemcpy",2659034,2659034,17,3219595902543460,3219595902561335
"HIP_RUNTIME_API_EXT","hipSetDevice",2659034,2659034,18,3219595902562177,3219595902562242
"HIP_RUNTIME_API_EXT","hipMalloc",2659034,2659034,19,3219595902563359,3219595902565140
"HIP_RUNTIME_API_EXT","hipSetDevice",2659034,2659034,20,3219595902565558,3219595902565619
"HIP_RUNTIME_API_EXT","hipMemcpy",2659034,2659034,21,3219595902566034,3219595902583583
"HIP_RUNTIME_API_EXT","hipSetDevice",2659034,2659034,22,3219595902584570,3219595902584635
"HIP_RUNTIME_API_EXT","hipMalloc",2659034,2659034,23,3219595902585034,3219595902586816
"HIP_RUNTIME_API_EXT","hipSetDevice",2659034,2659034,24,3219595902587281,3219595902587346
"HIP_RUNTIME_API_EXT","hipMemcpy",2659034,2659034,25,3219595902589609,3219595902608888
"HIP_RUNTIME_API_EXT","hipSetDevice",2659034,2659034,26,3219595902609968,3219595902610037
"HIP_RUNTIME_API_EXT","hipMalloc",2659034,2659034,27,3219595902610413,3219595902612063
"HIP_RUNTIME_API_EXT","hipSetDevice",2659034,2659034,28,3219595902612565,3219595902612626
"HIP_RUNTIME_API_EXT","hipMemcpy",2659034,2659034,29,3219595902613055,3219595902629104
"HIP_RUNTIME_API_EXT","hipSetDevice",2659034,2659034,30,3219595902630159,3219595902630227
"HIP_RUNTIME_API_EXT","hipMalloc",2659034,2659034,31,3219595902630665,3219595902632415
"HIP_RUNTIME_API_EXT","hipSetDevice",2659034,2659034,32,3219595902632858,3219595902632919
"HIP_RUNTIME_API_EXT","hipMemcpy",2659034,2659034,33,3219595902633300,3219595902659323
"HIP_RUNTIME_API_EXT","hipSetDevice",2659034,2659034,34,3219595902660197,3219595902660290
"HIP_RUNTIME_API_EXT","hipMalloc",2659034,2659034,35,3219595902660667,3219595902662413
"HIP_RUNTIME_API_EXT","hipSetDevice",2659034,2659034,36,3219595902662866,3219595902662926
"HIP_RUNTIME_API_EXT","hipMemcpy",2659034,2659034,37,3219595902663277,3219595902682295
"HIP_RUNTIME_API_EXT","hipSetDevice",2659034,2659034,38,3219595902683020,3219595902683087
"HIP_RUNTIME_API_EXT","hipMalloc",2659034,2659034,39,3219595902683577,3219595902685148
"HIP_RUNTIME_API_EXT","hipSetDevice",2659034,2659034,40,3219595902685593,3219595902685654
"HIP_RUNTIME_API_EXT","hipMemcpy",2659034,2659034,41,3219595902686009,3219595902704560
"HIP_RUNTIME_API_EXT","hipSetDevice",2659034,2659034,42,3219595902705272,3219595902705334
"HIP_RUNTIME_API_EXT","hipMalloc",2659034,2659034,43,3219595902705764,3219595902707782
"HIP_RUNTIME_API_EXT","hipSetDevice",2659034,2659034,44,3219595902708256,3219595902708317
"HIP_RUNTIME_API_EXT","hipMemcpy",2659034,2659034,45,3219595902708692,3219595902725960
"HIP_RUNTIME_API_EXT","hipSetDevice",2659034,2659034,46,3219595902726912,3219595902726979
"HIP_RUNTIME_API_EXT","hipMalloc",2659034,2659034,47,3219595902727553,3219595902728878
"HIP_RUNTIME_API_EXT","hipSetDevice",2659034,2659034,48,3219595902730634,3219595902730695
"HIP_RUNTIME_API_EXT","hipMemcpy",2659034,2659034,49,3219595902731074,3219595902750096
"HIP_RUNTIME_API_EXT","hipSetDevice",2659034,2659034,50,3219595902751213,3219595902751283
"HIP_RUNTIME_API_EXT","hipMalloc",2659034,2659034,51,3219595902751756,3219595902753327
"HIP_RUNTIME_API_EXT","hipSetDevice",2659034,2659034,52,3219595902753775,3219595902753840
"HIP_RUNTIME_API_EXT","hipMemcpy",2659034,2659034,53,3219595902754212,3219595902772516
"HIP_RUNTIME_API_EXT","hipSetDevice",2659034,2659034,54,3219595902773280,3219595902773338
"HIP_RUNTIME_API_EXT","hipMalloc",2659034,2659034,55,3219595902773984,3219595902775597
"HIP_RUNTIME_API_EXT","hipSetDevice",2659034,2659034,56,3219595902776020,3219595902776080
"HIP_RUNTIME_API_EXT","hipMemcpy",2659034,2659034,57,3219595902776440,3219595902793908
"HIP_RUNTIME_API_EXT","hipSetDevice",2659034,2659034,58,3219595902794984,3219595902795048
"HIP_RUNTIME_API_EXT","hipMalloc",2659034,2659034,59,3219595902795439,3219595902796854
"HIP_RUNTIME_API_EXT","hipSetDevice",2659034,2659034,60,3219595902797283,3219595902797347
"HIP_RUNTIME_API_EXT","hipMemcpy",2659034,2659034,61,3219595902797711,3219595902816786
"HIP_RUNTIME_API_EXT","hipSetDevice",2659034,2659034,62,3219595902817795,3219595902817866
"HIP_RUNTIME_API_EXT","hipMalloc",2659034,2659034,63,3219595902818246,3219595902819680
"HIP_RUNTIME_API_EXT","hipSetDevice",2659034,2659034,64,3219595902820152,3219595902820216
"HIP_RUNTIME_API_EXT","hipMemcpy",2659034,2659034,65,3219595902820755,3219595902836967
"HIP_RUNTIME_API_EXT","hipSetDevice",2659034,2659034,66,3219595902837914,3219595902837976
"HIP_RUNTIME_API_EXT","hipMalloc",2659034,2659034,67,3219595902838340,3219595902839797
"HIP_RUNTIME_API_EXT","hipSetDevice",2659034,2659034,68,3219595902840239,3219595902840303
"HIP_RUNTIME_API_EXT","hipMemcpy",2659034,2659034,69,3219595902840683,3219595902862031
"HIP_RUNTIME_API_EXT","hipSetDevice",2659034,2659034,70,3219595902862791,3219595902862857
"HIP_RUNTIME_API_EXT","hipMalloc",2659034,2659034,71,3219595902864659,3219595902866054
"HIP_RUNTIME_API_EXT","hipSetDevice",2659034,2659034,72,3219595902866502,3219595902866563
"HIP_RUNTIME_API_EXT","hipMemcpy",2659034,2659034,73,3219595902866924,3219595902886156
"HIP_RUNTIME_API_EXT","hipSetDevice",2659034,2659034,74,3219595902886792,3219595902886858
"HIP_RUNTIME_API_EXT","hipMalloc",2659034,2659034,75,3219595902887320,3219595902888876
"HIP_RUNTIME_API_EXT","hipSetDevice",2659034,2659034,76,3219595902889312,3219595902889372
"HIP_RUNTIME_API_EXT","hipMemcpy",2659034,2659034,77,3219595902889855,3219595902908338
"HIP_RUNTIME_API_EXT","hipSetDevice",2659034,2659034,78,3219595902909238,3219595902909303
"HIP_RUNTIME_API_EXT","hipMalloc",2659034,2659034,79,3219595902909746,3219595902911200
"HIP_RUNTIME_API_EXT","hipSetDevice",2659034,2659034,80,3219595902911664,3219595902911723
"HIP_RUNTIME_API_EXT","hipMemcpy",2659034,2659034,81,3219595902912119,3219595902928715
"HIP_RUNTIME_API_EXT","hipSetDevice",2659034,2659034,82,3219595902929688,3219595902929757
"HIP_RUNTIME_API_EXT","hipMalloc",2659034,2659034,83,3219595902930133,3219595902931846
"HIP_RUNTIME_API_EXT","hipSetDevice",2659034,2659034,84,3219595902932291,3219595902932358
"HIP_RUNTIME_API_EXT","hipMemcpy",2659034,2659034,85,3219595902932720,3219595902955151
"HIP_RUNTIME_API_EXT","hipSetDevice",2659034,2659034,86,3219595902983691,3219595902983767
"HIP_RUNTIME_API_EXT","hipMalloc",2659034,2659034,87,3219595902984187,3219595902985805
"HIP_RUNTIME_API_EXT","hipSetDevice",2659034,2659034,88,3219595902986253,3219595902986314
"HIP_RUNTIME_API_EXT","hipMemcpy",2659034,2659034,89,3219595902986672,3219595903004058
"HIP_RUNTIME_API_EXT","hipSetDevice",2659034,2659034,90,3219595903015684,3219595903015751
"HIP_RUNTIME_API_EXT","hipMalloc",2659034,2659034,91,3219595903016175,3219595903017719
"HIP_RUNTIME_API_EXT","hipSetDevice",2659034,2659034,92,3219595903022479,3219595903022544
"HIP_RUNTIME_API_EXT","hipLaunchKernel",2659034,2659034,93,3219595903033173,3219595912116708
"HIP_RUNTIME_API_EXT","hipGetLastError",2659034,2659034,94,3219595912125446,3219595912126633
"HIP_RUNTIME_API_EXT","hipSetDevice",2659034,2659034,95,3219595912132146,3219595912132518
"HIP_RUNTIME_API_EXT","hipMalloc",2659034,2659034,96,3219595912133739,3219595912142104
"HIP_RUNTIME_API_EXT","hipSetDevice",2659034,2659034,97,3219595912143153,3219595912143272
"HIP_RUNTIME_API_EXT","hipLaunchKernel",2659034,2659034,98,3219595912145726,3219595912152706
"HIP_RUNTIME_API_EXT","hipGetLastError",2659034,2659034,99,3219595912153313,3219595912153364
"HIP_RUNTIME_API_EXT","hipSetDevice",2659034,2659034,100,3219595912158579,3219595912158648
"HIP_RUNTIME_API_EXT","hipMalloc",2659034,2659034,101,3219595912159182,3219595912161004
"HIP_RUNTIME_API_EXT","hipSetDevice",2659034,2659034,102,3219595912161924,3219595912161985
"HIP_RUNTIME_API_EXT","hipLaunchKernel",2659034,2659034,103,3219595912163347,3219595912170618
"HIP_RUNTIME_API_EXT","hipGetLastError",2659034,2659034,104,3219595912171078,3219595912171128
"HIP_RUNTIME_API_EXT","hipSetDevice",2659034,2659034,105,3219595912172986,3219595912173053
"HIP_RUNTIME_API_EXT","hipMalloc",2659034,2659034,106,3219595912173470,3219595912175109
"HIP_RUNTIME_API_EXT","hipSetDevice",2659034,2659034,107,3219595912175525,3219595912175584
"HIP_RUNTIME_API_EXT","hipLaunchKernel",2659034,2659034,108,3219595912176247,3219595912180374
"HIP_RUNTIME_API_EXT","hipGetLastError",2659034,2659034,109,3219595912180786,3219595912180832
"HIP_RUNTIME_API_EXT","hipSetDevice",2659034,2659034,110,3219595912181858,3219595912181923
"HIP_RUNTIME_API_EXT","hipMalloc",2659034,2659034,111,3219595912182377,3219595912184050
"HIP_RUNTIME_API_EXT","hipSetDevice",2659034,2659034,112,3219595912184473,3219595912184534
"HIP_RUNTIME_API_EXT","hipLaunchKernel",2659034,2659034,113,3219595912185167,3219595912188775
"HIP_RUNTIME_API_EXT","hipGetLastError",2659034,2659034,114,3219595912189367,3219595912189416
"HIP_RUNTIME_API_EXT","hipSetDevice",2659034,2659034,115,3219595912190985,3219595912191052
"HIP_RUNTIME_API_EXT","hipMalloc",2659034,2659034,116,3219595912191441,3219595912193035
"HIP_RUNTIME_API_EXT","hipSetDevice",2659034,2659034,117,3219595912193961,3219595912194020
"HIP_RUNTIME_API_EXT","hipLaunchKernel",2659034,2659034,118,3219595912196679,3219595912551449
"HIP_RUNTIME_API_EXT","hipGetLastError",2659034,2659034,119,3219595912553042,3219595912553182
"HIP_RUNTIME_API_EXT","hipSetDevice",2659034,2659034,120,3219595912555161,3219595912555335
"HIP_RUNTIME_API_EXT","hipMalloc",2659034,2659034,121,3219595912555969,3219595912558850
"HIP_RUNTIME_API_EXT","hipSetDevice",2659034,2659034,122,3219595912559622,3219595912559700
"HIP_RUNTIME_API_EXT","hipLaunchKernel",2659034,2659034,123,3219595912561109,3219595912576130
"HIP_RUNTIME_API_EXT","hipGetLastError",2659034,2659034,124,3219595912576771,3219595912576833
"HIP_RUNTIME_API_EXT","hipSetDevice",2659034,2659034,125,3219595912578033,3219595912578097
"HIP_RUNTIME_API_EXT","hipMalloc",2659034,2659034,126,3219595912578560,3219595912580289
"HIP_RUNTIME_API_EXT","hipSetDevice",2659034,2659034,127,3219595912580788,3219595912580854
"HIP_RUNTIME_API_EXT","hipLaunchKernel",2659034,2659034,128,3219595912581519,3219595912586299
"HIP_RUNTIME_API_EXT","hipGetLastError",2659034,2659034,129,3219595912586974,3219595912587023
"HIP_RUNTIME_API_EXT","hipSetDevice",2659034,2659034,130,3219595912588844,3219595912588915
"HIP_RUNTIME_API_EXT","hipMalloc",2659034,2659034,131,3219595912589528,3219595912591175
"HIP_RUNTIME_API_EXT","hipSetDevice",2659034,2659034,132,3219595912591894,3219595912591961
"HIP_RUNTIME_API_EXT","hipLaunchKernel",2659034,2659034,133,3219595912593035,3219595912598260
"HIP_RUNTIME_API_EXT","hipGetLastError",2659034,2659034,134,3219595912599042,3219595912599088
"HIP_RUNTIME_API_EXT","hipSetDevice",2659034,2659034,135,3219595912600060,3219595912600130
"HIP_RUNTIME_API_EXT","hipFree",2659034,2659034,136,3219595912602609,3219595912653265
"HIP_RUNTIME_API_EXT","hipSetDevice",2659034,2659034,137,3219595912655798,3219595912655912
"HIP_RUNTIME_API_EXT","hipMalloc",2659034,2659034,138,3219595912656360,3219595912657769
"HIP_RUNTIME_API_EXT","hipSetDevice",2659034,2659034,139,3219595912658267,3219595912658329
"HIP_RUNTIME_API_EXT","hipLaunchKernel",2659034,2659034,140,3219595912658925,3219595912663863
"HIP_RUNTIME_API_EXT","hipGetLastError",2659034,2659034,141,3219595912666419,3219595912666528
"HIP_RUNTIME_API_EXT","hipSetDevice",2659034,2659034,142,3219595912667089,3219595912667160
"HIP_RUNTIME_API_EXT","hipFree",2659034,2659034,143,3219595912667568,3219595912678900
"HIP_RUNTIME_API_EXT","hipSetDevice",2659034,2659034,144,3219595912680699,3219595912680767
"HIP_RUNTIME_API_EXT","hipMalloc",2659034,2659034,145,3219595912681216,3219595912682652
"HIP_RUNTIME_API_EXT","hipSetDevice",2659034,2659034,146,3219595912683885,3219595912683949
"HIP_RUNTIME_API_EXT","hipMemcpy",2659034,2659034,147,3219595912684704,3219595912692875
"HIP_RUNTIME_API_EXT","hipSetDevice",2659034,2659034,148,3219595912693679,3219595912693747
"HIP_RUNTIME_API_EXT","hipMemcpy",2659034,2659034,149,3219595912694133,3219595912698025
"HIP_RUNTIME_API_EXT","hipSetDevice",2659034,2659034,150,3219595912698938,3219595912699007
"HIP_RUNTIME_API_EXT","hipMalloc",2659034,2659034,151,3219595912699431,3219595912702842
"HIP_RUNTIME_API_EXT","hipSetDevice",2659034,2659034,152,3219595912703653,3219595912703754
"HIP_RUNTIME_API_EXT","hipMemcpy",2659034,2659034,153,3219595912704159,3219595912708754
"HIP_RUNTIME_API_EXT","hipSetDevice",2659034,2659034,154,3219595912709267,3219595912709335
"HIP_RUNTIME_API_EXT","hipMemcpy",2659034,2659034,155,3219595912709700,3219595912713488
"HIP_RUNTIME_API_EXT","hipSetDevice",2659034,2659034,156,3219595912715147,3219595912715219
"HIP_RUNTIME_API_EXT","hipMalloc",2659034,2659034,157,3219595912715765,3219595912718794
"HIP_RUNTIME_API_EXT","hipSetDevice",2659034,2659034,158,3219595912719353,3219595912719418
"HIP_RUNTIME_API_EXT","hipLaunchKernel",2659034,2659034,159,3219595912721423,3219595912727116
"HIP_RUNTIME_API_EXT","hipGetLastError",2659034,2659034,160,3219595912727748,3219595912727796
"HIP_RUNTIME_API_EXT","hipSetDevice",2659034,2659034,161,3219595912728888,3219595912728950
"HIP_RUNTIME_API_EXT","hipMalloc",2659034,2659034,162,3219595912729371,3219595912730953
"HIP_RUNTIME_API_EXT","hipSetDevice",2659034,2659034,163,3219595912731532,3219595912731600
"HIP_RUNTIME_API_EXT","hipLaunchKernel",2659034,2659034,164,3219595912733960,3219595912738987
"HIP_RUNTIME_API_EXT","hipGetLastError",2659034,2659034,165,3219595912739592,3219595912739640
"HIP_RUNTIME_API_EXT","hipSetDevice",2659034,2659034,166,3219595912741944,3219595912742014
"HIP_RUNTIME_API_EXT","hipFree",2659034,2659034,167,3219595912742410,3219595912752976
"HIP_RUNTIME_API_EXT","hipSetDevice",2659034,2659034,168,3219595912754496,3219595912754561
"HIP_RUNTIME_API_EXT","hipMalloc",2659034,2659034,169,3219595912754933,3219595912756153
"HIP_RUNTIME_API_EXT","hipSetDevice",2659034,2659034,170,3219595912756615,3219595912756675
"HIP_RUNTIME_API_EXT","hipLaunchKernel",2659034,2659034,171,3219595912757433,3219595912762174
"HIP_RUNTIME_API_EXT","hipGetLastError",2659034,2659034,172,3219595912762784,3219595912762833
"HIP_RUNTIME_API_EXT","hipSetDevice",2659034,2659034,173,3219595912764201,3219595912764268
"HIP_RUNTIME_API_EXT","hipFree",2659034,2659034,174,3219595912764686,3219595912790073
"HIP_RUNTIME_API_EXT","hipSetDevice",2659034,2659034,175,3219595912790577,3219595912790639
"HIP_RUNTIME_API_EXT","hipFree",2659034,2659034,176,3219595912790996,3219595912792543
"HIP_RUNTIME_API_EXT","hipSetDevice",2659034,2659034,177,3219595912792965,3219595912793028
"HIP_RUNTIME_API_EXT","hipFree",2659034,2659034,178,3219595912793679,3219595912796274
"HIP_RUNTIME_API_EXT","hipSetDevice",2659034,2659034,179,3219595912796746,3219595912796807
"HIP_RUNTIME_API_EXT","hipFree",2659034,2659034,180,3219595912797212,3219595912798653
"HIP_RUNTIME_API_EXT","hipSetDevice",2659034,2659034,181,3219595912799087,3219595912799145
"HIP_RUNTIME_API_EXT","hipFree",2659034,2659034,182,3219595912799541,3219595912801037
"HIP_RUNTIME_API_EXT","hipSetDevice",2659034,2659034,183,3219595912801455,3219595912801515
"HIP_RUNTIME_API_EXT","hipFree",2659034,2659034,184,3219595912801873,3219595912803359
"HIP_RUNTIME_API_EXT","hipSetDevice",2659034,2659034,185,3219595912803783,3219595912803842
"HIP_RUNTIME_API_EXT","hipFree",2659034,2659034,186,3219595912804237,3219595912805619
"HIP_RUNTIME_API_EXT","hipSetDevice",2659034,2659034,187,3219595912806967,3219595912807029
"HIP_RUNTIME_API_EXT","hipMalloc",2659034,2659034,188,3219595912808944,3219595912810278
"HIP_RUNTIME_API_EXT","hipSetDevice",2659034,2659034,189,3219595912810766,3219595912810826
"HIP_RUNTIME_API_EXT","hipLaunchKernel",2659034,2659034,190,3219595912811772,3219595912817256
"HIP_RUNTIME_API_EXT","hipGetLastError",2659034,2659034,191,3219595912817817,3219595912817866
"HIP_RUNTIME_API_EXT","hipSetDevice",2659034,2659034,192,3219595912818481,3219595912818574
"HIP_RUNTIME_API_EXT","hipFree",2659034,2659034,193,3219595912819132,3219595912830849
"HIP_RUNTIME_API_EXT","hipSetDevice",2659034,2659034,194,3219595912831416,3219595912831481
"HIP_RUNTIME_API_EXT","hipFree",2659034,2659034,195,3219595912831923,3219595912834060
"HIP_RUNTIME_API_EXT","hipSetDevice",2659034,2659034,196,3219595912834944,3219595912835006
"HIP_RUNTIME_API_EXT","hipMalloc",2659034,2659034,197,3219595912835434,3219595912836511
"HIP_RUNTIME_API_EXT","hipSetDevice",2659034,2659034,198,3219595912837057,3219595912837118
"HIP_RUNTIME_API_EXT","hipLaunchKernel",2659034,2659034,199,3219595912837899,3219595912842401
"HIP_RUNTIME_API_EXT","hipGetLastError",2659034,2659034,200,3219595912843005,3219595912843052
"HIP_RUNTIME_API_EXT","hipSetDevice",2659034,2659034,201,3219595912844324,3219595912844391
"HIP_RUNTIME_API_EXT","hipMalloc",2659034,2659034,202,3219595912844767,3219595912846146
"HIP_RUNTIME_API_EXT","hipSetDevice",2659034,2659034,203,3219595912846626,3219595912846688
"HIP_RUNTIME_API_EXT","hipLaunchKernel",2659034,2659034,204,3219595912847307,3219595912851109
"HIP_RUNTIME_API_EXT","hipGetLastError",2659034,2659034,205,3219595912852028,3219595912852079
"HIP_RUNTIME_API_EXT","hipSetDevice",2659034,2659034,206,3219595912853024,3219595912853091
"HIP_RUNTIME_API_EXT","hipMalloc",2659034,2659034,207,3219595912853571,3219595912855010
"HIP_RUNTIME_API_EXT","hipSetDevice",2659034,2659034,208,3219595912855443,3219595912855506
"HIP_RUNTIME_API_EXT","hipLaunchKernel",2659034,2659034,209,3219595912856079,3219595912860256
"HIP_RUNTIME_API_EXT","hipGetLastError",2659034,2659034,210,3219595912860835,3219595912860883
"HIP_RUNTIME_API_EXT","hipSetDevice",2659034,2659034,211,3219595912863328,3219595912863392
"HIP_RUNTIME_API_EXT","hipMalloc",2659034,2659034,212,3219595912863755,3219595912865183
"HIP_RUNTIME_API_EXT","hipSetDevice",2659034,2659034,213,3219595912865641,3219595912865709
"HIP_RUNTIME_API_EXT","hipLaunchKernel",2659034,2659034,214,3219595912866912,3219595912871670
"HIP_RUNTIME_API_EXT","hipGetLastError",2659034,2659034,215,3219595912872320,3219595912872370
"HIP_RUNTIME_API_EXT","hipSetDevice",2659034,2659034,216,3219595912872931,3219595912872997
"HIP_RUNTIME_API_EXT","hipFree",2659034,2659034,217,3219595912873376,3219595912913161
"HIP_RUNTIME_API_EXT","hipSetDevice",2659034,2659034,218,3219595912913688,3219595912913756
"HIP_RUNTIME_API_EXT","hipFree",2659034,2659034,219,3219595912914456,3219595912915951
"HIP_RUNTIME_API_EXT","hipSetDevice",2659034,2659034,220,3219595912916721,3219595912916783
"HIP_RUNTIME_API_EXT","hipMalloc",2659034,2659034,221,3219595912917334,3219595912918397
"HIP_RUNTIME_API_EXT","hipSetDevice",2659034,2659034,222,3219595912918894,3219595912918955
"HIP_RUNTIME_API_EXT","hipLaunchKernel",2659034,2659034,223,3219595912919529,3219595912923453
"HIP_RUNTIME_API_EXT","hipGetLastError",2659034,2659034,224,3219595912923974,3219595912924021
"HIP_RUNTIME_API_EXT","hipSetDevice",2659034,2659034,225,3219595912924605,3219595912924669
"HIP_RUNTIME_API_EXT","hipFree",2659034,2659034,226,3219595912925050,3219595912980257
"HIP_RUNTIME_API_EXT","hipSetDevice",2659034,2659034,227,3219595912981477,3219595912981542
"HIP_RUNTIME_API_EXT","hipMalloc",2659034,2659034,228,3219595912982049,3219595912983134
"HIP_RUNTIME_API_EXT","hipSetDevice",2659034,2659034,229,3219595912983594,3219595912983658
"HIP_RUNTIME_API_EXT","hipLaunchKernel",2659034,2659034,230,3219595912984256,3219595912987917
"HIP_RUNTIME_API_EXT","hipGetLastError",2659034,2659034,231,3219595912988511,3219595912988568
"HIP_RUNTIME_API_EXT","hipSetDevice",2659034,2659034,232,3219595912989055,3219595912989124
"HIP_RUNTIME_API_EXT","hipFree",2659034,2659034,233,3219595912989521,3219595913000697
"HIP_RUNTIME_API_EXT","hipSetDevice",2659034,2659034,234,3219595913002599,3219595913002664
"HIP_RUNTIME_API_EXT","hipFree",2659034,2659034,235,3219595913003275,3219595913004556
"HIP_RUNTIME_API_EXT","hipSetDevice",2659034,2659034,236,3219595913005027,3219595913005092
"HIP_RUNTIME_API_EXT","hipFree",2659034,2659034,237,3219595913005461,3219595913007027
"HIP_RUNTIME_API_EXT","hipSetDevice",2659034,2659034,238,3219595913007474,3219595913007536
"HIP_RUNTIME_API_EXT","hipFree",2659034,2659034,239,3219595913007995,3219595913009299
"HIP_RUNTIME_API_EXT","hipSetDevice",2659034,2659034,240,3219595913010117,3219595913010176
"HIP_RUNTIME_API_EXT","hipMalloc",2659034,2659034,241,3219595913010554,3219595913011636
"HIP_RUNTIME_API_EXT","hipSetDevice",2659034,2659034,242,3219595913012268,3219595913012331
"HIP_RUNTIME_API_EXT","hipLaunchKernel",2659034,2659034,243,3219595913012901,3219595913017176
"HIP_RUNTIME_API_EXT","hipGetLastError",2659034,2659034,244,3219595913017783,3219595913017831
"HIP_RUNTIME_API_EXT","hipSetDevice",2659034,2659034,245,3219595913018959,3219595913019021
"HIP_RUNTIME_API_EXT","hipMalloc",2659034,2659034,246,3219595913019415,3219595913020531
"HIP_RUNTIME_API_EXT","hipSetDevice",2659034,2659034,247,3219595913021044,3219595913021104
"HIP_RUNTIME_API_EXT","hipLaunchKernel",2659034,2659034,248,3219595913021684,3219595913025420
"HIP_RUNTIME_API_EXT","hipGetLastError",2659034,2659034,249,3219595913026274,3219595913026320
"HIP_RUNTIME_API_EXT","hipSetDevice",2659034,2659034,250,3219595913027286,3219595913027349
"HIP_RUNTIME_API_EXT","hipMalloc",2659034,2659034,251,3219595913027731,3219595913029251
"HIP_RUNTIME_API_EXT","hipSetDevice",2659034,2659034,252,3219595913029703,3219595913029767
"HIP_RUNTIME_API_EXT","hipLaunchKernel",2659034,2659034,253,3219595913030340,3219595913034329
"HIP_RUNTIME_API_EXT","hipGetLastError",2659034,2659034,254,3219595913034812,3219595913034861
"HIP_RUNTIME_API_EXT","hipSetDevice",2659034,2659034,255,3219595913035713,3219595913035777
"HIP_RUNTIME_API_EXT","hipMalloc",2659034,2659034,256,3219595913036161,3219595913037334
"HIP_RUNTIME_API_EXT","hipSetDevice",2659034,2659034,257,3219595913037956,3219595913038016
"HIP_RUNTIME_API_EXT","hipLaunchKernel",2659034,2659034,258,3219595913040037,3219595913043396
"HIP_RUNTIME_API_EXT","hipGetLastError",2659034,2659034,259,3219595913044005,3219595913044054
"HIP_RUNTIME_API_EXT","hipSetDevice",2659034,2659034,260,3219595913045195,3219595913045262
"HIP_RUNTIME_API_EXT","hipMalloc",2659034,2659034,261,3219595913045629,3219595913046889
"HIP_RUNTIME_API_EXT","hipSetDevice",2659034,2659034,262,3219595913047432,3219595913047497
"HIP_RUNTIME_API_EXT","hipLaunchKernel",2659034,2659034,263,3219595913048330,3219595913052115
"HIP_RUNTIME_API_EXT","hipGetLastError",2659034,2659034,264,3219595913052789,3219595913052844
"HIP_RUNTIME_API_EXT","hipSetDevice",2659034,2659034,265,3219595913053839,3219595913053901
"HIP_RUNTIME_API_EXT","hipMalloc",2659034,2659034,266,3219595913054304,3219595913055749
"HIP_RUNTIME_API_EXT","hipSetDevice",2659034,2659034,267,3219595913056207,3219595913056273
"HIP_RUNTIME_API_EXT","hipLaunchKernel",2659034,2659034,268,3219595913056861,3219595913060477
"HIP_RUNTIME_API_EXT","hipGetLastError",2659034,2659034,269,3219595913061011,3219595913061066
"HIP_RUNTIME_API_EXT","hipSetDevice",2659034,2659034,270,3219595913061859,3219595913061924
"HIP_RUNTIME_API_EXT","hipMalloc",2659034,2659034,271,3219595913063489,3219595913064856
"HIP_RUNTIME_API_EXT","hipSetDevice",2659034,2659034,272,3219595913065338,3219595913065399
"HIP_RUNTIME_API_EXT","hipLaunchKernel",2659034,2659034,273,3219595913065961,3219595913069831
"HIP_RUNTIME_API_EXT","hipGetLastError",2659034,2659034,274,3219595913070348,3219595913070396
"HIP_RUNTIME_API_EXT","hipSetDevice",2659034,2659034,275,3219595913071026,3219595913071090
"HIP_RUNTIME_API_EXT","hipMalloc",2659034,2659034,276,3219595913071498,3219595913072669
"HIP_RUNTIME_API_EXT","hipSetDevice",2659034,2659034,277,3219595913073116,3219595913073183
"HIP_RUNTIME_API_EXT","hipLaunchKernel",2659034,2659034,278,3219595913073776,3219595913077224
"HIP_RUNTIME_API_EXT","hipGetLastError",2659034,2659034,279,3219595913077743,3219595913077798
"HIP_RUNTIME_API_EXT","hipSetDevice",2659034,2659034,280,3219595913078246,3219595913078311
"HIP_RUNTIME_API_EXT","hipFree",2659034,2659034,281,3219595913080363,3219595913105256
"HIP_RUNTIME_API_EXT","hipSetDevice",2659034,2659034,282,3219595913117603,3219595913117729
"HIP_RUNTIME_API_EXT","hipMalloc",2659034,2659034,283,3219595913118342,3219595913119981
"HIP_RUNTIME_API_EXT","hipSetDevice",2659034,2659034,284,3219595913120451,3219595913120516
"HIP_RUNTIME_API_EXT","hipLaunchKernel",2659034,2659034,285,3219595913121425,3219595913126069
"HIP_RUNTIME_API_EXT","hipGetLastError",2659034,2659034,286,3219595913126568,3219595913126663
"HIP_RUNTIME_API_EXT","hipSetDevice",2659034,2659034,287,3219595913127356,3219595913127433
"HIP_RUNTIME_API_EXT","hipFree",2659034,2659034,288,3219595913127867,3219595913140069
"HIP_RUNTIME_API_EXT","hipSetDevice",2659034,2659034,289,3219595913141256,3219595913141322
"HIP_RUNTIME_API_EXT","hipMalloc",2659034,2659034,290,3219595913141776,3219595913143121
"HIP_RUNTIME_API_EXT","hipSetDevice",2659034,2659034,291,3219595913143828,3219595913143894
"HIP_RUNTIME_API_EXT","hipMemcpy",2659034,2659034,292,3219595913144284,3219595913148429
"HIP_RUNTIME_API_EXT","hipSetDevice",2659034,2659034,293,3219595913149023,3219595913149102
"HIP_RUNTIME_API_EXT","hipMemcpy",2659034,2659034,294,3219595913149464,3219595913153024
"HIP_RUNTIME_API_EXT","hipSetDevice",2659034,2659034,295,3219595913153912,3219595913153989
"HIP_RUNTIME_API_EXT","hipMalloc",2659034,2659034,296,3219595913154428,3219595913156126
"HIP_RUNTIME_API_EXT","hipSetDevice",2659034,2659034,297,3219595913156832,3219595913156896
"HIP_RUNTIME_API_EXT","hipMemcpy",2659034,2659034,298,3219595913157318,3219595913161501
"HIP_RUNTIME_API_EXT","hipSetDevice",2659034,2659034,299,3219595913162025,3219595913162094
"HIP_RUNTIME_API_EXT","hipMemcpy",2659034,2659034,300,3219595913162476,3219595913166138
"HIP_RUNTIME_API_EXT","hipSetDevice",2659034,2659034,301,3219595913166981,3219595913167058
"HIP_RUNTIME_API_EXT","hipMalloc",2659034,2659034,302,3219595913167676,3219595913169171
"HIP_RUNTIME_API_EXT","hipSetDevice",2659034,2659034,303,3219595913169695,3219595913169760
"HIP_RUNTIME_API_EXT","hipLaunchKernel",2659034,2659034,304,3219595913171940,3219595913176665
"HIP_RUNTIME_API_EXT","hipGetLastError",2659034,2659034,305,3219595913177287,3219595913177334
"HIP_RUNTIME_API_EXT","hipSetDevice",2659034,2659034,306,3219595913178357,3219595913178422
"HIP_RUNTIME_API_EXT","hipMalloc",2659034,2659034,307,3219595913178815,3219595913180247
"HIP_RUNTIME_API_EXT","hipSetDevice",2659034,2659034,308,3219595913180725,3219595913180790
"HIP_RUNTIME_API_EXT","hipLaunchKernel",2659034,2659034,309,3219595913181377,3219595913196205
"HIP_RUNTIME_API_EXT","hipGetLastError",2659034,2659034,310,3219595913196881,3219595913196927
"HIP_RUNTIME_API_EXT","hipSetDevice",2659034,2659034,311,3219595913197682,3219595913197746
"HIP_RUNTIME_API_EXT","hipFree",2659034,2659034,312,3219595913198132,3219595913210070
"HIP_RUNTIME_API_EXT","hipSetDevice",2659034,2659034,313,3219595913211051,3219595913211120
"HIP_RUNTIME_API_EXT","hipMalloc",2659034,2659034,314,3219595913211491,3219595913212642
"HIP_RUNTIME_API_EXT","hipSetDevice",2659034,2659034,315,3219595913213075,3219595913213137
"HIP_RUNTIME_API_EXT","hipLaunchKernel",2659034,2659034,316,3219595913213734,3219595913217688
"HIP_RUNTIME_API_EXT","hipGetLastError",2659034,2659034,317,3219595913218208,3219595913218257
"HIP_RUNTIME_API_EXT","hipSetDevice",2659034,2659034,318,3219595913218983,3219595913219048
"HIP_RUNTIME_API_EXT","hipFree",2659034,2659034,319,3219595913219500,3219595913244803
"HIP_RUNTIME_API_EXT","hipSetDevice",2659034,2659034,320,3219595913245380,3219595913245445
"HIP_RUNTIME_API_EXT","hipFree",2659034,2659034,321,3219595913245915,3219595913247522
"HIP_RUNTIME_API_EXT","hipSetDevice",2659034,2659034,322,3219595913247946,3219595913248007
"HIP_RUNTIME_API_EXT","hipFree",2659034,2659034,323,3219595913248547,3219595913249715
"HIP_RUNTIME_API_EXT","hipSetDevice",2659034,2659034,324,3219595913250120,3219595913250182
"HIP_RUNTIME_API_EXT","hipFree",2659034,2659034,325,3219595913250536,3219595913251971
"HIP_RUNTIME_API_EXT","hipSetDevice",2659034,2659034,326,3219595913252401,3219595913252463
"HIP_RUNTIME_API_EXT","hipFree",2659034,2659034,327,3219595913254259,3219595913255618
"HIP_RUNTIME_API_EXT","hipSetDevice",2659034,2659034,328,3219595913256059,3219595913256117
"HIP_RUNTIME_API_EXT","hipFree",2659034,2659034,329,3219595913256466,3219595913258027
"HIP_RUNTIME_API_EXT","hipSetDevice",2659034,2659034,330,3219595913258432,3219595913258493
"HIP_RUNTIME_API_EXT","hipFree",2659034,2659034,331,3219595913258855,3219595913260276
"HIP_RUNTIME_API_EXT","hipSetDevice",2659034,2659034,332,3219595913260813,3219595913260879
"HIP_RUNTIME_API_EXT","hipMalloc",2659034,2659034,333,3219595913261322,3219595913262315
"HIP_RUNTIME_API_EXT","hipSetDevice",2659034,2659034,334,3219595913262829,3219595913262894
"HIP_RUNTIME_API_EXT","hipLaunchKernel",2659034,2659034,335,3219595913263468,3219595913267562
"HIP_RUNTIME_API_EXT","hipGetLastError",2659034,2659034,336,3219595913268077,3219595913268126
"HIP_RUNTIME_API_EXT","hipSetDevice",2659034,2659034,337,3219595913268619,3219595913268681
"HIP_RUNTIME_API_EXT","hipFree",2659034,2659034,338,3219595913269084,3219595913280763
"HIP_RUNTIME_API_EXT","hipSetDevice",2659034,2659034,339,3219595913281228,3219595913281291
"HIP_RUNTIME_API_EXT","hipFree",2659034,2659034,340,3219595913281907,3219595913284712
"HIP_RUNTIME_API_EXT","hipSetDevice",2659034,2659034,341,3219595913285468,3219595913285528
"HIP_RUNTIME_API_EXT","hipMalloc",2659034,2659034,342,3219595913285949,3219595913286980
"HIP_RUNTIME_API_EXT","hipSetDevice",2659034,2659034,343,3219595913287434,3219595913287497
"HIP_RUNTIME_API_EXT","hipLaunchKernel",2659034,2659034,344,3219595913288104,3219595913291987
"HIP_RUNTIME_API_EXT","hipGetLastError",2659034,2659034,345,3219595913292517,3219595913292566
"HIP_RUNTIME_API_EXT","hipSetDevice",2659034,2659034,346,3219595913293576,3219595913293637
"HIP_RUNTIME_API_EXT","hipMalloc",2659034,2659034,347,3219595913294023,3219595913295232
"HIP_RUNTIME_API_EXT","hipSetDevice",2659034,2659034,348,3219595913295709,3219595913295773
"HIP_RUNTIME_API_EXT","hipLaunchKernel",2659034,2659034,349,3219595913296384,3219595913300109
"HIP_RUNTIME_API_EXT","hipGetLastError",2659034,2659034,350,3219595913301036,3219595913301083
"HIP_RUNTIME_API_EXT","hipSetDevice",2659034,2659034,351,3219595913311074,3219595913311150
"HIP_RUNTIME_API_EXT","hipMalloc",2659034,2659034,352,3219595913313169,3219595913314578
"HIP_RUNTIME_API_EXT","hipSetDevice",2659034,2659034,353,3219595913315041,3219595913315103
"HIP_RUNTIME_API_EXT","hipLaunchKernel",2659034,2659034,354,3219595913315863,3219595913320163
"HIP_RUNTIME_API_EXT","hipGetLastError",2659034,2659034,355,3219595913320674,3219595913320723
"HIP_RUNTIME_API_EXT","hipSetDevice",2659034,2659034,356,3219595913321380,3219595913321449
"HIP_RUNTIME_API_EXT","hipMalloc",2659034,2659034,357,3219595913321826,3219595913323157
"HIP_RUNTIME_API_EXT","hipSetDevice",2659034,2659034,358,3219595913323619,3219595913323688
"HIP_RUNTIME_API_EXT","hipLaunchKernel",2659034,2659034,359,3219595913324334,3219595913328178
"HIP_RUNTIME_API_EXT","hipGetLastError",2659034,2659034,360,3219595913328738,3219595913328788
"HIP_RUNTIME_API_EXT","hipSetDevice",2659034,2659034,361,3219595913329972,3219595913330034
"HIP_RUNTIME_API_EXT","hipFree",2659034,2659034,362,3219595913330730,3219595913361258
"HIP_RUNTIME_API_EXT","hipSetDevice",2659034,2659034,363,3219595913362089,3219595913362155
"HIP_RUNTIME_API_EXT","hipFree",2659034,2659034,364,3219595913362894,3219595913364119
"HIP_RUNTIME_API_EXT","hipSetDevice",2659034,2659034,365,3219595913364945,3219595913365010
"HIP_RUNTIME_API_EXT","hipMalloc",2659034,2659034,366,3219595913365407,3219595913366538
"HIP_RUNTIME_API_EXT","hipSetDevice",2659034,2659034,367,3219595913366976,3219595913367040
"HIP_RUNTIME_API_EXT","hipLaunchKernel",2659034,2659034,368,3219595913367617,3219595913372098
"HIP_RUNTIME_API_EXT","hipGetLastError",2659034,2659034,369,3219595913372638,3219595913372687
"HIP_RUNTIME_API_EXT","hipSetDevice",2659034,2659034,370,3219595913373207,3219595913373278
"HIP_RUNTIME_API_EXT","hipFree",2659034,2659034,371,3219595913373698,3219595913428137
"HIP_RUNTIME_API_EXT","hipSetDevice",2659034,2659034,372,3219595913429283,3219595913429365
"HIP_RUNTIME_API_EXT","hipMalloc",2659034,2659034,373,3219595913429734,3219595913430738
"HIP_RUNTIME_API_EXT","hipSetDevice",2659034,2659034,374,3219595913431247,3219595913431309
"HIP_RUNTIME_API_EXT","hipLaunchKernel",2659034,2659034,375,3219595913433704,3219595913437844
"HIP_RUNTIME_API_EXT","hipGetLastError",2659034,2659034,376,3219595913438354,3219595913438411
"HIP_RUNTIME_API_EXT","hipSetDevice",2659034,2659034,377,3219595913438911,3219595913438976
"HIP_RUNTIME_API_EXT","hipFree",2659034,2659034,378,3219595913439389,3219595913450804
"HIP_RUNTIME_API_EXT","hipSetDevice",2659034,2659034,379,3219595913451283,3219595913451343
"HIP_RUNTIME_API_EXT","hipFree",2659034,2659034,380,3219595913452006,3219595913453120
"HIP_RUNTIME_API_EXT","hipSetDevice",2659034,2659034,381,3219595913453552,3219595913453612
"HIP_RUNTIME_API_EXT","hipFree",2659034,2659034,382,3219595913453973,3219595913455421
"HIP_RUNTIME_API_EXT","hipSetDevice",2659034,2659034,383,3219595913455833,3219595913455897
"HIP_RUNTIME_API_EXT","hipFree",2659034,2659034,384,3219595913456506,3219595913458242
"HIP_RUNTIME_API_EXT","hipSetDevice",2659034,2659034,385,3219595913459161,3219595913459222
"HIP_RUNTIME_API_EXT","hipMalloc",2659034,2659034,386,3219595913459605,3219595913460661
"HIP_RUNTIME_API_EXT","hipSetDevice",2659034,2659034,387,3219595913461147,3219595913461212
"HIP_RUNTIME_API_EXT","hipLaunchKernel",2659034,2659034,388,3219595913461869,3219595913466505
"HIP_RUNTIME_API_EXT","hipGetLastError",2659034,2659034,389,3219595913467079,3219595913467128
"HIP_RUNTIME_API_EXT","hipSetDevice",2659034,2659034,390,3219595913467641,3219595913467699
"HIP_RUNTIME_API_EXT","hipFree",2659034,2659034,391,3219595913468145,3219595913479317
"HIP_RUNTIME_API_EXT","hipSetDevice",2659034,2659034,392,3219595913481197,3219595913481256
"HIP_RUNTIME_API_EXT","hipMalloc",2659034,2659034,393,3219595913481768,3219595913482698
"HIP_RUNTIME_API_EXT","hipSetDevice",2659034,2659034,394,3219595913483157,3219595913483220
"HIP_RUNTIME_API_EXT","hipLaunchKernel",2659034,2659034,395,3219595913484077,3219595913488086
"HIP_RUNTIME_API_EXT","hipGetLastError",2659034,2659034,396,3219595913488633,3219595913488697
"HIP_RUNTIME_API_EXT","hipSetDevice",2659034,2659034,397,3219595913489920,3219595913489996
"HIP_RUNTIME_API_EXT","hipFree",2659034,2659034,398,3219595913491797,3219595913522327
"HIP_RUNTIME_API_EXT","hipSetDevice",2659034,2659034,399,3219595913522811,3219595913522877
"HIP_RUNTIME_API_EXT","hipFree",2659034,2659034,400,3219595913523238,3219595913524765
"HIP_RUNTIME_API_EXT","hipSetDevice",2659034,2659034,401,3219595913525685,3219595913525746
"HIP_RUNTIME_API_EXT","hipMalloc",2659034,2659034,402,3219595913526147,3219595913527302
"HIP_RUNTIME_API_EXT","hipSetDevice",2659034,2659034,403,3219595913528343,3219595913528412
"HIP_RUNTIME_API_EXT","hipMalloc",2659034,2659034,404,3219595913528800,3219595913529989
"HIP_RUNTIME_API_EXT","hipSetDevice",2659034,2659034,405,3219595913531166,3219595913531230
"HIP_RUNTIME_API_EXT","hipMemcpy",2659034,2659034,406,3219595913531588,3219595913536082
"HIP_RUNTIME_API_EXT","hipSetDevice",2659034,2659034,407,3219595913536684,3219595913536761
"HIP_RUNTIME_API_EXT","hipMemcpy",2659034,2659034,408,3219595913537465,3219595913541020
"HIP_RUNTIME_API_EXT","hipSetDevice",2659034,2659034,409,3219595913541574,3219595913541645
"HIP_RUNTIME_API_EXT","hipMemcpy",2659034,2659034,410,3219595913542034,3219595913546635
"HIP_RUNTIME_API_EXT","hipSetDevice",2659034,2659034,411,3219595913547196,3219595913547261
"HIP_RUNTIME_API_EXT","hipMemcpy",2659034,2659034,412,3219595913548417,3219595913553053
"HIP_RUNTIME_API_EXT","hipSetDevice",2659034,2659034,413,3219595913555131,3219595913555199
"HIP_RUNTIME_API_EXT","hipMalloc",2659034,2659034,414,3219595913555668,3219595913556911
"HIP_RUNTIME_API_EXT","hipSetDevice",2659034,2659034,415,3219595913557608,3219595913557671
"HIP_RUNTIME_API_EXT","hipMalloc",2659034,2659034,416,3219595913558050,3219595913559150
"HIP_RUNTIME_API_EXT","hipSetDevice",2659034,2659034,417,3219595913559904,3219595913559970
"HIP_RUNTIME_API_EXT","hipMemcpy",2659034,2659034,418,3219595913560327,3219595913564464
"HIP_RUNTIME_API_EXT","hipSetDevice",2659034,2659034,419,3219595913565060,3219595913565127
"HIP_RUNTIME_API_EXT","hipMemcpy",2659034,2659034,420,3219595913565504,3219595913569504
"HIP_RUNTIME_API_EXT","hipSetDevice",2659034,2659034,421,3219595913571827,3219595913571961
"HIP_RUNTIME_API_EXT","hipMemcpy",2659034,2659034,422,3219595913572636,3219595913577333
"HIP_RUNTIME_API_EXT","hipSetDevice",2659034,2659034,423,3219595913578186,3219595913578246
"HIP_RUNTIME_API_EXT","hipMemcpy",2659034,2659034,424,3219595913578672,3219595913582753
"HIP_RUNTIME_API_EXT","hipSetDevice",2659034,2659034,425,3219595913583550,3219595913583620
"HIP_RUNTIME_API_EXT","hipFree",2659034,2659034,426,3219595913583989,3219595913597001
"HIP_RUNTIME_API_EXT","hipSetDevice",2659034,2659034,427,3219595913597582,3219595913597649
"HIP_RUNTIME_API_EXT","hipFree",2659034,2659034,428,3219595913598000,3219595913599583
"HIP_RUNTIME_API_EXT","hipSetDevice",2659034,2659034,429,3219595913600045,3219595913600104
"HIP_RUNTIME_API_EXT","hipFree",2659034,2659034,430,3219595913600469,3219595913601800
"HIP_RUNTIME_API_EXT","hipSetDevice",2659034,2659034,431,3219595913602240,3219595913602309
"HIP_RUNTIME_API_EXT","hipFree",2659034,2659034,432,3219595913602704,3219595913604118
"HIP_RUNTIME_API_EXT","hipSetDevice",2659034,2659034,433,3219595913605427,3219595913605489
"HIP_RUNTIME_API_EXT","hipMalloc",2659034,2659034,434,3219595913605846,3219595913607000
"HIP_RUNTIME_API_EXT","hipSetDevice",2659034,2659034,435,3219595913607558,3219595913607629
"HIP_RUNTIME_API_EXT","hipMemcpy",2659034,2659034,436,3219595913608081,3219595913612558
"HIP_RUNTIME_API_EXT","hipSetDevice",2659034,2659034,437,3219595913613161,3219595913613229
"HIP_RUNTIME_API_EXT","hipFree",2659034,2659034,438,3219595913613661,3219595913625409
"HIP_RUNTIME_API_EXT","hipSetDevice",2659034,2659034,439,3219595913627553,3219595913627629
"HIP_RUNTIME_API_EXT","hipMalloc",2659034,2659034,440,3219595913628051,3219595913629304
"HIP_RUNTIME_API_EXT","hipSetDevice",2659034,2659034,441,3219595913629880,3219595913629944
"HIP_RUNTIME_API_EXT","hipMemcpy",2659034,2659034,442,3219595913630456,3219595913648678
"HIP_RUNTIME_API_EXT","hipSetDevice",2659034,2659034,443,3219595913650059,3219595913650135
"HIP_RUNTIME_API_EXT","hipMalloc",2659034,2659034,444,3219595913650512,3219595913651793
"HIP_RUNTIME_API_EXT","hipSetDevice",2659034,2659034,445,3219595913653703,3219595913653762
"HIP_RUNTIME_API_EXT","hipLaunchKernel",2659034,2659034,446,3219595913654621,3219595913659248
"HIP_RUNTIME_API_EXT","hipGetLastError",2659034,2659034,447,3219595913659819,3219595913659885
"HIP_RUNTIME_API_EXT","hipSetDevice",2659034,2659034,448,3219595913660585,3219595913660656
"HIP_RUNTIME_API_EXT","hipMalloc",2659034,2659034,449,3219595913661075,3219595913662720
"HIP_RUNTIME_API_EXT","hipSetDevice",2659034,2659034,450,3219595913663129,3219595913663189
"HIP_RUNTIME_API_EXT","hipLaunchKernel",2659034,2659034,451,3219595913663882,3219595913668345
"HIP_RUNTIME_API_EXT","hipGetLastError",2659034,2659034,452,3219595913669283,3219595913669329
"HIP_RUNTIME_API_EXT","hipSetDevice",2659034,2659034,453,3219595913670494,3219595913670559
"HIP_RUNTIME_API_EXT","hipMalloc",2659034,2659034,454,3219595913670950,3219595913672562
"HIP_RUNTIME_API_EXT","hipSetDevice",2659034,2659034,455,3219595913673030,3219595913673093
"HIP_RUNTIME_API_EXT","hipLaunchKernel",2659034,2659034,456,3219595913673664,3219595913677477
"HIP_RUNTIME_API_EXT","hipGetLastError",2659034,2659034,457,3219595913678354,3219595913678407
"HIP_RUNTIME_API_EXT","hipSetDevice",2659034,2659034,458,3219595913679168,3219595913679232
"HIP_RUNTIME_API_EXT","hipMalloc",2659034,2659034,459,3219595913679608,3219595913680940
"HIP_RUNTIME_API_EXT","hipSetDevice",2659034,2659034,460,3219595913681404,3219595913681477
"HIP_RUNTIME_API_EXT","hipLaunchKernel",2659034,2659034,461,3219595913682032,3219595913685551
"HIP_RUNTIME_API_EXT","hipGetLastError",2659034,2659034,462,3219595913686043,3219595913686101
"HIP_RUNTIME_API_EXT","hipSetDevice",2659034,2659034,463,3219595913686950,3219595913687012
"HIP_RUNTIME_API_EXT","hipMalloc",2659034,2659034,464,3219595913687402,3219595913688560
"HIP_RUNTIME_API_EXT","hipSetDevice",2659034,2659034,465,3219595913688973,3219595913689034
"HIP_RUNTIME_API_EXT","hipLaunchKernel",2659034,2659034,466,3219595913689651,3219595913693152
"HIP_RUNTIME_API_EXT","hipGetLastError",2659034,2659034,467,3219595913693715,3219595913693762
"HIP_RUNTIME_API_EXT","hipSetDevice",2659034,2659034,468,3219595913696088,3219595913696152
"HIP_RUNTIME_API_EXT","hipMalloc",2659034,2659034,469,3219595913696534,3219595913697897
"HIP_RUNTIME_API_EXT","hipSetDevice",2659034,2659034,470,3219595913698368,3219595913698434
"HIP_RUNTIME_API_EXT","hipLaunchKernel",2659034,2659034,471,3219595913699003,3219595913703310
"HIP_RUNTIME_API_EXT","hipGetLastError",2659034,2659034,472,3219595913703843,3219595913703900
"HIP_RUNTIME_API_EXT","hipSetDevice",2659034,2659034,473,3219595913704858,3219595913704921
"HIP_RUNTIME_API_EXT","hipMalloc",2659034,2659034,474,3219595913705295,3219595913706949
"HIP_RUNTIME_API_EXT","hipSetDevice",2659034,2659034,475,3219595913707418,3219595913707484
"HIP_RUNTIME_API_EXT","hipLaunchKernel",2659034,2659034,476,3219595913708150,3219595913711637
"HIP_RUNTIME_API_EXT","hipGetLastError",2659034,2659034,477,3219595913712159,3219595913712206
"HIP_RUNTIME_API_EXT","hipSetDevice",2659034,2659034,478,3219595913713012,3219595913713090
"HIP_RUNTIME_API_EXT","hipMalloc",2659034,2659034,479,3219595913713467,3219595913714644
"HIP_RUNTIME_API_EXT","hipSetDevice",2659034,2659034,480,3219595913715070,3219595913715138
"HIP_RUNTIME_API_EXT","hipLaunchKernel",2659034,2659034,481,3219595913715684,3219595913720723
"HIP_RUNTIME_API_EXT","hipGetLastError",2659034,2659034,482,3219595913721288,3219595913721344
"HIP_RUNTIME_API_EXT","hipSetDevice",2659034,2659034,483,3219595913721989,3219595913722051
"HIP_RUNTIME_API_EXT","hipMalloc",2659034,2659034,484,3219595913722540,3219595913724149
"HIP_RUNTIME_API_EXT","hipSetDevice",2659034,2659034,485,3219595913724574,3219595913724642
"HIP_RUNTIME_API_EXT","hipLaunchKernel",2659034,2659034,486,3219595913725213,3219595913728797
"HIP_RUNTIME_API_EXT","hipGetLastError",2659034,2659034,487,3219595913729395,3219595913729444
"HIP_RUNTIME_API_EXT","hipSetDevice",2659034,2659034,488,3219595913729875,3219595913729936
"HIP_RUNTIME_API_EXT","hipFree",2659034,2659034,489,3219595913730361,3219595913757384
"HIP_RUNTIME_API_EXT","hipSetDevice",2659034,2659034,490,3219595913759563,3219595913759627
"HIP_RUNTIME_API_EXT","hipMalloc",2659034,2659034,491,3219595913761714,3219595913763285
"HIP_RUNTIME_API_EXT","hipSetDevice",2659034,2659034,492,3219595913763776,3219595913763840
"HIP_RUNTIME_API_EXT","hipLaunchKernel",2659034,2659034,493,3219595913764421,3219595913768799
"HIP_RUNTIME_API_EXT","hipGetLastError",2659034,2659034,494,3219595913769372,3219595913769420
"HIP_RUNTIME_API_EXT","hipSetDevice",2659034,2659034,495,3219595913770017,3219595913770088
"HIP_RUNTIME_API_EXT","hipFree",2659034,2659034,496,3219595913770542,3219595913782082
"HIP_RUNTIME_API_EXT","hipSetDevice",2659034,2659034,497,3219595913783145,3219595913783216
"HIP_RUNTIME_API_EXT","hipMalloc",2659034,2659034,498,3219595913783755,3219595913785169
"HIP_RUNTIME_API_EXT","hipSetDevice",2659034,2659034,499,3219595913786029,3219595913786091
"HIP_RUNTIME_API_EXT","hipMemcpy",2659034,2659034,500,3219595913786537,3219595913790798
"HIP_RUNTIME_API_EXT","hipSetDevice",2659034,2659034,501,3219595913791402,3219595913791490
"HIP_RUNTIME_API_EXT","hipMemcpy",2659034,2659034,502,3219595913791856,3219595913805907
"HIP_RUNTIME_API_EXT","hipSetDevice",2659034,2659034,503,3219595913806702,3219595913806776
"HIP_RUNTIME_API_EXT","hipMalloc",2659034,2659034,504,3219595913807254,3219595913808959
"HIP_RUNTIME_API_EXT","hipSetDevice",2659034,2659034,505,3219595913809558,3219595913809628
"HIP_RUNTIME_API_EXT","hipMemcpy",2659034,2659034,506,3219595913809999,3219595913816291
"HIP_RUNTIME_API_EXT","hipSetDevice",2659034,2659034,507,3219595913816836,3219595913816901
"HIP_RUNTIME_API_EXT","hipMemcpy",2659034,2659034,508,3219595913817290,3219595913821039
"HIP_RUNTIME_API_EXT","hipSetDevice",2659034,2659034,509,3219595913821707,3219595913821782
"HIP_RUNTIME_API_EXT","hipMalloc",2659034,2659034,510,3219595913822313,3219595913823987
"HIP_RUNTIME_API_EXT","hipSetDevice",2659034,2659034,511,3219595913824534,3219595913824602
"HIP_RUNTIME_API_EXT","hipLaunchKernel",2659034,2659034,512,3219595913825292,3219595913829562
"HIP_RUNTIME_API_EXT","hipGetLastError",2659034,2659034,513,3219595913830476,3219595913830525
"HIP_RUNTIME_API_EXT","hipSetDevice",2659034,2659034,514,3219595913832621,3219595913832688
"HIP_RUNTIME_API_EXT","hipMalloc",2659034,2659034,515,3219595913833066,3219595913834567
"HIP_RUNTIME_API_EXT","hipSetDevice",2659034,2659034,516,3219595913835044,3219595913835107
"HIP_RUNTIME_API_EXT","hipLaunchKernel",2659034,2659034,517,3219595913835681,3219595913839599
"HIP_RUNTIME_API_EXT","hipGetLastError",2659034,2659034,518,3219595913840226,3219595913840279
"HIP_RUNTIME_API_EXT","hipSetDevice",2659034,2659034,519,3219595913840929,3219595913841000
"HIP_RUNTIME_API_EXT","hipFree",2659034,2659034,520,3219595913841518,3219595913854876
"HIP_RUNTIME_API_EXT","hipSetDevice",2659034,2659034,521,3219595913855971,3219595913856036
"HIP_RUNTIME_API_EXT","hipMalloc",2659034,2659034,522,3219595913856481,3219595913857589
"HIP_RUNTIME_API_EXT","hipSetDevice",2659034,2659034,523,3219595913858025,3219595913858088
"HIP_RUNTIME_API_EXT","hipLaunchKernel",2659034,2659034,524,3219595913858662,3219595913862835
"HIP_RUNTIME_API_EXT","hipGetLastError",2659034,2659034,525,3219595913863404,3219595913863452
"HIP_RUNTIME_API_EXT","hipSetDevice",2659034,2659034,526,3219595913864157,3219595913864221
"HIP_RUNTIME_API_EXT","hipFree",2659034,2659034,527,3219595913864603,3219595913890050
"HIP_RUNTIME_API_EXT","hipSetDevice",2659034,2659034,528,3219595913890541,3219595913890602
"HIP_RUNTIME_API_EXT","hipFree",2659034,2659034,529,3219595913890966,3219595913892403
"HIP_RUNTIME_API_EXT","hipSetDevice",2659034,2659034,530,3219595913892849,3219595913892910
"HIP_RUNTIME_API_EXT","hipFree",2659034,2659034,531,3219595913893433,3219595913894640
"HIP_RUNTIME_API_EXT","hipSetDevice",2659034,2659034,532,3219595913895079,3219595913895143
"HIP_RUNTIME_API_EXT","hipFree",2659034,2659034,533,3219595913895522,3219595913896790
"HIP_RUNTIME_API_EXT","hipSetDevice",2659034,2659034,534,3219595913897220,3219595913897280
"HIP_RUNTIME_API_EXT","hipFree",2659034,2659034,535,3219595913897653,3219595913899116
"HIP_RUNTIME_API_EXT","hipSetDevice",2659034,2659034,536,3219595913899572,3219595913899640
"HIP_RUNTIME_API_EXT","hipFree",2659034,2659034,537,3219595913899988,3219595913901276
"HIP_RUNTIME_API_EXT","hipSetDevice",2659034,2659034,538,3219595913903068,3219595913903136
"HIP_RUNTIME_API_EXT","hipFree",2659034,2659034,539,3219595913903492,3219595913904746
"HIP_RUNTIME_API_EXT","hipSetDevice",2659034,2659034,540,3219595913905380,3219595913905442
"HIP_RUNTIME_API_EXT","hipMalloc",2659034,2659034,541,3219595913905863,3219595913907035
"HIP_RUNTIME_API_EXT","hipSetDevice",2659034,2659034,542,3219595913907480,3219595913907541
"HIP_RUNTIME_API_EXT","hipLaunchKernel",2659034,2659034,543,3219595913908345,3219595913912616
"HIP_RUNTIME_API_EXT","hipGetLastError",2659034,2659034,544,3219595913913129,3219595913913178
"HIP_RUNTIME_API_EXT","hipSetDevice",2659034,2659034,545,3219595913913653,3219595913913718
"HIP_RUNTIME_API_EXT","hipFree",2659034,2659034,546,3219595913914121,3219595913925768
"HIP_RUNTIME_API_EXT","hipSetDevice",2659034,2659034,547,3219595913926273,3219595913926336
"HIP_RUNTIME_API_EXT","hipFree",2659034,2659034,548,3219595913926857,3219595913928335
"HIP_RUNTIME_API_EXT","hipSetDevice",2659034,2659034,549,3219595913929043,3219595913929115
"HIP_RUNTIME_API_EXT","hipMalloc",2659034,2659034,550,3219595913929514,3219595913930541
"HIP_RUNTIME_API_EXT","hipSetDevice",2659034,2659034,551,3219595913931095,3219595913931161
"HIP_RUNTIME_API_EXT","hipLaunchKernel",2659034,2659034,552,3219595913931733,3219595913935877
"HIP_RUNTIME_API_EXT","hipGetLastError",2659034,2659034,553,3219595913936372,3219595913936421
"HIP_RUNTIME_API_EXT","hipSetDevice",2659034,2659034,554,3219595913937488,3219595913937548
"HIP_RUNTIME_API_EXT","hipMalloc",2659034,2659034,555,3219595913937921,3219595913939164
"HIP_RUNTIME_API_EXT","hipSetDevice",2659034,2659034,556,3219595913939661,3219595913939728
"HIP_RUNTIME_API_EXT","hipLaunchKernel",2659034,2659034,557,3219595913940333,3219595913944170
"HIP_RUNTIME_API_EXT","hipGetLastError",2659034,2659034,558,3219595913945083,3219595913945130
"HIP_RUNTIME_API_EXT","hipSetDevice",2659034,2659034,559,3219595913946060,3219595913946120
"HIP_RUNTIME_API_EXT","hipMalloc",2659034,2659034,560,3219595913946495,3219595913947811
"HIP_RUNTIME_API_EXT","hipSetDevice",2659034,2659034,561,3219595913949641,3219595913949701
"HIP_RUNTIME_API_EXT","hipLaunchKernel",2659034,2659034,562,3219595913950355,3219595913958048
"HIP_RUNTIME_API_EXT","hipGetLastError",2659034,2659034,563,3219595913958581,3219595913958629
"HIP_RUNTIME_API_EXT","hipSetDevice",2659034,2659034,564,3219595913959280,3219595913959347
"HIP_RUNTIME_API_EXT","hipMalloc",2659034,2659034,565,3219595913959719,3219595913963595
"HIP_RUNTIME_API_EXT","hipSetDevice",2659034,2659034,566,3219595913964047,3219595913964110
"HIP_RUNTIME_API_EXT","hipLaunchKernel",2659034,2659034,567,3219595913964833,3219595913973320
"HIP_RUNTIME_API_EXT","hipGetLastError",2659034,2659034,568,3219595913974604,3219595913974657
"HIP_RUNTIME_API_EXT","hipSetDevice",2659034,2659034,569,3219595913975126,3219595913975232
"HIP_RUNTIME_API_EXT","hipFree",2659034,2659034,570,3219595913975677,3219595913992548
"HIP_RUNTIME_API_EXT","hipSetDevice",2659034,2659034,571,3219595913992971,3219595913993036
"HIP_RUNTIME_API_EXT","hipFree",2659034,2659034,572,3219595913993393,3219595913994620
"HIP_RUNTIME_API_EXT","hipSetDevice",2659034,2659034,573,3219595913995429,3219595913995495
"HIP_RUNTIME_API_EXT","hipMalloc",2659034,2659034,574,3219595913995850,3219595913997512
"HIP_RUNTIME_API_EXT","hipSetDevice",2659034,2659034,575,3219595913997896,3219595913997963
"HIP_RUNTIME_API_EXT","hipLaunchKernel",2659034,2659034,576,3219595913998520,3219595914012674
"HIP_RUNTIME_API_EXT","hipGetLastError",2659034,2659034,577,3219595914014098,3219595914014147
"HIP_RUNTIME_API_EXT","hipSetDevice",2659034,2659034,578,3219595914014744,3219595914014806
"HIP_RUNTIME_API_EXT","hipFree",2659034,2659034,579,3219595914015214,3219595914055663
"HIP_RUNTIME_API_EXT","hipSetDevice",2659034,2659034,580,3219595914056646,3219595914056751
"HIP_RUNTIME_API_EXT","hipMalloc",2659034,2659034,581,3219595914057130,3219595914058142
"HIP_RUNTIME_API_EXT","hipSetDevice",2659034,2659034,582,3219595914058605,3219595914058664
"HIP_RUNTIME_API_EXT","hipLaunchKernel",2659034,2659034,583,3219595914059579,3219595914064644
"HIP_RUNTIME_API_EXT","hipGetLastError",2659034,2659034,584,3219595914066563,3219595914066619
"HIP_RUNTIME_API_EXT","hipSetDevice",2659034,2659034,585,3219595914067083,3219595914067148
"HIP_RUNTIME_API_EXT","hipFree",2659034,2659034,586,3219595914067518,3219595914079339
"HIP_RUNTIME_API_EXT","hipSetDevice",2659034,2659034,587,3219595914079774,3219595914079840
"HIP_RUNTIME_API_EXT","hipFree",2659034,2659034,588,3219595914080394,3219595914081559
"HIP_RUNTIME_API_EXT","hipSetDevice",2659034,2659034,589,3219595914082066,3219595914082129
"HIP_RUNTIME_API_EXT","hipFree",2659034,2659034,590,3219595914082501,3219595914083932
"HIP_RUNTIME_API_EXT","hipSetDevice",2659034,2659034,591,3219595914084302,3219595914084404
"HIP_RUNTIME_API_EXT","hipFree",2659034,2659034,592,3219595914084759,3219595914086596
"HIP_RUNTIME_API_EXT","hipSetDevice",2659034,2659034,593,3219595914087266,3219595914087338
"HIP_RUNTIME_API_EXT","hipMalloc",2659034,2659034,594,3219595914087716,3219595914088867
"HIP_RUNTIME_API_EXT","hipSetDevice",2659034,2659034,595,3219595914089306,3219595914089368
"HIP_RUNTIME_API_EXT","hipLaunchKernel",2659034,2659034,596,3219595914089930,3219595914093819
"HIP_RUNTIME_API_EXT","hipGetLastError",2659034,2659034,597,3219595914094333,3219595914094380
"HIP_RUNTIME_API_EXT","hipSetDevice",2659034,2659034,598,3219595914095254,3219595914095320
"HIP_RUNTIME_API_EXT","hipMalloc",2659034,2659034,599,3219595914095688,3219595914096868
"HIP_RUNTIME_API_EXT","hipSetDevice",2659034,2659034,600,3219595914097306,3219595914097369
"HIP_RUNTIME_API_EXT","hipLaunchKernel",2659034,2659034,601,3219595914097944,3219595914101304
"HIP_RUNTIME_API_EXT","hipGetLastError",2659034,2659034,602,3219595914101753,3219595914101806
"HIP_RUNTIME_API_EXT","hipSetDevice",2659034,2659034,603,3219595914103065,3219595914103143
"HIP_RUNTIME_API_EXT","hipMalloc",2659034,2659034,604,3219595914103503,3219595914104629
"HIP_RUNTIME_API_EXT","hipSetDevice",2659034,2659034,605,3219595914105277,3219595914105338
"HIP_RUNTIME_API_EXT","hipLaunchKernel",2659034,2659034,606,3219595914105885,3219595914109290
"HIP_RUNTIME_API_EXT","hipGetLastError",2659034,2659034,607,3219595914109739,3219595914109848
"HIP_RUNTIME_API_EXT","hipSetDevice",2659034,2659034,608,3219595914112222,3219595914112288
"HIP_RUNTIME_API_EXT","hipMalloc",2659034,2659034,609,3219595914112693,3219595914114159
"HIP_RUNTIME_API_EXT","hipSetDevice",2659034,2659034,610,3219595914114653,3219595914114718
"HIP_RUNTIME_API_EXT","hipLaunchKernel",2659034,2659034,611,3219595914115311,3219595914118680
"HIP_RUNTIME_API_EXT","hipGetLastError",2659034,2659034,612,3219595914119081,3219595914119138
"HIP_RUNTIME_API_EXT","hipSetDevice",2659034,2659034,613,3219595914120183,3219595914120253
"HIP_RUNTIME_API_EXT","hipMalloc",2659034,2659034,614,3219595914120654,3219595914122340
"HIP_RUNTIME_API_EXT","hipSetDevice",2659034,2659034,615,3219595914122799,3219595914122865
"HIP_RUNTIME_API_EXT","hipLaunchKernel",2659034,2659034,616,3219595914124710,3219595914128502
"HIP_RUNTIME_API_EXT","hipGetLastError",2659034,2659034,617,3219595914129039,3219595914129086
"HIP_RUNTIME_API_EXT","hipSetDevice",2659034,2659034,618,3219595914130144,3219595914130205
"HIP_RUNTIME_API_EXT","hipMalloc",2659034,2659034,619,3219595914130733,3219595914132084
"HIP_RUNTIME_API_EXT","hipSetDevice",2659034,2659034,620,3219595914132521,3219595914132585
"HIP_RUNTIME_API_EXT","hipLaunchKernel",2659034,2659034,621,3219595914133470,3219595914137240
"HIP_RUNTIME_API_EXT","hipGetLastError",2659034,2659034,622,3219595914137781,3219595914137836
"HIP_RUNTIME_API_EXT","hipSetDevice",2659034,2659034,623,3219595914138550,3219595914138613
"HIP_RUNTIME_API_EXT","hipMalloc",2659034,2659034,624,3219595914138994,3219595914140346
"HIP_RUNTIME_API_EXT","hipSetDevice",2659034,2659034,625,3219595914140770,3219595914140833
"HIP_RUNTIME_API_EXT","hipLaunchKernel",2659034,2659034,626,3219595914141733,3219595914145923
"HIP_RUNTIME_API_EXT","hipGetLastError",2659034,2659034,627,3219595914146717,3219595914146762
"HIP_RUNTIME_API_EXT","hipSetDevice",2659034,2659034,628,3219595914147333,3219595914147398
"HIP_RUNTIME_API_EXT","hipMalloc",2659034,2659034,629,3219595914147817,3219595914149279
"HIP_RUNTIME_API_EXT","hipSetDevice",2659034,2659034,630,3219595914149734,3219595914149817
"HIP_RUNTIME_API_EXT","hipLaunchKernel",2659034,2659034,631,3219595914154864,3219595914159131
"HIP_RUNTIME_API_EXT","hipGetLastError",2659034,2659034,632,3219595914159716,3219595914159762
"HIP_RUNTIME_API_EXT","hipSetDevice",2659034,2659034,633,3219595914160172,3219595914160236
"HIP_RUNTIME_API_EXT","hipFree",2659034,2659034,634,3219595914160638,3219595914176063
"HIP_RUNTIME_API_EXT","hipSetDevice",2659034,2659034,635,3219595914178052,3219595914178117
"HIP_RUNTIME_API_EXT","hipMalloc",2659034,2659034,636,3219595914178502,3219595914179592
"HIP_RUNTIME_API_EXT","hipSetDevice",2659034,2659034,637,3219595914180176,3219595914180240
"HIP_RUNTIME_API_EXT","hipLaunchKernel",2659034,2659034,638,3219595914180947,3219595914184858
"HIP_RUNTIME_API_EXT","hipGetLastError",2659034,2659034,639,3219595914185425,3219595914185482
"HIP_RUNTIME_API_EXT","hipSetDevice",2659034,2659034,640,3219595914185867,3219595914185930
"HIP_RUNTIME_API_EXT","hipFree",2659034,2659034,641,3219595914186733,3219595914198233
"HIP_RUNTIME_API_EXT","hipSetDevice",2659034,2659034,642,3219595914199288,3219595914199359
"HIP_RUNTIME_API_EXT","hipMalloc",2659034,2659034,643,3219595914199740,3219595914200845
"HIP_RUNTIME_API_EXT","hipSetDevice",2659034,2659034,644,3219595914201538,3219595914201603
"HIP_RUNTIME_API_EXT","hipMemcpy",2659034,2659034,645,3219595914201972,3219595914206175
"HIP_RUNTIME_API_EXT","hipSetDevice",2659034,2659034,646,3219595914206650,3219595914206736
"HIP_RUNTIME_API_EXT","hipMemcpy",2659034,2659034,647,3219595914207171,3219595914210670
"HIP_RUNTIME_API_EXT","hipSetDevice",2659034,2659034,648,3219595914211532,3219595914211605
"HIP_RUNTIME_API_EXT","hipMalloc",2659034,2659034,649,3219595914211993,3219595914213868
"HIP_RUNTIME_API_EXT","hipSetDevice",2659034,2659034,650,3219595914214587,3219595914214659
"HIP_RUNTIME_API_EXT","hipMemcpy",2659034,2659034,651,3219595914215087,3219595914219893
"HIP_RUNTIME_API_EXT","hipSetDevice",2659034,2659034,652,3219595914220425,3219595914220515
"HIP_RUNTIME_API_EXT","hipMemcpy",2659034,2659034,653,3219595914220967,3219595914224472
"HIP_RUNTIME_API_EXT","hipSetDevice",2659034,2659034,654,3219595914227704,3219595914227765
"HIP_RUNTIME_API_EXT","hipMalloc",2659034,2659034,655,3219595914228149,3219595914229724
"HIP_RUNTIME_API_EXT","hipSetDevice",2659034,2659034,656,3219595914230144,3219595914230204
"HIP_RUNTIME_API_EXT","hipLaunchKernel",2659034,2659034,657,3219595914230792,3219595914235270
"HIP_RUNTIME_API_EXT","hipGetLastError",2659034,2659034,658,3219595914235843,3219595914235890
"HIP_RUNTIME_API_EXT","hipSetDevice",2659034,2659034,659,3219595914236567,3219595914236635
"HIP_RUNTIME_API_EXT","hipMalloc",2659034,2659034,660,3219595914237056,3219595914238192
"HIP_RUNTIME_API_EXT","hipSetDevice",2659034,2659034,661,3219595914238645,3219595914238718
"HIP_RUNTIME_API_EXT","hipLaunchKernel",2659034,2659034,662,3219595914239256,3219595914242781
"HIP_RUNTIME_API_EXT","hipGetLastError",2659034,2659034,663,3219595914243331,3219595914243384
"HIP_RUNTIME_API_EXT","hipSetDevice",2659034,2659034,664,3219595914243925,3219595914243997
"HIP_RUNTIME_API_EXT","hipFree",2659034,2659034,665,3219595914244378,3219595914257088
"HIP_RUNTIME_API_EXT","hipSetDevice",2659034,2659034,666,3219595914258066,3219595914258131
"HIP_RUNTIME_API_EXT","hipMalloc",2659034,2659034,667,3219595914258750,3219595914259616
"HIP_RUNTIME_API_EXT","hipSetDevice",2659034,2659034,668,3219595914260014,3219595914260074
"HIP_RUNTIME_API_EXT","hipLaunchKernel",2659034,2659034,669,3219595914260623,3219595914264641
"HIP_RUNTIME_API_EXT","hipGetLastError",2659034,2659034,670,3219595914265086,3219595914265144
"HIP_RUNTIME_API_EXT","hipSetDevice",2659034,2659034,671,3219595914265870,3219595914265934
"HIP_RUNTIME_API_EXT","hipFree",2659034,2659034,672,3219595914266300,3219595914292197
"HIP_RUNTIME_API_EXT","hipSetDevice",2659034,2659034,673,3219595914292683,3219595914292754
"HIP_RUNTIME_API_EXT","hipFree",2659034,2659034,674,3219595914293109,3219595914294220
"HIP_RUNTIME_API_EXT","hipSetDevice",2659034,2659034,675,3219595914294639,3219595914294702
"HIP_RUNTIME_API_EXT","hipFree",2659034,2659034,676,3219595914295052,3219595914296129
"HIP_RUNTIME_API_EXT","hipSetDevice",2659034,2659034,677,3219595914297976,3219595914298037
"HIP_RUNTIME_API_EXT","hipFree",2659034,2659034,678,3219595914298637,3219595914300203
"HIP_RUNTIME_API_EXT","hipSetDevice",2659034,2659034,679,3219595914300709,3219595914300778
"HIP_RUNTIME_API_EXT","hipFree",2659034,2659034,680,3219595914301125,3219595914302486
"HIP_RUNTIME_API_EXT","hipSetDevice",2659034,2659034,681,3219595914302894,3219595914302958
"HIP_RUNTIME_API_EXT","hipFree",2659034,2659034,682,3219595914303304,3219595914306087
"HIP_RUNTIME_API_EXT","hipSetDevice",2659034,2659034,683,3219595914306454,3219595914306515
"HIP_RUNTIME_API_EXT","hipFree",2659034,2659034,684,3219595914307045,3219595914308482
"HIP_RUNTIME_API_EXT","hipSetDevice",2659034,2659034,685,3219595914309051,3219595914309118
"HIP_RUNTIME_API_EXT","hipMalloc",2659034,2659034,686,3219595914309482,3219595914310607
"HIP_RUNTIME_API_EXT","hipSetDevice",2659034,2659034,687,3219595914311017,3219595914311082
"HIP_RUNTIME_API_EXT","hipLaunchKernel",2659034,2659034,688,3219595914311644,3219595914315552
"HIP_RUNTIME_API_EXT","hipGetLastError",2659034,2659034,689,3219595914316005,3219595914316054
"HIP_RUNTIME_API_EXT","hipSetDevice",2659034,2659034,690,3219595914316595,3219595914316671
"HIP_RUNTIME_API_EXT","hipFree",2659034,2659034,691,3219595914317044,3219595914328624
"HIP_RUNTIME_API_EXT","hipSetDevice",2659034,2659034,692,3219595914329091,3219595914329164
"HIP_RUNTIME_API_EXT","hipFree",2659034,2659034,693,3219595914329791,3219595914331066
"HIP_RUNTIME_API_EXT","hipSetDevice",2659034,2659034,694,3219595914331838,3219595914331901
"HIP_RUNTIME_API_EXT","hipMalloc",2659034,2659034,695,3219595914332273,3219595914333307
"HIP_RUNTIME_API_EXT","hipSetDevice",2659034,2659034,696,3219595914333754,3219595914333819
"HIP_RUNTIME_API_EXT","hipLaunchKernel",2659034,2659034,697,3219595914334381,3219595914338304
"HIP_RUNTIME_API_EXT","hipGetLastError",2659034,2659034,698,3219595914338765,3219595914338864
"HIP_RUNTIME_API_EXT","hipSetDevice",2659034,2659034,699,3219595914339730,3219595914339791
"HIP_RUNTIME_API_EXT","hipMalloc",2659034,2659034,700,3219595914340484,3219595914341565
"HIP_RUNTIME_API_EXT","hipSetDevice",2659034,2659034,701,3219595914345311,3219595914345373
"HIP_RUNTIME_API_EXT","hipLaunchKernel",2659034,2659034,702,3219595914346181,3219595914350330
"HIP_RUNTIME_API_EXT","hipGetLastError",2659034,2659034,703,3219595914350791,3219595914350840
"HIP_RUNTIME_API_EXT","hipSetDevice",2659034,2659034,704,3219595914351677,3219595914351742
"HIP_RUNTIME_API_EXT","hipMalloc",2659034,2659034,705,3219595914352528,3219595914353831
"HIP_RUNTIME_API_EXT","hipSetDevice",2659034,2659034,706,3219595914354230,3219595914354294
"HIP_RUNTIME_API_EXT","hipLaunchKernel",2659034,2659034,707,3219595914354853,3219595914369045
"HIP_RUNTIME_API_EXT","hipGetLastError",2659034,2659034,708,3219595914369852,3219595914369938
"HIP_RUNTIME_API_EXT","hipSetDevice",2659034,2659034,709,3219595914371306,3219595914371376
"HIP_RUNTIME_API_EXT","hipMalloc",2659034,2659034,710,3219595914371843,3219595914373520
"HIP_RUNTIME_API_EXT","hipSetDevice",2659034,2659034,711,3219595914374098,3219595914374158
"HIP_RUNTIME_API_EXT","hipLaunchKernel",2659034,2659034,712,3219595914376217,3219595914382963
"HIP_RUNTIME_API_EXT","hipGetLastError",2659034,2659034,713,3219595914383493,3219595914383539
"HIP_RUNTIME_API_EXT","hipSetDevice",2659034,2659034,714,3219595914384083,3219595914384180
"HIP_RUNTIME_API_EXT","hipFree",2659034,2659034,715,3219595914384603,3219595914401559
"HIP_RUNTIME_API_EXT","hipSetDevice",2659034,2659034,716,3219595914402028,3219595914402144
"HIP_RUNTIME_API_EXT","hipFree",2659034,2659034,717,3219595914402735,3219595914404153
"HIP_RUNTIME_API_EXT","hipSetDevice",2659034,2659034,718,3219595914406037,3219595914406099
"HIP_RUNTIME_API_EXT","hipMalloc",2659034,2659034,719,3219595914406516,3219595914407630
"HIP_RUNTIME_API_EXT","hipSetDevice",2659034,2659034,720,3219595914408064,3219595914408128
"HIP_RUNTIME_API_EXT","hipLaunchKernel",2659034,2659034,721,3219595914408711,3219595914424509
"HIP_RUNTIME_API_EXT","hipGetLastError",2659034,2659034,722,3219595914425114,3219595914425161
"HIP_RUNTIME_API_EXT","hipSetDevice",2659034,2659034,723,3219595914425666,3219595914425728
"HIP_RUNTIME_API_EXT","hipFree",2659034,2659034,724,3219595914426175,3219595914467627
"HIP_RUNTIME_API_EXT","hipSetDevice",2659034,2659034,725,3219595914468750,3219595914468820
"HIP_RUNTIME_API_EXT","hipMalloc",2659034,2659034,726,3219595914469190,3219595914470309
"HIP_RUNTIME_API_EXT","hipSetDevice",2659034,2659034,727,3219595914470722,3219595914470794
"HIP_RUNTIME_API_EXT","hipLaunchKernel",2659034,2659034,728,3219595914471902,3219595914478126
"HIP_RUNTIME_API_EXT","hipGetLastError",2659034,2659034,729,3219595914478563,3219595914478611
"HIP_RUNTIME_API_EXT","hipSetDevice",2659034,2659034,730,3219595914479026,3219595914479089
"HIP_RUNTIME_API_EXT","hipFree",2659034,2659034,731,3219595914479458,3219595914490738
"HIP_RUNTIME_API_EXT","hipSetDevice",2659034,2659034,732,3219595914491455,3219595914491519
"HIP_RUNTIME_API_EXT","hipFree",2659034,2659034,733,3219595914491883,3219595914493024
"HIP_RUNTIME_API_EXT","hipSetDevice",2659034,2659034,734,3219595914493432,3219595914493495
"HIP_RUNTIME_API_EXT","hipFree",2659034,2659034,735,3219595914493886,3219595914495062
"HIP_RUNTIME_API_EXT","hipSetDevice",2659034,2659034,736,3219595914495533,3219595914495594
"HIP_RUNTIME_API_EXT","hipFree",2659034,2659034,737,3219595914495948,3219595914497345
"HIP_RUNTIME_API_EXT","hipSetDevice",2659034,2659034,738,3219595914497954,3219595914498017
"HIP_RUNTIME_API_EXT","hipMalloc",2659034,2659034,739,3219595914498395,3219595914499630
"HIP_RUNTIME_API_EXT","hipSetDevice",2659034,2659034,740,3219595914500038,3219595914500101
"HIP_RUNTIME_API_EXT","hipLaunchKernel",2659034,2659034,741,3219595914500667,3219595914504494
"HIP_RUNTIME_API_EXT","hipGetLastError",2659034,2659034,742,3219595914504988,3219595914505037
"HIP_RUNTIME_API_EXT","hipSetDevice",2659034,2659034,743,3219595914505520,3219595914505586
"HIP_RUNTIME_API_EXT","hipFree",2659034,2659034,744,3219595914505977,3219595914517782
"HIP_RUNTIME_API_EXT","hipSetDevice",2659034,2659034,745,3219595914519256,3219595914519316
"HIP_RUNTIME_API_EXT","hipMalloc",2659034,2659034,746,3219595914519776,3219595914520940
"HIP_RUNTIME_API_EXT","hipSetDevice",2659034,2659034,747,3219595914521418,3219595914521484
"HIP_RUNTIME_API_EXT","hipLaunchKernel",2659034,2659034,748,3219595914522148,3219595914525804
"HIP_RUNTIME_API_EXT","hipGetLastError",2659034,2659034,749,3219595914526260,3219595914526314
"HIP_RUNTIME_API_EXT","hipSetDevice",2659034,2659034,750,3219595914527142,3219595914527206
"HIP_RUNTIME_API_EXT","hipFree",2659034,2659034,751,3219595914527571,3219595914544643
"HIP_RUNTIME_API_EXT","hipSetDevice",2659034,2659034,752,3219595914545082,3219595914545144
"HIP_RUNTIME_API_EXT","hipFree",2659034,2659034,753,3219595914545769,3219595914547290
"HIP_RUNTIME_API_EXT","hipSetDevice",2659034,2659034,754,3219595914548547,3219595914548612
"HIP_RUNTIME_API_EXT","hipMemcpy",2659034,2659034,755,3219595914548953,3219595914553201
"HIP_RUNTIME_API_EXT","hipSetDevice",2659034,2659034,756,3219595914553708,3219595914553780
"HIP_RUNTIME_API_EXT","hipMemcpy",2659034,2659034,757,3219595914554162,3219595914557731
"HIP_RUNTIME_API_EXT","hipSetDevice",2659034,2659034,758,3219595914558298,3219595914558369
"HIP_RUNTIME_API_EXT","hipMemcpy",2659034,2659034,759,3219595914558866,3219595914562643
"HIP_RUNTIME_API_EXT","hipSetDevice",2659034,2659034,760,3219595914563094,3219595914563159
"HIP_RUNTIME_API_EXT","hipMemcpy",2659034,2659034,761,3219595914563507,3219595914567586
"HIP_RUNTIME_API_EXT","hipSetDevice",2659034,2659034,762,3219595914568368,3219595914568440
"HIP_RUNTIME_API_EXT","hipMemcpy",2659034,2659034,763,3219595914568778,3219595914573163
"HIP_RUNTIME_API_EXT","hipSetDevice",2659034,2659034,764,3219595914573566,3219595914573642
"HIP_RUNTIME_API_EXT","hipMemcpy",2659034,2659034,765,3219595914574007,3219595914579800
"HIP_RUNTIME_API_EXT","hipSetDevice",2659034,2659034,766,3219595914581040,3219595914581106
"HIP_RUNTIME_API_EXT","hipMemcpy",2659034,2659034,767,3219595914581923,3219595914585910
"HIP_RUNTIME_API_EXT","hipSetDevice",2659034,2659034,768,3219595914586334,3219595914586409
"HIP_RUNTIME_API_EXT","hipMemcpy",2659034,2659034,769,3219595914587146,3219595914590914
"HIP_RUNTIME_API_EXT","hipSetDevice",2659034,2659034,770,3219595914591446,3219595914591511
"HIP_RUNTIME_API_EXT","hipFree",2659034,2659034,771,3219595914591966,3219595914605478
"HIP_RUNTIME_API_EXT","hipSetDevice",2659034,2659034,772,3219595914605973,3219595914606036
"HIP_RUNTIME_API_EXT","hipFree",2659034,2659034,773,3219595914606404,3219595914608041
"HIP_RUNTIME_API_EXT","hipSetDevice",2659034,2659034,774,3219595914608486,3219595914608548
"HIP_RUNTIME_API_EXT","hipFree",2659034,2659034,775,3219595914609303,3219595914611089
"HIP_RUNTIME_API_EXT","hipSetDevice",2659034,2659034,776,3219595914611508,3219595914611569
"HIP_RUNTIME_API_EXT","hipFree",2659034,2659034,777,3219595914611923,3219595914613763
"HIP_RUNTIME_API_EXT","hipSetDevice",2659034,2659034,778,3219595914614536,3219595914614595
"HIP_RUNTIME_API_EXT","hipMemcpy",2659034,2659034,779,3219595914614940,3219595914619997
"HIP_RUNTIME_API_EXT","hipSetDevice",2659034,2659034,780,3219595914620426,3219595914620494
"HIP_RUNTIME_API_EXT","hipFree",2659034,2659034,781,3219595914620854,3219595914632275
"HIP_RUNTIME_API_EXT","hipSetDevice",2659034,2659034,782,3219595914633796,3219595914633863
"HIP_RUNTIME_API_EXT","hipMalloc",2659034,2659034,783,3219595914634235,3219595914635378
"HIP_RUNTIME_API_EXT","hipSetDevice",2659034,2659034,784,3219595914635872,3219595914635933
"HIP_RUNTIME_API_EXT","hipMemcpy",2659034,2659034,785,3219595914636291,3219595914653433
"HIP_RUNTIME_API_EXT","hipSetDevice",2659034,2659034,786,3219595914654598,3219595914654666
"HIP_RUNTIME_API_EXT","hipMalloc",2659034,2659034,787,3219595914655123,3219595914656260
"HIP_RUNTIME_API_EXT","hipSetDevice",2659034,2659034,788,3219595914656694,3219595914656759
"HIP_RUNTIME_API_EXT","hipLaunchKernel",2659034,2659034,789,3219595914657373,3219595914661384
"HIP_RUNTIME_API_EXT","hipGetLastError",2659034,2659034,790,3219595914661845,3219595914661902
"HIP_RUNTIME_API_EXT","hipSetDevice",2659034,2659034,791,3219595914662369,3219595914662444
"HIP_RUNTIME_API_EXT","hipMalloc",2659034,2659034,792,3219595914662836,3219595914664190
"HIP_RUNTIME_API_EXT","hipSetDevice",2659034,2659034,793,3219595914664728,3219595914664799
"HIP_RUNTIME_API_EXT","hipLaunchKernel",2659034,2659034,794,3219595914665562,3219595914669422
"HIP_RUNTIME_API_EXT","hipGetLastError",2659034,2659034,795,3219595914669924,3219595914669977
"HIP_RUNTIME_API_EXT","hipSetDevice",2659034,2659034,796,3219595914671073,3219595914671133
"HIP_RUNTIME_API_EXT","hipMalloc",2659034,2659034,797,3219595914671528,3219595914673254
"HIP_RUNTIME_API_EXT","hipSetDevice",2659034,2659034,798,3219595914673747,3219595914673811
"HIP_RUNTIME_API_EXT","hipLaunchKernel",2659034,2659034,799,3219595914674404,3219595914678264
"HIP_RUNTIME_API_EXT","hipGetLastError",2659034,2659034,800,3219595914678688,3219595914678738
"HIP_RUNTIME_API_EXT","hipSetDevice",2659034,2659034,801,3219595914680587,3219595914680653
"HIP_RUNTIME_API_EXT","hipMalloc",2659034,2659034,802,3219595914681183,3219595914683067
"HIP_RUNTIME_API_EXT","hipSetDevice",2659034,2659034,803,3219595914683619,3219595914683680
"HIP_RUNTIME_API_EXT","hipLaunchKernel",2659034,2659034,804,3219595914684332,3219595914688014
"HIP_RUNTIME_API_EXT","hipGetLastError",2659034,2659034,805,3219595914688635,3219595914688769
"HIP_RUNTIME_API_EXT","hipSetDevice",2659034,2659034,806,3219595914689714,3219595914689779
"HIP_RUNTIME_API_EXT","hipMalloc",2659034,2659034,807,3219595914690249,3219595914691678
"HIP_RUNTIME_API_EXT","hipSetDevice",2659034,2659034,808,3219595914692078,3219595914692137
"HIP_RUNTIME_API_EXT","hipLaunchKernel",2659034,2659034,809,3219595914692696,3219595914696065
"HIP_RUNTIME_API_EXT","hipGetLastError",2659034,2659034,810,3219595914696608,3219595914696705
"HIP_RUNTIME_API_EXT","hipSetDevice",2659034,2659034,811,3219595914697651,3219595914697713
"HIP_RUNTIME_API_EXT","hipMalloc",2659034,2659034,812,3219595914698087,3219595914699382
"HIP_RUNTIME_API_EXT","hipSetDevice",2659034,2659034,813,3219595914699840,3219595914699904
"HIP_RUNTIME_API_EXT","hipLaunchKernel",2659034,2659034,814,3219595914700752,3219595914705190
"HIP_RUNTIME_API_EXT","hipGetLastError",2659034,2659034,815,3219595914705758,3219595914705807
"HIP_RUNTIME_API_EXT","hipSetDevice",2659034,2659034,816,3219595914706547,3219595914706607
"HIP_RUNTIME_API_EXT","hipMalloc",2659034,2659034,817,3219595914706958,3219595914708618
"HIP_RUNTIME_API_EXT","hipSetDevice",2659034,2659034,818,3219595914709127,3219595914709190
"HIP_RUNTIME_API_EXT","hipLaunchKernel",2659034,2659034,819,3219595914709887,3219595914713507
"HIP_RUNTIME_API_EXT","hipGetLastError",2659034,2659034,820,3219595914714008,3219595914714057
"HIP_RUNTIME_API_EXT","hipSetDevice",2659034,2659034,821,3219595914714807,3219595914714873
"HIP_RUNTIME_API_EXT","hipMalloc",2659034,2659034,822,3219595914715232,3219595914716667
"HIP_RUNTIME_API_EXT","hipSetDevice",2659034,2659034,823,3219595914717127,3219595914717193
"HIP_RUNTIME_API_EXT","hipLaunchKernel",2659034,2659034,824,3219595914717784,3219595914721907
"HIP_RUNTIME_API_EXT","hipGetLastError",2659034,2659034,825,3219595914722520,3219595914722574
"HIP_RUNTIME_API_EXT","hipSetDevice",2659034,2659034,826,3219595914723285,3219595914723348
"HIP_RUNTIME_API_EXT","hipMalloc",2659034,2659034,827,3219595914723782,3219595914725268
"HIP_RUNTIME_API_EXT","hipSetDevice",2659034,2659034,828,3219595914725674,3219595914725737
"HIP_RUNTIME_API_EXT","hipLaunchKernel",2659034,2659034,829,3219595914726277,3219595914729873
"HIP_RUNTIME_API_EXT","hipGetLastError",2659034,2659034,830,3219595914730365,3219595914730413
"HIP_RUNTIME_API_EXT","hipSetDevice",2659034,2659034,831,3219595914730798,3219595914730859
"HIP_RUNTIME_API_EXT","hipFree",2659034,2659034,832,3219595914731267,3219595914757766
"HIP_RUNTIME_API_EXT","hipSetDevice",2659034,2659034,833,3219595914760599,3219595914760661
"HIP_RUNTIME_API_EXT","hipMalloc",2659034,2659034,834,3219595914761058,3219595914762505
"HIP_RUNTIME_API_EXT","hipSetDevice",2659034,2659034,835,3219595914762919,3219595914762983
"HIP_RUNTIME_API_EXT","hipLaunchKernel",2659034,2659034,836,3219595914763722,3219595914767763
"HIP_RUNTIME_API_EXT","hipGetLastError",2659034,2659034,837,3219595914768238,3219595914768317
"HIP_RUNTIME_API_EXT","hipSetDevice",2659034,2659034,838,3219595914768817,3219595914768887
"HIP_RUNTIME_API_EXT","hipFree",2659034,2659034,839,3219595914769417,3219595914781031
"HIP_RUNTIME_API_EXT","hipSetDevice",2659034,2659034,840,3219595914781901,3219595914781969
"HIP_RUNTIME_API_EXT","hipMalloc",2659034,2659034,841,3219595914782408,3219595914784055
"HIP_RUNTIME_API_EXT","hipSetDevice",2659034,2659034,842,3219595914784889,3219595914784953
"HIP_RUNTIME_API_EXT","hipMemcpy",2659034,2659034,843,3219595914785303,3219595914789603
"HIP_RUNTIME_API_EXT","hipSetDevice",2659034,2659034,844,3219595914790093,3219595914790158
"HIP_RUNTIME_API_EXT","hipMemcpy",2659034,2659034,845,3219595914790504,3219595914794424
"HIP_RUNTIME_API_EXT","hipSetDevice",2659034,2659034,846,3219595914795352,3219595914795424
"HIP_RUNTIME_API_EXT","hipMalloc",2659034,2659034,847,3219595914795792,3219595914798075
"HIP_RUNTIME_API_EXT","hipSetDevice",2659034,2659034,848,3219595914798689,3219595914798760
"HIP_RUNTIME_API_EXT","hipMemcpy",2659034,2659034,849,3219595914799106,3219595914803469
"HIP_RUNTIME_API_EXT","hipSetDevice",2659034,2659034,850,3219595914803907,3219595914803985
"HIP_RUNTIME_API_EXT","hipMemcpy",2659034,2659034,851,3219595914804333,3219595914808154
"HIP_RUNTIME_API_EXT","hipSetDevice",2659034,2659034,852,3219595914808803,3219595914808867
"HIP_RUNTIME_API_EXT","hipMalloc",2659034,2659034,853,3219595914809231,3219595914811227
"HIP_RUNTIME_API_EXT","hipSetDevice",2659034,2659034,854,3219595914811689,3219595914811749
"HIP_RUNTIME_API_EXT","hipLaunchKernel",2659034,2659034,855,3219595914812599,3219595914827437
"HIP_RUNTIME_API_EXT","hipGetLastError",2659034,2659034,856,3219595914827953,3219595914828009
"HIP_RUNTIME_API_EXT","hipSetDevice",2659034,2659034,857,3219595914828726,3219595914828795
"HIP_RUNTIME_API_EXT","hipMalloc",2659034,2659034,858,3219595914829167,3219595914830953
"HIP_RUNTIME_API_EXT","hipSetDevice",2659034,2659034,859,3219595914831496,3219595914831566
"HIP_RUNTIME_API_EXT","hipLaunchKernel",2659034,2659034,860,3219595914832263,3219595914836333
"HIP_RUNTIME_API_EXT","hipGetLastError",2659034,2659034,861,3219595914836863,3219595914836909
"HIP_RUNTIME_API_EXT","hipSetDevice",2659034,2659034,862,3219595914837632,3219595914837702
"HIP_RUNTIME_API_EXT","hipFree",2659034,2659034,863,3219595914838153,3219595914850914
"HIP_RUNTIME_API_EXT","hipSetDevice",2659034,2659034,864,3219595914851740,3219595914851805
"HIP_RUNTIME_API_EXT","hipMalloc",2659034,2659034,865,3219595914852158,3219595914854425
"HIP_RUNTIME_API_EXT","hipSetDevice",2659034,2659034,866,3219595914855058,3219595914855118
"HIP_RUNTIME_API_EXT","hipLaunchKernel",2659034,2659034,867,3219595914855693,3219595914860256
"HIP_RUNTIME_API_EXT","hipGetLastError",2659034,2659034,868,3219595914860868,3219595914860928
"HIP_RUNTIME_API_EXT","hipSetDevice",2659034,2659034,869,3219595914861605,3219595914861666
"HIP_RUNTIME_API_EXT","hipFree",2659034,2659034,870,3219595914862188,3219595914887132
"HIP_RUNTIME_API_EXT","hipSetDevice",2659034,2659034,871,3219595914887668,3219595914887730
"HIP_RUNTIME_API_EXT","hipFree",2659034,2659034,872,3219595914888088,3219595914889494
"HIP_RUNTIME_API_EXT","hipSetDevice",2659034,2659034,873,3219595914889887,3219595914889948
"HIP_RUNTIME_API_EXT","hipFree",2659034,2659034,874,3219595914890530,3219595914891671
"HIP_RUNTIME_API_EXT","hipSetDevice",2659034,2659034,875,3219595914892079,3219595914892138
"HIP_RUNTIME_API_EXT","hipFree",2659034,2659034,876,3219595914892764,3219595914894187
"HIP_RUNTIME_API_EXT","hipSetDevice",2659034,2659034,877,3219595914894643,3219595914894704
"HIP_RUNTIME_API_EXT","hipFree",2659034,2659034,878,3219595914895056,3219595914896448
"HIP_RUNTIME_API_EXT","hipSetDevice",2659034,2659034,879,3219595914896858,3219595914896920
"HIP_RUNTIME_API_EXT","hipFree",2659034,2659034,880,3219595914897251,3219595914898487
"HIP_RUNTIME_API_EXT","hipSetDevice",2659034,2659034,881,3219595914898885,3219595914898946
"HIP_RUNTIME_API_EXT","hipFree",2659034,2659034,882,3219595914899285,3219595914900431
"HIP_RUNTIME_API_EXT","hipSetDevice",2659034,2659034,883,3219595914901212,3219595914901281
"HIP_RUNTIME_API_EXT","hipMalloc",2659034,2659034,884,3219595914901703,3219595914902850
"HIP_RUNTIME_API_EXT","hipSetDevice",2659034,2659034,885,3219595914903257,3219595914903317
"HIP_RUNTIME_API_EXT","hipLaunchKernel",2659034,2659034,886,3219595914903911,3219595914908199
"HIP_RUNTIME_API_EXT","hipGetLastError",2659034,2659034,887,3219595914908657,3219595914908705
"HIP_RUNTIME_API_EXT","hipSetDevice",2659034,2659034,888,3219595914909191,3219595914909264
"HIP_RUNTIME_API_EXT","hipFree",2659034,2659034,889,3219595914909651,3219595914921086
"HIP_RUNTIME_API_EXT","hipSetDevice",2659034,2659034,890,3219595914921550,3219595914921618
"HIP_RUNTIME_API_EXT","hipFree",2659034,2659034,891,3219595914922264,3219595914923622
"HIP_RUNTIME_API_EXT","hipSetDevice",2659034,2659034,892,3219595914924220,3219595914924279
"HIP_RUNTIME_API_EXT","hipMalloc",2659034,2659034,893,3219595914924660,3219595914925731
"HIP_RUNTIME_API_EXT","hipSetDevice",2659034,2659034,894,3219595914926280,3219595914926344
"HIP_RUNTIME_API_EXT","hipLaunchKernel",2659034,2659034,895,3219595914926931,3219595914930666
"HIP_RUNTIME_API_EXT","hipGetLastError",2659034,2659034,896,3219595914931113,3219595914931163
"HIP_RUNTIME_API_EXT","hipSetDevice",2659034,2659034,897,3219595914932193,3219595914932255
"HIP_RUNTIME_API_EXT","hipMalloc",2659034,2659034,898,3219595914932622,3219595914933625
"HIP_RUNTIME_API_EXT","hipSetDevice",2659034,2659034,899,3219595914934138,3219595914934206
"HIP_RUNTIME_API_EXT","hipLaunchKernel",2659034,2659034,900,3219595914934925,3219595914938516
"HIP_RUNTIME_API_EXT","hipGetLastError",2659034,2659034,901,3219595914940115,3219595914940217
"HIP_RUNTIME_API_EXT","hipSetDevice",2659034,2659034,902,3219595914941348,3219595914941413
"HIP_RUNTIME_API_EXT","hipMalloc",2659034,2659034,903,3219595914941850,3219595914943132
"HIP_RUNTIME_API_EXT","hipSetDevice",2659034,2659034,904,3219595914943642,3219595914943710
"HIP_RUNTIME_API_EXT","hipLaunchKernel",2659034,2659034,905,3219595914944291,3219595914948289
"HIP_RUNTIME_API_EXT","hipGetLastError",2659034,2659034,906,3219595914948804,3219595914948852
"HIP_RUNTIME_API_EXT","hipSetDevice",2659034,2659034,907,3219595914949451,3219595914949520
"HIP_RUNTIME_API_EXT","hipMalloc",2659034,2659034,908,3219595914950002,3219595914951469
"HIP_RUNTIME_API_EXT","hipSetDevice",2659034,2659034,909,3219595914951992,3219595914952059
"HIP_RUNTIME_API_EXT","hipLaunchKernel",2659034,2659034,910,3219595914952789,3219595914956578
"HIP_RUNTIME_API_EXT","hipGetLastError",2659034,2659034,911,3219595914957190,3219595914957245
"HIP_RUNTIME_API_EXT","hipSetDevice",2659034,2659034,912,3219595914957683,3219595914957744
"HIP_RUNTIME_API_EXT","hipFree",2659034,2659034,913,3219595914958130,3219595914987657
"HIP_RUNTIME_API_EXT","hipSetDevice",2659034,2659034,914,3219595914988087,3219595914988157
"HIP_RUNTIME_API_EXT","hipFree",2659034,2659034,915,3219595914988917,3219595914990078
"HIP_RUNTIME_API_EXT","hipSetDevice",2659034,2659034,916,3219595914990940,3219595914991001
"HIP_RUNTIME_API_EXT","hipMalloc",2659034,2659034,917,3219595914991499,3219595914992590
"HIP_RUNTIME_API_EXT","hipSetDevice",2659034,2659034,918,3219595914993064,3219595914993125
"HIP_RUNTIME_API_EXT","hipLaunchKernel",2659034,2659034,919,3219595914993746,3219595914997561
"HIP_RUNTIME_API_EXT","hipGetLastError",2659034,2659034,920,3219595914998060,3219595914998106
"HIP_RUNTIME_API_EXT","hipSetDevice",2659034,2659034,921,3219595914998768,3219595914998830
"HIP_RUNTIME_API_EXT","hipFree",2659034,2659034,922,3219595914999262,3219595915039993
"HIP_RUNTIME_API_EXT","hipSetDevice",2659034,2659034,923,3219595915040951,3219595915041014
"HIP_RUNTIME_API_EXT","hipMalloc",2659034,2659034,924,3219595915041379,3219595915042365
"HIP_RUNTIME_API_EXT","hipSetDevice",2659034,2659034,925,3219595915042846,3219595915042910
"HIP_RUNTIME_API_EXT","hipLaunchKernel",2659034,2659034,926,3219595915043567,3219595915047346
"HIP_RUNTIME_API_EXT","hipGetLastError",2659034,2659034,927,3219595915047894,3219595915047946
"HIP_RUNTIME_API_EXT","hipSetDevice",2659034,2659034,928,3219595915048350,3219595915048416
"HIP_RUNTIME_API_EXT","hipFree",2659034,2659034,929,3219595915048778,3219595915059814
"HIP_RUNTIME_API_EXT","hipSetDevice",2659034,2659034,930,3219595915060376,3219595915060441
"HIP_RUNTIME_API_EXT","hipFree",2659034,2659034,931,3219595915060946,3219595915061991
"HIP_RUNTIME_API_EXT","hipSetDevice",2659034,2659034,932,3219595915062416,3219595915062476
"HIP_RUNTIME_API_EXT","hipFree",2659034,2659034,933,3219595915062830,3219595915063955
"HIP_RUNTIME_API_EXT","hipSetDevice",2659034,2659034,934,3219595915064442,3219595915064500
"HIP_RUNTIME_API_EXT","hipFree",2659034,2659034,935,3219595915064976,3219595915066615
"HIP_RUNTIME_API_EXT","hipSetDevice",2659034,2659034,936,3219595915067341,3219595915067401
"HIP_RUNTIME_API_EXT","hipMalloc",2659034,2659034,937,3219595915067864,3219595915069063
"HIP_RUNTIME_API_EXT","hipSetDevice",2659034,2659034,938,3219595915069534,3219595915069596
"HIP_RUNTIME_API_EXT","hipLaunchKernel",2659034,2659034,939,3219595915070174,3219595915074067
"HIP_RUNTIME_API_EXT","hipGetLastError",2659034,2659034,940,3219595915074628,3219595915074674
"HIP_RUNTIME_API_EXT","hipSetDevice",2659034,2659034,941,3219595915075640,3219595915075701
"HIP_RUNTIME_API_EXT","hipMalloc",2659034,2659034,942,3219595915076134,3219595915077305
"HIP_RUNTIME_API_EXT","hipSetDevice",2659034,2659034,943,3219595915077801,3219595915077888
"HIP_RUNTIME_API_EXT","hipLaunchKernel",2659034,2659034,944,3219595915078503,3219595915082005
"HIP_RUNTIME_API_EXT","hipGetLastError",2659034,2659034,945,3219595915082846,3219595915082895
"HIP_RUNTIME_API_EXT","hipSetDevice",2659034,2659034,946,3219595915083723,3219595915083784
"HIP_RUNTIME_API_EXT","hipMalloc",2659034,2659034,947,3219595915084206,3219595915085453
"HIP_RUNTIME_API_EXT","hipSetDevice",2659034,2659034,948,3219595915085908,3219595915085971
"HIP_RUNTIME_API_EXT","hipLaunchKernel",2659034,2659034,949,3219595915086573,3219595915090146
"HIP_RUNTIME_API_EXT","hipGetLastError",2659034,2659034,950,3219595915090661,3219595915090716
"HIP_RUNTIME_API_EXT","hipSetDevice",2659034,2659034,951,3219595915091483,3219595915091547
"HIP_RUNTIME_API_EXT","hipMalloc",2659034,2659034,952,3219595915091944,3219595915093091
"HIP_RUNTIME_API_EXT","hipSetDevice",2659034,2659034,953,3219595915093490,3219595915093550
"HIP_RUNTIME_API_EXT","hipLaunchKernel",2659034,2659034,954,3219595915094195,3219595915098046
"HIP_RUNTIME_API_EXT","hipGetLastError",2659034,2659034,955,3219595915098530,3219595915098584
"HIP_RUNTIME_API_EXT","hipSetDevice",2659034,2659034,956,3219595915099611,3219595915099678
"HIP_RUNTIME_API_EXT","hipMalloc",2659034,2659034,957,3219595915100043,3219595915101161
"HIP_RUNTIME_API_EXT","hipSetDevice",2659034,2659034,958,3219595915101666,3219595915101726
"HIP_RUNTIME_API_EXT","hipLaunchKernel",2659034,2659034,959,3219595915102343,3219595915106416
"HIP_RUNTIME_API_EXT","hipGetLastError",2659034,2659034,960,3219595915106970,3219595915107026
"HIP_RUNTIME_API_EXT","hipSetDevice",2659034,2659034,961,3219595915108097,3219595915108159
"HIP_RUNTIME_API_EXT","hipMalloc",2659034,2659034,962,3219595915108555,3219595915109983
"HIP_RUNTIME_API_EXT","hipSetDevice",2659034,2659034,963,3219595915110444,3219595915110512
"HIP_RUNTIME_API_EXT","hipLaunchKernel",2659034,2659034,964,3219595915111145,3219595915114799
"HIP_RUNTIME_API_EXT","hipGetLastError",2659034,2659034,965,3219595915115339,3219595915115394
"HIP_RUNTIME_API_EXT","hipSetDevice",2659034,2659034,966,3219595915116192,3219595915116258
"HIP_RUNTIME_API_EXT","hipMalloc",2659034,2659034,967,3219595915116649,3219595915117864
"HIP_RUNTIME_API_EXT","hipSetDevice",2659034,2659034,968,3219595915118294,3219595915118356
"HIP_RUNTIME_API_EXT","hipLaunchKernel",2659034,2659034,969,3219595915119221,3219595915123151
"HIP_RUNTIME_API_EXT","hipGetLastError",2659034,2659034,970,3219595915123712,3219595915123769
"HIP_RUNTIME_API_EXT","hipSetDevice",2659034,2659034,971,3219595915124335,3219595915124397
"HIP_RUNTIME_API_EXT","hipMalloc",2659034,2659034,972,3219595915125015,3219595915126278
"HIP_RUNTIME_API_EXT","hipSetDevice",2659034,2659034,973,3219595915126700,3219595915126763
"HIP_RUNTIME_API_EXT","hipLaunchKernel",2659034,2659034,974,3219595915127357,3219595915130756
"HIP_RUNTIME_API_EXT","hipGetLastError",2659034,2659034,975,3219595915131307,3219595915131363
"HIP_RUNTIME_API_EXT","hipSetDevice",2659034,2659034,976,3219595915131756,3219595915131817
"HIP_RUNTIME_API_EXT","hipFree",2659034,2659034,977,3219595915132209,3219595915159656
"HIP_RUNTIME_API_EXT","hipSetDevice",2659034,2659034,978,3219595915161905,3219595915161975
"HIP_RUNTIME_API_EXT","hipMalloc",2659034,2659034,979,3219595915162348,3219595915163675
"HIP_RUNTIME_API_EXT","hipSetDevice",2659034,2659034,980,3219595915164235,3219595915164299
"HIP_RUNTIME_API_EXT","hipLaunchKernel",2659034,2659034,981,3219595915165042,3219595915168977
"HIP_RUNTIME_API_EXT","hipGetLastError",2659034,2659034,982,3219595915169448,3219595915169497
"HIP_RUNTIME_API_EXT","hipSetDevice",2659034,2659034,983,3219595915169990,3219595915170060
"HIP_RUNTIME_API_EXT","hipFree",2659034,2659034,984,3219595915170486,3219595915182214
"HIP_RUNTIME_API_EXT","hipSetDevice",2659034,2659034,985,3219595915183120,3219595915183189
"HIP_RUNTIME_API_EXT","hipMalloc",2659034,2659034,986,3219595915183713,3219595915184915
"HIP_RUNTIME_API_EXT","hipSetDevice",2659034,2659034,987,3219595915185616,3219595915185682
"HIP_RUNTIME_API_EXT","hipMemcpy",2659034,2659034,988,3219595915186057,3219595915190072
"HIP_RUNTIME_API_EXT","hipSetDevice",2659034,2659034,989,3219595915190571,3219595915190640
"HIP_RUNTIME_API_EXT","hipMemcpy",2659034,2659034,990,3219595915191195,3219595915194864
"HIP_RUNTIME_API_EXT","hipSetDevice",2659034,2659034,991,3219595915195648,3219595915195727
"HIP_RUNTIME_API_EXT","hipMalloc",2659034,2659034,992,3219595915196110,3219595915197730
"HIP_RUNTIME_API_EXT","hipSetDevice",2659034,2659034,993,3219595915198375,3219595915198444
"HIP_RUNTIME_API_EXT","hipMemcpy",2659034,2659034,994,3219595915198824,3219595915204035
"HIP_RUNTIME_API_EXT","hipSetDevice",2659034,2659034,995,3219595915204584,3219595915204662
"HIP_RUNTIME_API_EXT","hipMemcpy",2659034,2659034,996,3219595915205151,3219595915208933
"HIP_RUNTIME_API_EXT","hipSetDevice",2659034,2659034,997,3219595915209632,3219595915209696
"HIP_RUNTIME_API_EXT","hipMalloc",2659034,2659034,998,3219595915210094,3219595915212474
"HIP_RUNTIME_API_EXT","hipSetDevice",2659034,2659034,999,3219595915213037,3219595915213100
"HIP_RUNTIME_API_EXT","hipLaunchKernel",2659034,2659034,1000,3219595915213762,3219595915217963
"HIP_RUNTIME_API_EXT","hipGetLastError",2659034,2659034,1001,3219595915218509,3219595915218557
"HIP_RUNTIME_API_EXT","hipSetDevice",2659034,2659034,1002,3219595915219285,3219595915219349
"HIP_RUNTIME_API_EXT","hipMalloc",2659034,2659034,1003,3219595915219734,3219595915220935
"HIP_RUNTIME_API_EXT","hipSetDevice",2659034,2659034,1004,3219595915221488,3219595915221548
"HIP_RUNTIME_API_EXT","hipLaunchKernel",2659034,2659034,1005,3219595915222189,3219595915226004
"HIP_RUNTIME_API_EXT","hipGetLastError",2659034,2659034,1006,3219595915226535,3219595915226589
"HIP_RUNTIME_API_EXT","hipSetDevice",2659034,2659034,1007,3219595915227309,3219595915227375
"HIP_RUNTIME_API_EXT","hipFree",2659034,2659034,1008,3219595915227825,3219595915240042
"HIP_RUNTIME_API_EXT","hipSetDevice",2659034,2659034,1009,3219595915241216,3219595915241279
"HIP_RUNTIME_API_EXT","hipMalloc",2659034,2659034,1010,3219595915241664,3219595915242570
"HIP_RUNTIME_API_EXT","hipSetDevice",2659034,2659034,1011,3219595915243047,3219595915243110
"HIP_RUNTIME_API_EXT","hipLaunchKernel",2659034,2659034,1012,3219595915243673,3219595915247664
"HIP_RUNTIME_API_EXT","hipGetLastError",2659034,2659034,1013,3219595915248142,3219595915248188
"HIP_RUNTIME_API_EXT","hipSetDevice",2659034,2659034,1014,3219595915248897,3219595915248967
"HIP_RUNTIME_API_EXT","hipFree",2659034,2659034,1015,3219595915249341,3219595915273869
"HIP_RUNTIME_API_EXT","hipSetDevice",2659034,2659034,1016,3219595915274344,3219595915274412
"HIP_RUNTIME_API_EXT","hipFree",2659034,2659034,1017,3219595915274762,3219595915276064
"HIP_RUNTIME_API_EXT","hipSetDevice",2659034,2659034,1018,3219595915276454,3219595915276519
"HIP_RUNTIME_API_EXT","hipFree",2659034,2659034,1019,3219595915277114,3219595915278308
"HIP_RUNTIME_API_EXT","hipSetDevice",2659034,2659034,1020,3219595915278721,3219595915278785
"HIP_RUNTIME_API_EXT","hipFree",2659034,2659034,1021,3219595915279152,3219595915280534
"HIP_RUNTIME_API_EXT","hipSetDevice",2659034,2659034,1022,3219595915280973,3219595915281034
"HIP_RUNTIME_API_EXT","hipFree",2659034,2659034,1023,3219595915281384,3219595915282654
"HIP_RUNTIME_API_EXT","hipSetDevice",2659034,2659034,1024,3219595915283158,3219595915283218
"HIP_RUNTIME_API_EXT","hipFree",2659034,2659034,1025,3219595915283710,3219595915284962
"HIP_RUNTIME_API_EXT","hipSetDevice",2659034,2659034,1026,3219595915285391,3219595915285453
"HIP_RUNTIME_API_EXT","hipFree",2659034,2659034,1027,3219595915285949,3219595915288887
"HIP_RUNTIME_API_EXT","hipSetDevice",2659034,2659034,1028,3219595915289548,3219595915289612
"HIP_RUNTIME_API_EXT","hipMalloc",2659034,2659034,1029,3219595915289993,3219595915291043
"HIP_RUNTIME_API_EXT","hipSetDevice",2659034,2659034,1030,3219595915291486,3219595915291550
"HIP_RUNTIME_API_EXT","hipLaunchKernel",2659034,2659034,1031,3219595915292126,3219595915296261
"HIP_RUNTIME_API_EXT","hipGetLastError",2659034,2659034,1032,3219595915296825,3219595915296878
"HIP_RUNTIME_API_EXT","hipSetDevice",2659034,2659034,1033,3219595915297286,3219595915297354
"HIP_RUNTIME_API_EXT","hipFree",2659034,2659034,1034,3219595915297745,3219595915308917
"HIP_RUNTIME_API_EXT","hipSetDevice",2659034,2659034,1035,3219595915309357,3219595915309422
"HIP_RUNTIME_API_EXT","hipFree",2659034,2659034,1036,3219595915309923,3219595915311394
"HIP_RUNTIME_API_EXT","hipSetDevice",2659034,2659034,1037,3219595915312147,3219595915312207
"HIP_RUNTIME_API_EXT","hipMalloc",2659034,2659034,1038,3219595915312627,3219595915313732
"HIP_RUNTIME_API_EXT","hipSetDevice",2659034,2659034,1039,3219595915314228,3219595915314319
"HIP_RUNTIME_API_EXT","hipLaunchKernel",2659034,2659034,1040,3219595915314931,3219595915319029
"HIP_RUNTIME_API_EXT","hipGetLastError",2659034,2659034,1041,3219595915319556,3219595915319603
"HIP_RUNTIME_API_EXT","hipSetDevice",2659034,2659034,1042,3219595915320582,3219595915320648
"HIP_RUNTIME_API_EXT","hipMalloc",2659034,2659034,1043,3219595915321038,3219595915322215
"HIP_RUNTIME_API_EXT","hipSetDevice",2659034,2659034,1044,3219595915322692,3219595915322760
"HIP_RUNTIME_API_EXT","hipLaunchKernel",2659034,2659034,1045,3219595915323333,3219595915326993
"HIP_RUNTIME_API_EXT","hipGetLastError",2659034,2659034,1046,3219595915327954,3219595915327999
"HIP_RUNTIME_API_EXT","hipSetDevice",2659034,2659034,1047,3219595915328780,3219595915328846
"HIP_RUNTIME_API_EXT","hipMalloc",2659034,2659034,1048,3219595915329233,3219595915330682
"HIP_RUNTIME_API_EXT","hipSetDevice",2659034,2659034,1049,3219595915331164,3219595915331230
"HIP_RUNTIME_API_EXT","hipLaunchKernel",2659034,2659034,1050,3219595915331961,3219595915335954
"HIP_RUNTIME_API_EXT","hipGetLastError",2659034,2659034,1051,3219595915338377,3219595915338431
"HIP_RUNTIME_API_EXT","hipSetDevice",2659034,2659034,1052,3219595915339063,3219595915339121
"HIP_RUNTIME_API_EXT","hipMalloc",2659034,2659034,1053,3219595915339494,3219595915340853
"HIP_RUNTIME_API_EXT","hipSetDevice",2659034,2659034,1054,3219595915341295,3219595915341360
"HIP_RUNTIME_API_EXT","hipLaunchKernel",2659034,2659034,1055,3219595915341937,3219595915345806
"HIP_RUNTIME_API_EXT","hipGetLastError",2659034,2659034,1056,3219595915346333,3219595915346380
"HIP_RUNTIME_API_EXT","hipSetDevice",2659034,2659034,1057,3219595915346788,3219595915346852
"HIP_RUNTIME_API_EXT","hipFree",2659034,2659034,1058,3219595915347232,3219595915375621
"HIP_RUNTIME_API_EXT","hipSetDevice",2659034,2659034,1059,3219595915376263,3219595915376327
"HIP_RUNTIME_API_EXT","hipFree",2659034,2659034,1060,3219595915376895,3219595915378221
"HIP_RUNTIME_API_EXT","hipSetDevice",2659034,2659034,1061,3219595915380766,3219595915380837
"HIP_RUNTIME_API_EXT","hipMalloc",2659034,2659034,1062,3219595915381391,3219595915382771
"HIP_RUNTIME_API_EXT","hipSetDevice",2659034,2659034,1063,3219595915383214,3219595915383278
"HIP_RUNTIME_API_EXT","hipLaunchKernel",2659034,2659034,1064,3219595915385977,3219595915416445
"HIP_RUNTIME_API_EXT","hipGetLastError",2659034,2659034,1065,3219595915417675,3219595915417729
"HIP_RUNTIME_API_EXT","hipSetDevice",2659034,2659034,1066,3219595915418323,3219595915418384
"HIP_RUNTIME_API_EXT","hipFree",2659034,2659034,1067,3219595915418797,3219595915458017
"HIP_RUNTIME_API_EXT","hipSetDevice",2659034,2659034,1068,3219595915459091,3219595915459151
"HIP_RUNTIME_API_EXT","hipMalloc",2659034,2659034,1069,3219595915459542,3219595915461897
"HIP_RUNTIME_API_EXT","hipSetDevice",2659034,2659034,1070,3219595915462345,3219595915462406
"HIP_RUNTIME_API_EXT","hipLaunchKernel",2659034,2659034,1071,3219595915462978,3219595915470008
"HIP_RUNTIME_API_EXT","hipGetLastError",2659034,2659034,1072,3219595915470660,3219595915470706
"HIP_RUNTIME_API_EXT","hipSetDevice",2659034,2659034,1073,3219595915471245,3219595915471310
"HIP_RUNTIME_API_EXT","hipFree",2659034,2659034,1074,3219595915471808,3219595915482732
"HIP_RUNTIME_API_EXT","hipSetDevice",2659034,2659034,1075,3219595915483332,3219595915483403
"HIP_RUNTIME_API_EXT","hipFree",2659034,2659034,1076,3219595915483894,3219595915485293
"HIP_RUNTIME_API_EXT","hipSetDevice",2659034,2659034,1077,3219595915485781,3219595915485844
"HIP_RUNTIME_API_EXT","hipFree",2659034,2659034,1078,3219595915486211,3219595915487529
"HIP_RUNTIME_API_EXT","hipSetDevice",2659034,2659034,1079,3219595915487985,3219595915488049
"HIP_RUNTIME_API_EXT","hipFree",2659034,2659034,1080,3219595915488522,3219595915490406
"HIP_RUNTIME_API_EXT","hipSetDevice",2659034,2659034,1081,3219595915491063,3219595915491121
"HIP_RUNTIME_API_EXT","hipMalloc",2659034,2659034,1082,3219595915491516,3219595915492525
"HIP_RUNTIME_API_EXT","hipSetDevice",2659034,2659034,1083,3219595915492948,3219595915493009
"HIP_RUNTIME_API_EXT","hipLaunchKernel",2659034,2659034,1084,3219595915493658,3219595915497919
"HIP_RUNTIME_API_EXT","hipGetLastError",2659034,2659034,1085,3219595915498425,3219595915498479
"HIP_RUNTIME_API_EXT","hipSetDevice",2659034,2659034,1086,3219595915498873,3219595915498937
"HIP_RUNTIME_API_EXT","hipFree",2659034,2659034,1087,3219595915499323,3219595915511054
"HIP_RUNTIME_API_EXT","hipSetDevice",2659034,2659034,1088,3219595915512549,3219595915512613
"HIP_RUNTIME_API_EXT","hipMalloc",2659034,2659034,1089,3219595915513304,3219595915514334
"HIP_RUNTIME_API_EXT","hipSetDevice",2659034,2659034,1090,3219595915514821,3219595915514885
"HIP_RUNTIME_API_EXT","hipLaunchKernel",2659034,2659034,1091,3219595915515593,3219595915519300
"HIP_RUNTIME_API_EXT","hipGetLastError",2659034,2659034,1092,3219595915519787,3219595915519837
"HIP_RUNTIME_API_EXT","hipSetDevice",2659034,2659034,1093,3219595915520800,3219595915520865
"HIP_RUNTIME_API_EXT","hipFree",2659034,2659034,1094,3219595915521244,3219595915538551
"HIP_RUNTIME_API_EXT","hipSetDevice",2659034,2659034,1095,3219595915539166,3219595915539234
"HIP_RUNTIME_API_EXT","hipFree",2659034,2659034,1096,3219595915539862,3219595915541200
"HIP_RUNTIME_API_EXT","hipSetDevice",2659034,2659034,1097,3219595915542267,3219595915542329
"HIP_RUNTIME_API_EXT","hipMemcpy",2659034,2659034,1098,3219595915542819,3219595915547510
"HIP_RUNTIME_API_EXT","hipSetDevice",2659034,2659034,1099,3219595915548123,3219595915548191
"HIP_RUNTIME_API_EXT","hipMemcpy",2659034,2659034,1100,3219595915548704,3219595915552604
"HIP_RUNTIME_API_EXT","hipSetDevice",2659034,2659034,1101,3219595915553315,3219595915553379
"HIP_RUNTIME_API_EXT","hipMemcpy",2659034,2659034,1102,3219595915553984,3219595915558216
"HIP_RUNTIME_API_EXT","hipSetDevice",2659034,2659034,1103,3219595915558811,3219595915558881
"HIP_RUNTIME_API_EXT","hipMemcpy",2659034,2659034,1104,3219595915559273,3219595915563401
"HIP_RUNTIME_API_EXT","hipSetDevice",2659034,2659034,1105,3219595915564483,3219595915564633
"HIP_RUNTIME_API_EXT","hipMemcpy",2659034,2659034,1106,3219595915564971,3219595915569480
"HIP_RUNTIME_API_EXT","hipSetDevice",2659034,2659034,1107,3219595915570000,3219595915570065
"HIP_RUNTIME_API_EXT","hipMemcpy",2659034,2659034,1108,3219595915570748,3219595915574546
"HIP_RUNTIME_API_EXT","hipSetDevice",2659034,2659034,1109,3219595915575035,3219595915575106
"HIP_RUNTIME_API_EXT","hipMemcpy",2659034,2659034,1110,3219595915575571,3219595915579988
"HIP_RUNTIME_API_EXT","hipSetDevice",2659034,2659034,1111,3219595915580590,3219595915580658
"HIP_RUNTIME_API_EXT","hipMemcpy",2659034,2659034,1112,3219595915581896,3219595915586284
"HIP_RUNTIME_API_EXT","hipSetDevice",2659034,2659034,1113,3219595915586871,3219595915586936
"HIP_RUNTIME_API_EXT","hipFree",2659034,2659034,1114,3219595915587315,3219595915601044
"HIP_RUNTIME_API_EXT","hipSetDevice",2659034,2659034,1115,3219595915601530,3219595915601594
"HIP_RUNTIME_API_EXT","hipFree",2659034,2659034,1116,3219595915601943,3219595915603658
"HIP_RUNTIME_API_EXT","hipSetDevice",2659034,2659034,1117,3219595915604161,3219595915604223
"HIP_RUNTIME_API_EXT","hipFree",2659034,2659034,1118,3219595915604797,3219595915606349
"HIP_RUNTIME_API_EXT","hipSetDevice",2659034,2659034,1119,3219595915606868,3219595915606927
"HIP_RUNTIME_API_EXT","hipFree",2659034,2659034,1120,3219595915607446,3219595915608820
"HIP_RUNTIME_API_EXT","hipSetDevice",2659034,2659034,1121,3219595915609643,3219595915609706
"HIP_RUNTIME_API_EXT","hipMemcpy",2659034,2659034,1122,3219595915610065,3219595915615198
"HIP_RUNTIME_API_EXT","hipSetDevice",2659034,2659034,1123,3219595915615602,3219595915615720
"HIP_RUNTIME_API_EXT","hipFree",2659034,2659034,1124,3219595915616082,3219595915627600
"HIP_RUNTIME_API_EXT","hipSetDevice",2659034,2659034,1125,3219595915628922,3219595915628995
"HIP_RUNTIME_API_EXT","hipMalloc",2659034,2659034,1126,3219595915629368,3219595915630451
"HIP_RUNTIME_API_EXT","hipSetDevice",2659034,2659034,1127,3219595915631014,3219595915631074
"HIP_RUNTIME_API_EXT","hipMemcpy",2659034,2659034,1128,3219595915631438,3219595915648146
"HIP_RUNTIME_API_EXT","hipSetDevice",2659034,2659034,1129,3219595915649210,3219595915649270
"HIP_RUNTIME_API_EXT","hipMalloc",2659034,2659034,1130,3219595915649661,3219595915651008
"HIP_RUNTIME_API_EXT","hipSetDevice",2659034,2659034,1131,3219595915651422,3219595915651486
"HIP_RUNTIME_API_EXT","hipLaunchKernel",2659034,2659034,1132,3219595915652075,3219595915655763
"HIP_RUNTIME_API_EXT","hipGetLastError",2659034,2659034,1133,3219595915656289,3219595915656342
"HIP_RUNTIME_API_EXT","hipSetDevice",2659034,2659034,1134,3219595915657050,3219595915657113
"HIP_RUNTIME_API_EXT","hipMalloc",2659034,2659034,1135,3219595915657478,3219595915658744
"HIP_RUNTIME_API_EXT","hipSetDevice",2659034,2659034,1136,3219595915659154,3219595915659214
"HIP_RUNTIME_API_EXT","hipLaunchKernel",2659034,2659034,1137,3219595915659794,3219595915663812
"HIP_RUNTIME_API_EXT","hipGetLastError",2659034,2659034,1138,3219595915664335,3219595915664390
"HIP_RUNTIME_API_EXT","hipSetDevice",2659034,2659034,1139,3219595915665655,3219595915665720
"HIP_RUNTIME_API_EXT","hipMalloc",2659034,2659034,1140,3219595915666100,3219595915667496
"HIP_RUNTIME_API_EXT","hipSetDevice",2659034,2659034,1141,3219595915667936,3219595915667997
"HIP_RUNTIME_API_EXT","hipLaunchKernel",2659034,2659034,1142,3219595915668566,3219595915673546
"HIP_RUNTIME_API_EXT","hipGetLastError",2659034,2659034,1143,3219595915674034,3219595915674134
"HIP_RUNTIME_API_EXT","hipSetDevice",2659034,2659034,1144,3219595915675178,3219595915675243
"HIP_RUNTIME_API_EXT","hipMalloc",2659034,2659034,1145,3219595915675926,3219595915677543
"HIP_RUNTIME_API_EXT","hipSetDevice",2659034,2659034,1146,3219595915678103,3219595915678164
"HIP_RUNTIME_API_EXT","hipLaunchKernel",2659034,2659034,1147,3219595915678734,3219595915682355
"HIP_RUNTIME_API_EXT","hipGetLastError",2659034,2659034,1148,3219595915682823,3219595915682870
"HIP_RUNTIME_API_EXT","hipSetDevice",2659034,2659034,1149,3219595915683845,3219595915683919
"HIP_RUNTIME_API_EXT","hipMalloc",2659034,2659034,1150,3219595915684300,3219595915685674
"HIP_RUNTIME_API_EXT","hipSetDevice",2659034,2659034,1151,3219595915686132,3219595915686190
"HIP_RUNTIME_API_EXT","hipLaunchKernel",2659034,2659034,1152,3219595915686804,3219595915690227
"HIP_RUNTIME_API_EXT","hipGetLastError",2659034,2659034,1153,3219595915690780,3219595915690828
"HIP_RUNTIME_API_EXT","hipSetDevice",2659034,2659034,1154,3219595915691759,3219595915691830
"HIP_RUNTIME_API_EXT","hipMalloc",2659034,2659034,1155,3219595915692199,3219595915693424
"HIP_RUNTIME_API_EXT","hipSetDevice",2659034,2659034,1156,3219595915693876,3219595915693940
"HIP_RUNTIME_API_EXT","hipLaunchKernel",2659034,2659034,1157,3219595915694507,3219595915698597
"HIP_RUNTIME_API_EXT","hipGetLastError",2659034,2659034,1158,3219595915699059,3219595915699109
"HIP_RUNTIME_API_EXT","hipSetDevice",2659034,2659034,1159,3219595915699883,3219595915699947
"HIP_RUNTIME_API_EXT","hipMalloc",2659034,2659034,1160,3219595915700310,3219595915702019
"HIP_RUNTIME_API_EXT","hipSetDevice",2659034,2659034,1161,3219595915702580,3219595915702648
"HIP_RUNTIME_API_EXT","hipLaunchKernel",2659034,2659034,1162,3219595915703275,3219595915707503
"HIP_RUNTIME_API_EXT","hipGetLastError",2659034,2659034,1163,3219595915708020,3219595915708077
"HIP_RUNTIME_API_EXT","hipSetDevice",2659034,2659034,1164,3219595915708833,3219595915708895
"HIP_RUNTIME_API_EXT","hipMalloc",2659034,2659034,1165,3219595915709315,3219595915711243
"HIP_RUNTIME_API_EXT","hipSetDevice",2659034,2659034,1166,3219595915711777,3219595915711846
"HIP_RUNTIME_API_EXT","hipLaunchKernel",2659034,2659034,1167,3219595915712390,3219595915716408
"HIP_RUNTIME_API_EXT","hipGetLastError",2659034,2659034,1168,3219595915716929,3219595915716977
"HIP_RUNTIME_API_EXT","hipSetDevice",2659034,2659034,1169,3219595915717648,3219595915717714
"HIP_RUNTIME_API_EXT","hipMalloc",2659034,2659034,1170,3219595915718449,3219595915719893
"HIP_RUNTIME_API_EXT","hipSetDevice",2659034,2659034,1171,3219595915720320,3219595915720381
"HIP_RUNTIME_API_EXT","hipLaunchKernel",2659034,2659034,1172,3219595915720930,3219595915725055
"HIP_RUNTIME_API_EXT","hipGetLastError",2659034,2659034,1173,3219595915725603,3219595915725650
"HIP_RUNTIME_API_EXT","hipSetDevice",2659034,2659034,1174,3219595915726240,3219595915726429
"HIP_RUNTIME_API_EXT","hipFree",2659034,2659034,1175,3219595915727122,3219595915742571
"HIP_RUNTIME_API_EXT","hipSetDevice",2659034,2659034,1176,3219595915744778,3219595915744845
"HIP_RUNTIME_API_EXT","hipMalloc",2659034,2659034,1177,3219595915745231,3219595915746197
"HIP_RUNTIME_API_EXT","hipSetDevice",2659034,2659034,1178,3219595915746911,3219595915746969
"HIP_RUNTIME_API_EXT","hipLaunchKernel",2659034,2659034,1179,3219595915747547,3219595915751671
"HIP_RUNTIME_API_EXT","hipGetLastError",2659034,2659034,1180,3219595915752087,3219595915752137
"HIP_RUNTIME_API_EXT","hipSetDevice",2659034,2659034,1181,3219595915752585,3219595915752656
"HIP_RUNTIME_API_EXT","hipFree",2659034,2659034,1182,3219595915753052,3219595915764713
"HIP_RUNTIME_API_EXT","hipSetDevice",2659034,2659034,1183,3219595915765593,3219595915765662
"HIP_RUNTIME_API_EXT","hipMalloc",2659034,2659034,1184,3219595915766054,3219595915767467
"HIP_RUNTIME_API_EXT","hipSetDevice",2659034,2659034,1185,3219595915768183,3219595915768255
"HIP_RUNTIME_API_EXT","hipMemcpy",2659034,2659034,1186,3219595915768763,3219595915772771
"HIP_RUNTIME_API_EXT","hipSetDevice",2659034,2659034,1187,3219595915773186,3219595915773256
"HIP_RUNTIME_API_EXT","hipMemcpy",2659034,2659034,1188,3219595915773627,3219595915777321
"HIP_RUNTIME_API_EXT","hipSetDevice",2659034,2659034,1189,3219595915778116,3219595915778184
"HIP_RUNTIME_API_EXT","hipMalloc",2659034,2659034,1190,3219595915778564,3219595915780657
"HIP_RUNTIME_API_EXT","hipSetDevice",2659034,2659034,1191,3219595915781311,3219595915781374
"HIP_RUNTIME_API_EXT","hipMemcpy",2659034,2659034,1192,3219595915781893,3219595915786234
"HIP_RUNTIME_API_EXT","hipSetDevice",2659034,2659034,1193,3219595915786647,3219595915786717
"HIP_RUNTIME_API_EXT","hipMemcpy",2659034,2659034,1194,3219595915787116,3219595915791152
"HIP_RUNTIME_API_EXT","hipSetDevice",2659034,2659034,1195,3219595915791720,3219595915791796
"HIP_RUNTIME_API_EXT","hipMalloc",2659034,2659034,1196,3219595915792153,3219595915794549
"HIP_RUNTIME_API_EXT","hipSetDevice",2659034,2659034,1197,3219595915794981,3219595915795043
"HIP_RUNTIME_API_EXT","hipLaunchKernel",2659034,2659034,1198,3219595915795809,3219595915800325
"HIP_RUNTIME_API_EXT","hipGetLastError",2659034,2659034,1199,3219595915800783,3219595915800831
"HIP_RUNTIME_API_EXT","hipSetDevice",2659034,2659034,1200,3219595915801434,3219595915801497
"HIP_RUNTIME_API_EXT","hipMalloc",2659034,2659034,1201,3219595915801883,3219595915803217
"HIP_RUNTIME_API_EXT","hipSetDevice",2659034,2659034,1202,3219595915803774,3219595915803837
"HIP_RUNTIME_API_EXT","hipLaunchKernel",2659034,2659034,1203,3219595915804459,3219595915808082
"HIP_RUNTIME_API_EXT","hipGetLastError",2659034,2659034,1204,3219595915808687,3219595915808743
"HIP_RUNTIME_API_EXT","hipSetDevice",2659034,2659034,1205,3219595915809383,3219595915809452
"HIP_RUNTIME_API_EXT","hipFree",2659034,2659034,1206,3219595915810000,3219595915822263
"HIP_RUNTIME_API_EXT","hipSetDevice",2659034,2659034,1207,3219595915822980,3219595915823075
"HIP_RUNTIME_API_EXT","hipMalloc",2659034,2659034,1208,3219595915823429,3219595915824305
"HIP_RUNTIME_API_EXT","hipSetDevice",2659034,2659034,1209,3219595915824805,3219595915824869
"HIP_RUNTIME_API_EXT","hipLaunchKernel",2659034,2659034,1210,3219595915825665,3219595915839661
"HIP_RUNTIME_API_EXT","hipGetLastError",2659034,2659034,1211,3219595915840263,3219595915840368
"HIP_RUNTIME_API_EXT","hipSetDevice",2659034,2659034,1212,3219595915841017,3219595915841080
"HIP_RUNTIME_API_EXT","hipFree",2659034,2659034,1213,3219595915841441,3219595915868462
"HIP_RUNTIME_API_EXT","hipSetDevice",2659034,2659034,1214,3219595915869166,3219595915869235
"HIP_RUNTIME_API_EXT","hipFree",2659034,2659034,1215,3219595915869587,3219595915870944
"HIP_RUNTIME_API_EXT","hipSetDevice",2659034,2659034,1216,3219595915871346,3219595915871404
"HIP_RUNTIME_API_EXT","hipFree",2659034,2659034,1217,3219595915872238,3219595915873337
"HIP_RUNTIME_API_EXT","hipSetDevice",2659034,2659034,1218,3219595915873737,3219595915873799
"HIP_RUNTIME_API_EXT","hipFree",2659034,2659034,1219,3219595915874312,3219595915875713
"HIP_RUNTIME_API_EXT","hipSetDevice",2659034,2659034,1220,3219595915876215,3219595915876275
"HIP_RUNTIME_API_EXT","hipFree",2659034,2659034,1221,3219595915876614,3219595915877875
"HIP_RUNTIME_API_EXT","hipSetDevice",2659034,2659034,1222,3219595915878290,3219595915878351
"HIP_RUNTIME_API_EXT","hipFree",2659034,2659034,1223,3219595915878685,3219595915879856
"HIP_RUNTIME_API_EXT","hipSetDevice",2659034,2659034,1224,3219595915880241,3219595915880307
"HIP_RUNTIME_API_EXT","hipFree",2659034,2659034,1225,3219595915880645,3219595915881696
"HIP_RUNTIME_API_EXT","hipSetDevice",2659034,2659034,1226,3219595915882267,3219595915882335
"HIP_RUNTIME_API_EXT","hipMalloc",2659034,2659034,1227,3219595915882702,3219595915883718
"HIP_RUNTIME_API_EXT","hipSetDevice",2659034,2659034,1228,3219595915884131,3219595915884196
"HIP_RUNTIME_API_EXT","hipLaunchKernel",2659034,2659034,1229,3219595915884800,3219595915889020
"HIP_RUNTIME_API_EXT","hipGetLastError",2659034,2659034,1230,3219595915889481,3219595915889529
"HIP_RUNTIME_API_EXT","hipSetDevice",2659034,2659034,1231,3219595915889963,3219595915890031
"HIP_RUNTIME_API_EXT","hipFree",2659034,2659034,1232,3219595915890444,3219595915902004
"HIP_RUNTIME_API_EXT","hipSetDevice",2659034,2659034,1233,3219595915902515,3219595915902584
"HIP_RUNTIME_API_EXT","hipFree",2659034,2659034,1234,3219595915903170,3219595915904315
"HIP_RUNTIME_API_EXT","hipSetDevice",2659034,2659034,1235,3219595915905048,3219595915905112
"HIP_RUNTIME_API_EXT","hipMalloc",2659034,2659034,1236,3219595915905505,3219595915906552
"HIP_RUNTIME_API_EXT","hipSetDevice",2659034,2659034,1237,3219595915907136,3219595915907201
"HIP_RUNTIME_API_EXT","hipLaunchKernel",2659034,2659034,1238,3219595915908001,3219595915911792
"HIP_RUNTIME_API_EXT","hipGetLastError",2659034,2659034,1239,3219595915912221,3219595915912269
"HIP_RUNTIME_API_EXT","hipSetDevice",2659034,2659034,1240,3219595915913225,3219595915913290
"HIP_RUNTIME_API_EXT","hipMalloc",2659034,2659034,1241,3219595915913675,3219595915914664
"HIP_RUNTIME_API_EXT","hipSetDevice",2659034,2659034,1242,3219595915915084,3219595915915148
"HIP_RUNTIME_API_EXT","hipLaunchKernel",2659034,2659034,1243,3219595915915900,3219595915919438
"HIP_RUNTIME_API_EXT","hipGetLastError",2659034,2659034,1244,3219595915920476,3219595915920523
"HIP_RUNTIME_API_EXT","hipSetDevice",2659034,2659034,1245,3219595915921566,3219595915921630
"HIP_RUNTIME_API_EXT","hipMalloc",2659034,2659034,1246,3219595915922036,3219595915923302
"HIP_RUNTIME_API_EXT","hipSetDevice",2659034,2659034,1247,3219595915923828,3219595915923895
"HIP_RUNTIME_API_EXT","hipLaunchKernel",2659034,2659034,1248,3219595915924493,3219595915928655
"HIP_RUNTIME_API_EXT","hipGetLastError",2659034,2659034,1249,3219595915929155,3219595915929205
"HIP_RUNTIME_API_EXT","hipSetDevice",2659034,2659034,1250,3219595915929848,3219595915929912
"HIP_RUNTIME_API_EXT","hipMalloc",2659034,2659034,1251,3219595915930474,3219595915931763
"HIP_RUNTIME_API_EXT","hipSetDevice",2659034,2659034,1252,3219595915932211,3219595915932275
"HIP_RUNTIME_API_EXT","hipLaunchKernel",2659034,2659034,1253,3219595915933055,3219595915936515
"HIP_RUNTIME_API_EXT","hipGetLastError",2659034,2659034,1254,3219595915937073,3219595915937129
"HIP_RUNTIME_API_EXT","hipSetDevice",2659034,2659034,1255,3219595915937545,3219595915937615
"HIP_RUNTIME_API_EXT","hipFree",2659034,2659034,1256,3219595915937999,3219595915968076
"HIP_RUNTIME_API_EXT","hipSetDevice",2659034,2659034,1257,3219595915968971,3219595915969040
"HIP_RUNTIME_API_EXT","hipFree",2659034,2659034,1258,3219595915969415,3219595915970575
"HIP_RUNTIME_API_EXT","hipSetDevice",2659034,2659034,1259,3219595915971332,3219595915971399
"HIP_RUNTIME_API_EXT","hipMalloc",2659034,2659034,1260,3219595915971786,3219595915972848
"HIP_RUNTIME_API_EXT","hipSetDevice",2659034,2659034,1261,3219595915973433,3219595915973496
"HIP_RUNTIME_API_EXT","hipLaunchKernel",2659034,2659034,1262,3219595915974082,3219595915977893
"HIP_RUNTIME_API_EXT","hipGetLastError",2659034,2659034,1263,3219595915978440,3219595915978488
"HIP_RUNTIME_API_EXT","hipSetDevice",2659034,2659034,1264,3219595915979372,3219595915979461
"HIP_RUNTIME_API_EXT","hipFree",2659034,2659034,1265,3219595915979830,3219595916020311
"HIP_RUNTIME_API_EXT","hipSetDevice",2659034,2659034,1266,3219595916021184,3219595916021285
"HIP_RUNTIME_API_EXT","hipMalloc",2659034,2659034,1267,3219595916021939,3219595916023154
"HIP_RUNTIME_API_EXT","hipSetDevice",2659034,2659034,1268,3219595916023748,3219595916023814
"HIP_RUNTIME_API_EXT","hipLaunchKernel",2659034,2659034,1269,3219595916024685,3219595916028900
"HIP_RUNTIME_API_EXT","hipGetLastError",2659034,2659034,1270,3219595916029419,3219595916029518
"HIP_RUNTIME_API_EXT","hipSetDevice",2659034,2659034,1271,3219595916029980,3219595916030046
"HIP_RUNTIME_API_EXT","hipFree",2659034,2659034,1272,3219595916030441,3219595916041759
"HIP_RUNTIME_API_EXT","hipSetDevice",2659034,2659034,1273,3219595916042330,3219595916042399
"HIP_RUNTIME_API_EXT","hipFree",2659034,2659034,1274,3219595916043142,3219595916044238
"HIP_RUNTIME_API_EXT","hipSetDevice",2659034,2659034,1275,3219595916044753,3219595916044818
"HIP_RUNTIME_API_EXT","hipFree",2659034,2659034,1276,3219595916045238,3219595916046457
"HIP_RUNTIME_API_EXT","hipSetDevice",2659034,2659034,1277,3219595916047009,3219595916047071
"HIP_RUNTIME_API_EXT","hipFree",2659034,2659034,1278,3219595916047550,3219595916048796
"HIP_RUNTIME_API_EXT","hipSetDevice",2659034,2659034,1279,3219595916049462,3219595916049525
"HIP_RUNTIME_API_EXT","hipMalloc",2659034,2659034,1280,3219595916050006,3219595916051023
"HIP_RUNTIME_API_EXT","hipSetDevice",2659034,2659034,1281,3219595916051750,3219595916051816
"HIP_RUNTIME_API_EXT","hipLaunchKernel",2659034,2659034,1282,3219595916052387,3219595916056433
"HIP_RUNTIME_API_EXT","hipGetLastError",2659034,2659034,1283,3219595916056990,3219595916057039
"HIP_RUNTIME_API_EXT","hipSetDevice",2659034,2659034,1284,3219595916058071,3219595916058139
"HIP_RUNTIME_API_EXT","hipMalloc",2659034,2659034,1285,3219595916058597,3219595916059713
"HIP_RUNTIME_API_EXT","hipSetDevice",2659034,2659034,1286,3219595916060233,3219595916060294
"HIP_RUNTIME_API_EXT","hipLaunchKernel",2659034,2659034,1287,3219595916061019,3219595916065693
"HIP_RUNTIME_API_EXT","hipGetLastError",2659034,2659034,1288,3219595916066371,3219595916066418
"HIP_RUNTIME_API_EXT","hipSetDevice",2659034,2659034,1289,3219595916067174,3219595916067239
"HIP_RUNTIME_API_EXT","hipMalloc",2659034,2659034,1290,3219595916067633,3219595916068674
"HIP_RUNTIME_API_EXT","hipSetDevice",2659034,2659034,1291,3219595916069510,3219595916069571
"HIP_RUNTIME_API_EXT","hipLaunchKernel",2659034,2659034,1292,3219595916070170,3219595916073796
"HIP_RUNTIME_API_EXT","hipGetLastError",2659034,2659034,1293,3219595916074332,3219595916074379
"HIP_RUNTIME_API_EXT","hipSetDevice",2659034,2659034,1294,3219595916075143,3219595916075205
"HIP_RUNTIME_API_EXT","hipMalloc",2659034,2659034,1295,3219595916075660,3219595916076804
"HIP_RUNTIME_API_EXT","hipSetDevice",2659034,2659034,1296,3219595916077232,3219595916077293
"HIP_RUNTIME_API_EXT","hipLaunchKernel",2659034,2659034,1297,3219595916077857,3219595916081339
"HIP_RUNTIME_API_EXT","hipGetLastError",2659034,2659034,1298,3219595916081929,3219595916081978
"HIP_RUNTIME_API_EXT","hipSetDevice",2659034,2659034,1299,3219595916082940,3219595916083012
"HIP_RUNTIME_API_EXT","hipMalloc",2659034,2659034,1300,3219595916083379,3219595916084836
"HIP_RUNTIME_API_EXT","hipSetDevice",2659034,2659034,1301,3219595916085273,3219595916085338
"HIP_RUNTIME_API_EXT","hipLaunchKernel",2659034,2659034,1302,3219595916085889,3219595916089900
"HIP_RUNTIME_API_EXT","hipGetLastError",2659034,2659034,1303,3219595916090536,3219595916090585
"HIP_RUNTIME_API_EXT","hipSetDevice",2659034,2659034,1304,3219595916091461,3219595916091528
"HIP_RUNTIME_API_EXT","hipMalloc",2659034,2659034,1305,3219595916091979,3219595916093335
"HIP_RUNTIME_API_EXT","hipSetDevice",2659034,2659034,1306,3219595916093771,3219595916093839
"HIP_RUNTIME_API_EXT","hipLaunchKernel",2659034,2659034,1307,3219595916094836,3219595916098879
"HIP_RUNTIME_API_EXT","hipGetLastError",2659034,2659034,1308,3219595916099518,3219595916099570
"HIP_RUNTIME_API_EXT","hipSetDevice",2659034,2659034,1309,3219595916100631,3219595916100695
"HIP_RUNTIME_API_EXT","hipMalloc",2659034,2659034,1310,3219595916101226,3219595916102806
"HIP_RUNTIME_API_EXT","hipSetDevice",2659034,2659034,1311,3219595916103424,3219595916103493
"HIP_RUNTIME_API_EXT","hipLaunchKernel",2659034,2659034,1312,3219595916104126,3219595916108527
"HIP_RUNTIME_API_EXT","hipGetLastError",2659034,2659034,1313,3219595916109040,3219595916109096
"HIP_RUNTIME_API_EXT","hipSetDevice",2659034,2659034,1314,3219595916109739,3219595916109805
"HIP_RUNTIME_API_EXT","hipMalloc",2659034,2659034,1315,3219595916110550,3219595916111989
"HIP_RUNTIME_API_EXT","hipSetDevice",2659034,2659034,1316,3219595916112491,3219595916112559
"HIP_RUNTIME_API_EXT","hipLaunchKernel",2659034,2659034,1317,3219595916113129,3219595916117253
"HIP_RUNTIME_API_EXT","hipGetLastError",2659034,2659034,1318,3219595916118999,3219595916119046
"HIP_RUNTIME_API_EXT","hipSetDevice",2659034,2659034,1319,3219595916119547,3219595916119608
"HIP_RUNTIME_API_EXT","hipFree",2659034,2659034,1320,3219595916120008,3219595916134544
"HIP_RUNTIME_API_EXT","hipSetDevice",2659034,2659034,1321,3219595916136868,3219595916136939
"HIP_RUNTIME_API_EXT","hipMalloc",2659034,2659034,1322,3219595916137312,3219595916138351
"HIP_RUNTIME_API_EXT","hipSetDevice",2659034,2659034,1323,3219595916138914,3219595916138984
"HIP_RUNTIME_API_EXT","hipLaunchKernel",2659034,2659034,1324,3219595916139861,3219595916144035
"HIP_RUNTIME_API_EXT","hipGetLastError",2659034,2659034,1325,3219595916144499,3219595916144545
"HIP_RUNTIME_API_EXT","hipSetDevice",2659034,2659034,1326,3219595916145085,3219595916145151
"HIP_RUNTIME_API_EXT","hipFree",2659034,2659034,1327,3219595916145638,3219595916157240
"HIP_RUNTIME_API_EXT","hipSetDevice",2659034,2659034,1328,3219595916158257,3219595916158327
"HIP_RUNTIME_API_EXT","hipMalloc",2659034,2659034,1329,3219595916158690,3219595916159846
"HIP_RUNTIME_API_EXT","hipSetDevice",2659034,2659034,1330,3219595916160564,3219595916160629
"HIP_RUNTIME_API_EXT","hipMemcpy",2659034,2659034,1331,3219595916161081,3219595916165073
"HIP_RUNTIME_API_EXT","hipSetDevice",2659034,2659034,1332,3219595916165630,3219595916165695
"HIP_RUNTIME_API_EXT","hipMemcpy",2659034,2659034,1333,3219595916166109,3219595916169693
"HIP_RUNTIME_API_EXT","hipSetDevice",2659034,2659034,1334,3219595916170544,3219595916170608
"HIP_RUNTIME_API_EXT","hipMalloc",2659034,2659034,1335,3219595916170996,3219595916173152
"HIP_RUNTIME_API_EXT","hipSetDevice",2659034,2659034,1336,3219595916174160,3219595916174229
"HIP_RUNTIME_API_EXT","hipMemcpy",2659034,2659034,1337,3219595916174595,3219595916178900
"HIP_RUNTIME_API_EXT","hipSetDevice",2659034,2659034,1338,3219595916179393,3219595916179461
"HIP_RUNTIME_API_EXT","hipMemcpy",2659034,2659034,1339,3219595916179903,3219595916183555
"HIP_RUNTIME_API_EXT","hipSetDevice",2659034,2659034,1340,3219595916184327,3219595916184390
"HIP_RUNTIME_API_EXT","hipMalloc",2659034,2659034,1341,3219595916184829,3219595916187467
"HIP_RUNTIME_API_EXT","hipSetDevice",2659034,2659034,1342,3219595916188001,3219595916188066
"HIP_RUNTIME_API_EXT","hipLaunchKernel",2659034,2659034,1343,3219595916188790,3219595916193231
"HIP_RUNTIME_API_EXT","hipGetLastError",2659034,2659034,1344,3219595916193776,3219595916193822
"HIP_RUNTIME_API_EXT","hipSetDevice",2659034,2659034,1345,3219595916194541,3219595916194613
"HIP_RUNTIME_API_EXT","hipMalloc",2659034,2659034,1346,3219595916194985,3219595916196127
"HIP_RUNTIME_API_EXT","hipSetDevice",2659034,2659034,1347,3219595916196585,3219595916196644
"HIP_RUNTIME_API_EXT","hipLaunchKernel",2659034,2659034,1348,3219595916197207,3219595916200809
"HIP_RUNTIME_API_EXT","hipGetLastError",2659034,2659034,1349,3219595916201325,3219595916201372
"HIP_RUNTIME_API_EXT","hipSetDevice",2659034,2659034,1350,3219595916201992,3219595916202059
"HIP_RUNTIME_API_EXT","hipFree",2659034,2659034,1351,3219595916202553,3219595916215667
"HIP_RUNTIME_API_EXT","hipSetDevice",2659034,2659034,1352,3219595916216905,3219595916216973
"HIP_RUNTIME_API_EXT","hipMalloc",2659034,2659034,1353,3219595916217366,3219595916218312
"HIP_RUNTIME_API_EXT","hipSetDevice",2659034,2659034,1354,3219595916218763,3219595916218823
"HIP_RUNTIME_API_EXT","hipLaunchKernel",2659034,2659034,1355,3219595916219384,3219595916223358
"HIP_RUNTIME_API_EXT","hipGetLastError",2659034,2659034,1356,3219595916223971,3219595916224018
"HIP_RUNTIME_API_EXT","hipSetDevice",2659034,2659034,1357,3219595916224694,3219595916224756
"HIP_RUNTIME_API_EXT","hipFree",2659034,2659034,1358,3219595916225130,3219595916249742
"HIP_RUNTIME_API_EXT","hipSetDevice",2659034,2659034,1359,3219595916250197,3219595916250260
"HIP_RUNTIME_API_EXT","hipFree",2659034,2659034,1360,3219595916250626,3219595916251883
"HIP_RUNTIME_API_EXT","hipSetDevice",2659034,2659034,1361,3219595916252262,3219595916252325
"HIP_RUNTIME_API_EXT","hipFree",2659034,2659034,1362,3219595916252856,3219595916254206
"HIP_RUNTIME_API_EXT","hipSetDevice",2659034,2659034,1363,3219595916254609,3219595916254674
"HIP_RUNTIME_API_EXT","hipFree",2659034,2659034,1364,3219595916255058,3219595916256403
"HIP_RUNTIME_API_EXT","hipSetDevice",2659034,2659034,1365,3219595916256852,3219595916256913
"HIP_RUNTIME_API_EXT","hipFree",2659034,2659034,1366,3219595916257267,3219595916258529
"HIP_RUNTIME_API_EXT","hipSetDevice",2659034,2659034,1367,3219595916258959,3219595916259018
"HIP_RUNTIME_API_EXT","hipFree",2659034,2659034,1368,3219595916259364,3219595916260504
"HIP_RUNTIME_API_EXT","hipSetDevice",2659034,2659034,1369,3219595916260881,3219595916260945
"HIP_RUNTIME_API_EXT","hipFree",2659034,2659034,1370,3219595916261304,3219595916262391
"HIP_RUNTIME_API_EXT","hipSetDevice",2659034,2659034,1371,3219595916262966,3219595916263026
"HIP_RUNTIME_API_EXT","hipMalloc",2659034,2659034,1372,3219595916263526,3219595916266124
"HIP_RUNTIME_API_EXT","hipSetDevice",2659034,2659034,1373,3219595916266640,3219595916266709
"HIP_RUNTIME_API_EXT","hipLaunchKernel",2659034,2659034,1374,3219595916267367,3219595916271311
"HIP_RUNTIME_API_EXT","hipGetLastError",2659034,2659034,1375,3219595916271873,3219595916271973
"HIP_RUNTIME_API_EXT","hipSetDevice",2659034,2659034,1376,3219595916272384,3219595916272447
"HIP_RUNTIME_API_EXT","hipFree",2659034,2659034,1377,3219595916272908,3219595916283885
"HIP_RUNTIME_API_EXT","hipSetDevice",2659034,2659034,1378,3219595916284324,3219595916284390
"HIP_RUNTIME_API_EXT","hipFree",2659034,2659034,1379,3219595916285024,3219595916286295
"HIP_RUNTIME_API_EXT","hipSetDevice",2659034,2659034,1380,3219595916287024,3219595916287084
"HIP_RUNTIME_API_EXT","hipMalloc",2659034,2659034,1381,3219595916287541,3219595916288496
"HIP_RUNTIME_API_EXT","hipSetDevice",2659034,2659034,1382,3219595916288965,3219595916289029
"HIP_RUNTIME_API_EXT","hipLaunchKernel",2659034,2659034,1383,3219595916289628,3219595916293649
"HIP_RUNTIME_API_EXT","hipGetLastError",2659034,2659034,1384,3219595916294180,3219595916294226
"HIP_RUNTIME_API_EXT","hipSetDevice",2659034,2659034,1385,3219595916295211,3219595916295273
"HIP_RUNTIME_API_EXT","hipMalloc",2659034,2659034,1386,3219595916295691,3219595916296798
"HIP_RUNTIME_API_EXT","hipSetDevice",2659034,2659034,1387,3219595916297326,3219595916297388
"HIP_RUNTIME_API_EXT","hipLaunchKernel",2659034,2659034,1388,3219595916297950,3219595916301454
"HIP_RUNTIME_API_EXT","hipGetLastError",2659034,2659034,1389,3219595916302408,3219595916302462
"HIP_RUNTIME_API_EXT","hipSetDevice",2659034,2659034,1390,3219595916303166,3219595916303228
"HIP_RUNTIME_API_EXT","hipMalloc",2659034,2659034,1391,3219595916303614,3219595916304946
"HIP_RUNTIME_API_EXT","hipSetDevice",2659034,2659034,1392,3219595916305417,3219595916305480
"HIP_RUNTIME_API_EXT","hipLaunchKernel",2659034,2659034,1393,3219595916306044,3219595916310203
"HIP_RUNTIME_API_EXT","hipGetLastError",2659034,2659034,1394,3219595916310643,3219595916310691
"HIP_RUNTIME_API_EXT","hipSetDevice",2659034,2659034,1395,3219595916311240,3219595916311305
"HIP_RUNTIME_API_EXT","hipMalloc",2659034,2659034,1396,3219595916311684,3219595916313106
"HIP_RUNTIME_API_EXT","hipSetDevice",2659034,2659034,1397,3219595916313617,3219595916313682
"HIP_RUNTIME_API_EXT","hipLaunchKernel",2659034,2659034,1398,3219595916314348,3219595916317946
"HIP_RUNTIME_API_EXT","hipGetLastError",2659034,2659034,1399,3219595916318494,3219595916318547
"HIP_RUNTIME_API_EXT","hipSetDevice",2659034,2659034,1400,3219595916318954,3219595916319017
"HIP_RUNTIME_API_EXT","hipFree",2659034,2659034,1401,3219595916321425,3219595916350257
"HIP_RUNTIME_API_EXT","hipSetDevice",2659034,2659034,1402,3219595916350902,3219595916350970
"HIP_RUNTIME_API_EXT","hipFree",2659034,2659034,1403,3219595916374101,3219595916376853
"HIP_RUNTIME_API_EXT","hipSetDevice",2659034,2659034,1404,3219595916378512,3219595916378611
"HIP_RUNTIME_API_EXT","hipMalloc",2659034,2659034,1405,3219595916379046,3219595916380703
"HIP_RUNTIME_API_EXT","hipSetDevice",2659034,2659034,1406,3219595916381465,3219595916381523
"HIP_RUNTIME_API_EXT","hipLaunchKernel",2659034,2659034,1407,3219595916389675,3219595916418565
"HIP_RUNTIME_API_EXT","hipGetLastError",2659034,2659034,1408,3219595916419179,3219595916419288
"HIP_RUNTIME_API_EXT","hipSetDevice",2659034,2659034,1409,3219595916420211,3219595916420273
"HIP_RUNTIME_API_EXT","hipFree",2659034,2659034,1410,3219595916420913,3219595916460650
"HIP_RUNTIME_API_EXT","hipSetDevice",2659034,2659034,1411,3219595916461992,3219595916462059
"HIP_RUNTIME_API_EXT","hipMalloc",2659034,2659034,1412,3219595916462424,3219595916464098
"HIP_RUNTIME_API_EXT","hipSetDevice",2659034,2659034,1413,3219595916464609,3219595916464675
"HIP_RUNTIME_API_EXT","hipLaunchKernel",2659034,2659034,1414,3219595916465502,3219595916469102
"HIP_RUNTIME_API_EXT","hipGetLastError",2659034,2659034,1415,3219595916469526,3219595916469573
"HIP_RUNTIME_API_EXT","hipSetDevice",2659034,2659034,1416,3219595916470086,3219595916470152
"HIP_RUNTIME_API_EXT","hipFree",2659034,2659034,1417,3219595916470547,3219595916481474
"HIP_RUNTIME_API_EXT","hipSetDevice",2659034,2659034,1418,3219595916482073,3219595916482136
"HIP_RUNTIME_API_EXT","hipFree",2659034,2659034,1419,3219595916482747,3219595916484389
"HIP_RUNTIME_API_EXT","hipSetDevice",2659034,2659034,1420,3219595916484962,3219595916485022
"HIP_RUNTIME_API_EXT","hipFree",2659034,2659034,1421,3219595916485412,3219595916486920
"HIP_RUNTIME_API_EXT","hipSetDevice",2659034,2659034,1422,3219595916487497,3219595916487563
"HIP_RUNTIME_API_EXT","hipFree",2659034,2659034,1423,3219595916488018,3219595916489446
"HIP_RUNTIME_API_EXT","hipSetDevice",2659034,2659034,1424,3219595916490056,3219595916490117
"HIP_RUNTIME_API_EXT","hipMalloc",2659034,2659034,1425,3219595916490609,3219595916491589
"HIP_RUNTIME_API_EXT","hipSetDevice",2659034,2659034,1426,3219595916492221,3219595916492279
"HIP_RUNTIME_API_EXT","hipLaunchKernel",2659034,2659034,1427,3219595916493201,3219595916497062
"HIP_RUNTIME_API_EXT","hipGetLastError",2659034,2659034,1428,3219595916497615,3219595916497663
"HIP_RUNTIME_API_EXT","hipSetDevice",2659034,2659034,1429,3219595916498101,3219595916498164
"HIP_RUNTIME_API_EXT","hipFree",2659034,2659034,1430,3219595916498766,3219595916509862
"HIP_RUNTIME_API_EXT","hipSetDevice",2659034,2659034,1431,3219595916511429,3219595916511490
"HIP_RUNTIME_API_EXT","hipMalloc",2659034,2659034,1432,3219595916511976,3219595916512836
"HIP_RUNTIME_API_EXT","hipSetDevice",2659034,2659034,1433,3219595916513262,3219595916513322
"HIP_RUNTIME_API_EXT","hipLaunchKernel",2659034,2659034,1434,3219595916514078,3219595916527894
"HIP_RUNTIME_API_EXT","hipGetLastError",2659034,2659034,1435,3219595916528327,3219595916528376
"HIP_RUNTIME_API_EXT","hipSetDevice",2659034,2659034,1436,3219595916529302,3219595916529366
"HIP_RUNTIME_API_EXT","hipFree",2659034,2659034,1437,3219595916529741,3219595916546845
"HIP_RUNTIME_API_EXT","hipSetDevice",2659034,2659034,1438,3219595916547588,3219595916547648
"HIP_RUNTIME_API_EXT","hipFree",2659034,2659034,1439,3219595916548652,3219595916550009
"HIP_RUNTIME_API_EXT","hipSetDevice",2659034,2659034,1440,3219595916551006,3219595916551070
"HIP_RUNTIME_API_EXT","hipMemcpy",2659034,2659034,1441,3219595916551478,3219595916556200
"HIP_RUNTIME_API_EXT","hipSetDevice",2659034,2659034,1442,3219595916556796,3219595916556866
"HIP_RUNTIME_API_EXT","hipMemcpy",2659034,2659034,1443,3219595916557238,3219595916560903
"HIP_RUNTIME_API_EXT","hipSetDevice",2659034,2659034,1444,3219595916561344,3219595916561421
"HIP_RUNTIME_API_EXT","hipMemcpy",2659034,2659034,1445,3219595916561916,3219595916565981
"HIP_RUNTIME_API_EXT","hipSetDevice",2659034,2659034,1446,3219595916566515,3219595916566593
"HIP_RUNTIME_API_EXT","hipMemcpy",2659034,2659034,1447,3219595916567014,3219595916571366
"HIP_RUNTIME_API_EXT","hipSetDevice",2659034,2659034,1448,3219595916572368,3219595916572440
"HIP_RUNTIME_API_EXT","hipMemcpy",2659034,2659034,1449,3219595916572873,3219595916577214
"HIP_RUNTIME_API_EXT","hipSetDevice",2659034,2659034,1450,3219595916577752,3219595916577823
"HIP_RUNTIME_API_EXT","hipMemcpy",2659034,2659034,1451,3219595916579494,3219595916583581
"HIP_RUNTIME_API_EXT","hipSetDevice",2659034,2659034,1452,3219595916584134,3219595916584201
"HIP_RUNTIME_API_EXT","hipMemcpy",2659034,2659034,1453,3219595916584654,3219595916588764
"HIP_RUNTIME_API_EXT","hipSetDevice",2659034,2659034,1454,3219595916589343,3219595916589414
"HIP_RUNTIME_API_EXT","hipMemcpy",2659034,2659034,1455,3219595916589769,3219595916593948
"HIP_RUNTIME_API_EXT","hipSetDevice",2659034,2659034,1456,3219595916594442,3219595916594508
"HIP_RUNTIME_API_EXT","hipFree",2659034,2659034,1457,3219595916594880,3219595916609374
"HIP_RUNTIME_API_EXT","hipSetDevice",2659034,2659034,1458,3219595916609995,3219595916610062
"HIP_RUNTIME_API_EXT","hipFree",2659034,2659034,1459,3219595916610419,3219595916611939
"HIP_RUNTIME_API_EXT","hipSetDevice",2659034,2659034,1460,3219595916612464,3219595916612522
"HIP_RUNTIME_API_EXT","hipFree",2659034,2659034,1461,3219595916612999,3219595916614681
"HIP_RUNTIME_API_EXT","hipSetDevice",2659034,2659034,1462,3219595916615097,3219595916615156
"HIP_RUNTIME_API_EXT","hipFree",2659034,2659034,1463,3219595916615503,3219595916616721
"HIP_RUNTIME_API_EXT","hipSetDevice",2659034,2659034,1464,3219595916617518,3219595916617580
"HIP_RUNTIME_API_EXT","hipMemcpy",2659034,2659034,1465,3219595916617924,3219595916622982
"HIP_RUNTIME_API_EXT","hipSetDevice",2659034,2659034,1466,3219595916623409,3219595916623477
"HIP_RUNTIME_API_EXT","hipFree",2659034,2659034,1467,3219595916623825,3219595916635220
"HIP_RUNTIME_API_EXT","hipSetDevice",2659034,2659034,1468,3219595916637470,3219595916637540
"HIP_RUNTIME_API_EXT","hipMalloc",2659034,2659034,1469,3219595916637939,3219595916638906
"HIP_RUNTIME_API_EXT","hipSetDevice",2659034,2659034,1470,3219595916640028,3219595916640086
"HIP_RUNTIME_API_EXT","hipLaunchKernel",2659034,2659034,1471,3219595916641167,3219595916646120
"HIP_RUNTIME_API_EXT","hipGetLastError",2659034,2659034,1472,3219595916646579,3219595916646658
"HIP_RUNTIME_API_EXT","hipSetDevice",2659034,2659034,1473,3219595916647460,3219595916647522
"HIP_RUNTIME_API_EXT","hipMemcpy",2659034,2659034,1474,3219595916647949,3219595916664830
"HIP_RUNTIME_API_EXT","hipSetDevice",2659034,2659034,1475,3219595916665790,3219595916665861
"HIP_RUNTIME_API_EXT","hipFree",2659034,2659034,1476,3219595916666256,3219595916675257
"HIP_RUNTIME_API_EXT","hipSetDevice",2659034,2659034,1477,3219595916678904,3219595916678970
"HIP_RUNTIME_API_EXT","hipMalloc",2659034,2659034,1478,3219595916679394,3219595916680253
"HIP_RUNTIME_API_EXT","hipSetDevice",2659034,2659034,1479,3219595916680825,3219595916680890
"HIP_RUNTIME_API_EXT","hipMemcpy",2659034,2659034,1480,3219595916681290,3219595916697700
"HIP_RUNTIME_API_EXT","hipSetDevice",2659034,2659034,1481,3219595916699379,3219595916699456
"HIP_RUNTIME_API_EXT","hipMalloc",2659034,2659034,1482,3219595916700091,3219595916701287
"HIP_RUNTIME_API_EXT","hipSetDevice",2659034,2659034,1483,3219595916701736,3219595916701800
"HIP_RUNTIME_API_EXT","hipMemcpy",2659034,2659034,1484,3219595916702182,3219595916718148
"HIP_RUNTIME_API_EXT","hipSetDevice",2659034,2659034,1485,3219595916719257,3219595916719326
"HIP_RUNTIME_API_EXT","hipMalloc",2659034,2659034,1486,3219595916719736,3219595916721070
"HIP_RUNTIME_API_EXT","hipSetDevice",2659034,2659034,1487,3219595916721517,3219595916721578
"HIP_RUNTIME_API_EXT","hipMemcpy",2659034,2659034,1488,3219595916722027,3219595916737744
"HIP_RUNTIME_API_EXT","hipSetDevice",2659034,2659034,1489,3219595916738933,3219595916739001
"HIP_RUNTIME_API_EXT","hipMalloc",2659034,2659034,1490,3219595916739401,3219595916740587
"HIP_RUNTIME_API_EXT","hipSetDevice",2659034,2659034,1491,3219595916741079,3219595916741137
"HIP_RUNTIME_API_EXT","hipLaunchKernel",2659034,2659034,1492,3219595916741924,3219595916746175
"HIP_RUNTIME_API_EXT","hipGetLastError",2659034,2659034,1493,3219595916746804,3219595916746907
"HIP_RUNTIME_API_EXT","hipSetDevice",2659034,2659034,1494,3219595916747881,3219595916747945
"HIP_RUNTIME_API_EXT","hipMalloc",2659034,2659034,1495,3219595916748482,3219595916749881
"HIP_RUNTIME_API_EXT","hipSetDevice",2659034,2659034,1496,3219595916750543,3219595916750608
"HIP_RUNTIME_API_EXT","hipLaunchKernel",2659034,2659034,1497,3219595916751366,3219595916755507
"HIP_RUNTIME_API_EXT","hipGetLastError",2659034,2659034,1498,3219595916756081,3219595916756127
"HIP_RUNTIME_API_EXT","hipSetDevice",2659034,2659034,1499,3219595916757518,3219595916757577
"HIP_RUNTIME_API_EXT","hipMalloc",2659034,2659034,1500,3219595916757938,3219595916759228
"HIP_RUNTIME_API_EXT","hipSetDevice",2659034,2659034,1501,3219595916759659,3219595916759718
"HIP_RUNTIME_API_EXT","hipLaunchKernel",2659034,2659034,1502,3219595916760477,3219595916765969
"HIP_RUNTIME_API_EXT","hipGetLastError",2659034,2659034,1503,3219595916766585,3219595916766639
"HIP_RUNTIME_API_EXT","hipSetDevice",2659034,2659034,1504,3219595916767541,3219595916767613
"HIP_RUNTIME_API_EXT","hipMalloc",2659034,2659034,1505,3219595916768072,3219595916769744
"HIP_RUNTIME_API_EXT","hipSetDevice",2659034,2659034,1506,3219595916770243,3219595916770303
"HIP_RUNTIME_API_EXT","hipLaunchKernel",2659034,2659034,1507,3219595916770874,3219595916778317
"HIP_RUNTIME_API_EXT","hipGetLastError",2659034,2659034,1508,3219595916778819,3219595916778938
"HIP_RUNTIME_API_EXT","hipSetDevice",2659034,2659034,1509,3219595916779884,3219595916779952
"HIP_RUNTIME_API_EXT","hipMalloc",2659034,2659034,1510,3219595916780703,3219595916782524
"HIP_RUNTIME_API_EXT","hipSetDevice",2659034,2659034,1511,3219595916783099,3219595916783159
"HIP_RUNTIME_API_EXT","hipLaunchKernel",2659034,2659034,1512,3219595916783739,3219595916787579
"HIP_RUNTIME_API_EXT","hipGetLastError",2659034,2659034,1513,3219595916788135,3219595916788180
"HIP_RUNTIME_API_EXT","hipSetDevice",2659034,2659034,1514,3219595916790743,3219595916790807
"HIP_RUNTIME_API_EXT","hipMalloc",2659034,2659034,1515,3219595916791192,3219595916792513
"HIP_RUNTIME_API_EXT","hipSetDevice",2659034,2659034,1516,3219595916793167,3219595916793230
"HIP_RUNTIME_API_EXT","hipLaunchKernel",2659034,2659034,1517,3219595916794473,3219595916798937
"HIP_RUNTIME_API_EXT","hipGetLastError",2659034,2659034,1518,3219595916799552,3219595916799601
"HIP_RUNTIME_API_EXT","hipSetDevice",2659034,2659034,1519,3219595916800306,3219595916800373
"HIP_RUNTIME_API_EXT","hipMalloc",2659034,2659034,1520,3219595916800877,3219595916803308
"HIP_RUNTIME_API_EXT","hipSetDevice",2659034,2659034,1521,3219595916803787,3219595916803844
"HIP_RUNTIME_API_EXT","hipLaunchKernel",2659034,2659034,1522,3219595916804400,3219595916809137
"HIP_RUNTIME_API_EXT","hipGetLastError",2659034,2659034,1523,3219595916809935,3219595916809983
"HIP_RUNTIME_API_EXT","hipSetDevice",2659034,2659034,1524,3219595916812448,3219595916812517
"HIP_RUNTIME_API_EXT","hipLaunchKernel",2659034,2659034,1525,3219595916813672,3219595916818611
"HIP_RUNTIME_API_EXT","hipGetLastError",2659034,2659034,1526,3219595916819049,3219595916819099
"HIP_RUNTIME_API_EXT","hipSetDevice",2659034,2659034,1527,3219595916820763,3219595916820832
"HIP_RUNTIME_API_EXT","hipMalloc",2659034,2659034,1528,3219595916821198,3219595916822509
"HIP_RUNTIME_API_EXT","hipSetDevice",2659034,2659034,1529,3219595916822993,3219595916823059
"HIP_RUNTIME_API_EXT","hipLaunchKernel",2659034,2659034,1530,3219595916824103,3219595916829522
"HIP_RUNTIME_API_EXT","hipGetLastError",2659034,2659034,1531,3219595916830128,3219595916830177
"HIP_RUNTIME_API_EXT","hipSetDevice",2659034,2659034,1532,3219595916831585,3219595916831712
"HIP_RUNTIME_API_EXT","hipMalloc",2659034,2659034,1533,3219595916832073,3219595916833522
"HIP_RUNTIME_API_EXT","hipSetDevice",2659034,2659034,1534,3219595916834071,3219595916834137
"HIP_RUNTIME_API_EXT","hipLaunchKernel",2659034,2659034,1535,3219595916834680,3219595916838352
"HIP_RUNTIME_API_EXT","hipGetLastError",2659034,2659034,1536,3219595916838700,3219595916838746
"HIP_RUNTIME_API_EXT","hipSetDevice",2659034,2659034,1537,3219595916839726,3219595916839796
"HIP_RUNTIME_API_EXT","hipFree",2659034,2659034,1538,3219595916840163,3219595916862962
"HIP_RUNTIME_API_EXT","hipSetDevice",2659034,2659034,1539,3219595916863675,3219595916863741
"HIP_RUNTIME_API_EXT","hipFree",2659034,2659034,1540,3219595916864105,3219595916865431
"HIP_RUNTIME_API_EXT","hipSetDevice",2659034,2659034,1541,3219595916865990,3219595916866048
"HIP_RUNTIME_API_EXT","hipFree",2659034,2659034,1542,3219595916866946,3219595916868272
"HIP_RUNTIME_API_EXT","hipSetDevice",2659034,2659034,1543,3219595916868838,3219595916868899
"HIP_RUNTIME_API_EXT","hipFree",2659034,2659034,1544,3219595916869374,3219595916870695
"HIP_RUNTIME_API_EXT","hipSetDevice",2659034,2659034,1545,3219595916871127,3219595916871190
"HIP_RUNTIME_API_EXT","hipFree",2659034,2659034,1546,3219595916871563,3219595916872763
"HIP_RUNTIME_API_EXT","hipSetDevice",2659034,2659034,1547,3219595916873197,3219595916873258
"HIP_RUNTIME_API_EXT","hipFree",2659034,2659034,1548,3219595916873597,3219595916874902
"HIP_RUNTIME_API_EXT","hipSetDevice",2659034,2659034,1549,3219595916875400,3219595916875494
"HIP_RUNTIME_API_EXT","hipFree",2659034,2659034,1550,3219595916876009,3219595916878694
"HIP_RUNTIME_API_EXT","hipSetDevice",2659034,2659034,1551,3219595916879460,3219595916879520
"HIP_RUNTIME_API_EXT","hipMalloc",2659034,2659034,1552,3219595916879950,3219595916880930
"HIP_RUNTIME_API_EXT","hipSetDevice",2659034,2659034,1553,3219595916881589,3219595916881651
"HIP_RUNTIME_API_EXT","hipMalloc",2659034,2659034,1554,3219595916883545,3219595916884596
"HIP_RUNTIME_API_EXT","hipSetDevice",2659034,2659034,1555,3219595916885056,3219595916885115
"HIP_RUNTIME_API_EXT","hipLaunchKernel",2659034,2659034,1556,3219595916885893,3219595916891157
"HIP_RUNTIME_API_EXT","hipGetLastError",2659034,2659034,1557,3219595916891614,3219595916891662
"HIP_RUNTIME_API_EXT","hipSetDevice",2659034,2659034,1558,3219595916892727,3219595916892789
"HIP_RUNTIME_API_EXT","hipMalloc",2659034,2659034,1559,3219595916893151,3219595916894390
"HIP_RUNTIME_API_EXT","hipSetDevice",2659034,2659034,1560,3219595916894800,3219595916894864
"HIP_RUNTIME_API_EXT","hipLaunchKernel",2659034,2659034,1561,3219595916895515,3219595916899375
"HIP_RUNTIME_API_EXT","hipGetLastError",2659034,2659034,1562,3219595916900196,3219595916900245
"HIP_RUNTIME_API_EXT","hipSetDevice",2659034,2659034,1563,3219595916901238,3219595916901301
"HIP_RUNTIME_API_EXT","hipMalloc",2659034,2659034,1564,3219595916901843,3219595916903132
"HIP_RUNTIME_API_EXT","hipSetDevice",2659034,2659034,1565,3219595916903560,3219595916903620
"HIP_RUNTIME_API_EXT","hipLaunchKernel",2659034,2659034,1566,3219595916904243,3219595916908210
"HIP_RUNTIME_API_EXT","hipGetLastError",2659034,2659034,1567,3219595916908808,3219595916908925
"HIP_RUNTIME_API_EXT","hipSetDevice",2659034,2659034,1568,3219595916909563,3219595916909629
"HIP_RUNTIME_API_EXT","hipMalloc",2659034,2659034,1569,3219595916910011,3219595916911239
"HIP_RUNTIME_API_EXT","hipSetDevice",2659034,2659034,1570,3219595916911646,3219595916911710
"HIP_RUNTIME_API_EXT","hipLaunchKernel",2659034,2659034,1571,3219595916912410,3219595916916566
"HIP_RUNTIME_API_EXT","hipGetLastError",2659034,2659034,1572,3219595916917062,3219595916917117
"HIP_RUNTIME_API_EXT","hipSetDevice",2659034,2659034,1573,3219595916917483,3219595916917545
"HIP_RUNTIME_API_EXT","hipFree",2659034,2659034,1574,3219595916918070,3219595916931821
"HIP_RUNTIME_API_EXT","hipSetDevice",2659034,2659034,1575,3219595916932257,3219595916932319
"HIP_RUNTIME_API_EXT","hipFree",2659034,2659034,1576,3219595916932854,3219595916934017
"HIP_RUNTIME_API_EXT","hipSetDevice",2659034,2659034,1577,3219595916934617,3219595916934678
"HIP_RUNTIME_API_EXT","hipMalloc",2659034,2659034,1578,3219595916935505,3219595916936572
"HIP_RUNTIME_API_EXT","hipSetDevice",2659034,2659034,1579,3219595916937098,3219595916937162
"HIP_RUNTIME_API_EXT","hipLaunchKernel",2659034,2659034,1580,3219595916937759,3219595916941637
"HIP_RUNTIME_API_EXT","hipGetLastError",2659034,2659034,1581,3219595916942290,3219595916942399
"HIP_RUNTIME_API_EXT","hipSetDevice",2659034,2659034,1582,3219595916943028,3219595916943091
"HIP_RUNTIME_API_EXT","hipFree",2659034,2659034,1583,3219595916943490,3219595916968284
"HIP_RUNTIME_API_EXT","hipSetDevice",2659034,2659034,1584,3219595916969299,3219595916969366
"HIP_RUNTIME_API_EXT","hipMalloc",2659034,2659034,1585,3219595916969742,3219595916970759
"HIP_RUNTIME_API_EXT","hipSetDevice",2659034,2659034,1586,3219595916971467,3219595916971529
"HIP_RUNTIME_API_EXT","hipLaunchKernel",2659034,2659034,1587,3219595916972101,3219595916975840
"HIP_RUNTIME_API_EXT","hipGetLastError",2659034,2659034,1588,3219595916976443,3219595916976489
"HIP_RUNTIME_API_EXT","hipSetDevice",2659034,2659034,1589,3219595916977051,3219595916977119
"HIP_RUNTIME_API_EXT","hipFree",2659034,2659034,1590,3219595916977920,3219595916987545
"HIP_RUNTIME_API_EXT","hipSetDevice",2659034,2659034,1591,3219595916987957,3219595916988025
"HIP_RUNTIME_API_EXT","hipFree",2659034,2659034,1592,3219595916988679,3219595916989735
"HIP_RUNTIME_API_EXT","hipSetDevice",2659034,2659034,1593,3219595916990142,3219595916990202
"HIP_RUNTIME_API_EXT","hipFree",2659034,2659034,1594,3219595916990681,3219595916991850
"HIP_RUNTIME_API_EXT","hipSetDevice",2659034,2659034,1595,3219595916992255,3219595916992313
"HIP_RUNTIME_API_EXT","hipFree",2659034,2659034,1596,3219595916992665,3219595916993870
"HIP_RUNTIME_API_EXT","hipSetDevice",2659034,2659034,1597,3219595916994273,3219595916994336
"HIP_RUNTIME_API_EXT","hipFree",2659034,2659034,1598,3219595916994794,3219595916996131
"HIP_RUNTIME_API_EXT","hipSetDevice",2659034,2659034,1599,3219595916996851,3219595916996918
"HIP_RUNTIME_API_EXT","hipMalloc",2659034,2659034,1600,3219595916997321,3219595916998377
"HIP_RUNTIME_API_EXT","hipSetDevice",2659034,2659034,1601,3219595916999023,3219595916999082
"HIP_RUNTIME_API_EXT","hipLaunchKernel",2659034,2659034,1602,3219595916999690,3219595917003810
"HIP_RUNTIME_API_EXT","hipGetLastError",2659034,2659034,1603,3219595917004353,3219595917004399
"HIP_RUNTIME_API_EXT","hipSetDevice",2659034,2659034,1604,3219595917005447,3219595917005510
"HIP_RUNTIME_API_EXT","hipMalloc",2659034,2659034,1605,3219595917005934,3219595917006964
"HIP_RUNTIME_API_EXT","hipSetDevice",2659034,2659034,1606,3219595917007439,3219595917007501
"HIP_RUNTIME_API_EXT","hipLaunchKernel",2659034,2659034,1607,3219595917008095,3219595917021464
"HIP_RUNTIME_API_EXT","hipGetLastError",2659034,2659034,1608,3219595917022021,3219595917022070
"HIP_RUNTIME_API_EXT","hipSetDevice",2659034,2659034,1609,3219595917023059,3219595917023124
"HIP_RUNTIME_API_EXT","hipMalloc",2659034,2659034,1610,3219595917023630,3219595917025030
"HIP_RUNTIME_API_EXT","hipSetDevice",2659034,2659034,1611,3219595917025595,3219595917025658
"HIP_RUNTIME_API_EXT","hipLaunchKernel",2659034,2659034,1612,3219595917026281,3219595917030040
"HIP_RUNTIME_API_EXT","hipGetLastError",2659034,2659034,1613,3219595917030568,3219595917030618
"HIP_RUNTIME_API_EXT","hipSetDevice",2659034,2659034,1614,3219595917031467,3219595917031529
"HIP_RUNTIME_API_EXT","hipMalloc",2659034,2659034,1615,3219595917031931,3219595917033317
"HIP_RUNTIME_API_EXT","hipSetDevice",2659034,2659034,1616,3219595917033738,3219595917033800
"HIP_RUNTIME_API_EXT","hipLaunchKernel",2659034,2659034,1617,3219595917034371,3219595917038429
"HIP_RUNTIME_API_EXT","hipGetLastError",2659034,2659034,1618,3219595917038975,3219595917039023
"HIP_RUNTIME_API_EXT","hipSetDevice",2659034,2659034,1619,3219595917040540,3219595917040604
"HIP_RUNTIME_API_EXT","hipMalloc",2659034,2659034,1620,3219595917040998,3219595917042392
"HIP_RUNTIME_API_EXT","hipSetDevice",2659034,2659034,1621,3219595917042831,3219595917042890
"HIP_RUNTIME_API_EXT","hipLaunchKernel",2659034,2659034,1622,3219595917043474,3219595917047998
"HIP_RUNTIME_API_EXT","hipGetLastError",2659034,2659034,1623,3219595917048558,3219595917048607
"HIP_RUNTIME_API_EXT","hipSetDevice",2659034,2659034,1624,3219595917049355,3219595917049418
"HIP_RUNTIME_API_EXT","hipMalloc",2659034,2659034,1625,3219595917049916,3219595917051549
"HIP_RUNTIME_API_EXT","hipSetDevice",2659034,2659034,1626,3219595917052046,3219595917052105
"HIP_RUNTIME_API_EXT","hipLaunchKernel",2659034,2659034,1627,3219595917052796,3219595917057125
"HIP_RUNTIME_API_EXT","hipGetLastError",2659034,2659034,1628,3219595917058559,3219595917058606
"HIP_RUNTIME_API_EXT","hipSetDevice",2659034,2659034,1629,3219595917060288,3219595917060352
"HIP_RUNTIME_API_EXT","hipLaunchKernel",2659034,2659034,1630,3219595917060909,3219595917064751
"HIP_RUNTIME_API_EXT","hipGetLastError",2659034,2659034,1631,3219595917066162,3219595917066208
"HIP_RUNTIME_API_EXT","hipSetDevice",2659034,2659034,1632,3219595917067414,3219595917067477
"HIP_RUNTIME_API_EXT","hipMalloc",2659034,2659034,1633,3219595917067895,3219595917069597
"HIP_RUNTIME_API_EXT","hipSetDevice",2659034,2659034,1634,3219595917070148,3219595917070215
"HIP_RUNTIME_API_EXT","hipLaunchKernel",2659034,2659034,1635,3219595917070933,3219595917075123
"HIP_RUNTIME_API_EXT","hipGetLastError",2659034,2659034,1636,3219595917075770,3219595917075824
"HIP_RUNTIME_API_EXT","hipSetDevice",2659034,2659034,1637,3219595917077135,3219595917077201
"HIP_RUNTIME_API_EXT","hipMalloc",2659034,2659034,1638,3219595917077581,3219595917079114
"HIP_RUNTIME_API_EXT","hipSetDevice",2659034,2659034,1639,3219595917079549,3219595917079609
"HIP_RUNTIME_API_EXT","hipLaunchKernel",2659034,2659034,1640,3219595917080196,3219595917083816
"HIP_RUNTIME_API_EXT","hipGetLastError",2659034,2659034,1641,3219595917084309,3219595917084356
"HIP_RUNTIME_API_EXT","hipSetDevice",2659034,2659034,1642,3219595917085171,3219595917085239
"HIP_RUNTIME_API_EXT","hipFree",2659034,2659034,1643,3219595917085728,3219595917115237
"HIP_RUNTIME_API_EXT","hipSetDevice",2659034,2659034,1644,3219595917115917,3219595917116017
"HIP_RUNTIME_API_EXT","hipFree",2659034,2659034,1645,3219595917116463,3219595917118143
"HIP_RUNTIME_API_EXT","hipSetDevice",2659034,2659034,1646,3219595917118569,3219595917118629
"HIP_RUNTIME_API_EXT","hipFree",2659034,2659034,1647,3219595917118976,3219595917120174
"HIP_RUNTIME_API_EXT","hipSetDevice",2659034,2659034,1648,3219595917120584,3219595917120643
"HIP_RUNTIME_API_EXT","hipFree",2659034,2659034,1649,3219595917121025,3219595917122284
"HIP_RUNTIME_API_EXT","hipSetDevice",2659034,2659034,1650,3219595917122676,3219595917122736
"HIP_RUNTIME_API_EXT","hipFree",2659034,2659034,1651,3219595917123143,3219595917124368
"HIP_RUNTIME_API_EXT","hipSetDevice",2659034,2659034,1652,3219595917124830,3219595917124889
"HIP_RUNTIME_API_EXT","hipFree",2659034,2659034,1653,3219595917125306,3219595917126481
"HIP_RUNTIME_API_EXT","hipSetDevice",2659034,2659034,1654,3219595917127029,3219595917127092
"HIP_RUNTIME_API_EXT","hipFree",2659034,2659034,1655,3219595917127523,3219595917128669
"HIP_RUNTIME_API_EXT","hipSetDevice",2659034,2659034,1656,3219595917129228,3219595917129293
"HIP_RUNTIME_API_EXT","hipMalloc",2659034,2659034,1657,3219595917130911,3219595917132131
"HIP_RUNTIME_API_EXT","hipSetDevice",2659034,2659034,1658,3219595917132927,3219595917132988
"HIP_RUNTIME_API_EXT","hipMalloc",2659034,2659034,1659,3219595917133422,3219595917134483
"HIP_RUNTIME_API_EXT","hipSetDevice",2659034,2659034,1660,3219595917135026,3219595917135086
"HIP_RUNTIME_API_EXT","hipLaunchKernel",2659034,2659034,1661,3219595917136035,3219595917141055
"HIP_RUNTIME_API_EXT","hipGetLastError",2659034,2659034,1662,3219595917141722,3219595917141835
"HIP_RUNTIME_API_EXT","hipSetDevice",2659034,2659034,1663,3219595917142814,3219595917142876
"HIP_RUNTIME_API_EXT","hipMalloc",2659034,2659034,1664,3219595917143284,3219595917144510
"HIP_RUNTIME_API_EXT","hipSetDevice",2659034,2659034,1665,3219595917145131,3219595917145191
"HIP_RUNTIME_API_EXT","hipLaunchKernel",2659034,2659034,1666,3219595917145804,3219595917149634
"HIP_RUNTIME_API_EXT","hipGetLastError",2659034,2659034,1667,3219595917150465,3219595917150513
"HIP_RUNTIME_API_EXT","hipSetDevice",2659034,2659034,1668,3219595917151385,3219595917151449
"HIP_RUNTIME_API_EXT","hipMalloc",2659034,2659034,1669,3219595917151888,3219595917153368
"HIP_RUNTIME_API_EXT","hipSetDevice",2659034,2659034,1670,3219595917153805,3219595917153868
"HIP_RUNTIME_API_EXT","hipLaunchKernel",2659034,2659034,1671,3219595917154734,3219595917159122
"HIP_RUNTIME_API_EXT","hipGetLastError",2659034,2659034,1672,3219595917159704,3219595917159762
"HIP_RUNTIME_API_EXT","hipSetDevice",2659034,2659034,1673,3219595917160372,3219595917160436
"HIP_RUNTIME_API_EXT","hipMalloc",2659034,2659034,1674,3219595917160885,3219595917161983
"HIP_RUNTIME_API_EXT","hipSetDevice",2659034,2659034,1675,3219595917162397,3219595917162465
"HIP_RUNTIME_API_EXT","hipLaunchKernel",2659034,2659034,1676,3219595917163043,3219595917167442
"HIP_RUNTIME_API_EXT","hipGetLastError",2659034,2659034,1677,3219595917168088,3219595917168135
"HIP_RUNTIME_API_EXT","hipSetDevice",2659034,2659034,1678,3219595917168612,3219595917168680
"HIP_RUNTIME_API_EXT","hipFree",2659034,2659034,1679,3219595917169198,3219595917182620
"HIP_RUNTIME_API_EXT","hipSetDevice",2659034,2659034,1680,3219595917183075,3219595917183145
"HIP_RUNTIME_API_EXT","hipFree",2659034,2659034,1681,3219595917183860,3219595917185047
"HIP_RUNTIME_API_EXT","hipSetDevice",2659034,2659034,1682,3219595917185905,3219595917185974
"HIP_RUNTIME_API_EXT","hipMalloc",2659034,2659034,1683,3219595917186403,3219595917187314
"HIP_RUNTIME_API_EXT","hipSetDevice",2659034,2659034,1684,3219595917187773,3219595917187835
"HIP_RUNTIME_API_EXT","hipLaunchKernel",2659034,2659034,1685,3219595917188412,3219595917192055
"HIP_RUNTIME_API_EXT","hipGetLastError",2659034,2659034,1686,3219595917192645,3219595917192698
"HIP_RUNTIME_API_EXT","hipSetDevice",2659034,2659034,1687,3219595917193420,3219595917193482
"HIP_RUNTIME_API_EXT","hipFree",2659034,2659034,1688,3219595917193995,3219595917218510
"HIP_RUNTIME_API_EXT","hipSetDevice",2659034,2659034,1689,3219595917219471,3219595917219536
"HIP_RUNTIME_API_EXT","hipMalloc",2659034,2659034,1690,3219595917220082,3219595917221304
"HIP_RUNTIME_API_EXT","hipSetDevice",2659034,2659034,1691,3219595917221883,3219595917221951
"HIP_RUNTIME_API_EXT","hipLaunchKernel",2659034,2659034,1692,3219595917222643,3219595917226335
"HIP_RUNTIME_API_EXT","hipGetLastError",2659034,2659034,1693,3219595917226863,3219595917226913
"HIP_RUNTIME_API_EXT","hipSetDevice",2659034,2659034,1694,3219595917227383,3219595917227447
"HIP_RUNTIME_API_EXT","hipFree",2659034,2659034,1695,3219595917227815,3219595917238954
"HIP_RUNTIME_API_EXT","hipSetDevice",2659034,2659034,1696,3219595917239447,3219595917239516
"HIP_RUNTIME_API_EXT","hipFree",2659034,2659034,1697,3219595917240100,3219595917241228
"HIP_RUNTIME_API_EXT","hipSetDevice",2659034,2659034,1698,3219595917241718,3219595917241780
"HIP_RUNTIME_API_EXT","hipFree",2659034,2659034,1699,3219595917242124,3219595917243394
"HIP_RUNTIME_API_EXT","hipSetDevice",2659034,2659034,1700,3219595917243799,3219595917243863
"HIP_RUNTIME_API_EXT","hipFree",2659034,2659034,1701,3219595917244220,3219595917245532
"HIP_RUNTIME_API_EXT","hipSetDevice",2659034,2659034,1702,3219595917246054,3219595917246117
"HIP_RUNTIME_API_EXT","hipFree",2659034,2659034,1703,3219595917246637,3219595917248084
"HIP_RUNTIME_API_EXT","hipSetDevice",2659034,2659034,1704,3219595917248915,3219595917248974
"HIP_RUNTIME_API_EXT","hipMalloc",2659034,2659034,1705,3219595917249399,3219595917250367
"HIP_RUNTIME_API_EXT","hipSetDevice",2659034,2659034,1706,3219595917250932,3219595917250996
"HIP_RUNTIME_API_EXT","hipLaunchKernel",2659034,2659034,1707,3219595917251679,3219595917255934
"HIP_RUNTIME_API_EXT","hipGetLastError",2659034,2659034,1708,3219595917256496,3219595917256545
"HIP_RUNTIME_API_EXT","hipSetDevice",2659034,2659034,1709,3219595917257038,3219595917257101
"HIP_RUNTIME_API_EXT","hipFree",2659034,2659034,1710,3219595917257608,3219595917270549
"HIP_RUNTIME_API_EXT","hipSetDevice",2659034,2659034,1711,3219595917271914,3219595917271976
"HIP_RUNTIME_API_EXT","hipMalloc",2659034,2659034,1712,3219595917272405,3219595917273382
"HIP_RUNTIME_API_EXT","hipSetDevice",2659034,2659034,1713,3219595917273889,3219595917273956
"HIP_RUNTIME_API_EXT","hipLaunchKernel",2659034,2659034,1714,3219595917274667,3219595917278636
"HIP_RUNTIME_API_EXT","hipGetLastError",2659034,2659034,1715,3219595917279200,3219595917279247
"HIP_RUNTIME_API_EXT","hipSetDevice",2659034,2659034,1716,3219595917280063,3219595917280130
"HIP_RUNTIME_API_EXT","hipFree",2659034,2659034,1717,3219595917280509,3219595917305342
"HIP_RUNTIME_API_EXT","hipSetDevice",2659034,2659034,1718,3219595917305850,3219595917305919
"HIP_RUNTIME_API_EXT","hipFree",2659034,2659034,1719,3219595917306415,3219595917307810
"HIP_RUNTIME_API_EXT","hipSetDevice",2659034,2659034,1720,3219595917308292,3219595917308354
"HIP_RUNTIME_API_EXT","hipFree",2659034,2659034,1721,3219595917308802,3219595917310236
"HIP_RUNTIME_API_EXT","hipSetDevice",2659034,2659034,1722,3219595917310708,3219595917310770
"HIP_RUNTIME_API_EXT","hipFree",2659034,2659034,1723,3219595917311196,3219595917312386
"HIP_RUNTIME_API_EXT","hipSetDevice",2659034,2659034,1724,3219595917313612,3219595917313671
"HIP_RUNTIME_API_EXT","hipMemcpy",2659034,2659034,1725,3219595917314081,3219595917318678
"HIP_RUNTIME_API_EXT","hipSetDevice",2659034,2659034,1726,3219595917319326,3219595917319397
"HIP_RUNTIME_API_EXT","hipMemcpy",2659034,2659034,1727,3219595917319862,3219595917323736
"HIP_RUNTIME_API_EXT","hipSetDevice",2659034,2659034,1728,3219595917324403,3219595917324473
"HIP_RUNTIME_API_EXT","hipMemcpy",2659034,2659034,1729,3219595917325210,3219595917329317
"HIP_RUNTIME_API_EXT","hipSetDevice",2659034,2659034,1730,3219595917329953,3219595917330031
"HIP_RUNTIME_API_EXT","hipMemcpy",2659034,2659034,1731,3219595917330423,3219595917334597
"HIP_RUNTIME_API_EXT","hipSetDevice",2659034,2659034,1732,3219595917335103,3219595917335169
"HIP_RUNTIME_API_EXT","hipFree",2659034,2659034,1733,3219595917335548,3219595917347694
"HIP_RUNTIME_API_EXT","hipSetDevice",2659034,2659034,1734,3219595917348943,3219595917349013
"HIP_RUNTIME_API_EXT","hipMalloc",2659034,2659034,1735,3219595917350113,3219595917351126
"HIP_RUNTIME_API_EXT","hipSetDevice",2659034,2659034,1736,3219595917351735,3219595917351800
"HIP_RUNTIME_API_EXT","hipLaunchKernel",2659034,2659034,1737,3219595917352555,3219595917357070
"HIP_RUNTIME_API_EXT","hipGetLastError",2659034,2659034,1738,3219595917357667,3219595917357723
"HIP_RUNTIME_API_EXT","hipSetDevice",2659034,2659034,1739,3219595917358220,3219595917358287
"HIP_RUNTIME_API_EXT","hipMemcpy",2659034,2659034,1740,3219595917358675,3219595917374097
"HIP_RUNTIME_API_EXT","hipSetDevice",2659034,2659034,1741,3219595917374981,3219595917375043
"HIP_RUNTIME_API_EXT","hipFree",2659034,2659034,1742,3219595917375426,3219595917384526
"HIP_RUNTIME_API_EXT","hipSetDevice",2659034,2659034,1743,3219595917386445,3219595917386510
"HIP_RUNTIME_API_EXT","hipMalloc",2659034,2659034,1744,3219595917386982,3219595917387900
"HIP_RUNTIME_API_EXT","hipSetDevice",2659034,2659034,1745,3219595917388366,3219595917388426
"HIP_RUNTIME_API_EXT","hipMemcpy",2659034,2659034,1746,3219595917388860,3219595917405201
"HIP_RUNTIME_API_EXT","hipSetDevice",2659034,2659034,1747,3219595917406820,3219595917406881
"HIP_RUNTIME_API_EXT","hipMalloc",2659034,2659034,1748,3219595917407266,3219595917408475
"HIP_RUNTIME_API_EXT","hipSetDevice",2659034,2659034,1749,3219595917408941,3219595917409005
"HIP_RUNTIME_API_EXT","hipMemcpy",2659034,2659034,1750,3219595917409374,3219595917425125
"HIP_RUNTIME_API_EXT","hipSetDevice",2659034,2659034,1751,3219595917428017,3219595917428086
"HIP_RUNTIME_API_EXT","hipMalloc",2659034,2659034,1752,3219595917428540,3219595917429885
"HIP_RUNTIME_API_EXT","hipSetDevice",2659034,2659034,1753,3219595917430435,3219595917430500
"HIP_RUNTIME_API_EXT","hipMemcpy",2659034,2659034,1754,3219595917430854,3219595917446876
"HIP_RUNTIME_API_EXT","hipSetDevice",2659034,2659034,1755,3219595917451585,3219595917451645
"HIP_RUNTIME_API_EXT","hipMalloc",2659034,2659034,1756,3219595917453803,3219595917455558
"HIP_RUNTIME_API_EXT","hipSetDevice",2659034,2659034,1757,3219595917456139,3219595917456246
"HIP_RUNTIME_API_EXT","hipLaunchKernel",2659034,2659034,1758,3219595917457054,3219595917468045
"HIP_RUNTIME_API_EXT","hipGetLastError",2659034,2659034,1759,3219595917468521,3219595917468568
"HIP_RUNTIME_API_EXT","hipSetDevice",2659034,2659034,1760,3219595917469401,3219595917469480
"HIP_RUNTIME_API_EXT","hipMalloc",2659034,2659034,1761,3219595917469924,3219595917471852
"HIP_RUNTIME_API_EXT","hipSetDevice",2659034,2659034,1762,3219595917475604,3219595917475712
"HIP_RUNTIME_API_EXT","hipLaunchKernel",2659034,2659034,1763,3219595917495164,3219595917506871
"HIP_RUNTIME_API_EXT","hipGetLastError",2659034,2659034,1764,3219595917507996,3219595917508096
"HIP_RUNTIME_API_EXT","hipSetDevice",2659034,2659034,1765,3219595917509259,3219595917509357
"HIP_RUNTIME_API_EXT","hipMalloc",2659034,2659034,1766,3219595917509862,3219595917512346
"HIP_RUNTIME_API_EXT","hipSetDevice",2659034,2659034,1767,3219595917512897,3219595917512960
"HIP_RUNTIME_API_EXT","hipLaunchKernel",2659034,2659034,1768,3219595917514060,3219595917518043
"HIP_RUNTIME_API_EXT","hipGetLastError",2659034,2659034,1769,3219595917518601,3219595917518650
"HIP_RUNTIME_API_EXT","hipSetDevice",2659034,2659034,1770,3219595917519619,3219595917519685
"HIP_RUNTIME_API_EXT","hipMalloc",2659034,2659034,1771,3219595917520697,3219595917522222
"HIP_RUNTIME_API_EXT","hipSetDevice",2659034,2659034,1772,3219595917522604,3219595917522665
"HIP_RUNTIME_API_EXT","hipLaunchKernel",2659034,2659034,1773,3219595917523296,3219595917527113
"HIP_RUNTIME_API_EXT","hipGetLastError",2659034,2659034,1774,3219595917527590,3219595917527646
"HIP_RUNTIME_API_EXT","hipSetDevice",2659034,2659034,1775,3219595917528691,3219595917528756
"HIP_RUNTIME_API_EXT","hipMalloc",2659034,2659034,1776,3219595917529253,3219595917530690
"HIP_RUNTIME_API_EXT","hipSetDevice",2659034,2659034,1777,3219595917531331,3219595917531393
"HIP_RUNTIME_API_EXT","hipLaunchKernel",2659034,2659034,1778,3219595917532223,3219595917536554
"HIP_RUNTIME_API_EXT","hipGetLastError",2659034,2659034,1779,3219595917537157,3219595917537203
"HIP_RUNTIME_API_EXT","hipSetDevice",2659034,2659034,1780,3219595917538546,3219595917538611
"HIP_RUNTIME_API_EXT","hipMalloc",2659034,2659034,1781,3219595917539001,3219595917540271
"HIP_RUNTIME_API_EXT","hipSetDevice",2659034,2659034,1782,3219595917540814,3219595917540878
"HIP_RUNTIME_API_EXT","hipLaunchKernel",2659034,2659034,1783,3219595917541637,3219595917546131
"HIP_RUNTIME_API_EXT","hipGetLastError",2659034,2659034,1784,3219595917546745,3219595917546793
"HIP_RUNTIME_API_EXT","hipSetDevice",2659034,2659034,1785,3219595917547415,3219595917547482
"HIP_RUNTIME_API_EXT","hipMalloc",2659034,2659034,1786,3219595917547968,3219595917549558
"HIP_RUNTIME_API_EXT","hipSetDevice",2659034,2659034,1787,3219595917550113,3219595917550174
"HIP_RUNTIME_API_EXT","hipLaunchKernel",2659034,2659034,1788,3219595917550723,3219595917554966
"HIP_RUNTIME_API_EXT","hipGetLastError",2659034,2659034,1789,3219595917555581,3219595917555628
"HIP_RUNTIME_API_EXT","hipSetDevice",2659034,2659034,1790,3219595917557270,3219595917557333
"HIP_RUNTIME_API_EXT","hipLaunchKernel",2659034,2659034,1791,3219595917558079,3219595917572116
"HIP_RUNTIME_API_EXT","hipGetLastError",2659034,2659034,1792,3219595917572603,3219595917572652
"HIP_RUNTIME_API_EXT","hipSetDevice",2659034,2659034,1793,3219595917573949,3219595917574011
"HIP_RUNTIME_API_EXT","hipMalloc",2659034,2659034,1794,3219595917574374,3219595917575734
"HIP_RUNTIME_API_EXT","hipSetDevice",2659034,2659034,1795,3219595917576261,3219595917576329
"HIP_RUNTIME_API_EXT","hipLaunchKernel",2659034,2659034,1796,3219595917577010,3219595917582565
"HIP_RUNTIME_API_EXT","hipGetLastError",2659034,2659034,1797,3219595917583054,3219595917583100
"HIP_RUNTIME_API_EXT","hipSetDevice",2659034,2659034,1798,3219595917584438,3219595917584503
"HIP_RUNTIME_API_EXT","hipMalloc",2659034,2659034,1799,3219595917585089,3219595917586335
"HIP_RUNTIME_API_EXT","hipSetDevice",2659034,2659034,1800,3219595917586761,3219595917586824
"HIP_RUNTIME_API_EXT","hipLaunchKernel",2659034,2659034,1801,3219595917587390,3219595917591664
"HIP_RUNTIME_API_EXT","hipGetLastError",2659034,2659034,1802,3219595917592024,3219595917592071
"HIP_RUNTIME_API_EXT","hipSetDevice",2659034,2659034,1803,3219595917592784,3219595917592850
"HIP_RUNTIME_API_EXT","hipFree",2659034,2659034,1804,3219595917593260,3219595917615341
"HIP_RUNTIME_API_EXT","hipSetDevice",2659034,2659034,1805,3219595917616082,3219595917616153
"HIP_RUNTIME_API_EXT","hipFree",2659034,2659034,1806,3219595917616527,3219595917617699
"HIP_RUNTIME_API_EXT","hipSetDevice",2659034,2659034,1807,3219595917618258,3219595917618316
"HIP_RUNTIME_API_EXT","hipFree",2659034,2659034,1808,3219595917618776,3219595917620102
"HIP_RUNTIME_API_EXT","hipSetDevice",2659034,2659034,1809,3219595917620574,3219595917620643
"HIP_RUNTIME_API_EXT","hipFree",2659034,2659034,1810,3219595917620988,3219595917622189
"HIP_RUNTIME_API_EXT","hipSetDevice",2659034,2659034,1811,3219595917622662,3219595917622719
"HIP_RUNTIME_API_EXT","hipFree",2659034,2659034,1812,3219595917623064,3219595917624338
"HIP_RUNTIME_API_EXT","hipSetDevice",2659034,2659034,1813,3219595917624743,3219595917624805
"HIP_RUNTIME_API_EXT","hipFree",2659034,2659034,1814,3219595917625136,3219595917626315
"HIP_RUNTIME_API_EXT","hipSetDevice",2659034,2659034,1815,3219595917626769,3219595917626835
"HIP_RUNTIME_API_EXT","hipFree",2659034,2659034,1816,3219595917627272,3219595917628555
"HIP_RUNTIME_API_EXT","hipSetDevice",2659034,2659034,1817,3219595917629087,3219595917629145
"HIP_RUNTIME_API_EXT","hipMalloc",2659034,2659034,1818,3219595917629510,3219595917630503
"HIP_RUNTIME_API_EXT","hipSetDevice",2659034,2659034,1819,3219595917632934,3219595917632993
"HIP_RUNTIME_API_EXT","hipMalloc",2659034,2659034,1820,3219595917633385,3219595917634402
"HIP_RUNTIME_API_EXT","hipSetDevice",2659034,2659034,1821,3219595917635097,3219595917635168
"HIP_RUNTIME_API_EXT","hipLaunchKernel",2659034,2659034,1822,3219595917635783,3219595917640684
"HIP_RUNTIME_API_EXT","hipGetLastError",2659034,2659034,1823,3219595917641212,3219595917641258
"HIP_RUNTIME_API_EXT","hipSetDevice",2659034,2659034,1824,3219595917642023,3219595917642086
"HIP_RUNTIME_API_EXT","hipMalloc",2659034,2659034,1825,3219595917642464,3219595917643800
"HIP_RUNTIME_API_EXT","hipSetDevice",2659034,2659034,1826,3219595917644218,3219595917644278
"HIP_RUNTIME_API_EXT","hipLaunchKernel",2659034,2659034,1827,3219595917644893,3219595917648644
"HIP_RUNTIME_API_EXT","hipGetLastError",2659034,2659034,1828,3219595917650071,3219595917650150
"HIP_RUNTIME_API_EXT","hipSetDevice",2659034,2659034,1829,3219595917651156,3219595917651220
"HIP_RUNTIME_API_EXT","hipMalloc",2659034,2659034,1830,3219595917651609,3219595917652889
"HIP_RUNTIME_API_EXT","hipSetDevice",2659034,2659034,1831,3219595917653297,3219595917653368
"HIP_RUNTIME_API_EXT","hipLaunchKernel",2659034,2659034,1832,3219595917653928,3219595917657870
"HIP_RUNTIME_API_EXT","hipGetLastError",2659034,2659034,1833,3219595917658361,3219595917658411
"HIP_RUNTIME_API_EXT","hipSetDevice",2659034,2659034,1834,3219595917659087,3219595917659150
"HIP_RUNTIME_API_EXT","hipMalloc",2659034,2659034,1835,3219595917659532,3219595917661023
"HIP_RUNTIME_API_EXT","hipSetDevice",2659034,2659034,1836,3219595917661523,3219595917661595
"HIP_RUNTIME_API_EXT","hipLaunchKernel",2659034,2659034,1837,3219595917662330,3219595917666922
"HIP_RUNTIME_API_EXT","hipGetLastError",2659034,2659034,1838,3219595917667506,3219595917667557
"HIP_RUNTIME_API_EXT","hipSetDevice",2659034,2659034,1839,3219595917667988,3219595917668050
"HIP_RUNTIME_API_EXT","hipFree",2659034,2659034,1840,3219595917668668,3219595917681820
"HIP_RUNTIME_API_EXT","hipSetDevice",2659034,2659034,1841,3219595917682385,3219595917682451
"HIP_RUNTIME_API_EXT","hipFree",2659034,2659034,1842,3219595917683171,3219595917684423
"HIP_RUNTIME_API_EXT","hipSetDevice",2659034,2659034,1843,3219595917685175,3219595917685239
"HIP_RUNTIME_API_EXT","hipMalloc",2659034,2659034,1844,3219595917685667,3219595917686743
"HIP_RUNTIME_API_EXT","hipSetDevice",2659034,2659034,1845,3219595917687294,3219595917687359
"HIP_RUNTIME_API_EXT","hipLaunchKernel",2659034,2659034,1846,3219595917688078,3219595917691983
"HIP_RUNTIME_API_EXT","hipGetLastError",2659034,2659034,1847,3219595917692630,3219595917692677
"HIP_RUNTIME_API_EXT","hipSetDevice",2659034,2659034,1848,3219595917693250,3219595917693324
"HIP_RUNTIME_API_EXT","hipFree",2659034,2659034,1849,3219595917693760,3219595917718500
"HIP_RUNTIME_API_EXT","hipSetDevice",2659034,2659034,1850,3219595917719450,3219595917719523
"HIP_RUNTIME_API_EXT","hipMalloc",2659034,2659034,1851,3219595917719974,3219595917720844
"HIP_RUNTIME_API_EXT","hipSetDevice",2659034,2659034,1852,3219595917721388,3219595917721450
"HIP_RUNTIME_API_EXT","hipLaunchKernel",2659034,2659034,1853,3219595917722265,3219595917725990
"HIP_RUNTIME_API_EXT","hipGetLastError",2659034,2659034,1854,3219595917726531,3219595917726580
"HIP_RUNTIME_API_EXT","hipSetDevice",2659034,2659034,1855,3219595917727070,3219595917727143
"HIP_RUNTIME_API_EXT","hipFree",2659034,2659034,1856,3219595917727569,3219595917738581
"HIP_RUNTIME_API_EXT","hipSetDevice",2659034,2659034,1857,3219595917739258,3219595917739323
"HIP_RUNTIME_API_EXT","hipFree",2659034,2659034,1858,3219595917739724,3219595917740881
"HIP_RUNTIME_API_EXT","hipSetDevice",2659034,2659034,1859,3219595917741309,3219595917741371
"HIP_RUNTIME_API_EXT","hipFree",2659034,2659034,1860,3219595917741719,3219595917742844
"HIP_RUNTIME_API_EXT","hipSetDevice",2659034,2659034,1861,3219595917743277,3219595917743342
"HIP_RUNTIME_API_EXT","hipFree",2659034,2659034,1862,3219595917743773,3219595917744947
"HIP_RUNTIME_API_EXT","hipSetDevice",2659034,2659034,1863,3219595917745349,3219595917745411
"HIP_RUNTIME_API_EXT","hipFree",2659034,2659034,1864,3219595917745838,3219595917747082
"HIP_RUNTIME_API_EXT","hipSetDevice",2659034,2659034,1865,3219595917747792,3219595917747859
"HIP_RUNTIME_API_EXT","hipMalloc",2659034,2659034,1866,3219595917748239,3219595917749395
"HIP_RUNTIME_API_EXT","hipSetDevice",2659034,2659034,1867,3219595917749887,3219595917749948
"HIP_RUNTIME_API_EXT","hipLaunchKernel",2659034,2659034,1868,3219595917750774,3219595917754951
"HIP_RUNTIME_API_EXT","hipGetLastError",2659034,2659034,1869,3219595917755406,3219595917755462
"HIP_RUNTIME_API_EXT","hipSetDevice",2659034,2659034,1870,3219595917756323,3219595917756386
"HIP_RUNTIME_API_EXT","hipMalloc",2659034,2659034,1871,3219595917756751,3219595917757784
"HIP_RUNTIME_API_EXT","hipSetDevice",2659034,2659034,1872,3219595917758221,3219595917758283
"HIP_RUNTIME_API_EXT","hipLaunchKernel",2659034,2659034,1873,3219595917758910,3219595917762388
"HIP_RUNTIME_API_EXT","hipGetLastError",2659034,2659034,1874,3219595917762769,3219595917762816
"HIP_RUNTIME_API_EXT","hipSetDevice",2659034,2659034,1875,3219595917764005,3219595917764069
"HIP_RUNTIME_API_EXT","hipMalloc",2659034,2659034,1876,3219595917764465,3219595917765815
"HIP_RUNTIME_API_EXT","hipSetDevice",2659034,2659034,1877,3219595917766231,3219595917766295
"HIP_RUNTIME_API_EXT","hipLaunchKernel",2659034,2659034,1878,3219595917767032,3219595917770849
"HIP_RUNTIME_API_EXT","hipGetLastError",2659034,2659034,1879,3219595917771331,3219595917771381
"HIP_RUNTIME_API_EXT","hipSetDevice",2659034,2659034,1880,3219595917772248,3219595917772312
"HIP_RUNTIME_API_EXT","hipMalloc",2659034,2659034,1881,3219595917772697,3219595917773947
"HIP_RUNTIME_API_EXT","hipSetDevice",2659034,2659034,1882,3219595917774384,3219595917774446
"HIP_RUNTIME_API_EXT","hipLaunchKernel",2659034,2659034,1883,3219595917775100,3219595917779789
"HIP_RUNTIME_API_EXT","hipGetLastError",2659034,2659034,1884,3219595917780279,3219595917780328
"HIP_RUNTIME_API_EXT","hipSetDevice",2659034,2659034,1885,3219595917781784,3219595917781848
"HIP_RUNTIME_API_EXT","hipMalloc",2659034,2659034,1886,3219595917782214,3219595917785235
"HIP_RUNTIME_API_EXT","hipSetDevice",2659034,2659034,1887,3219595917785783,3219595917785843
"HIP_RUNTIME_API_EXT","hipLaunchKernel",2659034,2659034,1888,3219595917786773,3219595917790804
"HIP_RUNTIME_API_EXT","hipGetLastError",2659034,2659034,1889,3219595917791238,3219595917791288
"HIP_RUNTIME_API_EXT","hipSetDevice",2659034,2659034,1890,3219595917792015,3219595917792076
"HIP_RUNTIME_API_EXT","hipMalloc",2659034,2659034,1891,3219595917792695,3219595917794238
"HIP_RUNTIME_API_EXT","hipSetDevice",2659034,2659034,1892,3219595917794984,3219595917795047
"HIP_RUNTIME_API_EXT","hipLaunchKernel",2659034,2659034,1893,3219595917795617,3219595917800008
"HIP_RUNTIME_API_EXT","hipGetLastError",2659034,2659034,1894,3219595917800835,3219595917800882
"HIP_RUNTIME_API_EXT","hipSetDevice",2659034,2659034,1895,3219595917802116,3219595917802181
"HIP_RUNTIME_API_EXT","hipLaunchKernel",2659034,2659034,1896,3219595917802743,3219595917806718
"HIP_RUNTIME_API_EXT","hipGetLastError",2659034,2659034,1897,3219595917807170,3219595917807275
"HIP_RUNTIME_API_EXT","hipSetDevice",2659034,2659034,1898,3219595917809989,3219595917810051
"HIP_RUNTIME_API_EXT","hipMalloc",2659034,2659034,1899,3219595917810434,3219595917811828
"HIP_RUNTIME_API_EXT","hipSetDevice",2659034,2659034,1900,3219595917812245,3219595917812311
"HIP_RUNTIME_API_EXT","hipLaunchKernel",2659034,2659034,1901,3219595917812923,3219595917817272
"HIP_RUNTIME_API_EXT","hipGetLastError",2659034,2659034,1902,3219595917817752,3219595917817801
"HIP_RUNTIME_API_EXT","hipSetDevice",2659034,2659034,1903,3219595917819041,3219595917819106
"HIP_RUNTIME_API_EXT","hipMalloc",2659034,2659034,1904,3219595917819457,3219595917820766
"HIP_RUNTIME_API_EXT","hipSetDevice",2659034,2659034,1905,3219595917821197,3219595917821255
"HIP_RUNTIME_API_EXT","hipLaunchKernel",2659034,2659034,1906,3219595917821814,3219595917825176
"HIP_RUNTIME_API_EXT","hipGetLastError",2659034,2659034,1907,3219595917825557,3219595917825606
"HIP_RUNTIME_API_EXT","hipSetDevice",2659034,2659034,1908,3219595917826382,3219595917826449
"HIP_RUNTIME_API_EXT","hipFree",2659034,2659034,1909,3219595917826832,3219595917848223
"HIP_RUNTIME_API_EXT","hipSetDevice",2659034,2659034,1910,3219595917848824,3219595917848886
"HIP_RUNTIME_API_EXT","hipFree",2659034,2659034,1911,3219595917849267,3219595917850395
"HIP_RUNTIME_API_EXT","hipSetDevice",2659034,2659034,1912,3219595917850798,3219595917850857
"HIP_RUNTIME_API_EXT","hipFree",2659034,2659034,1913,3219595917851322,3219595917852598
"HIP_RUNTIME_API_EXT","hipSetDevice",2659034,2659034,1914,3219595917853143,3219595917853204
"HIP_RUNTIME_API_EXT","hipFree",2659034,2659034,1915,3219595917853559,3219595917854904
"HIP_RUNTIME_API_EXT","hipSetDevice",2659034,2659034,1916,3219595917855318,3219595917855381
"HIP_RUNTIME_API_EXT","hipFree",2659034,2659034,1917,3219595917855730,3219595917856875
"HIP_RUNTIME_API_EXT","hipSetDevice",2659034,2659034,1918,3219595917857292,3219595917857353
"HIP_RUNTIME_API_EXT","hipFree",2659034,2659034,1919,3219595917857688,3219595917858831
"HIP_RUNTIME_API_EXT","hipSetDevice",2659034,2659034,1920,3219595917859230,3219595917859288
"HIP_RUNTIME_API_EXT","hipFree",2659034,2659034,1921,3219595917859716,3219595917861060
"HIP_RUNTIME_API_EXT","hipSetDevice",2659034,2659034,1922,3219595917861533,3219595917861597
"HIP_RUNTIME_API_EXT","hipMalloc",2659034,2659034,1923,3219595917861967,3219595917862982
"HIP_RUNTIME_API_EXT","hipSetDevice",2659034,2659034,1924,3219595917864868,3219595917864929
"HIP_RUNTIME_API_EXT","hipMalloc",2659034,2659034,1925,3219595917865315,3219595917866281
"HIP_RUNTIME_API_EXT","hipSetDevice",2659034,2659034,1926,3219595917866777,3219595917866839
"HIP_RUNTIME_API_EXT","hipLaunchKernel",2659034,2659034,1927,3219595917867451,3219595917872175
"HIP_RUNTIME_API_EXT","hipGetLastError",2659034,2659034,1928,3219595917872741,3219595917872794
"HIP_RUNTIME_API_EXT","hipSetDevice",2659034,2659034,1929,3219595917873628,3219595917873695
"HIP_RUNTIME_API_EXT","hipMalloc",2659034,2659034,1930,3219595917874057,3219595917875309
"HIP_RUNTIME_API_EXT","hipSetDevice",2659034,2659034,1931,3219595917875734,3219595917875793
"HIP_RUNTIME_API_EXT","hipLaunchKernel",2659034,2659034,1932,3219595917876374,3219595917880139
"HIP_RUNTIME_API_EXT","hipGetLastError",2659034,2659034,1933,3219595917880799,3219595917880849
"HIP_RUNTIME_API_EXT","hipSetDevice",2659034,2659034,1934,3219595917882101,3219595917882171
"HIP_RUNTIME_API_EXT","hipMalloc",2659034,2659034,1935,3219595917882671,3219595917883943
"HIP_RUNTIME_API_EXT","hipSetDevice",2659034,2659034,1936,3219595917884475,3219595917884537
"HIP_RUNTIME_API_EXT","hipLaunchKernel",2659034,2659034,1937,3219595917885174,3219595917889800
"HIP_RUNTIME_API_EXT","hipGetLastError",2659034,2659034,1938,3219595917890440,3219595917890488
"HIP_RUNTIME_API_EXT","hipSetDevice",2659034,2659034,1939,3219595917891161,3219595917891227
"HIP_RUNTIME_API_EXT","hipMalloc",2659034,2659034,1940,3219595917891666,3219595917892828
"HIP_RUNTIME_API_EXT","hipSetDevice",2659034,2659034,1941,3219595917893343,3219595917893406
"HIP_RUNTIME_API_EXT","hipLaunchKernel",2659034,2659034,1942,3219595917894101,3219595917898533
"HIP_RUNTIME_API_EXT","hipGetLastError",2659034,2659034,1943,3219595917899124,3219595917899228
"HIP_RUNTIME_API_EXT","hipSetDevice",2659034,2659034,1944,3219595917899890,3219595917899955
"HIP_RUNTIME_API_EXT","hipFree",2659034,2659034,1945,3219595917900474,3219595917913688
"HIP_RUNTIME_API_EXT","hipSetDevice",2659034,2659034,1946,3219595917914098,3219595917914168
"HIP_RUNTIME_API_EXT","hipFree",2659034,2659034,1947,3219595917914808,3219595917915858
"HIP_RUNTIME_API_EXT","hipSetDevice",2659034,2659034,1948,3219595917916595,3219595917916660
"HIP_RUNTIME_API_EXT","hipMalloc",2659034,2659034,1949,3219595917917047,3219595917917880
"HIP_RUNTIME_API_EXT","hipSetDevice",2659034,2659034,1950,3219595917918275,3219595917918342
"HIP_RUNTIME_API_EXT","hipLaunchKernel",2659034,2659034,1951,3219595917918915,3219595917922401
"HIP_RUNTIME_API_EXT","hipGetLastError",2659034,2659034,1952,3219595917922935,3219595917922984
"HIP_RUNTIME_API_EXT","hipSetDevice",2659034,2659034,1953,3219595917923567,3219595917923624
"HIP_RUNTIME_API_EXT","hipFree",2659034,2659034,1954,3219595917924067,3219595917949734
"HIP_RUNTIME_API_EXT","hipSetDevice",2659034,2659034,1955,3219595917950578,3219595917950644
"HIP_RUNTIME_API_EXT","hipMalloc",2659034,2659034,1956,3219595917951012,3219595917952235
"HIP_RUNTIME_API_EXT","hipSetDevice",2659034,2659034,1957,3219595917952790,3219595917952856
"HIP_RUNTIME_API_EXT","hipLaunchKernel",2659034,2659034,1958,3219595917953494,3219595917957366
"HIP_RUNTIME_API_EXT","hipGetLastError",2659034,2659034,1959,3219595917958169,3219595917958218
"HIP_RUNTIME_API_EXT","hipSetDevice",2659034,2659034,1960,3219595917958694,3219595917958764
"HIP_RUNTIME_API_EXT","hipFree",2659034,2659034,1961,3219595917959309,3219595917969761
"HIP_RUNTIME_API_EXT","hipSetDevice",2659034,2659034,1962,3219595917970226,3219595917970294
"HIP_RUNTIME_API_EXT","hipFree",2659034,2659034,1963,3219595917970981,3219595917972127
"HIP_RUNTIME_API_EXT","hipSetDevice",2659034,2659034,1964,3219595917972509,3219595917972572
"HIP_RUNTIME_API_EXT","hipFree",2659034,2659034,1965,3219595917972923,3219595917974227
"HIP_RUNTIME_API_EXT","hipSetDevice",2659034,2659034,1966,3219595917974602,3219595917974665
"HIP_RUNTIME_API_EXT","hipFree",2659034,2659034,1967,3219595917975090,3219595917976329
"HIP_RUNTIME_API_EXT","hipSetDevice",2659034,2659034,1968,3219595917976734,3219595917976795
"HIP_RUNTIME_API_EXT","hipFree",2659034,2659034,1969,3219595917977246,3219595917978846
"HIP_RUNTIME_API_EXT","hipSetDevice",2659034,2659034,1970,3219595917979427,3219595917979486
"HIP_RUNTIME_API_EXT","hipMalloc",2659034,2659034,1971,3219595917979860,3219595917980821
"HIP_RUNTIME_API_EXT","hipSetDevice",2659034,2659034,1972,3219595917981382,3219595917981447
"HIP_RUNTIME_API_EXT","hipLaunchKernel",2659034,2659034,1973,3219595917982080,3219595917986453
"HIP_RUNTIME_API_EXT","hipGetLastError",2659034,2659034,1974,3219595917987046,3219595917987092
"HIP_RUNTIME_API_EXT","hipSetDevice",2659034,2659034,1975,3219595917987533,3219595917987599
"HIP_RUNTIME_API_EXT","hipFree",2659034,2659034,1976,3219595917988009,3219595917999034
"HIP_RUNTIME_API_EXT","hipSetDevice",2659034,2659034,1977,3219595918000226,3219595918000287
"HIP_RUNTIME_API_EXT","hipMalloc",2659034,2659034,1978,3219595918000774,3219595918001612
"HIP_RUNTIME_API_EXT","hipSetDevice",2659034,2659034,1979,3219595918002099,3219595918002162
"HIP_RUNTIME_API_EXT","hipLaunchKernel",2659034,2659034,1980,3219595918002795,3219595918006781
"HIP_RUNTIME_API_EXT","hipGetLastError",2659034,2659034,1981,3219595918007283,3219595918007332
"HIP_RUNTIME_API_EXT","hipSetDevice",2659034,2659034,1982,3219595918008143,3219595918008214
"HIP_RUNTIME_API_EXT","hipFree",2659034,2659034,1983,3219595918008597,3219595918026220
"HIP_RUNTIME_API_EXT","hipSetDevice",2659034,2659034,1984,3219595918026806,3219595918026874
"HIP_RUNTIME_API_EXT","hipFree",2659034,2659034,1985,3219595918027801,3219595918029279
"HIP_RUNTIME_API_EXT","hipSetDevice",2659034,2659034,1986,3219595918029769,3219595918029830
"HIP_RUNTIME_API_EXT","hipFree",2659034,2659034,1987,3219595918030367,3219595918031675
"HIP_RUNTIME_API_EXT","hipSetDevice",2659034,2659034,1988,3219595918032086,3219595918032148
"HIP_RUNTIME_API_EXT","hipFree",2659034,2659034,1989,3219595918032490,3219595918033978
"HIP_RUNTIME_API_EXT","hipSetDevice",2659034,2659034,1990,3219595918034678,3219595918034740
"HIP_RUNTIME_API_EXT","hipMemcpy",2659034,2659034,1991,3219595918035146,3219595918039379
"HIP_RUNTIME_API_EXT","hipSetDevice",2659034,2659034,1992,3219595918039964,3219595918040040
"HIP_RUNTIME_API_EXT","hipMemcpy",2659034,2659034,1993,3219595918040553,3219595918044210
"HIP_RUNTIME_API_EXT","hipSetDevice",2659034,2659034,1994,3219595918044783,3219595918044861
"HIP_RUNTIME_API_EXT","hipMemcpy",2659034,2659034,1995,3219595918045226,3219595918049092
"HIP_RUNTIME_API_EXT","hipSetDevice",2659034,2659034,1996,3219595918049655,3219595918049727
"HIP_RUNTIME_API_EXT","hipMemcpy",2659034,2659034,1997,3219595918050175,3219595918054407
"HIP_RUNTIME_API_EXT","hipSetDevice",2659034,2659034,1998,3219595918054993,3219595918055060
"HIP_RUNTIME_API_EXT","hipFree",2659034,2659034,1999,3219595918055485,3219595918067094
"HIP_RUNTIME_API_EXT","hipSetDevice",2659034,2659034,2000,3219595918067914,3219595918067986
"HIP_RUNTIME_API_EXT","hipMalloc",2659034,2659034,2001,3219595918068650,3219595918069713
"HIP_RUNTIME_API_EXT","hipSetDevice",2659034,2659034,2002,3219595918070331,3219595918070391
"HIP_RUNTIME_API_EXT","hipLaunchKernel",2659034,2659034,2003,3219595918071068,3219595918075256
"HIP_RUNTIME_API_EXT","hipGetLastError",2659034,2659034,2004,3219595918075828,3219595918075878
"HIP_RUNTIME_API_EXT","hipSetDevice",2659034,2659034,2005,3219595918076397,3219595918076466
"HIP_RUNTIME_API_EXT","hipMemcpy",2659034,2659034,2006,3219595918076833,3219595918095142
"HIP_RUNTIME_API_EXT","hipSetDevice",2659034,2659034,2007,3219595918096794,3219595918096858
"HIP_RUNTIME_API_EXT","hipFree",2659034,2659034,2008,3219595918097565,3219595918106102
"HIP_RUNTIME_API_EXT","hipSetDevice",2659034,2659034,2009,3219595918108233,3219595918108293
"HIP_RUNTIME_API_EXT","hipLaunchKernel",2659034,2659034,2010,3219595918109214,3219595918123451
"HIP_RUNTIME_API_EXT","hipGetLastError",2659034,2659034,2011,3219595918124002,3219595918124050
"HIP_RUNTIME_API_EXT","hipSetDevice",2659034,2659034,2012,3219595918124860,3219595918124927
"HIP_RUNTIME_API_EXT","hipLaunchKernel",2659034,2659034,2013,3219595918125633,3219595918129104
"HIP_RUNTIME_API_EXT","hipGetLastError",2659034,2659034,2014,3219595918129577,3219595918129627
"HIP_RUNTIME_API_EXT","hipSetDevice",2659034,2659034,2015,3219595918130477,3219595918130538
"HIP_RUNTIME_API_EXT","hipLaunchKernel",2659034,2659034,2016,3219595918131385,3219595918135426
"HIP_RUNTIME_API_EXT","hipGetLastError",2659034,2659034,2017,3219595918137062,3219595918137109
"HIP_RUNTIME_API_EXT","hipSetDevice",2659034,2659034,2018,3219595918137752,3219595918137809
"HIP_RUNTIME_API_EXT","hipLaunchKernel",2659034,2659034,2019,3219595918138352,3219595918142203
"HIP_RUNTIME_API_EXT","hipGetLastError",2659034,2659034,2020,3219595918143192,3219595918143241
"HIP_RUNTIME_API_EXT","hipSetDevice",2659034,2659034,2021,3219595918144956,3219595918145018
"HIP_RUNTIME_API_EXT","hipLaunchKernel",2659034,2659034,2022,3219595918145583,3219595918150609
"HIP_RUNTIME_API_EXT","hipGetLastError",2659034,2659034,2023,3219595918151211,3219595918151266
"HIP_RUNTIME_API_EXT","hipSetDevice",2659034,2659034,2024,3219595918151766,3219595918151833
"HIP_RUNTIME_API_EXT","hipLaunchKernel",2659034,2659034,2025,3219595918152373,3219595918156178
"HIP_RUNTIME_API_EXT","hipGetLastError",2659034,2659034,2026,3219595918156675,3219595918156724
"HIP_RUNTIME_API_EXT","hipSetDevice",2659034,2659034,2027,3219595918158467,3219595918158526
"HIP_RUNTIME_API_EXT","hipLaunchKernel",2659034,2659034,2028,3219595918159199,3219595918162715
"HIP_RUNTIME_API_EXT","hipGetLastError",2659034,2659034,2029,3219595918163668,3219595918163714
"HIP_RUNTIME_API_EXT","hipSetDevice",2659034,2659034,2030,3219595918164274,3219595918164336
"HIP_RUNTIME_API_EXT","hipLaunchKernel",2659034,2659034,2031,3219595918165084,3219595918169219
"HIP_RUNTIME_API_EXT","hipGetLastError",2659034,2659034,2032,3219595918170019,3219595918170066
"HIP_RUNTIME_API_EXT","hipSetDevice",2659034,2659034,2033,3219595918171987,3219595918172047
"HIP_RUNTIME_API_EXT","hipMalloc",2659034,2659034,2034,3219595918172486,3219595918173792
"HIP_RUNTIME_API_EXT","hipSetDevice",2659034,2659034,2035,3219595918174245,3219595918174309
"HIP_RUNTIME_API_EXT","hipMemcpy",2659034,2659034,2036,3219595918174702,3219595918191647
"HIP_RUNTIME_API_EXT","hipSetDevice",2659034,2659034,2037,3219595918192978,3219595918193041
"HIP_RUNTIME_API_EXT","hipMalloc",2659034,2659034,2038,3219595918193425,3219595918194630
"HIP_RUNTIME_API_EXT","hipSetDevice",2659034,2659034,2039,3219595918195093,3219595918195157
"HIP_RUNTIME_API_EXT","hipMemcpy",2659034,2659034,2040,3219595918195507,3219595918212504
"HIP_RUNTIME_API_EXT","hipSetDevice",2659034,2659034,2041,3219595918213560,3219595918213625
"HIP_RUNTIME_API_EXT","hipMalloc",2659034,2659034,2042,3219595918214201,3219595918215479
"HIP_RUNTIME_API_EXT","hipSetDevice",2659034,2659034,2043,3219595918215897,3219595918215965
"HIP_RUNTIME_API_EXT","hipMemcpy",2659034,2659034,2044,3219595918216334,3219595918233184
"HIP_RUNTIME_API_EXT","hipSetDevice",2659034,2659034,2045,3219595918234201,3219595918234270
"HIP_RUNTIME_API_EXT","hipMalloc",2659034,2659034,2046,3219595918234882,3219595918236390
"HIP_RUNTIME_API_EXT","hipSetDevice",2659034,2659034,2047,3219595918236815,3219595918236875
"HIP_RUNTIME_API_EXT","hipLaunchKernel",2659034,2659034,2048,3219595918237494,3219595918241717
"HIP_RUNTIME_API_EXT","hipGetLastError",2659034,2659034,2049,3219595918242623,3219595918242670
"HIP_RUNTIME_API_EXT","hipSetDevice",2659034,2659034,2050,3219595918243289,3219595918243351
"HIP_RUNTIME_API_EXT","hipMalloc",2659034,2659034,2051,3219595918244031,3219595918245186
"HIP_RUNTIME_API_EXT","hipSetDevice",2659034,2659034,2052,3219595918245615,3219595918245679
"HIP_RUNTIME_API_EXT","hipLaunchKernel",2659034,2659034,2053,3219595918246262,3219595918249875
"HIP_RUNTIME_API_EXT","hipGetLastError",2659034,2659034,2054,3219595918250906,3219595918250953
"HIP_RUNTIME_API_EXT","hipSetDevice",2659034,2659034,2055,3219595918251788,3219595918251848
"HIP_RUNTIME_API_EXT","hipMalloc",2659034,2659034,2056,3219595918252215,3219595918253443
"HIP_RUNTIME_API_EXT","hipSetDevice",2659034,2659034,2057,3219595918253888,3219595918253950
"HIP_RUNTIME_API_EXT","hipLaunchKernel",2659034,2659034,2058,3219595918254516,3219595918259391
"HIP_RUNTIME_API_EXT","hipGetLastError",2659034,2659034,2059,3219595918260037,3219595918260083
"HIP_RUNTIME_API_EXT","hipSetDevice",2659034,2659034,2060,3219595918261135,3219595918261200
"HIP_RUNTIME_API_EXT","hipMalloc",2659034,2659034,2061,3219595918261687,3219595918263206
"HIP_RUNTIME_API_EXT","hipSetDevice",2659034,2659034,2062,3219595918263606,3219595918263671
"HIP_RUNTIME_API_EXT","hipLaunchKernel",2659034,2659034,2063,3219595918264273,3219595918268177
"HIP_RUNTIME_API_EXT","hipGetLastError",2659034,2659034,2064,3219595918268657,3219595918268705
"HIP_RUNTIME_API_EXT","hipSetDevice",2659034,2659034,2065,3219595918269483,3219595918269541
"HIP_RUNTIME_API_EXT","hipMalloc",2659034,2659034,2066,3219595918269914,3219595918271100
"HIP_RUNTIME_API_EXT","hipSetDevice",2659034,2659034,2067,3219595918271512,3219595918271576
"HIP_RUNTIME_API_EXT","hipLaunchKernel",2659034,2659034,2068,3219595918272176,3219595918276245
"HIP_RUNTIME_API_EXT","hipGetLastError",2659034,2659034,2069,3219595918276726,3219595918276774
"HIP_RUNTIME_API_EXT","hipSetDevice",2659034,2659034,2070,3219595918278299,3219595918278362
"HIP_RUNTIME_API_EXT","hipMalloc",2659034,2659034,2071,3219595918278809,3219595918280215
"HIP_RUNTIME_API_EXT","hipSetDevice",2659034,2659034,2072,3219595918280647,3219595918280711
"HIP_RUNTIME_API_EXT","hipLaunchKernel",2659034,2659034,2073,3219595918281281,3219595918285646
"HIP_RUNTIME_API_EXT","hipGetLastError",2659034,2659034,2074,3219595918286174,3219595918286229
"HIP_RUNTIME_API_EXT","hipSetDevice",2659034,2659034,2075,3219595918286809,3219595918286878
"HIP_RUNTIME_API_EXT","hipMalloc",2659034,2659034,2076,3219595918287256,3219595918288491
"HIP_RUNTIME_API_EXT","hipSetDevice",2659034,2659034,2077,3219595918289053,3219595918289113
"HIP_RUNTIME_API_EXT","hipLaunchKernel",2659034,2659034,2078,3219595918289669,3219595918294166
"HIP_RUNTIME_API_EXT","hipGetLastError",2659034,2659034,2079,3219595918294697,3219595918294753
"HIP_RUNTIME_API_EXT","hipSetDevice",2659034,2659034,2080,3219595918297533,3219595918297595
"HIP_RUNTIME_API_EXT","hipLaunchKernel",2659034,2659034,2081,3219595918298175,3219595918303244
"HIP_RUNTIME_API_EXT","hipGetLastError",2659034,2659034,2082,3219595918303864,3219595918303916
"HIP_RUNTIME_API_EXT","hipSetDevice",2659034,2659034,2083,3219595918304614,3219595918304671
"HIP_RUNTIME_API_EXT","hipMalloc",2659034,2659034,2084,3219595918305037,3219595918307883
"HIP_RUNTIME_API_EXT","hipSetDevice",2659034,2659034,2085,3219595918308321,3219595918308397
"HIP_RUNTIME_API_EXT","hipLaunchKernel",2659034,2659034,2086,3219595918308991,3219595918313445
"HIP_RUNTIME_API_EXT","hipGetLastError",2659034,2659034,2087,3219595918313998,3219595918314048
"HIP_RUNTIME_API_EXT","hipSetDevice",2659034,2659034,2088,3219595918315072,3219595918315137
"HIP_RUNTIME_API_EXT","hipMalloc",2659034,2659034,2089,3219595918315517,3219595918316836
"HIP_RUNTIME_API_EXT","hipSetDevice",2659034,2659034,2090,3219595918317311,3219595918317374
"HIP_RUNTIME_API_EXT","hipLaunchKernel",2659034,2659034,2091,3219595918318010,3219595918321692
"HIP_RUNTIME_API_EXT","hipGetLastError",2659034,2659034,2092,3219595918322196,3219595918322242
"HIP_RUNTIME_API_EXT","hipSetDevice",2659034,2659034,2093,3219595918322944,3219595918323015
"HIP_RUNTIME_API_EXT","hipFree",2659034,2659034,2094,3219595918323402,3219595918347296
"HIP_RUNTIME_API_EXT","hipSetDevice",2659034,2659034,2095,3219595918348008,3219595918348073
"HIP_RUNTIME_API_EXT","hipFree",2659034,2659034,2096,3219595918348423,3219595918350176
"HIP_RUNTIME_API_EXT","hipSetDevice",2659034,2659034,2097,3219595918350576,3219595918350636
"HIP_RUNTIME_API_EXT","hipFree",2659034,2659034,2098,3219595918351006,3219595918352059
"HIP_RUNTIME_API_EXT","hipSetDevice",2659034,2659034,2099,3219595918352507,3219595918352567
"HIP_RUNTIME_API_EXT","hipFree",2659034,2659034,2100,3219595918352917,3219595918354186
"HIP_RUNTIME_API_EXT","hipSetDevice",2659034,2659034,2101,3219595918360371,3219595918360439
"HIP_RUNTIME_API_EXT","hipFree",2659034,2659034,2102,3219595918361010,3219595918362448
"HIP_RUNTIME_API_EXT","hipSetDevice",2659034,2659034,2103,3219595918362863,3219595918362922
"HIP_RUNTIME_API_EXT","hipFree",2659034,2659034,2104,3219595918363291,3219595918364550
"HIP_RUNTIME_API_EXT","hipSetDevice",2659034,2659034,2105,3219595918365082,3219595918365143
"HIP_RUNTIME_API_EXT","hipFree",2659034,2659034,2106,3219595918365483,3219595918366511
"HIP_RUNTIME_API_EXT","hipSetDevice",2659034,2659034,2107,3219595918367003,3219595918367068
"HIP_RUNTIME_API_EXT","hipMalloc",2659034,2659034,2108,3219595918367502,3219595918368446
"HIP_RUNTIME_API_EXT","hipSetDevice",2659034,2659034,2109,3219595918369110,3219595918369170
"HIP_RUNTIME_API_EXT","hipMalloc",2659034,2659034,2110,3219595918369661,3219595918370575
"HIP_RUNTIME_API_EXT","hipSetDevice",2659034,2659034,2111,3219595918371075,3219595918371136
"HIP_RUNTIME_API_EXT","hipLaunchKernel",2659034,2659034,2112,3219595918371733,3219595918379108
"HIP_RUNTIME_API_EXT","hipGetLastError",2659034,2659034,2113,3219595918380010,3219595918380059
"HIP_RUNTIME_API_EXT","hipSetDevice",2659034,2659034,2114,3219595918383365,3219595918383432
"HIP_RUNTIME_API_EXT","hipMalloc",2659034,2659034,2115,3219595918383810,3219595918384876
"HIP_RUNTIME_API_EXT","hipSetDevice",2659034,2659034,2116,3219595918385534,3219595918385595
"HIP_RUNTIME_API_EXT","hipLaunchKernel",2659034,2659034,2117,3219595918386406,3219595918397594
"HIP_RUNTIME_API_EXT","hipGetLastError",2659034,2659034,2118,3219595918398130,3219595918398179
"HIP_RUNTIME_API_EXT","hipSetDevice",2659034,2659034,2119,3219595918399028,3219595918399090
"HIP_RUNTIME_API_EXT","hipMalloc",2659034,2659034,2120,3219595918399596,3219595918401943
"HIP_RUNTIME_API_EXT","hipSetDevice",2659034,2659034,2121,3219595918402383,3219595918402444
"HIP_RUNTIME_API_EXT","hipLaunchKernel",2659034,2659034,2122,3219595918403171,3219595918413215
"HIP_RUNTIME_API_EXT","hipGetLastError",2659034,2659034,2123,3219595918415461,3219595918415507
"HIP_RUNTIME_API_EXT","hipSetDevice",2659034,2659034,2124,3219595918416270,3219595918416337
"HIP_RUNTIME_API_EXT","hipMalloc",2659034,2659034,2125,3219595918417165,3219595918418649
"HIP_RUNTIME_API_EXT","hipSetDevice",2659034,2659034,2126,3219595918419528,3219595918419591
"HIP_RUNTIME_API_EXT","hipLaunchKernel",2659034,2659034,2127,3219595918422856,3219595918436276
"HIP_RUNTIME_API_EXT","hipGetLastError",2659034,2659034,2128,3219595918436915,3219595918437026
"HIP_RUNTIME_API_EXT","hipSetDevice",2659034,2659034,2129,3219595918437509,3219595918437578
"HIP_RUNTIME_API_EXT","hipFree",2659034,2659034,2130,3219595918437975,3219595918450359
"HIP_RUNTIME_API_EXT","hipSetDevice",2659034,2659034,2131,3219595918451235,3219595918451307
"HIP_RUNTIME_API_EXT","hipFree",2659034,2659034,2132,3219595918451711,3219595918452915
"HIP_RUNTIME_API_EXT","hipSetDevice",2659034,2659034,2133,3219595918454216,3219595918454292
"HIP_RUNTIME_API_EXT","hipMalloc",2659034,2659034,2134,3219595918454667,3219595918455650
"HIP_RUNTIME_API_EXT","hipSetDevice",2659034,2659034,2135,3219595918456103,3219595918456169
"HIP_RUNTIME_API_EXT","hipLaunchKernel",2659034,2659034,2136,3219595918456733,3219595918462486
"HIP_RUNTIME_API_EXT","hipGetLastError",2659034,2659034,2137,3219595918463164,3219595918463217
"HIP_RUNTIME_API_EXT","hipSetDevice",2659034,2659034,2138,3219595918463716,3219595918463792
"HIP_RUNTIME_API_EXT","hipFree",2659034,2659034,2139,3219595918464341,3219595918489750
"HIP_RUNTIME_API_EXT","hipSetDevice",2659034,2659034,2140,3219595918490755,3219595918490819
"HIP_RUNTIME_API_EXT","hipMalloc",2659034,2659034,2141,3219595918491198,3219595918492069
"HIP_RUNTIME_API_EXT","hipSetDevice",2659034,2659034,2142,3219595918492711,3219595918492775
"HIP_RUNTIME_API_EXT","hipLaunchKernel",2659034,2659034,2143,3219595918493438,3219595918497099
"HIP_RUNTIME_API_EXT","hipGetLastError",2659034,2659034,2144,3219595918497554,3219595918497608
"HIP_RUNTIME_API_EXT","hipSetDevice",2659034,2659034,2145,3219595918498022,3219595918498087
"HIP_RUNTIME_API_EXT","hipFree",2659034,2659034,2146,3219595918498615,3219595918509800
"HIP_RUNTIME_API_EXT","hipSetDevice",2659034,2659034,2147,3219595918510260,3219595918510325
"HIP_RUNTIME_API_EXT","hipFree",2659034,2659034,2148,3219595918511065,3219595918512133
"HIP_RUNTIME_API_EXT","hipSetDevice",2659034,2659034,2149,3219595918512666,3219595918512727
"HIP_RUNTIME_API_EXT","hipFree",2659034,2659034,2150,3219595918513329,3219595918514570
"HIP_RUNTIME_API_EXT","hipSetDevice",2659034,2659034,2151,3219595918515135,3219595918515195
"HIP_RUNTIME_API_EXT","hipFree",2659034,2659034,2152,3219595918515695,3219595918517061
"HIP_RUNTIME_API_EXT","hipSetDevice",2659034,2659034,2153,3219595918517454,3219595918517514
"HIP_RUNTIME_API_EXT","hipFree",2659034,2659034,2154,3219595918518209,3219595918519867
"HIP_RUNTIME_API_EXT","hipSetDevice",2659034,2659034,2155,3219595918520424,3219595918520482
"HIP_RUNTIME_API_EXT","hipMalloc",2659034,2659034,2156,3219595918520895,3219595918522023
"HIP_RUNTIME_API_EXT","hipSetDevice",2659034,2659034,2157,3219595918522589,3219595918522649
"HIP_RUNTIME_API_EXT","hipLaunchKernel",2659034,2659034,2158,3219595918523410,3219595918527081
"HIP_RUNTIME_API_EXT","hipGetLastError",2659034,2659034,2159,3219595918527554,3219595918527608
"HIP_RUNTIME_API_EXT","hipSetDevice",2659034,2659034,2160,3219595918528854,3219595918528928
"HIP_RUNTIME_API_EXT","hipMalloc",2659034,2659034,2161,3219595918529298,3219595918530315
"HIP_RUNTIME_API_EXT","hipSetDevice",2659034,2659034,2162,3219595918530748,3219595918530809
"HIP_RUNTIME_API_EXT","hipLaunchKernel",2659034,2659034,2163,3219595918531688,3219595918535057
"HIP_RUNTIME_API_EXT","hipGetLastError",2659034,2659034,2164,3219595918535825,3219595918535873
"HIP_RUNTIME_API_EXT","hipSetDevice",2659034,2659034,2165,3219595918536836,3219595918536907
"HIP_RUNTIME_API_EXT","hipMalloc",2659034,2659034,2166,3219595918537295,3219595918538775
"HIP_RUNTIME_API_EXT","hipSetDevice",2659034,2659034,2167,3219595918539214,3219595918539274
"HIP_RUNTIME_API_EXT","hipLaunchKernel",2659034,2659034,2168,3219595918539851,3219595918543426
"HIP_RUNTIME_API_EXT","hipGetLastError",2659034,2659034,2169,3219595918543979,3219595918544028
"HIP_RUNTIME_API_EXT","hipSetDevice",2659034,2659034,2170,3219595918545035,3219595918545100
"HIP_RUNTIME_API_EXT","hipMalloc",2659034,2659034,2171,3219595918545668,3219595918546874
"HIP_RUNTIME_API_EXT","hipSetDevice",2659034,2659034,2172,3219595918547356,3219595918547419
"HIP_RUNTIME_API_EXT","hipLaunchKernel",2659034,2659034,2173,3219595918547980,3219595918552266
"HIP_RUNTIME_API_EXT","hipGetLastError",2659034,2659034,2174,3219595918552667,3219595918552717
"HIP_RUNTIME_API_EXT","hipSetDevice",2659034,2659034,2175,3219595918554054,3219595918554120
"HIP_RUNTIME_API_EXT","hipMalloc",2659034,2659034,2176,3219595918554483,3219595918556019
"HIP_RUNTIME_API_EXT","hipSetDevice",2659034,2659034,2177,3219595918556600,3219595918556662
"HIP_RUNTIME_API_EXT","hipLaunchKernel",2659034,2659034,2178,3219595918557219,3219595918561398
"HIP_RUNTIME_API_EXT","hipGetLastError",2659034,2659034,2179,3219595918561861,3219595918561910
"HIP_RUNTIME_API_EXT","hipSetDevice",2659034,2659034,2180,3219595918562473,3219595918562538
"HIP_RUNTIME_API_EXT","hipMalloc",2659034,2659034,2181,3219595918563009,3219595918564539
"HIP_RUNTIME_API_EXT","hipSetDevice",2659034,2659034,2182,3219595918564941,3219595918565004
"HIP_RUNTIME_API_EXT","hipLaunchKernel",2659034,2659034,2183,3219595918565665,3219595918579586
"HIP_RUNTIME_API_EXT","hipGetLastError",2659034,2659034,2184,3219595918580153,3219595918580208
"HIP_RUNTIME_API_EXT","hipSetDevice",2659034,2659034,2185,3219595918581366,3219595918581437
"HIP_RUNTIME_API_EXT","hipLaunchKernel",2659034,2659034,2186,3219595918582030,3219595918585873
"HIP_RUNTIME_API_EXT","hipGetLastError",2659034,2659034,2187,3219595918586297,3219595918586344
"HIP_RUNTIME_API_EXT","hipSetDevice",2659034,2659034,2188,3219595918588675,3219595918588738
"HIP_RUNTIME_API_EXT","hipMalloc",2659034,2659034,2189,3219595918589118,3219595918590374
"HIP_RUNTIME_API_EXT","hipSetDevice",2659034,2659034,2190,3219595918590816,3219595918590880
"HIP_RUNTIME_API_EXT","hipLaunchKernel",2659034,2659034,2191,3219595918591451,3219595918596018
"HIP_RUNTIME_API_EXT","hipGetLastError",2659034,2659034,2192,3219595918596451,3219595918596497
"HIP_RUNTIME_API_EXT","hipSetDevice",2659034,2659034,2193,3219595918598056,3219595918598121
"HIP_RUNTIME_API_EXT","hipMalloc",2659034,2659034,2194,3219595918598479,3219595918599967
"HIP_RUNTIME_API_EXT","hipSetDevice",2659034,2659034,2195,3219595918600618,3219595918600679
"HIP_RUNTIME_API_EXT","hipLaunchKernel",2659034,2659034,2196,3219595918601217,3219595918605070
"HIP_RUNTIME_API_EXT","hipGetLastError",2659034,2659034,2197,3219595918605434,3219595918605482
"HIP_RUNTIME_API_EXT","hipSetDevice",2659034,2659034,2198,3219595918606114,3219595918606176
"HIP_RUNTIME_API_EXT","hipFree",2659034,2659034,2199,3219595918606600,3219595918627434
"HIP_RUNTIME_API_EXT","hipSetDevice",2659034,2659034,2200,3219595918628164,3219595918628225
"HIP_RUNTIME_API_EXT","hipFree",2659034,2659034,2201,3219595918628598,3219595918629948
"HIP_RUNTIME_API_EXT","hipSetDevice",2659034,2659034,2202,3219595918630405,3219595918630467
"HIP_RUNTIME_API_EXT","hipFree",2659034,2659034,2203,3219595918630812,3219595918632388
"HIP_RUNTIME_API_EXT","hipSetDevice",2659034,2659034,2204,3219595918632773,3219595918632832
"HIP_RUNTIME_API_EXT","hipFree",2659034,2659034,2205,3219595918633196,3219595918634505
"HIP_RUNTIME_API_EXT","hipSetDevice",2659034,2659034,2206,3219595918634937,3219595918634997
"HIP_RUNTIME_API_EXT","hipFree",2659034,2659034,2207,3219595918635347,3219595918636358
"HIP_RUNTIME_API_EXT","hipSetDevice",2659034,2659034,2208,3219595918636784,3219595918636853
"HIP_RUNTIME_API_EXT","hipFree",2659034,2659034,2209,3219595918637198,3219595918638335
"HIP_RUNTIME_API_EXT","hipSetDevice",2659034,2659034,2210,3219595918638780,3219595918638838
"HIP_RUNTIME_API_EXT","hipFree",2659034,2659034,2211,3219595918639172,3219595918640240
"HIP_RUNTIME_API_EXT","hipSetDevice",2659034,2659034,2212,3219595918640784,3219595918640850
"HIP_RUNTIME_API_EXT","hipMalloc",2659034,2659034,2213,3219595918641210,3219595918642213
"HIP_RUNTIME_API_EXT","hipSetDevice",2659034,2659034,2214,3219595918643902,3219595918643965
"HIP_RUNTIME_API_EXT","hipMalloc",2659034,2659034,2215,3219595918644338,3219595918645290
"HIP_RUNTIME_API_EXT","hipSetDevice",2659034,2659034,2216,3219595918645735,3219595918645796
"HIP_RUNTIME_API_EXT","hipLaunchKernel",2659034,2659034,2217,3219595918646450,3219595918650947
"HIP_RUNTIME_API_EXT","hipGetLastError",2659034,2659034,2218,3219595918651467,3219595918651513
"HIP_RUNTIME_API_EXT","hipSetDevice",2659034,2659034,2219,3219595918652492,3219595918652560
"HIP_RUNTIME_API_EXT","hipMalloc",2659034,2659034,2220,3219595918652979,3219595918654123
"HIP_RUNTIME_API_EXT","hipSetDevice",2659034,2659034,2221,3219595918654520,3219595918654584
"HIP_RUNTIME_API_EXT","hipLaunchKernel",2659034,2659034,2222,3219595918655155,3219595918658653
"HIP_RUNTIME_API_EXT","hipGetLastError",2659034,2659034,2223,3219595918659124,3219595918659195
"HIP_RUNTIME_API_EXT","hipSetDevice",2659034,2659034,2224,3219595918660123,3219595918660188
"HIP_RUNTIME_API_EXT","hipMalloc",2659034,2659034,2225,3219595918660560,3219595918661857
"HIP_RUNTIME_API_EXT","hipSetDevice",2659034,2659034,2226,3219595918662291,3219595918662348
"HIP_RUNTIME_API_EXT","hipLaunchKernel",2659034,2659034,2227,3219595918663134,3219595918667156
"HIP_RUNTIME_API_EXT","hipGetLastError",2659034,2659034,2228,3219595918667610,3219595918667658
"HIP_RUNTIME_API_EXT","hipSetDevice",2659034,2659034,2229,3219595918668313,3219595918668376
"HIP_RUNTIME_API_EXT","hipMalloc",2659034,2659034,2230,3219595918668856,3219595918670097
"HIP_RUNTIME_API_EXT","hipSetDevice",2659034,2659034,2231,3219595918670658,3219595918670720
"HIP_RUNTIME_API_EXT","hipLaunchKernel",2659034,2659034,2232,3219595918671350,3219595918675527
"HIP_RUNTIME_API_EXT","hipGetLastError",2659034,2659034,2233,3219595918676093,3219595918676150
"HIP_RUNTIME_API_EXT","hipSetDevice",2659034,2659034,2234,3219595918676569,3219595918676631
"HIP_RUNTIME_API_EXT","hipFree",2659034,2659034,2235,3219595918677067,3219595918690686
"HIP_RUNTIME_API_EXT","hipSetDevice",2659034,2659034,2236,3219595918691396,3219595918691467
"HIP_RUNTIME_API_EXT","hipFree",2659034,2659034,2237,3219595918691892,3219595918693005
"HIP_RUNTIME_API_EXT","hipSetDevice",2659034,2659034,2238,3219595918693658,3219595918693719
"HIP_RUNTIME_API_EXT","hipMalloc",2659034,2659034,2239,3219595918694160,3219595918695230
"HIP_RUNTIME_API_EXT","hipSetDevice",2659034,2659034,2240,3219595918695745,3219595918695808
"HIP_RUNTIME_API_EXT","hipLaunchKernel",2659034,2659034,2241,3219595918696613,3219595918700273
"HIP_RUNTIME_API_EXT","hipGetLastError",2659034,2659034,2242,3219595918700674,3219595918700776
"HIP_RUNTIME_API_EXT","hipSetDevice",2659034,2659034,2243,3219595918701277,3219595918701339
"HIP_RUNTIME_API_EXT","hipFree",2659034,2659034,2244,3219595918701707,3219595918728218
"HIP_RUNTIME_API_EXT","hipSetDevice",2659034,2659034,2245,3219595918729022,3219595918729087
"HIP_RUNTIME_API_EXT","hipMalloc",2659034,2659034,2246,3219595918729446,3219595918730515
"HIP_RUNTIME_API_EXT","hipSetDevice",2659034,2659034,2247,3219595918730991,3219595918731059
"HIP_RUNTIME_API_EXT","hipLaunchKernel",2659034,2659034,2248,3219595918731928,3219595918735789
"HIP_RUNTIME_API_EXT","hipGetLastError",2659034,2659034,2249,3219595918736214,3219595918736264
"HIP_RUNTIME_API_EXT","hipSetDevice",2659034,2659034,2250,3219595918736706,3219595918736774
"HIP_RUNTIME_API_EXT","hipFree",2659034,2659034,2251,3219595918737326,3219595918748677
"HIP_RUNTIME_API_EXT","hipSetDevice",2659034,2659034,2252,3219595918749186,3219595918749255
"HIP_RUNTIME_API_EXT","hipFree",2659034,2659034,2253,3219595918749833,3219595918750897
"HIP_RUNTIME_API_EXT","hipSetDevice",2659034,2659034,2254,3219595918751286,3219595918751348
"HIP_RUNTIME_API_EXT","hipFree",2659034,2659034,2255,3219595918751695,3219595918752909
"HIP_RUNTIME_API_EXT","hipSetDevice",2659034,2659034,2256,3219595918753314,3219595918753373
"HIP_RUNTIME_API_EXT","hipFree",2659034,2659034,2257,3219595918753722,3219595918755077
"HIP_RUNTIME_API_EXT","hipSetDevice",2659034,2659034,2258,3219595918755472,3219595918755532
"HIP_RUNTIME_API_EXT","hipFree",2659034,2659034,2259,3219595918755886,3219595918757378
"HIP_RUNTIME_API_EXT","hipSetDevice",2659034,2659034,2260,3219595918757933,3219595918757992
"HIP_RUNTIME_API_EXT","hipMalloc",2659034,2659034,2261,3219595918758347,3219595918759483
"HIP_RUNTIME_API_EXT","hipSetDevice",2659034,2659034,2262,3219595918759893,3219595918759956
"HIP_RUNTIME_API_EXT","hipLaunchKernel",2659034,2659034,2263,3219595918760632,3219595918764676
"HIP_RUNTIME_API_EXT","hipGetLastError",2659034,2659034,2264,3219595918765340,3219595918765389
"HIP_RUNTIME_API_EXT","hipSetDevice",2659034,2659034,2265,3219595918765815,3219595918765881
"HIP_RUNTIME_API_EXT","hipFree",2659034,2659034,2266,3219595918766341,3219595918777479
"HIP_RUNTIME_API_EXT","hipSetDevice",2659034,2659034,2267,3219595918778588,3219595918778657
"HIP_RUNTIME_API_EXT","hipMalloc",2659034,2659034,2268,3219595918779027,3219595918779844
"HIP_RUNTIME_API_EXT","hipSetDevice",2659034,2659034,2269,3219595918780263,3219595918780329
"HIP_RUNTIME_API_EXT","hipLaunchKernel",2659034,2659034,2270,3219595918780941,3219595918784421
"HIP_RUNTIME_API_EXT","hipGetLastError",2659034,2659034,2271,3219595918784833,3219595918784882
"HIP_RUNTIME_API_EXT","hipSetDevice",2659034,2659034,2272,3219595918785636,3219595918785699
"HIP_RUNTIME_API_EXT","hipFree",2659034,2659034,2273,3219595918786109,3219595918803783
"HIP_RUNTIME_API_EXT","hipSetDevice",2659034,2659034,2274,3219595918804314,3219595918804386
"HIP_RUNTIME_API_EXT","hipFree",2659034,2659034,2275,3219595918804972,3219595918806106
"HIP_RUNTIME_API_EXT","hipSetDevice",2659034,2659034,2276,3219595918806572,3219595918806633
"HIP_RUNTIME_API_EXT","hipFree",2659034,2659034,2277,3219595918807059,3219595918808356
"HIP_RUNTIME_API_EXT","hipSetDevice",2659034,2659034,2278,3219595918808939,3219595918808999
"HIP_RUNTIME_API_EXT","hipFree",2659034,2659034,2279,3219595918809412,3219595918810718
"HIP_RUNTIME_API_EXT","hipSetDevice",2659034,2659034,2280,3219595918811356,3219595918811414
"HIP_RUNTIME_API_EXT","hipMemcpy",2659034,2659034,2281,3219595918811752,3219595918815978
"HIP_RUNTIME_API_EXT","hipSetDevice",2659034,2659034,2282,3219595918816685,3219595918816759
"HIP_RUNTIME_API_EXT","hipMemcpy",2659034,2659034,2283,3219595918817117,3219595918820578
"HIP_RUNTIME_API_EXT","hipSetDevice",2659034,2659034,2284,3219595918821221,3219595918821292
"HIP_RUNTIME_API_EXT","hipFree",2659034,2659034,2285,3219595918821672,3219595918833034
"HIP_RUNTIME_API_EXT","hipSetDevice",2659034,2659034,2286,3219595918835167,3219595918835240
"HIP_RUNTIME_API_EXT","hipMalloc",2659034,2659034,2287,3219595918835742,3219595918836658
"HIP_RUNTIME_API_EXT","hipSetDevice",2659034,2659034,2288,3219595918837344,3219595918837406
"HIP_RUNTIME_API_EXT","hipMemcpy",2659034,2659034,2289,3219595918837766,3219595918854910
"HIP_RUNTIME_API_EXT","hipSetDevice",2659034,2659034,2290,3219595918855785,3219595918855854
"HIP_RUNTIME_API_EXT","hipMalloc",2659034,2659034,2291,3219595918856219,3219595918857610
"HIP_RUNTIME_API_EXT","hipSetDevice",2659034,2659034,2292,3219595918858278,3219595918858343
"HIP_RUNTIME_API_EXT","hipLaunchKernel",2659034,2659034,2293,3219595918858960,3219595918862757
"HIP_RUNTIME_API_EXT","hipGetLastError",2659034,2659034,2294,3219595918863337,3219595918863394
"HIP_RUNTIME_API_EXT","hipSetDevice",2659034,2659034,2295,3219595918864078,3219595918864145
"HIP_RUNTIME_API_EXT","hipMalloc",2659034,2659034,2296,3219595918864794,3219595918866025
"HIP_RUNTIME_API_EXT","hipSetDevice",2659034,2659034,2297,3219595918866457,3219595918866520
"HIP_RUNTIME_API_EXT","hipLaunchKernel",2659034,2659034,2298,3219595918867110,3219595918871248
"HIP_RUNTIME_API_EXT","hipGetLastError",2659034,2659034,2299,3219595918871878,3219595918871928
"HIP_RUNTIME_API_EXT","hipSetDevice",2659034,2659034,2300,3219595918872710,3219595918872774
"HIP_RUNTIME_API_EXT","hipMalloc",2659034,2659034,2301,3219595918873367,3219595918874903
"HIP_RUNTIME_API_EXT","hipSetDevice",2659034,2659034,2302,3219595918875328,3219595918875389
"HIP_RUNTIME_API_EXT","hipLaunchKernel",2659034,2659034,2303,3219595918875931,3219595918879582
"HIP_RUNTIME_API_EXT","hipGetLastError",2659034,2659034,2304,3219595918880298,3219595918880346
"HIP_RUNTIME_API_EXT","hipSetDevice",2659034,2659034,2305,3219595918881453,3219595918881518
"HIP_RUNTIME_API_EXT","hipMalloc",2659034,2659034,2306,3219595918881880,3219595918883082
"HIP_RUNTIME_API_EXT","hipSetDevice",2659034,2659034,2307,3219595918883498,3219595918883558
"HIP_RUNTIME_API_EXT","hipLaunchKernel",2659034,2659034,2308,3219595918884310,3219595918888409
"HIP_RUNTIME_API_EXT","hipGetLastError",2659034,2659034,2309,3219595918888885,3219595918888934
"HIP_RUNTIME_API_EXT","hipSetDevice",2659034,2659034,2310,3219595918889653,3219595918889716
"HIP_RUNTIME_API_EXT","hipMalloc",2659034,2659034,2311,3219595918890265,3219595918891897
"HIP_RUNTIME_API_EXT","hipSetDevice",2659034,2659034,2312,3219595918892483,3219595918892548
"HIP_RUNTIME_API_EXT","hipLaunchKernel",2659034,2659034,2313,3219595918893112,3219595918897200
"HIP_RUNTIME_API_EXT","hipGetLastError",2659034,2659034,2314,3219595918897661,3219595918897711
"HIP_RUNTIME_API_EXT","hipSetDevice",2659034,2659034,2315,3219595918898712,3219595918898776
"HIP_RUNTIME_API_EXT","hipMalloc",2659034,2659034,2316,3219595918899127,3219595918900559
"HIP_RUNTIME_API_EXT","hipSetDevice",2659034,2659034,2317,3219595918901055,3219595918901114
"HIP_RUNTIME_API_EXT","hipLaunchKernel",2659034,2659034,2318,3219595918901725,3219595918905958
"HIP_RUNTIME_API_EXT","hipGetLastError",2659034,2659034,2319,3219595918906474,3219595918906524
"HIP_RUNTIME_API_EXT","hipSetDevice",2659034,2659034,2320,3219595918907519,3219595918907585
"HIP_RUNTIME_API_EXT","hipMalloc",2659034,2659034,2321,3219595918908085,3219595918909389
"HIP_RUNTIME_API_EXT","hipSetDevice",2659034,2659034,2322,3219595918909854,3219595918909916
"HIP_RUNTIME_API_EXT","hipLaunchKernel",2659034,2659034,2323,3219595918910490,3219595918914401
"HIP_RUNTIME_API_EXT","hipGetLastError",2659034,2659034,2324,3219595918914950,3219595918914997
"HIP_RUNTIME_API_EXT","hipSetDevice",2659034,2659034,2325,3219595918917666,3219595918917728
"HIP_RUNTIME_API_EXT","hipMalloc",2659034,2659034,2326,3219595918918244,3219595918919490
"HIP_RUNTIME_API_EXT","hipSetDevice",2659034,2659034,2327,3219595918919932,3219595918919998
"HIP_RUNTIME_API_EXT","hipLaunchKernel",2659034,2659034,2328,3219595918920643,3219595918924698
"HIP_RUNTIME_API_EXT","hipGetLastError",2659034,2659034,2329,3219595918925213,3219595918925258
"HIP_RUNTIME_API_EXT","hipSetDevice",2659034,2659034,2330,3219595918925907,3219595918925975
"HIP_RUNTIME_API_EXT","hipMalloc",2659034,2659034,2331,3219595918926377,3219595918927652
"HIP_RUNTIME_API_EXT","hipSetDevice",2659034,2659034,2332,3219595918928316,3219595918928384
"HIP_RUNTIME_API_EXT","hipLaunchKernel",2659034,2659034,2333,3219595918928991,3219595918932877
"HIP_RUNTIME_API_EXT","hipGetLastError",2659034,2659034,2334,3219595918933830,3219595918933878
"HIP_RUNTIME_API_EXT","hipSetDevice",2659034,2659034,2335,3219595918934314,3219595918934373
"HIP_RUNTIME_API_EXT","hipFree",2659034,2659034,2336,3219595918934781,3219595918950656
"HIP_RUNTIME_API_EXT","hipSetDevice",2659034,2659034,2337,3219595918953007,3219595918953077
"HIP_RUNTIME_API_EXT","hipMalloc",2659034,2659034,2338,3219595918953445,3219595918954669
"HIP_RUNTIME_API_EXT","hipSetDevice",2659034,2659034,2339,3219595918955277,3219595918955340
"HIP_RUNTIME_API_EXT","hipLaunchKernel",2659034,2659034,2340,3219595918955931,3219595918960351
"HIP_RUNTIME_API_EXT","hipGetLastError",2659034,2659034,2341,3219595918960822,3219595918960879
"HIP_RUNTIME_API_EXT","hipSetDevice",2659034,2659034,2342,3219595918961464,3219595918961534
"HIP_RUNTIME_API_EXT","hipFree",2659034,2659034,2343,3219595918961989,3219595918973622
"HIP_RUNTIME_API_EXT","hipSetDevice",2659034,2659034,2344,3219595918974701,3219595918974770
"HIP_RUNTIME_API_EXT","hipMalloc",2659034,2659034,2345,3219595918975266,3219595918976664
"HIP_RUNTIME_API_EXT","hipSetDevice",2659034,2659034,2346,3219595918977422,3219595918977482
"HIP_RUNTIME_API_EXT","hipMemcpy",2659034,2659034,2347,3219595918977949,3219595918981784
"HIP_RUNTIME_API_EXT","hipSetDevice",2659034,2659034,2348,3219595918982344,3219595918982413
"HIP_RUNTIME_API_EXT","hipMemcpy",2659034,2659034,2349,3219595918982924,3219595918986506
"HIP_RUNTIME_API_EXT","hipSetDevice",2659034,2659034,2350,3219595918987445,3219595918987523
"HIP_RUNTIME_API_EXT","hipMalloc",2659034,2659034,2351,3219595918988024,3219595918989710
"HIP_RUNTIME_API_EXT","hipSetDevice",2659034,2659034,2352,3219595918990477,3219595918990542
"HIP_RUNTIME_API_EXT","hipMemcpy",2659034,2659034,2353,3219595918990988,3219595918995562
"HIP_RUNTIME_API_EXT","hipSetDevice",2659034,2659034,2354,3219595918996161,3219595918996226
"HIP_RUNTIME_API_EXT","hipMemcpy",2659034,2659034,2355,3219595918996764,3219595919000163
"HIP_RUNTIME_API_EXT","hipSetDevice",2659034,2659034,2356,3219595919000955,3219595919001023
"HIP_RUNTIME_API_EXT","hipMalloc",2659034,2659034,2357,3219595919001533,3219595919004143
"HIP_RUNTIME_API_EXT","hipSetDevice",2659034,2659034,2358,3219595919004859,3219595919004921
"HIP_RUNTIME_API_EXT","hipLaunchKernel",2659034,2659034,2359,3219595919005624,3219595919010165
"HIP_RUNTIME_API_EXT","hipGetLastError",2659034,2659034,2360,3219595919010704,3219595919010764
"HIP_RUNTIME_API_EXT","hipSetDevice",2659034,2659034,2361,3219595919011407,3219595919011475
"HIP_RUNTIME_API_EXT","hipMalloc",2659034,2659034,2362,3219595919011851,3219595919013085
"HIP_RUNTIME_API_EXT","hipSetDevice",2659034,2659034,2363,3219595919013528,3219595919013591
"HIP_RUNTIME_API_EXT","hipLaunchKernel",2659034,2659034,2364,3219595919014181,3219595919017701
"HIP_RUNTIME_API_EXT","hipGetLastError",2659034,2659034,2365,3219595919018240,3219595919018285
"HIP_RUNTIME_API_EXT","hipSetDevice",2659034,2659034,2366,3219595919018896,3219595919018966
"HIP_RUNTIME_API_EXT","hipFree",2659034,2659034,2367,3219595919019390,3219595919031218
"HIP_RUNTIME_API_EXT","hipSetDevice",2659034,2659034,2368,3219595919032455,3219595919032521
"HIP_RUNTIME_API_EXT","hipMalloc",2659034,2659034,2369,3219595919032999,3219595919033913
"HIP_RUNTIME_API_EXT","hipSetDevice",2659034,2659034,2370,3219595919034339,3219595919034402
"HIP_RUNTIME_API_EXT","hipLaunchKernel",2659034,2659034,2371,3219595919035021,3219595919039168
"HIP_RUNTIME_API_EXT","hipGetLastError",2659034,2659034,2372,3219595919039766,3219595919039810
"HIP_RUNTIME_API_EXT","hipSetDevice",2659034,2659034,2373,3219595919040674,3219595919040734
"HIP_RUNTIME_API_EXT","hipFree",2659034,2659034,2374,3219595919041115,3219595919058621
"HIP_RUNTIME_API_EXT","hipSetDevice",2659034,2659034,2375,3219595919059146,3219595919059211
"HIP_RUNTIME_API_EXT","hipFree",2659034,2659034,2376,3219595919059566,3219595919060961
"HIP_RUNTIME_API_EXT","hipSetDevice",2659034,2659034,2377,3219595919061401,3219595919061463
"HIP_RUNTIME_API_EXT","hipFree",2659034,2659034,2378,3219595919061920,3219595919063381
"HIP_RUNTIME_API_EXT","hipSetDevice",2659034,2659034,2379,3219595919063843,3219595919063906
"HIP_RUNTIME_API_EXT","hipFree",2659034,2659034,2380,3219595919064310,3219595919065605
"HIP_RUNTIME_API_EXT","hipSetDevice",2659034,2659034,2381,3219595919066135,3219595919066192
"HIP_RUNTIME_API_EXT","hipFree",2659034,2659034,2382,3219595919066547,3219595919067785
"HIP_RUNTIME_API_EXT","hipSetDevice",2659034,2659034,2383,3219595919068206,3219595919068268
"HIP_RUNTIME_API_EXT","hipFree",2659034,2659034,2384,3219595919068614,3219595919069697
"HIP_RUNTIME_API_EXT","hipSetDevice",2659034,2659034,2385,3219595919070140,3219595919070202
"HIP_RUNTIME_API_EXT","hipFree",2659034,2659034,2386,3219595919070584,3219595919071717
"HIP_RUNTIME_API_EXT","hipSetDevice",2659034,2659034,2387,3219595919072321,3219595919072380
"HIP_RUNTIME_API_EXT","hipMalloc",2659034,2659034,2388,3219595919072764,3219595919073809
"HIP_RUNTIME_API_EXT","hipSetDevice",2659034,2659034,2389,3219595919074244,3219595919074309
"HIP_RUNTIME_API_EXT","hipLaunchKernel",2659034,2659034,2390,3219595919074921,3219595919088639
"HIP_RUNTIME_API_EXT","hipGetLastError",2659034,2659034,2391,3219595919089218,3219595919089263
"HIP_RUNTIME_API_EXT","hipSetDevice",2659034,2659034,2392,3219595919089735,3219595919089802
"HIP_RUNTIME_API_EXT","hipFree",2659034,2659034,2393,3219595919090227,3219595919101781
"HIP_RUNTIME_API_EXT","hipSetDevice",2659034,2659034,2394,3219595919102283,3219595919102353
"HIP_RUNTIME_API_EXT","hipFree",2659034,2659034,2395,3219595919102881,3219595919104204
"HIP_RUNTIME_API_EXT","hipSetDevice",2659034,2659034,2396,3219595919105057,3219595919105124
"HIP_RUNTIME_API_EXT","hipMalloc",2659034,2659034,2397,3219595919105540,3219595919106496
"HIP_RUNTIME_API_EXT","hipSetDevice",2659034,2659034,2398,3219595919107011,3219595919107079
"HIP_RUNTIME_API_EXT","hipLaunchKernel",2659034,2659034,2399,3219595919107720,3219595919111749
"HIP_RUNTIME_API_EXT","hipGetLastError",2659034,2659034,2400,3219595919112363,3219595919112415
"HIP_RUNTIME_API_EXT","hipSetDevice",2659034,2659034,2401,3219595919113469,3219595919113529
"HIP_RUNTIME_API_EXT","hipMalloc",2659034,2659034,2402,3219595919114084,3219595919115212
"HIP_RUNTIME_API_EXT","hipSetDevice",2659034,2659034,2403,3219595919115655,3219595919115716
"HIP_RUNTIME_API_EXT","hipLaunchKernel",2659034,2659034,2404,3219595919116438,3219595919119895
"HIP_RUNTIME_API_EXT","hipGetLastError",2659034,2659034,2405,3219595919120326,3219595919120371
"HIP_RUNTIME_API_EXT","hipSetDevice",2659034,2659034,2406,3219595919121300,3219595919121361
"HIP_RUNTIME_API_EXT","hipMalloc",2659034,2659034,2407,3219595919122228,3219595919124930
"HIP_RUNTIME_API_EXT","hipSetDevice",2659034,2659034,2408,3219595919125358,3219595919125419
"HIP_RUNTIME_API_EXT","hipLaunchKernel",2659034,2659034,2409,3219595919126078,3219595919130021
"HIP_RUNTIME_API_EXT","hipGetLastError",2659034,2659034,2410,3219595919130471,3219595919130519
"HIP_RUNTIME_API_EXT","hipSetDevice",2659034,2659034,2411,3219595919131087,3219595919131148
"HIP_RUNTIME_API_EXT","hipMalloc",2659034,2659034,2412,3219595919131532,3219595919132623
"HIP_RUNTIME_API_EXT","hipSetDevice",2659034,2659034,2413,3219595919133044,3219595919133108
"HIP_RUNTIME_API_EXT","hipLaunchKernel",2659034,2659034,2414,3219595919133693,3219595919137978
"HIP_RUNTIME_API_EXT","hipGetLastError",2659034,2659034,2415,3219595919138636,3219595919138689
"HIP_RUNTIME_API_EXT","hipSetDevice",2659034,2659034,2416,3219595919139102,3219595919139169
"HIP_RUNTIME_API_EXT","hipFree",2659034,2659034,2417,3219595919139557,3219595919153417
"HIP_RUNTIME_API_EXT","hipSetDevice",2659034,2659034,2418,3219595919153847,3219595919153909
"HIP_RUNTIME_API_EXT","hipFree",2659034,2659034,2419,3219595919154356,3219595919155468
"HIP_RUNTIME_API_EXT","hipSetDevice",2659034,2659034,2420,3219595919156434,3219595919156500
"HIP_RUNTIME_API_EXT","hipMalloc",2659034,2659034,2421,3219595919156919,3219595919157925
"HIP_RUNTIME_API_EXT","hipSetDevice",2659034,2659034,2422,3219595919158328,3219595919158391
"HIP_RUNTIME_API_EXT","hipLaunchKernel",2659034,2659034,2423,3219595919158954,3219595919180905
"HIP_RUNTIME_API_EXT","hipGetLastError",2659034,2659034,2424,3219595919181348,3219595919181395
"HIP_RUNTIME_API_EXT","hipSetDevice",2659034,2659034,2425,3219595919182183,3219595919182244
"HIP_RUNTIME_API_EXT","hipFree",2659034,2659034,2426,3219595919182802,3219595919207386
"HIP_RUNTIME_API_EXT","hipSetDevice",2659034,2659034,2427,3219595919247868,3219595919247996
"HIP_RUNTIME_API_EXT","hipMalloc",2659034,2659034,2428,3219595919248673,3219595919250376
"HIP_RUNTIME_API_EXT","hipSetDevice",2659034,2659034,2429,3219595919250972,3219595919251037
"HIP_RUNTIME_API_EXT","hipLaunchKernel",2659034,2659034,2430,3219595919251992,3219595919256281
"HIP_RUNTIME_API_EXT","hipGetLastError",2659034,2659034,2431,3219595919256901,3219595919257003
"HIP_RUNTIME_API_EXT","hipSetDevice",2659034,2659034,2432,3219595919257473,3219595919257538
"HIP_RUNTIME_API_EXT","hipFree",2659034,2659034,2433,3219595919258186,3219595919268941
"HIP_RUNTIME_API_EXT","hipSetDevice",2659034,2659034,2434,3219595919269435,3219595919269498
"HIP_RUNTIME_API_EXT","hipFree",2659034,2659034,2435,3219595919270190,3219595919271282
"HIP_RUNTIME_API_EXT","hipSetDevice",2659034,2659034,2436,3219595919271731,3219595919271789
"HIP_RUNTIME_API_EXT","hipFree",2659034,2659034,2437,3219595919272154,3219595919273461
"HIP_RUNTIME_API_EXT","hipSetDevice",2659034,2659034,2438,3219595919273855,3219595919273914
"HIP_RUNTIME_API_EXT","hipFree",2659034,2659034,2439,3219595919274276,3219595919275679
"HIP_RUNTIME_API_EXT","hipSetDevice",2659034,2659034,2440,3219595919276331,3219595919276393
"HIP_RUNTIME_API_EXT","hipMalloc",2659034,2659034,2441,3219595919276830,3219595919277834
"HIP_RUNTIME_API_EXT","hipSetDevice",2659034,2659034,2442,3219595919278254,3219595919278316
"HIP_RUNTIME_API_EXT","hipLaunchKernel",2659034,2659034,2443,3219595919278904,3219595919282624
"HIP_RUNTIME_API_EXT","hipGetLastError",2659034,2659034,2444,3219595919283094,3219595919283148
"HIP_RUNTIME_API_EXT","hipSetDevice",2659034,2659034,2445,3219595919283869,3219595919283941
"HIP_RUNTIME_API_EXT","hipMalloc",2659034,2659034,2446,3219595919284426,3219595919285444
"HIP_RUNTIME_API_EXT","hipSetDevice",2659034,2659034,2447,3219595919285890,3219595919285953
"HIP_RUNTIME_API_EXT","hipLaunchKernel",2659034,2659034,2448,3219595919286523,3219595919290139
"HIP_RUNTIME_API_EXT","hipGetLastError",2659034,2659034,2449,3219595919291754,3219595919291804
"HIP_RUNTIME_API_EXT","hipSetDevice",2659034,2659034,2450,3219595919292576,3219595919292642
"HIP_RUNTIME_API_EXT","hipMalloc",2659034,2659034,2451,3219595919295829,3219595919296907
"HIP_RUNTIME_API_EXT","hipSetDevice",2659034,2659034,2452,3219595919297467,3219595919297528
"HIP_RUNTIME_API_EXT","hipLaunchKernel",2659034,2659034,2453,3219595919298286,3219595919301829
"HIP_RUNTIME_API_EXT","hipGetLastError",2659034,2659034,2454,3219595919302292,3219595919302345
"HIP_RUNTIME_API_EXT","hipSetDevice",2659034,2659034,2455,3219595919303174,3219595919303239
"HIP_RUNTIME_API_EXT","hipMalloc",2659034,2659034,2456,3219595919303707,3219595919304954
"HIP_RUNTIME_API_EXT","hipSetDevice",2659034,2659034,2457,3219595919305605,3219595919305669
"HIP_RUNTIME_API_EXT","hipLaunchKernel",2659034,2659034,2458,3219595919306242,3219595919310041
"HIP_RUNTIME_API_EXT","hipGetLastError",2659034,2659034,2459,3219595919310514,3219595919310564
"HIP_RUNTIME_API_EXT","hipSetDevice",2659034,2659034,2460,3219595919311602,3219595919311667
"HIP_RUNTIME_API_EXT","hipMalloc",2659034,2659034,2461,3219595919312036,3219595919313145
"HIP_RUNTIME_API_EXT","hipSetDevice",2659034,2659034,2462,3219595919313845,3219595919313909
"HIP_RUNTIME_API_EXT","hipLaunchKernel",2659034,2659034,2463,3219595919314877,3219595919321698
"HIP_RUNTIME_API_EXT","hipGetLastError",2659034,2659034,2464,3219595919322225,3219595919322279
"HIP_RUNTIME_API_EXT","hipSetDevice",2659034,2659034,2465,3219595919323507,3219595919323586
"HIP_RUNTIME_API_EXT","hipMalloc",2659034,2659034,2466,3219595919324114,3219595919338961
"HIP_RUNTIME_API_EXT","hipSetDevice",2659034,2659034,2467,3219595919342080,3219595919342193
"HIP_RUNTIME_API_EXT","hipLaunchKernel",2659034,2659034,2468,3219595919343031,3219595919354905
"HIP_RUNTIME_API_EXT","hipGetLastError",2659034,2659034,2469,3219595919355471,3219595919355573
"HIP_RUNTIME_API_EXT","hipSetDevice",2659034,2659034,2470,3219595919356637,3219595919356702
"HIP_RUNTIME_API_EXT","hipMalloc",2659034,2659034,2471,3219595919358198,3219595919360537
"HIP_RUNTIME_API_EXT","hipSetDevice",2659034,2659034,2472,3219595919361025,3219595919361091
"HIP_RUNTIME_API_EXT","hipLaunchKernel",2659034,2659034,2473,3219595919361913,3219595919373425
"HIP_RUNTIME_API_EXT","hipGetLastError",2659034,2659034,2474,3219595919374185,3219595919374286
"HIP_RUNTIME_API_EXT","hipSetDevice",2659034,2659034,2475,3219595919374880,3219595919374943
"HIP_RUNTIME_API_EXT","hipMalloc",2659034,2659034,2476,3219595919375388,3219595919376924
"HIP_RUNTIME_API_EXT","hipSetDevice",2659034,2659034,2477,3219595919377403,3219595919377467
"HIP_RUNTIME_API_EXT","hipLaunchKernel",2659034,2659034,2478,3219595919378188,3219595919385615
"HIP_RUNTIME_API_EXT","hipGetLastError",2659034,2659034,2479,3219595919386146,3219595919386194
"HIP_RUNTIME_API_EXT","hipSetDevice",2659034,2659034,2480,3219595919386609,3219595919386671
"HIP_RUNTIME_API_EXT","hipFree",2659034,2659034,2481,3219595919387087,3219595919404091
"HIP_RUNTIME_API_EXT","hipSetDevice",2659034,2659034,2482,3219595919406455,3219595919406528
"HIP_RUNTIME_API_EXT","hipMalloc",2659034,2659034,2483,3219595919407141,3219595919408073
"HIP_RUNTIME_API_EXT","hipSetDevice",2659034,2659034,2484,3219595919408535,3219595919408601
"HIP_RUNTIME_API_EXT","hipLaunchKernel",2659034,2659034,2485,3219595919409233,3219595919413433
"HIP_RUNTIME_API_EXT","hipGetLastError",2659034,2659034,2486,3219595919413934,3219595919413988
"HIP_RUNTIME_API_EXT","hipSetDevice",2659034,2659034,2487,3219595919414460,3219595919414529
"HIP_RUNTIME_API_EXT","hipFree",2659034,2659034,2488,3219595919414923,3219595919426467
"HIP_RUNTIME_API_EXT","hipSetDevice",2659034,2659034,2489,3219595919427675,3219595919427747
"HIP_RUNTIME_API_EXT","hipMalloc",2659034,2659034,2490,3219595919428267,3219595919429739
"HIP_RUNTIME_API_EXT","hipSetDevice",2659034,2659034,2491,3219595919430585,3219595919430651
"HIP_RUNTIME_API_EXT","hipMemcpy",2659034,2659034,2492,3219595919431155,3219595919435452
"HIP_RUNTIME_API_EXT","hipSetDevice",2659034,2659034,2493,3219595919435985,3219595919436061
"HIP_RUNTIME_API_EXT","hipMemcpy",2659034,2659034,2494,3219595919436707,3219595919440336
"HIP_RUNTIME_API_EXT","hipSetDevice",2659034,2659034,2495,3219595919441271,3219595919441353
"HIP_RUNTIME_API_EXT","hipMalloc",2659034,2659034,2496,3219595919441761,3219595919444375
"HIP_RUNTIME_API_EXT","hipSetDevice",2659034,2659034,2497,3219595919445227,3219595919445307
"HIP_RUNTIME_API_EXT","hipMemcpy",2659034,2659034,2498,3219595919445926,3219595919449919
"HIP_RUNTIME_API_EXT","hipSetDevice",2659034,2659034,2499,3219595919450442,3219595919450520
"HIP_RUNTIME_API_EXT","hipMemcpy",2659034,2659034,2500,3219595919450904,3219595919454761
"HIP_RUNTIME_API_EXT","hipSetDevice",2659034,2659034,2501,3219595919455415,3219595919455498
"HIP_RUNTIME_API_EXT","hipMalloc",2659034,2659034,2502,3219595919455879,3219595919457279
"HIP_RUNTIME_API_EXT","hipSetDevice",2659034,2659034,2503,3219595919457745,3219595919457812
"HIP_RUNTIME_API_EXT","hipLaunchKernel",2659034,2659034,2504,3219595919458844,3219595919463382
"HIP_RUNTIME_API_EXT","hipGetLastError",2659034,2659034,2505,3219595919464029,3219595919464081
"HIP_RUNTIME_API_EXT","hipSetDevice",2659034,2659034,2506,3219595919464751,3219595919464820
"HIP_RUNTIME_API_EXT","hipMalloc",2659034,2659034,2507,3219595919465227,3219595919466409
"HIP_RUNTIME_API_EXT","hipSetDevice",2659034,2659034,2508,3219595919466973,3219595919467039
"HIP_RUNTIME_API_EXT","hipLaunchKernel",2659034,2659034,2509,3219595919467799,3219595919471929
"HIP_RUNTIME_API_EXT","hipGetLastError",2659034,2659034,2510,3219595919472393,3219595919472444
"HIP_RUNTIME_API_EXT","hipSetDevice",2659034,2659034,2511,3219595919473161,3219595919473225
"HIP_RUNTIME_API_EXT","hipFree",2659034,2659034,2512,3219595919473805,3219595919485772
"HIP_RUNTIME_API_EXT","hipSetDevice",2659034,2659034,2513,3219595919486474,3219595919486545
"HIP_RUNTIME_API_EXT","hipMalloc",2659034,2659034,2514,3219595919486937,3219595919487922
"HIP_RUNTIME_API_EXT","hipSetDevice",2659034,2659034,2515,3219595919488471,3219595919488540
"HIP_RUNTIME_API_EXT","hipLaunchKernel",2659034,2659034,2516,3219595919489415,3219595919493658
"HIP_RUNTIME_API_EXT","hipGetLastError",2659034,2659034,2517,3219595919494281,3219595919494329
"HIP_RUNTIME_API_EXT","hipSetDevice",2659034,2659034,2518,3219595919495025,3219595919495092
"HIP_RUNTIME_API_EXT","hipFree",2659034,2659034,2519,3219595919495494,3219595919513079
"HIP_RUNTIME_API_EXT","hipSetDevice",2659034,2659034,2520,3219595919513636,3219595919513704
"HIP_RUNTIME_API_EXT","hipFree",2659034,2659034,2521,3219595919515554,3219595919516635
"HIP_RUNTIME_API_EXT","hipSetDevice",2659034,2659034,2522,3219595919517125,3219595919517180
"HIP_RUNTIME_API_EXT","hipFree",2659034,2659034,2523,3219595919517676,3219595919518812
"HIP_RUNTIME_API_EXT","hipSetDevice",2659034,2659034,2524,3219595919519292,3219595919519352
"HIP_RUNTIME_API_EXT","hipFree",2659034,2659034,2525,3219595919519852,3219595919520965
"HIP_RUNTIME_API_EXT","hipSetDevice",2659034,2659034,2526,3219595919521341,3219595919521394
"HIP_RUNTIME_API_EXT","hipFree",2659034,2659034,2527,3219595919521705,3219595919523041
"HIP_RUNTIME_API_EXT","hipSetDevice",2659034,2659034,2528,3219595919523582,3219595919523637
"HIP_RUNTIME_API_EXT","hipFree",2659034,2659034,2529,3219595919524028,3219595919525201
"HIP_RUNTIME_API_EXT","hipSetDevice",2659034,2659034,2530,3219595919525603,3219595919525659
"HIP_RUNTIME_API_EXT","hipFree",2659034,2659034,2531,3219595919526043,3219595919527192
"HIP_RUNTIME_API_EXT","hipSetDevice",2659034,2659034,2532,3219595919527841,3219595919527901
"HIP_RUNTIME_API_EXT","hipMalloc",2659034,2659034,2533,3219595919528227,3219595919529069
"HIP_RUNTIME_API_EXT","hipSetDevice",2659034,2659034,2534,3219595919529509,3219595919529567
"HIP_RUNTIME_API_EXT","hipLaunchKernel",2659034,2659034,2535,3219595919530184,3219595919534715
"HIP_RUNTIME_API_EXT","hipGetLastError",2659034,2659034,2536,3219595919535156,3219595919535255
"HIP_RUNTIME_API_EXT","hipSetDevice",2659034,2659034,2537,3219595919535617,3219595919535675
"HIP_RUNTIME_API_EXT","hipFree",2659034,2659034,2538,3219595919536029,3219595919547145
"HIP_RUNTIME_API_EXT","hipSetDevice",2659034,2659034,2539,3219595919547562,3219595919547620
"HIP_RUNTIME_API_EXT","hipFree",2659034,2659034,2540,3219595919548198,3219595919549501
"HIP_RUNTIME_API_EXT","hipSetDevice",2659034,2659034,2541,3219595919550145,3219595919550202
"HIP_RUNTIME_API_EXT","hipMalloc",2659034,2659034,2542,3219595919550616,3219595919551554
"HIP_RUNTIME_API_EXT","hipSetDevice",2659034,2659034,2543,3219595919551965,3219595919552020
"HIP_RUNTIME_API_EXT","hipLaunchKernel",2659034,2659034,2544,3219595919552526,3219595919556425
"HIP_RUNTIME_API_EXT","hipGetLastError",2659034,2659034,2545,3219595919557141,3219595919557191
"HIP_RUNTIME_API_EXT","hipSetDevice",2659034,2659034,2546,3219595919557830,3219595919557885
"HIP_RUNTIME_API_EXT","hipMalloc",2659034,2659034,2547,3219595919558324,3219595919559289
"HIP_RUNTIME_API_EXT","hipSetDevice",2659034,2659034,2548,3219595919559658,3219595919559714
"HIP_RUNTIME_API_EXT","hipLaunchKernel",2659034,2659034,2549,3219595919560222,3219595919563455
"HIP_RUNTIME_API_EXT","hipGetLastError",2659034,2659034,2550,3219595919563938,3219595919563980
"HIP_RUNTIME_API_EXT","hipSetDevice",2659034,2659034,2551,3219595919564597,3219595919564651
"HIP_RUNTIME_API_EXT","hipMalloc",2659034,2659034,2552,3219595919565014,3219595919566024
"HIP_RUNTIME_API_EXT","hipSetDevice",2659034,2659034,2553,3219595919566795,3219595919566850
"HIP_RUNTIME_API_EXT","hipLaunchKernel",2659034,2659034,2554,3219595919567416,3219595919571256
"HIP_RUNTIME_API_EXT","hipGetLastError",2659034,2659034,2555,3219595919571620,3219595919571671
"HIP_RUNTIME_API_EXT","hipSetDevice",2659034,2659034,2556,3219595919572162,3219595919572221
"HIP_RUNTIME_API_EXT","hipMalloc",2659034,2659034,2557,3219595919572675,3219595919573884
"HIP_RUNTIME_API_EXT","hipSetDevice",2659034,2659034,2558,3219595919574414,3219595919574471
"HIP_RUNTIME_API_EXT","hipLaunchKernel",2659034,2659034,2559,3219595919575000,3219595919578201
"HIP_RUNTIME_API_EXT","hipGetLastError",2659034,2659034,2560,3219595919578841,3219595919578884
"HIP_RUNTIME_API_EXT","hipSetDevice",2659034,2659034,2561,3219595919579537,3219595919579591
"HIP_RUNTIME_API_EXT","hipFree",2659034,2659034,2562,3219595919579929,3219595919595688
"HIP_RUNTIME_API_EXT","hipSetDevice",2659034,2659034,2563,3219595919596415,3219595919596471
"HIP_RUNTIME_API_EXT","hipFree",2659034,2659034,2564,3219595919596804,3219595919597792
"HIP_RUNTIME_API_EXT","hipSetDevice",2659034,2659034,2565,3219595919598581,3219595919598636
"HIP_RUNTIME_API_EXT","hipMalloc",2659034,2659034,2566,3219595919598975,3219595919599892
"HIP_RUNTIME_API_EXT","hipSetDevice",2659034,2659034,2567,3219595919600354,3219595919600410
"HIP_RUNTIME_API_EXT","hipLaunchKernel",2659034,2659034,2568,3219595919601032,3219595919604538
"HIP_RUNTIME_API_EXT","hipGetLastError",2659034,2659034,2569,3219595919604944,3219595919604988
"HIP_RUNTIME_API_EXT","hipSetDevice",2659034,2659034,2570,3219595919605476,3219595919605536
"HIP_RUNTIME_API_EXT","hipFree",2659034,2659034,2571,3219595919605875,3219595919630943
"HIP_RUNTIME_API_EXT","hipSetDevice",2659034,2659034,2572,3219595919631895,3219595919631954
"HIP_RUNTIME_API_EXT","hipMalloc",2659034,2659034,2573,3219595919632290,3219595919633071
"HIP_RUNTIME_API_EXT","hipSetDevice",2659034,2659034,2574,3219595919633467,3219595919633525
"HIP_RUNTIME_API_EXT","hipLaunchKernel",2659034,2659034,2575,3219595919634170,3219595919637943
"HIP_RUNTIME_API_EXT","hipGetLastError",2659034,2659034,2576,3219595919638344,3219595919638390
"HIP_RUNTIME_API_EXT","hipSetDevice",2659034,2659034,2577,3219595919638908,3219595919638970
"HIP_RUNTIME_API_EXT","hipFree",2659034,2659034,2578,3219595919639307,3219595919653637
"HIP_RUNTIME_API_EXT","hipSetDevice",2659034,2659034,2579,3219595919654037,3219595919654097
"HIP_RUNTIME_API_EXT","hipFree",2659034,2659034,2580,3219595919654497,3219595919656833
"HIP_RUNTIME_API_EXT","hipSetDevice",2659034,2659034,2581,3219595919657310,3219595919657370
"HIP_RUNTIME_API_EXT","hipFree",2659034,2659034,2582,3219595919657697,3219595919658793
"HIP_RUNTIME_API_EXT","hipSetDevice",2659034,2659034,2583,3219595919659155,3219595919659209
"HIP_RUNTIME_API_EXT","hipFree",2659034,2659034,2584,3219595919659620,3219595919660859
"HIP_RUNTIME_API_EXT","hipSetDevice",2659034,2659034,2585,3219595919661468,3219595919661523
"HIP_RUNTIME_API_EXT","hipMalloc",2659034,2659034,2586,3219595919661850,3219595919662716
"HIP_RUNTIME_API_EXT","hipSetDevice",2659034,2659034,2587,3219595919663169,3219595919663224
"HIP_RUNTIME_API_EXT","hipLaunchKernel",2659034,2659034,2588,3219595919663807,3219595919667599
"HIP_RUNTIME_API_EXT","hipGetLastError",2659034,2659034,2589,3219595919668023,3219595919668067
"HIP_RUNTIME_API_EXT","hipSetDevice",2659034,2659034,2590,3219595919668417,3219595919668479
"HIP_RUNTIME_API_EXT","hipFree",2659034,2659034,2591,3219595919668943,3219595919680166
"HIP_RUNTIME_API_EXT","hipSetDevice",2659034,2659034,2592,3219595919681601,3219595919681668
"HIP_RUNTIME_API_EXT","hipMalloc",2659034,2659034,2593,3219595919682027,3219595919683036
"HIP_RUNTIME_API_EXT","hipSetDevice",2659034,2659034,2594,3219595919683509,3219595919683570
"HIP_RUNTIME_API_EXT","hipLaunchKernel",2659034,2659034,2595,3219595919684081,3219595919687898
"HIP_RUNTIME_API_EXT","hipGetLastError",2659034,2659034,2596,3219595919688312,3219595919688361
"HIP_RUNTIME_API_EXT","hipSetDevice",2659034,2659034,2597,3219595919689083,3219595919689146
"HIP_RUNTIME_API_EXT","hipFree",2659034,2659034,2598,3219595919689527,3219595919707157
"HIP_RUNTIME_API_EXT","hipSetDevice",2659034,2659034,2599,3219595919707597,3219595919707653
"HIP_RUNTIME_API_EXT","hipFree",2659034,2659034,2600,3219595919708524,3219595919709742
"HIP_RUNTIME_API_EXT","hipSetDevice",2659034,2659034,2601,3219595919710653,3219595919710712
"HIP_RUNTIME_API_EXT","hipMemcpy",2659034,2659034,2602,3219595919711022,3219595919725053
"HIP_RUNTIME_API_EXT","hipSetDevice",2659034,2659034,2603,3219595919725534,3219595919725594
"HIP_RUNTIME_API_EXT","hipMemcpy",2659034,2659034,2604,3219595919726056,3219595919729943
"HIP_RUNTIME_API_EXT","hipSetDevice",2659034,2659034,2605,3219595919730400,3219595919730463
"HIP_RUNTIME_API_EXT","hipMemcpy",2659034,2659034,2606,3219595919730918,3219595919735301
"HIP_RUNTIME_API_EXT","hipSetDevice",2659034,2659034,2607,3219595919735750,3219595919735813
"HIP_RUNTIME_API_EXT","hipMemcpy",2659034,2659034,2608,3219595919736262,3219595919740265
"HIP_RUNTIME_API_EXT","hipSetDevice",2659034,2659034,2609,3219595919740918,3219595919740988
"HIP_RUNTIME_API_EXT","hipMemcpy",2659034,2659034,2610,3219595919741313,3219595919745507
"HIP_RUNTIME_API_EXT","hipSetDevice",2659034,2659034,2611,3219595919745876,3219595919745934
"HIP_RUNTIME_API_EXT","hipMemcpy",2659034,2659034,2612,3219595919746332,3219595919750271
"HIP_RUNTIME_API_EXT","hipSetDevice",2659034,2659034,2613,3219595919750680,3219595919750742
"HIP_RUNTIME_API_EXT","hipMemcpy",2659034,2659034,2614,3219595919751308,3219595919755282
"HIP_RUNTIME_API_EXT","hipSetDevice",2659034,2659034,2615,3219595919755666,3219595919755729
"HIP_RUNTIME_API_EXT","hipMemcpy",2659034,2659034,2616,3219595919756058,3219595919760001
"HIP_RUNTIME_API_EXT","hipSetDevice",2659034,2659034,2617,3219595919760496,3219595919760557
"HIP_RUNTIME_API_EXT","hipFree",2659034,2659034,2618,3219595919760884,3219595919774530
"HIP_RUNTIME_API_EXT","hipSetDevice",2659034,2659034,2619,3219595919774987,3219595919775046
"HIP_RUNTIME_API_EXT","hipFree",2659034,2659034,2620,3219595919775367,3219595919776858
"HIP_RUNTIME_API_EXT","hipSetDevice",2659034,2659034,2621,3219595919777261,3219595919777313
"HIP_RUNTIME_API_EXT","hipFree",2659034,2659034,2622,3219595919777892,3219595919779125
"HIP_RUNTIME_API_EXT","hipSetDevice",2659034,2659034,2623,3219595919779528,3219595919779583
"HIP_RUNTIME_API_EXT","hipFree",2659034,2659034,2624,3219595919779889,3219595919781162
"HIP_RUNTIME_API_EXT","hipSetDevice",2659034,2659034,2625,3219595919783117,3219595919783172
"HIP_RUNTIME_API_EXT","hipMemcpy",2659034,2659034,2626,3219595919783493,3219595919787835
"HIP_RUNTIME_API_EXT","hipSetDevice",2659034,2659034,2627,3219595919788210,3219595919788269
"HIP_RUNTIME_API_EXT","hipFree",2659034,2659034,2628,3219595919788590,3219595919799999
"HIP_RUNTIME_API_EXT","hipSetDevice",2659034,2659034,2629,3219595919801389,3219595919801446
"HIP_RUNTIME_API_EXT","hipMalloc",2659034,2659034,2630,3219595919801796,3219595919802639
"HIP_RUNTIME_API_EXT","hipSetDevice",2659034,2659034,2631,3219595919803056,3219595919803114
"HIP_RUNTIME_API_EXT","hipMemcpy",2659034,2659034,2632,3219595919803446,3219595919819898
"HIP_RUNTIME_API_EXT","hipSetDevice",2659034,2659034,2633,3219595919820869,3219595919820927
"HIP_RUNTIME_API_EXT","hipMalloc",2659034,2659034,2634,3219595919821374,3219595919822417
"HIP_RUNTIME_API_EXT","hipSetDevice",2659034,2659034,2635,3219595919822842,3219595919822899
"HIP_RUNTIME_API_EXT","hipLaunchKernel",2659034,2659034,2636,3219595919823445,3219595919827026
"HIP_RUNTIME_API_EXT","hipGetLastError",2659034,2659034,2637,3219595919827438,3219595919827491
"HIP_RUNTIME_API_EXT","hipSetDevice",2659034,2659034,2638,3219595919828049,3219595919828111
"HIP_RUNTIME_API_EXT","hipMalloc",2659034,2659034,2639,3219595919828578,3219595919829675
"HIP_RUNTIME_API_EXT","hipSetDevice",2659034,2659034,2640,3219595919830299,3219595919830357
"HIP_RUNTIME_API_EXT","hipLaunchKernel",2659034,2659034,2641,3219595919831112,3219595919834419
"HIP_RUNTIME_API_EXT","hipGetLastError",2659034,2659034,2642,3219595919835019,3219595919835068
"HIP_RUNTIME_API_EXT","hipSetDevice",2659034,2659034,2643,3219595919836255,3219595919836315
"HIP_RUNTIME_API_EXT","hipMalloc",2659034,2659034,2644,3219595919836646,3219595919837837
"HIP_RUNTIME_API_EXT","hipSetDevice",2659034,2659034,2645,3219595919838261,3219595919838321
"HIP_RUNTIME_API_EXT","hipLaunchKernel",2659034,2659034,2646,3219595919838894,3219595919842421
"HIP_RUNTIME_API_EXT","hipGetLastError",2659034,2659034,2647,3219595919843236,3219595919843280
"HIP_RUNTIME_API_EXT","hipSetDevice",2659034,2659034,2648,3219595919843924,3219595919843979
"HIP_RUNTIME_API_EXT","hipMalloc",2659034,2659034,2649,3219595919844370,3219595919845649
"HIP_RUNTIME_API_EXT","hipSetDevice",2659034,2659034,2650,3219595919846304,3219595919846365
"HIP_RUNTIME_API_EXT","hipLaunchKernel",2659034,2659034,2651,3219595919847005,3219595919850420
"HIP_RUNTIME_API_EXT","hipGetLastError",2659034,2659034,2652,3219595919850836,3219595919850879
"HIP_RUNTIME_API_EXT","hipSetDevice",2659034,2659034,2653,3219595919851637,3219595919851695
"HIP_RUNTIME_API_EXT","hipMalloc",2659034,2659034,2654,3219595919852055,3219595919853479
"HIP_RUNTIME_API_EXT","hipSetDevice",2659034,2659034,2655,3219595919853978,3219595919854039
"HIP_RUNTIME_API_EXT","hipLaunchKernel",2659034,2659034,2656,3219595919854541,3219595919858564
"HIP_RUNTIME_API_EXT","hipGetLastError",2659034,2659034,2657,3219595919859055,3219595919859099
"HIP_RUNTIME_API_EXT","hipSetDevice",2659034,2659034,2658,3219595919859882,3219595919859941
"HIP_RUNTIME_API_EXT","hipMalloc",2659034,2659034,2659,3219595919860396,3219595919861558
"HIP_RUNTIME_API_EXT","hipSetDevice",2659034,2659034,2660,3219595919861962,3219595919862018
"HIP_RUNTIME_API_EXT","hipLaunchKernel",2659034,2659034,2661,3219595919862795,3219595919867007
"HIP_RUNTIME_API_EXT","hipGetLastError",2659034,2659034,2662,3219595919867569,3219595919867615
"HIP_RUNTIME_API_EXT","hipSetDevice",2659034,2659034,2663,3219595919868422,3219595919868484
"HIP_RUNTIME_API_EXT","hipMalloc",2659034,2659034,2664,3219595919868935,3219595919870515
"HIP_RUNTIME_API_EXT","hipSetDevice",2659034,2659034,2665,3219595919871081,3219595919871141
"HIP_RUNTIME_API_EXT","hipLaunchKernel",2659034,2659034,2666,3219595919871666,3219595919875453
"HIP_RUNTIME_API_EXT","hipGetLastError",2659034,2659034,2667,3219595919876544,3219595919876587
"HIP_RUNTIME_API_EXT","hipSetDevice",2659034,2659034,2668,3219595919878679,3219595919878741
"HIP_RUNTIME_API_EXT","hipMalloc",2659034,2659034,2669,3219595919879065,3219595919880741
"HIP_RUNTIME_API_EXT","hipSetDevice",2659034,2659034,2670,3219595919881114,3219595919881169
"HIP_RUNTIME_API_EXT","hipLaunchKernel",2659034,2659034,2671,3219595919881861,3219595919885636
"HIP_RUNTIME_API_EXT","hipGetLastError",2659034,2659034,2672,3219595919886049,3219595919886093
"HIP_RUNTIME_API_EXT","hipSetDevice",2659034,2659034,2673,3219595919886609,3219595919886666
"HIP_RUNTIME_API_EXT","hipMalloc",2659034,2659034,2674,3219595919887019,3219595919888349
"HIP_RUNTIME_API_EXT","hipSetDevice",2659034,2659034,2675,3219595919888716,3219595919888775
"HIP_RUNTIME_API_EXT","hipLaunchKernel",2659034,2659034,2676,3219595919889297,3219595919892415
"HIP_RUNTIME_API_EXT","hipGetLastError",2659034,2659034,2677,3219595919892877,3219595919892921
"HIP_RUNTIME_API_EXT","hipSetDevice",2659034,2659034,2678,3219595919893367,3219595919893429
"HIP_RUNTIME_API_EXT","hipFree",2659034,2659034,2679,3219595919894083,3219595919909531
"HIP_RUNTIME_API_EXT","hipSetDevice",2659034,2659034,2680,3219595919911688,3219595919911750
"HIP_RUNTIME_API_EXT","hipMalloc",2659034,2659034,2681,3219595919912090,3219595919912898
"HIP_RUNTIME_API_EXT","hipSetDevice",2659034,2659034,2682,3219595919913361,3219595919913421
"HIP_RUNTIME_API_EXT","hipLaunchKernel",2659034,2659034,2683,3219595919914235,3219595919918515
"HIP_RUNTIME_API_EXT","hipGetLastError",2659034,2659034,2684,3219595919918973,3219595919919015
"HIP_RUNTIME_API_EXT","hipSetDevice",2659034,2659034,2685,3219595919919388,3219595919919450
"HIP_RUNTIME_API_EXT","hipFree",2659034,2659034,2686,3219595919919821,3219595919931405
"HIP_RUNTIME_API_EXT","hipSetDevice",2659034,2659034,2687,3219595919932297,3219595919932356
"HIP_RUNTIME_API_EXT","hipMalloc",2659034,2659034,2688,3219595919932688,3219595919934165
"HIP_RUNTIME_API_EXT","hipSetDevice",2659034,2659034,2689,3219595919934865,3219595919934920
"HIP_RUNTIME_API_EXT","hipMemcpy",2659034,2659034,2690,3219595919935569,3219595919939196
"HIP_RUNTIME_API_EXT","hipSetDevice",2659034,2659034,2691,3219595919939600,3219595919939667
"HIP_RUNTIME_API_EXT","hipMemcpy",2659034,2659034,2692,3219595919939998,3219595919943459
"HIP_RUNTIME_API_EXT","hipSetDevice",2659034,2659034,2693,3219595919944132,3219595919944192
"HIP_RUNTIME_API_EXT","hipMalloc",2659034,2659034,2694,3219595919944514,3219595919945808
"HIP_RUNTIME_API_EXT","hipSetDevice",2659034,2659034,2695,3219595919946653,3219595919946709
"HIP_RUNTIME_API_EXT","hipMemcpy",2659034,2659034,2696,3219595919947266,3219595919951703
"HIP_RUNTIME_API_EXT","hipSetDevice",2659034,2659034,2697,3219595919952224,3219595919952281
"HIP_RUNTIME_API_EXT","hipMemcpy",2659034,2659034,2698,3219595919952711,3219595919956940
"HIP_RUNTIME_API_EXT","hipSetDevice",2659034,2659034,2699,3219595919957477,3219595919957543
"HIP_RUNTIME_API_EXT","hipMalloc",2659034,2659034,2700,3219595919957867,3219595919959837
"HIP_RUNTIME_API_EXT","hipSetDevice",2659034,2659034,2701,3219595919960246,3219595919960304
"HIP_RUNTIME_API_EXT","hipLaunchKernel",2659034,2659034,2702,3219595919961054,3219595919965866
"HIP_RUNTIME_API_EXT","hipGetLastError",2659034,2659034,2703,3219595919966322,3219595919966425
"HIP_RUNTIME_API_EXT","hipSetDevice",2659034,2659034,2704,3219595919967161,3219595919967218
"HIP_RUNTIME_API_EXT","hipMalloc",2659034,2659034,2705,3219595919967556,3219595919969154
"HIP_RUNTIME_API_EXT","hipSetDevice",2659034,2659034,2706,3219595919969623,3219595919969687
"HIP_RUNTIME_API_EXT","hipLaunchKernel",2659034,2659034,2707,3219595919970345,3219595919973721
"HIP_RUNTIME_API_EXT","hipGetLastError",2659034,2659034,2708,3219595919974332,3219595919974374
"HIP_RUNTIME_API_EXT","hipSetDevice",2659034,2659034,2709,3219595919974941,3219595919975005
"HIP_RUNTIME_API_EXT","hipFree",2659034,2659034,2710,3219595919975543,3219595919987128
"HIP_RUNTIME_API_EXT","hipSetDevice",2659034,2659034,2711,3219595919987740,3219595919987818
"HIP_RUNTIME_API_EXT","hipMalloc",2659034,2659034,2712,3219595919988151,3219595919988921
"HIP_RUNTIME_API_EXT","hipSetDevice",2659034,2659034,2713,3219595919989432,3219595919989487
"HIP_RUNTIME_API_EXT","hipLaunchKernel",2659034,2659034,2714,3219595919990096,3219595919994047
"HIP_RUNTIME_API_EXT","hipGetLastError",2659034,2659034,2715,3219595919994423,3219595919994467
"HIP_RUNTIME_API_EXT","hipSetDevice",2659034,2659034,2716,3219595919995065,3219595919995121
"HIP_RUNTIME_API_EXT","hipFree",2659034,2659034,2717,3219595919995458,3219595920014114
"HIP_RUNTIME_API_EXT","hipSetDevice",2659034,2659034,2718,3219595920014694,3219595920014779
"HIP_RUNTIME_API_EXT","hipFree",2659034,2659034,2719,3219595920015147,3219595920016488
"HIP_RUNTIME_API_EXT","hipSetDevice",2659034,2659034,2720,3219595920016842,3219595920016900
"HIP_RUNTIME_API_EXT","hipFree",2659034,2659034,2721,3219595920017207,3219595920018398
"HIP_RUNTIME_API_EXT","hipSetDevice",2659034,2659034,2722,3219595920018754,3219595920018807
"HIP_RUNTIME_API_EXT","hipFree",2659034,2659034,2723,3219595920019141,3219595920020506
"HIP_RUNTIME_API_EXT","hipSetDevice",2659034,2659034,2724,3219595920020908,3219595920020963
"HIP_RUNTIME_API_EXT","hipFree",2659034,2659034,2725,3219595920021374,3219595920022727
"HIP_RUNTIME_API_EXT","hipSetDevice",2659034,2659034,2726,3219595920023231,3219595920023286
"HIP_RUNTIME_API_EXT","hipFree",2659034,2659034,2727,3219595920023714,3219595920024767
"HIP_RUNTIME_API_EXT","hipSetDevice",2659034,2659034,2728,3219595920025261,3219595920025316
"HIP_RUNTIME_API_EXT","hipFree",2659034,2659034,2729,3219595920025791,3219595920026798
"HIP_RUNTIME_API_EXT","hipSetDevice",2659034,2659034,2730,3219595920027593,3219595920027657
"HIP_RUNTIME_API_EXT","hipMalloc",2659034,2659034,2731,3219595920028086,3219595920029308
"HIP_RUNTIME_API_EXT","hipSetDevice",2659034,2659034,2732,3219595920029795,3219595920029856
"HIP_RUNTIME_API_EXT","hipLaunchKernel",2659034,2659034,2733,3219595920030717,3219595920034979
"HIP_RUNTIME_API_EXT","hipGetLastError",2659034,2659034,2734,3219595920035534,3219595920035630
"HIP_RUNTIME_API_EXT","hipSetDevice",2659034,2659034,2735,3219595920036037,3219595920036099
"HIP_RUNTIME_API_EXT","hipFree",2659034,2659034,2736,3219595920036461,3219595920048006
"HIP_RUNTIME_API_EXT","hipSetDevice",2659034,2659034,2737,3219595920048426,3219595920048486
"HIP_RUNTIME_API_EXT","hipFree",2659034,2659034,2738,3219595920049176,3219595920050240
"HIP_RUNTIME_API_EXT","hipSetDevice",2659034,2659034,2739,3219595920050742,3219595920050797
"HIP_RUNTIME_API_EXT","hipMalloc",2659034,2659034,2740,3219595920051153,3219595920052195
"HIP_RUNTIME_API_EXT","hipSetDevice",2659034,2659034,2741,3219595920052735,3219595920052791
"HIP_RUNTIME_API_EXT","hipLaunchKernel",2659034,2659034,2742,3219595920053393,3219595920057107
"HIP_RUNTIME_API_EXT","hipGetLastError",2659034,2659034,2743,3219595920057505,3219595920057547
"HIP_RUNTIME_API_EXT","hipSetDevice",2659034,2659034,2744,3219595920058423,3219595920058483
"HIP_RUNTIME_API_EXT","hipMalloc",2659034,2659034,2745,3219595920058833,3219595920059827
"HIP_RUNTIME_API_EXT","hipSetDevice",2659034,2659034,2746,3219595920060224,3219595920060282
"HIP_RUNTIME_API_EXT","hipLaunchKernel",2659034,2659034,2747,3219595920060871,3219595920064593
"HIP_RUNTIME_API_EXT","hipGetLastError",2659034,2659034,2748,3219595920064965,3219595920065011
"HIP_RUNTIME_API_EXT","hipSetDevice",2659034,2659034,2749,3219595920066086,3219595920066144
"HIP_RUNTIME_API_EXT","hipMalloc",2659034,2659034,2750,3219595920066544,3219595920067719
"HIP_RUNTIME_API_EXT","hipSetDevice",2659034,2659034,2751,3219595920068226,3219595920068286
"HIP_RUNTIME_API_EXT","hipLaunchKernel",2659034,2659034,2752,3219595920068838,3219595920072884
"HIP_RUNTIME_API_EXT","hipGetLastError",2659034,2659034,2753,3219595920073537,3219595920073588
"HIP_RUNTIME_API_EXT","hipSetDevice",2659034,2659034,2754,3219595920074408,3219595920074469
"HIP_RUNTIME_API_EXT","hipMalloc",2659034,2659034,2755,3219595920074926,3219595920075835
"HIP_RUNTIME_API_EXT","hipSetDevice",2659034,2659034,2756,3219595920076346,3219595920076409
"HIP_RUNTIME_API_EXT","hipLaunchKernel",2659034,2659034,2757,3219595920077147,3219595920081506
"HIP_RUNTIME_API_EXT","hipGetLastError",2659034,2659034,2758,3219595920082142,3219595920082193
"HIP_RUNTIME_API_EXT","hipSetDevice",2659034,2659034,2759,3219595920082752,3219595920082813
"HIP_RUNTIME_API_EXT","hipFree",2659034,2659034,2760,3219595920083192,3219595920098790
"HIP_RUNTIME_API_EXT","hipSetDevice",2659034,2659034,2761,3219595920099180,3219595920099243
"HIP_RUNTIME_API_EXT","hipFree",2659034,2659034,2762,3219595920100230,3219595920101369
"HIP_RUNTIME_API_EXT","hipSetDevice",2659034,2659034,2763,3219595920102045,3219595920102100
"HIP_RUNTIME_API_EXT","hipMalloc",2659034,2659034,2764,3219595920102536,3219595920103465
"HIP_RUNTIME_API_EXT","hipSetDevice",2659034,2659034,2765,3219595920103807,3219595920103866
"HIP_RUNTIME_API_EXT","hipLaunchKernel",2659034,2659034,2766,3219595920104381,3219595920117098
"HIP_RUNTIME_API_EXT","hipGetLastError",2659034,2659034,2767,3219595920117657,3219595920117755
"HIP_RUNTIME_API_EXT","hipSetDevice",2659034,2659034,2768,3219595920118639,3219595920118699
"HIP_RUNTIME_API_EXT","hipFree",2659034,2659034,2769,3219595920119037,3219595920144254
"HIP_RUNTIME_API_EXT","hipSetDevice",2659034,2659034,2770,3219595920145210,3219595920145266
"HIP_RUNTIME_API_EXT","hipMalloc",2659034,2659034,2771,3219595920145725,3219595920146625
"HIP_RUNTIME_API_EXT","hipSetDevice",2659034,2659034,2772,3219595920147018,3219595920147072
"HIP_RUNTIME_API_EXT","hipLaunchKernel",2659034,2659034,2773,3219595920147689,3219595920151656
"HIP_RUNTIME_API_EXT","hipGetLastError",2659034,2659034,2774,3219595920152170,3219595920152212
"HIP_RUNTIME_API_EXT","hipSetDevice",2659034,2659034,2775,3219595920152585,3219595920152645
"HIP_RUNTIME_API_EXT","hipFree",2659034,2659034,2776,3219595920152983,3219595920163974
"HIP_RUNTIME_API_EXT","hipSetDevice",2659034,2659034,2777,3219595920164479,3219595920164542
"HIP_RUNTIME_API_EXT","hipFree",2659034,2659034,2778,3219595920165256,3219595920166259
"HIP_RUNTIME_API_EXT","hipSetDevice",2659034,2659034,2779,3219595920166727,3219595920166781
"HIP_RUNTIME_API_EXT","hipFree",2659034,2659034,2780,3219595920167225,3219595920168369
"HIP_RUNTIME_API_EXT","hipSetDevice",2659034,2659034,2781,3219595920168902,3219595920168958
"HIP_RUNTIME_API_EXT","hipFree",2659034,2659034,2782,3219595920169369,3219595920170570
"HIP_RUNTIME_API_EXT","hipSetDevice",2659034,2659034,2783,3219595920171232,3219595920171288
"HIP_RUNTIME_API_EXT","hipMalloc",2659034,2659034,2784,3219595920171727,3219595920172741
"HIP_RUNTIME_API_EXT","hipSetDevice",2659034,2659034,2785,3219595920173184,3219595920173239
"HIP_RUNTIME_API_EXT","hipLaunchKernel",2659034,2659034,2786,3219595920173785,3219595920177832
"HIP_RUNTIME_API_EXT","hipGetLastError",2659034,2659034,2787,3219595920178349,3219595920178392
"HIP_RUNTIME_API_EXT","hipSetDevice",2659034,2659034,2788,3219595920179304,3219595920179367
"HIP_RUNTIME_API_EXT","hipMalloc",2659034,2659034,2789,3219595920179739,3219595920180659
"HIP_RUNTIME_API_EXT","hipSetDevice",2659034,2659034,2790,3219595920181185,3219595920181259
"HIP_RUNTIME_API_EXT","hipLaunchKernel",2659034,2659034,2791,3219595920181778,3219595920185278
"HIP_RUNTIME_API_EXT","hipGetLastError",2659034,2659034,2792,3219595920185629,3219595920185672
"HIP_RUNTIME_API_EXT","hipSetDevice",2659034,2659034,2793,3219595920186879,3219595920186938
"HIP_RUNTIME_API_EXT","hipMalloc",2659034,2659034,2794,3219595920187523,3219595920188496
"HIP_RUNTIME_API_EXT","hipSetDevice",2659034,2659034,2795,3219595920188897,3219595920188958
"HIP_RUNTIME_API_EXT","hipLaunchKernel",2659034,2659034,2796,3219595920189532,3219595920193169
"HIP_RUNTIME_API_EXT","hipGetLastError",2659034,2659034,2797,3219595920193645,3219595920193688
"HIP_RUNTIME_API_EXT","hipSetDevice",2659034,2659034,2798,3219595920194422,3219595920194481
"HIP_RUNTIME_API_EXT","hipMalloc",2659034,2659034,2799,3219595920194835,3219595920195924
"HIP_RUNTIME_API_EXT","hipSetDevice",2659034,2659034,2800,3219595920196292,3219595920196346
"HIP_RUNTIME_API_EXT","hipLaunchKernel",2659034,2659034,2801,3219595920199623,3219595920204387
"HIP_RUNTIME_API_EXT","hipGetLastError",2659034,2659034,2802,3219595920204964,3219595920205008
"HIP_RUNTIME_API_EXT","hipSetDevice",2659034,2659034,2803,3219595920205758,3219595920205822
"HIP_RUNTIME_API_EXT","hipMalloc",2659034,2659034,2804,3219595920206163,3219595920207583
"HIP_RUNTIME_API_EXT","hipSetDevice",2659034,2659034,2805,3219595920207973,3219595920208034
"HIP_RUNTIME_API_EXT","hipLaunchKernel",2659034,2659034,2806,3219595920208595,3219595920215686
"HIP_RUNTIME_API_EXT","hipGetLastError",2659034,2659034,2807,3219595920216465,3219595920216510
"HIP_RUNTIME_API_EXT","hipSetDevice",2659034,2659034,2808,3219595920217335,3219595920217394
"HIP_RUNTIME_API_EXT","hipMalloc",2659034,2659034,2809,3219595920217765,3219595920219188
"HIP_RUNTIME_API_EXT","hipSetDevice",2659034,2659034,2810,3219595920223499,3219595920223685
"HIP_RUNTIME_API_EXT","hipLaunchKernel",2659034,2659034,2811,3219595920224416,3219595920234077
"HIP_RUNTIME_API_EXT","hipGetLastError",2659034,2659034,2812,3219595920234490,3219595920234534
"HIP_RUNTIME_API_EXT","hipSetDevice",2659034,2659034,2813,3219595920235273,3219595920235334
"HIP_RUNTIME_API_EXT","hipMalloc",2659034,2659034,2814,3219595920236854,3219595920239448
"HIP_RUNTIME_API_EXT","hipSetDevice",2659034,2659034,2815,3219595920239983,3219595920240042
"HIP_RUNTIME_API_EXT","hipLaunchKernel",2659034,2659034,2816,3219595920241424,3219595920281597
"HIP_RUNTIME_API_EXT","hipGetLastError",2659034,2659034,2817,3219595920282622,3219595920282725
"HIP_RUNTIME_API_EXT","hipSetDevice",2659034,2659034,2818,3219595920283597,3219595920283683
"HIP_RUNTIME_API_EXT","hipMalloc",2659034,2659034,2819,3219595920284160,3219595920285768
"HIP_RUNTIME_API_EXT","hipSetDevice",2659034,2659034,2820,3219595920286331,3219595920286390
"HIP_RUNTIME_API_EXT","hipLaunchKernel",2659034,2659034,2821,3219595920287128,3219595920291998
"HIP_RUNTIME_API_EXT","hipGetLastError",2659034,2659034,2822,3219595920292653,3219595920292697
"HIP_RUNTIME_API_EXT","hipSetDevice",2659034,2659034,2823,3219595920293238,3219595920293294
"HIP_RUNTIME_API_EXT","hipFree",2659034,2659034,2824,3219595920293677,3219595920309977
"HIP_RUNTIME_API_EXT","hipSetDevice",2659034,2659034,2825,3219595920312300,3219595920312365
"HIP_RUNTIME_API_EXT","hipMalloc",2659034,2659034,2826,3219595920312911,3219595920313747
"HIP_RUNTIME_API_EXT","hipSetDevice",2659034,2659034,2827,3219595920314171,3219595920314227
"HIP_RUNTIME_API_EXT","hipLaunchKernel",2659034,2659034,2828,3219595920314837,3219595920318982
"HIP_RUNTIME_API_EXT","hipGetLastError",2659034,2659034,2829,3219595920319389,3219595920319431
"HIP_RUNTIME_API_EXT","hipSetDevice",2659034,2659034,2830,3219595920319764,3219595920319827
"HIP_RUNTIME_API_EXT","hipFree",2659034,2659034,2831,3219595920320221,3219595920331528
"HIP_RUNTIME_API_EXT","hipSetDevice",2659034,2659034,2832,3219595920332516,3219595920332579
"HIP_RUNTIME_API_EXT","hipMalloc",2659034,2659034,2833,3219595920332930,3219595920334020
"HIP_RUNTIME_API_EXT","hipSetDevice",2659034,2659034,2834,3219595920335043,3219595920335102
"HIP_RUNTIME_API_EXT","hipMemcpy",2659034,2659034,2835,3219595920335461,3219595920339272
"HIP_RUNTIME_API_EXT","hipSetDevice",2659034,2659034,2836,3219595920339818,3219595920339880
"HIP_RUNTIME_API_EXT","hipMemcpy",2659034,2659034,2837,3219595920340213,3219595920343934
"HIP_RUNTIME_API_EXT","hipSetDevice",2659034,2659034,2838,3219595920344583,3219595920344645
"HIP_RUNTIME_API_EXT","hipMalloc",2659034,2659034,2839,3219595920344982,3219595920347310
"HIP_RUNTIME_API_EXT","hipSetDevice",2659034,2659034,2840,3219595920347855,3219595920347916
"HIP_RUNTIME_API_EXT","hipMemcpy",2659034,2659034,2841,3219595920348532,3219595920352477
"HIP_RUNTIME_API_EXT","hipSetDevice",2659034,2659034,2842,3219595920353016,3219595920353075
"HIP_RUNTIME_API_EXT","hipMemcpy",2659034,2659034,2843,3219595920353390,3219595920356797
"HIP_RUNTIME_API_EXT","hipSetDevice",2659034,2659034,2844,3219595920357479,3219595920357534
"HIP_RUNTIME_API_EXT","hipMalloc",2659034,2659034,2845,3219595920358188,3219595920360543
"HIP_RUNTIME_API_EXT","hipSetDevice",2659034,2659034,2846,3219595920361136,3219595920361190
"HIP_RUNTIME_API_EXT","hipLaunchKernel",2659034,2659034,2847,3219595920361765,3219595920365911
"HIP_RUNTIME_API_EXT","hipGetLastError",2659034,2659034,2848,3219595920366436,3219595920366534
"HIP_RUNTIME_API_EXT","hipSetDevice",2659034,2659034,2849,3219595920367023,3219595920367087
"HIP_RUNTIME_API_EXT","hipMalloc",2659034,2659034,2850,3219595920367410,3219595920368517
"HIP_RUNTIME_API_EXT","hipSetDevice",2659034,2659034,2851,3219595920369036,3219595920369093
"HIP_RUNTIME_API_EXT","hipLaunchKernel",2659034,2659034,2852,3219595920369770,3219595920373541
"HIP_RUNTIME_API_EXT","hipGetLastError",2659034,2659034,2853,3219595920373970,3219595920374014
"HIP_RUNTIME_API_EXT","hipSetDevice",2659034,2659034,2854,3219595920374512,3219595920374575
"HIP_RUNTIME_API_EXT","hipFree",2659034,2659034,2855,3219595920374920,3219595920387584
"HIP_RUNTIME_API_EXT","hipSetDevice",2659034,2659034,2856,3219595920388600,3219595920388657
"HIP_RUNTIME_API_EXT","hipMalloc",2659034,2659034,2857,3219595920388996,3219595920389736
"HIP_RUNTIME_API_EXT","hipSetDevice",2659034,2659034,2858,3219595920390107,3219595920390164
"HIP_RUNTIME_API_EXT","hipLaunchKernel",2659034,2659034,2859,3219595920390690,3219595920394593
"HIP_RUNTIME_API_EXT","hipGetLastError",2659034,2659034,2860,3219595920395088,3219595920395132
"HIP_RUNTIME_API_EXT","hipSetDevice",2659034,2659034,2861,3219595920395709,3219595920395763
"HIP_RUNTIME_API_EXT","hipFree",2659034,2659034,2862,3219595920396096,3219595920413490
"HIP_RUNTIME_API_EXT","hipSetDevice",2659034,2659034,2863,3219595920414004,3219595920414070
"HIP_RUNTIME_API_EXT","hipFree",2659034,2659034,2864,3219595920414389,3219595920415461
"HIP_RUNTIME_API_EXT","hipSetDevice",2659034,2659034,2865,3219595920415844,3219595920415903
"HIP_RUNTIME_API_EXT","hipFree",2659034,2659034,2866,3219595920416234,3219595920417272
"HIP_RUNTIME_API_EXT","hipSetDevice",2659034,2659034,2867,3219595920417639,3219595920417697
"HIP_RUNTIME_API_EXT","hipFree",2659034,2659034,2868,3219595920418196,3219595920419425
"HIP_RUNTIME_API_EXT","hipSetDevice",2659034,2659034,2869,3219595920419837,3219595920419892
"HIP_RUNTIME_API_EXT","hipFree",2659034,2659034,2870,3219595920420196,3219595920421363
"HIP_RUNTIME_API_EXT","hipSetDevice",2659034,2659034,2871,3219595920421878,3219595920421933
"HIP_RUNTIME_API_EXT","hipFree",2659034,2659034,2872,3219595920422397,3219595920423617
"HIP_RUNTIME_API_EXT","hipSetDevice",2659034,2659034,2873,3219595920424012,3219595920424067
"HIP_RUNTIME_API_EXT","hipFree",2659034,2659034,2874,3219595920424776,3219595920425849
"HIP_RUNTIME_API_EXT","hipSetDevice",2659034,2659034,2875,3219595920426437,3219595920426501
"HIP_RUNTIME_API_EXT","hipMalloc",2659034,2659034,2876,3219595920426929,3219595920427815
"HIP_RUNTIME_API_EXT","hipSetDevice",2659034,2659034,2877,3219595920428195,3219595920428251
"HIP_RUNTIME_API_EXT","hipLaunchKernel",2659034,2659034,2878,3219595920428795,3219595920432783
"HIP_RUNTIME_API_EXT","hipGetLastError",2659034,2659034,2879,3219595920433207,3219595920433250
"HIP_RUNTIME_API_EXT","hipSetDevice",2659034,2659034,2880,3219595920433638,3219595920433695
"HIP_RUNTIME_API_EXT","hipFree",2659034,2659034,2881,3219595920434242,3219595920445492
"HIP_RUNTIME_API_EXT","hipSetDevice",2659034,2659034,2882,3219595920446242,3219595920446294
"HIP_RUNTIME_API_EXT","hipFree",2659034,2659034,2883,3219595920446822,3219595920448202
"HIP_RUNTIME_API_EXT","hipSetDevice",2659034,2659034,2884,3219595920448714,3219595920448765
"HIP_RUNTIME_API_EXT","hipMalloc",2659034,2659034,2885,3219595920449109,3219595920450187
"HIP_RUNTIME_API_EXT","hipSetDevice",2659034,2659034,2886,3219595920450593,3219595920450644
"HIP_RUNTIME_API_EXT","hipLaunchKernel",2659034,2659034,2887,3219595920451194,3219595920455232
"HIP_RUNTIME_API_EXT","hipGetLastError",2659034,2659034,2888,3219595920455652,3219595920455696
"HIP_RUNTIME_API_EXT","hipSetDevice",2659034,2659034,2889,3219595920456415,3219595920456471
"HIP_RUNTIME_API_EXT","hipMalloc",2659034,2659034,2890,3219595920456823,3219595920457776
"HIP_RUNTIME_API_EXT","hipSetDevice",2659034,2659034,2891,3219595920458187,3219595920458242
"HIP_RUNTIME_API_EXT","hipLaunchKernel",2659034,2659034,2892,3219595920458800,3219595920462342
"HIP_RUNTIME_API_EXT","hipGetLastError",2659034,2659034,2893,3219595920462752,3219595920462796
"HIP_RUNTIME_API_EXT","hipSetDevice",2659034,2659034,2894,3219595920464806,3219595920464919
"HIP_RUNTIME_API_EXT","hipMalloc",2659034,2659034,2895,3219595920465674,3219595920466630
"HIP_RUNTIME_API_EXT","hipSetDevice",2659034,2659034,2896,3219595920467021,3219595920467078
"HIP_RUNTIME_API_EXT","hipLaunchKernel",2659034,2659034,2897,3219595920467636,3219595920471248
"HIP_RUNTIME_API_EXT","hipGetLastError",2659034,2659034,2898,3219595920471702,3219595920471749
"HIP_RUNTIME_API_EXT","hipSetDevice",2659034,2659034,2899,3219595920472352,3219595920472412
"HIP_RUNTIME_API_EXT","hipMalloc",2659034,2659034,2900,3219595920472766,3219595920473913
"HIP_RUNTIME_API_EXT","hipSetDevice",2659034,2659034,2901,3219595920474394,3219595920474451
"HIP_RUNTIME_API_EXT","hipLaunchKernel",2659034,2659034,2902,3219595920475073,3219595920479692
"HIP_RUNTIME_API_EXT","hipGetLastError",2659034,2659034,2903,3219595920480096,3219595920480148
"HIP_RUNTIME_API_EXT","hipSetDevice",2659034,2659034,2904,3219595920480532,3219595920480602
"HIP_RUNTIME_API_EXT","hipFree",2659034,2659034,2905,3219595920480994,3219595920495029
"HIP_RUNTIME_API_EXT","hipSetDevice",2659034,2659034,2906,3219595920496010,3219595920496075
"HIP_RUNTIME_API_EXT","hipFree",2659034,2659034,2907,3219595920496405,3219595920497298
"HIP_RUNTIME_API_EXT","hipSetDevice",2659034,2659034,2908,3219595920497845,3219595920497900
"HIP_RUNTIME_API_EXT","hipMalloc",2659034,2659034,2909,3219595920498329,3219595920499229
"HIP_RUNTIME_API_EXT","hipSetDevice",2659034,2659034,2910,3219595920499589,3219595920499647
"HIP_RUNTIME_API_EXT","hipLaunchKernel",2659034,2659034,2911,3219595920500149,3219595920503696
"HIP_RUNTIME_API_EXT","hipGetLastError",2659034,2659034,2912,3219595920504155,3219595920504341
"HIP_RUNTIME_API_EXT","hipSetDevice",2659034,2659034,2913,3219595920504846,3219595920504909
"HIP_RUNTIME_API_EXT","hipFree",2659034,2659034,2914,3219595920505255,3219595920530458
"HIP_RUNTIME_API_EXT","hipSetDevice",2659034,2659034,2915,3219595920531165,3219595920531223
"HIP_RUNTIME_API_EXT","hipMalloc",2659034,2659034,2916,3219595920531558,3219595920532326
"HIP_RUNTIME_API_EXT","hipSetDevice",2659034,2659034,2917,3219595920532694,3219595920532751
"HIP_RUNTIME_API_EXT","hipLaunchKernel",2659034,2659034,2918,3219595920533623,3219595920537342
"HIP_RUNTIME_API_EXT","hipGetLastError",2659034,2659034,2919,3219595920537839,3219595920537882
"HIP_RUNTIME_API_EXT","hipSetDevice",2659034,2659034,2920,3219595920538394,3219595920538455
"HIP_RUNTIME_API_EXT","hipFree",2659034,2659034,2921,3219595920538788,3219595920550325
"HIP_RUNTIME_API_EXT","hipSetDevice",2659034,2659034,2922,3219595920550767,3219595920550835
"HIP_RUNTIME_API_EXT","hipFree",2659034,2659034,2923,3219595920551454,3219595920552383
"HIP_RUNTIME_API_EXT","hipSetDevice",2659034,2659034,2924,3219595920552760,3219595920552814
"HIP_RUNTIME_API_EXT","hipFree",2659034,2659034,2925,3219595920553198,3219595920556686
"HIP_RUNTIME_API_EXT","hipSetDevice",2659034,2659034,2926,3219595920557065,3219595920557121
"HIP_RUNTIME_API_EXT","hipFree",2659034,2659034,2927,3219595920557526,3219595920558671
"HIP_RUNTIME_API_EXT","hipSetDevice",2659034,2659034,2928,3219595920559237,3219595920559291
"HIP_RUNTIME_API_EXT","hipMalloc",2659034,2659034,2929,3219595920559620,3219595920560447
"HIP_RUNTIME_API_EXT","hipSetDevice",2659034,2659034,2930,3219595920560836,3219595920560898
"HIP_RUNTIME_API_EXT","hipLaunchKernel",2659034,2659034,2931,3219595920561430,3219595920565128
"HIP_RUNTIME_API_EXT","hipGetLastError",2659034,2659034,2932,3219595920565551,3219595920565594
"HIP_RUNTIME_API_EXT","hipSetDevice",2659034,2659034,2933,3219595920565950,3219595920566008
"HIP_RUNTIME_API_EXT","hipFree",2659034,2659034,2934,3219595920566348,3219595920577912
"HIP_RUNTIME_API_EXT","hipSetDevice",2659034,2659034,2935,3219595920579191,3219595920579250
"HIP_RUNTIME_API_EXT","hipMalloc",2659034,2659034,2936,3219595920579605,3219595920580414
"HIP_RUNTIME_API_EXT","hipSetDevice",2659034,2659034,2937,3219595920580897,3219595920580952
"HIP_RUNTIME_API_EXT","hipLaunchKernel",2659034,2659034,2938,3219595920581633,3219595920585409
"HIP_RUNTIME_API_EXT","hipGetLastError",2659034,2659034,2939,3219595920585812,3219595920585854
"HIP_RUNTIME_API_EXT","hipSetDevice",2659034,2659034,2940,3219595920586632,3219595920586697
"HIP_RUNTIME_API_EXT","hipFree",2659034,2659034,2941,3219595920587151,3219595920604479
"HIP_RUNTIME_API_EXT","hipSetDevice",2659034,2659034,2942,3219595920604931,3219595920604987
"HIP_RUNTIME_API_EXT","hipFree",2659034,2659034,2943,3219595920605817,3219595920607025
"HIP_RUNTIME_API_EXT","hipSetDevice",2659034,2659034,2944,3219595920608141,3219595920608198
"HIP_RUNTIME_API_EXT","hipMemcpy",2659034,2659034,2945,3219595920608660,3219595920612554
"HIP_RUNTIME_API_EXT","hipSetDevice",2659034,2659034,2946,3219595920612968,3219595920613030
"HIP_RUNTIME_API_EXT","hipMemcpy",2659034,2659034,2947,3219595920613354,3219595920616828
"HIP_RUNTIME_API_EXT","hipSetDevice",2659034,2659034,2948,3219595920617277,3219595920617341
"HIP_RUNTIME_API_EXT","hipMemcpy",2659034,2659034,2949,3219595920617796,3219595920621888
"HIP_RUNTIME_API_EXT","hipSetDevice",2659034,2659034,2950,3219595920622420,3219595920622481
"HIP_RUNTIME_API_EXT","hipMemcpy",2659034,2659034,2951,3219595920622814,3219595920626916
"HIP_RUNTIME_API_EXT","hipSetDevice",2659034,2659034,2952,3219595920627958,3219595920628027
"HIP_RUNTIME_API_EXT","hipMemcpy",2659034,2659034,2953,3219595920628336,3219595920632365
"HIP_RUNTIME_API_EXT","hipSetDevice",2659034,2659034,2954,3219595920632951,3219595920633014
"HIP_RUNTIME_API_EXT","hipMemcpy",2659034,2659034,2955,3219595920633334,3219595920647228
"HIP_RUNTIME_API_EXT","hipSetDevice",2659034,2659034,2956,3219595920647633,3219595920647696
"HIP_RUNTIME_API_EXT","hipMemcpy",2659034,2659034,2957,3219595920648223,3219595920651907
"HIP_RUNTIME_API_EXT","hipSetDevice",2659034,2659034,2958,3219595920652347,3219595920652410
"HIP_RUNTIME_API_EXT","hipMemcpy",2659034,2659034,2959,3219595920652730,3219595920656708
"HIP_RUNTIME_API_EXT","hipSetDevice",2659034,2659034,2960,3219595920657251,3219595920657312
"HIP_RUNTIME_API_EXT","hipFree",2659034,2659034,2961,3219595920657643,3219595920673851
"HIP_RUNTIME_API_EXT","hipSetDevice",2659034,2659034,2962,3219595920674286,3219595920674344
"HIP_RUNTIME_API_EXT","hipFree",2659034,2659034,2963,3219595920674694,3219595920689616
"HIP_RUNTIME_API_EXT","hipSetDevice",2659034,2659034,2964,3219595920690203,3219595920690260
"HIP_RUNTIME_API_EXT","hipFree",2659034,2659034,2965,3219595920690667,3219595920711876
"HIP_RUNTIME_API_EXT","hipSetDevice",2659034,2659034,2966,3219595920712423,3219595920712474
"HIP_RUNTIME_API_EXT","hipFree",2659034,2659034,2967,3219595920712787,3219595920714480
"HIP_RUNTIME_API_EXT","hipSetDevice",2659034,2659034,2968,3219595920715428,3219595920715484
"HIP_RUNTIME_API_EXT","hipMemcpy",2659034,2659034,2969,3219595920715870,3219595920742412
"HIP_RUNTIME_API_EXT","hipSetDevice",2659034,2659034,2970,3219595920742867,3219595920742932
"HIP_RUNTIME_API_EXT","hipFree",2659034,2659034,2971,3219595920743368,3219595920755032
"HIP_RUNTIME_API_EXT","hipSetDevice",2659034,2659034,2972,3219595920756306,3219595920756369
"HIP_RUNTIME_API_EXT","hipMalloc",2659034,2659034,2973,3219595920756811,3219595920757752
"HIP_RUNTIME_API_EXT","hipSetDevice",2659034,2659034,2974,3219595920758236,3219595920758292
"HIP_RUNTIME_API_EXT","hipLaunchKernel",2659034,2659034,2975,3219595920758831,3219595920762996
"HIP_RUNTIME_API_EXT","hipGetLastError",2659034,2659034,2976,3219595920763431,3219595920763474
"HIP_RUNTIME_API_EXT","hipSetDevice",2659034,2659034,2977,3219595920763971,3219595920764030
"HIP_RUNTIME_API_EXT","hipMemcpy",2659034,2659034,2978,3219595920764349,3219595920779572
"HIP_RUNTIME_API_EXT","hipSetDevice",2659034,2659034,2979,3219595920780308,3219595920780369
"HIP_RUNTIME_API_EXT","hipFree",2659034,2659034,2980,3219595920780727,3219595920789132
"HIP_RUNTIME_API_EXT","hipSetDevice",2659034,2659034,2981,3219595920790095,3219595920790163
"HIP_RUNTIME_API_EXT","hipLaunchKernel",2659034,2659034,2982,3219595920790695,3219595920794624
"HIP_RUNTIME_API_EXT","hipGetLastError",2659034,2659034,2983,3219595920795072,3219595920795119
"HIP_RUNTIME_API_EXT","hipSetDevice",2659034,2659034,2984,3219595920795677,3219595920795742
"HIP_RUNTIME_API_EXT","hipLaunchKernel",2659034,2659034,2985,3219595920796239,3219595920800253
"HIP_RUNTIME_API_EXT","hipGetLastError",2659034,2659034,2986,3219595920800613,3219595920800655
"HIP_RUNTIME_API_EXT","hipSetDevice",2659034,2659034,2987,3219595920801212,3219595920801270
"HIP_RUNTIME_API_EXT","hipLaunchKernel",2659034,2659034,2988,3219595920802232,3219595920806026
"HIP_RUNTIME_API_EXT","hipGetLastError",2659034,2659034,2989,3219595920806353,3219595920806425
"HIP_RUNTIME_API_EXT","hipSetDevice",2659034,2659034,2990,3219595920808100,3219595920808153
"HIP_RUNTIME_API_EXT","hipLaunchKernel",2659034,2659034,2991,3219595920808650,3219595920812508
"HIP_RUNTIME_API_EXT","hipGetLastError",2659034,2659034,2992,3219595920813871,3219595920813966
"HIP_RUNTIME_API_EXT","hipSetDevice",2659034,2659034,2993,3219595920816116,3219595920816181
"HIP_RUNTIME_API_EXT","hipMalloc",2659034,2659034,2994,3219595920816526,3219595920817387
"HIP_RUNTIME_API_EXT","hipSetDevice",2659034,2659034,2995,3219595920817800,3219595920817852
"HIP_RUNTIME_API_EXT","hipMemcpy",2659034,2659034,2996,3219595920818172,3219595920835891
"HIP_RUNTIME_API_EXT","hipSetDevice",2659034,2659034,2997,3219595920837365,3219595920837428
"HIP_RUNTIME_API_EXT","hipMalloc",2659034,2659034,2998,3219595920837756,3219595920838843
"HIP_RUNTIME_API_EXT","hipSetDevice",2659034,2659034,2999,3219595920839238,3219595920839293
"HIP_RUNTIME_API_EXT","hipMemcpy",2659034,2659034,3000,3219595920839602,3219595920856883
"HIP_RUNTIME_API_EXT","hipSetDevice",2659034,2659034,3001,3219595920857805,3219595920857863
"HIP_RUNTIME_API_EXT","hipMalloc",2659034,2659034,3002,3219595920858205,3219595920859203
"HIP_RUNTIME_API_EXT","hipSetDevice",2659034,2659034,3003,3219595920859666,3219595920859719
"HIP_RUNTIME_API_EXT","hipMemcpy",2659034,2659034,3004,3219595920860109,3219595920876898
"HIP_RUNTIME_API_EXT","hipSetDevice",2659034,2659034,3005,3219595920877919,3219595920877977
"HIP_RUNTIME_API_EXT","hipMalloc",2659034,2659034,3006,3219595920878311,3219595920879386
"HIP_RUNTIME_API_EXT","hipSetDevice",2659034,2659034,3007,3219595920879878,3219595920879936
"HIP_RUNTIME_API_EXT","hipLaunchKernel",2659034,2659034,3008,3219595920880558,3219595920884408
"HIP_RUNTIME_API_EXT","hipGetLastError",2659034,2659034,3009,3219595920885069,3219595920885112
"HIP_RUNTIME_API_EXT","hipSetDevice",2659034,2659034,3010,3219595920885764,3219595920885818
"HIP_RUNTIME_API_EXT","hipMalloc",2659034,2659034,3011,3219595920886369,3219595920887405
"HIP_RUNTIME_API_EXT","hipSetDevice",2659034,2659034,3012,3219595920887796,3219595920887851
"HIP_RUNTIME_API_EXT","hipLaunchKernel",2659034,2659034,3013,3219595920888369,3219595920891643
"HIP_RUNTIME_API_EXT","hipGetLastError",2659034,2659034,3014,3219595920893162,3219595920893205
"HIP_RUNTIME_API_EXT","hipSetDevice",2659034,2659034,3015,3219595920894009,3219595920894063
"HIP_RUNTIME_API_EXT","hipMalloc",2659034,2659034,3016,3219595920894591,3219595920895782
"HIP_RUNTIME_API_EXT","hipSetDevice",2659034,2659034,3017,3219595920896175,3219595920896227
"HIP_RUNTIME_API_EXT","hipLaunchKernel",2659034,2659034,3018,3219595920896721,3219595920901211
"HIP_RUNTIME_API_EXT","hipGetLastError",2659034,2659034,3019,3219595920901670,3219595920901715
"HIP_RUNTIME_API_EXT","hipSetDevice",2659034,2659034,3020,3219595920902636,3219595920902696
"HIP_RUNTIME_API_EXT","hipMalloc",2659034,2659034,3021,3219595920903018,3219595920904112
"HIP_RUNTIME_API_EXT","hipSetDevice",2659034,2659034,3022,3219595920904458,3219595920904518
"HIP_RUNTIME_API_EXT","hipLaunchKernel",2659034,2659034,3023,3219595920905018,3219595920908511
"HIP_RUNTIME_API_EXT","hipGetLastError",2659034,2659034,3024,3219595920908879,3219595920908930
"HIP_RUNTIME_API_EXT","hipSetDevice",2659034,2659034,3025,3219595920909543,3219595920909600
"HIP_RUNTIME_API_EXT","hipMalloc",2659034,2659034,3026,3219595920909927,3219595920911510
"HIP_RUNTIME_API_EXT","hipSetDevice",2659034,2659034,3027,3219595920911931,3219595920911985
"HIP_RUNTIME_API_EXT","hipLaunchKernel",2659034,2659034,3028,3219595920912523,3219595920915748
"HIP_RUNTIME_API_EXT","hipGetLastError",2659034,2659034,3029,3219595920916414,3219595920916463
"HIP_RUNTIME_API_EXT","hipSetDevice",2659034,2659034,3030,3219595920918172,3219595920918241
"HIP_RUNTIME_API_EXT","hipMalloc",2659034,2659034,3031,3219595920918598,3219595920919851
"HIP_RUNTIME_API_EXT","hipSetDevice",2659034,2659034,3032,3219595920920364,3219595920920424
"HIP_RUNTIME_API_EXT","hipLaunchKernel",2659034,2659034,3033,3219595920920985,3219595920927164
"HIP_RUNTIME_API_EXT","hipGetLastError",2659034,2659034,3034,3219595920927808,3219595920927857
"HIP_RUNTIME_API_EXT","hipSetDevice",2659034,2659034,3035,3219595920928622,3219595920928677
"HIP_RUNTIME_API_EXT","hipMalloc",2659034,2659034,3036,3219595920929134,3219595920930381
"HIP_RUNTIME_API_EXT","hipSetDevice",2659034,2659034,3037,3219595920930784,3219595920930836
"HIP_RUNTIME_API_EXT","hipLaunchKernel",2659034,2659034,3038,3219595920931342,3219595920944717
"HIP_RUNTIME_API_EXT","hipGetLastError",2659034,2659034,3039,3219595920945284,3219595920945390
"HIP_RUNTIME_API_EXT","hipSetDevice",2659034,2659034,3040,3219595920946926,3219595920947014
"HIP_RUNTIME_API_EXT","hipLaunchKernel",2659034,2659034,3041,3219595920947751,3219595920951506
"HIP_RUNTIME_API_EXT","hipGetLastError",2659034,2659034,3042,3219595920952148,3219595920952197
"HIP_RUNTIME_API_EXT","hipSetDevice",2659034,2659034,3043,3219595920953705,3219595920953767
"HIP_RUNTIME_API_EXT","hipMalloc",2659034,2659034,3044,3219595920954160,3219595920955592
"HIP_RUNTIME_API_EXT","hipSetDevice",2659034,2659034,3045,3219595920956000,3219595920956064
"HIP_RUNTIME_API_EXT","hipLaunchKernel",2659034,2659034,3046,3219595920956677,3219595920962019
"HIP_RUNTIME_API_EXT","hipGetLastError",2659034,2659034,3047,3219595920962456,3219595920962507
"HIP_RUNTIME_API_EXT","hipSetDevice",2659034,2659034,3048,3219595920963695,3219595920963755
"HIP_RUNTIME_API_EXT","hipMalloc",2659034,2659034,3049,3219595920964077,3219595920965233
"HIP_RUNTIME_API_EXT","hipSetDevice",2659034,2659034,3050,3219595920965628,3219595920965687
"HIP_RUNTIME_API_EXT","hipLaunchKernel",2659034,2659034,3051,3219595920966228,3219595920969707
"HIP_RUNTIME_API_EXT","hipGetLastError",2659034,2659034,3052,3219595920970037,3219595920970080
"HIP_RUNTIME_API_EXT","hipSetDevice",2659034,2659034,3053,3219595920970718,3219595920970777
"HIP_RUNTIME_API_EXT","hipFree",2659034,2659034,3054,3219595920971166,3219595920994451
"HIP_RUNTIME_API_EXT","hipSetDevice",2659034,2659034,3055,3219595920995234,3219595920995291
"HIP_RUNTIME_API_EXT","hipFree",2659034,2659034,3056,3219595920995613,3219595920996728
"HIP_RUNTIME_API_EXT","hipSetDevice",2659034,2659034,3057,3219595920997104,3219595920997157
"HIP_RUNTIME_API_EXT","hipFree",2659034,2659034,3058,3219595920997741,3219595920998946
"HIP_RUNTIME_API_EXT","hipSetDevice",2659034,2659034,3059,3219595920999354,3219595920999410
"HIP_RUNTIME_API_EXT","hipFree",2659034,2659034,3060,3219595920999721,3219595921000734
"HIP_RUNTIME_API_EXT","hipSetDevice",2659034,2659034,3061,3219595921001118,3219595921001174
"HIP_RUNTIME_API_EXT","hipFree",2659034,2659034,3062,3219595921001478,3219595921002577
"HIP_RUNTIME_API_EXT","hipSetDevice",2659034,2659034,3063,3219595921002964,3219595921003019
"HIP_RUNTIME_API_EXT","hipFree",2659034,2659034,3064,3219595921003326,3219595921004390
"HIP_RUNTIME_API_EXT","hipSetDevice",2659034,2659034,3065,3219595921004865,3219595921004920
"HIP_RUNTIME_API_EXT","hipFree",2659034,2659034,3066,3219595921005228,3219595921006158
"HIP_RUNTIME_API_EXT","hipSetDevice",2659034,2659034,3067,3219595921008476,3219595921008533
"HIP_RUNTIME_API_EXT","hipMalloc",2659034,2659034,3068,3219595921008877,3219595921009824
"HIP_RUNTIME_API_EXT","hipSetDevice",2659034,2659034,3069,3219595921010377,3219595921010430
"HIP_RUNTIME_API_EXT","hipMalloc",2659034,2659034,3070,3219595921010771,3219595921011736
"HIP_RUNTIME_API_EXT","hipSetDevice",2659034,2659034,3071,3219595921012150,3219595921012202
"HIP_RUNTIME_API_EXT","hipLaunchKernel",2659034,2659034,3072,3219595921012757,3219595921017793
"HIP_RUNTIME_API_EXT","hipGetLastError",2659034,2659034,3073,3219595921018333,3219595921018377
"HIP_RUNTIME_API_EXT","hipSetDevice",2659034,2659034,3074,3219595921019108,3219595921019170
"HIP_RUNTIME_API_EXT","hipMalloc",2659034,2659034,3075,3219595921019514,3219595921020564
"HIP_RUNTIME_API_EXT","hipSetDevice",2659034,2659034,3076,3219595921020921,3219595921020978
"HIP_RUNTIME_API_EXT","hipLaunchKernel",2659034,2659034,3077,3219595921021478,3219595921025476
"HIP_RUNTIME_API_EXT","hipGetLastError",2659034,2659034,3078,3219595921025844,3219595921025893
"HIP_RUNTIME_API_EXT","hipSetDevice",2659034,2659034,3079,3219595921026880,3219595921026940
"HIP_RUNTIME_API_EXT","hipMalloc",2659034,2659034,3080,3219595921027337,3219595921028329
"HIP_RUNTIME_API_EXT","hipSetDevice",2659034,2659034,3081,3219595921029082,3219595921029135
"HIP_RUNTIME_API_EXT","hipLaunchKernel",2659034,2659034,3082,3219595921029710,3219595921033425
"HIP_RUNTIME_API_EXT","hipGetLastError",2659034,2659034,3083,3219595921034003,3219595921034046
"HIP_RUNTIME_API_EXT","hipSetDevice",2659034,2659034,3084,3219595921034652,3219595921034709
"HIP_RUNTIME_API_EXT","hipMalloc",2659034,2659034,3085,3219595921035040,3219595921036066
"HIP_RUNTIME_API_EXT","hipSetDevice",2659034,2659034,3086,3219595921036593,3219595921036649
"HIP_RUNTIME_API_EXT","hipLaunchKernel",2659034,2659034,3087,3219595921037369,3219595921042503
"HIP_RUNTIME_API_EXT","hipGetLastError",2659034,2659034,3088,3219595921042937,3219595921042983
"HIP_RUNTIME_API_EXT","hipSetDevice",2659034,2659034,3089,3219595921043363,3219595921043420
"HIP_RUNTIME_API_EXT","hipFree",2659034,2659034,3090,3219595921043776,3219595921057507
"HIP_RUNTIME_API_EXT","hipSetDevice",2659034,2659034,3091,3219595921058180,3219595921058233
"HIP_RUNTIME_API_EXT","hipFree",2659034,2659034,3092,3219595921058629,3219595921059617
"HIP_RUNTIME_API_EXT","hipSetDevice",2659034,2659034,3093,3219595921060324,3219595921060383
"HIP_RUNTIME_API_EXT","hipMalloc",2659034,2659034,3094,3219595921060721,3219595921061647
"HIP_RUNTIME_API_EXT","hipSetDevice",2659034,2659034,3095,3219595921062018,3219595921062072
"HIP_RUNTIME_API_EXT","hipLaunchKernel",2659034,2659034,3096,3219595921062603,3219595921066171
"HIP_RUNTIME_API_EXT","hipGetLastError",2659034,2659034,3097,3219595921066543,3219595921066589
"HIP_RUNTIME_API_EXT","hipSetDevice",2659034,2659034,3098,3219595921067165,3219595921067225
"HIP_RUNTIME_API_EXT","hipFree",2659034,2659034,3099,3219595921067597,3219595921092865
"HIP_RUNTIME_API_EXT","hipSetDevice",2659034,2659034,3100,3219595921093909,3219595921093964
"HIP_RUNTIME_API_EXT","hipMalloc",2659034,2659034,3101,3219595921094283,3219595921095116
"HIP_RUNTIME_API_EXT","hipSetDevice",2659034,2659034,3102,3219595921095667,3219595921095719
"HIP_RUNTIME_API_EXT","hipLaunchKernel",2659034,2659034,3103,3219595921096350,3219595921100045
"HIP_RUNTIME_API_EXT","hipGetLastError",2659034,2659034,3104,3219595921100660,3219595921100756
"HIP_RUNTIME_API_EXT","hipSetDevice",2659034,2659034,3105,3219595921101145,3219595921101207
"HIP_RUNTIME_API_EXT","hipFree",2659034,2659034,3106,3219595921101575,3219595921113437
"HIP_RUNTIME_API_EXT","hipSetDevice",2659034,2659034,3107,3219595921114018,3219595921114109
"HIP_RUNTIME_API_EXT","hipFree",2659034,2659034,3108,3219595921114771,3219595921115849
"HIP_RUNTIME_API_EXT","hipSetDevice",2659034,2659034,3109,3219595921116218,3219595921116271
"HIP_RUNTIME_API_EXT","hipFree",2659034,2659034,3110,3219595921116603,3219595921117706
"HIP_RUNTIME_API_EXT","hipSetDevice",2659034,2659034,3111,3219595921118073,3219595921118126
"HIP_RUNTIME_API_EXT","hipFree",2659034,2659034,3112,3219595921118477,3219595921121070
"HIP_RUNTIME_API_EXT","hipSetDevice",2659034,2659034,3113,3219595921121466,3219595921121523
"HIP_RUNTIME_API_EXT","hipFree",2659034,2659034,3114,3219595921121947,3219595921123225
"HIP_RUNTIME_API_EXT","hipSetDevice",2659034,2659034,3115,3219595921123933,3219595921123990
"HIP_RUNTIME_API_EXT","hipMalloc",2659034,2659034,3116,3219595921124515,3219595921125572
"HIP_RUNTIME_API_EXT","hipSetDevice",2659034,2659034,3117,3219595921125982,3219595921126035
"HIP_RUNTIME_API_EXT","hipLaunchKernel",2659034,2659034,3118,3219595921126812,3219595921131229
"HIP_RUNTIME_API_EXT","hipGetLastError",2659034,2659034,3119,3219595921131687,3219595921131778
"HIP_RUNTIME_API_EXT","hipSetDevice",2659034,2659034,3120,3219595921132462,3219595921132517
"HIP_RUNTIME_API_EXT","hipMalloc",2659034,2659034,3121,3219595921132939,3219595921133938
"HIP_RUNTIME_API_EXT","hipSetDevice",2659034,2659034,3122,3219595921134318,3219595921134376
"HIP_RUNTIME_API_EXT","hipLaunchKernel",2659034,2659034,3123,3219595921134887,3219595921138268
"HIP_RUNTIME_API_EXT","hipGetLastError",2659034,2659034,3124,3219595921138696,3219595921138740
"HIP_RUNTIME_API_EXT","hipSetDevice",2659034,2659034,3125,3219595921139849,3219595921139908
"HIP_RUNTIME_API_EXT","hipMalloc",2659034,2659034,3126,3219595921140302,3219595921141335
"HIP_RUNTIME_API_EXT","hipSetDevice",2659034,2659034,3127,3219595921141902,3219595921141955
"HIP_RUNTIME_API_EXT","hipLaunchKernel",2659034,2659034,3128,3219595921142558,3219595921146362
"HIP_RUNTIME_API_EXT","hipGetLastError",2659034,2659034,3129,3219595921146753,3219595921146795
"HIP_RUNTIME_API_EXT","hipSetDevice",2659034,2659034,3130,3219595921147544,3219595921147605
"HIP_RUNTIME_API_EXT","hipMalloc",2659034,2659034,3131,3219595921148033,3219595921149322
"HIP_RUNTIME_API_EXT","hipSetDevice",2659034,2659034,3132,3219595921149671,3219595921149725
"HIP_RUNTIME_API_EXT","hipLaunchKernel",2659034,2659034,3133,3219595921150226,3219595921163005
"HIP_RUNTIME_API_EXT","hipGetLastError",2659034,2659034,3134,3219595921163451,3219595921163508
"HIP_RUNTIME_API_EXT","hipSetDevice",2659034,2659034,3135,3219595921164916,3219595921164979
"HIP_RUNTIME_API_EXT","hipMalloc",2659034,2659034,3136,3219595921165468,3219595921166731
"HIP_RUNTIME_API_EXT","hipSetDevice",2659034,2659034,3137,3219595921167357,3219595921167413
"HIP_RUNTIME_API_EXT","hipLaunchKernel",2659034,2659034,3138,3219595921167915,3219595921171871
"HIP_RUNTIME_API_EXT","hipGetLastError",2659034,2659034,3139,3219595921172353,3219595921172404
"HIP_RUNTIME_API_EXT","hipSetDevice",2659034,2659034,3140,3219595921173088,3219595921173152
"HIP_RUNTIME_API_EXT","hipMalloc",2659034,2659034,3141,3219595921173495,3219595921174671
"HIP_RUNTIME_API_EXT","hipSetDevice",2659034,2659034,3142,3219595921175043,3219595921175101
"HIP_RUNTIME_API_EXT","hipLaunchKernel",2659034,2659034,3143,3219595921175595,3219595921179772
"HIP_RUNTIME_API_EXT","hipGetLastError",2659034,2659034,3144,3219595921180162,3219595921180212
"HIP_RUNTIME_API_EXT","hipSetDevice",2659034,2659034,3145,3219595921181201,3219595921181256
"HIP_RUNTIME_API_EXT","hipLaunchKernel",2659034,2659034,3146,3219595921181786,3219595921186008
"HIP_RUNTIME_API_EXT","hipGetLastError",2659034,2659034,3147,3219595921186435,3219595921186542
"HIP_RUNTIME_API_EXT","hipSetDevice",2659034,2659034,3148,3219595921187265,3219595921187324
"HIP_RUNTIME_API_EXT","hipMalloc",2659034,2659034,3149,3219595921188635,3219595921189984
"HIP_RUNTIME_API_EXT","hipSetDevice",2659034,2659034,3150,3219595921190447,3219595921190512
"HIP_RUNTIME_API_EXT","hipLaunchKernel",2659034,2659034,3151,3219595921193205,3219595921197260
"HIP_RUNTIME_API_EXT","hipGetLastError",2659034,2659034,3152,3219595921197725,3219595921197769
"HIP_RUNTIME_API_EXT","hipSetDevice",2659034,2659034,3153,3219595921198798,3219595921198855
"HIP_RUNTIME_API_EXT","hipMalloc",2659034,2659034,3154,3219595921199180,3219595921200442
"HIP_RUNTIME_API_EXT","hipSetDevice",2659034,2659034,3155,3219595921200823,3219595921200880
"HIP_RUNTIME_API_EXT","hipLaunchKernel",2659034,2659034,3156,3219595921201401,3219595921205128
"HIP_RUNTIME_API_EXT","hipGetLastError",2659034,2659034,3157,3219595921205649,3219595921205688
"HIP_RUNTIME_API_EXT","hipSetDevice",2659034,2659034,3158,3219595921206495,3219595921206548
"HIP_RUNTIME_API_EXT","hipFree",2659034,2659034,3159,3219595921207055,3219595921228883
"HIP_RUNTIME_API_EXT","hipSetDevice",2659034,2659034,3160,3219595921229741,3219595921229797
"HIP_RUNTIME_API_EXT","hipFree",2659034,2659034,3161,3219595921230115,3219595921231114
"HIP_RUNTIME_API_EXT","hipSetDevice",2659034,2659034,3162,3219595921231537,3219595921231591
"HIP_RUNTIME_API_EXT","hipFree",2659034,2659034,3163,3219595921231920,3219595921233007
"HIP_RUNTIME_API_EXT","hipSetDevice",2659034,2659034,3164,3219595921233356,3219595921233413
"HIP_RUNTIME_API_EXT","hipFree",2659034,2659034,3165,3219595921233724,3219595921235072
"HIP_RUNTIME_API_EXT","hipSetDevice",2659034,2659034,3166,3219595921235448,3219595921235507
"HIP_RUNTIME_API_EXT","hipFree",2659034,2659034,3167,3219595921235815,3219595921237128
"HIP_RUNTIME_API_EXT","hipSetDevice",2659034,2659034,3168,3219595921237501,3219595921237582
"HIP_RUNTIME_API_EXT","hipFree",2659034,2659034,3169,3219595921237881,3219595921239164
"HIP_RUNTIME_API_EXT","hipSetDevice",2659034,2659034,3170,3219595921239807,3219595921239865
"HIP_RUNTIME_API_EXT","hipFree",2659034,2659034,3171,3219595921240167,3219595921241490
"HIP_RUNTIME_API_EXT","hipSetDevice",2659034,2659034,3172,3219595921242081,3219595921242141
"HIP_RUNTIME_API_EXT","hipMalloc",2659034,2659034,3173,3219595921243741,3219595921245328
"HIP_RUNTIME_API_EXT","hipSetDevice",2659034,2659034,3174,3219595921245814,3219595921245867
"HIP_RUNTIME_API_EXT","hipMalloc",2659034,2659034,3175,3219595921246352,3219595921247207
"HIP_RUNTIME_API_EXT","hipSetDevice",2659034,2659034,3176,3219595921247805,3219595921247861
"HIP_RUNTIME_API_EXT","hipLaunchKernel",2659034,2659034,3177,3219595921249245,3219595921273439
"HIP_RUNTIME_API_EXT","hipGetLastError",2659034,2659034,3178,3219595921274039,3219595921274082
"HIP_RUNTIME_API_EXT","hipSetDevice",2659034,2659034,3179,3219595921275355,3219595921275417
"HIP_RUNTIME_API_EXT","hipMalloc",2659034,2659034,3180,3219595921275793,3219595921276850
"HIP_RUNTIME_API_EXT","hipSetDevice",2659034,2659034,3181,3219595921277282,3219595921277341
"HIP_RUNTIME_API_EXT","hipLaunchKernel",2659034,2659034,3182,3219595921278301,3219595921284325
"HIP_RUNTIME_API_EXT","hipGetLastError",2659034,2659034,3183,3219595921284678,3219595921284721
"HIP_RUNTIME_API_EXT","hipSetDevice",2659034,2659034,3184,3219595921285383,3219595921285442
"HIP_RUNTIME_API_EXT","hipMalloc",2659034,2659034,3185,3219595921285775,3219595921286816
"HIP_RUNTIME_API_EXT","hipSetDevice",2659034,2659034,3186,3219595921287171,3219595921287225
"HIP_RUNTIME_API_EXT","hipLaunchKernel",2659034,2659034,3187,3219595921287733,3219595921292205
"HIP_RUNTIME_API_EXT","hipGetLastError",2659034,2659034,3188,3219595921292561,3219595921292603
"HIP_RUNTIME_API_EXT","hipSetDevice",2659034,2659034,3189,3219595921293072,3219595921293127
"HIP_RUNTIME_API_EXT","hipMalloc",2659034,2659034,3190,3219595921293455,3219595921294474
"HIP_RUNTIME_API_EXT","hipSetDevice",2659034,2659034,3191,3219595921294946,3219595921295004
"HIP_RUNTIME_API_EXT","hipLaunchKernel",2659034,2659034,3192,3219595921295613,3219595921299372
"HIP_RUNTIME_API_EXT","hipGetLastError",2659034,2659034,3193,3219595921299698,3219595921299741
"HIP_RUNTIME_API_EXT","hipSetDevice",2659034,2659034,3194,3219595921300107,3219595921300169
"HIP_RUNTIME_API_EXT","hipFree",2659034,2659034,3195,3219595921300572,3219595921316470
"HIP_RUNTIME_API_EXT","hipSetDevice",2659034,2659034,3196,3219595921317415,3219595921317482
"HIP_RUNTIME_API_EXT","hipFree",2659034,2659034,3197,3219595921317822,3219595921318874
"HIP_RUNTIME_API_EXT","hipSetDevice",2659034,2659034,3198,3219595921319623,3219595921319682
"HIP_RUNTIME_API_EXT","hipMalloc",2659034,2659034,3199,3219595921320094,3219595921320930
"HIP_RUNTIME_API_EXT","hipSetDevice",2659034,2659034,3200,3219595921321345,3219595921321401
"HIP_RUNTIME_API_EXT","hipLaunchKernel",2659034,2659034,3201,3219595921322183,3219595921325794
"HIP_RUNTIME_API_EXT","hipGetLastError",2659034,2659034,3202,3219595921326202,3219595921326243
"HIP_RUNTIME_API_EXT","hipSetDevice",2659034,2659034,3203,3219595921326740,3219595921326796
"HIP_RUNTIME_API_EXT","hipFree",2659034,2659034,3204,3219595921327150,3219595921352782
"HIP_RUNTIME_API_EXT","hipSetDevice",2659034,2659034,3205,3219595921353757,3219595921353811
"HIP_RUNTIME_API_EXT","hipMalloc",2659034,2659034,3206,3219595921354266,3219595921355199
"HIP_RUNTIME_API_EXT","hipSetDevice",2659034,2659034,3207,3219595921355716,3219595921355777
"HIP_RUNTIME_API_EXT","hipLaunchKernel",2659034,2659034,3208,3219595921356513,3219595921360460
"HIP_RUNTIME_API_EXT","hipGetLastError",2659034,2659034,3209,3219595921360911,3219595921360953
"HIP_RUNTIME_API_EXT","hipSetDevice",2659034,2659034,3210,3219595921361333,3219595921361393
"HIP_RUNTIME_API_EXT","hipFree",2659034,2659034,3211,3219595921361798,3219595921372919
"HIP_RUNTIME_API_EXT","hipSetDevice",2659034,2659034,3212,3219595921373638,3219595921373693
"HIP_RUNTIME_API_EXT","hipFree",2659034,2659034,3213,3219595921374045,3219595921375097
"HIP_RUNTIME_API_EXT","hipSetDevice",2659034,2659034,3214,3219595921375482,3219595921375535
"HIP_RUNTIME_API_EXT","hipFree",2659034,2659034,3215,3219595921375919,3219595921376980
"HIP_RUNTIME_API_EXT","hipSetDevice",2659034,2659034,3216,3219595921377400,3219595921377454
"HIP_RUNTIME_API_EXT","hipFree",2659034,2659034,3217,3219595921377801,3219595921379114
"HIP_RUNTIME_API_EXT","hipSetDevice",2659034,2659034,3218,3219595921379496,3219595921379551
"HIP_RUNTIME_API_EXT","hipFree",2659034,2659034,3219,3219595921380169,3219595921381446
"HIP_RUNTIME_API_EXT","hipSetDevice",2659034,2659034,3220,3219595921382173,3219595921382227
"HIP_RUNTIME_API_EXT","hipMalloc",2659034,2659034,3221,3219595921382606,3219595921383646
"HIP_RUNTIME_API_EXT","hipSetDevice",2659034,2659034,3222,3219595921384026,3219595921384086
"HIP_RUNTIME_API_EXT","hipLaunchKernel",2659034,2659034,3223,3219595921384613,3219595921388806
"HIP_RUNTIME_API_EXT","hipGetLastError",2659034,2659034,3224,3219595921389227,3219595921389272
"HIP_RUNTIME_API_EXT","hipSetDevice",2659034,2659034,3225,3219595921389628,3219595921389684
"HIP_RUNTIME_API_EXT","hipFree",2659034,2659034,3226,3219595921390026,3219595921401286
"HIP_RUNTIME_API_EXT","hipSetDevice",2659034,2659034,3227,3219595921402344,3219595921402400
"HIP_RUNTIME_API_EXT","hipMalloc",2659034,2659034,3228,3219595921402736,3219595921403554
"HIP_RUNTIME_API_EXT","hipSetDevice",2659034,2659034,3229,3219595921403933,3219595921403992
"HIP_RUNTIME_API_EXT","hipLaunchKernel",2659034,2659034,3230,3219595921404511,3219595921407998
"HIP_RUNTIME_API_EXT","hipGetLastError",2659034,2659034,3231,3219595921408395,3219595921408438
"HIP_RUNTIME_API_EXT","hipSetDevice",2659034,2659034,3232,3219595921409244,3219595921409306
"HIP_RUNTIME_API_EXT","hipFree",2659034,2659034,3233,3219595921409656,3219595921427372
"HIP_RUNTIME_API_EXT","hipSetDevice",2659034,2659034,3234,3219595921427828,3219595921427890
"HIP_RUNTIME_API_EXT","hipFree",2659034,2659034,3235,3219595921428365,3219595921429631
"HIP_RUNTIME_API_EXT","hipSetDevice",2659034,2659034,3236,3219595921430279,3219595921430333
"HIP_RUNTIME_API_EXT","hipFree",2659034,2659034,3237,3219595921430686,3219595921431880
"HIP_RUNTIME_API_EXT","hipSetDevice",2659034,2659034,3238,3219595921432339,3219595921432395
"HIP_RUNTIME_API_EXT","hipFree",2659034,2659034,3239,3219595921432729,3219595921433806
"HIP_RUNTIME_API_EXT","hipSetDevice",2659034,2659034,3240,3219595921434541,3219595921434595
"HIP_RUNTIME_API_EXT","hipMemcpy",2659034,2659034,3241,3219595921434952,3219595921445625
"HIP_RUNTIME_API_EXT","hipSetDevice",2659034,2659034,3242,3219595921446205,3219595921446273
"HIP_RUNTIME_API_EXT","hipMemcpy",2659034,2659034,3243,3219595921446592,3219595921450379
"HIP_RUNTIME_API_EXT","hipSetDevice",2659034,2659034,3244,3219595921450972,3219595921451037
"HIP_RUNTIME_API_EXT","hipMemcpy",2659034,2659034,3245,3219595921451450,3219595921455349
"HIP_RUNTIME_API_EXT","hipSetDevice",2659034,2659034,3246,3219595921455899,3219595921455957
"HIP_RUNTIME_API_EXT","hipFree",2659034,2659034,3247,3219595921456292,3219595921467942
"HIP_RUNTIME_API_EXT","hipSetDevice",2659034,2659034,3248,3219595921469575,3219595921469637
"HIP_RUNTIME_API_EXT","hipMalloc",2659034,2659034,3249,3219595921469974,3219595921470799
"HIP_RUNTIME_API_EXT","hipSetDevice",2659034,2659034,3250,3219595921471205,3219595921471262
"HIP_RUNTIME_API_EXT","hipMemcpy",2659034,2659034,3251,3219595921471620,3219595921488424
"HIP_RUNTIME_API_EXT","hipSetDevice",2659034,2659034,3252,3219595921489268,3219595921489328
"HIP_RUNTIME_API_EXT","hipMalloc",2659034,2659034,3253,3219595921489652,3219595921490668
"HIP_RUNTIME_API_EXT","hipSetDevice",2659034,2659034,3254,3219595921491305,3219595921491359
"HIP_RUNTIME_API_EXT","hipLaunchKernel",2659034,2659034,3255,3219595921491957,3219595921495608
"HIP_RUNTIME_API_EXT","hipGetLastError",2659034,2659034,3256,3219595921496027,3219595921496128
"HIP_RUNTIME_API_EXT","hipSetDevice",2659034,2659034,3257,3219595921496831,3219595921496889
"HIP_RUNTIME_API_EXT","hipMalloc",2659034,2659034,3258,3219595921497285,3219595921498365
"HIP_RUNTIME_API_EXT","hipSetDevice",2659034,2659034,3259,3219595921498779,3219595921498837
"HIP_RUNTIME_API_EXT","hipLaunchKernel",2659034,2659034,3260,3219595921499375,3219595921503213
"HIP_RUNTIME_API_EXT","hipGetLastError",2659034,2659034,3261,3219595921503850,3219595921503892
"HIP_RUNTIME_API_EXT","hipSetDevice",2659034,2659034,3262,3219595921504559,3219595921504617
"HIP_RUNTIME_API_EXT","hipMalloc",2659034,2659034,3263,3219595921505174,3219595921506385
"HIP_RUNTIME_API_EXT","hipSetDevice",2659034,2659034,3264,3219595921506777,3219595921506832
"HIP_RUNTIME_API_EXT","hipLaunchKernel",2659034,2659034,3265,3219595921507778,3219595921511406
"HIP_RUNTIME_API_EXT","hipGetLastError",2659034,2659034,3266,3219595921511950,3219595921511992
"HIP_RUNTIME_API_EXT","hipSetDevice",2659034,2659034,3267,3219595921512969,3219595921513036
"HIP_RUNTIME_API_EXT","hipMalloc",2659034,2659034,3268,3219595921513414,3219595921514550
"HIP_RUNTIME_API_EXT","hipSetDevice",2659034,2659034,3269,3219595921514991,3219595921515045
"HIP_RUNTIME_API_EXT","hipLaunchKernel",2659034,2659034,3270,3219595921515748,3219595921519623
"HIP_RUNTIME_API_EXT","hipGetLastError",2659034,2659034,3271,3219595921520126,3219595921520170
"HIP_RUNTIME_API_EXT","hipSetDevice",2659034,2659034,3272,3219595921520955,3219595921521012
"HIP_RUNTIME_API_EXT","hipMalloc",2659034,2659034,3273,3219595921521348,3219595921522602
"HIP_RUNTIME_API_EXT","hipSetDevice",2659034,2659034,3274,3219595921523019,3219595921523072
"HIP_RUNTIME_API_EXT","hipLaunchKernel",2659034,2659034,3275,3219595921523607,3219595921527664
"HIP_RUNTIME_API_EXT","hipGetLastError",2659034,2659034,3276,3219595921528049,3219595921528092
"HIP_RUNTIME_API_EXT","hipSetDevice",2659034,2659034,3277,3219595921528896,3219595921528954
"HIP_RUNTIME_API_EXT","hipMalloc",2659034,2659034,3278,3219595921529304,3219595921530628
"HIP_RUNTIME_API_EXT","hipSetDevice",2659034,2659034,3279,3219595921531041,3219595921531096
"HIP_RUNTIME_API_EXT","hipLaunchKernel",2659034,2659034,3280,3219595921531667,3219595921535120
"HIP_RUNTIME_API_EXT","hipGetLastError",2659034,2659034,3281,3219595921535704,3219595921535752
"HIP_RUNTIME_API_EXT","hipSetDevice",2659034,2659034,3282,3219595921536576,3219595921536635
"HIP_RUNTIME_API_EXT","hipMalloc",2659034,2659034,3283,3219595921536961,3219595921539551
"HIP_RUNTIME_API_EXT","hipSetDevice",2659034,2659034,3284,3219595921539951,3219595921540011
"HIP_RUNTIME_API_EXT","hipLaunchKernel",2659034,2659034,3285,3219595921540498,3219595921544020
"HIP_RUNTIME_API_EXT","hipGetLastError",2659034,2659034,3286,3219595921544762,3219595921544806
"HIP_RUNTIME_API_EXT","hipSetDevice",2659034,2659034,3287,3219595921545539,3219595921545601
"HIP_RUNTIME_API_EXT","hipMalloc",2659034,2659034,3288,3219595921546035,3219595921547063
"HIP_RUNTIME_API_EXT","hipSetDevice",2659034,2659034,3289,3219595921548531,3219595921548586
"HIP_RUNTIME_API_EXT","hipLaunchKernel",2659034,2659034,3290,3219595921549075,3219595921553831
"HIP_RUNTIME_API_EXT","hipGetLastError",2659034,2659034,3291,3219595921554499,3219595921554549
"HIP_RUNTIME_API_EXT","hipSetDevice",2659034,2659034,3292,3219595921555071,3219595921555131
"HIP_RUNTIME_API_EXT","hipMalloc",2659034,2659034,3293,3219595921555504,3219595921556598
"HIP_RUNTIME_API_EXT","hipSetDevice",2659034,2659034,3294,3219595921556976,3219595921557034
"HIP_RUNTIME_API_EXT","hipLaunchKernel",2659034,2659034,3295,3219595921557573,3219595921561064
"HIP_RUNTIME_API_EXT","hipGetLastError",2659034,2659034,3296,3219595921561487,3219595921561531
"HIP_RUNTIME_API_EXT","hipSetDevice",2659034,2659034,3297,3219595921561904,3219595921561960
"HIP_RUNTIME_API_EXT","hipFree",2659034,2659034,3298,3219595921563518,3219595921578231
"HIP_RUNTIME_API_EXT","hipSetDevice",2659034,2659034,3299,3219595921580432,3219595921580494
"HIP_RUNTIME_API_EXT","hipMalloc",2659034,2659034,3300,3219595921580834,3219595921581840
"HIP_RUNTIME_API_EXT","hipSetDevice",2659034,2659034,3301,3219595921582344,3219595921582401
"HIP_RUNTIME_API_EXT","hipLaunchKernel",2659034,2659034,3302,3219595921582948,3219595921586889
"HIP_RUNTIME_API_EXT","hipGetLastError",2659034,2659034,3303,3219595921587266,3219595921587327
"HIP_RUNTIME_API_EXT","hipSetDevice",2659034,2659034,3304,3219595921587687,3219595921587751
"HIP_RUNTIME_API_EXT","hipFree",2659034,2659034,3305,3219595921588189,3219595921599508
"HIP_RUNTIME_API_EXT","hipSetDevice",2659034,2659034,3306,3219595921600221,3219595921600285
"HIP_RUNTIME_API_EXT","hipMalloc",2659034,2659034,3307,3219595921600624,3219595921601653
"HIP_RUNTIME_API_EXT","hipSetDevice",2659034,2659034,3308,3219595921602218,3219595921602281
"HIP_RUNTIME_API_EXT","hipMemcpy",2659034,2659034,3309,3219595921602711,3219595921606487
"HIP_RUNTIME_API_EXT","hipSetDevice",2659034,2659034,3310,3219595921606958,3219595921607021
"HIP_RUNTIME_API_EXT","hipMemcpy",2659034,2659034,3311,3219595921607332,3219595921610870
"HIP_RUNTIME_API_EXT","hipSetDevice",2659034,2659034,3312,3219595921611649,3219595921611712
"HIP_RUNTIME_API_EXT","hipMalloc",2659034,2659034,3313,3219595921612034,3219595921613374
"HIP_RUNTIME_API_EXT","hipSetDevice",2659034,2659034,3314,3219595921614203,3219595921614264
"HIP_RUNTIME_API_EXT","hipMemcpy",2659034,2659034,3315,3219595921614669,3219595921618475
"HIP_RUNTIME_API_EXT","hipSetDevice",2659034,2659034,3316,3219595921619438,3219595921619551
"HIP_RUNTIME_API_EXT","hipMemcpy",2659034,2659034,3317,3219595921620165,3219595921624332
"HIP_RUNTIME_API_EXT","hipSetDevice",2659034,2659034,3318,3219595921624804,3219595921624860
"HIP_RUNTIME_API_EXT","hipMalloc",2659034,2659034,3319,3219595921625184,3219595921627613
"HIP_RUNTIME_API_EXT","hipSetDevice",2659034,2659034,3320,3219595921627998,3219595921628057
"HIP_RUNTIME_API_EXT","hipLaunchKernel",2659034,2659034,3321,3219595921628622,3219595921648704
"HIP_RUNTIME_API_EXT","hipGetLastError",2659034,2659034,3322,3219595921649299,3219595921649410
"HIP_RUNTIME_API_EXT","hipSetDevice",2659034,2659034,3323,3219595921650003,3219595921650088
"HIP_RUNTIME_API_EXT","hipMalloc",2659034,2659034,3324,3219595921650469,3219595921652029
"HIP_RUNTIME_API_EXT","hipSetDevice",2659034,2659034,3325,3219595921652562,3219595921652621
"HIP_RUNTIME_API_EXT","hipLaunchKernel",2659034,2659034,3326,3219595921653445,3219595921657490
"HIP_RUNTIME_API_EXT","hipGetLastError",2659034,2659034,3327,3219595921657910,3219595921657958
"HIP_RUNTIME_API_EXT","hipSetDevice",2659034,2659034,3328,3219595921658603,3219595921658662
"HIP_RUNTIME_API_EXT","hipFree",2659034,2659034,3329,3219595921659323,3219595921671957
"HIP_RUNTIME_API_EXT","hipSetDevice",2659034,2659034,3330,3219595921672566,3219595921672626
"HIP_RUNTIME_API_EXT","hipMalloc",2659034,2659034,3331,3219595921672954,3219595921673703
"HIP_RUNTIME_API_EXT","hipSetDevice",2659034,2659034,3332,3219595921674241,3219595921674300
"HIP_RUNTIME_API_EXT","hipLaunchKernel",2659034,2659034,3333,3219595921674855,3219595921679064
"HIP_RUNTIME_API_EXT","hipGetLastError",2659034,2659034,3334,3219595921679460,3219595921679504
"HIP_RUNTIME_API_EXT","hipSetDevice",2659034,2659034,3335,3219595921680063,3219595921680118
"HIP_RUNTIME_API_EXT","hipFree",2659034,2659034,3336,3219595921680470,3219595921698388
"HIP_RUNTIME_API_EXT","hipSetDevice",2659034,2659034,3337,3219595921698868,3219595921698923
"HIP_RUNTIME_API_EXT","hipFree",2659034,2659034,3338,3219595921699378,3219595921700450
"HIP_RUNTIME_API_EXT","hipSetDevice",2659034,2659034,3339,3219595921700901,3219595921700956
"HIP_RUNTIME_API_EXT","hipFree",2659034,2659034,3340,3219595921701513,3219595921702540
"HIP_RUNTIME_API_EXT","hipSetDevice",2659034,2659034,3341,3219595921702964,3219595921703017
"HIP_RUNTIME_API_EXT","hipFree",2659034,2659034,3342,3219595921703451,3219595921704419
"HIP_RUNTIME_API_EXT","hipSetDevice",2659034,2659034,3343,3219595921704861,3219595921704917
"HIP_RUNTIME_API_EXT","hipFree",2659034,2659034,3344,3219595921705222,3219595921706308
"HIP_RUNTIME_API_EXT","hipSetDevice",2659034,2659034,3345,3219595921706668,3219595921706723
"HIP_RUNTIME_API_EXT","hipFree",2659034,2659034,3346,3219595921707026,3219595921708059
"HIP_RUNTIME_API_EXT","hipSetDevice",2659034,2659034,3347,3219595921708742,3219595921708796
"HIP_RUNTIME_API_EXT","hipFree",2659034,2659034,3348,3219595921709195,3219595921710270
"HIP_RUNTIME_API_EXT","hipSetDevice",2659034,2659034,3349,3219595921710759,3219595921710817
"HIP_RUNTIME_API_EXT","hipMalloc",2659034,2659034,3350,3219595921711246,3219595921712148
"HIP_RUNTIME_API_EXT","hipSetDevice",2659034,2659034,3351,3219595921712530,3219595921712588
"HIP_RUNTIME_API_EXT","hipLaunchKernel",2659034,2659034,3352,3219595921713181,3219595921717064
"HIP_RUNTIME_API_EXT","hipGetLastError",2659034,2659034,3353,3219595921717463,3219595921717506
"HIP_RUNTIME_API_EXT","hipSetDevice",2659034,2659034,3354,3219595921717917,3219595921717980
"HIP_RUNTIME_API_EXT","hipFree",2659034,2659034,3355,3219595921718327,3219595921729436
"HIP_RUNTIME_API_EXT","hipSetDevice",2659034,2659034,3356,3219595921729900,3219595921729962
"HIP_RUNTIME_API_EXT","hipFree",2659034,2659034,3357,3219595921730487,3219595921731577
"HIP_RUNTIME_API_EXT","hipSetDevice",2659034,2659034,3358,3219595921732069,3219595921732126
"HIP_RUNTIME_API_EXT","hipMalloc",2659034,2659034,3359,3219595921732482,3219595921733482
"HIP_RUNTIME_API_EXT","hipSetDevice",2659034,2659034,3360,3219595921733972,3219595921734025
"HIP_RUNTIME_API_EXT","hipLaunchKernel",2659034,2659034,3361,3219595921734662,3219595921738399
"HIP_RUNTIME_API_EXT","hipGetLastError",2659034,2659034,3362,3219595921738824,3219595921738878
"HIP_RUNTIME_API_EXT","hipSetDevice",2659034,2659034,3363,3219595921739693,3219595921739750
"HIP_RUNTIME_API_EXT","hipMalloc",2659034,2659034,3364,3219595921740105,3219595921741057
"HIP_RUNTIME_API_EXT","hipSetDevice",2659034,2659034,3365,3219595921741432,3219595921741486
"HIP_RUNTIME_API_EXT","hipLaunchKernel",2659034,2659034,3366,3219595921742078,3219595921745426
"HIP_RUNTIME_API_EXT","hipGetLastError",2659034,2659034,3367,3219595921745836,3219595921745879
"HIP_RUNTIME_API_EXT","hipSetDevice",2659034,2659034,3368,3219595921746665,3219595921746728
"HIP_RUNTIME_API_EXT","hipMalloc",2659034,2659034,3369,3219595921747433,3219595921748622
"HIP_RUNTIME_API_EXT","hipSetDevice",2659034,2659034,3370,3219595921749034,3219595921749088
"HIP_RUNTIME_API_EXT","hipLaunchKernel",2659034,2659034,3371,3219595921749622,3219595921753131
"HIP_RUNTIME_API_EXT","hipGetLastError",2659034,2659034,3372,3219595921753578,3219595921753628
"HIP_RUNTIME_API_EXT","hipSetDevice",2659034,2659034,3373,3219595921754230,3219595921754288
"HIP_RUNTIME_API_EXT","hipMalloc",2659034,2659034,3374,3219595921754649,3219595921755918
"HIP_RUNTIME_API_EXT","hipSetDevice",2659034,2659034,3375,3219595921756302,3219595921756363
"HIP_RUNTIME_API_EXT","hipLaunchKernel",2659034,2659034,3376,3219595921756947,3219595921760452
"HIP_RUNTIME_API_EXT","hipGetLastError",2659034,2659034,3377,3219595921761027,3219595921761068
"HIP_RUNTIME_API_EXT","hipSetDevice",2659034,2659034,3378,3219595921761439,3219595921761502
"HIP_RUNTIME_API_EXT","hipFree",2659034,2659034,3379,3219595921761829,3219595921777822
"HIP_RUNTIME_API_EXT","hipSetDevice",2659034,2659034,3380,3219595921778718,3219595921778774
"HIP_RUNTIME_API_EXT","hipFree",2659034,2659034,3381,3219595921779112,3219595921780119
"HIP_RUNTIME_API_EXT","hipSetDevice",2659034,2659034,3382,3219595921780850,3219595921780908
"HIP_RUNTIME_API_EXT","hipMalloc",2659034,2659034,3383,3219595921781343,3219595921782382
"HIP_RUNTIME_API_EXT","hipSetDevice",2659034,2659034,3384,3219595921782793,3219595921782845
"HIP_RUNTIME_API_EXT","hipLaunchKernel",2659034,2659034,3385,3219595921783361,3219595921786802
"HIP_RUNTIME_API_EXT","hipGetLastError",2659034,2659034,3386,3219595921787279,3219595921787322
"HIP_RUNTIME_API_EXT","hipSetDevice",2659034,2659034,3387,3219595921787894,3219595921787949
"HIP_RUNTIME_API_EXT","hipFree",2659034,2659034,3388,3219595921788290,3219595921813972
"HIP_RUNTIME_API_EXT","hipSetDevice",2659034,2659034,3389,3219595921814857,3219595921814913
"HIP_RUNTIME_API_EXT","hipMalloc",2659034,2659034,3390,3219595921815281,3219595921816149
"HIP_RUNTIME_API_EXT","hipSetDevice",2659034,2659034,3391,3219595921816520,3219595921816575
"HIP_RUNTIME_API_EXT","hipLaunchKernel",2659034,2659034,3392,3219595921817299,3219595921820760
"HIP_RUNTIME_API_EXT","hipGetLastError",2659034,2659034,3393,3219595921821252,3219595921821303
"HIP_RUNTIME_API_EXT","hipSetDevice",2659034,2659034,3394,3219595921821682,3219595921821739
"HIP_RUNTIME_API_EXT","hipFree",2659034,2659034,3395,3219595921822082,3219595921833055
"HIP_RUNTIME_API_EXT","hipSetDevice",2659034,2659034,3396,3219595921833481,3219595921833539
"HIP_RUNTIME_API_EXT","hipFree",2659034,2659034,3397,3219595921834048,3219595921834970
"HIP_RUNTIME_API_EXT","hipSetDevice",2659034,2659034,3398,3219595921835382,3219595921835439
"HIP_RUNTIME_API_EXT","hipFree",2659034,2659034,3399,3219595921835836,3219595921836888
"HIP_RUNTIME_API_EXT","hipSetDevice",2659034,2659034,3400,3219595921837270,3219595921837325
"HIP_RUNTIME_API_EXT","hipFree",2659034,2659034,3401,3219595921837751,3219595921839017
"HIP_RUNTIME_API_EXT","hipSetDevice",2659034,2659034,3402,3219595921839639,3219595921839695
"HIP_RUNTIME_API_EXT","hipMalloc",2659034,2659034,3403,3219595921840024,3219595921840944
"HIP_RUNTIME_API_EXT","hipSetDevice",2659034,2659034,3404,3219595921841326,3219595921841383
"HIP_RUNTIME_API_EXT","hipLaunchKernel",2659034,2659034,3405,3219595921842022,3219595921845714
"HIP_RUNTIME_API_EXT","hipGetLastError",2659034,2659034,3406,3219595921846135,3219595921846187
"HIP_RUNTIME_API_EXT","hipSetDevice",2659034,2659034,3407,3219595921846885,3219595921846945
"HIP_RUNTIME_API_EXT","hipMalloc",2659034,2659034,3408,3219595921847393,3219595921848355
"HIP_RUNTIME_API_EXT","hipSetDevice",2659034,2659034,3409,3219595921848722,3219595921848775
"HIP_RUNTIME_API_EXT","hipLaunchKernel",2659034,2659034,3410,3219595921849312,3219595921852584
"HIP_RUNTIME_API_EXT","hipGetLastError",2659034,2659034,3411,3219595921853028,3219595921853069
"HIP_RUNTIME_API_EXT","hipSetDevice",2659034,2659034,3412,3219595921853699,3219595921853757
"HIP_RUNTIME_API_EXT","hipMalloc",2659034,2659034,3413,3219595921854335,3219595921855319
"HIP_RUNTIME_API_EXT","hipSetDevice",2659034,2659034,3414,3219595921855894,3219595921855949
"HIP_RUNTIME_API_EXT","hipLaunchKernel",2659034,2659034,3415,3219595921856455,3219595921859938
"HIP_RUNTIME_API_EXT","hipGetLastError",2659034,2659034,3416,3219595921860400,3219595921860449
"HIP_RUNTIME_API_EXT","hipSetDevice",2659034,2659034,3417,3219595921861202,3219595921861268
"HIP_RUNTIME_API_EXT","hipMalloc",2659034,2659034,3418,3219595921861662,3219595921862766
"HIP_RUNTIME_API_EXT","hipSetDevice",2659034,2659034,3419,3219595921863112,3219595921863166
"HIP_RUNTIME_API_EXT","hipLaunchKernel",2659034,2659034,3420,3219595921863669,3219595921867008
"HIP_RUNTIME_API_EXT","hipGetLastError",2659034,2659034,3421,3219595921868232,3219595921868275
"HIP_RUNTIME_API_EXT","hipSetDevice",2659034,2659034,3422,3219595921869015,3219595921869075
"HIP_RUNTIME_API_EXT","hipMalloc",2659034,2659034,3423,3219595921869419,3219595921870416
"HIP_RUNTIME_API_EXT","hipSetDevice",2659034,2659034,3424,3219595921870802,3219595921870859
"HIP_RUNTIME_API_EXT","hipLaunchKernel",2659034,2659034,3425,3219595921871341,3219595921875035
"HIP_RUNTIME_API_EXT","hipGetLastError",2659034,2659034,3426,3219595921875463,3219595921875510
"HIP_RUNTIME_API_EXT","hipSetDevice",2659034,2659034,3427,3219595921876085,3219595921876142
"HIP_RUNTIME_API_EXT","hipMalloc",2659034,2659034,3428,3219595921877139,3219595921878531
"HIP_RUNTIME_API_EXT","hipSetDevice",2659034,2659034,3429,3219595921879094,3219595921879156
"HIP_RUNTIME_API_EXT","hipLaunchKernel",2659034,2659034,3430,3219595921879670,3219595921883212
"HIP_RUNTIME_API_EXT","hipGetLastError",2659034,2659034,3431,3219595921883617,3219595921883668
"HIP_RUNTIME_API_EXT","hipSetDevice",2659034,2659034,3432,3219595921884233,3219595921884295
"HIP_RUNTIME_API_EXT","hipMalloc",2659034,2659034,3433,3219595921884611,3219595921886949
"HIP_RUNTIME_API_EXT","hipSetDevice",2659034,2659034,3434,3219595921887385,3219595921887445
"HIP_RUNTIME_API_EXT","hipLaunchKernel",2659034,2659034,3435,3219595921887948,3219595921891741
"HIP_RUNTIME_API_EXT","hipGetLastError",2659034,2659034,3436,3219595921892175,3219595921892271
"HIP_RUNTIME_API_EXT","hipSetDevice",2659034,2659034,3437,3219595921892928,3219595921892985
"HIP_RUNTIME_API_EXT","hipMalloc",2659034,2659034,3438,3219595921893628,3219595921895106
"HIP_RUNTIME_API_EXT","hipSetDevice",2659034,2659034,3439,3219595921895522,3219595921895582
"HIP_RUNTIME_API_EXT","hipLaunchKernel",2659034,2659034,3440,3219595921896138,3219595921899509
"HIP_RUNTIME_API_EXT","hipGetLastError",2659034,2659034,3441,3219595921901175,3219595921901218
"HIP_RUNTIME_API_EXT","hipSetDevice",2659034,2659034,3442,3219595921901783,3219595921901846
"HIP_RUNTIME_API_EXT","hipFree",2659034,2659034,3443,3219595921902204,3219595921916637
"HIP_RUNTIME_API_EXT","hipSetDevice",2659034,2659034,3444,3219595921918855,3219595921918915
"HIP_RUNTIME_API_EXT","hipMalloc",2659034,2659034,3445,3219595921919248,3219595921920219
"HIP_RUNTIME_API_EXT","hipSetDevice",2659034,2659034,3446,3219595921920799,3219595921920852
"HIP_RUNTIME_API_EXT","hipLaunchKernel",2659034,2659034,3447,3219595921921441,3219595921925054
"HIP_RUNTIME_API_EXT","hipGetLastError",2659034,2659034,3448,3219595921925557,3219595921925601
"HIP_RUNTIME_API_EXT","hipSetDevice",2659034,2659034,3449,3219595921925950,3219595921926010
"HIP_RUNTIME_API_EXT","hipFree",2659034,2659034,3450,3219595921926434,3219595921937847
"HIP_RUNTIME_API_EXT","hipSetDevice",2659034,2659034,3451,3219595921938926,3219595921938984
"HIP_RUNTIME_API_EXT","hipMalloc",2659034,2659034,3452,3219595921939328,3219595921941624
"HIP_RUNTIME_API_EXT","hipSetDevice",2659034,2659034,3453,3219595921942270,3219595921942324
"HIP_RUNTIME_API_EXT","hipMemcpy",2659034,2659034,3454,3219595921942743,3219595921946577
"HIP_RUNTIME_API_EXT","hipSetDevice",2659034,2659034,3455,3219595921946925,3219595921946981
"HIP_RUNTIME_API_EXT","hipMemcpy",2659034,2659034,3456,3219595921947394,3219595921950931
"HIP_RUNTIME_API_EXT","hipSetDevice",2659034,2659034,3457,3219595921951597,3219595921951659
"HIP_RUNTIME_API_EXT","hipMalloc",2659034,2659034,3458,3219595921952012,3219595921953354
"HIP_RUNTIME_API_EXT","hipSetDevice",2659034,2659034,3459,3219595921953864,3219595921953917
"HIP_RUNTIME_API_EXT","hipMemcpy",2659034,2659034,3460,3219595921954220,3219595921958674
"HIP_RUNTIME_API_EXT","hipSetDevice",2659034,2659034,3461,3219595921959259,3219595921959328
"HIP_RUNTIME_API_EXT","hipMemcpy",2659034,2659034,3462,3219595921959644,3219595921963540
"HIP_RUNTIME_API_EXT","hipSetDevice",2659034,2659034,3463,3219595921964238,3219595921964307
"HIP_RUNTIME_API_EXT","hipMalloc",2659034,2659034,3464,3219595921964634,3219595921966143
"HIP_RUNTIME_API_EXT","hipSetDevice",2659034,2659034,3465,3219595921966507,3219595921966560
"HIP_RUNTIME_API_EXT","hipLaunchKernel",2659034,2659034,3466,3219595921967107,3219595921973291
"HIP_RUNTIME_API_EXT","hipGetLastError",2659034,2659034,3467,3219595921973772,3219595921973871
"HIP_RUNTIME_API_EXT","hipSetDevice",2659034,2659034,3468,3219595921974654,3219595921974714
"HIP_RUNTIME_API_EXT","hipMalloc",2659034,2659034,3469,3219595921975121,3219595921976244
"HIP_RUNTIME_API_EXT","hipSetDevice",2659034,2659034,3470,3219595921976674,3219595921976728
"HIP_RUNTIME_API_EXT","hipLaunchKernel",2659034,2659034,3471,3219595921977508,3219595921981341
"HIP_RUNTIME_API_EXT","hipGetLastError",2659034,2659034,3472,3219595921981756,3219595921981800
"HIP_RUNTIME_API_EXT","hipSetDevice",2659034,2659034,3473,3219595921982352,3219595921982414
"HIP_RUNTIME_API_EXT","hipFree",2659034,2659034,3474,3219595921982860,3219595921995952
"HIP_RUNTIME_API_EXT","hipSetDevice",2659034,2659034,3475,3219595921996494,3219595921996554
"HIP_RUNTIME_API_EXT","hipMalloc",2659034,2659034,3476,3219595921996884,3219595921997747
"HIP_RUNTIME_API_EXT","hipSetDevice",2659034,2659034,3477,3219595921998337,3219595921998397
"HIP_RUNTIME_API_EXT","hipLaunchKernel",2659034,2659034,3478,3219595921998885,3219595922003014
"HIP_RUNTIME_API_EXT","hipGetLastError",2659034,2659034,3479,3219595922003483,3219595922003531
"HIP_RUNTIME_API_EXT","hipSetDevice",2659034,2659034,3480,3219595922004109,3219595922004166
"HIP_RUNTIME_API_EXT","hipFree",2659034,2659034,3481,3219595922004496,3219595922022417
"HIP_RUNTIME_API_EXT","hipSetDevice",2659034,2659034,3482,3219595922022840,3219595922022898
"HIP_RUNTIME_API_EXT","hipFree",2659034,2659034,3483,3219595922023213,3219595922024272
"HIP_RUNTIME_API_EXT","hipSetDevice",2659034,2659034,3484,3219595922024612,3219595922024666
"HIP_RUNTIME_API_EXT","hipFree",2659034,2659034,3485,3219595922025217,3219595922026195
"HIP_RUNTIME_API_EXT","hipSetDevice",2659034,2659034,3486,3219595922026598,3219595922026653
"HIP_RUNTIME_API_EXT","hipFree",2659034,2659034,3487,3219595922027085,3219595922028268
"HIP_RUNTIME_API_EXT","hipSetDevice",2659034,2659034,3488,3219595922028659,3219595922028714
"HIP_RUNTIME_API_EXT","hipFree",2659034,2659034,3489,3219595922029030,3219595922030139
"HIP_RUNTIME_API_EXT","hipSetDevice",2659034,2659034,3490,3219595922030496,3219595922030550
"HIP_RUNTIME_API_EXT","hipFree",2659034,2659034,3491,3219595922030853,3219595922031938
"HIP_RUNTIME_API_EXT","hipSetDevice",2659034,2659034,3492,3219595922032299,3219595922032355
"HIP_RUNTIME_API_EXT","hipFree",2659034,2659034,3493,3219595922032818,3219595922033804
"HIP_RUNTIME_API_EXT","hipSetDevice",2659034,2659034,3494,3219595922034464,3219595922034523
"HIP_RUNTIME_API_EXT","hipMalloc",2659034,2659034,3495,3219595922034906,3219595922035762
"HIP_RUNTIME_API_EXT","hipSetDevice",2659034,2659034,3496,3219595922036130,3219595922036188
"HIP_RUNTIME_API_EXT","hipLaunchKernel",2659034,2659034,3497,3219595922036773,3219595922040795
"HIP_RUNTIME_API_EXT","hipGetLastError",2659034,2659034,3498,3219595922041213,3219595922041260
"HIP_RUNTIME_API_EXT","hipSetDevice",2659034,2659034,3499,3219595922041619,3219595922041682
"HIP_RUNTIME_API_EXT","hipFree",2659034,2659034,3500,3219595922042026,3219595922052874
"HIP_RUNTIME_API_EXT","hipSetDevice",2659034,2659034,3501,3219595922055100,3219595922055164
"HIP_RUNTIME_API_EXT","hipFree",2659034,2659034,3502,3219595922055640,3219595922056825
"HIP_RUNTIME_API_EXT","hipSetDevice",2659034,2659034,3503,3219595922057426,3219595922057479
"HIP_RUNTIME_API_EXT","hipMalloc",2659034,2659034,3504,3219595922057874,3219595922058856
"HIP_RUNTIME_API_EXT","hipSetDevice",2659034,2659034,3505,3219595922059331,3219595922059390
"HIP_RUNTIME_API_EXT","hipLaunchKernel",2659034,2659034,3506,3219595922059995,3219595922063633
"HIP_RUNTIME_API_EXT","hipGetLastError",2659034,2659034,3507,3219595922064160,3219595922064203
"HIP_RUNTIME_API_EXT","hipSetDevice",2659034,2659034,3508,3219595922065210,3219595922065267
"HIP_RUNTIME_API_EXT","hipMalloc",2659034,2659034,3509,3219595922066999,3219595922067975
"HIP_RUNTIME_API_EXT","hipSetDevice",2659034,2659034,3510,3219595922068500,3219595922068557
"HIP_RUNTIME_API_EXT","hipLaunchKernel",2659034,2659034,3511,3219595922069292,3219595922077813
"HIP_RUNTIME_API_EXT","hipGetLastError",2659034,2659034,3512,3219595922078233,3219595922078279
"HIP_RUNTIME_API_EXT","hipSetDevice",2659034,2659034,3513,3219595922079139,3219595922079198
"HIP_RUNTIME_API_EXT","hipMalloc",2659034,2659034,3514,3219595922079799,3219595922080940
"HIP_RUNTIME_API_EXT","hipSetDevice",2659034,2659034,3515,3219595922083890,3219595922083950
"HIP_RUNTIME_API_EXT","hipLaunchKernel",2659034,2659034,3516,3219595922084562,3219595922095373
"HIP_RUNTIME_API_EXT","hipGetLastError",2659034,2659034,3517,3219595922095761,3219595922095806
"HIP_RUNTIME_API_EXT","hipSetDevice",2659034,2659034,3518,3219595922100077,3219595922100133
"HIP_RUNTIME_API_EXT","hipMalloc",2659034,2659034,3519,3219595922100656,3219595922102201
"HIP_RUNTIME_API_EXT","hipSetDevice",2659034,2659034,3520,3219595922102711,3219595922102769
"HIP_RUNTIME_API_EXT","hipLaunchKernel",2659034,2659034,3521,3219595922104741,3219595922118311
"HIP_RUNTIME_API_EXT","hipGetLastError",2659034,2659034,3522,3219595922118859,3219595922118903
"HIP_RUNTIME_API_EXT","hipSetDevice",2659034,2659034,3523,3219595922119324,3219595922119379
"HIP_RUNTIME_API_EXT","hipFree",2659034,2659034,3524,3219595922119789,3219595922131622
"HIP_RUNTIME_API_EXT","hipSetDevice",2659034,2659034,3525,3219595922132171,3219595922132225
"HIP_RUNTIME_API_EXT","hipFree",2659034,2659034,3526,3219595922137432,3219595922138688
"HIP_RUNTIME_API_EXT","hipSetDevice",2659034,2659034,3527,3219595922139548,3219595922139603
"HIP_RUNTIME_API_EXT","hipMalloc",2659034,2659034,3528,3219595922140035,3219595922141118
"HIP_RUNTIME_API_EXT","hipSetDevice",2659034,2659034,3529,3219595922141465,3219595922141524
"HIP_RUNTIME_API_EXT","hipLaunchKernel",2659034,2659034,3530,3219595922142205,3219595922145896
"HIP_RUNTIME_API_EXT","hipGetLastError",2659034,2659034,3531,3219595922146308,3219595922146354
"HIP_RUNTIME_API_EXT","hipSetDevice",2659034,2659034,3532,3219595922146937,3219595922146993
"HIP_RUNTIME_API_EXT","hipFree",2659034,2659034,3533,3219595922147334,3219595922172838
"HIP_RUNTIME_API_EXT","hipSetDevice",2659034,2659034,3534,3219595922173648,3219595922173710
"HIP_RUNTIME_API_EXT","hipMalloc",2659034,2659034,3535,3219595922174037,3219595922174895
"HIP_RUNTIME_API_EXT","hipSetDevice",2659034,2659034,3536,3219595922175479,3219595922175542
"HIP_RUNTIME_API_EXT","hipLaunchKernel",2659034,2659034,3537,3219595922176055,3219595922188718
"HIP_RUNTIME_API_EXT","hipGetLastError",2659034,2659034,3538,3219595922189135,3219595922189179
"HIP_RUNTIME_API_EXT","hipSetDevice",2659034,2659034,3539,3219595922189567,3219595922189625
"HIP_RUNTIME_API_EXT","hipFree",2659034,2659034,3540,3219595922190014,3219595922201031
"HIP_RUNTIME_API_EXT","hipSetDevice",2659034,2659034,3541,3219595922201433,3219595922201494
"HIP_RUNTIME_API_EXT","hipFree",2659034,2659034,3542,3219595922202080,3219595922203318
"HIP_RUNTIME_API_EXT","hipSetDevice",2659034,2659034,3543,3219595922203698,3219595922203755
"HIP_RUNTIME_API_EXT","hipFree",2659034,2659034,3544,3219595922204078,3219595922205121
"HIP_RUNTIME_API_EXT","hipSetDevice",2659034,2659034,3545,3219595922205594,3219595922205650
"HIP_RUNTIME_API_EXT","hipFree",2659034,2659034,3546,3219595922206185,3219595922207721
"HIP_RUNTIME_API_EXT","hipSetDevice",2659034,2659034,3547,3219595922208414,3219595922208471
"HIP_RUNTIME_API_EXT","hipMalloc",2659034,2659034,3548,3219595922208918,3219595922210032
"HIP_RUNTIME_API_EXT","hipSetDevice",2659034,2659034,3549,3219595922210509,3219595922210562
"HIP_RUNTIME_API_EXT","hipLaunchKernel",2659034,2659034,3550,3219595922211356,3219595922215220
"HIP_RUNTIME_API_EXT","hipGetLastError",2659034,2659034,3551,3219595922215858,3219595922215899
"HIP_RUNTIME_API_EXT","hipSetDevice",2659034,2659034,3552,3219595922216473,3219595922216532
"HIP_RUNTIME_API_EXT","hipFree",2659034,2659034,3553,3219595922216880,3219595922228056
"HIP_RUNTIME_API_EXT","hipSetDevice",2659034,2659034,3554,3219595922229473,3219595922229531
"HIP_RUNTIME_API_EXT","hipMalloc",2659034,2659034,3555,3219595922229857,3219595922230740
"HIP_RUNTIME_API_EXT","hipSetDevice",2659034,2659034,3556,3219595922231223,3219595922231281
"HIP_RUNTIME_API_EXT","hipLaunchKernel",2659034,2659034,3557,3219595922231795,3219595922235288
"HIP_RUNTIME_API_EXT","hipGetLastError",2659034,2659034,3558,3219595922235808,3219595922235855
"HIP_RUNTIME_API_EXT","hipSetDevice",2659034,2659034,3559,3219595922236536,3219595922236591
"HIP_RUNTIME_API_EXT","hipFree",2659034,2659034,3560,3219595922236951,3219595922254451
"HIP_RUNTIME_API_EXT","hipSetDevice",2659034,2659034,3561,3219595922254871,3219595922254930
"HIP_RUNTIME_API_EXT","hipFree",2659034,2659034,3562,3219595922255524,3219595922256881
"HIP_RUNTIME_API_EXT","hipSetDevice",2659034,2659034,3563,3219595922257877,3219595922257935
"HIP_RUNTIME_API_EXT","hipMemcpy",2659034,2659034,3564,3219595922258252,3219595922262523
"HIP_RUNTIME_API_EXT","hipSetDevice",2659034,2659034,3565,3219595922262937,3219595922262994
"HIP_RUNTIME_API_EXT","hipMemcpy",2659034,2659034,3566,3219595922263445,3219595922267097
"HIP_RUNTIME_API_EXT","hipSetDevice",2659034,2659034,3567,3219595922267617,3219595922267682
"HIP_RUNTIME_API_EXT","hipMemcpy",2659034,2659034,3568,3219595922268164,3219595922271976
"HIP_RUNTIME_API_EXT","hipSetDevice",2659034,2659034,3569,3219595922272391,3219595922272453
"HIP_RUNTIME_API_EXT","hipMemcpy",2659034,2659034,3570,3219595922272892,3219595922277237
"HIP_RUNTIME_API_EXT","hipSetDevice",2659034,2659034,3571,3219595922278043,3219595922278112
"HIP_RUNTIME_API_EXT","hipMemcpy",2659034,2659034,3572,3219595922278562,3219595922282864
"HIP_RUNTIME_API_EXT","hipSetDevice",2659034,2659034,3573,3219595922283367,3219595922283430
"HIP_RUNTIME_API_EXT","hipMemcpy",2659034,2659034,3574,3219595922283979,3219595922289035
"HIP_RUNTIME_API_EXT","hipSetDevice",2659034,2659034,3575,3219595922289573,3219595922289641
"HIP_RUNTIME_API_EXT","hipMemcpy",2659034,2659034,3576,3219595922290449,3219595922294385
"HIP_RUNTIME_API_EXT","hipSetDevice",2659034,2659034,3577,3219595922294771,3219595922294840
"HIP_RUNTIME_API_EXT","hipMemcpy",2659034,2659034,3578,3219595922295372,3219595922300277
"HIP_RUNTIME_API_EXT","hipSetDevice",2659034,2659034,3579,3219595922300718,3219595922300774
"HIP_RUNTIME_API_EXT","hipFree",2659034,2659034,3580,3219595922301099,3219595922314744
"HIP_RUNTIME_API_EXT","hipSetDevice",2659034,2659034,3581,3219595922315261,3219595922315323
"HIP_RUNTIME_API_EXT","hipFree",2659034,2659034,3582,3219595922315659,3219595922317020
"HIP_RUNTIME_API_EXT","hipSetDevice",2659034,2659034,3583,3219595922317409,3219595922317468
"HIP_RUNTIME_API_EXT","hipFree",2659034,2659034,3584,3219595922317917,3219595922319244
"HIP_RUNTIME_API_EXT","hipSetDevice",2659034,2659034,3585,3219595922320767,3219595922320825
"HIP_RUNTIME_API_EXT","hipFree",2659034,2659034,3586,3219595922321137,3219595922322270
"HIP_RUNTIME_API_EXT","hipSetDevice",2659034,2659034,3587,3219595922322924,3219595922322977
"HIP_RUNTIME_API_EXT","hipMemcpy",2659034,2659034,3588,3219595922323283,3219595922328141
"HIP_RUNTIME_API_EXT","hipSetDevice",2659034,2659034,3589,3219595922328530,3219595922328589
"HIP_RUNTIME_API_EXT","hipFree",2659034,2659034,3590,3219595922328904,3219595922340030
"HIP_RUNTIME_API_EXT","hipSetDevice",2659034,2659034,3591,3219595922340936,3219595922341001
"HIP_RUNTIME_API_EXT","hipMalloc",2659034,2659034,3592,3219595922341510,3219595922342326
"HIP_RUNTIME_API_EXT","hipSetDevice",2659034,2659034,3593,3219595922342897,3219595922342953
"HIP_RUNTIME_API_EXT","hipLaunchKernel",2659034,2659034,3594,3219595922343516,3219595922347683
"HIP_RUNTIME_API_EXT","hipGetLastError",2659034,2659034,3595,3219595922348356,3219595922348400
"HIP_RUNTIME_API_EXT","hipSetDevice",2659034,2659034,3596,3219595922348890,3219595922348952
"HIP_RUNTIME_API_EXT","hipMemcpy",2659034,2659034,3597,3219595922349296,3219595922364783
"HIP_RUNTIME_API_EXT","hipSetDevice",2659034,2659034,3598,3219595922365799,3219595922365855
"HIP_RUNTIME_API_EXT","hipFree",2659034,2659034,3599,3219595922366207,3219595922374790
"HIP_RUNTIME_API_EXT","hipSetDevice",2659034,2659034,3600,3219595922375784,3219595922375846
"HIP_RUNTIME_API_EXT","hipLaunchKernel",2659034,2659034,3601,3219595922376627,3219595922380237
"HIP_RUNTIME_API_EXT","hipGetLastError",2659034,2659034,3602,3219595922380654,3219595922380696
"HIP_RUNTIME_API_EXT","hipSetDevice",2659034,2659034,3603,3219595922381220,3219595922381283
"HIP_RUNTIME_API_EXT","hipLaunchKernel",2659034,2659034,3604,3219595922381770,3219595922385222
"HIP_RUNTIME_API_EXT","hipGetLastError",2659034,2659034,3605,3219595922385583,3219595922385625
"HIP_RUNTIME_API_EXT","hipSetDevice",2659034,2659034,3606,3219595922386297,3219595922386354
"HIP_RUNTIME_API_EXT","hipLaunchKernel",2659034,2659034,3607,3219595922386856,3219595922390556
"HIP_RUNTIME_API_EXT","hipGetLastError",2659034,2659034,3608,3219595922390963,3219595922391006
"HIP_RUNTIME_API_EXT","hipSetDevice",2659034,2659034,3609,3219595922391599,3219595922391656
"HIP_RUNTIME_API_EXT","hipLaunchKernel",2659034,2659034,3610,3219595922392765,3219595922396272
"HIP_RUNTIME_API_EXT","hipGetLastError",2659034,2659034,3611,3219595922396636,3219595922396679
"HIP_RUNTIME_API_EXT","hipSetDevice",2659034,2659034,3612,3219595922398694,3219595922398754
"HIP_RUNTIME_API_EXT","hipMalloc",2659034,2659034,3613,3219595922399106,3219595922399909
"HIP_RUNTIME_API_EXT","hipSetDevice",2659034,2659034,3614,3219595922400347,3219595922400404
"HIP_RUNTIME_API_EXT","hipMemcpy",2659034,2659034,3615,3219595922400790,3219595922418193
"HIP_RUNTIME_API_EXT","hipSetDevice",2659034,2659034,3616,3219595922419757,3219595922419821
"HIP_RUNTIME_API_EXT","hipMalloc",2659034,2659034,3617,3219595922420156,3219595922421299
"HIP_RUNTIME_API_EXT","hipSetDevice",2659034,2659034,3618,3219595922421960,3219595922422022
"HIP_RUNTIME_API_EXT","hipMemcpy",2659034,2659034,3619,3219595922422422,3219595922439555
"HIP_RUNTIME_API_EXT","hipSetDevice",2659034,2659034,3620,3219595922440376,3219595922440442
"HIP_RUNTIME_API_EXT","hipMalloc",2659034,2659034,3621,3219595922440801,3219595922442039
"HIP_RUNTIME_API_EXT","hipSetDevice",2659034,2659034,3622,3219595922442455,3219595922442509
"HIP_RUNTIME_API_EXT","hipMemcpy",2659034,2659034,3623,3219595922443069,3219595922459963
"HIP_RUNTIME_API_EXT","hipSetDevice",2659034,2659034,3624,3219595922460911,3219595922460969
"HIP_RUNTIME_API_EXT","hipMalloc",2659034,2659034,3625,3219595922461472,3219595922462829
"HIP_RUNTIME_API_EXT","hipSetDevice",2659034,2659034,3626,3219595922463316,3219595922463372
"HIP_RUNTIME_API_EXT","hipLaunchKernel",2659034,2659034,3627,3219595922463918,3219595922467662
"HIP_RUNTIME_API_EXT","hipGetLastError",2659034,2659034,3628,3219595922468089,3219595922468138
"HIP_RUNTIME_API_EXT","hipSetDevice",2659034,2659034,3629,3219595922468860,3219595922468922
"HIP_RUNTIME_API_EXT","hipMalloc",2659034,2659034,3630,3219595922469269,3219595922470355
"HIP_RUNTIME_API_EXT","hipSetDevice",2659034,2659034,3631,3219595922470737,3219595922470792
"HIP_RUNTIME_API_EXT","hipLaunchKernel",2659034,2659034,3632,3219595922471292,3219595922474452
"HIP_RUNTIME_API_EXT","hipGetLastError",2659034,2659034,3633,3219595922474826,3219595922474870
"HIP_RUNTIME_API_EXT","hipSetDevice",2659034,2659034,3634,3219595922476029,3219595922476089
"HIP_RUNTIME_API_EXT","hipMalloc",2659034,2659034,3635,3219595922476661,3219595922477902
"HIP_RUNTIME_API_EXT","hipSetDevice",2659034,2659034,3636,3219595922478292,3219595922478348
"HIP_RUNTIME_API_EXT","hipLaunchKernel",2659034,2659034,3637,3219595922478921,3219595922482849
"HIP_RUNTIME_API_EXT","hipGetLastError",2659034,2659034,3638,3219595922483556,3219595922483604
"HIP_RUNTIME_API_EXT","hipSetDevice",2659034,2659034,3639,3219595922484358,3219595922484416
"HIP_RUNTIME_API_EXT","hipMalloc",2659034,2659034,3640,3219595922484755,3219595922487269
"HIP_RUNTIME_API_EXT","hipSetDevice",2659034,2659034,3641,3219595922487728,3219595922487780
"HIP_RUNTIME_API_EXT","hipLaunchKernel",2659034,2659034,3642,3219595922488282,3219595922491932
"HIP_RUNTIME_API_EXT","hipGetLastError",2659034,2659034,3643,3219595922492401,3219595922492442
"HIP_RUNTIME_API_EXT","hipSetDevice",2659034,2659034,3644,3219595922493188,3219595922493243
"HIP_RUNTIME_API_EXT","hipMalloc",2659034,2659034,3645,3219595922493663,3219595922494748
"HIP_RUNTIME_API_EXT","hipSetDevice",2659034,2659034,3646,3219595922495123,3219595922495179
"HIP_RUNTIME_API_EXT","hipLaunchKernel",2659034,2659034,3647,3219595922495719,3219595922500643
"HIP_RUNTIME_API_EXT","hipGetLastError",2659034,2659034,3648,3219595922501144,3219595922501186
"HIP_RUNTIME_API_EXT","hipSetDevice",2659034,2659034,3649,3219595922502707,3219595922502771
"HIP_RUNTIME_API_EXT","hipMalloc",2659034,2659034,3650,3219595922503109,3219595922504229
"HIP_RUNTIME_API_EXT","hipSetDevice",2659034,2659034,3651,3219595922504619,3219595922504676
"HIP_RUNTIME_API_EXT","hipLaunchKernel",2659034,2659034,3652,3219595922505245,3219595922508989
"HIP_RUNTIME_API_EXT","hipGetLastError",2659034,2659034,3653,3219595922509546,3219595922509589
"HIP_RUNTIME_API_EXT","hipSetDevice",2659034,2659034,3654,3219595922510109,3219595922510165
"HIP_RUNTIME_API_EXT","hipMalloc",2659034,2659034,3655,3219595922510502,3219595922511640
"HIP_RUNTIME_API_EXT","hipSetDevice",2659034,2659034,3656,3219595922512125,3219595922512175
"HIP_RUNTIME_API_EXT","hipLaunchKernel",2659034,2659034,3657,3219595922512734,3219595922516744
"HIP_RUNTIME_API_EXT","hipGetLastError",2659034,2659034,3658,3219595922517449,3219595922517498
"HIP_RUNTIME_API_EXT","hipSetDevice",2659034,2659034,3659,3219595922518597,3219595922518660
"HIP_RUNTIME_API_EXT","hipLaunchKernel",2659034,2659034,3660,3219595922519209,3219595922523665
"HIP_RUNTIME_API_EXT","hipGetLastError",2659034,2659034,3661,3219595922524031,3219595922524072
"HIP_RUNTIME_API_EXT","hipSetDevice",2659034,2659034,3662,3219595922525196,3219595922525254
"HIP_RUNTIME_API_EXT","hipMalloc",2659034,2659034,3663,3219595922525691,3219595922527039
"HIP_RUNTIME_API_EXT","hipSetDevice",2659034,2659034,3664,3219595922527616,3219595922527674
"HIP_RUNTIME_API_EXT","hipLaunchKernel",2659034,2659034,3665,3219595922528232,3219595922534467
"HIP_RUNTIME_API_EXT","hipGetLastError",2659034,2659034,3666,3219595922534881,3219595922534927
"HIP_RUNTIME_API_EXT","hipSetDevice",2659034,2659034,3667,3219595922535884,3219595922535941
"HIP_RUNTIME_API_EXT","hipMalloc",2659034,2659034,3668,3219595922536262,3219595922537564
"HIP_RUNTIME_API_EXT","hipSetDevice",2659034,2659034,3669,3219595922537937,3219595922537989
"HIP_RUNTIME_API_EXT","hipLaunchKernel",2659034,2659034,3670,3219595922538493,3219595922542820
"HIP_RUNTIME_API_EXT","hipGetLastError",2659034,2659034,3671,3219595922543147,3219595922543189
"HIP_RUNTIME_API_EXT","hipSetDevice",2659034,2659034,3672,3219595922543865,3219595922543926
"HIP_RUNTIME_API_EXT","hipFree",2659034,2659034,3673,3219595922544296,3219595922568069
"HIP_RUNTIME_API_EXT","hipSetDevice",2659034,2659034,3674,3219595922569015,3219595922569075
"HIP_RUNTIME_API_EXT","hipFree",2659034,2659034,3675,3219595922569399,3219595922570735
"HIP_RUNTIME_API_EXT","hipSetDevice",2659034,2659034,3676,3219595922571218,3219595922571271
"HIP_RUNTIME_API_EXT","hipFree",2659034,2659034,3677,3219595922571691,3219595922573139
"HIP_RUNTIME_API_EXT","hipSetDevice",2659034,2659034,3678,3219595922573534,3219595922573591
"HIP_RUNTIME_API_EXT","hipFree",2659034,2659034,3679,3219595922573904,3219595922574986
"HIP_RUNTIME_API_EXT","hipSetDevice",2659034,2659034,3680,3219595922575401,3219595922575455
"HIP_RUNTIME_API_EXT","hipFree",2659034,2659034,3681,3219595922575766,3219595922576954
"HIP_RUNTIME_API_EXT","hipSetDevice",2659034,2659034,3682,3219595922577341,3219595922577395
"HIP_RUNTIME_API_EXT","hipFree",2659034,2659034,3683,3219595922577698,3219595922579065
"HIP_RUNTIME_API_EXT","hipSetDevice",2659034,2659034,3684,3219595922579465,3219595922579522
"HIP_RUNTIME_API_EXT","hipFree",2659034,2659034,3685,3219595922579821,3219595922580954
"HIP_RUNTIME_API_EXT","hipSetDevice",2659034,2659034,3686,3219595922581548,3219595922581608
"HIP_RUNTIME_API_EXT","hipMalloc",2659034,2659034,3687,3219595922581981,3219595922582921
"HIP_RUNTIME_API_EXT","hipSetDevice",2659034,2659034,3688,3219595922583605,3219595922583660
"HIP_RUNTIME_API_EXT","hipMalloc",2659034,2659034,3689,3219595922585779,3219595922586711
"HIP_RUNTIME_API_EXT","hipSetDevice",2659034,2659034,3690,3219595922587097,3219595922587154
"HIP_RUNTIME_API_EXT","hipLaunchKernel",2659034,2659034,3691,3219595922587850,3219595922592805
"HIP_RUNTIME_API_EXT","hipGetLastError",2659034,2659034,3692,3219595922593344,3219595922593388
"HIP_RUNTIME_API_EXT","hipSetDevice",2659034,2659034,3693,3219595922594221,3219595922594273
"HIP_RUNTIME_API_EXT","hipMalloc",2659034,2659034,3694,3219595922594638,3219595922595904
"HIP_RUNTIME_API_EXT","hipSetDevice",2659034,2659034,3695,3219595922596273,3219595922596328
"HIP_RUNTIME_API_EXT","hipLaunchKernel",2659034,2659034,3696,3219595922596828,3219595922609961
"HIP_RUNTIME_API_EXT","hipGetLastError",2659034,2659034,3697,3219595922610374,3219595922610419
"HIP_RUNTIME_API_EXT","hipSetDevice",2659034,2659034,3698,3219595922611437,3219595922611494
"HIP_RUNTIME_API_EXT","hipMalloc",2659034,2659034,3699,3219595922611879,3219595922612981
"HIP_RUNTIME_API_EXT","hipSetDevice",2659034,2659034,3700,3219595922613335,3219595922613388
"HIP_RUNTIME_API_EXT","hipLaunchKernel",2659034,2659034,3701,3219595922613890,3219595922617805
"HIP_RUNTIME_API_EXT","hipGetLastError",2659034,2659034,3702,3219595922618176,3219595922618282
"HIP_RUNTIME_API_EXT","hipSetDevice",2659034,2659034,3703,3219595922618781,3219595922618839
"HIP_RUNTIME_API_EXT","hipMalloc",2659034,2659034,3704,3219595922619225,3219595922620334
"HIP_RUNTIME_API_EXT","hipSetDevice",2659034,2659034,3705,3219595922620905,3219595922620984
"HIP_RUNTIME_API_EXT","hipLaunchKernel",2659034,2659034,3706,3219595922621594,3219595922625394
"HIP_RUNTIME_API_EXT","hipGetLastError",2659034,2659034,3707,3219595922625776,3219595922625820
"HIP_RUNTIME_API_EXT","hipSetDevice",2659034,2659034,3708,3219595922626590,3219595922626647
"HIP_RUNTIME_API_EXT","hipFree",2659034,2659034,3709,3219595922627054,3219595922642049
"HIP_RUNTIME_API_EXT","hipSetDevice",2659034,2659034,3710,3219595922642449,3219595922642507
"HIP_RUNTIME_API_EXT","hipFree",2659034,2659034,3711,3219595922643303,3219595922644354
"HIP_RUNTIME_API_EXT","hipSetDevice",2659034,2659034,3712,3219595922645057,3219595922645112
"HIP_RUNTIME_API_EXT","hipMalloc",2659034,2659034,3713,3219595922645661,3219595922646595
"HIP_RUNTIME_API_EXT","hipSetDevice",2659034,2659034,3714,3219595922647093,3219595922647151
"HIP_RUNTIME_API_EXT","hipLaunchKernel",2659034,2659034,3715,3219595922647721,3219595922651339
"HIP_RUNTIME_API_EXT","hipGetLastError",2659034,2659034,3716,3219595922651764,3219595922651807
"HIP_RUNTIME_API_EXT","hipSetDevice",2659034,2659034,3717,3219595922652273,3219595922652331
"HIP_RUNTIME_API_EXT","hipFree",2659034,2659034,3718,3219595922652690,3219595922677613
"HIP_RUNTIME_API_EXT","hipSetDevice",2659034,2659034,3719,3219595922678593,3219595922678649
"HIP_RUNTIME_API_EXT","hipMalloc",2659034,2659034,3720,3219595922679009,3219595922679803
"HIP_RUNTIME_API_EXT","hipSetDevice",2659034,2659034,3721,3219595922680259,3219595922680309
"HIP_RUNTIME_API_EXT","hipLaunchKernel",2659034,2659034,3722,3219595922680933,3219595922684487
"HIP_RUNTIME_API_EXT","hipGetLastError",2659034,2659034,3723,3219595922684950,3219595922684993
"HIP_RUNTIME_API_EXT","hipSetDevice",2659034,2659034,3724,3219595922685390,3219595922685450
"HIP_RUNTIME_API_EXT","hipFree",2659034,2659034,3725,3219595922685838,3219595922696813
"HIP_RUNTIME_API_EXT","hipSetDevice",2659034,2659034,3726,3219595922697218,3219595922697277
"HIP_RUNTIME_API_EXT","hipFree",2659034,2659034,3727,3219595922697870,3219595922698793
"HIP_RUNTIME_API_EXT","hipSetDevice",2659034,2659034,3728,3219595922699168,3219595922699222
"HIP_RUNTIME_API_EXT","hipFree",2659034,2659034,3729,3219595922699581,3219595922700630
"HIP_RUNTIME_API_EXT","hipSetDevice",2659034,2659034,3730,3219595922700994,3219595922701051
"HIP_RUNTIME_API_EXT","hipFree",2659034,2659034,3731,3219595922701378,3219595922702490
"HIP_RUNTIME_API_EXT","hipSetDevice",2659034,2659034,3732,3219595922702853,3219595922702907
"HIP_RUNTIME_API_EXT","hipFree",2659034,2659034,3733,3219595922703311,3219595922704485
"HIP_RUNTIME_API_EXT","hipSetDevice",2659034,2659034,3734,3219595922705203,3219595922705272
"HIP_RUNTIME_API_EXT","hipMalloc",2659034,2659034,3735,3219595922705647,3219595922706576
"HIP_RUNTIME_API_EXT","hipSetDevice",2659034,2659034,3736,3219595922707040,3219595922707097
"HIP_RUNTIME_API_EXT","hipLaunchKernel",2659034,2659034,3737,3219595922707685,3219595922711631
"HIP_RUNTIME_API_EXT","hipGetLastError",2659034,2659034,3738,3219595922712181,3219595922712223
"HIP_RUNTIME_API_EXT","hipSetDevice",2659034,2659034,3739,3219595922713163,3219595922713222
"HIP_RUNTIME_API_EXT","hipMalloc",2659034,2659034,3740,3219595922713613,3219595922714649
"HIP_RUNTIME_API_EXT","hipSetDevice",2659034,2659034,3741,3219595922715118,3219595922715169
"HIP_RUNTIME_API_EXT","hipLaunchKernel",2659034,2659034,3742,3219595922715796,3219595922719353
"HIP_RUNTIME_API_EXT","hipGetLastError",2659034,2659034,3743,3219595922720070,3219595922720111
"HIP_RUNTIME_API_EXT","hipSetDevice",2659034,2659034,3744,3219595922720894,3219595922720953
"HIP_RUNTIME_API_EXT","hipMalloc",2659034,2659034,3745,3219595922721334,3219595922722569
"HIP_RUNTIME_API_EXT","hipSetDevice",2659034,2659034,3746,3219595922723053,3219595922723107
"HIP_RUNTIME_API_EXT","hipLaunchKernel",2659034,2659034,3747,3219595922723639,3219595922727199
"HIP_RUNTIME_API_EXT","hipGetLastError",2659034,2659034,3748,3219595922727714,3219595922727759
"HIP_RUNTIME_API_EXT","hipSetDevice",2659034,2659034,3749,3219595922728519,3219595922728573
"HIP_RUNTIME_API_EXT","hipMalloc",2659034,2659034,3750,3219595922728926,3219595922729972
"HIP_RUNTIME_API_EXT","hipSetDevice",2659034,2659034,3751,3219595922730448,3219595922730506
"HIP_RUNTIME_API_EXT","hipLaunchKernel",2659034,2659034,3752,3219595922731108,3219595922736139
"HIP_RUNTIME_API_EXT","hipGetLastError",2659034,2659034,3753,3219595922736720,3219595922736764
"HIP_RUNTIME_API_EXT","hipSetDevice",2659034,2659034,3754,3219595922738021,3219595922738080
"HIP_RUNTIME_API_EXT","hipMalloc",2659034,2659034,3755,3219595922738418,3219595922739706
"HIP_RUNTIME_API_EXT","hipSetDevice",2659034,2659034,3756,3219595922740162,3219595922740216
"HIP_RUNTIME_API_EXT","hipLaunchKernel",2659034,2659034,3757,3219595922740860,3219595922744856
"HIP_RUNTIME_API_EXT","hipGetLastError",2659034,2659034,3758,3219595922745466,3219595922745509
"HIP_RUNTIME_API_EXT","hipSetDevice",2659034,2659034,3759,3219595922746123,3219595922746184
"HIP_RUNTIME_API_EXT","hipMalloc",2659034,2659034,3760,3219595922746592,3219595922747929
"HIP_RUNTIME_API_EXT","hipSetDevice",2659034,2659034,3761,3219595922748319,3219595922748375
"HIP_RUNTIME_API_EXT","hipLaunchKernel",2659034,2659034,3762,3219595922748885,3219595922753806
"HIP_RUNTIME_API_EXT","hipGetLastError",2659034,2659034,3763,3219595922754307,3219595922754404
"HIP_RUNTIME_API_EXT","hipSetDevice",2659034,2659034,3764,3219595922756613,3219595922756670
"HIP_RUNTIME_API_EXT","hipLaunchKernel",2659034,2659034,3765,3219595922757218,3219595922760782
"HIP_RUNTIME_API_EXT","hipGetLastError",2659034,2659034,3766,3219595922761146,3219595922761187
"HIP_RUNTIME_API_EXT","hipSetDevice",2659034,2659034,3767,3219595922762513,3219595922762569
"HIP_RUNTIME_API_EXT","hipMalloc",2659034,2659034,3768,3219595922762899,3219595922764279
"HIP_RUNTIME_API_EXT","hipSetDevice",2659034,2659034,3769,3219595922764743,3219595922764807
"HIP_RUNTIME_API_EXT","hipLaunchKernel",2659034,2659034,3770,3219595922765342,3219595922770597
"HIP_RUNTIME_API_EXT","hipGetLastError",2659034,2659034,3771,3219595922771259,3219595922771309
"HIP_RUNTIME_API_EXT","hipSetDevice",2659034,2659034,3772,3219595922772455,3219595922772514
"HIP_RUNTIME_API_EXT","hipMalloc",2659034,2659034,3773,3219595922772877,3219595922774186
"HIP_RUNTIME_API_EXT","hipSetDevice",2659034,2659034,3774,3219595922774598,3219595922774652
"HIP_RUNTIME_API_EXT","hipLaunchKernel",2659034,2659034,3775,3219595922775220,3219595922778559
"HIP_RUNTIME_API_EXT","hipGetLastError",2659034,2659034,3776,3219595922779007,3219595922779052
"HIP_RUNTIME_API_EXT","hipSetDevice",2659034,2659034,3777,3219595922779775,3219595922779833
"HIP_RUNTIME_API_EXT","hipFree",2659034,2659034,3778,3219595922780189,3219595922800744
"HIP_RUNTIME_API_EXT","hipSetDevice",2659034,2659034,3779,3219595922801253,3219595922801315
"HIP_RUNTIME_API_EXT","hipFree",2659034,2659034,3780,3219595922801635,3219595922802823
"HIP_RUNTIME_API_EXT","hipSetDevice",2659034,2659034,3781,3219595922803304,3219595922803360
"HIP_RUNTIME_API_EXT","hipFree",2659034,2659034,3782,3219595922805003,3219595922806121
"HIP_RUNTIME_API_EXT","hipSetDevice",2659034,2659034,3783,3219595922806499,3219595922806553
"HIP_RUNTIME_API_EXT","hipFree",2659034,2659034,3784,3219595922806868,3219595922807912
"HIP_RUNTIME_API_EXT","hipSetDevice",2659034,2659034,3785,3219595922808368,3219595922808425
"HIP_RUNTIME_API_EXT","hipFree",2659034,2659034,3786,3219595922808732,3219595922809757
"HIP_RUNTIME_API_EXT","hipSetDevice",2659034,2659034,3787,3219595922810204,3219595922810257
"HIP_RUNTIME_API_EXT","hipFree",2659034,2659034,3788,3219595922810557,3219595922811574
"HIP_RUNTIME_API_EXT","hipSetDevice",2659034,2659034,3789,3219595922812055,3219595922812131
"HIP_RUNTIME_API_EXT","hipFree",2659034,2659034,3790,3219595922812429,3219595922813626
"HIP_RUNTIME_API_EXT","hipSetDevice",2659034,2659034,3791,3219595922814176,3219595922814234
"HIP_RUNTIME_API_EXT","hipMalloc",2659034,2659034,3792,3219595922814619,3219595922815550
"HIP_RUNTIME_API_EXT","hipSetDevice",2659034,2659034,3793,3219595922816202,3219595922816255
"HIP_RUNTIME_API_EXT","hipMalloc",2659034,2659034,3794,3219595922816668,3219595922817603
"HIP_RUNTIME_API_EXT","hipSetDevice",2659034,2659034,3795,3219595922818013,3219595922818068
"HIP_RUNTIME_API_EXT","hipLaunchKernel",2659034,2659034,3796,3219595922818655,3219595922822981
"HIP_RUNTIME_API_EXT","hipGetLastError",2659034,2659034,3797,3219595922823450,3219595922823492
"HIP_RUNTIME_API_EXT","hipSetDevice",2659034,2659034,3798,3219595922824403,3219595922824465
"HIP_RUNTIME_API_EXT","hipMalloc",2659034,2659034,3799,3219595922824832,3219595922826103
"HIP_RUNTIME_API_EXT","hipSetDevice",2659034,2659034,3800,3219595922826519,3219595922826573
"HIP_RUNTIME_API_EXT","hipLaunchKernel",2659034,2659034,3801,3219595922827172,3219595922830792
"HIP_RUNTIME_API_EXT","hipGetLastError",2659034,2659034,3802,3219595922831759,3219595922831803
"HIP_RUNTIME_API_EXT","hipSetDevice",2659034,2659034,3803,3219595922832595,3219595922832656
"HIP_RUNTIME_API_EXT","hipMalloc",2659034,2659034,3804,3219595922833216,3219595922835982
"HIP_RUNTIME_API_EXT","hipSetDevice",2659034,2659034,3805,3219595922836431,3219595922836485
"HIP_RUNTIME_API_EXT","hipLaunchKernel",2659034,2659034,3806,3219595922837142,3219595922841091
"HIP_RUNTIME_API_EXT","hipGetLastError",2659034,2659034,3807,3219595922841551,3219595922841594
"HIP_RUNTIME_API_EXT","hipSetDevice",2659034,2659034,3808,3219595922842255,3219595922842311
"HIP_RUNTIME_API_EXT","hipMalloc",2659034,2659034,3809,3219595922842778,3219595922844075
"HIP_RUNTIME_API_EXT","hipSetDevice",2659034,2659034,3810,3219595922844487,3219595922844542
"HIP_RUNTIME_API_EXT","hipLaunchKernel",2659034,2659034,3811,3219595922845156,3219595922849545
"HIP_RUNTIME_API_EXT","hipGetLastError",2659034,2659034,3812,3219595922850068,3219595922850111
"HIP_RUNTIME_API_EXT","hipSetDevice",2659034,2659034,3813,3219595922850554,3219595922850618
"HIP_RUNTIME_API_EXT","hipFree",2659034,2659034,3814,3219595922851025,3219595922864471
"HIP_RUNTIME_API_EXT","hipSetDevice",2659034,2659034,3815,3219595922864865,3219595922864919
"HIP_RUNTIME_API_EXT","hipFree",2659034,2659034,3816,3219595922865541,3219595922866618
"HIP_RUNTIME_API_EXT","hipSetDevice",2659034,2659034,3817,3219595922867418,3219595922867474
"HIP_RUNTIME_API_EXT","hipMalloc",2659034,2659034,3818,3219595922867955,3219595922868907
"HIP_RUNTIME_API_EXT","hipSetDevice",2659034,2659034,3819,3219595922869324,3219595922869381
"HIP_RUNTIME_API_EXT","hipLaunchKernel",2659034,2659034,3820,3219595922869957,3219595922873501
"HIP_RUNTIME_API_EXT","hipGetLastError",2659034,2659034,3821,3219595922873958,3219595922874003
"HIP_RUNTIME_API_EXT","hipSetDevice",2659034,2659034,3822,3219595922874705,3219595922874762
"HIP_RUNTIME_API_EXT","hipFree",2659034,2659034,3823,3219595922875116,3219595922900240
"HIP_RUNTIME_API_EXT","hipSetDevice",2659034,2659034,3824,3219595922901156,3219595922901215
"HIP_RUNTIME_API_EXT","hipMalloc",2659034,2659034,3825,3219595922901546,3219595922902468
"HIP_RUNTIME_API_EXT","hipSetDevice",2659034,2659034,3826,3219595922902887,3219595922902943
"HIP_RUNTIME_API_EXT","hipLaunchKernel",2659034,2659034,3827,3219595922903725,3219595922907274
"HIP_RUNTIME_API_EXT","hipGetLastError",2659034,2659034,3828,3219595922907794,3219595922907837
"HIP_RUNTIME_API_EXT","hipSetDevice",2659034,2659034,3829,3219595922908201,3219595922908258
"HIP_RUNTIME_API_EXT","hipFree",2659034,2659034,3830,3219595922908651,3219595922919838
"HIP_RUNTIME_API_EXT","hipSetDevice",2659034,2659034,3831,3219595922920246,3219595922920309
"HIP_RUNTIME_API_EXT","hipFree",2659034,2659034,3832,3219595922920810,3219595922921749
"HIP_RUNTIME_API_EXT","hipSetDevice",2659034,2659034,3833,3219595922922125,3219595922922182
"HIP_RUNTIME_API_EXT","hipFree",2659034,2659034,3834,3219595922922572,3219595922923604
"HIP_RUNTIME_API_EXT","hipSetDevice",2659034,2659034,3835,3219595922924085,3219595922924138
"HIP_RUNTIME_API_EXT","hipFree",2659034,2659034,3836,3219595922924575,3219595922926066
"HIP_RUNTIME_API_EXT","hipSetDevice",2659034,2659034,3837,3219595922926418,3219595922926473
"HIP_RUNTIME_API_EXT","hipFree",2659034,2659034,3838,3219595922926928,3219595922928274
"HIP_RUNTIME_API_EXT","hipSetDevice",2659034,2659034,3839,3219595922928813,3219595922928868
"HIP_RUNTIME_API_EXT","hipMalloc",2659034,2659034,3840,3219595922929204,3219595922930282
"HIP_RUNTIME_API_EXT","hipSetDevice",2659034,2659034,3841,3219595922930784,3219595922930838
"HIP_RUNTIME_API_EXT","hipLaunchKernel",2659034,2659034,3842,3219595922931345,3219595922935343
"HIP_RUNTIME_API_EXT","hipGetLastError",2659034,2659034,3843,3219595922935932,3219595922935975
"HIP_RUNTIME_API_EXT","hipSetDevice",2659034,2659034,3844,3219595922936393,3219595922936454
"HIP_RUNTIME_API_EXT","hipFree",2659034,2659034,3845,3219595922936850,3219595922947889
"HIP_RUNTIME_API_EXT","hipSetDevice",2659034,2659034,3846,3219595922949048,3219595922949110
"HIP_RUNTIME_API_EXT","hipMalloc",2659034,2659034,3847,3219595922949464,3219595922950366
"HIP_RUNTIME_API_EXT","hipSetDevice",2659034,2659034,3848,3219595922950777,3219595922950830
"HIP_RUNTIME_API_EXT","hipLaunchKernel",2659034,2659034,3849,3219595922951486,3219595922955190
"HIP_RUNTIME_API_EXT","hipGetLastError",2659034,2659034,3850,3219595922955724,3219595922955766
"HIP_RUNTIME_API_EXT","hipSetDevice",2659034,2659034,3851,3219595922959702,3219595922959758
"HIP_RUNTIME_API_EXT","hipFree",2659034,2659034,3852,3219595922960398,3219595922974197
"HIP_RUNTIME_API_EXT","hipSetDevice",2659034,2659034,3853,3219595922974761,3219595922974817
"HIP_RUNTIME_API_EXT","hipFree",2659034,2659034,3854,3219595922975357,3219595922976872
"HIP_RUNTIME_API_EXT","hipSetDevice",2659034,2659034,3855,3219595922977374,3219595922977427
"HIP_RUNTIME_API_EXT","hipFree",2659034,2659034,3856,3219595922977937,3219595922979226
"HIP_RUNTIME_API_EXT","hipSetDevice",2659034,2659034,3857,3219595922979612,3219595922979664
"HIP_RUNTIME_API_EXT","hipFree",2659034,2659034,3858,3219595922980134,3219595922981497
"HIP_RUNTIME_API_EXT","hipSetDevice",2659034,2659034,3859,3219595922982150,3219595922982204
"HIP_RUNTIME_API_EXT","hipMemcpy",2659034,2659034,3860,3219595922982517,3219595922994631
"HIP_RUNTIME_API_EXT","hipSetDevice",2659034,2659034,3861,3219595922995193,3219595922995262
"HIP_RUNTIME_API_EXT","hipMemcpy",2659034,2659034,3862,3219595922995708,3219595923007321
"HIP_RUNTIME_API_EXT","hipSetDevice",2659034,2659034,3863,3219595923007856,3219595923007919
"HIP_RUNTIME_API_EXT","hipMemcpy",2659034,2659034,3864,3219595923008289,3219595923022806
"HIP_RUNTIME_API_EXT","hipSetDevice",2659034,2659034,3865,3219595923038323,3219595923038462
"HIP_RUNTIME_API_EXT","hipFree",2659034,2659034,3866,3219595923039132,3219595923049759
"HIP_RUNTIME_API_EXT","hipSetDevice",2659034,2659034,3867,3219595923054676,3219595923054756
"HIP_RUNTIME_API_EXT","hipMalloc",2659034,2659034,3868,3219595923055149,3219595923056228
"HIP_RUNTIME_API_EXT","hipSetDevice",2659034,2659034,3869,3219595923056632,3219595923056689
"HIP_RUNTIME_API_EXT","hipMemcpy",2659034,2659034,3870,3219595923057168,3219595923073759
"HIP_RUNTIME_API_EXT","hipSetDevice",2659034,2659034,3871,3219595923074745,3219595923074803
"HIP_RUNTIME_API_EXT","hipMalloc",2659034,2659034,3872,3219595923075315,3219595923076650
"HIP_RUNTIME_API_EXT","hipSetDevice",2659034,2659034,3873,3219595923077041,3219595923077096
"HIP_RUNTIME_API_EXT","hipLaunchKernel",2659034,2659034,3874,3219595923077796,3219595923081696
"HIP_RUNTIME_API_EXT","hipGetLastError",2659034,2659034,3875,3219595923082350,3219595923082442
"HIP_RUNTIME_API_EXT","hipSetDevice",2659034,2659034,3876,3219595923083083,3219595923083145
"HIP_RUNTIME_API_EXT","hipMalloc",2659034,2659034,3877,3219595923083504,3219595923084619
"HIP_RUNTIME_API_EXT","hipSetDevice",2659034,2659034,3878,3219595923085109,3219595923085163
"HIP_RUNTIME_API_EXT","hipLaunchKernel",2659034,2659034,3879,3219595923085777,3219595923089243
"HIP_RUNTIME_API_EXT","hipGetLastError",2659034,2659034,3880,3219595923090803,3219595923090902
"HIP_RUNTIME_API_EXT","hipSetDevice",2659034,2659034,3881,3219595923091821,3219595923091876
"HIP_RUNTIME_API_EXT","hipMalloc",2659034,2659034,3882,3219595923092240,3219595923093301
"HIP_RUNTIME_API_EXT","hipSetDevice",2659034,2659034,3883,3219595923093769,3219595923093825
"HIP_RUNTIME_API_EXT","hipLaunchKernel",2659034,2659034,3884,3219595923094356,3219595923099259
"HIP_RUNTIME_API_EXT","hipGetLastError",2659034,2659034,3885,3219595923099660,3219595923099702
"HIP_RUNTIME_API_EXT","hipSetDevice",2659034,2659034,3886,3219595923100733,3219595923100788
"HIP_RUNTIME_API_EXT","hipMalloc",2659034,2659034,3887,3219595923101207,3219595923102562
"HIP_RUNTIME_API_EXT","hipSetDevice",2659034,2659034,3888,3219595923103129,3219595923103183
"HIP_RUNTIME_API_EXT","hipLaunchKernel",2659034,2659034,3889,3219595923103766,3219595923107101
"HIP_RUNTIME_API_EXT","hipGetLastError",2659034,2659034,3890,3219595923107482,3219595923107532
"HIP_RUNTIME_API_EXT","hipSetDevice",2659034,2659034,3891,3219595923108358,3219595923108414
"HIP_RUNTIME_API_EXT","hipMalloc",2659034,2659034,3892,3219595923108748,3219595923109785
"HIP_RUNTIME_API_EXT","hipSetDevice",2659034,2659034,3893,3219595923110127,3219595923110180
"HIP_RUNTIME_API_EXT","hipLaunchKernel",2659034,2659034,3894,3219595923110688,3219595923114368
"HIP_RUNTIME_API_EXT","hipGetLastError",2659034,2659034,3895,3219595923115043,3219595923115094
"HIP_RUNTIME_API_EXT","hipSetDevice",2659034,2659034,3896,3219595923115919,3219595923115978
"HIP_RUNTIME_API_EXT","hipMalloc",2659034,2659034,3897,3219595923116313,3219595923117552
"HIP_RUNTIME_API_EXT","hipSetDevice",2659034,2659034,3898,3219595923118056,3219595923118110
"HIP_RUNTIME_API_EXT","hipLaunchKernel",2659034,2659034,3899,3219595923118896,3219595923122896
"HIP_RUNTIME_API_EXT","hipGetLastError",2659034,2659034,3900,3219595923123709,3219595923123749
"HIP_RUNTIME_API_EXT","hipSetDevice",2659034,2659034,3901,3219595923124678,3219595923124738
"HIP_RUNTIME_API_EXT","hipMalloc",2659034,2659034,3902,3219595923125115,3219595923126444
"HIP_RUNTIME_API_EXT","hipSetDevice",2659034,2659034,3903,3219595923126891,3219595923126952
"HIP_RUNTIME_API_EXT","hipLaunchKernel",2659034,2659034,3904,3219595923127653,3219595923140639
"HIP_RUNTIME_API_EXT","hipGetLastError",2659034,2659034,3905,3219595923141171,3219595923141217
"HIP_RUNTIME_API_EXT","hipSetDevice",2659034,2659034,3906,3219595923141913,3219595923141971
"HIP_RUNTIME_API_EXT","hipMalloc",2659034,2659034,3907,3219595923142301,3219595923143499
"HIP_RUNTIME_API_EXT","hipSetDevice",2659034,2659034,3908,3219595923143944,3219595923144000
"HIP_RUNTIME_API_EXT","hipLaunchKernel",2659034,2659034,3909,3219595923144590,3219595923148110
"HIP_RUNTIME_API_EXT","hipGetLastError",2659034,2659034,3910,3219595923148508,3219595923148559
"HIP_RUNTIME_API_EXT","hipSetDevice",2659034,2659034,3911,3219595923149270,3219595923149335
"HIP_RUNTIME_API_EXT","hipMalloc",2659034,2659034,3912,3219595923149997,3219595923151297
"HIP_RUNTIME_API_EXT","hipSetDevice",2659034,2659034,3913,3219595923151793,3219595923151852
"HIP_RUNTIME_API_EXT","hipLaunchKernel",2659034,2659034,3914,3219595923152396,3219595923155827
"HIP_RUNTIME_API_EXT","hipGetLastError",2659034,2659034,3915,3219595923156215,3219595923156260
"HIP_RUNTIME_API_EXT","hipSetDevice",2659034,2659034,3916,3219595923157695,3219595923157748
"HIP_RUNTIME_API_EXT","hipFree",2659034,2659034,3917,3219595923158415,3219595923172828
"HIP_RUNTIME_API_EXT","hipSetDevice",2659034,2659034,3918,3219595923175024,3219595923175082
"HIP_RUNTIME_API_EXT","hipMalloc",2659034,2659034,3919,3219595923175492,3219595923176339
"HIP_RUNTIME_API_EXT","hipSetDevice",2659034,2659034,3920,3219595923176735,3219595923176811
"HIP_RUNTIME_API_EXT","hipLaunchKernel",2659034,2659034,3921,3219595923177464,3219595923181429
"HIP_RUNTIME_API_EXT","hipGetLastError",2659034,2659034,3922,3219595923181874,3219595923181927
"HIP_RUNTIME_API_EXT","hipSetDevice",2659034,2659034,3923,3219595923182317,3219595923182376
"HIP_RUNTIME_API_EXT","hipFree",2659034,2659034,3924,3219595923182715,3219595923194189
"HIP_RUNTIME_API_EXT","hipSetDevice",2659034,2659034,3925,3219595923195222,3219595923195288
"HIP_RUNTIME_API_EXT","hipMalloc",2659034,2659034,3926,3219595923195672,3219595923196907
"HIP_RUNTIME_API_EXT","hipSetDevice",2659034,2659034,3927,3219595923197612,3219595923197672
"HIP_RUNTIME_API_EXT","hipMemcpy",2659034,2659034,3928,3219595923197999,3219595923201693
"HIP_RUNTIME_API_EXT","hipSetDevice",2659034,2659034,3929,3219595923202092,3219595923202151
"HIP_RUNTIME_API_EXT","hipMemcpy",2659034,2659034,3930,3219595923202568,3219595923205846
"HIP_RUNTIME_API_EXT","hipSetDevice",2659034,2659034,3931,3219595923206496,3219595923206563
"HIP_RUNTIME_API_EXT","hipMalloc",2659034,2659034,3932,3219595923206887,3219595923208246
"HIP_RUNTIME_API_EXT","hipSetDevice",2659034,2659034,3933,3219595923209604,3219595923209665
"HIP_RUNTIME_API_EXT","hipMemcpy",2659034,2659034,3934,3219595923210105,3219595923214115
"HIP_RUNTIME_API_EXT","hipSetDevice",2659034,2659034,3935,3219595923214638,3219595923214701
"HIP_RUNTIME_API_EXT","hipMemcpy",2659034,2659034,3936,3219595923215072,3219595923218628
"HIP_RUNTIME_API_EXT","hipSetDevice",2659034,2659034,3937,3219595923219163,3219595923219222
"HIP_RUNTIME_API_EXT","hipMalloc",2659034,2659034,3938,3219595923219559,3219595923220805
"HIP_RUNTIME_API_EXT","hipSetDevice",2659034,2659034,3939,3219595923221244,3219595923221305
"HIP_RUNTIME_API_EXT","hipLaunchKernel",2659034,2659034,3940,3219595923222347,3219595923227367
"HIP_RUNTIME_API_EXT","hipGetLastError",2659034,2659034,3941,3219595923227794,3219595923227839
"HIP_RUNTIME_API_EXT","hipSetDevice",2659034,2659034,3942,3219595923228394,3219595923228454
"HIP_RUNTIME_API_EXT","hipMalloc",2659034,2659034,3943,3219595923228784,3219595923229941
"HIP_RUNTIME_API_EXT","hipSetDevice",2659034,2659034,3944,3219595923230430,3219595923230489
"HIP_RUNTIME_API_EXT","hipLaunchKernel",2659034,2659034,3945,3219595923231121,3219595923234704
"HIP_RUNTIME_API_EXT","hipGetLastError",2659034,2659034,3946,3219595923235139,3219595923235184
"HIP_RUNTIME_API_EXT","hipSetDevice",2659034,2659034,3947,3219595923235834,3219595923235892
"HIP_RUNTIME_API_EXT","hipFree",2659034,2659034,3948,3219595923236442,3219595923249175
"HIP_RUNTIME_API_EXT","hipSetDevice",2659034,2659034,3949,3219595923249794,3219595923249853
"HIP_RUNTIME_API_EXT","hipMalloc",2659034,2659034,3950,3219595923250165,3219595923251169
"HIP_RUNTIME_API_EXT","hipSetDevice",2659034,2659034,3951,3219595923251621,3219595923251687
"HIP_RUNTIME_API_EXT","hipLaunchKernel",2659034,2659034,3952,3219595923252398,3219595923256097
"HIP_RUNTIME_API_EXT","hipGetLastError",2659034,2659034,3953,3219595923256521,3219595923256564
"HIP_RUNTIME_API_EXT","hipSetDevice",2659034,2659034,3954,3219595923257110,3219595923257167
"HIP_RUNTIME_API_EXT","hipFree",2659034,2659034,3955,3219595923257495,3219595923275391
"HIP_RUNTIME_API_EXT","hipSetDevice",2659034,2659034,3956,3219595923275838,3219595923275904
"HIP_RUNTIME_API_EXT","hipFree",2659034,2659034,3957,3219595923276245,3219595923277364
"HIP_RUNTIME_API_EXT","hipSetDevice",2659034,2659034,3958,3219595923277751,3219595923277804
"HIP_RUNTIME_API_EXT","hipFree",2659034,2659034,3959,3219595923278221,3219595923279328
"HIP_RUNTIME_API_EXT","hipSetDevice",2659034,2659034,3960,3219595923279694,3219595923279747
"HIP_RUNTIME_API_EXT","hipFree",2659034,2659034,3961,3219595923280061,3219595923281091
"HIP_RUNTIME_API_EXT","hipSetDevice",2659034,2659034,3962,3219595923281534,3219595923281587
"HIP_RUNTIME_API_EXT","hipFree",2659034,2659034,3963,3219595923281885,3219595923283007
"HIP_RUNTIME_API_EXT","hipSetDevice",2659034,2659034,3964,3219595923283362,3219595923283415
"HIP_RUNTIME_API_EXT","hipFree",2659034,2659034,3965,3219595923283721,3219595923284794
"HIP_RUNTIME_API_EXT","hipSetDevice",2659034,2659034,3966,3219595923285139,3219595923285194
"HIP_RUNTIME_API_EXT","hipFree",2659034,2659034,3967,3219595923285497,3219595923286495
"HIP_RUNTIME_API_EXT","hipSetDevice",2659034,2659034,3968,3219595923287271,3219595923287330
"HIP_RUNTIME_API_EXT","hipMalloc",2659034,2659034,3969,3219595923287926,3219595923288864
"HIP_RUNTIME_API_EXT","hipSetDevice",2659034,2659034,3970,3219595923289504,3219595923289588
"HIP_RUNTIME_API_EXT","hipLaunchKernel",2659034,2659034,3971,3219595923290312,3219595923294261
"HIP_RUNTIME_API_EXT","hipGetLastError",2659034,2659034,3972,3219595923294687,3219595923294787
"HIP_RUNTIME_API_EXT","hipSetDevice",2659034,2659034,3973,3219595923295213,3219595923295277
"HIP_RUNTIME_API_EXT","hipFree",2659034,2659034,3974,3219595923295656,3219595923308351
"HIP_RUNTIME_API_EXT","hipSetDevice",2659034,2659034,3975,3219595923308827,3219595923308890
"HIP_RUNTIME_API_EXT","hipFree",2659034,2659034,3976,3219595923309507,3219595923310687
"HIP_RUNTIME_API_EXT","hipSetDevice",2659034,2659034,3977,3219595923311347,3219595923311402
"HIP_RUNTIME_API_EXT","hipMalloc",2659034,2659034,3978,3219595923311934,3219595923312825
"HIP_RUNTIME_API_EXT","hipSetDevice",2659034,2659034,3979,3219595923313221,3219595923313279
"HIP_RUNTIME_API_EXT","hipLaunchKernel",2659034,2659034,3980,3219595923313901,3219595923317477
"HIP_RUNTIME_API_EXT","hipGetLastError",2659034,2659034,3981,3219595923317908,3219595923317951
"HIP_RUNTIME_API_EXT","hipSetDevice",2659034,2659034,3982,3219595923318621,3219595923318678
"HIP_RUNTIME_API_EXT","hipMalloc",2659034,2659034,3983,3219595923319181,3219595923320293
"HIP_RUNTIME_API_EXT","hipSetDevice",2659034,2659034,3984,3219595923320678,3219595923320737
"HIP_RUNTIME_API_EXT","hipLaunchKernel",2659034,2659034,3985,3219595923321269,3219595923324451
"HIP_RUNTIME_API_EXT","hipGetLastError",2659034,2659034,3986,3219595923324928,3219595923324973
"HIP_RUNTIME_API_EXT","hipSetDevice",2659034,2659034,3987,3219595923325731,3219595923325786
"HIP_RUNTIME_API_EXT","hipMalloc",2659034,2659034,3988,3219595923326166,3219595923327312
"HIP_RUNTIME_API_EXT","hipSetDevice",2659034,2659034,3989,3219595923327789,3219595923327848
"HIP_RUNTIME_API_EXT","hipLaunchKernel",2659034,2659034,3990,3219595923328373,3219595923333353
"HIP_RUNTIME_API_EXT","hipGetLastError",2659034,2659034,3991,3219595923333820,3219595923333872
"HIP_RUNTIME_API_EXT","hipSetDevice",2659034,2659034,3992,3219595923334453,3219595923334513
"HIP_RUNTIME_API_EXT","hipMalloc",2659034,2659034,3993,3219595923334969,3219595923336180
"HIP_RUNTIME_API_EXT","hipSetDevice",2659034,2659034,3994,3219595923336589,3219595923336649
"HIP_RUNTIME_API_EXT","hipLaunchKernel",2659034,2659034,3995,3219595923337265,3219595923343206
"HIP_RUNTIME_API_EXT","hipGetLastError",2659034,2659034,3996,3219595923343669,3219595923343711
"HIP_RUNTIME_API_EXT","hipSetDevice",2659034,2659034,3997,3219595923344154,3219595923344211
"HIP_RUNTIME_API_EXT","hipFree",2659034,2659034,3998,3219595923344594,3219595923357743
"HIP_RUNTIME_API_EXT","hipSetDevice",2659034,2659034,3999,3219595923358194,3219595923358248
"HIP_RUNTIME_API_EXT","hipFree",2659034,2659034,4000,3219595923359006,3219595923360068
"HIP_RUNTIME_API_EXT","hipSetDevice",2659034,2659034,4001,3219595923360657,3219595923360713
"HIP_RUNTIME_API_EXT","hipMalloc",2659034,2659034,4002,3219595923361092,3219595923362189
"HIP_RUNTIME_API_EXT","hipSetDevice",2659034,2659034,4003,3219595923362786,3219595923362845
"HIP_RUNTIME_API_EXT","hipLaunchKernel",2659034,2659034,4004,3219595923363691,3219595923372007
"HIP_RUNTIME_API_EXT","hipGetLastError",2659034,2659034,4005,3219595923372571,3219595923372621
"HIP_RUNTIME_API_EXT","hipSetDevice",2659034,2659034,4006,3219595923387512,3219595923387573
"HIP_RUNTIME_API_EXT","hipFree",2659034,2659034,4007,3219595923387967,3219595923400666
"HIP_RUNTIME_API_EXT","hipSetDevice",2659034,2659034,4008,3219595923444583,3219595923444704
"HIP_RUNTIME_API_EXT","hipMalloc",2659034,2659034,4009,3219595923445215,3219595923446622
"HIP_RUNTIME_API_EXT","hipSetDevice",2659034,2659034,4010,3219595923447142,3219595923447205
"HIP_RUNTIME_API_EXT","hipLaunchKernel",2659034,2659034,4011,3219595923447936,3219595923452405
"HIP_RUNTIME_API_EXT","hipGetLastError",2659034,2659034,4012,3219595923452838,3219595923452939
"HIP_RUNTIME_API_EXT","hipSetDevice",2659034,2659034,4013,3219595923453405,3219595923453467
"HIP_RUNTIME_API_EXT","hipFree",2659034,2659034,4014,3219595923453903,3219595923466391
"HIP_RUNTIME_API_EXT","hipSetDevice",2659034,2659034,4015,3219595923466942,3219595923467028
"HIP_RUNTIME_API_EXT","hipFree",2659034,2659034,4016,3219595923467792,3219595923468882
"HIP_RUNTIME_API_EXT","hipSetDevice",2659034,2659034,4017,3219595923469342,3219595923469399
"HIP_RUNTIME_API_EXT","hipFree",2659034,2659034,4018,3219595923469806,3219595923470880
"HIP_RUNTIME_API_EXT","hipSetDevice",2659034,2659034,4019,3219595923471236,3219595923471292
"HIP_RUNTIME_API_EXT","hipFree",2659034,2659034,4020,3219595923471619,3219595923472987
"HIP_RUNTIME_API_EXT","hipSetDevice",2659034,2659034,4021,3219595923473606,3219595923473663
"HIP_RUNTIME_API_EXT","hipMalloc",2659034,2659034,4022,3219595923474322,3219595923475330
"HIP_RUNTIME_API_EXT","hipSetDevice",2659034,2659034,4023,3219595923475752,3219595923475815
"HIP_RUNTIME_API_EXT","hipLaunchKernel",2659034,2659034,4024,3219595923476358,3219595923480032
"HIP_RUNTIME_API_EXT","hipGetLastError",2659034,2659034,4025,3219595923480448,3219595923480493
"HIP_RUNTIME_API_EXT","hipSetDevice",2659034,2659034,4026,3219595923481176,3219595923481232
"HIP_RUNTIME_API_EXT","hipMalloc",2659034,2659034,4027,3219595923481715,3219595923482830
"HIP_RUNTIME_API_EXT","hipSetDevice",2659034,2659034,4028,3219595923483290,3219595923483348
"HIP_RUNTIME_API_EXT","hipLaunchKernel",2659034,2659034,4029,3219595923483879,3219595923487443
"HIP_RUNTIME_API_EXT","hipGetLastError",2659034,2659034,4030,3219595923488577,3219595923488620
"HIP_RUNTIME_API_EXT","hipSetDevice",2659034,2659034,4031,3219595923489483,3219595923489539
"HIP_RUNTIME_API_EXT","hipMalloc",2659034,2659034,4032,3219595923489952,3219595923491031
"HIP_RUNTIME_API_EXT","hipSetDevice",2659034,2659034,4033,3219595923491788,3219595923491844
"HIP_RUNTIME_API_EXT","hipLaunchKernel",2659034,2659034,4034,3219595923492427,3219595923496159
"HIP_RUNTIME_API_EXT","hipGetLastError",2659034,2659034,4035,3219595923496533,3219595923496579
"HIP_RUNTIME_API_EXT","hipSetDevice",2659034,2659034,4036,3219595923497221,3219595923497282
"HIP_RUNTIME_API_EXT","hipMalloc",2659034,2659034,4037,3219595923497629,3219595923498934
"HIP_RUNTIME_API_EXT","hipSetDevice",2659034,2659034,4038,3219595923499467,3219595923499524
"HIP_RUNTIME_API_EXT","hipLaunchKernel",2659034,2659034,4039,3219595923500145,3219595923504440
"HIP_RUNTIME_API_EXT","hipGetLastError",2659034,2659034,4040,3219595923504845,3219595923504897
"HIP_RUNTIME_API_EXT","hipSetDevice",2659034,2659034,4041,3219595923506189,3219595923506253
"HIP_RUNTIME_API_EXT","hipMalloc",2659034,2659034,4042,3219595923506608,3219595923507837
"HIP_RUNTIME_API_EXT","hipSetDevice",2659034,2659034,4043,3219595923508302,3219595923508357
"HIP_RUNTIME_API_EXT","hipLaunchKernel",2659034,2659034,4044,3219595923508845,3219595923512828
"HIP_RUNTIME_API_EXT","hipGetLastError",2659034,2659034,4045,3219595923513377,3219595923513419
"HIP_RUNTIME_API_EXT","hipSetDevice",2659034,2659034,4046,3219595923514216,3219595923514279
"HIP_RUNTIME_API_EXT","hipMalloc",2659034,2659034,4047,3219595923514690,3219595923515787
"HIP_RUNTIME_API_EXT","hipSetDevice",2659034,2659034,4048,3219595923516197,3219595923516257
"HIP_RUNTIME_API_EXT","hipLaunchKernel",2659034,2659034,4049,3219595923516767,3219595923520519
"HIP_RUNTIME_API_EXT","hipGetLastError",2659034,2659034,4050,3219595923521171,3219595923521216
"HIP_RUNTIME_API_EXT","hipSetDevice",2659034,2659034,4051,3219595923522180,3219595923522245
"HIP_RUNTIME_API_EXT","hipMalloc",2659034,2659034,4052,3219595923522641,3219595923525127
"HIP_RUNTIME_API_EXT","hipSetDevice",2659034,2659034,4053,3219595923525530,3219595923525590
"HIP_RUNTIME_API_EXT","hipLaunchKernel",2659034,2659034,4054,3219595923526384,3219595923530869
"HIP_RUNTIME_API_EXT","hipGetLastError",2659034,2659034,4055,3219595923531372,3219595923531424
"HIP_RUNTIME_API_EXT","hipSetDevice",2659034,2659034,4056,3219595923531922,3219595923531981
"HIP_RUNTIME_API_EXT","hipMalloc",2659034,2659034,4057,3219595923532391,3219595923533698
"HIP_RUNTIME_API_EXT","hipSetDevice",2659034,2659034,4058,3219595923534078,3219595923534138
"HIP_RUNTIME_API_EXT","hipLaunchKernel",2659034,2659034,4059,3219595923534776,3219595923538784
"HIP_RUNTIME_API_EXT","hipGetLastError",2659034,2659034,4060,3219595923539730,3219595923539830
"HIP_RUNTIME_API_EXT","hipSetDevice",2659034,2659034,4061,3219595923540351,3219595923540407
"HIP_RUNTIME_API_EXT","hipFree",2659034,2659034,4062,3219595923540803,3219595923556467
"HIP_RUNTIME_API_EXT","hipSetDevice",2659034,2659034,4063,3219595923558559,3219595923558623
"HIP_RUNTIME_API_EXT","hipMalloc",2659034,2659034,4064,3219595923558984,3219595923559871
"HIP_RUNTIME_API_EXT","hipSetDevice",2659034,2659034,4065,3219595923560253,3219595923560311
"HIP_RUNTIME_API_EXT","hipLaunchKernel",2659034,2659034,4066,3219595923560856,3219595923565012
"HIP_RUNTIME_API_EXT","hipGetLastError",2659034,2659034,4067,3219595923565450,3219595923565496
"HIP_RUNTIME_API_EXT","hipSetDevice",2659034,2659034,4068,3219595923565850,3219595923565910
"HIP_RUNTIME_API_EXT","hipFree",2659034,2659034,4069,3219595923566271,3219595923579145
"HIP_RUNTIME_API_EXT","hipSetDevice",2659034,2659034,4070,3219595923580105,3219595923580181
"HIP_RUNTIME_API_EXT","hipMalloc",2659034,2659034,4071,3219595923580557,3219595923581710
"HIP_RUNTIME_API_EXT","hipSetDevice",2659034,2659034,4072,3219595923582366,3219595923582430
"HIP_RUNTIME_API_EXT","hipMemcpy",2659034,2659034,4073,3219595923582898,3219595923586739
"HIP_RUNTIME_API_EXT","hipSetDevice",2659034,2659034,4074,3219595923587179,3219595923587252
"HIP_RUNTIME_API_EXT","hipMemcpy",2659034,2659034,4075,3219595923587582,3219595923591386
"HIP_RUNTIME_API_EXT","hipSetDevice",2659034,2659034,4076,3219595923592039,3219595923592111
"HIP_RUNTIME_API_EXT","hipMalloc",2659034,2659034,4077,3219595923592456,3219595923593831
"HIP_RUNTIME_API_EXT","hipSetDevice",2659034,2659034,4078,3219595923594702,3219595923594759
"HIP_RUNTIME_API_EXT","hipMemcpy",2659034,2659034,4079,3219595923595268,3219595923605583
"HIP_RUNTIME_API_EXT","hipSetDevice",2659034,2659034,4080,3219595923606127,3219595923606231
"HIP_RUNTIME_API_EXT","hipMemcpy",2659034,2659034,4081,3219595923607701,3219595923612011
"HIP_RUNTIME_API_EXT","hipSetDevice",2659034,2659034,4082,3219595923613001,3219595923613058
"HIP_RUNTIME_API_EXT","hipMalloc",2659034,2659034,4083,3219595923613453,3219595923614984
"HIP_RUNTIME_API_EXT","hipSetDevice",2659034,2659034,4084,3219595923615447,3219595923615503
"HIP_RUNTIME_API_EXT","hipLaunchKernel",2659034,2659034,4085,3219595923616176,3219595923620656
"HIP_RUNTIME_API_EXT","hipGetLastError",2659034,2659034,4086,3219595923621108,3219595923621203
"HIP_RUNTIME_API_EXT","hipSetDevice",2659034,2659034,4087,3219595923622211,3219595923622271
"HIP_RUNTIME_API_EXT","hipMalloc",2659034,2659034,4088,3219595923622735,3219595923623902
"HIP_RUNTIME_API_EXT","hipSetDevice",2659034,2659034,4089,3219595923624377,3219595923624437
"HIP_RUNTIME_API_EXT","hipLaunchKernel",2659034,2659034,4090,3219595923625124,3219595923639424
"HIP_RUNTIME_API_EXT","hipGetLastError",2659034,2659034,4091,3219595923639880,3219595923639930
"HIP_RUNTIME_API_EXT","hipSetDevice",2659034,2659034,4092,3219595923640644,3219595923640703
"HIP_RUNTIME_API_EXT","hipFree",2659034,2659034,4093,3219595923641134,3219595923653093
"HIP_RUNTIME_API_EXT","hipSetDevice",2659034,2659034,4094,3219595923653720,3219595923653782
"HIP_RUNTIME_API_EXT","hipMalloc",2659034,2659034,4095,3219595923654126,3219595923654873
"HIP_RUNTIME_API_EXT","hipSetDevice",2659034,2659034,4096,3219595923655323,3219595923655383
"HIP_RUNTIME_API_EXT","hipLaunchKernel",2659034,2659034,4097,3219595923656615,3219595923660397
"HIP_RUNTIME_API_EXT","hipGetLastError",2659034,2659034,4098,3219595923660891,3219595923660934
"HIP_RUNTIME_API_EXT","hipSetDevice",2659034,2659034,4099,3219595923661502,3219595923661557
"HIP_RUNTIME_API_EXT","hipFree",2659034,2659034,4100,3219595923661920,3219595923679490
"HIP_RUNTIME_API_EXT","hipSetDevice",2659034,2659034,4101,3219595923679981,3219595923680042
"HIP_RUNTIME_API_EXT","hipFree",2659034,2659034,4102,3219595923680363,3219595923681437
"HIP_RUNTIME_API_EXT","hipSetDevice",2659034,2659034,4103,3219595923681849,3219595923681910
"HIP_RUNTIME_API_EXT","hipFree",2659034,2659034,4104,3219595923682337,3219595923683472
"HIP_RUNTIME_API_EXT","hipSetDevice",2659034,2659034,4105,3219595923683836,3219595923683890
"HIP_RUNTIME_API_EXT","hipFree",2659034,2659034,4106,3219595923684207,3219595923685379
"HIP_RUNTIME_API_EXT","hipSetDevice",2659034,2659034,4107,3219595923685837,3219595923685892
"HIP_RUNTIME_API_EXT","hipFree",2659034,2659034,4108,3219595923686275,3219595923687426
"HIP_RUNTIME_API_EXT","hipSetDevice",2659034,2659034,4109,3219595923687797,3219595923687854
"HIP_RUNTIME_API_EXT","hipFree",2659034,2659034,4110,3219595923688154,3219595923689251
"HIP_RUNTIME_API_EXT","hipSetDevice",2659034,2659034,4111,3219595923690096,3219595923690152
"HIP_RUNTIME_API_EXT","hipFree",2659034,2659034,4112,3219595923690539,3219595923691634
"HIP_RUNTIME_API_EXT","hipSetDevice",2659034,2659034,4113,3219595923692289,3219595923692348
"HIP_RUNTIME_API_EXT","hipMalloc",2659034,2659034,4114,3219595923692793,3219595923693645
"HIP_RUNTIME_API_EXT","hipSetDevice",2659034,2659034,4115,3219595923694074,3219595923694130
"HIP_RUNTIME_API_EXT","hipLaunchKernel",2659034,2659034,4116,3219595923694681,3219595923698472
"HIP_RUNTIME_API_EXT","hipGetLastError",2659034,2659034,4117,3219595923698870,3219595923698913
"HIP_RUNTIME_API_EXT","hipSetDevice",2659034,2659034,4118,3219595923699311,3219595923699371
"HIP_RUNTIME_API_EXT","hipFree",2659034,2659034,4119,3219595923699717,3219595923710512
"HIP_RUNTIME_API_EXT","hipSetDevice",2659034,2659034,4120,3219595923710931,3219595923710993
"HIP_RUNTIME_API_EXT","hipFree",2659034,2659034,4121,3219595923711593,3219595923712677
"HIP_RUNTIME_API_EXT","hipSetDevice",2659034,2659034,4122,3219595923713277,3219595923713333
"HIP_RUNTIME_API_EXT","hipMalloc",2659034,2659034,4123,3219595923713848,3219595923714737
"HIP_RUNTIME_API_EXT","hipSetDevice",2659034,2659034,4124,3219595923715127,3219595923715187
"HIP_RUNTIME_API_EXT","hipLaunchKernel",2659034,2659034,4125,3219595923715737,3219595923719505
"HIP_RUNTIME_API_EXT","hipGetLastError",2659034,2659034,4126,3219595923719912,3219595923720006
"HIP_RUNTIME_API_EXT","hipSetDevice",2659034,2659034,4127,3219595923720612,3219595923720666
"HIP_RUNTIME_API_EXT","hipMalloc",2659034,2659034,4128,3219595923721079,3219595923722166
"HIP_RUNTIME_API_EXT","hipSetDevice",2659034,2659034,4129,3219595923722540,3219595923722596
"HIP_RUNTIME_API_EXT","hipLaunchKernel",2659034,2659034,4130,3219595923723118,3219595923726285
"HIP_RUNTIME_API_EXT","hipGetLastError",2659034,2659034,4131,3219595923726792,3219595923726836
"HIP_RUNTIME_API_EXT","hipSetDevice",2659034,2659034,4132,3219595923728490,3219595923728543
"HIP_RUNTIME_API_EXT","hipMalloc",2659034,2659034,4133,3219595923728929,3219595923730109
"HIP_RUNTIME_API_EXT","hipSetDevice",2659034,2659034,4134,3219595923730615,3219595923730669
"HIP_RUNTIME_API_EXT","hipLaunchKernel",2659034,2659034,4135,3219595923731171,3219595923734496
"HIP_RUNTIME_API_EXT","hipGetLastError",2659034,2659034,4136,3219595923734868,3219595923734909
"HIP_RUNTIME_API_EXT","hipSetDevice",2659034,2659034,4137,3219595923735700,3219595923735761
"HIP_RUNTIME_API_EXT","hipMalloc",2659034,2659034,4138,3219595923736118,3219595923737734
"HIP_RUNTIME_API_EXT","hipSetDevice",2659034,2659034,4139,3219595923738245,3219595923738306
"HIP_RUNTIME_API_EXT","hipLaunchKernel",2659034,2659034,4140,3219595923739057,3219595923743159
"HIP_RUNTIME_API_EXT","hipGetLastError",2659034,2659034,4141,3219595923743566,3219595923743619
"HIP_RUNTIME_API_EXT","hipSetDevice",2659034,2659034,4142,3219595923744042,3219595923744099
"HIP_RUNTIME_API_EXT","hipFree",2659034,2659034,4143,3219595923744560,3219595923760575
"HIP_RUNTIME_API_EXT","hipSetDevice",2659034,2659034,4144,3219595923760986,3219595923761048
"HIP_RUNTIME_API_EXT","hipFree",2659034,2659034,4145,3219595923761787,3219595923762872
"HIP_RUNTIME_API_EXT","hipSetDevice",2659034,2659034,4146,3219595923763659,3219595923763716
"HIP_RUNTIME_API_EXT","hipMalloc",2659034,2659034,4147,3219595923764176,3219595923765112
"HIP_RUNTIME_API_EXT","hipSetDevice",2659034,2659034,4148,3219595923765489,3219595923765546
"HIP_RUNTIME_API_EXT","hipLaunchKernel",2659034,2659034,4149,3219595923766050,3219595923769799
"HIP_RUNTIME_API_EXT","hipGetLastError",2659034,2659034,4150,3219595923770176,3219595923770219
"HIP_RUNTIME_API_EXT","hipSetDevice",2659034,2659034,4151,3219595923770782,3219595923770836
"HIP_RUNTIME_API_EXT","hipFree",2659034,2659034,4152,3219595923771249,3219595923796540
"HIP_RUNTIME_API_EXT","hipSetDevice",2659034,2659034,4153,3219595923797494,3219595923797547
"HIP_RUNTIME_API_EXT","hipMalloc",2659034,2659034,4154,3219595923798020,3219595923798862
"HIP_RUNTIME_API_EXT","hipSetDevice",2659034,2659034,4155,3219595923799257,3219595923799311
"HIP_RUNTIME_API_EXT","hipLaunchKernel",2659034,2659034,4156,3219595923799894,3219595923803620
"HIP_RUNTIME_API_EXT","hipGetLastError",2659034,2659034,4157,3219595923804000,3219595923804043
"HIP_RUNTIME_API_EXT","hipSetDevice",2659034,2659034,4158,3219595923804418,3219595923804480
"HIP_RUNTIME_API_EXT","hipFree",2659034,2659034,4159,3219595923804909,3219595923815989
"HIP_RUNTIME_API_EXT","hipSetDevice",2659034,2659034,4160,3219595923816380,3219595923816436
"HIP_RUNTIME_API_EXT","hipFree",2659034,2659034,4161,3219595923817149,3219595923818228
"HIP_RUNTIME_API_EXT","hipSetDevice",2659034,2659034,4162,3219595923818682,3219595923818738
"HIP_RUNTIME_API_EXT","hipFree",2659034,2659034,4163,3219595923819059,3219595923820199
"HIP_RUNTIME_API_EXT","hipSetDevice",2659034,2659034,4164,3219595923820542,3219595923820599
"HIP_RUNTIME_API_EXT","hipFree",2659034,2659034,4165,3219595923820984,3219595923822313
"HIP_RUNTIME_API_EXT","hipSetDevice",2659034,2659034,4166,3219595923822893,3219595923822946
"HIP_RUNTIME_API_EXT","hipMalloc",2659034,2659034,4167,3219595923823389,3219595923824382
"HIP_RUNTIME_API_EXT","hipSetDevice",2659034,2659034,4168,3219595923824787,3219595923824844
"HIP_RUNTIME_API_EXT","hipLaunchKernel",2659034,2659034,4169,3219595923825361,3219595923828969
"HIP_RUNTIME_API_EXT","hipGetLastError",2659034,2659034,4170,3219595923829461,3219595923829507
"HIP_RUNTIME_API_EXT","hipSetDevice",2659034,2659034,4171,3219595923829959,3219595923830022
"HIP_RUNTIME_API_EXT","hipFree",2659034,2659034,4172,3219595923830376,3219595923841679
"HIP_RUNTIME_API_EXT","hipSetDevice",2659034,2659034,4173,3219595923843058,3219595923843118
"HIP_RUNTIME_API_EXT","hipMalloc",2659034,2659034,4174,3219595923843458,3219595923844424
"HIP_RUNTIME_API_EXT","hipSetDevice",2659034,2659034,4175,3219595923844901,3219595923844954
"HIP_RUNTIME_API_EXT","hipLaunchKernel",2659034,2659034,4176,3219595923845475,3219595923849021
"HIP_RUNTIME_API_EXT","hipGetLastError",2659034,2659034,4177,3219595923849469,3219595923849514
"HIP_RUNTIME_API_EXT","hipSetDevice",2659034,2659034,4178,3219595923850241,3219595923850299
"HIP_RUNTIME_API_EXT","hipFree",2659034,2659034,4179,3219595923850644,3219595923867894
"HIP_RUNTIME_API_EXT","hipSetDevice",2659034,2659034,4180,3219595923868309,3219595923868367
"HIP_RUNTIME_API_EXT","hipFree",2659034,2659034,4181,3219595923869195,3219595923870576
"HIP_RUNTIME_API_EXT","hipSetDevice",2659034,2659034,4182,3219595923871441,3219595923871495
"HIP_RUNTIME_API_EXT","hipMemcpy",2659034,2659034,4183,3219595923871806,3219595923875959
"HIP_RUNTIME_API_EXT","hipSetDevice",2659034,2659034,4184,3219595923876413,3219595923876475
"HIP_RUNTIME_API_EXT","hipMemcpy",2659034,2659034,4185,3219595923876818,3219595923880139
"HIP_RUNTIME_API_EXT","hipSetDevice",2659034,2659034,4186,3219595923880621,3219595923880685
"HIP_RUNTIME_API_EXT","hipMemcpy",2659034,2659034,4187,3219595923881246,3219595923885269
"HIP_RUNTIME_API_EXT","hipSetDevice",2659034,2659034,4188,3219595923885634,3219595923885704
"HIP_RUNTIME_API_EXT","hipMemcpy",2659034,2659034,4189,3219595923886069,3219595923889930
"HIP_RUNTIME_API_EXT","hipSetDevice",2659034,2659034,4190,3219595923890613,3219595923890671
"HIP_RUNTIME_API_EXT","hipMemcpy",2659034,2659034,4191,3219595923890977,3219595923895115
"HIP_RUNTIME_API_EXT","hipSetDevice",2659034,2659034,4192,3219595923895538,3219595923895599
"HIP_RUNTIME_API_EXT","hipMemcpy",2659034,2659034,4193,3219595923895935,3219595923900261
"HIP_RUNTIME_API_EXT","hipSetDevice",2659034,2659034,4194,3219595923900725,3219595923900795
"HIP_RUNTIME_API_EXT","hipMemcpy",2659034,2659034,4195,3219595923901214,3219595923905399
"HIP_RUNTIME_API_EXT","hipSetDevice",2659034,2659034,4196,3219595923905830,3219595923905895
"HIP_RUNTIME_API_EXT","hipMemcpy",2659034,2659034,4197,3219595923906217,3219595923911224
"HIP_RUNTIME_API_EXT","hipSetDevice",2659034,2659034,4198,3219595923911637,3219595923911704
"HIP_RUNTIME_API_EXT","hipFree",2659034,2659034,4199,3219595923912061,3219595923926645
"HIP_RUNTIME_API_EXT","hipSetDevice",2659034,2659034,4200,3219595923927167,3219595923927227
"HIP_RUNTIME_API_EXT","hipFree",2659034,2659034,4201,3219595923930032,3219595923931523
"HIP_RUNTIME_API_EXT","hipSetDevice",2659034,2659034,4202,3219595923932002,3219595923932056
"HIP_RUNTIME_API_EXT","hipFree",2659034,2659034,4203,3219595923932375,3219595923933590
"HIP_RUNTIME_API_EXT","hipSetDevice",2659034,2659034,4204,3219595923933950,3219595923934006
"HIP_RUNTIME_API_EXT","hipFree",2659034,2659034,4205,3219595923934318,3219595923935360
"HIP_RUNTIME_API_EXT","hipSetDevice",2659034,2659034,4206,3219595923936063,3219595923936116
"HIP_RUNTIME_API_EXT","hipMemcpy",2659034,2659034,4207,3219595923936427,3219595923940896
"HIP_RUNTIME_API_EXT","hipSetDevice",2659034,2659034,4208,3219595923941418,3219595923941472
"HIP_RUNTIME_API_EXT","hipFree",2659034,2659034,4209,3219595923941805,3219595923953787
"HIP_RUNTIME_API_EXT","hipSetDevice",2659034,2659034,4210,3219595923955567,3219595923955632
"HIP_RUNTIME_API_EXT","hipMalloc",2659034,2659034,4211,3219595923956072,3219595923956921
"HIP_RUNTIME_API_EXT","hipSetDevice",2659034,2659034,4212,3219595923960829,3219595923960884
"HIP_RUNTIME_API_EXT","hipLaunchKernel",2659034,2659034,4213,3219595923962263,3219595923973735
"HIP_RUNTIME_API_EXT","hipGetLastError",2659034,2659034,4214,3219595923974224,3219595923974274
"HIP_RUNTIME_API_EXT","hipSetDevice",2659034,2659034,4215,3219595923974954,3219595923975017
"HIP_RUNTIME_API_EXT","hipMemcpy",2659034,2659034,4216,3219595923975514,3219595924006212
"HIP_RUNTIME_API_EXT","hipSetDevice",2659034,2659034,4217,3219595924023164,3219595924023286
"HIP_RUNTIME_API_EXT","hipFree",2659034,2659034,4218,3219595924023776,3219595924033916
"HIP_RUNTIME_API_EXT","hipSetDevice",2659034,2659034,4219,3219595924035672,3219595924035730
"HIP_RUNTIME_API_EXT","hipMalloc",2659034,2659034,4220,3219595924036094,3219595924037227
"HIP_RUNTIME_API_EXT","hipSetDevice",2659034,2659034,4221,3219595924037975,3219595924038032
"HIP_RUNTIME_API_EXT","hipMemcpy",2659034,2659034,4222,3219595924038464,3219595924054885
"HIP_RUNTIME_API_EXT","hipSetDevice",2659034,2659034,4223,3219595924056368,3219595924056427
"HIP_RUNTIME_API_EXT","hipMalloc",2659034,2659034,4224,3219595924056839,3219595924058001
"HIP_RUNTIME_API_EXT","hipSetDevice",2659034,2659034,4225,3219595924058613,3219595924058671
"HIP_RUNTIME_API_EXT","hipMemcpy",2659034,2659034,4226,3219595924059218,3219595924074968
"HIP_RUNTIME_API_EXT","hipSetDevice",2659034,2659034,4227,3219595924075959,3219595924076019
"HIP_RUNTIME_API_EXT","hipMalloc",2659034,2659034,4228,3219595924076502,3219595924077959
"HIP_RUNTIME_API_EXT","hipSetDevice",2659034,2659034,4229,3219595924078365,3219595924078426
"HIP_RUNTIME_API_EXT","hipMemcpy",2659034,2659034,4230,3219595924078807,3219595924095722
"HIP_RUNTIME_API_EXT","hipSetDevice",2659034,2659034,4231,3219595924096690,3219595924096752
"HIP_RUNTIME_API_EXT","hipMalloc",2659034,2659034,4232,3219595924097139,3219595924098320
"HIP_RUNTIME_API_EXT","hipSetDevice",2659034,2659034,4233,3219595924098775,3219595924098835
"HIP_RUNTIME_API_EXT","hipLaunchKernel",2659034,2659034,4234,3219595924099693,3219595924103739
"HIP_RUNTIME_API_EXT","hipGetLastError",2659034,2659034,4235,3219595924104196,3219595924104286
"HIP_RUNTIME_API_EXT","hipSetDevice",2659034,2659034,4236,3219595924105067,3219595924105126
"HIP_RUNTIME_API_EXT","hipMalloc",2659034,2659034,4237,3219595924105478,3219595924106564
"HIP_RUNTIME_API_EXT","hipSetDevice",2659034,2659034,4238,3219595924107113,3219595924107169
"HIP_RUNTIME_API_EXT","hipLaunchKernel",2659034,2659034,4239,3219595924107780,3219595924111202
"HIP_RUNTIME_API_EXT","hipGetLastError",2659034,2659034,4240,3219595924111899,3219595924111940
"HIP_RUNTIME_API_EXT","hipSetDevice",2659034,2659034,4241,3219595924112850,3219595924112901
"HIP_RUNTIME_API_EXT","hipMalloc",2659034,2659034,4242,3219595924113587,3219595924115089
"HIP_RUNTIME_API_EXT","hipSetDevice",2659034,2659034,4243,3219595924115495,3219595924115553
"HIP_RUNTIME_API_EXT","hipLaunchKernel",2659034,2659034,4244,3219595924116086,3219595924120832
"HIP_RUNTIME_API_EXT","hipGetLastError",2659034,2659034,4245,3219595924121362,3219595924121468
"HIP_RUNTIME_API_EXT","hipSetDevice",2659034,2659034,4246,3219595924122358,3219595924122418
"HIP_RUNTIME_API_EXT","hipMalloc",2659034,2659034,4247,3219595924122758,3219595924124267
"HIP_RUNTIME_API_EXT","hipSetDevice",2659034,2659034,4248,3219595924124756,3219595924124815
"HIP_RUNTIME_API_EXT","hipLaunchKernel",2659034,2659034,4249,3219595924125403,3219595924129130
"HIP_RUNTIME_API_EXT","hipGetLastError",2659034,2659034,4250,3219595924129646,3219595924129690
"HIP_RUNTIME_API_EXT","hipSetDevice",2659034,2659034,4251,3219595924130607,3219595924130666
"HIP_RUNTIME_API_EXT","hipMalloc",2659034,2659034,4252,3219595924131240,3219595924132299
"HIP_RUNTIME_API_EXT","hipSetDevice",2659034,2659034,4253,3219595924132659,3219595924132715
"HIP_RUNTIME_API_EXT","hipLaunchKernel",2659034,2659034,4254,3219595924133375,3219595924137431
"HIP_RUNTIME_API_EXT","hipGetLastError",2659034,2659034,4255,3219595924137833,3219595924137876
"HIP_RUNTIME_API_EXT","hipSetDevice",2659034,2659034,4256,3219595924139080,3219595924139141
"HIP_RUNTIME_API_EXT","hipMalloc",2659034,2659034,4257,3219595924139468,3219595924140825
"HIP_RUNTIME_API_EXT","hipSetDevice",2659034,2659034,4258,3219595924141368,3219595924141428
"HIP_RUNTIME_API_EXT","hipLaunchKernel",2659034,2659034,4259,3219595924141958,3219595924147245
"HIP_RUNTIME_API_EXT","hipGetLastError",2659034,2659034,4260,3219595924147682,3219595924147725
"HIP_RUNTIME_API_EXT","hipSetDevice",2659034,2659034,4261,3219595924148262,3219595924148321
"HIP_RUNTIME_API_EXT","hipMalloc",2659034,2659034,4262,3219595924148646,3219595924149712
"HIP_RUNTIME_API_EXT","hipSetDevice",2659034,2659034,4263,3219595924150170,3219595924150224
"HIP_RUNTIME_API_EXT","hipLaunchKernel",2659034,2659034,4264,3219595924150730,3219595924155862
"HIP_RUNTIME_API_EXT","hipGetLastError",2659034,2659034,4265,3219595924156298,3219595924156342
"HIP_RUNTIME_API_EXT","hipSetDevice",2659034,2659034,4266,3219595924159150,3219595924159221
"HIP_RUNTIME_API_EXT","hipLaunchKernel",2659034,2659034,4267,3219595924159784,3219595924172539
"HIP_RUNTIME_API_EXT","hipGetLastError",2659034,2659034,4268,3219595924172949,3219595924173005
"HIP_RUNTIME_API_EXT","hipSetDevice",2659034,2659034,4269,3219595924173703,3219595924173759
"HIP_RUNTIME_API_EXT","hipMalloc",2659034,2659034,4270,3219595924174084,3219595924175381
"HIP_RUNTIME_API_EXT","hipSetDevice",2659034,2659034,4271,3219595924176032,3219595924176092
"HIP_RUNTIME_API_EXT","hipLaunchKernel",2659034,2659034,4272,3219595924176746,3219595924180129
"HIP_RUNTIME_API_EXT","hipGetLastError",2659034,2659034,4273,3219595924180808,3219595924180849
"HIP_RUNTIME_API_EXT","hipSetDevice",2659034,2659034,4274,3219595924182072,3219595924182131
"HIP_RUNTIME_API_EXT","hipMalloc",2659034,2659034,4275,3219595924182452,3219595924183532
"HIP_RUNTIME_API_EXT","hipSetDevice",2659034,2659034,4276,3219595924183928,3219595924183981
"HIP_RUNTIME_API_EXT","hipLaunchKernel",2659034,2659034,4277,3219595924184494,3219595924188055
"HIP_RUNTIME_API_EXT","hipGetLastError",2659034,2659034,4278,3219595924188375,3219595924188418
"HIP_RUNTIME_API_EXT","hipSetDevice",2659034,2659034,4279,3219595924189019,3219595924189082
"HIP_RUNTIME_API_EXT","hipFree",2659034,2659034,4280,3219595924189433,3219595924211431
"HIP_RUNTIME_API_EXT","hipSetDevice",2659034,2659034,4281,3219595924212016,3219595924212078
"HIP_RUNTIME_API_EXT","hipFree",2659034,2659034,4282,3219595924212416,3219595924213414
"HIP_RUNTIME_API_EXT","hipSetDevice",2659034,2659034,4283,3219595924213779,3219595924213834
"HIP_RUNTIME_API_EXT","hipFree",2659034,2659034,4284,3219595924214243,3219595924215611
"HIP_RUNTIME_API_EXT","hipSetDevice",2659034,2659034,4285,3219595924216006,3219595924216060
"HIP_RUNTIME_API_EXT","hipFree",2659034,2659034,4286,3219595924216365,3219595924217305
"HIP_RUNTIME_API_EXT","hipSetDevice",2659034,2659034,4287,3219595924217754,3219595924217807
"HIP_RUNTIME_API_EXT","hipFree",2659034,2659034,4288,3219595924218109,3219595924219118
"HIP_RUNTIME_API_EXT","hipSetDevice",2659034,2659034,4289,3219595924221647,3219595924221705
"HIP_RUNTIME_API_EXT","hipFree",2659034,2659034,4290,3219595924222015,3219595924223085
"HIP_RUNTIME_API_EXT","hipSetDevice",2659034,2659034,4291,3219595924223496,3219595924223549
"HIP_RUNTIME_API_EXT","hipFree",2659034,2659034,4292,3219595924223853,3219595924224791
"HIP_RUNTIME_API_EXT","hipSetDevice",2659034,2659034,4293,3219595924225343,3219595924225397
"HIP_RUNTIME_API_EXT","hipMalloc",2659034,2659034,4294,3219595924225781,3219595924226791
"HIP_RUNTIME_API_EXT","hipSetDevice",2659034,2659034,4295,3219595924227478,3219595924227532
"HIP_RUNTIME_API_EXT","hipMalloc",2659034,2659034,4296,3219595924227857,3219595924228762
"HIP_RUNTIME_API_EXT","hipSetDevice",2659034,2659034,4297,3219595924229145,3219595924229200
"HIP_RUNTIME_API_EXT","hipLaunchKernel",2659034,2659034,4298,3219595924229802,3219595924234236
"HIP_RUNTIME_API_EXT","hipGetLastError",2659034,2659034,4299,3219595924234734,3219595924234777
"HIP_RUNTIME_API_EXT","hipSetDevice",2659034,2659034,4300,3219595924235537,3219595924235597
"HIP_RUNTIME_API_EXT","hipMalloc",2659034,2659034,4301,3219595924235980,3219595924237117
"HIP_RUNTIME_API_EXT","hipSetDevice",2659034,2659034,4302,3219595924237466,3219595924237523
"HIP_RUNTIME_API_EXT","hipLaunchKernel",2659034,2659034,4303,3219595924238038,3219595924241848
"HIP_RUNTIME_API_EXT","hipGetLastError",2659034,2659034,4304,3219595924242367,3219595924242409
"HIP_RUNTIME_API_EXT","hipSetDevice",2659034,2659034,4305,3219595924243404,3219595924243461
"HIP_RUNTIME_API_EXT","hipMalloc",2659034,2659034,4306,3219595924243811,3219595924244887
"HIP_RUNTIME_API_EXT","hipSetDevice",2659034,2659034,4307,3219595924245484,3219595924245540
"HIP_RUNTIME_API_EXT","hipLaunchKernel",2659034,2659034,4308,3219595924246118,3219595924250071
"HIP_RUNTIME_API_EXT","hipGetLastError",2659034,2659034,4309,3219595924250635,3219595924250677
"HIP_RUNTIME_API_EXT","hipSetDevice",2659034,2659034,4310,3219595924251148,3219595924251205
"HIP_RUNTIME_API_EXT","hipMalloc",2659034,2659034,4311,3219595924251529,3219595924252685
"HIP_RUNTIME_API_EXT","hipSetDevice",2659034,2659034,4312,3219595924253151,3219595924253204
"HIP_RUNTIME_API_EXT","hipLaunchKernel",2659034,2659034,4313,3219595924253941,3219595924258057
"HIP_RUNTIME_API_EXT","hipGetLastError",2659034,2659034,4314,3219595924258597,3219595924258638
"HIP_RUNTIME_API_EXT","hipSetDevice",2659034,2659034,4315,3219595924258998,3219595924259062
"HIP_RUNTIME_API_EXT","hipFree",2659034,2659034,4316,3219595924259417,3219595924273744
"HIP_RUNTIME_API_EXT","hipSetDevice",2659034,2659034,4317,3219595924274119,3219595924274181
"HIP_RUNTIME_API_EXT","hipFree",2659034,2659034,4318,3219595924275048,3219595924275967
"HIP_RUNTIME_API_EXT","hipSetDevice",2659034,2659034,4319,3219595924276812,3219595924276880
"HIP_RUNTIME_API_EXT","hipMalloc",2659034,2659034,4320,3219595924277335,3219595924279671
"HIP_RUNTIME_API_EXT","hipSetDevice",2659034,2659034,4321,3219595924280036,3219595924280093
"HIP_RUNTIME_API_EXT","hipLaunchKernel",2659034,2659034,4322,3219595924280604,3219595924284217
"HIP_RUNTIME_API_EXT","hipGetLastError",2659034,2659034,4323,3219595924284578,3219595924284621
"HIP_RUNTIME_API_EXT","hipSetDevice",2659034,2659034,4324,3219595924285074,3219595924285129
"HIP_RUNTIME_API_EXT","hipFree",2659034,2659034,4325,3219595924285484,3219595924310992
"HIP_RUNTIME_API_EXT","hipSetDevice",2659034,2659034,4326,3219595924311991,3219595924312051
"HIP_RUNTIME_API_EXT","hipMalloc",2659034,2659034,4327,3219595924312388,3219595924313202
"HIP_RUNTIME_API_EXT","hipSetDevice",2659034,2659034,4328,3219595924313579,3219595924313636
"HIP_RUNTIME_API_EXT","hipLaunchKernel",2659034,2659034,4329,3219595924314388,3219595924317958
"HIP_RUNTIME_API_EXT","hipGetLastError",2659034,2659034,4330,3219595924318455,3219595924318551
"HIP_RUNTIME_API_EXT","hipSetDevice",2659034,2659034,4331,3219595924319107,3219595924319161
"HIP_RUNTIME_API_EXT","hipFree",2659034,2659034,4332,3219595924319514,3219595924330437
"HIP_RUNTIME_API_EXT","hipSetDevice",2659034,2659034,4333,3219595924330797,3219595924330857
"HIP_RUNTIME_API_EXT","hipFree",2659034,2659034,4334,3219595924331423,3219595924332343
"HIP_RUNTIME_API_EXT","hipSetDevice",2659034,2659034,4335,3219595924332741,3219595924332796
"HIP_RUNTIME_API_EXT","hipFree",2659034,2659034,4336,3219595924333116,3219595924334148
"HIP_RUNTIME_API_EXT","hipSetDevice",2659034,2659034,4337,3219595924334570,3219595924334625
"HIP_RUNTIME_API_EXT","hipFree",2659034,2659034,4338,3219595924334948,3219595924335981
"HIP_RUNTIME_API_EXT","hipSetDevice",2659034,2659034,4339,3219595924336347,3219595924336429
"HIP_RUNTIME_API_EXT","hipFree",2659034,2659034,4340,3219595924336742,3219595924338031
"HIP_RUNTIME_API_EXT","hipSetDevice",2659034,2659034,4341,3219595924338713,3219595924338767
"HIP_RUNTIME_API_EXT","hipMalloc",2659034,2659034,4342,3219595924339087,3219595924340054
"HIP_RUNTIME_API_EXT","hipSetDevice",2659034,2659034,4343,3219595924340427,3219595924340480
"HIP_RUNTIME_API_EXT","hipLaunchKernel",2659034,2659034,4344,3219595924341053,3219595924344930
"HIP_RUNTIME_API_EXT","hipGetLastError",2659034,2659034,4345,3219595924345333,3219595924345374
"HIP_RUNTIME_API_EXT","hipSetDevice",2659034,2659034,4346,3219595924346267,3219595924346323
"HIP_RUNTIME_API_EXT","hipMalloc",2659034,2659034,4347,3219595924346661,3219595924347530
"HIP_RUNTIME_API_EXT","hipSetDevice",2659034,2659034,4348,3219595924347914,3219595924347969
"HIP_RUNTIME_API_EXT","hipLaunchKernel",2659034,2659034,4349,3219595924348525,3219595924351820
"HIP_RUNTIME_API_EXT","hipGetLastError",2659034,2659034,4350,3219595924352253,3219595924352296
"HIP_RUNTIME_API_EXT","hipSetDevice",2659034,2659034,4351,3219595924353621,3219595924353677
"HIP_RUNTIME_API_EXT","hipMalloc",2659034,2659034,4352,3219595924354157,3219595924355400
"HIP_RUNTIME_API_EXT","hipSetDevice",2659034,2659034,4353,3219595924355872,3219595924355930
"HIP_RUNTIME_API_EXT","hipLaunchKernel",2659034,2659034,4354,3219595924356499,3219595924360136
"HIP_RUNTIME_API_EXT","hipGetLastError",2659034,2659034,4355,3219595924360553,3219595924360597
"HIP_RUNTIME_API_EXT","hipSetDevice",2659034,2659034,4356,3219595924361303,3219595924361360
"HIP_RUNTIME_API_EXT","hipMalloc",2659034,2659034,4357,3219595924361683,3219595924362716
"HIP_RUNTIME_API_EXT","hipSetDevice",2659034,2659034,4358,3219595924363107,3219595924363163
"HIP_RUNTIME_API_EXT","hipLaunchKernel",2659034,2659034,4359,3219595924363659,3219595924369359
"HIP_RUNTIME_API_EXT","hipGetLastError",2659034,2659034,4360,3219595924369710,3219595924369754
"HIP_RUNTIME_API_EXT","hipSetDevice",2659034,2659034,4361,3219595924371023,3219595924371086
"HIP_RUNTIME_API_EXT","hipMalloc",2659034,2659034,4362,3219595924371415,3219595924372656
"HIP_RUNTIME_API_EXT","hipSetDevice",2659034,2659034,4363,3219595924373241,3219595924373294
"HIP_RUNTIME_API_EXT","hipLaunchKernel",2659034,2659034,4364,3219595924374030,3219595924378616
"HIP_RUNTIME_API_EXT","hipGetLastError",2659034,2659034,4365,3219595924379026,3219595924379070
"HIP_RUNTIME_API_EXT","hipSetDevice",2659034,2659034,4366,3219595924379695,3219595924379751
"HIP_RUNTIME_API_EXT","hipMalloc",2659034,2659034,4367,3219595924380231,3219595924381384
"HIP_RUNTIME_API_EXT","hipSetDevice",2659034,2659034,4368,3219595924381751,3219595924381810
"HIP_RUNTIME_API_EXT","hipLaunchKernel",2659034,2659034,4369,3219595924382311,3219595924386465
"HIP_RUNTIME_API_EXT","hipGetLastError",2659034,2659034,4370,3219595924386901,3219595924386946
"HIP_RUNTIME_API_EXT","hipSetDevice",2659034,2659034,4371,3219595924388191,3219595924388254
"HIP_RUNTIME_API_EXT","hipLaunchKernel",2659034,2659034,4372,3219595924388786,3219595924392857
"HIP_RUNTIME_API_EXT","hipGetLastError",2659034,2659034,4373,3219595924393304,3219595924393348
"HIP_RUNTIME_API_EXT","hipSetDevice",2659034,2659034,4374,3219595924402220,3219595924402339
"HIP_RUNTIME_API_EXT","hipMalloc",2659034,2659034,4375,3219595924402842,3219595924404474
"HIP_RUNTIME_API_EXT","hipSetDevice",2659034,2659034,4376,3219595924404913,3219595924404974
"HIP_RUNTIME_API_EXT","hipLaunchKernel",2659034,2659034,4377,3219595924405647,3219595924410919
"HIP_RUNTIME_API_EXT","hipGetLastError",2659034,2659034,4378,3219595924411396,3219595924411486
"HIP_RUNTIME_API_EXT","hipSetDevice",2659034,2659034,4379,3219595924412504,3219595924412563
"HIP_RUNTIME_API_EXT","hipMalloc",2659034,2659034,4380,3219595924412883,3219595924414010
"HIP_RUNTIME_API_EXT","hipSetDevice",2659034,2659034,4381,3219595924414366,3219595924414423
"HIP_RUNTIME_API_EXT","hipLaunchKernel",2659034,2659034,4382,3219595924414950,3219595924418240
"HIP_RUNTIME_API_EXT","hipGetLastError",2659034,2659034,4383,3219595924418581,3219595924418628
"HIP_RUNTIME_API_EXT","hipSetDevice",2659034,2659034,4384,3219595924419236,3219595924419298
"HIP_RUNTIME_API_EXT","hipFree",2659034,2659034,4385,3219595924419686,3219595924441583
"HIP_RUNTIME_API_EXT","hipSetDevice",2659034,2659034,4386,3219595924442147,3219595924442208
"HIP_RUNTIME_API_EXT","hipFree",2659034,2659034,4387,3219595924442533,3219595924443579
"HIP_RUNTIME_API_EXT","hipSetDevice",2659034,2659034,4388,3219595924444178,3219595924444233
"HIP_RUNTIME_API_EXT","hipFree",2659034,2659034,4389,3219595924444644,3219595924445775
"HIP_RUNTIME_API_EXT","hipSetDevice",2659034,2659034,4390,3219595924446160,3219595924446215
"HIP_RUNTIME_API_EXT","hipFree",2659034,2659034,4391,3219595924446545,3219595924447582
"HIP_RUNTIME_API_EXT","hipSetDevice",2659034,2659034,4392,3219595924447955,3219595924448011
"HIP_RUNTIME_API_EXT","hipFree",2659034,2659034,4393,3219595924448331,3219595924449312
"HIP_RUNTIME_API_EXT","hipSetDevice",2659034,2659034,4394,3219595924449684,3219595924449741
"HIP_RUNTIME_API_EXT","hipFree",2659034,2659034,4395,3219595924450058,3219595924451088
"HIP_RUNTIME_API_EXT","hipSetDevice",2659034,2659034,4396,3219595924451455,3219595924451510
"HIP_RUNTIME_API_EXT","hipFree",2659034,2659034,4397,3219595924451812,3219595924452965
"HIP_RUNTIME_API_EXT","hipSetDevice",2659034,2659034,4398,3219595924453527,3219595924453582
"HIP_RUNTIME_API_EXT","hipMalloc",2659034,2659034,4399,3219595924453904,3219595924454799
"HIP_RUNTIME_API_EXT","hipSetDevice",2659034,2659034,4400,3219595924456842,3219595924456897
"HIP_RUNTIME_API_EXT","hipMalloc",2659034,2659034,4401,3219595924457250,3219595924458098
"HIP_RUNTIME_API_EXT","hipSetDevice",2659034,2659034,4402,3219595924458486,3219595924458540
"HIP_RUNTIME_API_EXT","hipLaunchKernel",2659034,2659034,4403,3219595924459146,3219595924463180
"HIP_RUNTIME_API_EXT","hipGetLastError",2659034,2659034,4404,3219595924463692,3219595924463734
"HIP_RUNTIME_API_EXT","hipSetDevice",2659034,2659034,4405,3219595924464391,3219595924464453
"HIP_RUNTIME_API_EXT","hipMalloc",2659034,2659034,4406,3219595924464817,3219595924465899
"HIP_RUNTIME_API_EXT","hipSetDevice",2659034,2659034,4407,3219595924466271,3219595924466329
"HIP_RUNTIME_API_EXT","hipLaunchKernel",2659034,2659034,4408,3219595924466853,3219595924470406
"HIP_RUNTIME_API_EXT","hipGetLastError",2659034,2659034,4409,3219595924470800,3219595924470846
"HIP_RUNTIME_API_EXT","hipSetDevice",2659034,2659034,4410,3219595924471822,3219595924471881
"HIP_RUNTIME_API_EXT","hipMalloc",2659034,2659034,4411,3219595924472394,3219595924473437
"HIP_RUNTIME_API_EXT","hipSetDevice",2659034,2659034,4412,3219595924474133,3219595924474190
"HIP_RUNTIME_API_EXT","hipLaunchKernel",2659034,2659034,4413,3219595924474686,3219595924478506
"HIP_RUNTIME_API_EXT","hipGetLastError",2659034,2659034,4414,3219595924478975,3219595924479020
"HIP_RUNTIME_API_EXT","hipSetDevice",2659034,2659034,4415,3219595924479582,3219595924479639
"HIP_RUNTIME_API_EXT","hipMalloc",2659034,2659034,4416,3219595924479967,3219595924481058
"HIP_RUNTIME_API_EXT","hipSetDevice",2659034,2659034,4417,3219595924481875,3219595924481930
"HIP_RUNTIME_API_EXT","hipLaunchKernel",2659034,2659034,4418,3219595924482529,3219595924487286
"HIP_RUNTIME_API_EXT","hipGetLastError",2659034,2659034,4419,3219595924487755,3219595924487803
"HIP_RUNTIME_API_EXT","hipSetDevice",2659034,2659034,4420,3219595924488183,3219595924488246
"HIP_RUNTIME_API_EXT","hipFree",2659034,2659034,4421,3219595924488802,3219595924502578
"HIP_RUNTIME_API_EXT","hipSetDevice",2659034,2659034,4422,3219595924503493,3219595924503548
"HIP_RUNTIME_API_EXT","hipFree",2659034,2659034,4423,3219595924503936,3219595924504963
"HIP_RUNTIME_API_EXT","hipSetDevice",2659034,2659034,4424,3219595924505673,3219595924505742
"HIP_RUNTIME_API_EXT","hipMalloc",2659034,2659034,4425,3219595924506142,3219595924507057
"HIP_RUNTIME_API_EXT","hipSetDevice",2659034,2659034,4426,3219595924507666,3219595924507719
"HIP_RUNTIME_API_EXT","hipLaunchKernel",2659034,2659034,4427,3219595924508316,3219595924512006
"HIP_RUNTIME_API_EXT","hipGetLastError",2659034,2659034,4428,3219595924512445,3219595924512486
"HIP_RUNTIME_API_EXT","hipSetDevice",2659034,2659034,4429,3219595924513011,3219595924513067
"HIP_RUNTIME_API_EXT","hipFree",2659034,2659034,4430,3219595924513409,3219595924538721
"HIP_RUNTIME_API_EXT","hipSetDevice",2659034,2659034,4431,3219595924539554,3219595924539612
"HIP_RUNTIME_API_EXT","hipMalloc",2659034,2659034,4432,3219595924540032,3219595924541014
"HIP_RUNTIME_API_EXT","hipSetDevice",2659034,2659034,4433,3219595924541722,3219595924541781
"HIP_RUNTIME_API_EXT","hipLaunchKernel",2659034,2659034,4434,3219595924542480,3219595924546074
"HIP_RUNTIME_API_EXT","hipGetLastError",2659034,2659034,4435,3219595924546595,3219595924546691
"HIP_RUNTIME_API_EXT","hipSetDevice",2659034,2659034,4436,3219595924547137,3219595924547201
"HIP_RUNTIME_API_EXT","hipFree",2659034,2659034,4437,3219595924547599,3219595924558564
"HIP_RUNTIME_API_EXT","hipSetDevice",2659034,2659034,4438,3219595924558944,3219595924559001
"HIP_RUNTIME_API_EXT","hipFree",2659034,2659034,4439,3219595924559629,3219595924560633
"HIP_RUNTIME_API_EXT","hipSetDevice",2659034,2659034,4440,3219595924561009,3219595924561064
"HIP_RUNTIME_API_EXT","hipFree",2659034,2659034,4441,3219595924561388,3219595924562411
"HIP_RUNTIME_API_EXT","hipSetDevice",2659034,2659034,4442,3219595924562792,3219595924562848
"HIP_RUNTIME_API_EXT","hipFree",2659034,2659034,4443,3219595924563226,3219595924564708
"HIP_RUNTIME_API_EXT","hipSetDevice",2659034,2659034,4444,3219595924565146,3219595924565202
"HIP_RUNTIME_API_EXT","hipFree",2659034,2659034,4445,3219595924565652,3219595924566839
"HIP_RUNTIME_API_EXT","hipSetDevice",2659034,2659034,4446,3219595924567379,3219595924567434
"HIP_RUNTIME_API_EXT","hipMalloc",2659034,2659034,4447,3219595924567783,3219595924568892
"HIP_RUNTIME_API_EXT","hipSetDevice",2659034,2659034,4448,3219595924569381,3219595924569442
"HIP_RUNTIME_API_EXT","hipLaunchKernel",2659034,2659034,4449,3219595924570005,3219595924573822
"HIP_RUNTIME_API_EXT","hipGetLastError",2659034,2659034,4450,3219595924574310,3219595924574354
"HIP_RUNTIME_API_EXT","hipSetDevice",2659034,2659034,4451,3219595924574795,3219595924574854
"HIP_RUNTIME_API_EXT","hipFree",2659034,2659034,4452,3219595924575312,3219595924586250
"HIP_RUNTIME_API_EXT","hipSetDevice",2659034,2659034,4453,3219595924587552,3219595924587608
"HIP_RUNTIME_API_EXT","hipMalloc",2659034,2659034,4454,3219595924587991,3219595924588934
"HIP_RUNTIME_API_EXT","hipSetDevice",2659034,2659034,4455,3219595924589392,3219595924589449
"HIP_RUNTIME_API_EXT","hipLaunchKernel",2659034,2659034,4456,3219595924590098,3219595924593748
"HIP_RUNTIME_API_EXT","hipGetLastError",2659034,2659034,4457,3219595924594293,3219595924594336
"HIP_RUNTIME_API_EXT","hipSetDevice",2659034,2659034,4458,3219595924595151,3219595924595221
"HIP_RUNTIME_API_EXT","hipFree",2659034,2659034,4459,3219595924595560,3219595924613005
"HIP_RUNTIME_API_EXT","hipSetDevice",2659034,2659034,4460,3219595924613381,3219595924613441
"HIP_RUNTIME_API_EXT","hipFree",2659034,2659034,4461,3219595924614008,3219595924615114
"HIP_RUNTIME_API_EXT","hipSetDevice",2659034,2659034,4462,3219595924615503,3219595924615567
"HIP_RUNTIME_API_EXT","hipFree",2659034,2659034,4463,3219595924615954,3219595924617129
"HIP_RUNTIME_API_EXT","hipSetDevice",2659034,2659034,4464,3219595924617680,3219595924617735
"HIP_RUNTIME_API_EXT","hipFree",2659034,2659034,4465,3219595924618054,3219595924619107
"HIP_RUNTIME_API_EXT","hipSetDevice",2659034,2659034,4466,3219595924619890,3219595924619952
"HIP_RUNTIME_API_EXT","hipMemcpy",2659034,2659034,4467,3219595924620353,3219595924624599
"HIP_RUNTIME_API_EXT","hipSetDevice",2659034,2659034,4468,3219595924625117,3219595924625208
"HIP_RUNTIME_API_EXT","hipMemcpy",2659034,2659034,4469,3219595924625525,3219595924629221
"HIP_RUNTIME_API_EXT","hipSetDevice",2659034,2659034,4470,3219595924629785,3219595924629848
"HIP_RUNTIME_API_EXT","hipMemcpy",2659034,2659034,4471,3219595924630207,3219595924634037
"HIP_RUNTIME_API_EXT","hipSetDevice",2659034,2659034,4472,3219595924634583,3219595924634653
"HIP_RUNTIME_API_EXT","hipMemcpy",2659034,2659034,4473,3219595924635026,3219595924639094
"HIP_RUNTIME_API_EXT","hipSetDevice",2659034,2659034,4474,3219595924639533,3219595924639597
"HIP_RUNTIME_API_EXT","hipFree",2659034,2659034,4475,3219595924639940,3219595924651467
"HIP_RUNTIME_API_EXT","hipSetDevice",2659034,2659034,4476,3219595924652249,3219595924652313
"HIP_RUNTIME_API_EXT","hipMalloc",2659034,2659034,4477,3219595924652933,3219595924653780
"HIP_RUNTIME_API_EXT","hipSetDevice",2659034,2659034,4478,3219595924654323,3219595924654377
"HIP_RUNTIME_API_EXT","hipLaunchKernel",2659034,2659034,4479,3219595924655271,3219595924659250
"HIP_RUNTIME_API_EXT","hipGetLastError",2659034,2659034,4480,3219595924659854,3219595924659896
"HIP_RUNTIME_API_EXT","hipSetDevice",2659034,2659034,4481,3219595924660760,3219595924660817
"HIP_RUNTIME_API_EXT","hipMemcpy",2659034,2659034,4482,3219595924661168,3219595924676578
"HIP_RUNTIME_API_EXT","hipSetDevice",2659034,2659034,4483,3219595924677414,3219595924677476
"HIP_RUNTIME_API_EXT","hipFree",2659034,2659034,4484,3219595924677843,3219595924687822
"HIP_RUNTIME_API_EXT","hipSetDevice",2659034,2659034,4485,3219595924688779,3219595924688837
"HIP_RUNTIME_API_EXT","hipLaunchKernel",2659034,2659034,4486,3219595924689479,3219595924701856
"HIP_RUNTIME_API_EXT","hipGetLastError",2659034,2659034,4487,3219595924702370,3219595924702412
"HIP_RUNTIME_API_EXT","hipSetDevice",2659034,2659034,4488,3219595924703020,3219595924703081
"HIP_RUNTIME_API_EXT","hipLaunchKernel",2659034,2659034,4489,3219595924703676,3219595924707093
"HIP_RUNTIME_API_EXT","hipGetLastError",2659034,2659034,4490,3219595924707537,3219595924707583
"HIP_RUNTIME_API_EXT","hipSetDevice",2659034,2659034,4491,3219595924708247,3219595924708306
"HIP_RUNTIME_API_EXT","hipLaunchKernel",2659034,2659034,4492,3219595924709063,3219595924712458
"HIP_RUNTIME_API_EXT","hipGetLastError",2659034,2659034,4493,3219595924712877,3219595924712922
"HIP_RUNTIME_API_EXT","hipSetDevice",2659034,2659034,4494,3219595924713438,3219595924713494
"HIP_RUNTIME_API_EXT","hipLaunchKernel",2659034,2659034,4495,3219595924714371,3219595924717940
"HIP_RUNTIME_API_EXT","hipGetLastError",2659034,2659034,4496,3219595924718407,3219595924718453
"HIP_RUNTIME_API_EXT","hipSetDevice",2659034,2659034,4497,3219595924719760,3219595924719813
"HIP_RUNTIME_API_EXT","hipLaunchKernel",2659034,2659034,4498,3219595924720395,3219595924723992
"HIP_RUNTIME_API_EXT","hipGetLastError",2659034,2659034,4499,3219595924724306,3219595924724352
"HIP_RUNTIME_API_EXT","hipSetDevice",2659034,2659034,4500,3219595924725526,3219595924725583
"HIP_RUNTIME_API_EXT","hipLaunchKernel",2659034,2659034,4501,3219595924726100,3219595924729877
"HIP_RUNTIME_API_EXT","hipGetLastError",2659034,2659034,4502,3219595924730571,3219595924730615
"HIP_RUNTIME_API_EXT","hipSetDevice",2659034,2659034,4503,3219595924731524,3219595924731594
"HIP_RUNTIME_API_EXT","hipLaunchKernel",2659034,2659034,4504,3219595924732402,3219595924735969
"HIP_RUNTIME_API_EXT","hipGetLastError",2659034,2659034,4505,3219595924736286,3219595924736328
"HIP_RUNTIME_API_EXT","hipSetDevice",2659034,2659034,4506,3219595924737232,3219595924737288
"HIP_RUNTIME_API_EXT","hipLaunchKernel",2659034,2659034,4507,3219595924737905,3219595924741742
"HIP_RUNTIME_API_EXT","hipGetLastError",2659034,2659034,4508,3219595924742335,3219595924742377
"HIP_RUNTIME_API_EXT","hipSetDevice",2659034,2659034,4509,3219595924744792,3219595924744849
"HIP_RUNTIME_API_EXT","hipMalloc",2659034,2659034,4510,3219595924745279,3219595924746326
"HIP_RUNTIME_API_EXT","hipSetDevice",2659034,2659034,4511,3219595924746779,3219595924746835
"HIP_RUNTIME_API_EXT","hipMemcpy",2659034,2659034,4512,3219595924747202,3219595924764261
"HIP_RUNTIME_API_EXT","hipSetDevice",2659034,2659034,4513,3219595924765573,3219595924765631
"HIP_RUNTIME_API_EXT","hipMalloc",2659034,2659034,4514,3219595924765990,3219595924767117
"HIP_RUNTIME_API_EXT","hipSetDevice",2659034,2659034,4515,3219595924767542,3219595924767596
"HIP_RUNTIME_API_EXT","hipMemcpy",2659034,2659034,4516,3219595924767966,3219595924784413
"HIP_RUNTIME_API_EXT","hipSetDevice",2659034,2659034,4517,3219595924785413,3219595924785472
"HIP_RUNTIME_API_EXT","hipMalloc",2659034,2659034,4518,3219595924785838,3219595924787172
"HIP_RUNTIME_API_EXT","hipSetDevice",2659034,2659034,4519,3219595924787708,3219595924787758
"HIP_RUNTIME_API_EXT","hipMemcpy",2659034,2659034,4520,3219595924788156,3219595924804519
"HIP_RUNTIME_API_EXT","hipSetDevice",2659034,2659034,4521,3219595924805653,3219595924805705
"HIP_RUNTIME_API_EXT","hipMalloc",2659034,2659034,4522,3219595924806171,3219595924808304
"HIP_RUNTIME_API_EXT","hipSetDevice",2659034,2659034,4523,3219595924808870,3219595924808926
"HIP_RUNTIME_API_EXT","hipLaunchKernel",2659034,2659034,4524,3219595924809794,3219595924813868
"HIP_RUNTIME_API_EXT","hipGetLastError",2659034,2659034,4525,3219595924814412,3219595924814455
"HIP_RUNTIME_API_EXT","hipSetDevice",2659034,2659034,4526,3219595924815115,3219595924815172
"HIP_RUNTIME_API_EXT","hipMalloc",2659034,2659034,4527,3219595924815769,3219595924817066
"HIP_RUNTIME_API_EXT","hipSetDevice",2659034,2659034,4528,3219595924817439,3219595924817494
"HIP_RUNTIME_API_EXT","hipLaunchKernel",2659034,2659034,4529,3219595924818032,3219595924821089
"HIP_RUNTIME_API_EXT","hipGetLastError",2659034,2659034,4530,3219595924822283,3219595924822325
"HIP_RUNTIME_API_EXT","hipSetDevice",2659034,2659034,4531,3219595924823363,3219595924823428
"HIP_RUNTIME_API_EXT","hipMalloc",2659034,2659034,4532,3219595924823845,3219595924825209
"HIP_RUNTIME_API_EXT","hipSetDevice",2659034,2659034,4533,3219595924825717,3219595924825771
"HIP_RUNTIME_API_EXT","hipLaunchKernel",2659034,2659034,4534,3219595924826466,3219595924830785
"HIP_RUNTIME_API_EXT","hipGetLastError",2659034,2659034,4535,3219595924831282,3219595924831325
"HIP_RUNTIME_API_EXT","hipSetDevice",2659034,2659034,4536,3219595924832271,3219595924832328
"HIP_RUNTIME_API_EXT","hipMalloc",2659034,2659034,4537,3219595924832771,3219595924834088
"HIP_RUNTIME_API_EXT","hipSetDevice",2659034,2659034,4538,3219595924834499,3219595924834556
"HIP_RUNTIME_API_EXT","hipLaunchKernel",2659034,2659034,4539,3219595924835138,3219595924838495
"HIP_RUNTIME_API_EXT","hipGetLastError",2659034,2659034,4540,3219595924838961,3219595924839005
"HIP_RUNTIME_API_EXT","hipSetDevice",2659034,2659034,4541,3219595924839720,3219595924839780
"HIP_RUNTIME_API_EXT","hipMalloc",2659034,2659034,4542,3219595924840120,3219595924841166
"HIP_RUNTIME_API_EXT","hipSetDevice",2659034,2659034,4543,3219595924841511,3219595924841565
"HIP_RUNTIME_API_EXT","hipLaunchKernel",2659034,2659034,4544,3219595924842120,3219595924845628
"HIP_RUNTIME_API_EXT","hipGetLastError",2659034,2659034,4545,3219595924846556,3219595924846599
"HIP_RUNTIME_API_EXT","hipSetDevice",2659034,2659034,4546,3219595924847979,3219595924848042
"HIP_RUNTIME_API_EXT","hipMalloc",2659034,2659034,4547,3219595924848372,3219595924849652
"HIP_RUNTIME_API_EXT","hipSetDevice",2659034,2659034,4548,3219595924850031,3219595924850087
"HIP_RUNTIME_API_EXT","hipLaunchKernel",2659034,2659034,4549,3219595924850615,3219595924855361
"HIP_RUNTIME_API_EXT","hipGetLastError",2659034,2659034,4550,3219595924855856,3219595924855898
"HIP_RUNTIME_API_EXT","hipSetDevice",2659034,2659034,4551,3219595924859206,3219595924859265
"HIP_RUNTIME_API_EXT","hipMalloc",2659034,2659034,4552,3219595924859890,3219595924861070
"HIP_RUNTIME_API_EXT","hipSetDevice",2659034,2659034,4553,3219595924861481,3219595924861535
"HIP_RUNTIME_API_EXT","hipLaunchKernel",2659034,2659034,4554,3219595924862082,3219595924867590
"HIP_RUNTIME_API_EXT","hipGetLastError",2659034,2659034,4555,3219595924868050,3219595924868100
"HIP_RUNTIME_API_EXT","hipSetDevice",2659034,2659034,4556,3219595924869236,3219595924869293
"HIP_RUNTIME_API_EXT","hipLaunchKernel",2659034,2659034,4557,3219595924869834,3219595924879069
"HIP_RUNTIME_API_EXT","hipGetLastError",2659034,2659034,4558,3219595924879956,3219595924879999
"HIP_RUNTIME_API_EXT","hipSetDevice",2659034,2659034,4559,3219595924881043,3219595924881099
"HIP_RUNTIME_API_EXT","hipMalloc",2659034,2659034,4560,3219595924881428,3219595924883548
"HIP_RUNTIME_API_EXT","hipSetDevice",2659034,2659034,4561,3219595924885303,3219595924885361
"HIP_RUNTIME_API_EXT","hipLaunchKernel",2659034,2659034,4562,3219595924885999,3219595924911445
"HIP_RUNTIME_API_EXT","hipGetLastError",2659034,2659034,4563,3219595924912125,3219595924912231
"HIP_RUNTIME_API_EXT","hipSetDevice",2659034,2659034,4564,3219595924914802,3219595924914891
"HIP_RUNTIME_API_EXT","hipMalloc",2659034,2659034,4565,3219595924915237,3219595924917558
"HIP_RUNTIME_API_EXT","hipSetDevice",2659034,2659034,4566,3219595924918600,3219595924918655
"HIP_RUNTIME_API_EXT","hipLaunchKernel",2659034,2659034,4567,3219595924919283,3219595924932824
"HIP_RUNTIME_API_EXT","hipGetLastError",2659034,2659034,4568,3219595924933829,3219595924933902
"HIP_RUNTIME_API_EXT","hipSetDevice",2659034,2659034,4569,3219595924934500,3219595924934557
"HIP_RUNTIME_API_EXT","hipFree",2659034,2659034,4570,3219595924934997,3219595924959433
"HIP_RUNTIME_API_EXT","hipSetDevice",2659034,2659034,4571,3219595924960178,3219595924960235
"HIP_RUNTIME_API_EXT","hipFree",2659034,2659034,4572,3219595924960753,3219595924961955
"HIP_RUNTIME_API_EXT","hipSetDevice",2659034,2659034,4573,3219595924962458,3219595924962514
"HIP_RUNTIME_API_EXT","hipFree",2659034,2659034,4574,3219595924963024,3219595924964091
"HIP_RUNTIME_API_EXT","hipSetDevice",2659034,2659034,4575,3219595924964654,3219595924964713
"HIP_RUNTIME_API_EXT","hipFree",2659034,2659034,4576,3219595924965158,3219595924966450
"HIP_RUNTIME_API_EXT","hipSetDevice",2659034,2659034,4577,3219595924966978,3219595924967083
"HIP_RUNTIME_API_EXT","hipFree",2659034,2659034,4578,3219595924967540,3219595924968537
"HIP_RUNTIME_API_EXT","hipSetDevice",2659034,2659034,4579,3219595924968931,3219595924968987
"HIP_RUNTIME_API_EXT","hipFree",2659034,2659034,4580,3219595924969304,3219595924970419
"HIP_RUNTIME_API_EXT","hipSetDevice",2659034,2659034,4581,3219595924970883,3219595924970937
"HIP_RUNTIME_API_EXT","hipFree",2659034,2659034,4582,3219595924971233,3219595924972327
"HIP_RUNTIME_API_EXT","hipSetDevice",2659034,2659034,4583,3219595924973000,3219595924973055
"HIP_RUNTIME_API_EXT","hipMalloc",2659034,2659034,4584,3219595924973400,3219595924974304
"HIP_RUNTIME_API_EXT","hipSetDevice",2659034,2659034,4585,3219595924974828,3219595924974885
"HIP_RUNTIME_API_EXT","hipMalloc",2659034,2659034,4586,3219595924977490,3219595924978377
"HIP_RUNTIME_API_EXT","hipSetDevice",2659034,2659034,4587,3219595924978906,3219595924978958
"HIP_RUNTIME_API_EXT","hipLaunchKernel",2659034,2659034,4588,3219595924979610,3219595924984083
"HIP_RUNTIME_API_EXT","hipGetLastError",2659034,2659034,4589,3219595924984556,3219595924984599
"HIP_RUNTIME_API_EXT","hipSetDevice",2659034,2659034,4590,3219595924985383,3219595924985443
"HIP_RUNTIME_API_EXT","hipMalloc",2659034,2659034,4591,3219595924985937,3219595924987022
"HIP_RUNTIME_API_EXT","hipSetDevice",2659034,2659034,4592,3219595924987404,3219595924987457
"HIP_RUNTIME_API_EXT","hipLaunchKernel",2659034,2659034,4593,3219595924987980,3219595924991842
"HIP_RUNTIME_API_EXT","hipGetLastError",2659034,2659034,4594,3219595924992250,3219595924992297
"HIP_RUNTIME_API_EXT","hipSetDevice",2659034,2659034,4595,3219595924993252,3219595924993315
"HIP_RUNTIME_API_EXT","hipMalloc",2659034,2659034,4596,3219595924993658,3219595924995041
"HIP_RUNTIME_API_EXT","hipSetDevice",2659034,2659034,4597,3219595924995385,3219595924995442
"HIP_RUNTIME_API_EXT","hipLaunchKernel",2659034,2659034,4598,3219595924996256,3219595925000208
"HIP_RUNTIME_API_EXT","hipGetLastError",2659034,2659034,4599,3219595925000718,3219595925000762
"HIP_RUNTIME_API_EXT","hipSetDevice",2659034,2659034,4600,3219595925001397,3219595925001454
"HIP_RUNTIME_API_EXT","hipMalloc",2659034,2659034,4601,3219595925002108,3219595925003308
"HIP_RUNTIME_API_EXT","hipSetDevice",2659034,2659034,4602,3219595925003677,3219595925003733
"HIP_RUNTIME_API_EXT","hipLaunchKernel",2659034,2659034,4603,3219595925004393,3219595925008856
"HIP_RUNTIME_API_EXT","hipGetLastError",2659034,2659034,4604,3219595925009384,3219595925009434
"HIP_RUNTIME_API_EXT","hipSetDevice",2659034,2659034,4605,3219595925009780,3219595925009841
"HIP_RUNTIME_API_EXT","hipFree",2659034,2659034,4606,3219595925010248,3219595925023992
"HIP_RUNTIME_API_EXT","hipSetDevice",2659034,2659034,4607,3219595925024827,3219595925024895
"HIP_RUNTIME_API_EXT","hipFree",2659034,2659034,4608,3219595925025276,3219595925026160
"HIP_RUNTIME_API_EXT","hipSetDevice",2659034,2659034,4609,3219595925026932,3219595925026989
"HIP_RUNTIME_API_EXT","hipMalloc",2659034,2659034,4610,3219595925027316,3219595925028399
"HIP_RUNTIME_API_EXT","hipSetDevice",2659034,2659034,4611,3219595925028916,3219595925028976
"HIP_RUNTIME_API_EXT","hipLaunchKernel",2659034,2659034,4612,3219595925029549,3219595925033207
"HIP_RUNTIME_API_EXT","hipGetLastError",2659034,2659034,4613,3219595925033566,3219595925033612
"HIP_RUNTIME_API_EXT","hipSetDevice",2659034,2659034,4614,3219595925034054,3219595925034115
"HIP_RUNTIME_API_EXT","hipFree",2659034,2659034,4615,3219595925034612,3219595925059990
"HIP_RUNTIME_API_EXT","hipSetDevice",2659034,2659034,4616,3219595925060812,3219595925060869
"HIP_RUNTIME_API_EXT","hipMalloc",2659034,2659034,4617,3219595925061199,3219595925062203
"HIP_RUNTIME_API_EXT","hipSetDevice",2659034,2659034,4618,3219595925062580,3219595925062634
"HIP_RUNTIME_API_EXT","hipLaunchKernel",2659034,2659034,4619,3219595925063441,3219595925066863
"HIP_RUNTIME_API_EXT","hipGetLastError",2659034,2659034,4620,3219595925067279,3219595925067323
"HIP_RUNTIME_API_EXT","hipSetDevice",2659034,2659034,4621,3219595925067896,3219595925067954
"HIP_RUNTIME_API_EXT","hipFree",2659034,2659034,4622,3219595925068455,3219595925079525
"HIP_RUNTIME_API_EXT","hipSetDevice",2659034,2659034,4623,3219595925080072,3219595925080134
"HIP_RUNTIME_API_EXT","hipFree",2659034,2659034,4624,3219595925080674,3219595925081748
"HIP_RUNTIME_API_EXT","hipSetDevice",2659034,2659034,4625,3219595925082106,3219595925082161
"HIP_RUNTIME_API_EXT","hipFree",2659034,2659034,4626,3219595925082476,3219595925083454
"HIP_RUNTIME_API_EXT","hipSetDevice",2659034,2659034,4627,3219595925083830,3219595925083889
"HIP_RUNTIME_API_EXT","hipFree",2659034,2659034,4628,3219595925084205,3219595925085246
"HIP_RUNTIME_API_EXT","hipSetDevice",2659034,2659034,4629,3219595925085637,3219595925085692
"HIP_RUNTIME_API_EXT","hipFree",2659034,2659034,4630,3219595925086003,3219595925087293
"HIP_RUNTIME_API_EXT","hipSetDevice",2659034,2659034,4631,3219595925087865,3219595925087923
"HIP_RUNTIME_API_EXT","hipMalloc",2659034,2659034,4632,3219595925088250,3219595925089199
"HIP_RUNTIME_API_EXT","hipSetDevice",2659034,2659034,4633,3219595925089569,3219595925089623
"HIP_RUNTIME_API_EXT","hipLaunchKernel",2659034,2659034,4634,3219595925090156,3219595925093844
"HIP_RUNTIME_API_EXT","hipGetLastError",2659034,2659034,4635,3219595925094310,3219595925094407
"HIP_RUNTIME_API_EXT","hipSetDevice",2659034,2659034,4636,3219595925095216,3219595925095272
"HIP_RUNTIME_API_EXT","hipMalloc",2659034,2659034,4637,3219595925095603,3219595925096530
"HIP_RUNTIME_API_EXT","hipSetDevice",2659034,2659034,4638,3219595925096925,3219595925096979
"HIP_RUNTIME_API_EXT","hipLaunchKernel",2659034,2659034,4639,3219595925097506,3219595925100772
"HIP_RUNTIME_API_EXT","hipGetLastError",2659034,2659034,4640,3219595925101150,3219595925101194
"HIP_RUNTIME_API_EXT","hipSetDevice",2659034,2659034,4641,3219595925103137,3219595925103192
"HIP_RUNTIME_API_EXT","hipMalloc",2659034,2659034,4642,3219595925103529,3219595925104526
"HIP_RUNTIME_API_EXT","hipSetDevice",2659034,2659034,4643,3219595925104915,3219595925104972
"HIP_RUNTIME_API_EXT","hipLaunchKernel",2659034,2659034,4644,3219595925105511,3219595925114608
"HIP_RUNTIME_API_EXT","hipGetLastError",2659034,2659034,4645,3219595925114986,3219595925115089
"HIP_RUNTIME_API_EXT","hipSetDevice",2659034,2659034,4646,3219595925116235,3219595925116329
"HIP_RUNTIME_API_EXT","hipMalloc",2659034,2659034,4647,3219595925116790,3219595925118520
"HIP_RUNTIME_API_EXT","hipSetDevice",2659034,2659034,4648,3219595925118928,3219595925118982
"HIP_RUNTIME_API_EXT","hipLaunchKernel",2659034,2659034,4649,3219595925119675,3219595925123300
"HIP_RUNTIME_API_EXT","hipGetLastError",2659034,2659034,4650,3219595925123700,3219595925123742
"HIP_RUNTIME_API_EXT","hipSetDevice",2659034,2659034,4651,3219595925124955,3219595925125012
"HIP_RUNTIME_API_EXT","hipMalloc",2659034,2659034,4652,3219595925125344,3219595925126521
"HIP_RUNTIME_API_EXT","hipSetDevice",2659034,2659034,4653,3219595925126882,3219595925126939
"HIP_RUNTIME_API_EXT","hipLaunchKernel",2659034,2659034,4654,3219595925127476,3219595925131421
"HIP_RUNTIME_API_EXT","hipGetLastError",2659034,2659034,4655,3219595925131852,3219595925131895
"HIP_RUNTIME_API_EXT","hipSetDevice",2659034,2659034,4656,3219595925132582,3219595925132643
"HIP_RUNTIME_API_EXT","hipMalloc",2659034,2659034,4657,3219595925133087,3219595925134354
"HIP_RUNTIME_API_EXT","hipSetDevice",2659034,2659034,4658,3219595925134722,3219595925134776
"HIP_RUNTIME_API_EXT","hipLaunchKernel",2659034,2659034,4659,3219595925135268,3219595925147939
"HIP_RUNTIME_API_EXT","hipGetLastError",2659034,2659034,4660,3219595925148398,3219595925148442
"HIP_RUNTIME_API_EXT","hipSetDevice",2659034,2659034,4661,3219595925149416,3219595925149473
"HIP_RUNTIME_API_EXT","hipLaunchKernel",2659034,2659034,4662,3219595925150009,3219595925154078
"HIP_RUNTIME_API_EXT","hipGetLastError",2659034,2659034,4663,3219595925154620,3219595925154671
"HIP_RUNTIME_API_EXT","hipSetDevice",2659034,2659034,4664,3219595925155389,3219595925155442
"HIP_RUNTIME_API_EXT","hipMalloc",2659034,2659034,4665,3219595925156082,3219595925157433
"HIP_RUNTIME_API_EXT","hipSetDevice",2659034,2659034,4666,3219595925157892,3219595925157953
"HIP_RUNTIME_API_EXT","hipLaunchKernel",2659034,2659034,4667,3219595925158482,3219595925164556
"HIP_RUNTIME_API_EXT","hipGetLastError",2659034,2659034,4668,3219595925164925,3219595925164968
"HIP_RUNTIME_API_EXT","hipSetDevice",2659034,2659034,4669,3219595925166059,3219595925166117
"HIP_RUNTIME_API_EXT","hipMalloc",2659034,2659034,4670,3219595925166497,3219595925169033
"HIP_RUNTIME_API_EXT","hipSetDevice",2659034,2659034,4671,3219595925169484,3219595925169540
"HIP_RUNTIME_API_EXT","hipLaunchKernel",2659034,2659034,4672,3219595925170110,3219595925174108
"HIP_RUNTIME_API_EXT","hipGetLastError",2659034,2659034,4673,3219595925174710,3219595925174755
"HIP_RUNTIME_API_EXT","hipSetDevice",2659034,2659034,4674,3219595925175327,3219595925175388
"HIP_RUNTIME_API_EXT","hipFree",2659034,2659034,4675,3219595925175782,3219595925196655
"HIP_RUNTIME_API_EXT","hipSetDevice",2659034,2659034,4676,3219595925197313,3219595925197372
"HIP_RUNTIME_API_EXT","hipFree",2659034,2659034,4677,3219595925197701,3219595925198613
"HIP_RUNTIME_API_EXT","hipSetDevice",2659034,2659034,4678,3219595925199011,3219595925199062
"HIP_RUNTIME_API_EXT","hipFree",2659034,2659034,4679,3219595925199400,3219595925200590
"HIP_RUNTIME_API_EXT","hipSetDevice",2659034,2659034,4680,3219595925200972,3219595925201028
"HIP_RUNTIME_API_EXT","hipFree",2659034,2659034,4681,3219595925201348,3219595925203915
"HIP_RUNTIME_API_EXT","hipSetDevice",2659034,2659034,4682,3219595925204316,3219595925204372
"HIP_RUNTIME_API_EXT","hipFree",2659034,2659034,4683,3219595925204697,3219595925205759
"HIP_RUNTIME_API_EXT","hipSetDevice",2659034,2659034,4684,3219595925206104,3219595925206155
"HIP_RUNTIME_API_EXT","hipFree",2659034,2659034,4685,3219595925206481,3219595925207482
"HIP_RUNTIME_API_EXT","hipSetDevice",2659034,2659034,4686,3219595925207871,3219595925207928
"HIP_RUNTIME_API_EXT","hipFree",2659034,2659034,4687,3219595925208234,3219595925209168
"HIP_RUNTIME_API_EXT","hipSetDevice",2659034,2659034,4688,3219595925209647,3219595925209706
"HIP_RUNTIME_API_EXT","hipMalloc",2659034,2659034,4689,3219595925210146,3219595925210873
"HIP_RUNTIME_API_EXT","hipSetDevice",2659034,2659034,4690,3219595925213015,3219595925213068
"HIP_RUNTIME_API_EXT","hipMalloc",2659034,2659034,4691,3219595925213474,3219595925214315
"HIP_RUNTIME_API_EXT","hipSetDevice",2659034,2659034,4692,3219595925214709,3219595925214762
"HIP_RUNTIME_API_EXT","hipLaunchKernel",2659034,2659034,4693,3219595925215342,3219595925219392
"HIP_RUNTIME_API_EXT","hipGetLastError",2659034,2659034,4694,3219595925219798,3219595925219842
"HIP_RUNTIME_API_EXT","hipSetDevice",2659034,2659034,4695,3219595925220687,3219595925220744
"HIP_RUNTIME_API_EXT","hipMalloc",2659034,2659034,4696,3219595925221079,3219595925222037
"HIP_RUNTIME_API_EXT","hipSetDevice",2659034,2659034,4697,3219595925222491,3219595925222546
"HIP_RUNTIME_API_EXT","hipLaunchKernel",2659034,2659034,4698,3219595925223094,3219595925226514
"HIP_RUNTIME_API_EXT","hipGetLastError",2659034,2659034,4699,3219595925226919,3219595925226962
"HIP_RUNTIME_API_EXT","hipSetDevice",2659034,2659034,4700,3219595925229101,3219595925229157
"HIP_RUNTIME_API_EXT","hipMalloc",2659034,2659034,4701,3219595925229734,3219595925230779
"HIP_RUNTIME_API_EXT","hipSetDevice",2659034,2659034,4702,3219595925231349,3219595925231407
"HIP_RUNTIME_API_EXT","hipLaunchKernel",2659034,2659034,4703,3219595925231908,3219595925235808
"HIP_RUNTIME_API_EXT","hipGetLastError",2659034,2659034,4704,3219595925236192,3219595925236235
"HIP_RUNTIME_API_EXT","hipSetDevice",2659034,2659034,4705,3219595925236723,3219595925236781
"HIP_RUNTIME_API_EXT","hipMalloc",2659034,2659034,4706,3219595925237101,3219595925238041
"HIP_RUNTIME_API_EXT","hipSetDevice",2659034,2659034,4707,3219595925238495,3219595925238557
"HIP_RUNTIME_API_EXT","hipLaunchKernel",2659034,2659034,4708,3219595925239139,3219595925249748
"HIP_RUNTIME_API_EXT","hipGetLastError",2659034,2659034,4709,3219595925250622,3219595925250787
"HIP_RUNTIME_API_EXT","hipSetDevice",2659034,2659034,4710,3219595925251301,3219595925251386
"HIP_RUNTIME_API_EXT","hipFree",2659034,2659034,4711,3219595925251845,3219595925263547
"HIP_RUNTIME_API_EXT","hipSetDevice",2659034,2659034,4712,3219595925264240,3219595925264297
"HIP_RUNTIME_API_EXT","hipFree",2659034,2659034,4713,3219595925264695,3219595925265744
"HIP_RUNTIME_API_EXT","hipSetDevice",2659034,2659034,4714,3219595925266578,3219595925266640
"HIP_RUNTIME_API_EXT","hipMalloc",2659034,2659034,4715,3219595925267000,3219595925267999
"HIP_RUNTIME_API_EXT","hipSetDevice",2659034,2659034,4716,3219595925268351,3219595925268407
"HIP_RUNTIME_API_EXT","hipLaunchKernel",2659034,2659034,4717,3219595925269045,3219595925272543
"HIP_RUNTIME_API_EXT","hipGetLastError",2659034,2659034,4718,3219595925272897,3219595925272941
"HIP_RUNTIME_API_EXT","hipSetDevice",2659034,2659034,4719,3219595925273368,3219595925273425
"HIP_RUNTIME_API_EXT","hipFree",2659034,2659034,4720,3219595925273772,3219595925298221
"HIP_RUNTIME_API_EXT","hipSetDevice",2659034,2659034,4721,3219595925299018,3219595925299077
"HIP_RUNTIME_API_EXT","hipMalloc",2659034,2659034,4722,3219595925299403,3219595925300241
"HIP_RUNTIME_API_EXT","hipSetDevice",2659034,2659034,4723,3219595925300614,3219595925300675
"HIP_RUNTIME_API_EXT","hipLaunchKernel",2659034,2659034,4724,3219595925301434,3219595925304927
"HIP_RUNTIME_API_EXT","hipGetLastError",2659034,2659034,4725,3219595925305349,3219595925305394
"HIP_RUNTIME_API_EXT","hipSetDevice",2659034,2659034,4726,3219595925305781,3219595925305842
"HIP_RUNTIME_API_EXT","hipFree",2659034,2659034,4727,3219595925306371,3219595925317444
"HIP_RUNTIME_API_EXT","hipSetDevice",2659034,2659034,4728,3219595925317942,3219595925318004
"HIP_RUNTIME_API_EXT","hipFree",2659034,2659034,4729,3219595925318541,3219595925319497
"HIP_RUNTIME_API_EXT","hipSetDevice",2659034,2659034,4730,3219595925319866,3219595925319921
"HIP_RUNTIME_API_EXT","hipFree",2659034,2659034,4731,3219595925320314,3219595925321278
"HIP_RUNTIME_API_EXT","hipSetDevice",2659034,2659034,4732,3219595925321643,3219595925321700
"HIP_RUNTIME_API_EXT","hipFree",2659034,2659034,4733,3219595925322019,3219595925323115
"HIP_RUNTIME_API_EXT","hipSetDevice",2659034,2659034,4734,3219595925323479,3219595925323533
"HIP_RUNTIME_API_EXT","hipFree",2659034,2659034,4735,3219595925323850,3219595925324970
"HIP_RUNTIME_API_EXT","hipSetDevice",2659034,2659034,4736,3219595925325519,3219595925325574
"HIP_RUNTIME_API_EXT","hipMalloc",2659034,2659034,4737,3219595925326080,3219595925327052
"HIP_RUNTIME_API_EXT","hipSetDevice",2659034,2659034,4738,3219595925327510,3219595925327573
"HIP_RUNTIME_API_EXT","hipLaunchKernel",2659034,2659034,4739,3219595925328183,3219595925331778
"HIP_RUNTIME_API_EXT","hipGetLastError",2659034,2659034,4740,3219595925332203,3219595925332252
"HIP_RUNTIME_API_EXT","hipSetDevice",2659034,2659034,4741,3219595925332620,3219595925332679
"HIP_RUNTIME_API_EXT","hipFree",2659034,2659034,4742,3219595925333006,3219595925344121
"HIP_RUNTIME_API_EXT","hipSetDevice",2659034,2659034,4743,3219595925345069,3219595925345122
"HIP_RUNTIME_API_EXT","hipMalloc",2659034,2659034,4744,3219595925345454,3219595925346220
"HIP_RUNTIME_API_EXT","hipSetDevice",2659034,2659034,4745,3219595925346613,3219595925346669
"HIP_RUNTIME_API_EXT","hipLaunchKernel",2659034,2659034,4746,3219595925347180,3219595925350603
"HIP_RUNTIME_API_EXT","hipGetLastError",2659034,2659034,4747,3219595925350987,3219595925351033
"HIP_RUNTIME_API_EXT","hipSetDevice",2659034,2659034,4748,3219595925351667,3219595925351724
"HIP_RUNTIME_API_EXT","hipFree",2659034,2659034,4749,3219595925352060,3219595925370456
"HIP_RUNTIME_API_EXT","hipSetDevice",2659034,2659034,4750,3219595925370842,3219595925370904
"HIP_RUNTIME_API_EXT","hipFree",2659034,2659034,4751,3219595925371446,3219595925372517
"HIP_RUNTIME_API_EXT","hipSetDevice",2659034,2659034,4752,3219595925372902,3219595925372955
"HIP_RUNTIME_API_EXT","hipFree",2659034,2659034,4753,3219595925373346,3219595925374443
"HIP_RUNTIME_API_EXT","hipSetDevice",2659034,2659034,4754,3219595925374810,3219595925374866
"HIP_RUNTIME_API_EXT","hipFree",2659034,2659034,4755,3219595925375300,3219595925376297
"HIP_RUNTIME_API_EXT","hipSetDevice",2659034,2659034,4756,3219595925376929,3219595925376981
"HIP_RUNTIME_API_EXT","hipMemcpy",2659034,2659034,4757,3219595925377342,3219595925381726
"HIP_RUNTIME_API_EXT","hipSetDevice",2659034,2659034,4758,3219595925382244,3219595925382304
"HIP_RUNTIME_API_EXT","hipMemcpy",2659034,2659034,4759,3219595925382617,3219595925385989
"HIP_RUNTIME_API_EXT","hipSetDevice",2659034,2659034,4760,3219595925386589,3219595925386646
"HIP_RUNTIME_API_EXT","hipFree",2659034,2659034,4761,3219595925387065,3219595925398466
"HIP_RUNTIME_API_EXT","hipSetDevice",2659034,2659034,4762,3219595925399738,3219595925399793
"HIP_RUNTIME_API_EXT","hipMalloc",2659034,2659034,4763,3219595925400136,3219595925401082
"HIP_RUNTIME_API_EXT","hipSetDevice",2659034,2659034,4764,3219595925401530,3219595925401586
"HIP_RUNTIME_API_EXT","hipLaunchKernel",2659034,2659034,4765,3219595925402193,3219595925406194
"HIP_RUNTIME_API_EXT","hipGetLastError",2659034,2659034,4766,3219595925406638,3219595925406683
"HIP_RUNTIME_API_EXT","hipSetDevice",2659034,2659034,4767,3219595925407126,3219595925407182
"HIP_RUNTIME_API_EXT","hipMemcpy",2659034,2659034,4768,3219595925407506,3219595925422935
"HIP_RUNTIME_API_EXT","hipSetDevice",2659034,2659034,4769,3219595925423910,3219595925423972
"HIP_RUNTIME_API_EXT","hipFree",2659034,2659034,4770,3219595925424317,3219595925432822
"HIP_RUNTIME_API_EXT","hipSetDevice",2659034,2659034,4771,3219595925433649,3219595925433707
"HIP_RUNTIME_API_EXT","hipLaunchKernel",2659034,2659034,4772,3219595925434253,3219595925438235
"HIP_RUNTIME_API_EXT","hipGetLastError",2659034,2659034,4773,3219595925438617,3219595925438717
"HIP_RUNTIME_API_EXT","hipSetDevice",2659034,2659034,4774,3219595925439267,3219595925439328
"HIP_RUNTIME_API_EXT","hipLaunchKernel",2659034,2659034,4775,3219595925439852,3219595925443427
"HIP_RUNTIME_API_EXT","hipGetLastError",2659034,2659034,4776,3219595925443887,3219595925443932
"HIP_RUNTIME_API_EXT","hipSetDevice",2659034,2659034,4777,3219595925444419,3219595925444473
"HIP_RUNTIME_API_EXT","hipLaunchKernel",2659034,2659034,4778,3219595925445310,3219595925449108
"HIP_RUNTIME_API_EXT","hipGetLastError",2659034,2659034,4779,3219595925449479,3219595925449523
"HIP_RUNTIME_API_EXT","hipSetDevice",2659034,2659034,4780,3219595925449981,3219595925450036
"HIP_RUNTIME_API_EXT","hipLaunchKernel",2659034,2659034,4781,3219595925451257,3219595925455081
"HIP_RUNTIME_API_EXT","hipGetLastError",2659034,2659034,4782,3219595925455446,3219595925455489
"HIP_RUNTIME_API_EXT","hipSetDevice",2659034,2659034,4783,3219595925458411,3219595925458473
"HIP_RUNTIME_API_EXT","hipMalloc",2659034,2659034,4784,3219595925458911,3219595925459795
"HIP_RUNTIME_API_EXT","hipSetDevice",2659034,2659034,4785,3219595925460210,3219595925460263
"HIP_RUNTIME_API_EXT","hipMemcpy",2659034,2659034,4786,3219595925460596,3219595925476946
"HIP_RUNTIME_API_EXT","hipSetDevice",2659034,2659034,4787,3219595925478480,3219595925478538
"HIP_RUNTIME_API_EXT","hipMalloc",2659034,2659034,4788,3219595925478869,3219595925480401
"HIP_RUNTIME_API_EXT","hipSetDevice",2659034,2659034,4789,3219595925480857,3219595925480909
"HIP_RUNTIME_API_EXT","hipMemcpy",2659034,2659034,4790,3219595925481510,3219595925497557
"HIP_RUNTIME_API_EXT","hipSetDevice",2659034,2659034,4791,3219595925498612,3219595925498667
"HIP_RUNTIME_API_EXT","hipMalloc",2659034,2659034,4792,3219595925499086,3219595925500481
"HIP_RUNTIME_API_EXT","hipSetDevice",2659034,2659034,4793,3219595925500892,3219595925500950
"HIP_RUNTIME_API_EXT","hipMemcpy",2659034,2659034,4794,3219595925501292,3219595925517782
"HIP_RUNTIME_API_EXT","hipSetDevice",2659034,2659034,4795,3219595925518748,3219595925518805
"HIP_RUNTIME_API_EXT","hipMalloc",2659034,2659034,4796,3219595925519165,3219595925520461
"HIP_RUNTIME_API_EXT","hipSetDevice",2659034,2659034,4797,3219595925520890,3219595925520948
"HIP_RUNTIME_API_EXT","hipLaunchKernel",2659034,2659034,4798,3219595925521527,3219595925525251
"HIP_RUNTIME_API_EXT","hipGetLastError",2659034,2659034,4799,3219595925525756,3219595925525800
"HIP_RUNTIME_API_EXT","hipSetDevice",2659034,2659034,4800,3219595925526363,3219595925526420
"HIP_RUNTIME_API_EXT","hipMalloc",2659034,2659034,4801,3219595925526930,3219595925528148
"HIP_RUNTIME_API_EXT","hipSetDevice",2659034,2659034,4802,3219595925528562,3219595925528615
"HIP_RUNTIME_API_EXT","hipLaunchKernel",2659034,2659034,4803,3219595925529196,3219595925533900
"HIP_RUNTIME_API_EXT","hipGetLastError",2659034,2659034,4804,3219595925534431,3219595925534475
"HIP_RUNTIME_API_EXT","hipSetDevice",2659034,2659034,4805,3219595925535576,3219595925535635
"HIP_RUNTIME_API_EXT","hipMalloc",2659034,2659034,4806,3219595925535994,3219595925537261
"HIP_RUNTIME_API_EXT","hipSetDevice",2659034,2659034,4807,3219595925537753,3219595925537808
"HIP_RUNTIME_API_EXT","hipLaunchKernel",2659034,2659034,4808,3219595925538418,3219595925542914
"HIP_RUNTIME_API_EXT","hipGetLastError",2659034,2659034,4809,3219595925543384,3219595925543429
"HIP_RUNTIME_API_EXT","hipSetDevice",2659034,2659034,4810,3219595925544322,3219595925544381
"HIP_RUNTIME_API_EXT","hipMalloc",2659034,2659034,4811,3219595925544740,3219595925545806
"HIP_RUNTIME_API_EXT","hipSetDevice",2659034,2659034,4812,3219595925546188,3219595925546244
"HIP_RUNTIME_API_EXT","hipLaunchKernel",2659034,2659034,4813,3219595925546757,3219595925550312
"HIP_RUNTIME_API_EXT","hipGetLastError",2659034,2659034,4814,3219595925550782,3219595925550824
"HIP_RUNTIME_API_EXT","hipSetDevice",2659034,2659034,4815,3219595925551517,3219595925551575
"HIP_RUNTIME_API_EXT","hipMalloc",2659034,2659034,4816,3219595925551911,3219595925553304
"HIP_RUNTIME_API_EXT","hipSetDevice",2659034,2659034,4817,3219595925553680,3219595925553743
"HIP_RUNTIME_API_EXT","hipLaunchKernel",2659034,2659034,4818,3219595925554276,3219595925558570
"HIP_RUNTIME_API_EXT","hipGetLastError",2659034,2659034,4819,3219595925559162,3219595925559203
"HIP_RUNTIME_API_EXT","hipSetDevice",2659034,2659034,4820,3219595925560841,3219595925560898
"HIP_RUNTIME_API_EXT","hipMalloc",2659034,2659034,4821,3219595925561248,3219595925562332
"HIP_RUNTIME_API_EXT","hipSetDevice",2659034,2659034,4822,3219595925562749,3219595925562803
"HIP_RUNTIME_API_EXT","hipLaunchKernel",2659034,2659034,4823,3219595925563334,3219595925567210
"HIP_RUNTIME_API_EXT","hipGetLastError",2659034,2659034,4824,3219595925567715,3219595925567758
"HIP_RUNTIME_API_EXT","hipSetDevice",2659034,2659034,4825,3219595925568435,3219595925568495
"HIP_RUNTIME_API_EXT","hipMalloc",2659034,2659034,4826,3219595925568829,3219595925569932
"HIP_RUNTIME_API_EXT","hipSetDevice",2659034,2659034,4827,3219595925570327,3219595925570384
"HIP_RUNTIME_API_EXT","hipLaunchKernel",2659034,2659034,4828,3219595925570889,3219595925574631
"HIP_RUNTIME_API_EXT","hipGetLastError",2659034,2659034,4829,3219595925575390,3219595925575431
"HIP_RUNTIME_API_EXT","hipSetDevice",2659034,2659034,4830,3219595925576793,3219595925576849
"HIP_RUNTIME_API_EXT","hipLaunchKernel",2659034,2659034,4831,3219595925577442,3219595925584081
"HIP_RUNTIME_API_EXT","hipGetLastError",2659034,2659034,4832,3219595925584595,3219595925584638
"HIP_RUNTIME_API_EXT","hipSetDevice",2659034,2659034,4833,3219595925585338,3219595925585394
"HIP_RUNTIME_API_EXT","hipMalloc",2659034,2659034,4834,3219595925585738,3219595925586900
"HIP_RUNTIME_API_EXT","hipSetDevice",2659034,2659034,4835,3219595925587322,3219595925587384
"HIP_RUNTIME_API_EXT","hipLaunchKernel",2659034,2659034,4836,3219595925588129,3219595925592098
"HIP_RUNTIME_API_EXT","hipGetLastError",2659034,2659034,4837,3219595925592621,3219595925592665
"HIP_RUNTIME_API_EXT","hipSetDevice",2659034,2659034,4838,3219595925593907,3219595925593964
"HIP_RUNTIME_API_EXT","hipMalloc",2659034,2659034,4839,3219595925594320,3219595925595416
"HIP_RUNTIME_API_EXT","hipSetDevice",2659034,2659034,4840,3219595925595830,3219595925595881
"HIP_RUNTIME_API_EXT","hipLaunchKernel",2659034,2659034,4841,3219595925596475,3219595925609690
"HIP_RUNTIME_API_EXT","hipGetLastError",2659034,2659034,4842,3219595925610153,3219595925610198
"HIP_RUNTIME_API_EXT","hipSetDevice",2659034,2659034,4843,3219595925611018,3219595925611078
"HIP_RUNTIME_API_EXT","hipFree",2659034,2659034,4844,3219595925611419,3219595925634147
"HIP_RUNTIME_API_EXT","hipSetDevice",2659034,2659034,4845,3219595925634830,3219595925634888
"HIP_RUNTIME_API_EXT","hipFree",2659034,2659034,4846,3219595925635250,3219595925636554
"HIP_RUNTIME_API_EXT","hipSetDevice",2659034,2659034,4847,3219595925636995,3219595925637050
"HIP_RUNTIME_API_EXT","hipFree",2659034,2659034,4848,3219595925637366,3219595925640237
"HIP_RUNTIME_API_EXT","hipSetDevice",2659034,2659034,4849,3219595925640695,3219595925640756
"HIP_RUNTIME_API_EXT","hipFree",2659034,2659034,4850,3219595925641076,3219595925642257
"HIP_RUNTIME_API_EXT","hipSetDevice",2659034,2659034,4851,3219595925642711,3219595925642772
"HIP_RUNTIME_API_EXT","hipFree",2659034,2659034,4852,3219595925643102,3219595925644115
"HIP_RUNTIME_API_EXT","hipSetDevice",2659034,2659034,4853,3219595925644494,3219595925644549
"HIP_RUNTIME_API_EXT","hipFree",2659034,2659034,4854,3219595925644934,3219595925646057
"HIP_RUNTIME_API_EXT","hipSetDevice",2659034,2659034,4855,3219595925646528,3219595925646583
"HIP_RUNTIME_API_EXT","hipFree",2659034,2659034,4856,3219595925646883,3219595925649207
"HIP_RUNTIME_API_EXT","hipSetDevice",2659034,2659034,4857,3219595925649736,3219595925649793
"HIP_RUNTIME_API_EXT","hipMalloc",2659034,2659034,4858,3219595925650263,3219595925651223
"HIP_RUNTIME_API_EXT","hipSetDevice",2659034,2659034,4859,3219595925651858,3219595925651913
"HIP_RUNTIME_API_EXT","hipMalloc",2659034,2659034,4860,3219595925652304,3219595925653216
"HIP_RUNTIME_API_EXT","hipSetDevice",2659034,2659034,4861,3219595925653651,3219595925653706
"HIP_RUNTIME_API_EXT","hipLaunchKernel",2659034,2659034,4862,3219595925654377,3219595925659122
"HIP_RUNTIME_API_EXT","hipGetLastError",2659034,2659034,4863,3219595925659603,3219595925659647
"HIP_RUNTIME_API_EXT","hipSetDevice",2659034,2659034,4864,3219595925660819,3219595925660882
"HIP_RUNTIME_API_EXT","hipMalloc",2659034,2659034,4865,3219595925661357,3219595925662473
"HIP_RUNTIME_API_EXT","hipSetDevice",2659034,2659034,4866,3219595925662911,3219595925662965
"HIP_RUNTIME_API_EXT","hipLaunchKernel",2659034,2659034,4867,3219595925663558,3219595925667230
"HIP_RUNTIME_API_EXT","hipGetLastError",2659034,2659034,4868,3219595925667705,3219595925667750
"HIP_RUNTIME_API_EXT","hipSetDevice",2659034,2659034,4869,3219595925668707,3219595925668767
"HIP_RUNTIME_API_EXT","hipMalloc",2659034,2659034,4870,3219595925669210,3219595925670308
"HIP_RUNTIME_API_EXT","hipSetDevice",2659034,2659034,4871,3219595925670754,3219595925670807
"HIP_RUNTIME_API_EXT","hipLaunchKernel",2659034,2659034,4872,3219595925671406,3219595925675333
"HIP_RUNTIME_API_EXT","hipGetLastError",2659034,2659034,4873,3219595925675823,3219595925675867
"HIP_RUNTIME_API_EXT","hipSetDevice",2659034,2659034,4874,3219595925676637,3219595925676692
"HIP_RUNTIME_API_EXT","hipMalloc",2659034,2659034,4875,3219595925677030,3219595925678223
"HIP_RUNTIME_API_EXT","hipSetDevice",2659034,2659034,4876,3219595925678623,3219595925678680
"HIP_RUNTIME_API_EXT","hipLaunchKernel",2659034,2659034,4877,3219595925679293,3219595925684280
"HIP_RUNTIME_API_EXT","hipGetLastError",2659034,2659034,4878,3219595925684755,3219595925684797
"HIP_RUNTIME_API_EXT","hipSetDevice",2659034,2659034,4879,3219595925685137,3219595925685197
"HIP_RUNTIME_API_EXT","hipFree",2659034,2659034,4880,3219595925685540,3219595925699188
"HIP_RUNTIME_API_EXT","hipSetDevice",2659034,2659034,4881,3219595925699565,3219595925699623
"HIP_RUNTIME_API_EXT","hipFree",2659034,2659034,4882,3219595925699933,3219595925701091
"HIP_RUNTIME_API_EXT","hipSetDevice",2659034,2659034,4883,3219595925701807,3219595925701864
"HIP_RUNTIME_API_EXT","hipMalloc",2659034,2659034,4884,3219595925702206,3219595925703135
"HIP_RUNTIME_API_EXT","hipSetDevice",2659034,2659034,4885,3219595925703519,3219595925703574
"HIP_RUNTIME_API_EXT","hipLaunchKernel",2659034,2659034,4886,3219595925704105,3219595925707686
"HIP_RUNTIME_API_EXT","hipGetLastError",2659034,2659034,4887,3219595925708086,3219595925708186
"HIP_RUNTIME_API_EXT","hipSetDevice",2659034,2659034,4888,3219595925708675,3219595925708737
"HIP_RUNTIME_API_EXT","hipFree",2659034,2659034,4889,3219595925709137,3219595925734166
"HIP_RUNTIME_API_EXT","hipSetDevice",2659034,2659034,4890,3219595925735103,3219595925735162
"HIP_RUNTIME_API_EXT","hipMalloc",2659034,2659034,4891,3219595925735504,3219595925736359
"HIP_RUNTIME_API_EXT","hipSetDevice",2659034,2659034,4892,3219595925736749,3219595925736803
"HIP_RUNTIME_API_EXT","hipLaunchKernel",2659034,2659034,4893,3219595925737346,3219595925740712
"HIP_RUNTIME_API_EXT","hipGetLastError",2659034,2659034,4894,3219595925741220,3219595925741265
"HIP_RUNTIME_API_EXT","hipSetDevice",2659034,2659034,4895,3219595925741627,3219595925741690
"HIP_RUNTIME_API_EXT","hipFree",2659034,2659034,4896,3219595925742127,3219595925753078
"HIP_RUNTIME_API_EXT","hipSetDevice",2659034,2659034,4897,3219595925753433,3219595925753496
"HIP_RUNTIME_API_EXT","hipFree",2659034,2659034,4898,3219595925754096,3219595925755013
"HIP_RUNTIME_API_EXT","hipSetDevice",2659034,2659034,4899,3219595925755374,3219595925755432
"HIP_RUNTIME_API_EXT","hipFree",2659034,2659034,4900,3219595925755749,3219595925756656
"HIP_RUNTIME_API_EXT","hipSetDevice",2659034,2659034,4901,3219595925758789,3219595925758843
"HIP_RUNTIME_API_EXT","hipFree",2659034,2659034,4902,3219595925759225,3219595925760299
"HIP_RUNTIME_API_EXT","hipSetDevice",2659034,2659034,4903,3219595925760633,3219595925760687
"HIP_RUNTIME_API_EXT","hipFree",2659034,2659034,4904,3219595925761087,3219595925762153
"HIP_RUNTIME_API_EXT","hipSetDevice",2659034,2659034,4905,3219595925762718,3219595925762775
"HIP_RUNTIME_API_EXT","hipMalloc",2659034,2659034,4906,3219595925763112,3219595925763956
"HIP_RUNTIME_API_EXT","hipSetDevice",2659034,2659034,4907,3219595925764414,3219595925764470
"HIP_RUNTIME_API_EXT","hipLaunchKernel",2659034,2659034,4908,3219595925765069,3219595925768829
"HIP_RUNTIME_API_EXT","hipGetLastError",2659034,2659034,4909,3219595925769347,3219595925769389
"HIP_RUNTIME_API_EXT","hipSetDevice",2659034,2659034,4910,3219595925770280,3219595925770337
"HIP_RUNTIME_API_EXT","hipMalloc",2659034,2659034,4911,3219595925772862,3219595925773692
"HIP_RUNTIME_API_EXT","hipSetDevice",2659034,2659034,4912,3219595925774192,3219595925774246
"HIP_RUNTIME_API_EXT","hipLaunchKernel",2659034,2659034,4913,3219595925774878,3219595925781050
"HIP_RUNTIME_API_EXT","hipGetLastError",2659034,2659034,4914,3219595925781602,3219595925781644
"HIP_RUNTIME_API_EXT","hipSetDevice",2659034,2659034,4915,3219595925782550,3219595925782610
"HIP_RUNTIME_API_EXT","hipMalloc",2659034,2659034,4916,3219595925783249,3219595925784394
"HIP_RUNTIME_API_EXT","hipSetDevice",2659034,2659034,4917,3219595925786945,3219595925787015
"HIP_RUNTIME_API_EXT","hipLaunchKernel",2659034,2659034,4918,3219595925787559,3219595925797149
"HIP_RUNTIME_API_EXT","hipGetLastError",2659034,2659034,4919,3219595925797823,3219595925797869
"HIP_RUNTIME_API_EXT","hipSetDevice",2659034,2659034,4920,3219595925800156,3219595925800213
"HIP_RUNTIME_API_EXT","hipMalloc",2659034,2659034,4921,3219595925800566,3219595925802189
"HIP_RUNTIME_API_EXT","hipSetDevice",2659034,2659034,4922,3219595925802679,3219595925802736
"HIP_RUNTIME_API_EXT","hipLaunchKernel",2659034,2659034,4923,3219595925803417,3219595925817336
"HIP_RUNTIME_API_EXT","hipGetLastError",2659034,2659034,4924,3219595925831016,3219595925831146
"HIP_RUNTIME_API_EXT","hipSetDevice",2659034,2659034,4925,3219595925833182,3219595925833272
"HIP_RUNTIME_API_EXT","hipMalloc",2659034,2659034,4926,3219595925833718,3219595925836366
"HIP_RUNTIME_API_EXT","hipSetDevice",2659034,2659034,4927,3219595925836908,3219595925836962
"HIP_RUNTIME_API_EXT","hipLaunchKernel",2659034,2659034,4928,3219595925838266,3219595925844964
"HIP_RUNTIME_API_EXT","hipGetLastError",2659034,2659034,4929,3219595925845705,3219595925845753
"HIP_RUNTIME_API_EXT","hipSetDevice",2659034,2659034,4930,3219595925846374,3219595925846435
"HIP_RUNTIME_API_EXT","hipMalloc",2659034,2659034,4931,3219595925846766,3219595925848501
"HIP_RUNTIME_API_EXT","hipSetDevice",2659034,2659034,4932,3219595925848875,3219595925848930
"HIP_RUNTIME_API_EXT","hipLaunchKernel",2659034,2659034,4933,3219595925849436,3219595925852847
"HIP_RUNTIME_API_EXT","hipGetLastError",2659034,2659034,4934,3219595925853443,3219595925853488
"HIP_RUNTIME_API_EXT","hipSetDevice",2659034,2659034,4935,3219595925854793,3219595925854851
"HIP_RUNTIME_API_EXT","hipLaunchKernel",2659034,2659034,4936,3219595925855437,3219595925859372
"HIP_RUNTIME_API_EXT","hipGetLastError",2659034,2659034,4937,3219595925859780,3219595925859823
"HIP_RUNTIME_API_EXT","hipSetDevice",2659034,2659034,4938,3219595925861791,3219595925861845
"HIP_RUNTIME_API_EXT","hipMalloc",2659034,2659034,4939,3219595925862241,3219595925863746
"HIP_RUNTIME_API_EXT","hipSetDevice",2659034,2659034,4940,3219595925864128,3219595925864189
"HIP_RUNTIME_API_EXT","hipLaunchKernel",2659034,2659034,4941,3219595925864721,3219595925868932
"HIP_RUNTIME_API_EXT","hipGetLastError",2659034,2659034,4942,3219595925869482,3219595925869525
"HIP_RUNTIME_API_EXT","hipSetDevice",2659034,2659034,4943,3219595925870602,3219595925870661
"HIP_RUNTIME_API_EXT","hipMalloc",2659034,2659034,4944,3219595925871001,3219595925872535
"HIP_RUNTIME_API_EXT","hipSetDevice",2659034,2659034,4945,3219595925873009,3219595925873064
"HIP_RUNTIME_API_EXT","hipLaunchKernel",2659034,2659034,4946,3219595925873724,3219595925876927
"HIP_RUNTIME_API_EXT","hipGetLastError",2659034,2659034,4947,3219595925877509,3219595925877552
"HIP_RUNTIME_API_EXT","hipSetDevice",2659034,2659034,4948,3219595925878310,3219595925878372
"HIP_RUNTIME_API_EXT","hipFree",2659034,2659034,4949,3219595925878753,3219595925899908
"HIP_RUNTIME_API_EXT","hipSetDevice",2659034,2659034,4950,3219595925900736,3219595925900793
"HIP_RUNTIME_API_EXT","hipFree",2659034,2659034,4951,3219595925901117,3219595925902138
"HIP_RUNTIME_API_EXT","hipSetDevice",2659034,2659034,4952,3219595925902553,3219595925902608
"HIP_RUNTIME_API_EXT","hipFree",2659034,2659034,4953,3219595925902940,3219595925904020
"HIP_RUNTIME_API_EXT","hipSetDevice",2659034,2659034,4954,3219595925904403,3219595925904457
"HIP_RUNTIME_API_EXT","hipFree",2659034,2659034,4955,3219595925904774,3219595925905965
"HIP_RUNTIME_API_EXT","hipSetDevice",2659034,2659034,4956,3219595925906355,3219595925906410
"HIP_RUNTIME_API_EXT","hipFree",2659034,2659034,4957,3219595925906721,3219595925907651
"HIP_RUNTIME_API_EXT","hipSetDevice",2659034,2659034,4958,3219595925907992,3219595925908048
"HIP_RUNTIME_API_EXT","hipFree",2659034,2659034,4959,3219595925909567,3219595925910673
"HIP_RUNTIME_API_EXT","hipSetDevice",2659034,2659034,4960,3219595925911141,3219595925911196
"HIP_RUNTIME_API_EXT","hipFree",2659034,2659034,4961,3219595925911514,3219595925912490
"HIP_RUNTIME_API_EXT","hipSetDevice",2659034,2659034,4962,3219595925913059,3219595925913119
"HIP_RUNTIME_API_EXT","hipMalloc",2659034,2659034,4963,3219595925913558,3219595925914588
"HIP_RUNTIME_API_EXT","hipSetDevice",2659034,2659034,4964,3219595925915063,3219595925915118
"HIP_RUNTIME_API_EXT","hipMalloc",2659034,2659034,4965,3219595925915549,3219595925916341
"HIP_RUNTIME_API_EXT","hipSetDevice",2659034,2659034,4966,3219595925916714,3219595925916769
"HIP_RUNTIME_API_EXT","hipLaunchKernel",2659034,2659034,4967,3219595925917312,3219595925921820
"HIP_RUNTIME_API_EXT","hipGetLastError",2659034,2659034,4968,3219595925922344,3219595925922388
"HIP_RUNTIME_API_EXT","hipSetDevice",2659034,2659034,4969,3219595925923245,3219595925923300
"HIP_RUNTIME_API_EXT","hipMalloc",2659034,2659034,4970,3219595925923634,3219595925924616
"HIP_RUNTIME_API_EXT","hipSetDevice",2659034,2659034,4971,3219595925925154,3219595925925212
"HIP_RUNTIME_API_EXT","hipLaunchKernel",2659034,2659034,4972,3219595925925779,3219595925929349
"HIP_RUNTIME_API_EXT","hipGetLastError",2659034,2659034,4973,3219595925929885,3219595925929927
"HIP_RUNTIME_API_EXT","hipSetDevice",2659034,2659034,4974,3219595925930907,3219595925930964
"HIP_RUNTIME_API_EXT","hipMalloc",2659034,2659034,4975,3219595925931307,3219595925932397
"HIP_RUNTIME_API_EXT","hipSetDevice",2659034,2659034,4976,3219595925932752,3219595925932804
"HIP_RUNTIME_API_EXT","hipLaunchKernel",2659034,2659034,4977,3219595925933327,3219595925937575
"HIP_RUNTIME_API_EXT","hipGetLastError",2659034,2659034,4978,3219595925938004,3219595925938048
"HIP_RUNTIME_API_EXT","hipSetDevice",2659034,2659034,4979,3219595925938657,3219595925938714
"HIP_RUNTIME_API_EXT","hipMalloc",2659034,2659034,4980,3219595925939072,3219595925940074
"HIP_RUNTIME_API_EXT","hipSetDevice",2659034,2659034,4981,3219595925940558,3219595925940617
"HIP_RUNTIME_API_EXT","hipLaunchKernel",2659034,2659034,4982,3219595925941294,3219595925945988
"HIP_RUNTIME_API_EXT","hipGetLastError",2659034,2659034,4983,3219595925946428,3219595925946471
"HIP_RUNTIME_API_EXT","hipSetDevice",2659034,2659034,4984,3219595925946918,3219595925946980
"HIP_RUNTIME_API_EXT","hipFree",2659034,2659034,4985,3219595925947380,3219595925961090
"HIP_RUNTIME_API_EXT","hipSetDevice",2659034,2659034,4986,3219595925961477,3219595925961540
"HIP_RUNTIME_API_EXT","hipFree",2659034,2659034,4987,3219595925962169,3219595925963100
"HIP_RUNTIME_API_EXT","hipSetDevice",2659034,2659034,4988,3219595925963940,3219595925963995
"HIP_RUNTIME_API_EXT","hipMalloc",2659034,2659034,4989,3219595925964332,3219595925965243
"HIP_RUNTIME_API_EXT","hipSetDevice",2659034,2659034,4990,3219595925965597,3219595925965652
"HIP_RUNTIME_API_EXT","hipLaunchKernel",2659034,2659034,4991,3219595925966182,3219595925969584
"HIP_RUNTIME_API_EXT","hipGetLastError",2659034,2659034,4992,3219595925970026,3219595925970067
"HIP_RUNTIME_API_EXT","hipSetDevice",2659034,2659034,4993,3219595925970647,3219595925970705
"HIP_RUNTIME_API_EXT","hipFree",2659034,2659034,4994,3219595925971034,3219595925995940
"HIP_RUNTIME_API_EXT","hipSetDevice",2659034,2659034,4995,3219595925997056,3219595925997115
"HIP_RUNTIME_API_EXT","hipMalloc",2659034,2659034,4996,3219595925997613,3219595925998427
"HIP_RUNTIME_API_EXT","hipSetDevice",2659034,2659034,4997,3219595925998789,3219595925998847
"HIP_RUNTIME_API_EXT","hipLaunchKernel",2659034,2659034,4998,3219595925999517,3219595926002961
"HIP_RUNTIME_API_EXT","hipGetLastError",2659034,2659034,4999,3219595926003454,3219595926003496
"HIP_RUNTIME_API_EXT","hipSetDevice",2659034,2659034,5000,3219595926003990,3219595926004051
"HIP_RUNTIME_API_EXT","hipFree",2659034,2659034,5001,3219595926004450,3219595926015563
"HIP_RUNTIME_API_EXT","hipSetDevice",2659034,2659034,5002,3219595926015994,3219595926016052
"HIP_RUNTIME_API_EXT","hipFree",2659034,2659034,5003,3219595926016516,3219595926017414
"HIP_RUNTIME_API_EXT","hipSetDevice",2659034,2659034,5004,3219595926017759,3219595926017815
"HIP_RUNTIME_API_EXT","hipFree",2659034,2659034,5005,3219595926018139,3219595926019097
"HIP_RUNTIME_API_EXT","hipSetDevice",2659034,2659034,5006,3219595926019446,3219595926019499
"HIP_RUNTIME_API_EXT","hipFree",2659034,2659034,5007,3219595926019896,3219595926020965
"HIP_RUNTIME_API_EXT","hipSetDevice",2659034,2659034,5008,3219595926021339,3219595926021393
"HIP_RUNTIME_API_EXT","hipFree",2659034,2659034,5009,3219595926021773,3219595926022993
"HIP_RUNTIME_API_EXT","hipSetDevice",2659034,2659034,5010,3219595926023586,3219595926023644
"HIP_RUNTIME_API_EXT","hipMalloc",2659034,2659034,5011,3219595926023971,3219595926026236
"HIP_RUNTIME_API_EXT","hipSetDevice",2659034,2659034,5012,3219595926026636,3219595926026689
"HIP_RUNTIME_API_EXT","hipLaunchKernel",2659034,2659034,5013,3219595926027269,3219595926031051
"HIP_RUNTIME_API_EXT","hipGetLastError",2659034,2659034,5014,3219595926031481,3219595926031524
"HIP_RUNTIME_API_EXT","hipSetDevice",2659034,2659034,5015,3219595926031916,3219595926031979
"HIP_RUNTIME_API_EXT","hipFree",2659034,2659034,5016,3219595926032313,3219595926043647
"HIP_RUNTIME_API_EXT","hipSetDevice",2659034,2659034,5017,3219595926044807,3219595926044866
"HIP_RUNTIME_API_EXT","hipMalloc",2659034,2659034,5018,3219595926045307,3219595926046242
"HIP_RUNTIME_API_EXT","hipSetDevice",2659034,2659034,5019,3219595926046622,3219595926046677
"HIP_RUNTIME_API_EXT","hipLaunchKernel",2659034,2659034,5020,3219595926047215,3219595926050426
"HIP_RUNTIME_API_EXT","hipGetLastError",2659034,2659034,5021,3219595926050879,3219595926050929
"HIP_RUNTIME_API_EXT","hipSetDevice",2659034,2659034,5022,3219595926051766,3219595926051827
"HIP_RUNTIME_API_EXT","hipFree",2659034,2659034,5023,3219595926052172,3219595926069580
"HIP_RUNTIME_API_EXT","hipSetDevice",2659034,2659034,5024,3219595926069926,3219595926069986
"HIP_RUNTIME_API_EXT","hipFree",2659034,2659034,5025,3219595926070519,3219595926071532
"HIP_RUNTIME_API_EXT","hipSetDevice",2659034,2659034,5026,3219595926071917,3219595926071972
"HIP_RUNTIME_API_EXT","hipFree",2659034,2659034,5027,3219595926072365,3219595926073579
"HIP_RUNTIME_API_EXT","hipSetDevice",2659034,2659034,5028,3219595926074002,3219595926074059
"HIP_RUNTIME_API_EXT","hipFree",2659034,2659034,5029,3219595926074419,3219595926075473
"HIP_RUNTIME_API_EXT","hipSetDevice",2659034,2659034,5030,3219595926076280,3219595926076335
"HIP_RUNTIME_API_EXT","hipMemcpy",2659034,2659034,5031,3219595926076679,3219595926081005
"HIP_RUNTIME_API_EXT","hipSetDevice",2659034,2659034,5032,3219595926081592,3219595926081647
"HIP_RUNTIME_API_EXT","hipFree",2659034,2659034,5033,3219595926081974,3219595926096400
"HIP_RUNTIME_API_EXT","hipSetDevice",2659034,2659034,5034,3219595926097297,3219595926097353
"HIP_RUNTIME_API_EXT","hipMalloc",2659034,2659034,5035,3219595926097687,3219595926098715
"HIP_RUNTIME_API_EXT","hipSetDevice",2659034,2659034,5036,3219595926099179,3219595926099233
"HIP_RUNTIME_API_EXT","hipLaunchKernel",2659034,2659034,5037,3219595926099792,3219595926103433
"HIP_RUNTIME_API_EXT","hipGetLastError",2659034,2659034,5038,3219595926103900,3219595926103945
"HIP_RUNTIME_API_EXT","hipSetDevice",2659034,2659034,5039,3219595926104397,3219595926104454
"HIP_RUNTIME_API_EXT","hipMemcpy",2659034,2659034,5040,3219595926104843,3219595926121819
"HIP_RUNTIME_API_EXT","hipSetDevice",2659034,2659034,5041,3219595926122695,3219595926122752
"HIP_RUNTIME_API_EXT","hipFree",2659034,2659034,5042,3219595926123092,3219595926131503
"HIP_RUNTIME_API_EXT","hipSetDevice",2659034,2659034,5043,3219595926132255,3219595926132312
"HIP_RUNTIME_API_EXT","hipLaunchKernel",2659034,2659034,5044,3219595926133067,3219595926136441
"HIP_RUNTIME_API_EXT","hipGetLastError",2659034,2659034,5045,3219595926136819,3219595926136861
"HIP_RUNTIME_API_EXT","hipSetDevice",2659034,2659034,5046,3219595926137385,3219595926137438
"HIP_RUNTIME_API_EXT","hipLaunchKernel",2659034,2659034,5047,3219595926137950,3219595926141346
"HIP_RUNTIME_API_EXT","hipGetLastError",2659034,2659034,5048,3219595926141702,3219595926141743
"HIP_RUNTIME_API_EXT","hipSetDevice",2659034,2659034,5049,3219595926142206,3219595926142259
"HIP_RUNTIME_API_EXT","hipLaunchKernel",2659034,2659034,5050,3219595926142832,3219595926146641
"HIP_RUNTIME_API_EXT","hipGetLastError",2659034,2659034,5051,3219595926146994,3219595926147038
"HIP_RUNTIME_API_EXT","hipSetDevice",2659034,2659034,5052,3219595926147488,3219595926147545
"HIP_RUNTIME_API_EXT","hipLaunchKernel",2659034,2659034,5053,3219595926149417,3219595926152798
"HIP_RUNTIME_API_EXT","hipGetLastError",2659034,2659034,5054,3219595926153149,3219595926153198
"HIP_RUNTIME_API_EXT","hipSetDevice",2659034,2659034,5055,3219595926157450,3219595926157512
"HIP_RUNTIME_API_EXT","hipFree",2659034,2659034,5056,3219595926157847,3219595926167683
"HIP_RUNTIME_API_EXT","hipSetDevice",2659034,2659034,5057,3219595926169123,3219595926169185
"HIP_RUNTIME_API_EXT","hipFree",2659034,2659034,5058,3219595926169505,3219595926170718
"HIP_RUNTIME_API_EXT","hipSetDevice",2659034,2659034,5059,3219595926171200,3219595926171255
"HIP_RUNTIME_API_EXT","hipFree",2659034,2659034,5060,3219595926171568,3219595926173012
"HIP_RUNTIME_API_EXT","hipSetDevice",2659034,2659034,5061,3219595926173458,3219595926173512
"HIP_RUNTIME_API_EXT","hipFree",2659034,2659034,5062,3219595926174099,3219595926175529
"HIP_RUNTIME_API_EXT","hipSetDevice",2659034,2659034,5063,3219595926175954,3219595926176005
"HIP_RUNTIME_API_EXT","hipFree",2659034,2659034,5064,3219595926176485,3219595926177970
"HIP_RUNTIME_API_EXT","hipSetDevice",2659034,2659034,5065,3219595926178852,3219595926178912
"HIP_RUNTIME_API_EXT","hipDeviceSynchronize",2659034,2659034,5066,3219595926184724,3219595926185949
"HIP_RUNTIME_API_EXT","hipSetDevice",2659034,2659034,5067,3219595926201472,3219595926201543
"HIP_RUNTIME_API_EXT","hipMalloc",2659034,2659034,5068,3219595926201879,3219595926203078
"HIP_RUNTIME_API_EXT","hipSetDevice",2659034,2659034,5069,3219595926203496,3219595926203554
"HIP_RUNTIME_API_EXT","hipMemcpy",2659034,2659034,5070,3219595926203879,3219595926219917
"HIP_RUNTIME_API_EXT","hipSetDevice",2659034,2659034,5071,3219595926220953,3219595926221009
"HIP_RUNTIME_API_EXT","hipMalloc",2659034,2659034,5072,3219595926221467,3219595926222913
"HIP_RUNTIME_API_EXT","hipSetDevice",2659034,2659034,5073,3219595926223529,3219595926223586
"HIP_RUNTIME_API_EXT","hipLaunchKernel",2659034,2659034,5074,3219595926224687,3219595926237592
"HIP_RUNTIME_API_EXT","hipGetLastError",2659034,2659034,5075,3219595926238010,3219595926238053
"HIP_RUNTIME_API_EXT","hipSetDevice",2659034,2659034,5076,3219595926238711,3219595926238769
"HIP_RUNTIME_API_EXT","hipMalloc",2659034,2659034,5077,3219595926239390,3219595926240455
"HIP_RUNTIME_API_EXT","hipSetDevice",2659034,2659034,5078,3219595926240874,3219595926240930
"HIP_RUNTIME_API_EXT","hipLaunchKernel",2659034,2659034,5079,3219595926241513,3219595926245209
"HIP_RUNTIME_API_EXT","hipGetLastError",2659034,2659034,5080,3219595926245816,3219595926245859
"HIP_RUNTIME_API_EXT","hipSetDevice",2659034,2659034,5081,3219595926246690,3219595926246748
"HIP_RUNTIME_API_EXT","hipMalloc",2659034,2659034,5082,3219595926247321,3219595926248847
"HIP_RUNTIME_API_EXT","hipSetDevice",2659034,2659034,5083,3219595926249301,3219595926249357
"HIP_RUNTIME_API_EXT","hipLaunchKernel",2659034,2659034,5084,3219595926249862,3219595926253437
"HIP_RUNTIME_API_EXT","hipGetLastError",2659034,2659034,5085,3219595926254085,3219595926254129
"HIP_RUNTIME_API_EXT","hipSetDevice",2659034,2659034,5086,3219595926255179,3219595926255238
"HIP_RUNTIME_API_EXT","hipMalloc",2659034,2659034,5087,3219595926255562,3219595926256950
"HIP_RUNTIME_API_EXT","hipSetDevice",2659034,2659034,5088,3219595926257531,3219595926257586
"HIP_RUNTIME_API_EXT","hipLaunchKernel",2659034,2659034,5089,3219595926258209,3219595926262049
"HIP_RUNTIME_API_EXT","hipGetLastError",2659034,2659034,5090,3219595926262551,3219595926262595
"HIP_RUNTIME_API_EXT","hipSetDevice",2659034,2659034,5091,3219595926263387,3219595926263444
"HIP_RUNTIME_API_EXT","hipMalloc",2659034,2659034,5092,3219595926263768,3219595926265220
"HIP_RUNTIME_API_EXT","hipSetDevice",2659034,2659034,5093,3219595926265693,3219595926265749
"HIP_RUNTIME_API_EXT","hipLaunchKernel",2659034,2659034,5094,3219595926266323,3219595926270244
"HIP_RUNTIME_API_EXT","hipGetLastError",2659034,2659034,5095,3219595926270608,3219595926270649
"HIP_RUNTIME_API_EXT","hipSetDevice",2659034,2659034,5096,3219595926271773,3219595926271831
"HIP_RUNTIME_API_EXT","hipMalloc",2659034,2659034,5097,3219595926272151,3219595926273585
"HIP_RUNTIME_API_EXT","hipSetDevice",2659034,2659034,5098,3219595926274047,3219595926274102
"HIP_RUNTIME_API_EXT","hipLaunchKernel",2659034,2659034,5099,3219595926274683,3219595926278823
"HIP_RUNTIME_API_EXT","hipGetLastError",2659034,2659034,5100,3219595926279257,3219595926279300
"HIP_RUNTIME_API_EXT","hipSetDevice",2659034,2659034,5101,3219595926280202,3219595926280261
"HIP_RUNTIME_API_EXT","hipMalloc",2659034,2659034,5102,3219595926280658,3219595926281912
"HIP_RUNTIME_API_EXT","hipSetDevice",2659034,2659034,5103,3219595926282291,3219595926282351
"HIP_RUNTIME_API_EXT","hipLaunchKernel",2659034,2659034,5104,3219595926282851,3219595926287164
"HIP_RUNTIME_API_EXT","hipGetLastError",2659034,2659034,5105,3219595926287751,3219595926287795
"HIP_RUNTIME_API_EXT","hipSetDevice",2659034,2659034,5106,3219595926288748,3219595926288804
"HIP_RUNTIME_API_EXT","hipMalloc",2659034,2659034,5107,3219595926290437,3219595926291743
"HIP_RUNTIME_API_EXT","hipSetDevice",2659034,2659034,5108,3219595926292139,3219595926292200
"HIP_RUNTIME_API_EXT","hipLaunchKernel",2659034,2659034,5109,3219595926292772,3219595926297138
"HIP_RUNTIME_API_EXT","hipGetLastError",2659034,2659034,5110,3219595926297545,3219595926297591
"HIP_RUNTIME_API_EXT","hipSetDevice",2659034,2659034,5111,3219595926298315,3219595926298377
"HIP_RUNTIME_API_EXT","hipMalloc",2659034,2659034,5112,3219595926298705,3219595926299915
"HIP_RUNTIME_API_EXT","hipSetDevice",2659034,2659034,5113,3219595926300311,3219595926300368
"HIP_RUNTIME_API_EXT","hipLaunchKernel",2659034,2659034,5114,3219595926300944,3219595926304397
"HIP_RUNTIME_API_EXT","hipGetLastError",2659034,2659034,5115,3219595926305001,3219595926305042
"HIP_RUNTIME_API_EXT","hipSetDevice",2659034,2659034,5116,3219595926305484,3219595926305541
"HIP_RUNTIME_API_EXT","hipFree",2659034,2659034,5117,3219595926306269,3219595926322320
"HIP_RUNTIME_API_EXT","hipSetDevice",2659034,2659034,5118,3219595926324673,3219595926324730
"HIP_RUNTIME_API_EXT","hipMalloc",2659034,2659034,5119,3219595926325064,3219595926326063
"HIP_RUNTIME_API_EXT","hipSetDevice",2659034,2659034,5120,3219595926326596,3219595926326665
"HIP_RUNTIME_API_EXT","hipLaunchKernel",2659034,2659034,5121,3219595926327333,3219595926331392
"HIP_RUNTIME_API_EXT","hipGetLastError",2659034,2659034,5122,3219595926331912,3219595926331956
"HIP_RUNTIME_API_EXT","hipSetDevice",2659034,2659034,5123,3219595926332413,3219595926332472
"HIP_RUNTIME_API_EXT","hipFree",2659034,2659034,5124,3219595926332894,3219595926344402
"HIP_RUNTIME_API_EXT","hipSetDevice",2659034,2659034,5125,3219595926345261,3219595926345324
"HIP_RUNTIME_API_EXT","hipMalloc",2659034,2659034,5126,3219595926345760,3219595926347008
"HIP_RUNTIME_API_EXT","hipSetDevice",2659034,2659034,5127,3219595926347710,3219595926347771
"HIP_RUNTIME_API_EXT","hipMemcpy",2659034,2659034,5128,3219595926348190,3219595926351905
"HIP_RUNTIME_API_EXT","hipSetDevice",2659034,2659034,5129,3219595926352457,3219595926352521
"HIP_RUNTIME_API_EXT","hipMemcpy",2659034,2659034,5130,3219595926352892,3219595926356261
"HIP_RUNTIME_API_EXT","hipSetDevice",2659034,2659034,5131,3219595926357136,3219595926357194
"HIP_RUNTIME_API_EXT","hipMalloc",2659034,2659034,5132,3219595926357550,3219595926359259
"HIP_RUNTIME_API_EXT","hipSetDevice",2659034,2659034,5133,3219595926359968,3219595926360031
"HIP_RUNTIME_API_EXT","hipMemcpy",2659034,2659034,5134,3219595926360540,3219595926364642
"HIP_RUNTIME_API_EXT","hipSetDevice",2659034,2659034,5135,3219595926365064,3219595926365127
"HIP_RUNTIME_API_EXT","hipMemcpy",2659034,2659034,5136,3219595926365829,3219595926369430
"HIP_RUNTIME_API_EXT","hipSetDevice",2659034,2659034,5137,3219595926370060,3219595926370128
"HIP_RUNTIME_API_EXT","hipMalloc",2659034,2659034,5138,3219595926370603,3219595926372156
"HIP_RUNTIME_API_EXT","hipSetDevice",2659034,2659034,5139,3219595926372695,3219595926372754
"HIP_RUNTIME_API_EXT","hipLaunchKernel",2659034,2659034,5140,3219595926373354,3219595926377804
"HIP_RUNTIME_API_EXT","hipGetLastError",2659034,2659034,5141,3219595926378332,3219595926378428
"HIP_RUNTIME_API_EXT","hipSetDevice",2659034,2659034,5142,3219595926379256,3219595926379313
"HIP_RUNTIME_API_EXT","hipMalloc",2659034,2659034,5143,3219595926379737,3219595926381180
"HIP_RUNTIME_API_EXT","hipSetDevice",2659034,2659034,5144,3219595926381634,3219595926381690
"HIP_RUNTIME_API_EXT","hipLaunchKernel",2659034,2659034,5145,3219595926382217,3219595926385899
"HIP_RUNTIME_API_EXT","hipGetLastError",2659034,2659034,5146,3219595926386410,3219595926386452
"HIP_RUNTIME_API_EXT","hipSetDevice",2659034,2659034,5147,3219595926387033,3219595926387096
"HIP_RUNTIME_API_EXT","hipFree",2659034,2659034,5148,3219595926387456,3219595926398856
"HIP_RUNTIME_API_EXT","hipSetDevice",2659034,2659034,5149,3219595926399890,3219595926399949
"HIP_RUNTIME_API_EXT","hipMalloc",2659034,2659034,5150,3219595926400309,3219595926401248
"HIP_RUNTIME_API_EXT","hipSetDevice",2659034,2659034,5151,3219595926401660,3219595926401714
"HIP_RUNTIME_API_EXT","hipLaunchKernel",2659034,2659034,5152,3219595926402226,3219595926406149
"HIP_RUNTIME_API_EXT","hipGetLastError",2659034,2659034,5153,3219595926406670,3219595926406712
"HIP_RUNTIME_API_EXT","hipSetDevice",2659034,2659034,5154,3219595926407277,3219595926407339
"HIP_RUNTIME_API_EXT","hipFree",2659034,2659034,5155,3219595926407690,3219595926425495
"HIP_RUNTIME_API_EXT","hipSetDevice",2659034,2659034,5156,3219595926425932,3219595926425994
"HIP_RUNTIME_API_EXT","hipFree",2659034,2659034,5157,3219595926426328,3219595926427558
"HIP_RUNTIME_API_EXT","hipSetDevice",2659034,2659034,5158,3219595926428158,3219595926428215
"HIP_RUNTIME_API_EXT","hipFree",2659034,2659034,5159,3219595926428786,3219595926429872
"HIP_RUNTIME_API_EXT","hipSetDevice",2659034,2659034,5160,3219595926430238,3219595926430293
"HIP_RUNTIME_API_EXT","hipFree",2659034,2659034,5161,3219595926430616,3219595926431798
"HIP_RUNTIME_API_EXT","hipSetDevice",2659034,2659034,5162,3219595926432171,3219595926432226
"HIP_RUNTIME_API_EXT","hipFree",2659034,2659034,5163,3219595926432539,3219595926433709
"HIP_RUNTIME_API_EXT","hipSetDevice",2659034,2659034,5164,3219595926434089,3219595926434147
"HIP_RUNTIME_API_EXT","hipFree",2659034,2659034,5165,3219595926434461,3219595926435611
"HIP_RUNTIME_API_EXT","hipSetDevice",2659034,2659034,5166,3219595926435962,3219595926436018
"HIP_RUNTIME_API_EXT","hipFree",2659034,2659034,5167,3219595926436354,3219595926437458
"HIP_RUNTIME_API_EXT","hipSetDevice",2659034,2659034,5168,3219595926438061,3219595926438116
"HIP_RUNTIME_API_EXT","hipMalloc",2659034,2659034,5169,3219595926438468,3219595926439568
"HIP_RUNTIME_API_EXT","hipSetDevice",2659034,2659034,5170,3219595926440096,3219595926440151
"HIP_RUNTIME_API_EXT","hipLaunchKernel",2659034,2659034,5171,3219595926440711,3219595926444717
"HIP_RUNTIME_API_EXT","hipGetLastError",2659034,2659034,5172,3219595926445231,3219595926445275
"HIP_RUNTIME_API_EXT","hipSetDevice",2659034,2659034,5173,3219595926445708,3219595926445769
"HIP_RUNTIME_API_EXT","hipFree",2659034,2659034,5174,3219595926446265,3219595926457214
"HIP_RUNTIME_API_EXT","hipSetDevice",2659034,2659034,5175,3219595926457634,3219595926457695
"HIP_RUNTIME_API_EXT","hipFree",2659034,2659034,5176,3219595926458458,3219595926459771
"HIP_RUNTIME_API_EXT","hipSetDevice",2659034,2659034,5177,3219595926460522,3219595926460575
"HIP_RUNTIME_API_EXT","hipMalloc",2659034,2659034,5178,3219595926460970,3219595926461956
"HIP_RUNTIME_API_EXT","hipSetDevice",2659034,2659034,5179,3219595926462499,3219595926462554
"HIP_RUNTIME_API_EXT","hipLaunchKernel",2659034,2659034,5180,3219595926463122,3219595926467032
"HIP_RUNTIME_API_EXT","hipGetLastError",2659034,2659034,5181,3219595926467655,3219595926467697
"HIP_RUNTIME_API_EXT","hipSetDevice",2659034,2659034,5182,3219595926468790,3219595926468849
"HIP_RUNTIME_API_EXT","hipMalloc",2659034,2659034,5183,3219595926469234,3219595926470265
"HIP_RUNTIME_API_EXT","hipSetDevice",2659034,2659034,5184,3219595926470669,3219595926470727
"HIP_RUNTIME_API_EXT","hipLaunchKernel",2659034,2659034,5185,3219595926471470,3219595926474823
"HIP_RUNTIME_API_EXT","hipGetLastError",2659034,2659034,5186,3219595926475702,3219595926475754
"HIP_RUNTIME_API_EXT","hipSetDevice",2659034,2659034,5187,3219595926476575,3219595926476635
"HIP_RUNTIME_API_EXT","hipMalloc",2659034,2659034,5188,3219595926477009,3219595926478192
"HIP_RUNTIME_API_EXT","hipSetDevice",2659034,2659034,5189,3219595926478686,3219595926478743
"HIP_RUNTIME_API_EXT","hipLaunchKernel",2659034,2659034,5190,3219595926479255,3219595926482960
"HIP_RUNTIME_API_EXT","hipGetLastError",2659034,2659034,5191,3219595926483406,3219595926483447
"HIP_RUNTIME_API_EXT","hipSetDevice",2659034,2659034,5192,3219595926484137,3219595926484193
"HIP_RUNTIME_API_EXT","hipMalloc",2659034,2659034,5193,3219595926484555,3219595926493461
"HIP_RUNTIME_API_EXT","hipSetDevice",2659034,2659034,5194,3219595926493942,3219595926494000
"HIP_RUNTIME_API_EXT","hipLaunchKernel",2659034,2659034,5195,3219595926494554,3219595926499402
"HIP_RUNTIME_API_EXT","hipGetLastError",2659034,2659034,5196,3219595926500102,3219595926500146
"HIP_RUNTIME_API_EXT","hipSetDevice",2659034,2659034,5197,3219595926500687,3219595926500742
"HIP_RUNTIME_API_EXT","hipFree",2659034,2659034,5198,3219595926501129,3219595926512439
"HIP_RUNTIME_API_EXT","hipSetDevice",2659034,2659034,5199,3219595926512835,3219595926512893
"HIP_RUNTIME_API_EXT","hipFree",2659034,2659034,5200,3219595926513353,3219595926514435
"HIP_RUNTIME_API_EXT","hipSetDevice",2659034,2659034,5201,3219595926515106,3219595926515167
"HIP_RUNTIME_API_EXT","hipMalloc",2659034,2659034,5202,3219595926515658,3219595926516628
"HIP_RUNTIME_API_EXT","hipSetDevice",2659034,2659034,5203,3219595926517023,3219595926517080
"HIP_RUNTIME_API_EXT","hipLaunchKernel",2659034,2659034,5204,3219595926517751,3219595926521326
"HIP_RUNTIME_API_EXT","hipGetLastError",2659034,2659034,5205,3219595926521828,3219595926521872
"HIP_RUNTIME_API_EXT","hipSetDevice",2659034,2659034,5206,3219595926522318,3219595926522378
"HIP_RUNTIME_API_EXT","hipFree",2659034,2659034,5207,3219595926522712,3219595926547997
"HIP_RUNTIME_API_EXT","hipSetDevice",2659034,2659034,5208,3219595926548890,3219595926548948
"HIP_RUNTIME_API_EXT","hipMalloc",2659034,2659034,5209,3219595926549576,3219595926564222
"HIP_RUNTIME_API_EXT","hipSetDevice",2659034,2659034,5210,3219595926564724,3219595926564786
"HIP_RUNTIME_API_EXT","hipLaunchKernel",2659034,2659034,5211,3219595926565284,3219595926610752
"HIP_RUNTIME_API_EXT","hipGetLastError",2659034,2659034,5212,3219595926611262,3219595926611308
"HIP_RUNTIME_API_EXT","hipSetDevice",2659034,2659034,5213,3219595926611710,3219595926611772
"HIP_RUNTIME_API_EXT","hipFree",2659034,2659034,5214,3219595926612110,3219595926623096
"HIP_RUNTIME_API_EXT","hipSetDevice",2659034,2659034,5215,3219595926623560,3219595926623621
"HIP_RUNTIME_API_EXT","hipFree",2659034,2659034,5216,3219595926624161,3219595926625249
"HIP_RUNTIME_API_EXT","hipSetDevice",2659034,2659034,5217,3219595926625673,3219595926625727
"HIP_RUNTIME_API_EXT","hipFree",2659034,2659034,5218,3219595926626087,3219595926627336
"HIP_RUNTIME_API_EXT","hipSetDevice",2659034,2659034,5219,3219595926627713,3219595926627769
"HIP_RUNTIME_API_EXT","hipFree",2659034,2659034,5220,3219595926628123,3219595926629307
"HIP_RUNTIME_API_EXT","hipSetDevice",2659034,2659034,5221,3219595926629941,3219595926629997
"HIP_RUNTIME_API_EXT","hipMalloc",2659034,2659034,5222,3219595926630333,3219595926631465
"HIP_RUNTIME_API_EXT","hipSetDevice",2659034,2659034,5223,3219595926631867,3219595926631921
"HIP_RUNTIME_API_EXT","hipLaunchKernel",2659034,2659034,5224,3219595926632447,3219595926636158
"HIP_RUNTIME_API_EXT","hipGetLastError",2659034,2659034,5225,3219595926636563,3219595926636607
"HIP_RUNTIME_API_EXT","hipSetDevice",2659034,2659034,5226,3219595926637416,3219595926637473
"HIP_RUNTIME_API_EXT","hipMalloc",2659034,2659034,5227,3219595926637984,3219595926638979
"HIP_RUNTIME_API_EXT","hipSetDevice",2659034,2659034,5228,3219595926639401,3219595926639456
"HIP_RUNTIME_API_EXT","hipLaunchKernel",2659034,2659034,5229,3219595926639955,3219595926643396
"HIP_RUNTIME_API_EXT","hipGetLastError",2659034,2659034,5230,3219595926643773,3219595926643813
"HIP_RUNTIME_API_EXT","hipSetDevice",2659034,2659034,5231,3219595926644776,3219595926644834
"HIP_RUNTIME_API_EXT","hipMalloc",2659034,2659034,5232,3219595926645168,3219595926646413
"HIP_RUNTIME_API_EXT","hipSetDevice",2659034,2659034,5233,3219595926646787,3219595926646843
"HIP_RUNTIME_API_EXT","hipLaunchKernel",2659034,2659034,5234,3219595926647420,3219595926650906
"HIP_RUNTIME_API_EXT","hipGetLastError",2659034,2659034,5235,3219595926651258,3219595926651300
"HIP_RUNTIME_API_EXT","hipSetDevice",2659034,2659034,5236,3219595926652013,3219595926652069
"HIP_RUNTIME_API_EXT","hipMalloc",2659034,2659034,5237,3219595926652480,3219595926653564
"HIP_RUNTIME_API_EXT","hipSetDevice",2659034,2659034,5238,3219595926653918,3219595926653974
"HIP_RUNTIME_API_EXT","hipLaunchKernel",2659034,2659034,5239,3219595926654486,3219595926657845
"HIP_RUNTIME_API_EXT","hipGetLastError",2659034,2659034,5240,3219595926658871,3219595926658964
"HIP_RUNTIME_API_EXT","hipSetDevice",2659034,2659034,5241,3219595926660100,3219595926660157
"HIP_RUNTIME_API_EXT","hipMalloc",2659034,2659034,5242,3219595926660514,3219595926661567
"HIP_RUNTIME_API_EXT","hipSetDevice",2659034,2659034,5243,3219595926662007,3219595926662067
"HIP_RUNTIME_API_EXT","hipLaunchKernel",2659034,2659034,5244,3219595926662587,3219595926666590
"HIP_RUNTIME_API_EXT","hipGetLastError",2659034,2659034,5245,3219595926667301,3219595926667344
"HIP_RUNTIME_API_EXT","hipSetDevice",2659034,2659034,5246,3219595926668299,3219595926668358
"HIP_RUNTIME_API_EXT","hipMalloc",2659034,2659034,5247,3219595926668700,3219595926669889
"HIP_RUNTIME_API_EXT","hipSetDevice",2659034,2659034,5248,3219595926670496,3219595926670555
"HIP_RUNTIME_API_EXT","hipLaunchKernel",2659034,2659034,5249,3219595926671231,3219595926674894
"HIP_RUNTIME_API_EXT","hipGetLastError",2659034,2659034,5250,3219595926676447,3219595926676489
"HIP_RUNTIME_API_EXT","hipSetDevice",2659034,2659034,5251,3219595926680712,3219595926680885
"HIP_RUNTIME_API_EXT","hipMalloc",2659034,2659034,5252,3219595926681800,3219595926683472
"HIP_RUNTIME_API_EXT","hipSetDevice",2659034,2659034,5253,3219595926684218,3219595926684278
"HIP_RUNTIME_API_EXT","hipLaunchKernel",2659034,2659034,5254,3219595926684876,3219595926688902
"HIP_RUNTIME_API_EXT","hipGetLastError",2659034,2659034,5255,3219595926689282,3219595926689330
"HIP_RUNTIME_API_EXT","hipSetDevice",2659034,2659034,5256,3219595926690036,3219595926690098
"HIP_RUNTIME_API_EXT","hipMalloc",2659034,2659034,5257,3219595926691214,3219595926692698
"HIP_RUNTIME_API_EXT","hipSetDevice",2659034,2659034,5258,3219595926693501,3219595926693556
"HIP_RUNTIME_API_EXT","hipLaunchKernel",2659034,2659034,5259,3219595926694190,3219595926703272
"HIP_RUNTIME_API_EXT","hipGetLastError",2659034,2659034,5260,3219595926703727,3219595926703769
"HIP_RUNTIME_API_EXT","hipSetDevice",2659034,2659034,5261,3219595926704141,3219595926704203
"HIP_RUNTIME_API_EXT","hipFree",2659034,2659034,5262,3219595926704907,3219595926721981
"HIP_RUNTIME_API_EXT","hipSetDevice",2659034,2659034,5263,3219595926724737,3219595926724795
"HIP_RUNTIME_API_EXT","hipMalloc",2659034,2659034,5264,3219595926725267,3219595926727123
"HIP_RUNTIME_API_EXT","hipSetDevice",2659034,2659034,5265,3219595926727544,3219595926727602
"HIP_RUNTIME_API_EXT","hipLaunchKernel",2659034,2659034,5266,3219595926728266,3219595926761186
"HIP_RUNTIME_API_EXT","hipGetLastError",2659034,2659034,5267,3219595926763198,3219595926763247
"HIP_RUNTIME_API_EXT","hipSetDevice",2659034,2659034,5268,3219595926763616,3219595926763672
"HIP_RUNTIME_API_EXT","hipFree",2659034,2659034,5269,3219595926764136,3219595926774136
"HIP_RUNTIME_API_EXT","hipSetDevice",2659034,2659034,5270,3219595926775026,3219595926775097
"HIP_RUNTIME_API_EXT","hipMalloc",2659034,2659034,5271,3219595926775516,3219595926777276
"HIP_RUNTIME_API_EXT","hipSetDevice",2659034,2659034,5272,3219595926777980,3219595926778043
"HIP_RUNTIME_API_EXT","hipMemcpy",2659034,2659034,5273,3219595926779100,3219595926785226
"HIP_RUNTIME_API_EXT","hipSetDevice",2659034,2659034,5274,3219595926785606,3219595926785666
"HIP_RUNTIME_API_EXT","hipMemcpy",2659034,2659034,5275,3219595926786220,3219595926790008
"HIP_RUNTIME_API_EXT","hipSetDevice",2659034,2659034,5276,3219595926790658,3219595926790723
"HIP_RUNTIME_API_EXT","hipMalloc",2659034,2659034,5277,3219595926791188,3219595926793943
"HIP_RUNTIME_API_EXT","hipSetDevice",2659034,2659034,5278,3219595926794644,3219595926794713
"HIP_RUNTIME_API_EXT","hipMemcpy",2659034,2659034,5279,3219595926795390,3219595926799571
"HIP_RUNTIME_API_EXT","hipSetDevice",2659034,2659034,5280,3219595926799926,3219595926799989
"HIP_RUNTIME_API_EXT","hipMemcpy",2659034,2659034,5281,3219595926800319,3219595926804164
"HIP_RUNTIME_API_EXT","hipSetDevice",2659034,2659034,5282,3219595926804820,3219595926804882
"HIP_RUNTIME_API_EXT","hipMalloc",2659034,2659034,5283,3219595926805370,3219595926806617
"HIP_RUNTIME_API_EXT","hipSetDevice",2659034,2659034,5284,3219595926807286,3219595926807345
"HIP_RUNTIME_API_EXT","hipLaunchKernel",2659034,2659034,5285,3219595926807930,3219595926812861
"HIP_RUNTIME_API_EXT","hipGetLastError",2659034,2659034,5286,3219595926813293,3219595926813338
"HIP_RUNTIME_API_EXT","hipSetDevice",2659034,2659034,5287,3219595926814293,3219595926814349
"HIP_RUNTIME_API_EXT","hipMalloc",2659034,2659034,5288,3219595926814708,3219595926816183
"HIP_RUNTIME_API_EXT","hipSetDevice",2659034,2659034,5289,3219595926816602,3219595926816663
"HIP_RUNTIME_API_EXT","hipLaunchKernel",2659034,2659034,5290,3219595926817236,3219595926821161
"HIP_RUNTIME_API_EXT","hipGetLastError",2659034,2659034,5291,3219595926821696,3219595926821740
"HIP_RUNTIME_API_EXT","hipSetDevice",2659034,2659034,5292,3219595926822358,3219595926822416
"HIP_RUNTIME_API_EXT","hipFree",2659034,2659034,5293,3219595926823077,3219595926834942
"HIP_RUNTIME_API_EXT","hipSetDevice",2659034,2659034,5294,3219595926835547,3219595926835605
"HIP_RUNTIME_API_EXT","hipMalloc",2659034,2659034,5295,3219595926836031,3219595926836976
"HIP_RUNTIME_API_EXT","hipSetDevice",2659034,2659034,5296,3219595926837549,3219595926837604
"HIP_RUNTIME_API_EXT","hipLaunchKernel",2659034,2659034,5297,3219595926838115,3219595926842177
"HIP_RUNTIME_API_EXT","hipGetLastError",2659034,2659034,5298,3219595926842908,3219595926842959
"HIP_RUNTIME_API_EXT","hipSetDevice",2659034,2659034,5299,3219595926843437,3219595926843493
"HIP_RUNTIME_API_EXT","hipFree",2659034,2659034,5300,3219595926843895,3219595926861184
"HIP_RUNTIME_API_EXT","hipSetDevice",2659034,2659034,5301,3219595926861689,3219595926861745
"HIP_RUNTIME_API_EXT","hipFree",2659034,2659034,5302,3219595926862099,3219595926863291
"HIP_RUNTIME_API_EXT","hipSetDevice",2659034,2659034,5303,3219595926863723,3219595926863776
"HIP_RUNTIME_API_EXT","hipFree",2659034,2659034,5304,3219595926864105,3219595926865172
"HIP_RUNTIME_API_EXT","hipSetDevice",2659034,2659034,5305,3219595926865545,3219595926865601
"HIP_RUNTIME_API_EXT","hipFree",2659034,2659034,5306,3219595926866127,3219595926867440
"HIP_RUNTIME_API_EXT","hipSetDevice",2659034,2659034,5307,3219595926867861,3219595926867916
"HIP_RUNTIME_API_EXT","hipFree",2659034,2659034,5308,3219595926868224,3219595926869245
"HIP_RUNTIME_API_EXT","hipSetDevice",2659034,2659034,5309,3219595926869797,3219595926869851
"HIP_RUNTIME_API_EXT","hipFree",2659034,2659034,5310,3219595926870469,3219595926871727
"HIP_RUNTIME_API_EXT","hipSetDevice",2659034,2659034,5311,3219595926872178,3219595926872236
"HIP_RUNTIME_API_EXT","hipFree",2659034,2659034,5312,3219595926872549,3219595926873823
"HIP_RUNTIME_API_EXT","hipSetDevice",2659034,2659034,5313,3219595926874542,3219595926874594
"HIP_RUNTIME_API_EXT","hipMalloc",2659034,2659034,5314,3219595926875165,3219595926876110
"HIP_RUNTIME_API_EXT","hipSetDevice",2659034,2659034,5315,3219595926876478,3219595926876531
"HIP_RUNTIME_API_EXT","hipLaunchKernel",2659034,2659034,5316,3219595926877036,3219595926881344
"HIP_RUNTIME_API_EXT","hipGetLastError",2659034,2659034,5317,3219595926881818,3219595926881927
"HIP_RUNTIME_API_EXT","hipSetDevice",2659034,2659034,5318,3219595926882312,3219595926882371
"HIP_RUNTIME_API_EXT","hipFree",2659034,2659034,5319,3219595926882706,3219595926894184
"HIP_RUNTIME_API_EXT","hipSetDevice",2659034,2659034,5320,3219595926894591,3219595926894649
"HIP_RUNTIME_API_EXT","hipFree",2659034,2659034,5321,3219595926895298,3219595926896698
"HIP_RUNTIME_API_EXT","hipSetDevice",2659034,2659034,5322,3219595926897298,3219595926897351
"HIP_RUNTIME_API_EXT","hipMalloc",2659034,2659034,5323,3219595926897686,3219595926898845
"HIP_RUNTIME_API_EXT","hipSetDevice",2659034,2659034,5324,3219595926899251,3219595926899307
"HIP_RUNTIME_API_EXT","hipLaunchKernel",2659034,2659034,5325,3219595926899823,3219595926903614
"HIP_RUNTIME_API_EXT","hipGetLastError",2659034,2659034,5326,3219595926904048,3219595926904098
"HIP_RUNTIME_API_EXT","hipSetDevice",2659034,2659034,5327,3219595926905039,3219595926905098
"HIP_RUNTIME_API_EXT","hipMalloc",2659034,2659034,5328,3219595926905429,3219595926906418
"HIP_RUNTIME_API_EXT","hipSetDevice",2659034,2659034,5329,3219595926906817,3219595926906872
"HIP_RUNTIME_API_EXT","hipLaunchKernel",2659034,2659034,5330,3219595926907418,3219595926911134
"HIP_RUNTIME_API_EXT","hipGetLastError",2659034,2659034,5331,3219595926912177,3219595926912218
"HIP_RUNTIME_API_EXT","hipSetDevice",2659034,2659034,5332,3219595926913191,3219595926913247
"HIP_RUNTIME_API_EXT","hipMalloc",2659034,2659034,5333,3219595926913605,3219595926914718
"HIP_RUNTIME_API_EXT","hipSetDevice",2659034,2659034,5334,3219595926915123,3219595926915179
"HIP_RUNTIME_API_EXT","hipLaunchKernel",2659034,2659034,5335,3219595926915707,3219595926919130
"HIP_RUNTIME_API_EXT","hipGetLastError",2659034,2659034,5336,3219595926919590,3219595926919634
"HIP_RUNTIME_API_EXT","hipSetDevice",2659034,2659034,5337,3219595926920325,3219595926920379
"HIP_RUNTIME_API_EXT","hipMalloc",2659034,2659034,5338,3219595926920731,3219595926922038
"HIP_RUNTIME_API_EXT","hipSetDevice",2659034,2659034,5339,3219595926922432,3219595926922486
"HIP_RUNTIME_API_EXT","hipLaunchKernel",2659034,2659034,5340,3219595926923049,3219595926927551
"HIP_RUNTIME_API_EXT","hipGetLastError",2659034,2659034,5341,3219595926928081,3219595926928124
"HIP_RUNTIME_API_EXT","hipSetDevice",2659034,2659034,5342,3219595926928475,3219595926928535
"HIP_RUNTIME_API_EXT","hipFree",2659034,2659034,5343,3219595926928875,3219595926943170
"HIP_RUNTIME_API_EXT","hipSetDevice",2659034,2659034,5344,3219595926943599,3219595926943657
"HIP_RUNTIME_API_EXT","hipFree",2659034,2659034,5345,3219595926944626,3219595926945638
"HIP_RUNTIME_API_EXT","hipSetDevice",2659034,2659034,5346,3219595926946520,3219595926946598
"HIP_RUNTIME_API_EXT","hipMalloc",2659034,2659034,5347,3219595926946937,3219595926948241
"HIP_RUNTIME_API_EXT","hipSetDevice",2659034,2659034,5348,3219595926948602,3219595926948659
"HIP_RUNTIME_API_EXT","hipLaunchKernel",2659034,2659034,5349,3219595926949168,3219595926952539
"HIP_RUNTIME_API_EXT","hipGetLastError",2659034,2659034,5350,3219595926952930,3219595926952975
"HIP_RUNTIME_API_EXT","hipSetDevice",2659034,2659034,5351,3219595926953522,3219595926953584
"HIP_RUNTIME_API_EXT","hipFree",2659034,2659034,5352,3219595926953948,3219595926979794
"HIP_RUNTIME_API_EXT","hipSetDevice",2659034,2659034,5353,3219595926980922,3219595926980978
"HIP_RUNTIME_API_EXT","hipMalloc",2659034,2659034,5354,3219595926981325,3219595926982316
"HIP_RUNTIME_API_EXT","hipSetDevice",2659034,2659034,5355,3219595926982791,3219595926982848
"HIP_RUNTIME_API_EXT","hipLaunchKernel",2659034,2659034,5356,3219595926983473,3219595926987077
"HIP_RUNTIME_API_EXT","hipGetLastError",2659034,2659034,5357,3219595926987488,3219595926987531
"HIP_RUNTIME_API_EXT","hipSetDevice",2659034,2659034,5358,3219595926987937,3219595926988000
"HIP_RUNTIME_API_EXT","hipFree",2659034,2659034,5359,3219595926988441,3219595926999487
"HIP_RUNTIME_API_EXT","hipSetDevice",2659034,2659034,5360,3219595926999923,3219595926999984
"HIP_RUNTIME_API_EXT","hipFree",2659034,2659034,5361,3219595927000579,3219595927001707
"HIP_RUNTIME_API_EXT","hipSetDevice",2659034,2659034,5362,3219595927002095,3219595927002152
"HIP_RUNTIME_API_EXT","hipFree",2659034,2659034,5363,3219595927002548,3219595927003747
"HIP_RUNTIME_API_EXT","hipSetDevice",2659034,2659034,5364,3219595927004115,3219595927004171
"HIP_RUNTIME_API_EXT","hipFree",2659034,2659034,5365,3219595927004584,3219595927006301
"HIP_RUNTIME_API_EXT","hipSetDevice",2659034,2659034,5366,3219595927006932,3219595927006995
"HIP_RUNTIME_API_EXT","hipMalloc",2659034,2659034,5367,3219595927007324,3219595927008202
"HIP_RUNTIME_API_EXT","hipSetDevice",2659034,2659034,5368,3219595927008671,3219595927008726
"HIP_RUNTIME_API_EXT","hipLaunchKernel",2659034,2659034,5369,3219595927009409,3219595927013258
"HIP_RUNTIME_API_EXT","hipGetLastError",2659034,2659034,5370,3219595927013661,3219595927013704
"HIP_RUNTIME_API_EXT","hipSetDevice",2659034,2659034,5371,3219595927014068,3219595927014130
"HIP_RUNTIME_API_EXT","hipFree",2659034,2659034,5372,3219595927014470,3219595927025733
"HIP_RUNTIME_API_EXT","hipSetDevice",2659034,2659034,5373,3219595927027149,3219595927027203
"HIP_RUNTIME_API_EXT","hipMalloc",2659034,2659034,5374,3219595927027533,3219595927028423
"HIP_RUNTIME_API_EXT","hipSetDevice",2659034,2659034,5375,3219595927028818,3219595927028874
"HIP_RUNTIME_API_EXT","hipLaunchKernel",2659034,2659034,5376,3219595927029411,3219595927032969
"HIP_RUNTIME_API_EXT","hipGetLastError",2659034,2659034,5377,3219595927033458,3219595927033501
"HIP_RUNTIME_API_EXT","hipSetDevice",2659034,2659034,5378,3219595927034421,3219595927034476
"HIP_RUNTIME_API_EXT","hipFree",2659034,2659034,5379,3219595927034816,3219595927051583
"HIP_RUNTIME_API_EXT","hipSetDevice",2659034,2659034,5380,3219595927052048,3219595927052101
"HIP_RUNTIME_API_EXT","hipFree",2659034,2659034,5381,3219595927052623,3219595927054074
"HIP_RUNTIME_API_EXT","hipSetDevice",2659034,2659034,5382,3219595927054772,3219595927054827
"HIP_RUNTIME_API_EXT","hipMalloc",2659034,2659034,5383,3219595927055176,3219595927056121
"HIP_RUNTIME_API_EXT","hipSetDevice",2659034,2659034,5384,3219595927057042,3219595927057098
"HIP_RUNTIME_API_EXT","hipMalloc",2659034,2659034,5385,3219595927057676,3219595927058589
"HIP_RUNTIME_API_EXT","hipSetDevice",2659034,2659034,5386,3219595927059705,3219595927059763
"HIP_RUNTIME_API_EXT","hipMemcpy",2659034,2659034,5387,3219595927060086,3219595927063943
"HIP_RUNTIME_API_EXT","hipSetDevice",2659034,2659034,5388,3219595927064377,3219595927064440
"HIP_RUNTIME_API_EXT","hipMemcpy",2659034,2659034,5389,3219595927064752,3219595927068133
"HIP_RUNTIME_API_EXT","hipSetDevice",2659034,2659034,5390,3219595927068583,3219595927068650
"HIP_RUNTIME_API_EXT","hipMemcpy",2659034,2659034,5391,3219595927069223,3219595927073274
"HIP_RUNTIME_API_EXT","hipSetDevice",2659034,2659034,5392,3219595927073639,3219595927073703
"HIP_RUNTIME_API_EXT","hipMemcpy",2659034,2659034,5393,3219595927074052,3219595927078163
"HIP_RUNTIME_API_EXT","hipSetDevice",2659034,2659034,5394,3219595927078829,3219595927078898
"HIP_RUNTIME_API_EXT","hipMalloc",2659034,2659034,5395,3219595927079256,3219595927080841
"HIP_RUNTIME_API_EXT","hipSetDevice",2659034,2659034,5396,3219595927081601,3219595927081665
"HIP_RUNTIME_API_EXT","hipMalloc",2659034,2659034,5397,3219595927082170,3219595927083376
"HIP_RUNTIME_API_EXT","hipSetDevice",2659034,2659034,5398,3219595927084071,3219595927084129
"HIP_RUNTIME_API_EXT","hipMemcpy",2659034,2659034,5399,3219595927084463,3219595927088926
"HIP_RUNTIME_API_EXT","hipSetDevice",2659034,2659034,5400,3219595927089414,3219595927089471
"HIP_RUNTIME_API_EXT","hipMemcpy",2659034,2659034,5401,3219595927089889,3219595927093543
"HIP_RUNTIME_API_EXT","hipSetDevice",2659034,2659034,5402,3219595927094090,3219595927094156
"HIP_RUNTIME_API_EXT","hipMemcpy",2659034,2659034,5403,3219595927094482,3219595927098714
"HIP_RUNTIME_API_EXT","hipSetDevice",2659034,2659034,5404,3219595927099327,3219595927099380
"HIP_RUNTIME_API_EXT","hipMemcpy",2659034,2659034,5405,3219595927099760,3219595927104213
"HIP_RUNTIME_API_EXT","hipSetDevice",2659034,2659034,5406,3219595927104751,3219595927104811
"HIP_RUNTIME_API_EXT","hipFree",2659034,2659034,5407,3219595927105146,3219595927119293
"HIP_RUNTIME_API_EXT","hipSetDevice",2659034,2659034,5408,3219595927119772,3219595927119833
"HIP_RUNTIME_API_EXT","hipFree",2659034,2659034,5409,3219595927120168,3219595927121478
"HIP_RUNTIME_API_EXT","hipSetDevice",2659034,2659034,5410,3219595927121922,3219595927121978
"HIP_RUNTIME_API_EXT","hipFree",2659034,2659034,5411,3219595927122392,3219595927123636
"HIP_RUNTIME_API_EXT","hipSetDevice",2659034,2659034,5412,3219595927125183,3219595927125248
"HIP_RUNTIME_API_EXT","hipFree",2659034,2659034,5413,3219595927125582,3219595927126836
"HIP_RUNTIME_API_EXT","hipSetDevice",2659034,2659034,5414,3219595927127848,3219595927127909
"HIP_RUNTIME_API_EXT","hipMalloc",2659034,2659034,5415,3219595927128255,3219595927129188
"HIP_RUNTIME_API_EXT","hipSetDevice",2659034,2659034,5416,3219595927129702,3219595927129761
"HIP_RUNTIME_API_EXT","hipMemcpy",2659034,2659034,5417,3219595927130204,3219595927134884
"HIP_RUNTIME_API_EXT","hipSetDevice",2659034,2659034,5418,3219595927135395,3219595927135458
"HIP_RUNTIME_API_EXT","hipFree",2659034,2659034,5419,3219595927135797,3219595927147036
"HIP_RUNTIME_API_EXT","hipSetDevice",2659034,2659034,5420,3219595927148382,3219595927148446
"HIP_RUNTIME_API_EXT","hipMalloc",2659034,2659034,5421,3219595927148799,3219595927149795
"HIP_RUNTIME_API_EXT","hipSetDevice",2659034,2659034,5422,3219595927150202,3219595927150258
"HIP_RUNTIME_API_EXT","hipMemcpy",2659034,2659034,5423,3219595927150591,3219595927169697
"HIP_RUNTIME_API_EXT","hipSetDevice",2659034,2659034,5424,3219595927170788,3219595927170845
"HIP_RUNTIME_API_EXT","hipMalloc",2659034,2659034,5425,3219595927171399,3219595927172430
"HIP_RUNTIME_API_EXT","hipSetDevice",2659034,2659034,5426,3219595927172852,3219595927172908
"HIP_RUNTIME_API_EXT","hipLaunchKernel",2659034,2659034,5427,3219595927173485,3219595927177042
"HIP_RUNTIME_API_EXT","hipGetLastError",2659034,2659034,5428,3219595927177468,3219595927177512
"HIP_RUNTIME_API_EXT","hipSetDevice",2659034,2659034,5429,3219595927178016,3219595927178081
"HIP_RUNTIME_API_EXT","hipMalloc",2659034,2659034,5430,3219595927178435,3219595927179642
"HIP_RUNTIME_API_EXT","hipSetDevice",2659034,2659034,5431,3219595927180155,3219595927180208
"HIP_RUNTIME_API_EXT","hipLaunchKernel",2659034,2659034,5432,3219595927180948,3219595927184345
"HIP_RUNTIME_API_EXT","hipGetLastError",2659034,2659034,5433,3219595927185022,3219595927185066
"HIP_RUNTIME_API_EXT","hipSetDevice",2659034,2659034,5434,3219595927186144,3219595927186202
"HIP_RUNTIME_API_EXT","hipMalloc",2659034,2659034,5435,3219595927186572,3219595927187942
"HIP_RUNTIME_API_EXT","hipSetDevice",2659034,2659034,5436,3219595927188399,3219595927188455
"HIP_RUNTIME_API_EXT","hipLaunchKernel",2659034,2659034,5437,3219595927189058,3219595927193556
"HIP_RUNTIME_API_EXT","hipGetLastError",2659034,2659034,5438,3219595927194222,3219595927194266
"HIP_RUNTIME_API_EXT","hipSetDevice",2659034,2659034,5439,3219595927194969,3219595927195028
"HIP_RUNTIME_API_EXT","hipMalloc",2659034,2659034,5440,3219595927195465,3219595927196872
"HIP_RUNTIME_API_EXT","hipSetDevice",2659034,2659034,5441,3219595927197382,3219595927197437
"HIP_RUNTIME_API_EXT","hipLaunchKernel",2659034,2659034,5442,3219595927197933,3219595927201361
"HIP_RUNTIME_API_EXT","hipGetLastError",2659034,2659034,5443,3219595927201765,3219595927201815
"HIP_RUNTIME_API_EXT","hipSetDevice",2659034,2659034,5444,3219595927202535,3219595927202595
"HIP_RUNTIME_API_EXT","hipMalloc",2659034,2659034,5445,3219595927202922,3219595927204064
"HIP_RUNTIME_API_EXT","hipSetDevice",2659034,2659034,5446,3219595927204448,3219595927204509
"HIP_RUNTIME_API_EXT","hipLaunchKernel",2659034,2659034,5447,3219595927205008,3219595927208203
"HIP_RUNTIME_API_EXT","hipGetLastError",2659034,2659034,5448,3219595927208859,3219595927208902
"HIP_RUNTIME_API_EXT","hipSetDevice",2659034,2659034,5449,3219595927209759,3219595927209823
"HIP_RUNTIME_API_EXT","hipMalloc",2659034,2659034,5450,3219595927210189,3219595927211486
"HIP_RUNTIME_API_EXT","hipSetDevice",2659034,2659034,5451,3219595927212008,3219595927212065
"HIP_RUNTIME_API_EXT","hipLaunchKernel",2659034,2659034,5452,3219595927212535,3219595927225231
"HIP_RUNTIME_API_EXT","hipGetLastError",2659034,2659034,5453,3219595927226689,3219595927226731
"HIP_RUNTIME_API_EXT","hipSetDevice",2659034,2659034,5454,3219595927227508,3219595927227565
"HIP_RUNTIME_API_EXT","hipMalloc",2659034,2659034,5455,3219595927227901,3219595927229265
"HIP_RUNTIME_API_EXT","hipSetDevice",2659034,2659034,5456,3219595927229651,3219595927229711
"HIP_RUNTIME_API_EXT","hipLaunchKernel",2659034,2659034,5457,3219595927230395,3219595927234574
"HIP_RUNTIME_API_EXT","hipGetLastError",2659034,2659034,5458,3219595927235154,3219595927235204
"HIP_RUNTIME_API_EXT","hipSetDevice",2659034,2659034,5459,3219595927235804,3219595927235864
"HIP_RUNTIME_API_EXT","hipMalloc",2659034,2659034,5460,3219595927236182,3219595927237340
"HIP_RUNTIME_API_EXT","hipSetDevice",2659034,2659034,5461,3219595927238058,3219595927238114
"HIP_RUNTIME_API_EXT","hipLaunchKernel",2659034,2659034,5462,3219595927238602,3219595927242205
"HIP_RUNTIME_API_EXT","hipGetLastError",2659034,2659034,5463,3219595927242573,3219595927242620
"HIP_RUNTIME_API_EXT","hipSetDevice",2659034,2659034,5464,3219595927243103,3219595927243161
"HIP_RUNTIME_API_EXT","hipMalloc",2659034,2659034,5465,3219595927243813,3219595927245422
"HIP_RUNTIME_API_EXT","hipSetDevice",2659034,2659034,5466,3219595927246027,3219595927246083
"HIP_RUNTIME_API_EXT","hipLaunchKernel",2659034,2659034,5467,3219595927246578,3219595927249839
"HIP_RUNTIME_API_EXT","hipGetLastError",2659034,2659034,5468,3219595927250281,3219595927250325
"HIP_RUNTIME_API_EXT","hipSetDevice",2659034,2659034,5469,3219595927250969,3219595927251027
"HIP_RUNTIME_API_EXT","hipFree",2659034,2659034,5470,3219595927251547,3219595927266594
"HIP_RUNTIME_API_EXT","hipSetDevice",2659034,2659034,5471,3219595927268809,3219595927268867
"HIP_RUNTIME_API_EXT","hipMalloc",2659034,2659034,5472,3219595927269251,3219595927270250
"HIP_RUNTIME_API_EXT","hipSetDevice",2659034,2659034,5473,3219595927270647,3219595927270701
"HIP_RUNTIME_API_EXT","hipLaunchKernel",2659034,2659034,5474,3219595927271231,3219595927275534
"HIP_RUNTIME_API_EXT","hipGetLastError",2659034,2659034,5475,3219595927275964,3219595927276007
"HIP_RUNTIME_API_EXT","hipSetDevice",2659034,2659034,5476,3219595927276419,3219595927276481
"HIP_RUNTIME_API_EXT","hipFree",2659034,2659034,5477,3219595927276818,3219595927288216
"HIP_RUNTIME_API_EXT","hipSetDevice",2659034,2659034,5478,3219595927289137,3219595927289206
"HIP_RUNTIME_API_EXT","hipMalloc",2659034,2659034,5479,3219595927289564,3219595927291117
"HIP_RUNTIME_API_EXT","hipSetDevice",2659034,2659034,5480,3219595927291792,3219595927291849
"HIP_RUNTIME_API_EXT","hipMemcpy",2659034,2659034,5481,3219595927292164,3219595927295852
"HIP_RUNTIME_API_EXT","hipSetDevice",2659034,2659034,5482,3219595927296247,3219595927296310
"HIP_RUNTIME_API_EXT","hipMemcpy",2659034,2659034,5483,3219595927296662,3219595927300237
"HIP_RUNTIME_API_EXT","hipSetDevice",2659034,2659034,5484,3219595927301079,3219595927301136
"HIP_RUNTIME_API_EXT","hipMalloc",2659034,2659034,5485,3219595927301468,3219595927303780
"HIP_RUNTIME_API_EXT","hipSetDevice",2659034,2659034,5486,3219595927304341,3219595927304401
"HIP_RUNTIME_API_EXT","hipMemcpy",2659034,2659034,5487,3219595927304901,3219595927309040
"HIP_RUNTIME_API_EXT","hipSetDevice",2659034,2659034,5488,3219595927309435,3219595927309506
"HIP_RUNTIME_API_EXT","hipMemcpy",2659034,2659034,5489,3219595927309814,3219595927313655
"HIP_RUNTIME_API_EXT","hipSetDevice",2659034,2659034,5490,3219595927314221,3219595927314287
"HIP_RUNTIME_API_EXT","hipMalloc",2659034,2659034,5491,3219595927314612,3219595927315810
"HIP_RUNTIME_API_EXT","hipSetDevice",2659034,2659034,5492,3219595927316486,3219595927316549
"HIP_RUNTIME_API_EXT","hipLaunchKernel",2659034,2659034,5493,3219595927317293,3219595927323306
"HIP_RUNTIME_API_EXT","hipGetLastError",2659034,2659034,5494,3219595927323718,3219595927323817
"HIP_RUNTIME_API_EXT","hipSetDevice",2659034,2659034,5495,3219595927324587,3219595927324643
"HIP_RUNTIME_API_EXT","hipMalloc",2659034,2659034,5496,3219595927324973,3219595927326230
"HIP_RUNTIME_API_EXT","hipSetDevice",2659034,2659034,5497,3219595927326648,3219595927326706
"HIP_RUNTIME_API_EXT","hipLaunchKernel",2659034,2659034,5498,3219595927327306,3219595927331087
"HIP_RUNTIME_API_EXT","hipGetLastError",2659034,2659034,5499,3219595927331484,3219595927331669
"HIP_RUNTIME_API_EXT","hipSetDevice",2659034,2659034,5500,3219595927332313,3219595927332375
"HIP_RUNTIME_API_EXT","hipFree",2659034,2659034,5501,3219595927332784,3219595927344205
"HIP_RUNTIME_API_EXT","hipSetDevice",2659034,2659034,5502,3219595927344789,3219595927344846
"HIP_RUNTIME_API_EXT","hipMalloc",2659034,2659034,5503,3219595927345173,3219595927346021
"HIP_RUNTIME_API_EXT","hipSetDevice",2659034,2659034,5504,3219595927346530,3219595927346584
"HIP_RUNTIME_API_EXT","hipLaunchKernel",2659034,2659034,5505,3219595927347413,3219595927351000
"HIP_RUNTIME_API_EXT","hipGetLastError",2659034,2659034,5506,3219595927351496,3219595927351538
"HIP_RUNTIME_API_EXT","hipSetDevice",2659034,2659034,5507,3219595927352218,3219595927352273
"HIP_RUNTIME_API_EXT","hipFree",2659034,2659034,5508,3219595927352793,3219595927370260
"HIP_RUNTIME_API_EXT","hipSetDevice",2659034,2659034,5509,3219595927370758,3219595927370816
"HIP_RUNTIME_API_EXT","hipFree",2659034,2659034,5510,3219595927371153,3219595927372186
"HIP_RUNTIME_API_EXT","hipSetDevice",2659034,2659034,5511,3219595927372546,3219595927372602
"HIP_RUNTIME_API_EXT","hipFree",2659034,2659034,5512,3219595927373021,3219595927374134
"HIP_RUNTIME_API_EXT","hipSetDevice",2659034,2659034,5513,3219595927374520,3219595927374580
"HIP_RUNTIME_API_EXT","hipFree",2659034,2659034,5514,3219595927374916,3219595927376066
"HIP_RUNTIME_API_EXT","hipSetDevice",2659034,2659034,5515,3219595927376473,3219595927376534
"HIP_RUNTIME_API_EXT","hipFree",2659034,2659034,5516,3219595927376849,3219595927378097
"HIP_RUNTIME_API_EXT","hipSetDevice",2659034,2659034,5517,3219595927378590,3219595927378645
"HIP_RUNTIME_API_EXT","hipFree",2659034,2659034,5518,3219595927378959,3219595927380084
"HIP_RUNTIME_API_EXT","hipSetDevice",2659034,2659034,5519,3219595927380453,3219595927380507
"HIP_RUNTIME_API_EXT","hipFree",2659034,2659034,5520,3219595927380830,3219595927381922
"HIP_RUNTIME_API_EXT","hipSetDevice",2659034,2659034,5521,3219595927382610,3219595927382673
"HIP_RUNTIME_API_EXT","hipMalloc",2659034,2659034,5522,3219595927383058,3219595927384082
"HIP_RUNTIME_API_EXT","hipSetDevice",2659034,2659034,5523,3219595927384454,3219595927384513
"HIP_RUNTIME_API_EXT","hipLaunchKernel",2659034,2659034,5524,3219595927385055,3219595927388958
"HIP_RUNTIME_API_EXT","hipGetLastError",2659034,2659034,5525,3219595927389368,3219595927389412
"HIP_RUNTIME_API_EXT","hipSetDevice",2659034,2659034,5526,3219595927389781,3219595927389838
"HIP_RUNTIME_API_EXT","hipFree",2659034,2659034,5527,3219595927390185,3219595927401533
"HIP_RUNTIME_API_EXT","hipSetDevice",2659034,2659034,5528,3219595927401946,3219595927402003
"HIP_RUNTIME_API_EXT","hipFree",2659034,2659034,5529,3219595927402766,3219595927403978
"HIP_RUNTIME_API_EXT","hipSetDevice",2659034,2659034,5530,3219595927404582,3219595927404634
"HIP_RUNTIME_API_EXT","hipMalloc",2659034,2659034,5531,3219595927405163,3219595927406061
"HIP_RUNTIME_API_EXT","hipSetDevice",2659034,2659034,5532,3219595927406431,3219595927406487
"HIP_RUNTIME_API_EXT","hipLaunchKernel",2659034,2659034,5533,3219595927407026,3219595927411063
"HIP_RUNTIME_API_EXT","hipGetLastError",2659034,2659034,5534,3219595927411452,3219595927411491
"HIP_RUNTIME_API_EXT","hipSetDevice",2659034,2659034,5535,3219595927412162,3219595927412217
"HIP_RUNTIME_API_EXT","hipMalloc",2659034,2659034,5536,3219595927412656,3219595927413703
"HIP_RUNTIME_API_EXT","hipSetDevice",2659034,2659034,5537,3219595927414093,3219595927414147
"HIP_RUNTIME_API_EXT","hipLaunchKernel",2659034,2659034,5538,3219595927414706,3219595927418126
"HIP_RUNTIME_API_EXT","hipGetLastError",2659034,2659034,5539,3219595927418618,3219595927418659
"HIP_RUNTIME_API_EXT","hipSetDevice",2659034,2659034,5540,3219595927419867,3219595927419923
"HIP_RUNTIME_API_EXT","hipMalloc",2659034,2659034,5541,3219595927420502,3219595927421490
"HIP_RUNTIME_API_EXT","hipSetDevice",2659034,2659034,5542,3219595927422009,3219595927422068
"HIP_RUNTIME_API_EXT","hipLaunchKernel",2659034,2659034,5543,3219595927422563,3219595927426383
"HIP_RUNTIME_API_EXT","hipGetLastError",2659034,2659034,5544,3219595927426776,3219595927426820
"HIP_RUNTIME_API_EXT","hipSetDevice",2659034,2659034,5545,3219595927427493,3219595927427551
"HIP_RUNTIME_API_EXT","hipMalloc",2659034,2659034,5546,3219595927427886,3219595927428994
"HIP_RUNTIME_API_EXT","hipSetDevice",2659034,2659034,5547,3219595927429577,3219595927429643
"HIP_RUNTIME_API_EXT","hipLaunchKernel",2659034,2659034,5548,3219595927430162,3219595927434524
"HIP_RUNTIME_API_EXT","hipGetLastError",2659034,2659034,5549,3219595927435151,3219595927435194
"HIP_RUNTIME_API_EXT","hipSetDevice",2659034,2659034,5550,3219595927435559,3219595927435615
"HIP_RUNTIME_API_EXT","hipFree",2659034,2659034,5551,3219595927436139,3219595927450375
"HIP_RUNTIME_API_EXT","hipSetDevice",2659034,2659034,5552,3219595927450775,3219595927450833
"HIP_RUNTIME_API_EXT","hipFree",2659034,2659034,5553,3219595927451682,3219595927452699
"HIP_RUNTIME_API_EXT","hipSetDevice",2659034,2659034,5554,3219595927453608,3219595927453663
"HIP_RUNTIME_API_EXT","hipMalloc",2659034,2659034,5555,3219595927454098,3219595927455043
"HIP_RUNTIME_API_EXT","hipSetDevice",2659034,2659034,5556,3219595927455416,3219595927455472
"HIP_RUNTIME_API_EXT","hipLaunchKernel",2659034,2659034,5557,3219595927456016,3219595927459623
"HIP_RUNTIME_API_EXT","hipGetLastError",2659034,2659034,5558,3219595927460200,3219595927460241
"HIP_RUNTIME_API_EXT","hipSetDevice",2659034,2659034,5559,3219595927460729,3219595927460785
"HIP_RUNTIME_API_EXT","hipFree",2659034,2659034,5560,3219595927461112,3219595927486859
"HIP_RUNTIME_API_EXT","hipSetDevice",2659034,2659034,5561,3219595927487719,3219595927487781
"HIP_RUNTIME_API_EXT","hipMalloc",2659034,2659034,5562,3219595927488105,3219595927488966
"HIP_RUNTIME_API_EXT","hipSetDevice",2659034,2659034,5563,3219595927489345,3219595927489400
"HIP_RUNTIME_API_EXT","hipLaunchKernel",2659034,2659034,5564,3219595927489987,3219595927493473
"HIP_RUNTIME_API_EXT","hipGetLastError",2659034,2659034,5565,3219595927493909,3219595927493958
"HIP_RUNTIME_API_EXT","hipSetDevice",2659034,2659034,5566,3219595927494343,3219595927494405
"HIP_RUNTIME_API_EXT","hipFree",2659034,2659034,5567,3219595927494739,3219595927505472
"HIP_RUNTIME_API_EXT","hipSetDevice",2659034,2659034,5568,3219595927505885,3219595927505946
"HIP_RUNTIME_API_EXT","hipFree",2659034,2659034,5569,3219595927506691,3219595927507735
"HIP_RUNTIME_API_EXT","hipSetDevice",2659034,2659034,5570,3219595927508134,3219595927508192
"HIP_RUNTIME_API_EXT","hipFree",2659034,2659034,5571,3219595927508519,3219595927509737
"HIP_RUNTIME_API_EXT","hipSetDevice",2659034,2659034,5572,3219595927510112,3219595927510169
"HIP_RUNTIME_API_EXT","hipFree",2659034,2659034,5573,3219595927510489,3219595927511941
"HIP_RUNTIME_API_EXT","hipSetDevice",2659034,2659034,5574,3219595927512540,3219595927512592
"HIP_RUNTIME_API_EXT","hipMalloc",2659034,2659034,5575,3219595927512992,3219595927513921
"HIP_RUNTIME_API_EXT","hipSetDevice",2659034,2659034,5576,3219595927514337,3219595927514394
"HIP_RUNTIME_API_EXT","hipLaunchKernel",2659034,2659034,5577,3219595927515083,3219595927518808
"HIP_RUNTIME_API_EXT","hipGetLastError",2659034,2659034,5578,3219595927519187,3219595927519231
"HIP_RUNTIME_API_EXT","hipSetDevice",2659034,2659034,5579,3219595927519850,3219595927519909
"HIP_RUNTIME_API_EXT","hipMalloc",2659034,2659034,5580,3219595927520384,3219595927521380
"HIP_RUNTIME_API_EXT","hipSetDevice",2659034,2659034,5581,3219595927521780,3219595927521835
"HIP_RUNTIME_API_EXT","hipLaunchKernel",2659034,2659034,5582,3219595927522364,3219595927525702
"HIP_RUNTIME_API_EXT","hipGetLastError",2659034,2659034,5583,3219595927526167,3219595927526218
"HIP_RUNTIME_API_EXT","hipSetDevice",2659034,2659034,5584,3219595927527064,3219595927527124
"HIP_RUNTIME_API_EXT","hipMalloc",2659034,2659034,5585,3219595927527456,3219595927528392
"HIP_RUNTIME_API_EXT","hipSetDevice",2659034,2659034,5586,3219595927528995,3219595927529054
"HIP_RUNTIME_API_EXT","hipLaunchKernel",2659034,2659034,5587,3219595927529564,3219595927532955
"HIP_RUNTIME_API_EXT","hipGetLastError",2659034,2659034,5588,3219595927533316,3219595927533409
"HIP_RUNTIME_API_EXT","hipSetDevice",2659034,2659034,5589,3219595927533996,3219595927534055
"HIP_RUNTIME_API_EXT","hipMalloc",2659034,2659034,5590,3219595927534400,3219595927535727
"HIP_RUNTIME_API_EXT","hipSetDevice",2659034,2659034,5591,3219595927536113,3219595927536174
"HIP_RUNTIME_API_EXT","hipLaunchKernel",2659034,2659034,5592,3219595927536687,3219595927539805
"HIP_RUNTIME_API_EXT","hipGetLastError",2659034,2659034,5593,3219595927540420,3219595927540464
"HIP_RUNTIME_API_EXT","hipSetDevice",2659034,2659034,5594,3219595927541749,3219595927541811
"HIP_RUNTIME_API_EXT","hipMalloc",2659034,2659034,5595,3219595927542134,3219595927543544
"HIP_RUNTIME_API_EXT","hipSetDevice",2659034,2659034,5596,3219595927543955,3219595927544015
"HIP_RUNTIME_API_EXT","hipLaunchKernel",2659034,2659034,5597,3219595927544496,3219595927548029
"HIP_RUNTIME_API_EXT","hipGetLastError",2659034,2659034,5598,3219595927548415,3219595927548468
"HIP_RUNTIME_API_EXT","hipSetDevice",2659034,2659034,5599,3219595927549711,3219595927549769
"HIP_RUNTIME_API_EXT","hipMalloc",2659034,2659034,5600,3219595927550091,3219595927551300
"HIP_RUNTIME_API_EXT","hipSetDevice",2659034,2659034,5601,3219595927554898,3219595927554961
"HIP_RUNTIME_API_EXT","hipLaunchKernel",2659034,2659034,5602,3219595927555719,3219595927559415
"HIP_RUNTIME_API_EXT","hipGetLastError",2659034,2659034,5603,3219595927559811,3219595927559853
"HIP_RUNTIME_API_EXT","hipSetDevice",2659034,2659034,5604,3219595927560580,3219595927560639
"HIP_RUNTIME_API_EXT","hipMalloc",2659034,2659034,5605,3219595927560963,3219595927563406
"HIP_RUNTIME_API_EXT","hipSetDevice",2659034,2659034,5606,3219595927563788,3219595927563853
"HIP_RUNTIME_API_EXT","hipLaunchKernel",2659034,2659034,5607,3219595927564474,3219595927568362
"HIP_RUNTIME_API_EXT","hipGetLastError",2659034,2659034,5608,3219595927569137,3219595927569181
"HIP_RUNTIME_API_EXT","hipSetDevice",2659034,2659034,5609,3219595927569784,3219595927569839
"HIP_RUNTIME_API_EXT","hipMalloc",2659034,2659034,5610,3219595927570218,3219595927573832
"HIP_RUNTIME_API_EXT","hipSetDevice",2659034,2659034,5611,3219595927574261,3219595927574318
"HIP_RUNTIME_API_EXT","hipLaunchKernel",2659034,2659034,5612,3219595927574856,3219595927597438
"HIP_RUNTIME_API_EXT","hipGetLastError",2659034,2659034,5613,3219595927598979,3219595927599097
"HIP_RUNTIME_API_EXT","hipSetDevice",2659034,2659034,5614,3219595927599588,3219595927599678
"HIP_RUNTIME_API_EXT","hipFree",2659034,2659034,5615,3219595927600172,3219595927619493
"HIP_RUNTIME_API_EXT","hipSetDevice",2659034,2659034,5616,3219595927629020,3219595927629090
"HIP_RUNTIME_API_EXT","hipMalloc",2659034,2659034,5617,3219595927629640,3219595927631948
"HIP_RUNTIME_API_EXT","hipSetDevice",2659034,2659034,5618,3219595927632395,3219595927632454
"HIP_RUNTIME_API_EXT","hipLaunchKernel",2659034,2659034,5619,3219595927633123,3219595927649679
"HIP_RUNTIME_API_EXT","hipGetLastError",2659034,2659034,5620,3219595927650063,3219595927650106
"HIP_RUNTIME_API_EXT","hipSetDevice",2659034,2659034,5621,3219595927650676,3219595927650738
"HIP_RUNTIME_API_EXT","hipFree",2659034,2659034,5622,3219595927651323,3219595927662673
"HIP_RUNTIME_API_EXT","hipSetDevice",2659034,2659034,5623,3219595927663665,3219595927663726
"HIP_RUNTIME_API_EXT","hipMalloc",2659034,2659034,5624,3219595927664204,3219595927665234
"HIP_RUNTIME_API_EXT","hipSetDevice",2659034,2659034,5625,3219595927665995,3219595927666057
"HIP_RUNTIME_API_EXT","hipMemcpy",2659034,2659034,5626,3219595927666562,3219595927670727
"HIP_RUNTIME_API_EXT","hipSetDevice",2659034,2659034,5627,3219595927671314,3219595927671371
"HIP_RUNTIME_API_EXT","hipMemcpy",2659034,2659034,5628,3219595927671842,3219595927675648
"HIP_RUNTIME_API_EXT","hipSetDevice",2659034,2659034,5629,3219595927676433,3219595927676494
"HIP_RUNTIME_API_EXT","hipMalloc",2659034,2659034,5630,3219595927676952,3219595927678303
"HIP_RUNTIME_API_EXT","hipSetDevice",2659034,2659034,5631,3219595927679043,3219595927679100
"HIP_RUNTIME_API_EXT","hipMemcpy",2659034,2659034,5632,3219595927679563,3219595927685817
"HIP_RUNTIME_API_EXT","hipSetDevice",2659034,2659034,5633,3219595927686287,3219595927686346
"HIP_RUNTIME_API_EXT","hipMemcpy",2659034,2659034,5634,3219595927686863,3219595927691902
"HIP_RUNTIME_API_EXT","hipSetDevice",2659034,2659034,5635,3219595927692406,3219595927692463
"HIP_RUNTIME_API_EXT","hipMalloc",2659034,2659034,5636,3219595927692802,3219595927695076
"HIP_RUNTIME_API_EXT","hipSetDevice",2659034,2659034,5637,3219595927695458,3219595927695512
"HIP_RUNTIME_API_EXT","hipLaunchKernel",2659034,2659034,5638,3219595927696193,3219595927710270
"HIP_RUNTIME_API_EXT","hipGetLastError",2659034,2659034,5639,3219595927710778,3219595927710826
"HIP_RUNTIME_API_EXT","hipSetDevice",2659034,2659034,5640,3219595927711353,3219595927711410
"HIP_RUNTIME_API_EXT","hipMalloc",2659034,2659034,5641,3219595927711754,3219595927713141
"HIP_RUNTIME_API_EXT","hipSetDevice",2659034,2659034,5642,3219595927713783,3219595927713842
"HIP_RUNTIME_API_EXT","hipLaunchKernel",2659034,2659034,5643,3219595927714453,3219595927718234
"HIP_RUNTIME_API_EXT","hipGetLastError",2659034,2659034,5644,3219595927718669,3219595927718709
"HIP_RUNTIME_API_EXT","hipSetDevice",2659034,2659034,5645,3219595927719290,3219595927719353
"HIP_RUNTIME_API_EXT","hipFree",2659034,2659034,5646,3219595927719893,3219595927731447
"HIP_RUNTIME_API_EXT","hipSetDevice",2659034,2659034,5647,3219595927732033,3219595927732092
"HIP_RUNTIME_API_EXT","hipMalloc",2659034,2659034,5648,3219595927732477,3219595927733342
"HIP_RUNTIME_API_EXT","hipSetDevice",2659034,2659034,5649,3219595927733951,3219595927734007
"HIP_RUNTIME_API_EXT","hipLaunchKernel",2659034,2659034,5650,3219595927734794,3219595927739390
"HIP_RUNTIME_API_EXT","hipGetLastError",2659034,2659034,5651,3219595927739914,3219595927740014
"HIP_RUNTIME_API_EXT","hipSetDevice",2659034,2659034,5652,3219595927740753,3219595927740810
"HIP_RUNTIME_API_EXT","hipFree",2659034,2659034,5653,3219595927741178,3219595927758809
"HIP_RUNTIME_API_EXT","hipSetDevice",2659034,2659034,5654,3219595927759369,3219595927759428
"HIP_RUNTIME_API_EXT","hipFree",2659034,2659034,5655,3219595927759743,3219595927760822
"HIP_RUNTIME_API_EXT","hipSetDevice",2659034,2659034,5656,3219595927761210,3219595927761266
"HIP_RUNTIME_API_EXT","hipFree",2659034,2659034,5657,3219595927761787,3219595927762863
"HIP_RUNTIME_API_EXT","hipSetDevice",2659034,2659034,5658,3219595927763236,3219595927763292
"HIP_RUNTIME_API_EXT","hipFree",2659034,2659034,5659,3219595927763848,3219595927764963
"HIP_RUNTIME_API_EXT","hipSetDevice",2659034,2659034,5660,3219595927765432,3219595927765491
"HIP_RUNTIME_API_EXT","hipFree",2659034,2659034,5661,3219595927765814,3219595927767010
"HIP_RUNTIME_API_EXT","hipSetDevice",2659034,2659034,5662,3219595927767368,3219595927767430
"HIP_RUNTIME_API_EXT","hipFree",2659034,2659034,5663,3219595927767749,3219595927768979
"HIP_RUNTIME_API_EXT","hipSetDevice",2659034,2659034,5664,3219595927769352,3219595927769409
"HIP_RUNTIME_API_EXT","hipFree",2659034,2659034,5665,3219595927769710,3219595927770748
"HIP_RUNTIME_API_EXT","hipSetDevice",2659034,2659034,5666,3219595927771482,3219595927771542
"HIP_RUNTIME_API_EXT","hipMalloc",2659034,2659034,5667,3219595927771865,3219595927772713
"HIP_RUNTIME_API_EXT","hipSetDevice",2659034,2659034,5668,3219595927773099,3219595927773156
"HIP_RUNTIME_API_EXT","hipLaunchKernel",2659034,2659034,5669,3219595927773709,3219595927777821
"HIP_RUNTIME_API_EXT","hipGetLastError",2659034,2659034,5670,3219595927778246,3219595927778290
"HIP_RUNTIME_API_EXT","hipSetDevice",2659034,2659034,5671,3219595927778842,3219595927778905
"HIP_RUNTIME_API_EXT","hipFree",2659034,2659034,5672,3219595927779249,3219595927790507
"HIP_RUNTIME_API_EXT","hipSetDevice",2659034,2659034,5673,3219595927790988,3219595927791048
"HIP_RUNTIME_API_EXT","hipFree",2659034,2659034,5674,3219595927791682,3219595927792783
"HIP_RUNTIME_API_EXT","hipSetDevice",2659034,2659034,5675,3219595927793322,3219595927793378
"HIP_RUNTIME_API_EXT","hipMalloc",2659034,2659034,5676,3219595927793733,3219595927794858
"HIP_RUNTIME_API_EXT","hipSetDevice",2659034,2659034,5677,3219595927795246,3219595927795302
"HIP_RUNTIME_API_EXT","hipLaunchKernel",2659034,2659034,5678,3219595927796141,3219595927799722
"HIP_RUNTIME_API_EXT","hipGetLastError",2659034,2659034,5679,3219595927800156,3219595927800201
"HIP_RUNTIME_API_EXT","hipSetDevice",2659034,2659034,5680,3219595927801098,3219595927801155
"HIP_RUNTIME_API_EXT","hipMalloc",2659034,2659034,5681,3219595927801489,3219595927802429
"HIP_RUNTIME_API_EXT","hipSetDevice",2659034,2659034,5682,3219595927802795,3219595927802849
"HIP_RUNTIME_API_EXT","hipLaunchKernel",2659034,2659034,5683,3219595927803453,3219595927807104
"HIP_RUNTIME_API_EXT","hipGetLastError",2659034,2659034,5684,3219595927807453,3219595927807496
"HIP_RUNTIME_API_EXT","hipSetDevice",2659034,2659034,5685,3219595927808536,3219595927808598
"HIP_RUNTIME_API_EXT","hipMalloc",2659034,2659034,5686,3219595927808956,3219595927810153
"HIP_RUNTIME_API_EXT","hipSetDevice",2659034,2659034,5687,3219595927810559,3219595927810614
"HIP_RUNTIME_API_EXT","hipLaunchKernel",2659034,2659034,5688,3219595927811149,3219595927814986
"HIP_RUNTIME_API_EXT","hipGetLastError",2659034,2659034,5689,3219595927815446,3219595927815488
"HIP_RUNTIME_API_EXT","hipSetDevice",2659034,2659034,5690,3219595927816198,3219595927816255
"HIP_RUNTIME_API_EXT","hipMalloc",2659034,2659034,5691,3219595927816626,3219595927817686
"HIP_RUNTIME_API_EXT","hipSetDevice",2659034,2659034,5692,3219595927818088,3219595927818148
"HIP_RUNTIME_API_EXT","hipLaunchKernel",2659034,2659034,5693,3219595927818701,3219595927822274
"HIP_RUNTIME_API_EXT","hipGetLastError",2659034,2659034,5694,3219595927822959,3219595927823004
"HIP_RUNTIME_API_EXT","hipSetDevice",2659034,2659034,5695,3219595927823561,3219595927823624
"HIP_RUNTIME_API_EXT","hipFree",2659034,2659034,5696,3219595927824186,3219595927839475
"HIP_RUNTIME_API_EXT","hipSetDevice",2659034,2659034,5697,3219595927840446,3219595927840508
"HIP_RUNTIME_API_EXT","hipFree",2659034,2659034,5698,3219595927840981,3219595927841937
"HIP_RUNTIME_API_EXT","hipSetDevice",2659034,2659034,5699,3219595927842502,3219595927842557
"HIP_RUNTIME_API_EXT","hipMalloc",2659034,2659034,5700,3219595927842995,3219595927844173
"HIP_RUNTIME_API_EXT","hipSetDevice",2659034,2659034,5701,3219595927844549,3219595927844605
"HIP_RUNTIME_API_EXT","hipLaunchKernel",2659034,2659034,5702,3219595927845115,3219595927848828
"HIP_RUNTIME_API_EXT","hipGetLastError",2659034,2659034,5703,3219595927849421,3219595927849470
"HIP_RUNTIME_API_EXT","hipSetDevice",2659034,2659034,5704,3219595927850038,3219595927850101
"HIP_RUNTIME_API_EXT","hipFree",2659034,2659034,5705,3219595927850428,3219595927875699
"HIP_RUNTIME_API_EXT","hipSetDevice",2659034,2659034,5706,3219595927876479,3219595927876538
"HIP_RUNTIME_API_EXT","hipMalloc",2659034,2659034,5707,3219595927876989,3219595927877864
"HIP_RUNTIME_API_EXT","hipSetDevice",2659034,2659034,5708,3219595927878235,3219595927878291
"HIP_RUNTIME_API_EXT","hipLaunchKernel",2659034,2659034,5709,3219595927878977,3219595927882535
"HIP_RUNTIME_API_EXT","hipGetLastError",2659034,2659034,5710,3219595927882981,3219595927883024
"HIP_RUNTIME_API_EXT","hipSetDevice",2659034,2659034,5711,3219595927883549,3219595927883608
"HIP_RUNTIME_API_EXT","hipFree",2659034,2659034,5712,3219595927883939,3219595927895735
"HIP_RUNTIME_API_EXT","hipSetDevice",2659034,2659034,5713,3219595927896171,3219595927896225
"HIP_RUNTIME_API_EXT","hipFree",2659034,2659034,5714,3219595927896816,3219595927897799
"HIP_RUNTIME_API_EXT","hipSetDevice",2659034,2659034,5715,3219595927898180,3219595927898237
"HIP_RUNTIME_API_EXT","hipFree",2659034,2659034,5716,3219595927898561,3219595927899621
"HIP_RUNTIME_API_EXT","hipSetDevice",2659034,2659034,5717,3219595927899970,3219595927900027
"HIP_RUNTIME_API_EXT","hipFree",2659034,2659034,5718,3219595927900551,3219595927901757
"HIP_RUNTIME_API_EXT","hipSetDevice",2659034,2659034,5719,3219595927902356,3219595927902412
"HIP_RUNTIME_API_EXT","hipMalloc",2659034,2659034,5720,3219595927902785,3219595927903724
"HIP_RUNTIME_API_EXT","hipSetDevice",2659034,2659034,5721,3219595927904119,3219595927904177
"HIP_RUNTIME_API_EXT","hipLaunchKernel",2659034,2659034,5722,3219595927904715,3219595927908638
"HIP_RUNTIME_API_EXT","hipGetLastError",2659034,2659034,5723,3219595927909078,3219595927909121
"HIP_RUNTIME_API_EXT","hipSetDevice",2659034,2659034,5724,3219595927909494,3219595927909551
"HIP_RUNTIME_API_EXT","hipFree",2659034,2659034,5725,3219595927909883,3219595927921679
"HIP_RUNTIME_API_EXT","hipSetDevice",2659034,2659034,5726,3219595927922992,3219595927923045
"HIP_RUNTIME_API_EXT","hipMalloc",2659034,2659034,5727,3219595927923378,3219595927924338
"HIP_RUNTIME_API_EXT","hipSetDevice",2659034,2659034,5728,3219595927924724,3219595927924782
"HIP_RUNTIME_API_EXT","hipLaunchKernel",2659034,2659034,5729,3219595927925324,3219595927928911
"HIP_RUNTIME_API_EXT","hipGetLastError",2659034,2659034,5730,3219595927929380,3219595927929476
"HIP_RUNTIME_API_EXT","hipSetDevice",2659034,2659034,5731,3219595927930260,3219595927930330
"HIP_RUNTIME_API_EXT","hipFree",2659034,2659034,5732,3219595927930671,3219595927947934
"HIP_RUNTIME_API_EXT","hipSetDevice",2659034,2659034,5733,3219595927948345,3219595927948402
"HIP_RUNTIME_API_EXT","hipFree",2659034,2659034,5734,3219595927948956,3219595927950318
"HIP_RUNTIME_API_EXT","hipSetDevice",2659034,2659034,5735,3219595927951179,3219595927951237
"HIP_RUNTIME_API_EXT","hipMemcpy",2659034,2659034,5736,3219595927951547,3219595927955618
"HIP_RUNTIME_API_EXT","hipSetDevice",2659034,2659034,5737,3219595927956016,3219595927956087
"HIP_RUNTIME_API_EXT","hipMemcpy",2659034,2659034,5738,3219595927956580,3219595927959912
"HIP_RUNTIME_API_EXT","hipSetDevice",2659034,2659034,5739,3219595927960338,3219595927960402
"HIP_RUNTIME_API_EXT","hipMemcpy",2659034,2659034,5740,3219595927960834,3219595927965020
"HIP_RUNTIME_API_EXT","hipSetDevice",2659034,2659034,5741,3219595927965470,3219595927965534
"HIP_RUNTIME_API_EXT","hipMemcpy",2659034,2659034,5742,3219595927965926,3219595927969787
"HIP_RUNTIME_API_EXT","hipSetDevice",2659034,2659034,5743,3219595927970429,3219595927970492
"HIP_RUNTIME_API_EXT","hipMemcpy",2659034,2659034,5744,3219595927970800,3219595927975118
"HIP_RUNTIME_API_EXT","hipSetDevice",2659034,2659034,5745,3219595927975538,3219595927975596
"HIP_RUNTIME_API_EXT","hipMemcpy",2659034,2659034,5746,3219595927975914,3219595927979938
"HIP_RUNTIME_API_EXT","hipSetDevice",2659034,2659034,5747,3219595927980348,3219595927980411
"HIP_RUNTIME_API_EXT","hipMemcpy",2659034,2659034,5748,3219595927980814,3219595927985058
"HIP_RUNTIME_API_EXT","hipSetDevice",2659034,2659034,5749,3219595927985443,3219595927985505
"HIP_RUNTIME_API_EXT","hipMemcpy",2659034,2659034,5750,3219595927985836,3219595927990028
"HIP_RUNTIME_API_EXT","hipSetDevice",2659034,2659034,5751,3219595927990554,3219595927990615
"HIP_RUNTIME_API_EXT","hipFree",2659034,2659034,5752,3219595927991026,3219595928012460
"HIP_RUNTIME_API_EXT","hipSetDevice",2659034,2659034,5753,3219595928013143,3219595928013234
"HIP_RUNTIME_API_EXT","hipFree",2659034,2659034,5754,3219595928013610,3219595928014948
"HIP_RUNTIME_API_EXT","hipSetDevice",2659034,2659034,5755,3219595928015331,3219595928015386
"HIP_RUNTIME_API_EXT","hipFree",2659034,2659034,5756,3219595928015798,3219595928017251
"HIP_RUNTIME_API_EXT","hipSetDevice",2659034,2659034,5757,3219595928017606,3219595928017659
"HIP_RUNTIME_API_EXT","hipFree",2659034,2659034,5758,3219595928017979,3219595928019407
"HIP_RUNTIME_API_EXT","hipSetDevice",2659034,2659034,5759,3219595928020068,3219595928020126
"HIP_RUNTIME_API_EXT","hipMemcpy",2659034,2659034,5760,3219595928020498,3219595928026279
"HIP_RUNTIME_API_EXT","hipSetDevice",2659034,2659034,5761,3219595928026762,3219595928026831
"HIP_RUNTIME_API_EXT","hipFree",2659034,2659034,5762,3219595928027247,3219595928038676
"HIP_RUNTIME_API_EXT","hipSetDevice",2659034,2659034,5763,3219595928040062,3219595928040119
"HIP_RUNTIME_API_EXT","hipMalloc",2659034,2659034,5764,3219595928040563,3219595928041683
"HIP_RUNTIME_API_EXT","hipSetDevice",2659034,2659034,5765,3219595928042239,3219595928042297
"HIP_RUNTIME_API_EXT","hipMemcpy",2659034,2659034,5766,3219595928042698,3219595928059188
"HIP_RUNTIME_API_EXT","hipSetDevice",2659034,2659034,5767,3219595928060110,3219595928060169
"HIP_RUNTIME_API_EXT","hipMalloc",2659034,2659034,5768,3219595928060570,3219595928061783
"HIP_RUNTIME_API_EXT","hipSetDevice",2659034,2659034,5769,3219595928062256,3219595928062313
"HIP_RUNTIME_API_EXT","hipLaunchKernel",2659034,2659034,5770,3219595928063091,3219595928067006
"HIP_RUNTIME_API_EXT","hipGetLastError",2659034,2659034,5771,3219595928067593,3219595928067685
"HIP_RUNTIME_API_EXT","hipSetDevice",2659034,2659034,5772,3219595928068274,3219595928068331
"HIP_RUNTIME_API_EXT","hipMalloc",2659034,2659034,5773,3219595928068680,3219595928069635
"HIP_RUNTIME_API_EXT","hipSetDevice",2659034,2659034,5774,3219595928070033,3219595928070087
"HIP_RUNTIME_API_EXT","hipLaunchKernel",2659034,2659034,5775,3219595928070598,3219595928074134
"HIP_RUNTIME_API_EXT","hipGetLastError",2659034,2659034,5776,3219595928075163,3219595928075291
"HIP_RUNTIME_API_EXT","hipSetDevice",2659034,2659034,5777,3219595928076394,3219595928076451
"HIP_RUNTIME_API_EXT","hipMalloc",2659034,2659034,5778,3219595928076797,3219595928078056
"HIP_RUNTIME_API_EXT","hipSetDevice",2659034,2659034,5779,3219595928078467,3219595928078524
"HIP_RUNTIME_API_EXT","hipLaunchKernel",2659034,2659034,5780,3219595928079036,3219595928083873
"HIP_RUNTIME_API_EXT","hipGetLastError",2659034,2659034,5781,3219595928084313,3219595928084355
"HIP_RUNTIME_API_EXT","hipSetDevice",2659034,2659034,5782,3219595928085074,3219595928085134
"HIP_RUNTIME_API_EXT","hipMalloc",2659034,2659034,5783,3219595928085467,3219595928086940
"HIP_RUNTIME_API_EXT","hipSetDevice",2659034,2659034,5784,3219595928087499,3219595928087557
"HIP_RUNTIME_API_EXT","hipLaunchKernel",2659034,2659034,5785,3219595928088070,3219595928091413
"HIP_RUNTIME_API_EXT","hipGetLastError",2659034,2659034,5786,3219595928091784,3219595928091826
"HIP_RUNTIME_API_EXT","hipSetDevice",2659034,2659034,5787,3219595928092657,3219595928092713
"HIP_RUNTIME_API_EXT","hipMalloc",2659034,2659034,5788,3219595928093140,3219595928094364
"HIP_RUNTIME_API_EXT","hipSetDevice",2659034,2659034,5789,3219595928094816,3219595928094873
"HIP_RUNTIME_API_EXT","hipLaunchKernel",2659034,2659034,5790,3219595928095484,3219595928099724
"HIP_RUNTIME_API_EXT","hipGetLastError",2659034,2659034,5791,3219595928100267,3219595928100310
"HIP_RUNTIME_API_EXT","hipSetDevice",2659034,2659034,5792,3219595928101176,3219595928101235
"HIP_RUNTIME_API_EXT","hipMalloc",2659034,2659034,5793,3219595928101553,3219595928102687
"HIP_RUNTIME_API_EXT","hipSetDevice",2659034,2659034,5794,3219595928103186,3219595928103243
"HIP_RUNTIME_API_EXT","hipLaunchKernel",2659034,2659034,5795,3219595928103762,3219595928107783
"HIP_RUNTIME_API_EXT","hipGetLastError",2659034,2659034,5796,3219595928108397,3219595928108439
"HIP_RUNTIME_API_EXT","hipSetDevice",2659034,2659034,5797,3219595928109130,3219595928109193
"HIP_RUNTIME_API_EXT","hipMalloc",2659034,2659034,5798,3219595928109675,3219595928111092
"HIP_RUNTIME_API_EXT","hipSetDevice",2659034,2659034,5799,3219595928111473,3219595928111533
"HIP_RUNTIME_API_EXT","hipLaunchKernel",2659034,2659034,5800,3219595928112195,3219595928115812
"HIP_RUNTIME_API_EXT","hipGetLastError",2659034,2659034,5801,3219595928116178,3219595928116221
"HIP_RUNTIME_API_EXT","hipSetDevice",2659034,2659034,5802,3219595928117415,3219595928117473
"HIP_RUNTIME_API_EXT","hipMalloc",2659034,2659034,5803,3219595928117802,3219595928119159
"HIP_RUNTIME_API_EXT","hipSetDevice",2659034,2659034,5804,3219595928119708,3219595928119764
"HIP_RUNTIME_API_EXT","hipLaunchKernel",2659034,2659034,5805,3219595928120272,3219595928124474
"HIP_RUNTIME_API_EXT","hipGetLastError",2659034,2659034,5806,3219595928125955,3219595928125998
"HIP_RUNTIME_API_EXT","hipSetDevice",2659034,2659034,5807,3219595928126518,3219595928126573
"HIP_RUNTIME_API_EXT","hipMalloc",2659034,2659034,5808,3219595928127028,3219595928128665
"HIP_RUNTIME_API_EXT","hipSetDevice",2659034,2659034,5809,3219595928129129,3219595928129193
"HIP_RUNTIME_API_EXT","hipLaunchKernel",2659034,2659034,5810,3219595928129722,3219595928133013
"HIP_RUNTIME_API_EXT","hipGetLastError",2659034,2659034,5811,3219595928133712,3219595928133757
"HIP_RUNTIME_API_EXT","hipSetDevice",2659034,2659034,5812,3219595928134158,3219595928134221
"HIP_RUNTIME_API_EXT","hipFree",2659034,2659034,5813,3219595928134748,3219595928150523
"HIP_RUNTIME_API_EXT","hipSetDevice",2659034,2659034,5814,3219595928152705,3219595928152763
"HIP_RUNTIME_API_EXT","hipMalloc",2659034,2659034,5815,3219595928153122,3219595928153992
"HIP_RUNTIME_API_EXT","hipSetDevice",2659034,2659034,5816,3219595928154502,3219595928154564
"HIP_RUNTIME_API_EXT","hipLaunchKernel",2659034,2659034,5817,3219595928155085,3219595928158934
"HIP_RUNTIME_API_EXT","hipGetLastError",2659034,2659034,5818,3219595928159347,3219595928159389
"HIP_RUNTIME_API_EXT","hipSetDevice",2659034,2659034,5819,3219595928159908,3219595928159968
"HIP_RUNTIME_API_EXT","hipFree",2659034,2659034,5820,3219595928160338,3219595928171594
"HIP_RUNTIME_API_EXT","hipSetDevice",2659034,2659034,5821,3219595928172520,3219595928172582
"HIP_RUNTIME_API_EXT","hipMalloc",2659034,2659034,5822,3219595928172941,3219595928174146
"HIP_RUNTIME_API_EXT","hipSetDevice",2659034,2659034,5823,3219595928174669,3219595928174725
"HIP_RUNTIME_API_EXT","hipMemcpy",2659034,2659034,5824,3219595928175070,3219595928187656
"HIP_RUNTIME_API_EXT","hipSetDevice",2659034,2659034,5825,3219595928188328,3219595928188388
"HIP_RUNTIME_API_EXT","hipMemcpy",2659034,2659034,5826,3219595928188818,3219595928192734
"HIP_RUNTIME_API_EXT","hipSetDevice",2659034,2659034,5827,3219595928193445,3219595928193505
"HIP_RUNTIME_API_EXT","hipMalloc",2659034,2659034,5828,3219595928193938,3219595928196396
"HIP_RUNTIME_API_EXT","hipSetDevice",2659034,2659034,5829,3219595928197028,3219595928197092
"HIP_RUNTIME_API_EXT","hipMemcpy",2659034,2659034,5830,3219595928197521,3219595928201485
"HIP_RUNTIME_API_EXT","hipSetDevice",2659034,2659034,5831,3219595928201876,3219595928201937
"HIP_RUNTIME_API_EXT","hipMemcpy",2659034,2659034,5832,3219595928202405,3219595928206063
"HIP_RUNTIME_API_EXT","hipSetDevice",2659034,2659034,5833,3219595928206677,3219595928206738
"HIP_RUNTIME_API_EXT","hipMalloc",2659034,2659034,5834,3219595928207141,3219595928208338
"HIP_RUNTIME_API_EXT","hipSetDevice",2659034,2659034,5835,3219595928208998,3219595928209056
"HIP_RUNTIME_API_EXT","hipLaunchKernel",2659034,2659034,5836,3219595928209784,3219595928214452
"HIP_RUNTIME_API_EXT","hipGetLastError",2659034,2659034,5837,3219595928214931,3219595928215034
"HIP_RUNTIME_API_EXT","hipSetDevice",2659034,2659034,5838,3219595928215584,3219595928215641
"HIP_RUNTIME_API_EXT","hipMalloc",2659034,2659034,5839,3219595928215973,3219595928217491
"HIP_RUNTIME_API_EXT","hipSetDevice",2659034,2659034,5840,3219595928218094,3219595928218157
"HIP_RUNTIME_API_EXT","hipLaunchKernel",2659034,2659034,5841,3219595928218707,3219595928222387
"HIP_RUNTIME_API_EXT","hipGetLastError",2659034,2659034,5842,3219595928222790,3219595928222833
"HIP_RUNTIME_API_EXT","hipSetDevice",2659034,2659034,5843,3219595928223372,3219595928223433
"HIP_RUNTIME_API_EXT","hipFree",2659034,2659034,5844,3219595928223870,3219595928236396
"HIP_RUNTIME_API_EXT","hipSetDevice",2659034,2659034,5845,3219595928236981,3219595928237040
"HIP_RUNTIME_API_EXT","hipMalloc",2659034,2659034,5846,3219595928237360,3219595928238164
"HIP_RUNTIME_API_EXT","hipSetDevice",2659034,2659034,5847,3219595928238597,3219595928238655
"HIP_RUNTIME_API_EXT","hipLaunchKernel",2659034,2659034,5848,3219595928239321,3219595928243387
"HIP_RUNTIME_API_EXT","hipGetLastError",2659034,2659034,5849,3219595928243782,3219595928243828
"HIP_RUNTIME_API_EXT","hipSetDevice",2659034,2659034,5850,3219595928244392,3219595928244448
"HIP_RUNTIME_API_EXT","hipFree",2659034,2659034,5851,3219595928244922,3219595928262523
"HIP_RUNTIME_API_EXT","hipSetDevice",2659034,2659034,5852,3219595928262999,3219595928263058
"HIP_RUNTIME_API_EXT","hipFree",2659034,2659034,5853,3219595928263394,3219595928264544
"HIP_RUNTIME_API_EXT","hipSetDevice",2659034,2659034,5854,3219595928264877,3219595928264931
"HIP_RUNTIME_API_EXT","hipFree",2659034,2659034,5855,3219595928265346,3219595928266508
"HIP_RUNTIME_API_EXT","hipSetDevice",2659034,2659034,5856,3219595928266897,3219595928266953
"HIP_RUNTIME_API_EXT","hipFree",2659034,2659034,5857,3219595928267264,3219595928268351
"HIP_RUNTIME_API_EXT","hipSetDevice",2659034,2659034,5858,3219595928268794,3219595928268849
"HIP_RUNTIME_API_EXT","hipFree",2659034,2659034,5859,3219595928269205,3219595928270502
"HIP_RUNTIME_API_EXT","hipSetDevice",2659034,2659034,5860,3219595928270949,3219595928271004
"HIP_RUNTIME_API_EXT","hipFree",2659034,2659034,5861,3219595928271382,3219595928272544
"HIP_RUNTIME_API_EXT","hipSetDevice",2659034,2659034,5862,3219595928272978,3219595928273033
"HIP_RUNTIME_API_EXT","hipFree",2659034,2659034,5863,3219595928273335,3219595928274362
"HIP_RUNTIME_API_EXT","hipSetDevice",2659034,2659034,5864,3219595928275037,3219595928275097
"HIP_RUNTIME_API_EXT","hipMalloc",2659034,2659034,5865,3219595928275432,3219595928276441
"HIP_RUNTIME_API_EXT","hipSetDevice",2659034,2659034,5866,3219595928276883,3219595928276943
"HIP_RUNTIME_API_EXT","hipLaunchKernel",2659034,2659034,5867,3219595928277535,3219595928281537
"HIP_RUNTIME_API_EXT","hipGetLastError",2659034,2659034,5868,3219595928281970,3219595928282016
"HIP_RUNTIME_API_EXT","hipSetDevice",2659034,2659034,5869,3219595928282395,3219595928282460
"HIP_RUNTIME_API_EXT","hipFree",2659034,2659034,5870,3219595928282885,3219595928294274
"HIP_RUNTIME_API_EXT","hipSetDevice",2659034,2659034,5871,3219595928294689,3219595928294751
"HIP_RUNTIME_API_EXT","hipFree",2659034,2659034,5872,3219595928295359,3219595928296518
"HIP_RUNTIME_API_EXT","hipSetDevice",2659034,2659034,5873,3219595928297137,3219595928297193
"HIP_RUNTIME_API_EXT","hipMalloc",2659034,2659034,5874,3219595928297757,3219595928298643
"HIP_RUNTIME_API_EXT","hipSetDevice",2659034,2659034,5875,3219595928299040,3219595928299097
"HIP_RUNTIME_API_EXT","hipLaunchKernel",2659034,2659034,5876,3219595928299647,3219595928303471
"HIP_RUNTIME_API_EXT","hipGetLastError",2659034,2659034,5877,3219595928303884,3219595928303925
"HIP_RUNTIME_API_EXT","hipSetDevice",2659034,2659034,5878,3219595928304599,3219595928304657
"HIP_RUNTIME_API_EXT","hipMalloc",2659034,2659034,5879,3219595928305091,3219595928306169
"HIP_RUNTIME_API_EXT","hipSetDevice",2659034,2659034,5880,3219595928306537,3219595928306593
"HIP_RUNTIME_API_EXT","hipLaunchKernel",2659034,2659034,5881,3219595928307274,3219595928310417
"HIP_RUNTIME_API_EXT","hipGetLastError",2659034,2659034,5882,3219595928310889,3219595928310933
"HIP_RUNTIME_API_EXT","hipSetDevice",2659034,2659034,5883,3219595928312617,3219595928312675
"HIP_RUNTIME_API_EXT","hipMalloc",2659034,2659034,5884,3219595928313151,3219595928314303
"HIP_RUNTIME_API_EXT","hipSetDevice",2659034,2659034,5885,3219595928314831,3219595928314890
"HIP_RUNTIME_API_EXT","hipLaunchKernel",2659034,2659034,5886,3219595928315403,3219595928319141
"HIP_RUNTIME_API_EXT","hipGetLastError",2659034,2659034,5887,3219595928319495,3219595928319540
"HIP_RUNTIME_API_EXT","hipSetDevice",2659034,2659034,5888,3219595928320083,3219595928320138
"HIP_RUNTIME_API_EXT","hipMalloc",2659034,2659034,5889,3219595928320661,3219595928321934
"HIP_RUNTIME_API_EXT","hipSetDevice",2659034,2659034,5890,3219595928322461,3219595928322520
"HIP_RUNTIME_API_EXT","hipLaunchKernel",2659034,2659034,5891,3219595928323043,3219595928326837
"HIP_RUNTIME_API_EXT","hipGetLastError",2659034,2659034,5892,3219595928327291,3219595928327334
"HIP_RUNTIME_API_EXT","hipSetDevice",2659034,2659034,5893,3219595928327734,3219595928327790
"HIP_RUNTIME_API_EXT","hipFree",2659034,2659034,5894,3219595928328140,3219595928342730
"HIP_RUNTIME_API_EXT","hipSetDevice",2659034,2659034,5895,3219595928343139,3219595928343197
"HIP_RUNTIME_API_EXT","hipFree",2659034,2659034,5896,3219595928343879,3219595928344943
"HIP_RUNTIME_API_EXT","hipSetDevice",2659034,2659034,5897,3219595928345636,3219595928345690
"HIP_RUNTIME_API_EXT","hipMalloc",2659034,2659034,5898,3219595928346030,3219595928346891
"HIP_RUNTIME_API_EXT","hipSetDevice",2659034,2659034,5899,3219595928347250,3219595928347304
"HIP_RUNTIME_API_EXT","hipLaunchKernel",2659034,2659034,5900,3219595928347809,3219595928351469
"HIP_RUNTIME_API_EXT","hipGetLastError",2659034,2659034,5901,3219595928351839,3219595928351882
"HIP_RUNTIME_API_EXT","hipSetDevice",2659034,2659034,5902,3219595928352436,3219595928352494
"HIP_RUNTIME_API_EXT","hipFree",2659034,2659034,5903,3219595928352832,3219595928378390
"HIP_RUNTIME_API_EXT","hipSetDevice",2659034,2659034,5904,3219595928379267,3219595928379330
"HIP_RUNTIME_API_EXT","hipMalloc",2659034,2659034,5905,3219595928379662,3219595928380397
"HIP_RUNTIME_API_EXT","hipSetDevice",2659034,2659034,5906,3219595928380763,3219595928380837
"HIP_RUNTIME_API_EXT","hipLaunchKernel",2659034,2659034,5907,3219595928381463,3219595928384956
"HIP_RUNTIME_API_EXT","hipGetLastError",2659034,2659034,5908,3219595928385354,3219595928385397
"HIP_RUNTIME_API_EXT","hipSetDevice",2659034,2659034,5909,3219595928385768,3219595928385823
"HIP_RUNTIME_API_EXT","hipFree",2659034,2659034,5910,3219595928386153,3219595928397307
"HIP_RUNTIME_API_EXT","hipSetDevice",2659034,2659034,5911,3219595928397732,3219595928397791
"HIP_RUNTIME_API_EXT","hipFree",2659034,2659034,5912,3219595928398424,3219595928399348
"HIP_RUNTIME_API_EXT","hipSetDevice",2659034,2659034,5913,3219595928399753,3219595928399808
"HIP_RUNTIME_API_EXT","hipFree",2659034,2659034,5914,3219595928400133,3219595928401179
"HIP_RUNTIME_API_EXT","hipSetDevice",2659034,2659034,5915,3219595928401530,3219595928401586
"HIP_RUNTIME_API_EXT","hipFree",2659034,2659034,5916,3219595928401913,3219595928403164
"HIP_RUNTIME_API_EXT","hipSetDevice",2659034,2659034,5917,3219595928403737,3219595928403790
"HIP_RUNTIME_API_EXT","hipMalloc",2659034,2659034,5918,3219595928404221,3219595928405318
"HIP_RUNTIME_API_EXT","hipSetDevice",2659034,2659034,5919,3219595928405734,3219595928405793
"HIP_RUNTIME_API_EXT","hipLaunchKernel",2659034,2659034,5920,3219595928406374,3219595928410060
"HIP_RUNTIME_API_EXT","hipGetLastError",2659034,2659034,5921,3219595928410543,3219595928410586
"HIP_RUNTIME_API_EXT","hipSetDevice",2659034,2659034,5922,3219595928411294,3219595928411350
"HIP_RUNTIME_API_EXT","hipMalloc",2659034,2659034,5923,3219595928411690,3219595928412899
"HIP_RUNTIME_API_EXT","hipSetDevice",2659034,2659034,5924,3219595928413273,3219595928413330
"HIP_RUNTIME_API_EXT","hipLaunchKernel",2659034,2659034,5925,3219595928413886,3219595928417102
"HIP_RUNTIME_API_EXT","hipGetLastError",2659034,2659034,5926,3219595928417458,3219595928417500
"HIP_RUNTIME_API_EXT","hipSetDevice",2659034,2659034,5927,3219595928418718,3219595928418775
"HIP_RUNTIME_API_EXT","hipMalloc",2659034,2659034,5928,3219595928419114,3219595928420282
"HIP_RUNTIME_API_EXT","hipSetDevice",2659034,2659034,5929,3219595928420908,3219595928420967
"HIP_RUNTIME_API_EXT","hipLaunchKernel",2659034,2659034,5930,3219595928421468,3219595928424942
"HIP_RUNTIME_API_EXT","hipGetLastError",2659034,2659034,5931,3219595928425314,3219595928425358
"HIP_RUNTIME_API_EXT","hipSetDevice",2659034,2659034,5932,3219595928426006,3219595928426063
"HIP_RUNTIME_API_EXT","hipMalloc",2659034,2659034,5933,3219595928426491,3219595928427609
"HIP_RUNTIME_API_EXT","hipSetDevice",2659034,2659034,5934,3219595928428202,3219595928428255
"HIP_RUNTIME_API_EXT","hipLaunchKernel",2659034,2659034,5935,3219595928428844,3219595928432209
"HIP_RUNTIME_API_EXT","hipGetLastError",2659034,2659034,5936,3219595928432722,3219595928432771
"HIP_RUNTIME_API_EXT","hipSetDevice",2659034,2659034,5937,3219595928433572,3219595928433635
"HIP_RUNTIME_API_EXT","hipMalloc",2659034,2659034,5938,3219595928433962,3219595928435118
"HIP_RUNTIME_API_EXT","hipSetDevice",2659034,2659034,5939,3219595928435683,3219595928435739
"HIP_RUNTIME_API_EXT","hipLaunchKernel",2659034,2659034,5940,3219595928436257,3219595928440085
"HIP_RUNTIME_API_EXT","hipGetLastError",2659034,2659034,5941,3219595928441865,3219595928441910
"HIP_RUNTIME_API_EXT","hipSetDevice",2659034,2659034,5942,3219595928442640,3219595928442702
"HIP_RUNTIME_API_EXT","hipMalloc",2659034,2659034,5943,3219595928443058,3219595928444383
"HIP_RUNTIME_API_EXT","hipSetDevice",2659034,2659034,5944,3219595928444795,3219595928444851
"HIP_RUNTIME_API_EXT","hipLaunchKernel",2659034,2659034,5945,3219595928445369,3219595928448855
"HIP_RUNTIME_API_EXT","hipGetLastError",2659034,2659034,5946,3219595928450358,3219595928450401
"HIP_RUNTIME_API_EXT","hipSetDevice",2659034,2659034,5947,3219595928451180,3219595928451242
"HIP_RUNTIME_API_EXT","hipMalloc",2659034,2659034,5948,3219595928451642,3219595928453275
"HIP_RUNTIME_API_EXT","hipSetDevice",2659034,2659034,5949,3219595928453689,3219595928453747
"HIP_RUNTIME_API_EXT","hipLaunchKernel",2659034,2659034,5950,3219595928455345,3219595928459222
"HIP_RUNTIME_API_EXT","hipGetLastError",2659034,2659034,5951,3219595928461470,3219595928461513
"HIP_RUNTIME_API_EXT","hipSetDevice",2659034,2659034,5952,3219595928462107,3219595928462168
"HIP_RUNTIME_API_EXT","hipMalloc",2659034,2659034,5953,3219595928462589,3219595928464080
"HIP_RUNTIME_API_EXT","hipSetDevice",2659034,2659034,5954,3219595928464476,3219595928464536
"HIP_RUNTIME_API_EXT","hipLaunchKernel",2659034,2659034,5955,3219595928465065,3219595928468720
"HIP_RUNTIME_API_EXT","hipGetLastError",2659034,2659034,5956,3219595928469865,3219595928469905
"HIP_RUNTIME_API_EXT","hipSetDevice",2659034,2659034,5957,3219595928470569,3219595928470623
"HIP_RUNTIME_API_EXT","hipFree",2659034,2659034,5958,3219595928471233,3219595928486381
"HIP_RUNTIME_API_EXT","hipSetDevice",2659034,2659034,5959,3219595928488623,3219595928488682
"HIP_RUNTIME_API_EXT","hipMalloc",2659034,2659034,5960,3219595928489180,3219595928490002
"HIP_RUNTIME_API_EXT","hipSetDevice",2659034,2659034,5961,3219595928490498,3219595928490552
"HIP_RUNTIME_API_EXT","hipLaunchKernel",2659034,2659034,5962,3219595928491135,3219595928506682
"HIP_RUNTIME_API_EXT","hipGetLastError",2659034,2659034,5963,3219595928507122,3219595928507166
"HIP_RUNTIME_API_EXT","hipSetDevice",2659034,2659034,5964,3219595928507499,3219595928507562
"HIP_RUNTIME_API_EXT","hipFree",2659034,2659034,5965,3219595928507914,3219595928520048
"HIP_RUNTIME_API_EXT","hipSetDevice",2659034,2659034,5966,3219595928520894,3219595928520958
"HIP_RUNTIME_API_EXT","hipMalloc",2659034,2659034,5967,3219595928521316,3219595928525672
"HIP_RUNTIME_API_EXT","hipSetDevice",2659034,2659034,5968,3219595928526332,3219595928526388
"HIP_RUNTIME_API_EXT","hipMemcpy",2659034,2659034,5969,3219595928527156,3219595928549723
"HIP_RUNTIME_API_EXT","hipSetDevice",2659034,2659034,5970,3219595928550367,3219595928550437
"HIP_RUNTIME_API_EXT","hipMemcpy",2659034,2659034,5971,3219595928551034,3219595928554696
"HIP_RUNTIME_API_EXT","hipSetDevice",2659034,2659034,5972,3219595928555441,3219595928555503
"HIP_RUNTIME_API_EXT","hipMalloc",2659034,2659034,5973,3219595928556009,3219595928557794
"HIP_RUNTIME_API_EXT","hipSetDevice",2659034,2659034,5974,3219595928558719,3219595928558774
"HIP_RUNTIME_API_EXT","hipMemcpy",2659034,2659034,5975,3219595928559250,3219595928563445
"HIP_RUNTIME_API_EXT","hipSetDevice",2659034,2659034,5976,3219595928563881,3219595928563944
"HIP_RUNTIME_API_EXT","hipMemcpy",2659034,2659034,5977,3219595928564395,3219595928567950
"HIP_RUNTIME_API_EXT","hipSetDevice",2659034,2659034,5978,3219595928568571,3219595928568635
"HIP_RUNTIME_API_EXT","hipMalloc",2659034,2659034,5979,3219595928568959,3219595928570392
"HIP_RUNTIME_API_EXT","hipSetDevice",2659034,2659034,5980,3219595928570782,3219595928570838
"HIP_RUNTIME_API_EXT","hipLaunchKernel",2659034,2659034,5981,3219595928571824,3219595928575746
"HIP_RUNTIME_API_EXT","hipGetLastError",2659034,2659034,5982,3219595928577241,3219595928577286
"HIP_RUNTIME_API_EXT","hipSetDevice",2659034,2659034,5983,3219595928578108,3219595928578164
"HIP_RUNTIME_API_EXT","hipMalloc",2659034,2659034,5984,3219595928578555,3219595928579775
"HIP_RUNTIME_API_EXT","hipSetDevice",2659034,2659034,5985,3219595928580292,3219595928580345
"HIP_RUNTIME_API_EXT","hipLaunchKernel",2659034,2659034,5986,3219595928580865,3219595928584686
"HIP_RUNTIME_API_EXT","hipGetLastError",2659034,2659034,5987,3219595928585261,3219595928585301
"HIP_RUNTIME_API_EXT","hipSetDevice",2659034,2659034,5988,3219595928585921,3219595928585985
"HIP_RUNTIME_API_EXT","hipFree",2659034,2659034,5989,3219595928586318,3219595928598481
"HIP_RUNTIME_API_EXT","hipSetDevice",2659034,2659034,5990,3219595928599054,3219595928599112
"HIP_RUNTIME_API_EXT","hipMalloc",2659034,2659034,5991,3219595928599574,3219595928606687
"HIP_RUNTIME_API_EXT","hipSetDevice",2659034,2659034,5992,3219595928607056,3219595928607114
"HIP_RUNTIME_API_EXT","hipLaunchKernel",2659034,2659034,5993,3219595928607612,3219595928640913
"HIP_RUNTIME_API_EXT","hipGetLastError",2659034,2659034,5994,3219595928641357,3219595928641400
"HIP_RUNTIME_API_EXT","hipSetDevice",2659034,2659034,5995,3219595928642182,3219595928642239
"HIP_RUNTIME_API_EXT","hipFree",2659034,2659034,5996,3219595928642584,3219595928659867
"HIP_RUNTIME_API_EXT","hipSetDevice",2659034,2659034,5997,3219595928660343,3219595928660399
"HIP_RUNTIME_API_EXT","hipFree",2659034,2659034,5998,3219595928660849,3219595928662051
"HIP_RUNTIME_API_EXT","hipSetDevice",2659034,2659034,5999,3219595928662543,3219595928662597
"HIP_RUNTIME_API_EXT","hipFree",2659034,2659034,6000,3219595928663128,3219595928664518
"HIP_RUNTIME_API_EXT","hipSetDevice",2659034,2659034,6001,3219595928665009,3219595928665067
"HIP_RUNTIME_API_EXT","hipFree",2659034,2659034,6002,3219595928665546,3219595928666830
"HIP_RUNTIME_API_EXT","hipSetDevice",2659034,2659034,6003,3219595928667369,3219595928667423
"HIP_RUNTIME_API_EXT","hipFree",2659034,2659034,6004,3219595928667740,3219595928669073
"HIP_RUNTIME_API_EXT","hipSetDevice",2659034,2659034,6005,3219595928669533,3219595928669589
"HIP_RUNTIME_API_EXT","hipFree",2659034,2659034,6006,3219595928669900,3219595928671129
"HIP_RUNTIME_API_EXT","hipSetDevice",2659034,2659034,6007,3219595928671630,3219595928671684
"HIP_RUNTIME_API_EXT","hipFree",2659034,2659034,6008,3219595928672162,3219595928673253
"HIP_RUNTIME_API_EXT","hipSetDevice",2659034,2659034,6009,3219595928673853,3219595928673911
"HIP_RUNTIME_API_EXT","hipMalloc",2659034,2659034,6010,3219595928674244,3219595928675157
"HIP_RUNTIME_API_EXT","hipSetDevice",2659034,2659034,6011,3219595928675650,3219595928675705
"HIP_RUNTIME_API_EXT","hipLaunchKernel",2659034,2659034,6012,3219595928676256,3219595928680271
"HIP_RUNTIME_API_EXT","hipGetLastError",2659034,2659034,6013,3219595928680685,3219595928680734
"HIP_RUNTIME_API_EXT","hipSetDevice",2659034,2659034,6014,3219595928681093,3219595928681145
"HIP_RUNTIME_API_EXT","hipFree",2659034,2659034,6015,3219595928681587,3219595928692740
"HIP_RUNTIME_API_EXT","hipSetDevice",2659034,2659034,6016,3219595928693167,3219595928693222
"HIP_RUNTIME_API_EXT","hipFree",2659034,2659034,6017,3219595928693876,3219595928695145
"HIP_RUNTIME_API_EXT","hipSetDevice",2659034,2659034,6018,3219595928695813,3219595928695868
"HIP_RUNTIME_API_EXT","hipMalloc",2659034,2659034,6019,3219595928696370,3219595928697309
"HIP_RUNTIME_API_EXT","hipSetDevice",2659034,2659034,6020,3219595928697704,3219595928697759
"HIP_RUNTIME_API_EXT","hipLaunchKernel",2659034,2659034,6021,3219595928698391,3219595928702413
"HIP_RUNTIME_API_EXT","hipGetLastError",2659034,2659034,6022,3219595928702919,3219595928702963
"HIP_RUNTIME_API_EXT","hipSetDevice",2659034,2659034,6023,3219595928703687,3219595928703745
"HIP_RUNTIME_API_EXT","hipMalloc",2659034,2659034,6024,3219595928704271,3219595928705425
"HIP_RUNTIME_API_EXT","hipSetDevice",2659034,2659034,6025,3219595928705956,3219595928706010
"HIP_RUNTIME_API_EXT","hipLaunchKernel",2659034,2659034,6026,3219595928706527,3219595928719151
"HIP_RUNTIME_API_EXT","hipGetLastError",2659034,2659034,6027,3219595928719799,3219595928719849
"HIP_RUNTIME_API_EXT","hipSetDevice",2659034,2659034,6028,3219595928720632,3219595928720697
"HIP_RUNTIME_API_EXT","hipMalloc",2659034,2659034,6029,3219595928721031,3219595928722079
"HIP_RUNTIME_API_EXT","hipSetDevice",2659034,2659034,6030,3219595928722490,3219595928722546
"HIP_RUNTIME_API_EXT","hipLaunchKernel",2659034,2659034,6031,3219595928723099,3219595928727239
"HIP_RUNTIME_API_EXT","hipGetLastError",2659034,2659034,6032,3219595928727603,3219595928727646
"HIP_RUNTIME_API_EXT","hipSetDevice",2659034,2659034,6033,3219595928728168,3219595928728223
"HIP_RUNTIME_API_EXT","hipMalloc",2659034,2659034,6034,3219595928728652,3219595928730146
"HIP_RUNTIME_API_EXT","hipSetDevice",2659034,2659034,6035,3219595928730553,3219595928730610
"HIP_RUNTIME_API_EXT","hipLaunchKernel",2659034,2659034,6036,3219595928731112,3219595928735612
"HIP_RUNTIME_API_EXT","hipGetLastError",2659034,2659034,6037,3219595928736088,3219595928736133
"HIP_RUNTIME_API_EXT","hipSetDevice",2659034,2659034,6038,3219595928736464,3219595928736524
"HIP_RUNTIME_API_EXT","hipFree",2659034,2659034,6039,3219595928736855,3219595928751332
"HIP_RUNTIME_API_EXT","hipSetDevice",2659034,2659034,6040,3219595928752072,3219595928752130
"HIP_RUNTIME_API_EXT","hipFree",2659034,2659034,6041,3219595928752473,3219595928753550
"HIP_RUNTIME_API_EXT","hipSetDevice",2659034,2659034,6042,3219595928754097,3219595928754151
"HIP_RUNTIME_API_EXT","hipMalloc",2659034,2659034,6043,3219595928754615,3219595928755632
"HIP_RUNTIME_API_EXT","hipSetDevice",2659034,2659034,6044,3219595928755988,3219595928756042
"HIP_RUNTIME_API_EXT","hipLaunchKernel",2659034,2659034,6045,3219595928756753,3219595928760853
"HIP_RUNTIME_API_EXT","hipGetLastError",2659034,2659034,6046,3219595928761346,3219595928761391
"HIP_RUNTIME_API_EXT","hipSetDevice",2659034,2659034,6047,3219595928761943,3219595928761999
"HIP_RUNTIME_API_EXT","hipFree",2659034,2659034,6048,3219595928762495,3219595928788251
"HIP_RUNTIME_API_EXT","hipSetDevice",2659034,2659034,6049,3219595928789372,3219595928789426
"HIP_RUNTIME_API_EXT","hipMalloc",2659034,2659034,6050,3219595928789795,3219595928790879
"HIP_RUNTIME_API_EXT","hipSetDevice",2659034,2659034,6051,3219595928791341,3219595928791406
"HIP_RUNTIME_API_EXT","hipLaunchKernel",2659034,2659034,6052,3219595928791930,3219595928795519
"HIP_RUNTIME_API_EXT","hipGetLastError",2659034,2659034,6053,3219595928795919,3219595928795962
"HIP_RUNTIME_API_EXT","hipSetDevice",2659034,2659034,6054,3219595928796325,3219595928796386
"HIP_RUNTIME_API_EXT","hipFree",2659034,2659034,6055,3219595928796719,3219595928807728
"HIP_RUNTIME_API_EXT","hipSetDevice",2659034,2659034,6056,3219595928808450,3219595928808511
"HIP_RUNTIME_API_EXT","hipFree",2659034,2659034,6057,3219595928808886,3219595928809967
"HIP_RUNTIME_API_EXT","hipSetDevice",2659034,2659034,6058,3219595928810347,3219595928810400
"HIP_RUNTIME_API_EXT","hipFree",2659034,2659034,6059,3219595928810779,3219595928811969
"HIP_RUNTIME_API_EXT","hipSetDevice",2659034,2659034,6060,3219595928812338,3219595928812393
"HIP_RUNTIME_API_EXT","hipFree",2659034,2659034,6061,3219595928812828,3219595928814571
"HIP_RUNTIME_API_EXT","hipSetDevice",2659034,2659034,6062,3219595928815178,3219595928815231
"HIP_RUNTIME_API_EXT","hipMalloc",2659034,2659034,6063,3219595928815578,3219595928816485
"HIP_RUNTIME_API_EXT","hipSetDevice",2659034,2659034,6064,3219595928816858,3219595928816912
"HIP_RUNTIME_API_EXT","hipLaunchKernel",2659034,2659034,6065,3219595928817544,3219595928821274
"HIP_RUNTIME_API_EXT","hipGetLastError",2659034,2659034,6066,3219595928821674,3219595928821718
"HIP_RUNTIME_API_EXT","hipSetDevice",2659034,2659034,6067,3219595928822126,3219595928822186
"HIP_RUNTIME_API_EXT","hipFree",2659034,2659034,6068,3219595928822611,3219595928833985
"HIP_RUNTIME_API_EXT","hipSetDevice",2659034,2659034,6069,3219595928835354,3219595928835412
"HIP_RUNTIME_API_EXT","hipMalloc",2659034,2659034,6070,3219595928835943,3219595928836803
"HIP_RUNTIME_API_EXT","hipSetDevice",2659034,2659034,6071,3219595928837185,3219595928837245
"HIP_RUNTIME_API_EXT","hipLaunchKernel",2659034,2659034,6072,3219595928837746,3219595928841404
"HIP_RUNTIME_API_EXT","hipGetLastError",2659034,2659034,6073,3219595928841804,3219595928841847
"HIP_RUNTIME_API_EXT","hipSetDevice",2659034,2659034,6074,3219595928842531,3219595928842585
"HIP_RUNTIME_API_EXT","hipFree",2659034,2659034,6075,3219595928842939,3219595928860776
"HIP_RUNTIME_API_EXT","hipSetDevice",2659034,2659034,6076,3219595928861185,3219595928861243
"HIP_RUNTIME_API_EXT","hipFree",2659034,2659034,6077,3219595928862061,3219595928863242
"HIP_RUNTIME_API_EXT","hipSetDevice",2659034,2659034,6078,3219595928864180,3219595928864238
"HIP_RUNTIME_API_EXT","hipMemcpy",2659034,2659034,6079,3219595928864545,3219595928868438
"HIP_RUNTIME_API_EXT","hipSetDevice",2659034,2659034,6080,3219595928868832,3219595928868895
"HIP_RUNTIME_API_EXT","hipMemcpy",2659034,2659034,6081,3219595928869325,3219595928872999
"HIP_RUNTIME_API_EXT","hipSetDevice",2659034,2659034,6082,3219595928873483,3219595928873545
"HIP_RUNTIME_API_EXT","hipMemcpy",2659034,2659034,6083,3219595928873969,3219595928877886
"HIP_RUNTIME_API_EXT","hipSetDevice",2659034,2659034,6084,3219595928878322,3219595928878385
"HIP_RUNTIME_API_EXT","hipMemcpy",2659034,2659034,6085,3219595928878718,3219595928882733
"HIP_RUNTIME_API_EXT","hipSetDevice",2659034,2659034,6086,3219595928883481,3219595928883543
"HIP_RUNTIME_API_EXT","hipMemcpy",2659034,2659034,6087,3219595928883853,3219595928887952
"HIP_RUNTIME_API_EXT","hipSetDevice",2659034,2659034,6088,3219595928888481,3219595928888539
"HIP_RUNTIME_API_EXT","hipMemcpy",2659034,2659034,6089,3219595928888888,3219595928892885
"HIP_RUNTIME_API_EXT","hipSetDevice",2659034,2659034,6090,3219595928893298,3219595928893369
"HIP_RUNTIME_API_EXT","hipMemcpy",2659034,2659034,6091,3219595928893895,3219595928898184
"HIP_RUNTIME_API_EXT","hipSetDevice",2659034,2659034,6092,3219595928898688,3219595928898743
"HIP_RUNTIME_API_EXT","hipMemcpy",2659034,2659034,6093,3219595928899105,3219595928903871
"HIP_RUNTIME_API_EXT","hipSetDevice",2659034,2659034,6094,3219595928904285,3219595928904344
"HIP_RUNTIME_API_EXT","hipFree",2659034,2659034,6095,3219595928904672,3219595928918756
"HIP_RUNTIME_API_EXT","hipSetDevice",2659034,2659034,6096,3219595928919426,3219595928919485
"HIP_RUNTIME_API_EXT","hipFree",2659034,2659034,6097,3219595928919808,3219595928921170
"HIP_RUNTIME_API_EXT","hipSetDevice",2659034,2659034,6098,3219595928921706,3219595928921760
"HIP_RUNTIME_API_EXT","hipFree",2659034,2659034,6099,3219595928922157,3219595928923756
"HIP_RUNTIME_API_EXT","hipSetDevice",2659034,2659034,6100,3219595928924117,3219595928924171
"HIP_RUNTIME_API_EXT","hipFree",2659034,2659034,6101,3219595928924503,3219595928925590
"HIP_RUNTIME_API_EXT","hipSetDevice",2659034,2659034,6102,3219595928926105,3219595928926164
"HIP_RUNTIME_API_EXT","hipMemcpy",2659034,2659034,6103,3219595928926477,3219595928931405
"HIP_RUNTIME_API_EXT","hipSetDevice",2659034,2659034,6104,3219595928931786,3219595928931844
"HIP_RUNTIME_API_EXT","hipFree",2659034,2659034,6105,3219595928932163,3219595928943404
"HIP_RUNTIME_API_EXT","hipSetDevice",2659034,2659034,6106,3219595928944670,3219595928944730
"HIP_RUNTIME_API_EXT","hipMalloc",2659034,2659034,6107,3219595928945068,3219595928946071
"HIP_RUNTIME_API_EXT","hipSetDevice",2659034,2659034,6108,3219595928946479,3219595928946538
"HIP_RUNTIME_API_EXT","hipMemcpy",2659034,2659034,6109,3219595928946844,3219595928963549
"HIP_RUNTIME_API_EXT","hipSetDevice",2659034,2659034,6110,3219595928964704,3219595928964766
"HIP_RUNTIME_API_EXT","hipMalloc",2659034,2659034,6111,3219595928965104,3219595928966154
"HIP_RUNTIME_API_EXT","hipSetDevice",2659034,2659034,6112,3219595928966578,3219595928966633
"HIP_RUNTIME_API_EXT","hipLaunchKernel",2659034,2659034,6113,3219595928967175,3219595928970801
"HIP_RUNTIME_API_EXT","hipGetLastError",2659034,2659034,6114,3219595928971346,3219595928971390
"HIP_RUNTIME_API_EXT","hipSetDevice",2659034,2659034,6115,3219595928971850,3219595928971910
"HIP_RUNTIME_API_EXT","hipMalloc",2659034,2659034,6116,3219595928972230,3219595928973302
"HIP_RUNTIME_API_EXT","hipSetDevice",2659034,2659034,6117,3219595928974136,3219595928974194
"HIP_RUNTIME_API_EXT","hipLaunchKernel",2659034,2659034,6118,3219595928974874,3219595928978049
"HIP_RUNTIME_API_EXT","hipGetLastError",2659034,2659034,6119,3219595928978859,3219595928978902
"HIP_RUNTIME_API_EXT","hipSetDevice",2659034,2659034,6120,3219595928979890,3219595928979950
"HIP_RUNTIME_API_EXT","hipMalloc",2659034,2659034,6121,3219595928980286,3219595928981457
"HIP_RUNTIME_API_EXT","hipSetDevice",2659034,2659034,6122,3219595928981918,3219595928981974
"HIP_RUNTIME_API_EXT","hipLaunchKernel",2659034,2659034,6123,3219595928982650,3219595928986217
"HIP_RUNTIME_API_EXT","hipGetLastError",2659034,2659034,6124,3219595928986670,3219595928986717
"HIP_RUNTIME_API_EXT","hipSetDevice",2659034,2659034,6125,3219595928987716,3219595928987775
"HIP_RUNTIME_API_EXT","hipMalloc",2659034,2659034,6126,3219595928988110,3219595928989508
"HIP_RUNTIME_API_EXT","hipSetDevice",2659034,2659034,6127,3219595928990010,3219595928990066
"HIP_RUNTIME_API_EXT","hipLaunchKernel",2659034,2659034,6128,3219595928990597,3219595928994178
"HIP_RUNTIME_API_EXT","hipGetLastError",2659034,2659034,6129,3219595928994653,3219595928994704
"HIP_RUNTIME_API_EXT","hipSetDevice",2659034,2659034,6130,3219595928995694,3219595928995751
"HIP_RUNTIME_API_EXT","hipMalloc",2659034,2659034,6131,3219595928996197,3219595928997299
"HIP_RUNTIME_API_EXT","hipSetDevice",2659034,2659034,6132,3219595928997700,3219595928997756
"HIP_RUNTIME_API_EXT","hipLaunchKernel",2659034,2659034,6133,3219595928998251,3219595929003450
"HIP_RUNTIME_API_EXT","hipGetLastError",2659034,2659034,6134,3219595929003850,3219595929003897
"HIP_RUNTIME_API_EXT","hipSetDevice",2659034,2659034,6135,3219595929004852,3219595929004914
"HIP_RUNTIME_API_EXT","hipMalloc",2659034,2659034,6136,3219595929005245,3219595929006790
"HIP_RUNTIME_API_EXT","hipSetDevice",2659034,2659034,6137,3219595929007191,3219595929007253
"HIP_RUNTIME_API_EXT","hipLaunchKernel",2659034,2659034,6138,3219595929008015,3219595929012593
"HIP_RUNTIME_API_EXT","hipGetLastError",2659034,2659034,6139,3219595929013148,3219595929013190
"HIP_RUNTIME_API_EXT","hipSetDevice",2659034,2659034,6140,3219595929013841,3219595929013903
"HIP_RUNTIME_API_EXT","hipMalloc",2659034,2659034,6141,3219595929014367,3219595929015710
"HIP_RUNTIME_API_EXT","hipSetDevice",2659034,2659034,6142,3219595929016081,3219595929016140
"HIP_RUNTIME_API_EXT","hipLaunchKernel",2659034,2659034,6143,3219595929016642,3219595929021797
"HIP_RUNTIME_API_EXT","hipGetLastError",2659034,2659034,6144,3219595929022261,3219595929022312
"HIP_RUNTIME_API_EXT","hipSetDevice",2659034,2659034,6145,3219595929031356,3219595929031483
"HIP_RUNTIME_API_EXT","hipMalloc",2659034,2659034,6146,3219595929032047,3219595929033949
"HIP_RUNTIME_API_EXT","hipSetDevice",2659034,2659034,6147,3219595929034447,3219595929034509
"HIP_RUNTIME_API_EXT","hipLaunchKernel",2659034,2659034,6148,3219595929035169,3219595929039270
"HIP_RUNTIME_API_EXT","hipGetLastError",2659034,2659034,6149,3219595929039702,3219595929039792
"HIP_RUNTIME_API_EXT","hipSetDevice",2659034,2659034,6150,3219595929040289,3219595929040349
"HIP_RUNTIME_API_EXT","hipMalloc",2659034,2659034,6151,3219595929040684,3219595929041940
"HIP_RUNTIME_API_EXT","hipSetDevice",2659034,2659034,6152,3219595929042333,3219595929042390
"HIP_RUNTIME_API_EXT","hipLaunchKernel",2659034,2659034,6153,3219595929042903,3219595929046139
"HIP_RUNTIME_API_EXT","hipGetLastError",2659034,2659034,6154,3219595929046557,3219595929046600
"HIP_RUNTIME_API_EXT","hipSetDevice",2659034,2659034,6155,3219595929046973,3219595929047028
"HIP_RUNTIME_API_EXT","hipFree",2659034,2659034,6156,3219595929047428,3219595929063632
"HIP_RUNTIME_API_EXT","hipSetDevice",2659034,2659034,6157,3219595929065856,3219595929065926
"HIP_RUNTIME_API_EXT","hipMalloc",2659034,2659034,6158,3219595929066314,3219595929067314
"HIP_RUNTIME_API_EXT","hipSetDevice",2659034,2659034,6159,3219595929067833,3219595929067889
"HIP_RUNTIME_API_EXT","hipLaunchKernel",2659034,2659034,6160,3219595929068484,3219595929072408
"HIP_RUNTIME_API_EXT","hipGetLastError",2659034,2659034,6161,3219595929072863,3219595929072905
"HIP_RUNTIME_API_EXT","hipSetDevice",2659034,2659034,6162,3219595929073470,3219595929073533
"HIP_RUNTIME_API_EXT","hipFree",2659034,2659034,6163,3219595929074093,3219595929085541
"HIP_RUNTIME_API_EXT","hipSetDevice",2659034,2659034,6164,3219595929086570,3219595929086630
"HIP_RUNTIME_API_EXT","hipMalloc",2659034,2659034,6165,3219595929086959,3219595929088060
"HIP_RUNTIME_API_EXT","hipSetDevice",2659034,2659034,6166,3219595929088572,3219595929088629
"HIP_RUNTIME_API_EXT","hipMemcpy",2659034,2659034,6167,3219595929088974,3219595929093376
"HIP_RUNTIME_API_EXT","hipSetDevice",2659034,2659034,6168,3219595929093819,3219595929093883
"HIP_RUNTIME_API_EXT","hipMemcpy",2659034,2659034,6169,3219595929094226,3219595929097664
"HIP_RUNTIME_API_EXT","hipSetDevice",2659034,2659034,6170,3219595929098303,3219595929098365
"HIP_RUNTIME_API_EXT","hipMalloc",2659034,2659034,6171,3219595929098698,3219595929099843
"HIP_RUNTIME_API_EXT","hipSetDevice",2659034,2659034,6172,3219595929101416,3219595929101481
"HIP_RUNTIME_API_EXT","hipMemcpy",2659034,2659034,6173,3219595929101789,3219595929113697
"HIP_RUNTIME_API_EXT","hipSetDevice",2659034,2659034,6174,3219595929114242,3219595929114344
"HIP_RUNTIME_API_EXT","hipMemcpy",2659034,2659034,6175,3219595929114982,3219595929119597
"HIP_RUNTIME_API_EXT","hipSetDevice",2659034,2659034,6176,3219595929120159,3219595929120228
"HIP_RUNTIME_API_EXT","hipMalloc",2659034,2659034,6177,3219595929120609,3219595929122329
"HIP_RUNTIME_API_EXT","hipSetDevice",2659034,2659034,6178,3219595929122706,3219595929122762
"HIP_RUNTIME_API_EXT","hipLaunchKernel",2659034,2659034,6179,3219595929123511,3219595929128574
"HIP_RUNTIME_API_EXT","hipGetLastError",2659034,2659034,6180,3219595929128987,3219595929129132
"HIP_RUNTIME_API_EXT","hipSetDevice",2659034,2659034,6181,3219595929129960,3219595929130020
"HIP_RUNTIME_API_EXT","hipMalloc",2659034,2659034,6182,3219595929130402,3219595929131737
"HIP_RUNTIME_API_EXT","hipSetDevice",2659034,2659034,6183,3219595929132220,3219595929132276
"HIP_RUNTIME_API_EXT","hipLaunchKernel",2659034,2659034,6184,3219595929132882,3219595929145419
"HIP_RUNTIME_API_EXT","hipGetLastError",2659034,2659034,6185,3219595929145848,3219595929145890
"HIP_RUNTIME_API_EXT","hipSetDevice",2659034,2659034,6186,3219595929146528,3219595929146585
"HIP_RUNTIME_API_EXT","hipFree",2659034,2659034,6187,3219595929147057,3219595929159031
"HIP_RUNTIME_API_EXT","hipSetDevice",2659034,2659034,6188,3219595929159735,3219595929159792
"HIP_RUNTIME_API_EXT","hipMalloc",2659034,2659034,6189,3219595929160115,3219595929160915
"HIP_RUNTIME_API_EXT","hipSetDevice",2659034,2659034,6190,3219595929161359,3219595929161417
"HIP_RUNTIME_API_EXT","hipLaunchKernel",2659034,2659034,6191,3219595929162135,3219595929166150
"HIP_RUNTIME_API_EXT","hipGetLastError",2659034,2659034,6192,3219595929166575,3219595929166627
"HIP_RUNTIME_API_EXT","hipSetDevice",2659034,2659034,6193,3219595929167154,3219595929167210
"HIP_RUNTIME_API_EXT","hipFree",2659034,2659034,6194,3219595929167549,3219595929185653
"HIP_RUNTIME_API_EXT","hipSetDevice",2659034,2659034,6195,3219595929186228,3219595929186287
"HIP_RUNTIME_API_EXT","hipFree",2659034,2659034,6196,3219595929186602,3219595929187844
"HIP_RUNTIME_API_EXT","hipSetDevice",2659034,2659034,6197,3219595929188205,3219595929188259
"HIP_RUNTIME_API_EXT","hipFree",2659034,2659034,6198,3219595929188755,3219595929189737
"HIP_RUNTIME_API_EXT","hipSetDevice",2659034,2659034,6199,3219595929190185,3219595929190242
"HIP_RUNTIME_API_EXT","hipFree",2659034,2659034,6200,3219595929190742,3219595929191705
"HIP_RUNTIME_API_EXT","hipSetDevice",2659034,2659034,6201,3219595929192119,3219595929192175
"HIP_RUNTIME_API_EXT","hipFree",2659034,2659034,6202,3219595929192479,3219595929193676
"HIP_RUNTIME_API_EXT","hipSetDevice",2659034,2659034,6203,3219595929194205,3219595929194262
"HIP_RUNTIME_API_EXT","hipFree",2659034,2659034,6204,3219595929194562,3219595929195556
"HIP_RUNTIME_API_EXT","hipSetDevice",2659034,2659034,6205,3219595929195922,3219595929195975
"HIP_RUNTIME_API_EXT","hipFree",2659034,2659034,6206,3219595929196278,3219595929197255
"HIP_RUNTIME_API_EXT","hipSetDevice",2659034,2659034,6207,3219595929198000,3219595929198060
"HIP_RUNTIME_API_EXT","hipMalloc",2659034,2659034,6208,3219595929198429,3219595929199333
"HIP_RUNTIME_API_EXT","hipSetDevice",2659034,2659034,6209,3219595929199863,3219595929199925
"HIP_RUNTIME_API_EXT","hipLaunchKernel",2659034,2659034,6210,3219595929200591,3219595929204698
"HIP_RUNTIME_API_EXT","hipGetLastError",2659034,2659034,6211,3219595929205188,3219595929205233
"HIP_RUNTIME_API_EXT","hipSetDevice",2659034,2659034,6212,3219595929205625,3219595929205684
"HIP_RUNTIME_API_EXT","hipFree",2659034,2659034,6213,3219595929206033,3219595929217396
"HIP_RUNTIME_API_EXT","hipSetDevice",2659034,2659034,6214,3219595929217854,3219595929217916
"HIP_RUNTIME_API_EXT","hipFree",2659034,2659034,6215,3219595929218470,3219595929219814
"HIP_RUNTIME_API_EXT","hipSetDevice",2659034,2659034,6216,3219595929220553,3219595929220608
"HIP_RUNTIME_API_EXT","hipMalloc",2659034,2659034,6217,3219595929220968,3219595929221974
"HIP_RUNTIME_API_EXT","hipSetDevice",2659034,2659034,6218,3219595929222464,3219595929222526
"HIP_RUNTIME_API_EXT","hipLaunchKernel",2659034,2659034,6219,3219595929223174,3219595929226919
"HIP_RUNTIME_API_EXT","hipGetLastError",2659034,2659034,6220,3219595929227358,3219595929227401
"HIP_RUNTIME_API_EXT","hipSetDevice",2659034,2659034,6221,3219595929228200,3219595929228258
"HIP_RUNTIME_API_EXT","hipMalloc",2659034,2659034,6222,3219595929228585,3219595929229504
"HIP_RUNTIME_API_EXT","hipSetDevice",2659034,2659034,6223,3219595929229928,3219595929229984
"HIP_RUNTIME_API_EXT","hipLaunchKernel",2659034,2659034,6224,3219595929230574,3219595929234041
"HIP_RUNTIME_API_EXT","hipGetLastError",2659034,2659034,6225,3219595929234455,3219595929234497
"HIP_RUNTIME_API_EXT","hipSetDevice",2659034,2659034,6226,3219595929235282,3219595929235341
"HIP_RUNTIME_API_EXT","hipMalloc",2659034,2659034,6227,3219595929235994,3219595929237184
"HIP_RUNTIME_API_EXT","hipSetDevice",2659034,2659034,6228,3219595929237627,3219595929237681
"HIP_RUNTIME_API_EXT","hipLaunchKernel",2659034,2659034,6229,3219595929238248,3219595929242327
"HIP_RUNTIME_API_EXT","hipGetLastError",2659034,2659034,6230,3219595929242947,3219595929243046
"HIP_RUNTIME_API_EXT","hipSetDevice",2659034,2659034,6231,3219595929243780,3219595929243838
"HIP_RUNTIME_API_EXT","hipMalloc",2659034,2659034,6232,3219595929244178,3219595929245463
"HIP_RUNTIME_API_EXT","hipSetDevice",2659034,2659034,6233,3219595929245867,3219595929245921
"HIP_RUNTIME_API_EXT","hipLaunchKernel",2659034,2659034,6234,3219595929246554,3219595929251435
"HIP_RUNTIME_API_EXT","hipGetLastError",2659034,2659034,6235,3219595929251955,3219595929251998
"HIP_RUNTIME_API_EXT","hipSetDevice",2659034,2659034,6236,3219595929252354,3219595929252411
"HIP_RUNTIME_API_EXT","hipFree",2659034,2659034,6237,3219595929252753,3219595929266346
"HIP_RUNTIME_API_EXT","hipSetDevice",2659034,2659034,6238,3219595929266720,3219595929266782
"HIP_RUNTIME_API_EXT","hipFree",2659034,2659034,6239,3219595929267541,3219595929268531
"HIP_RUNTIME_API_EXT","hipSetDevice",2659034,2659034,6240,3219595929269101,3219595929269158
"HIP_RUNTIME_API_EXT","hipMalloc",2659034,2659034,6241,3219595929269591,3219595929270544
"HIP_RUNTIME_API_EXT","hipSetDevice",2659034,2659034,6242,3219595929270915,3219595929270972
"HIP_RUNTIME_API_EXT","hipLaunchKernel",2659034,2659034,6243,3219595929271483,3219595929274961
"HIP_RUNTIME_API_EXT","hipGetLastError",2659034,2659034,6244,3219595929275547,3219595929275592
"HIP_RUNTIME_API_EXT","hipSetDevice",2659034,2659034,6245,3219595929276151,3219595929276208
"HIP_RUNTIME_API_EXT","hipFree",2659034,2659034,6246,3219595929276545,3219595929302241
"HIP_RUNTIME_API_EXT","hipSetDevice",2659034,2659034,6247,3219595929303098,3219595929303157
"HIP_RUNTIME_API_EXT","hipMalloc",2659034,2659034,6248,3219595929303481,3219595929304307
"HIP_RUNTIME_API_EXT","hipSetDevice",2659034,2659034,6249,3219595929304679,3219595929304734
"HIP_RUNTIME_API_EXT","hipLaunchKernel",2659034,2659034,6250,3219595929305374,3219595929308899
"HIP_RUNTIME_API_EXT","hipGetLastError",2659034,2659034,6251,3219595929309481,3219595929309533
"HIP_RUNTIME_API_EXT","hipSetDevice",2659034,2659034,6252,3219595929309914,3219595929309975
"HIP_RUNTIME_API_EXT","hipFree",2659034,2659034,6253,3219595929310340,3219595929321213
"HIP_RUNTIME_API_EXT","hipSetDevice",2659034,2659034,6254,3219595929321734,3219595929321796
"HIP_RUNTIME_API_EXT","hipFree",2659034,2659034,6255,3219595929322350,3219595929323194
"HIP_RUNTIME_API_EXT","hipSetDevice",2659034,2659034,6256,3219595929323567,3219595929323625
"HIP_RUNTIME_API_EXT","hipFree",2659034,2659034,6257,3219595929323950,3219595929324920
"HIP_RUNTIME_API_EXT","hipSetDevice",2659034,2659034,6258,3219595929325271,3219595929325326
"HIP_RUNTIME_API_EXT","hipFree",2659034,2659034,6259,3219595929325652,3219595929326786
"HIP_RUNTIME_API_EXT","hipSetDevice",2659034,2659034,6260,3219595929327359,3219595929327412
"HIP_RUNTIME_API_EXT","hipMalloc",2659034,2659034,6261,3219595929327767,3219595929328716
"HIP_RUNTIME_API_EXT","hipSetDevice",2659034,2659034,6262,3219595929329169,3219595929329226
"HIP_RUNTIME_API_EXT","hipLaunchKernel",2659034,2659034,6263,3219595929329787,3219595929333464
"HIP_RUNTIME_API_EXT","hipGetLastError",2659034,2659034,6264,3219595929333886,3219595929333927
"HIP_RUNTIME_API_EXT","hipSetDevice",2659034,2659034,6265,3219595929334726,3219595929334782
"HIP_RUNTIME_API_EXT","hipMalloc",2659034,2659034,6266,3219595929335114,3219595929336046
"HIP_RUNTIME_API_EXT","hipSetDevice",2659034,2659034,6267,3219595929336443,3219595929336495
"HIP_RUNTIME_API_EXT","hipLaunchKernel",2659034,2659034,6268,3219595929337013,3219595929340204
"HIP_RUNTIME_API_EXT","hipGetLastError",2659034,2659034,6269,3219595929340631,3219595929340673
"HIP_RUNTIME_API_EXT","hipSetDevice",2659034,2659034,6270,3219595929341437,3219595929341493
"HIP_RUNTIME_API_EXT","hipMalloc",2659034,2659034,6271,3219595929342149,3219595929343387
"HIP_RUNTIME_API_EXT","hipSetDevice",2659034,2659034,6272,3219595929343782,3219595929343836
"HIP_RUNTIME_API_EXT","hipLaunchKernel",2659034,2659034,6273,3219595929344493,3219595929347844
"HIP_RUNTIME_API_EXT","hipGetLastError",2659034,2659034,6274,3219595929348245,3219595929348289
"HIP_RUNTIME_API_EXT","hipSetDevice",2659034,2659034,6275,3219595929349072,3219595929349129
"HIP_RUNTIME_API_EXT","hipMalloc",2659034,2659034,6276,3219595929349509,3219595929350657
"HIP_RUNTIME_API_EXT","hipSetDevice",2659034,2659034,6277,3219595929351100,3219595929351155
"HIP_RUNTIME_API_EXT","hipLaunchKernel",2659034,2659034,6278,3219595929351667,3219595929355100
"HIP_RUNTIME_API_EXT","hipGetLastError",2659034,2659034,6279,3219595929355768,3219595929355812
"HIP_RUNTIME_API_EXT","hipSetDevice",2659034,2659034,6280,3219595929356906,3219595929356964
"HIP_RUNTIME_API_EXT","hipMalloc",2659034,2659034,6281,3219595929357295,3219595929358533
"HIP_RUNTIME_API_EXT","hipSetDevice",2659034,2659034,6282,3219595929358910,3219595929358963
"HIP_RUNTIME_API_EXT","hipLaunchKernel",2659034,2659034,6283,3219595929359438,3219595929363187
"HIP_RUNTIME_API_EXT","hipGetLastError",2659034,2659034,6284,3219595929363573,3219595929363615
"HIP_RUNTIME_API_EXT","hipSetDevice",2659034,2659034,6285,3219595929365526,3219595929365587
"HIP_RUNTIME_API_EXT","hipMalloc",2659034,2659034,6286,3219595929365959,3219595929367260
"HIP_RUNTIME_API_EXT","hipSetDevice",2659034,2659034,6287,3219595929367806,3219595929367866
"HIP_RUNTIME_API_EXT","hipLaunchKernel",2659034,2659034,6288,3219595929368354,3219595929372101
"HIP_RUNTIME_API_EXT","hipGetLastError",2659034,2659034,6289,3219595929372484,3219595929372526
"HIP_RUNTIME_API_EXT","hipSetDevice",2659034,2659034,6290,3219595929373533,3219595929373593
"HIP_RUNTIME_API_EXT","hipMalloc",2659034,2659034,6291,3219595929373914,3219595929375126
"HIP_RUNTIME_API_EXT","hipSetDevice",2659034,2659034,6292,3219595929375692,3219595929375750
"HIP_RUNTIME_API_EXT","hipLaunchKernel",2659034,2659034,6293,3219595929376260,3219595929380090
"HIP_RUNTIME_API_EXT","hipGetLastError",2659034,2659034,6294,3219595929380490,3219595929380532
"HIP_RUNTIME_API_EXT","hipSetDevice",2659034,2659034,6295,3219595929381025,3219595929381085
"HIP_RUNTIME_API_EXT","hipMalloc",2659034,2659034,6296,3219595929382893,3219595929384873
"HIP_RUNTIME_API_EXT","hipSetDevice",2659034,2659034,6297,3219595929385280,3219595929385340
"HIP_RUNTIME_API_EXT","hipLaunchKernel",2659034,2659034,6298,3219595929385860,3219595929389931
"HIP_RUNTIME_API_EXT","hipGetLastError",2659034,2659034,6299,3219595929390355,3219595929390405
"HIP_RUNTIME_API_EXT","hipSetDevice",2659034,2659034,6300,3219595929390860,3219595929390915
"HIP_RUNTIME_API_EXT","hipFree",2659034,2659034,6301,3219595929393095,3219595929406691
"HIP_RUNTIME_API_EXT","hipSetDevice",2659034,2659034,6302,3219595929408767,3219595929408833
"HIP_RUNTIME_API_EXT","hipMalloc",2659034,2659034,6303,3219595929409301,3219595929410790
"HIP_RUNTIME_API_EXT","hipSetDevice",2659034,2659034,6304,3219595929411284,3219595929411340
"HIP_RUNTIME_API_EXT","hipLaunchKernel",2659034,2659034,6305,3219595929411991,3219595929421690
"HIP_RUNTIME_API_EXT","hipGetLastError",2659034,2659034,6306,3219595929422147,3219595929422252
"HIP_RUNTIME_API_EXT","hipSetDevice",2659034,2659034,6307,3219595929423365,3219595929423426
"HIP_RUNTIME_API_EXT","hipFree",2659034,2659034,6308,3219595929424061,3219595929435705
"HIP_RUNTIME_API_EXT","hipSetDevice",2659034,2659034,6309,3219595929437233,3219595929437292
"HIP_RUNTIME_API_EXT","hipMalloc",2659034,2659034,6310,3219595929437776,3219595929438969
"HIP_RUNTIME_API_EXT","hipSetDevice",2659034,2659034,6311,3219595929439923,3219595929439981
"HIP_RUNTIME_API_EXT","hipMemcpy",2659034,2659034,6312,3219595929440546,3219595929459493
"HIP_RUNTIME_API_EXT","hipSetDevice",2659034,2659034,6313,3219595929460075,3219595929460142
"HIP_RUNTIME_API_EXT","hipMemcpy",2659034,2659034,6314,3219595929460602,3219595929473273
"HIP_RUNTIME_API_EXT","hipSetDevice",2659034,2659034,6315,3219595929474301,3219595929474370
"HIP_RUNTIME_API_EXT","hipMalloc",2659034,2659034,6316,3219595929474856,3219595929476409
"HIP_RUNTIME_API_EXT","hipSetDevice",2659034,2659034,6317,3219595929476957,3219595929477015
"HIP_RUNTIME_API_EXT","hipMemcpy",2659034,2659034,6318,3219595929477973,3219595929482592
"HIP_RUNTIME_API_EXT","hipSetDevice",2659034,2659034,6319,3219595929483021,3219595929483081
"HIP_RUNTIME_API_EXT","hipMemcpy",2659034,2659034,6320,3219595929483401,3219595929487092
"HIP_RUNTIME_API_EXT","hipSetDevice",2659034,2659034,6321,3219595929487552,3219595929487622
"HIP_RUNTIME_API_EXT","hipMalloc",2659034,2659034,6322,3219595929488213,3219595929489458
"HIP_RUNTIME_API_EXT","hipSetDevice",2659034,2659034,6323,3219595929490269,3219595929490328
"HIP_RUNTIME_API_EXT","hipLaunchKernel",2659034,2659034,6324,3219595929491012,3219595929496529
"HIP_RUNTIME_API_EXT","hipGetLastError",2659034,2659034,6325,3219595929497085,3219595929497129
"HIP_RUNTIME_API_EXT","hipSetDevice",2659034,2659034,6326,3219595929497774,3219595929497832
"HIP_RUNTIME_API_EXT","hipMalloc",2659034,2659034,6327,3219595929498319,3219595929499522
"HIP_RUNTIME_API_EXT","hipSetDevice",2659034,2659034,6328,3219595929500062,3219595929500118
"HIP_RUNTIME_API_EXT","hipLaunchKernel",2659034,2659034,6329,3219595929500733,3219595929504955
"HIP_RUNTIME_API_EXT","hipGetLastError",2659034,2659034,6330,3219595929505571,3219595929505612
"HIP_RUNTIME_API_EXT","hipSetDevice",2659034,2659034,6331,3219595929506141,3219595929506197
"HIP_RUNTIME_API_EXT","hipFree",2659034,2659034,6332,3219595929506599,3219595929519737
"HIP_RUNTIME_API_EXT","hipSetDevice",2659034,2659034,6333,3219595929520331,3219595929520414
"HIP_RUNTIME_API_EXT","hipMalloc",2659034,2659034,6334,3219595929520911,3219595929521698
"HIP_RUNTIME_API_EXT","hipSetDevice",2659034,2659034,6335,3219595929522171,3219595929522230
"HIP_RUNTIME_API_EXT","hipLaunchKernel",2659034,2659034,6336,3219595929522878,3219595929527393
"HIP_RUNTIME_API_EXT","hipGetLastError",2659034,2659034,6337,3219595929527991,3219595929528034
"HIP_RUNTIME_API_EXT","hipSetDevice",2659034,2659034,6338,3219595929528709,3219595929528764
"HIP_RUNTIME_API_EXT","hipFree",2659034,2659034,6339,3219595929529101,3219595929546658
"HIP_RUNTIME_API_EXT","hipSetDevice",2659034,2659034,6340,3219595929547111,3219595929547169
"HIP_RUNTIME_API_EXT","hipFree",2659034,2659034,6341,3219595929547487,3219595929548552
"HIP_RUNTIME_API_EXT","hipSetDevice",2659034,2659034,6342,3219595929549034,3219595929549088
"HIP_RUNTIME_API_EXT","hipFree",2659034,2659034,6343,3219595929549598,3219595929550570
"HIP_RUNTIME_API_EXT","hipSetDevice",2659034,2659034,6344,3219595929550910,3219595929550964
"HIP_RUNTIME_API_EXT","hipFree",2659034,2659034,6345,3219595929551505,3219595929552945
"HIP_RUNTIME_API_EXT","hipSetDevice",2659034,2659034,6346,3219595929553481,3219595929553536
"HIP_RUNTIME_API_EXT","hipFree",2659034,2659034,6347,3219595929553853,3219595929555064
"HIP_RUNTIME_API_EXT","hipSetDevice",2659034,2659034,6348,3219595929555658,3219595929555714
"HIP_RUNTIME_API_EXT","hipFree",2659034,2659034,6349,3219595929556117,3219595929557390
"HIP_RUNTIME_API_EXT","hipSetDevice",2659034,2659034,6350,3219595929558076,3219595929558131
"HIP_RUNTIME_API_EXT","hipFree",2659034,2659034,6351,3219595929558687,3219595929559967
"HIP_RUNTIME_API_EXT","hipSetDevice",2659034,2659034,6352,3219595929560609,3219595929560670
"HIP_RUNTIME_API_EXT","hipMalloc",2659034,2659034,6353,3219595929561000,3219595929561860
"HIP_RUNTIME_API_EXT","hipSetDevice",2659034,2659034,6354,3219595929562400,3219595929562454
"HIP_RUNTIME_API_EXT","hipLaunchKernel",2659034,2659034,6355,3219595929563011,3219595929567022
"HIP_RUNTIME_API_EXT","hipGetLastError",2659034,2659034,6356,3219595929567440,3219595929567489
"HIP_RUNTIME_API_EXT","hipSetDevice",2659034,2659034,6357,3219595929567865,3219595929567929
"HIP_RUNTIME_API_EXT","hipFree",2659034,2659034,6358,3219595929568421,3219595929579452
"HIP_RUNTIME_API_EXT","hipSetDevice",2659034,2659034,6359,3219595929579851,3219595929579912
"HIP_RUNTIME_API_EXT","hipFree",2659034,2659034,6360,3219595929580449,3219595929581643
"HIP_RUNTIME_API_EXT","hipSetDevice",2659034,2659034,6361,3219595929582211,3219595929582266
"HIP_RUNTIME_API_EXT","hipMalloc",2659034,2659034,6362,3219595929582760,3219595929583764
"HIP_RUNTIME_API_EXT","hipSetDevice",2659034,2659034,6363,3219595929584328,3219595929584385
"HIP_RUNTIME_API_EXT","hipLaunchKernel",2659034,2659034,6364,3219595929584947,3219595929588745
"HIP_RUNTIME_API_EXT","hipGetLastError",2659034,2659034,6365,3219595929589141,3219595929589243
"HIP_RUNTIME_API_EXT","hipSetDevice",2659034,2659034,6366,3219595929590054,3219595929590105
"HIP_RUNTIME_API_EXT","hipMalloc",2659034,2659034,6367,3219595929590442,3219595929591471
"HIP_RUNTIME_API_EXT","hipSetDevice",2659034,2659034,6368,3219595929591844,3219595929591898
"HIP_RUNTIME_API_EXT","hipLaunchKernel",2659034,2659034,6369,3219595929592518,3219595929595998
"HIP_RUNTIME_API_EXT","hipGetLastError",2659034,2659034,6370,3219595929596519,3219595929596561
"HIP_RUNTIME_API_EXT","hipSetDevice",2659034,2659034,6371,3219595929597737,3219595929597798
"HIP_RUNTIME_API_EXT","hipMalloc",2659034,2659034,6372,3219595929598273,3219595929599500
"HIP_RUNTIME_API_EXT","hipSetDevice",2659034,2659034,6373,3219595929599964,3219595929600023
"HIP_RUNTIME_API_EXT","hipLaunchKernel",2659034,2659034,6374,3219595929600820,3219595929604485
"HIP_RUNTIME_API_EXT","hipGetLastError",2659034,2659034,6375,3219595929605064,3219595929605115
"HIP_RUNTIME_API_EXT","hipSetDevice",2659034,2659034,6376,3219595929605727,3219595929605781
"HIP_RUNTIME_API_EXT","hipMalloc",2659034,2659034,6377,3219595929606110,3219595929607409
"HIP_RUNTIME_API_EXT","hipSetDevice",2659034,2659034,6378,3219595929607959,3219595929608019
"HIP_RUNTIME_API_EXT","hipLaunchKernel",2659034,2659034,6379,3219595929608627,3219595929612499
"HIP_RUNTIME_API_EXT","hipGetLastError",2659034,2659034,6380,3219595929612919,3219595929612971
"HIP_RUNTIME_API_EXT","hipSetDevice",2659034,2659034,6381,3219595929613317,3219595929613374
"HIP_RUNTIME_API_EXT","hipFree",2659034,2659034,6382,3219595929613715,3219595929628566
"HIP_RUNTIME_API_EXT","hipSetDevice",2659034,2659034,6383,3219595929629259,3219595929629313
"HIP_RUNTIME_API_EXT","hipFree",2659034,2659034,6384,3219595929629651,3219595929630693
"HIP_RUNTIME_API_EXT","hipSetDevice",2659034,2659034,6385,3219595929631247,3219595929631302
"HIP_RUNTIME_API_EXT","hipMalloc",2659034,2659034,6386,3219595929631731,3219595929632590
"HIP_RUNTIME_API_EXT","hipSetDevice",2659034,2659034,6387,3219595929632956,3219595929633014
"HIP_RUNTIME_API_EXT","hipLaunchKernel",2659034,2659034,6388,3219595929633544,3219595929637263
"HIP_RUNTIME_API_EXT","hipGetLastError",2659034,2659034,6389,3219595929637713,3219595929637755
"HIP_RUNTIME_API_EXT","hipSetDevice",2659034,2659034,6390,3219595929638268,3219595929638324
"HIP_RUNTIME_API_EXT","hipFree",2659034,2659034,6391,3219595929638678,3219595929664635
"HIP_RUNTIME_API_EXT","hipSetDevice",2659034,2659034,6392,3219595929665321,3219595929665379
"HIP_RUNTIME_API_EXT","hipMalloc",2659034,2659034,6393,3219595929666012,3219595929666895
"HIP_RUNTIME_API_EXT","hipSetDevice",2659034,2659034,6394,3219595929667317,3219595929667380
"HIP_RUNTIME_API_EXT","hipLaunchKernel",2659034,2659034,6395,3219595929668290,3219595929671921
"HIP_RUNTIME_API_EXT","hipGetLastError",2659034,2659034,6396,3219595929672390,3219595929672440
"HIP_RUNTIME_API_EXT","hipSetDevice",2659034,2659034,6397,3219595929672808,3219595929672866
"HIP_RUNTIME_API_EXT","hipFree",2659034,2659034,6398,3219595929673320,3219595929684162
"HIP_RUNTIME_API_EXT","hipSetDevice",2659034,2659034,6399,3219595929684574,3219595929684630
"HIP_RUNTIME_API_EXT","hipFree",2659034,2659034,6400,3219595929685319,3219595929686359
"HIP_RUNTIME_API_EXT","hipSetDevice",2659034,2659034,6401,3219595929686843,3219595929686898
"HIP_RUNTIME_API_EXT","hipFree",2659034,2659034,6402,3219595929687230,3219595929688253
"HIP_RUNTIME_API_EXT","hipSetDevice",2659034,2659034,6403,3219595929688645,3219595929688699
"HIP_RUNTIME_API_EXT","hipFree",2659034,2659034,6404,3219595929689027,3219595929690251
"HIP_RUNTIME_API_EXT","hipSetDevice",2659034,2659034,6405,3219595929690780,3219595929690835
"HIP_RUNTIME_API_EXT","hipMalloc",2659034,2659034,6406,3219595929691160,3219595929692109
"HIP_RUNTIME_API_EXT","hipSetDevice",2659034,2659034,6407,3219595929692497,3219595929692558
"HIP_RUNTIME_API_EXT","hipLaunchKernel",2659034,2659034,6408,3219595929693075,3219595929705973
"HIP_RUNTIME_API_EXT","hipGetLastError",2659034,2659034,6409,3219595929706407,3219595929706451
"HIP_RUNTIME_API_EXT","hipSetDevice",2659034,2659034,6410,3219595929706815,3219595929706873
"HIP_RUNTIME_API_EXT","hipFree",2659034,2659034,6411,3219595929707210,3219595929718591
"HIP_RUNTIME_API_EXT","hipSetDevice",2659034,2659034,6412,3219595929720016,3219595929720070
"HIP_RUNTIME_API_EXT","hipMalloc",2659034,2659034,6413,3219595929720405,3219595929721222
"HIP_RUNTIME_API_EXT","hipSetDevice",2659034,2659034,6414,3219595929721720,3219595929721776
"HIP_RUNTIME_API_EXT","hipLaunchKernel",2659034,2659034,6415,3219595929722438,3219595929726036
"HIP_RUNTIME_API_EXT","hipGetLastError",2659034,2659034,6416,3219595929726449,3219595929726499
"HIP_RUNTIME_API_EXT","hipSetDevice",2659034,2659034,6417,3219595929727226,3219595929727280
"HIP_RUNTIME_API_EXT","hipFree",2659034,2659034,6418,3219595929727741,3219595929744817
"HIP_RUNTIME_API_EXT","hipSetDevice",2659034,2659034,6419,3219595929745276,3219595929745330
"HIP_RUNTIME_API_EXT","hipFree",2659034,2659034,6420,3219595929746149,3219595929747419
"HIP_RUNTIME_API_EXT","hipSetDevice",2659034,2659034,6421,3219595929748318,3219595929748381
"HIP_RUNTIME_API_EXT","hipMemcpy",2659034,2659034,6422,3219595929748694,3219595929752739
"HIP_RUNTIME_API_EXT","hipSetDevice",2659034,2659034,6423,3219595929753148,3219595929753207
"HIP_RUNTIME_API_EXT","hipMemcpy",2659034,2659034,6424,3219595929753542,3219595929756772
"HIP_RUNTIME_API_EXT","hipSetDevice",2659034,2659034,6425,3219595929757192,3219595929757243
"HIP_RUNTIME_API_EXT","hipMemcpy",2659034,2659034,6426,3219595929757706,3219595929761815
"HIP_RUNTIME_API_EXT","hipSetDevice",2659034,2659034,6427,3219595929762240,3219595929762299
"HIP_RUNTIME_API_EXT","hipMemcpy",2659034,2659034,6428,3219595929762713,3219595929766658
"HIP_RUNTIME_API_EXT","hipSetDevice",2659034,2659034,6429,3219595929767333,3219595929767395
"HIP_RUNTIME_API_EXT","hipMemcpy",2659034,2659034,6430,3219595929767709,3219595929772047
"HIP_RUNTIME_API_EXT","hipSetDevice",2659034,2659034,6431,3219595929772436,3219595929772498
"HIP_RUNTIME_API_EXT","hipMemcpy",2659034,2659034,6432,3219595929772810,3219595929776529
"HIP_RUNTIME_API_EXT","hipSetDevice",2659034,2659034,6433,3219595929776946,3219595929777009
"HIP_RUNTIME_API_EXT","hipMemcpy",2659034,2659034,6434,3219595929777403,3219595929781445
"HIP_RUNTIME_API_EXT","hipSetDevice",2659034,2659034,6435,3219595929781809,3219595929781874
"HIP_RUNTIME_API_EXT","hipMemcpy",2659034,2659034,6436,3219595929782183,3219595929786400
"HIP_RUNTIME_API_EXT","hipSetDevice",2659034,2659034,6437,3219595929786872,3219595929786935
"HIP_RUNTIME_API_EXT","hipFree",2659034,2659034,6438,3219595929787262,3219595929801835
"HIP_RUNTIME_API_EXT","hipSetDevice",2659034,2659034,6439,3219595929802503,3219595929802562
"HIP_RUNTIME_API_EXT","hipFree",2659034,2659034,6440,3219595929802913,3219595929804279
"HIP_RUNTIME_API_EXT","hipSetDevice",2659034,2659034,6441,3219595929804833,3219595929804889
"HIP_RUNTIME_API_EXT","hipFree",2659034,2659034,6442,3219595929805337,3219595929806723
"HIP_RUNTIME_API_EXT","hipSetDevice",2659034,2659034,6443,3219595929807075,3219595929807129
"HIP_RUNTIME_API_EXT","hipFree",2659034,2659034,6444,3219595929807447,3219595929808454
"HIP_RUNTIME_API_EXT","hipSetDevice",2659034,2659034,6445,3219595929809220,3219595929809276
"HIP_RUNTIME_API_EXT","hipMemcpy",2659034,2659034,6446,3219595929809582,3219595929815104
"HIP_RUNTIME_API_EXT","hipSetDevice",2659034,2659034,6447,3219595929815491,3219595929815552
"HIP_RUNTIME_API_EXT","hipFree",2659034,2659034,6448,3219595929815885,3219595929827773
"HIP_RUNTIME_API_EXT","hipSetDevice",2659034,2659034,6449,3219595929828744,3219595929828801
"HIP_RUNTIME_API_EXT","hipMalloc",2659034,2659034,6450,3219595929829304,3219595929830155
"HIP_RUNTIME_API_EXT","hipSetDevice",2659034,2659034,6451,3219595929830664,3219595929830720
"HIP_RUNTIME_API_EXT","hipLaunchKernel",2659034,2659034,6452,3219595929831308,3219595929835412
"HIP_RUNTIME_API_EXT","hipGetLastError",2659034,2659034,6453,3219595929835829,3219595929835873
"HIP_RUNTIME_API_EXT","hipSetDevice",2659034,2659034,6454,3219595929836399,3219595929836461
"HIP_RUNTIME_API_EXT","hipMemcpy",2659034,2659034,6455,3219595929836795,3219595929852207
"HIP_RUNTIME_API_EXT","hipSetDevice",2659034,2659034,6456,3219595929852870,3219595929852932
"HIP_RUNTIME_API_EXT","hipFree",2659034,2659034,6457,3219595929853471,3219595929862400
"HIP_RUNTIME_API_EXT","hipSetDevice",2659034,2659034,6458,3219595929863875,3219595929863938
"HIP_RUNTIME_API_EXT","hipMalloc",2659034,2659034,6459,3219595929864353,3219595929865124
"HIP_RUNTIME_API_EXT","hipSetDevice",2659034,2659034,6460,3219595929865564,3219595929865621
"HIP_RUNTIME_API_EXT","hipMemcpy",2659034,2659034,6461,3219595929866048,3219595929882093
"HIP_RUNTIME_API_EXT","hipSetDevice",2659034,2659034,6462,3219595929883617,3219595929883676
"HIP_RUNTIME_API_EXT","hipMalloc",2659034,2659034,6463,3219595929884081,3219595929885115
"HIP_RUNTIME_API_EXT","hipSetDevice",2659034,2659034,6464,3219595929885715,3219595929885777
"HIP_RUNTIME_API_EXT","hipMemcpy",2659034,2659034,6465,3219595929886315,3219595929902195
"HIP_RUNTIME_API_EXT","hipSetDevice",2659034,2659034,6466,3219595929903315,3219595929903373
"HIP_RUNTIME_API_EXT","hipMalloc",2659034,2659034,6467,3219595929903865,3219595929904975
"HIP_RUNTIME_API_EXT","hipSetDevice",2659034,2659034,6468,3219595929905548,3219595929905605
"HIP_RUNTIME_API_EXT","hipMemcpy",2659034,2659034,6469,3219595929906085,3219595929921767
"HIP_RUNTIME_API_EXT","hipSetDevice",2659034,2659034,6470,3219595929922984,3219595929923040
"HIP_RUNTIME_API_EXT","hipMalloc",2659034,2659034,6471,3219595929923412,3219595929924594
"HIP_RUNTIME_API_EXT","hipSetDevice",2659034,2659034,6472,3219595929925007,3219595929925061
"HIP_RUNTIME_API_EXT","hipLaunchKernel",2659034,2659034,6473,3219595929925918,3219595929929840
"HIP_RUNTIME_API_EXT","hipGetLastError",2659034,2659034,6474,3219595929930414,3219595929930459
"HIP_RUNTIME_API_EXT","hipSetDevice",2659034,2659034,6475,3219595929930952,3219595929931010
"HIP_RUNTIME_API_EXT","hipMalloc",2659034,2659034,6476,3219595929931348,3219595929932516
"HIP_RUNTIME_API_EXT","hipSetDevice",2659034,2659034,6477,3219595929932983,3219595929933036
"HIP_RUNTIME_API_EXT","hipLaunchKernel",2659034,2659034,6478,3219595929933636,3219595929937024
"HIP_RUNTIME_API_EXT","hipGetLastError",2659034,2659034,6479,3219595929937687,3219595929937727
"HIP_RUNTIME_API_EXT","hipSetDevice",2659034,2659034,6480,3219595929938800,3219595929938854
"HIP_RUNTIME_API_EXT","hipMalloc",2659034,2659034,6481,3219595929939180,3219595929940501
"HIP_RUNTIME_API_EXT","hipSetDevice",2659034,2659034,6482,3219595929940902,3219595929940954
"HIP_RUNTIME_API_EXT","hipLaunchKernel",2659034,2659034,6483,3219595929941487,3219595929945020
"HIP_RUNTIME_API_EXT","hipGetLastError",2659034,2659034,6484,3219595929945643,3219595929945692
"HIP_RUNTIME_API_EXT","hipSetDevice",2659034,2659034,6485,3219595929946330,3219595929946388
"HIP_RUNTIME_API_EXT","hipMalloc",2659034,2659034,6486,3219595929946721,3219595929947947
"HIP_RUNTIME_API_EXT","hipSetDevice",2659034,2659034,6487,3219595929948540,3219595929948597
"HIP_RUNTIME_API_EXT","hipLaunchKernel",2659034,2659034,6488,3219595929949331,3219595929952800
"HIP_RUNTIME_API_EXT","hipGetLastError",2659034,2659034,6489,3219595929953220,3219595929953262
"HIP_RUNTIME_API_EXT","hipSetDevice",2659034,2659034,6490,3219595929953984,3219595929954041
"HIP_RUNTIME_API_EXT","hipMalloc",2659034,2659034,6491,3219595929954384,3219595929955450
"HIP_RUNTIME_API_EXT","hipSetDevice",2659034,2659034,6492,3219595929955787,3219595929955850
"HIP_RUNTIME_API_EXT","hipLaunchKernel",2659034,2659034,6493,3219595929956338,3219595929959754
"HIP_RUNTIME_API_EXT","hipGetLastError",2659034,2659034,6494,3219595929960390,3219595929960472
"HIP_RUNTIME_API_EXT","hipSetDevice",2659034,2659034,6495,3219595929961944,3219595929962006
"HIP_RUNTIME_API_EXT","hipMalloc",2659034,2659034,6496,3219595929962334,3219595929963617
"HIP_RUNTIME_API_EXT","hipSetDevice",2659034,2659034,6497,3219595929964107,3219595929964162
"HIP_RUNTIME_API_EXT","hipLaunchKernel",2659034,2659034,6498,3219595929964714,3219595929969825
"HIP_RUNTIME_API_EXT","hipGetLastError",2659034,2659034,6499,3219595929970271,3219595929970314
"HIP_RUNTIME_API_EXT","hipSetDevice",2659034,2659034,6500,3219595929970949,3219595929971014
"HIP_RUNTIME_API_EXT","hipMalloc",2659034,2659034,6501,3219595929971347,3219595929972475
"HIP_RUNTIME_API_EXT","hipSetDevice",2659034,2659034,6502,3219595929972850,3219595929972907
"HIP_RUNTIME_API_EXT","hipLaunchKernel",2659034,2659034,6503,3219595929973401,3219595929977331
"HIP_RUNTIME_API_EXT","hipGetLastError",2659034,2659034,6504,3219595929977869,3219595929977912
"HIP_RUNTIME_API_EXT","hipSetDevice",2659034,2659034,6505,3219595929979451,3219595929979510
"HIP_RUNTIME_API_EXT","hipLaunchKernel",2659034,2659034,6506,3219595929980220,3219595929984508
"HIP_RUNTIME_API_EXT","hipGetLastError",2659034,2659034,6507,3219595929986017,3219595929986058
"HIP_RUNTIME_API_EXT","hipSetDevice",2659034,2659034,6508,3219595929986874,3219595929986935
"HIP_RUNTIME_API_EXT","hipMalloc",2659034,2659034,6509,3219595929987266,3219595929988824
"HIP_RUNTIME_API_EXT","hipSetDevice",2659034,2659034,6510,3219595929989235,3219595929989295
"HIP_RUNTIME_API_EXT","hipLaunchKernel",2659034,2659034,6511,3219595929990319,3219595929994656
"HIP_RUNTIME_API_EXT","hipGetLastError",2659034,2659034,6512,3219595929995238,3219595929995282
"HIP_RUNTIME_API_EXT","hipSetDevice",2659034,2659034,6513,3219595929996392,3219595929996454
"HIP_RUNTIME_API_EXT","hipMalloc",2659034,2659034,6514,3219595929996801,3219595929998054
"HIP_RUNTIME_API_EXT","hipSetDevice",2659034,2659034,6515,3219595929998447,3219595929998507
"HIP_RUNTIME_API_EXT","hipLaunchKernel",2659034,2659034,6516,3219595929999036,3219595930002415
"HIP_RUNTIME_API_EXT","hipGetLastError",2659034,2659034,6517,3219595930002765,3219595930002816
"HIP_RUNTIME_API_EXT","hipSetDevice",2659034,2659034,6518,3219595930003538,3219595930003593
"HIP_RUNTIME_API_EXT","hipFree",2659034,2659034,6519,3219595930003944,3219595930026226
"HIP_RUNTIME_API_EXT","hipSetDevice",2659034,2659034,6520,3219595930026966,3219595930027023
"HIP_RUNTIME_API_EXT","hipFree",2659034,2659034,6521,3219595930027350,3219595930028569
"HIP_RUNTIME_API_EXT","hipSetDevice",2659034,2659034,6522,3219595930029013,3219595930029068
"HIP_RUNTIME_API_EXT","hipFree",2659034,2659034,6523,3219595930029485,3219595930030646
"HIP_RUNTIME_API_EXT","hipSetDevice",2659034,2659034,6524,3219595930031040,3219595930031095
"HIP_RUNTIME_API_EXT","hipFree",2659034,2659034,6525,3219595930031399,3219595930032416
"HIP_RUNTIME_API_EXT","hipSetDevice",2659034,2659034,6526,3219595930032869,3219595930032926
"HIP_RUNTIME_API_EXT","hipFree",2659034,2659034,6527,3219595930033259,3219595930034358
"HIP_RUNTIME_API_EXT","hipSetDevice",2659034,2659034,6528,3219595930034804,3219595930034865
"HIP_RUNTIME_API_EXT","hipFree",2659034,2659034,6529,3219595930035263,3219595930036379
"HIP_RUNTIME_API_EXT","hipSetDevice",2659034,2659034,6530,3219595930036812,3219595930036864
"HIP_RUNTIME_API_EXT","hipFree",2659034,2659034,6531,3219595930037170,3219595930038266
"HIP_RUNTIME_API_EXT","hipSetDevice",2659034,2659034,6532,3219595930038833,3219595930038892
"HIP_RUNTIME_API_EXT","hipMalloc",2659034,2659034,6533,3219595930039261,3219595930040167
"HIP_RUNTIME_API_EXT","hipSetDevice",2659034,2659034,6534,3219595930040766,3219595930040818
"HIP_RUNTIME_API_EXT","hipMalloc",2659034,2659034,6535,3219595930042916,3219595930043911
"HIP_RUNTIME_API_EXT","hipSetDevice",2659034,2659034,6536,3219595930044318,3219595930044371
"HIP_RUNTIME_API_EXT","hipLaunchKernel",2659034,2659034,6537,3219595930044958,3219595930049743
"HIP_RUNTIME_API_EXT","hipGetLastError",2659034,2659034,6538,3219595930050269,3219595930050313
"HIP_RUNTIME_API_EXT","hipSetDevice",2659034,2659034,6539,3219595930051050,3219595930051113
"HIP_RUNTIME_API_EXT","hipMalloc",2659034,2659034,6540,3219595930051474,3219595930052707
"HIP_RUNTIME_API_EXT","hipSetDevice",2659034,2659034,6541,3219595930053102,3219595930053156
"HIP_RUNTIME_API_EXT","hipLaunchKernel",2659034,2659034,6542,3219595930053690,3219595930057473
"HIP_RUNTIME_API_EXT","hipGetLastError",2659034,2659034,6543,3219595930058001,3219595930058045
"HIP_RUNTIME_API_EXT","hipSetDevice",2659034,2659034,6544,3219595930059375,3219595930059431
"HIP_RUNTIME_API_EXT","hipMalloc",2659034,2659034,6545,3219595930059777,3219595930060845
"HIP_RUNTIME_API_EXT","hipSetDevice",2659034,2659034,6546,3219595930061346,3219595930061399
"HIP_RUNTIME_API_EXT","hipLaunchKernel",2659034,2659034,6547,3219595930061933,3219595930066084
"HIP_RUNTIME_API_EXT","hipGetLastError",2659034,2659034,6548,3219595930066595,3219595930066646
"HIP_RUNTIME_API_EXT","hipSetDevice",2659034,2659034,6549,3219595930067275,3219595930067337
"HIP_RUNTIME_API_EXT","hipMalloc",2659034,2659034,6550,3219595930067703,3219595930068725
"HIP_RUNTIME_API_EXT","hipSetDevice",2659034,2659034,6551,3219595930069186,3219595930069239
"HIP_RUNTIME_API_EXT","hipLaunchKernel",2659034,2659034,6552,3219595930069843,3219595930074391
"HIP_RUNTIME_API_EXT","hipGetLastError",2659034,2659034,6553,3219595930074902,3219595930074943
"HIP_RUNTIME_API_EXT","hipSetDevice",2659034,2659034,6554,3219595930075271,3219595930075326
"HIP_RUNTIME_API_EXT","hipFree",2659034,2659034,6555,3219595930075853,3219595930089743
"HIP_RUNTIME_API_EXT","hipSetDevice",2659034,2659034,6556,3219595930090139,3219595930090199
"HIP_RUNTIME_API_EXT","hipFree",2659034,2659034,6557,3219595930090983,3219595930091982
"HIP_RUNTIME_API_EXT","hipSetDevice",2659034,2659034,6558,3219595930092850,3219595930092908
"HIP_RUNTIME_API_EXT","hipMalloc",2659034,2659034,6559,3219595930093400,3219595930094385
"HIP_RUNTIME_API_EXT","hipSetDevice",2659034,2659034,6560,3219595930094763,3219595930094819
"HIP_RUNTIME_API_EXT","hipLaunchKernel",2659034,2659034,6561,3219595930095386,3219595930099027
"HIP_RUNTIME_API_EXT","hipGetLastError",2659034,2659034,6562,3219595930099520,3219595930099562
"HIP_RUNTIME_API_EXT","hipSetDevice",2659034,2659034,6563,3219595930100155,3219595930100218
"HIP_RUNTIME_API_EXT","hipFree",2659034,2659034,6564,3219595930100612,3219595930125740
"HIP_RUNTIME_API_EXT","hipSetDevice",2659034,2659034,6565,3219595930126626,3219595930126685
"HIP_RUNTIME_API_EXT","hipMalloc",2659034,2659034,6566,3219595930127026,3219595930127941
"HIP_RUNTIME_API_EXT","hipSetDevice",2659034,2659034,6567,3219595930128345,3219595930128403
"HIP_RUNTIME_API_EXT","hipLaunchKernel",2659034,2659034,6568,3219595930128932,3219595930132599
"HIP_RUNTIME_API_EXT","hipGetLastError",2659034,2659034,6569,3219595930133106,3219595930133148
"HIP_RUNTIME_API_EXT","hipSetDevice",2659034,2659034,6570,3219595930133539,3219595930133602
"HIP_RUNTIME_API_EXT","hipFree",2659034,2659034,6571,3219595930133927,3219595930144721
"HIP_RUNTIME_API_EXT","hipSetDevice",2659034,2659034,6572,3219595930145109,3219595930145164
"HIP_RUNTIME_API_EXT","hipFree",2659034,2659034,6573,3219595930145697,3219595930146735
"HIP_RUNTIME_API_EXT","hipSetDevice",2659034,2659034,6574,3219595930147129,3219595930147185
"HIP_RUNTIME_API_EXT","hipFree",2659034,2659034,6575,3219595930147532,3219595930148657
"HIP_RUNTIME_API_EXT","hipSetDevice",2659034,2659034,6576,3219595930149027,3219595930149085
"HIP_RUNTIME_API_EXT","hipFree",2659034,2659034,6577,3219595930149732,3219595930150975
"HIP_RUNTIME_API_EXT","hipSetDevice",2659034,2659034,6578,3219595930151446,3219595930151502
"HIP_RUNTIME_API_EXT","hipFree",2659034,2659034,6579,3219595930151902,3219595930153112
"HIP_RUNTIME_API_EXT","hipSetDevice",2659034,2659034,6580,3219595930153676,3219595930153731
"HIP_RUNTIME_API_EXT","hipMalloc",2659034,2659034,6581,3219595930154223,3219595930155165
"HIP_RUNTIME_API_EXT","hipSetDevice",2659034,2659034,6582,3219595930155653,3219595930155711
"HIP_RUNTIME_API_EXT","hipLaunchKernel",2659034,2659034,6583,3219595930156225,3219595930168529
"HIP_RUNTIME_API_EXT","hipGetLastError",2659034,2659034,6584,3219595930169085,3219595930169128
"HIP_RUNTIME_API_EXT","hipSetDevice",2659034,2659034,6585,3219595930170118,3219595930170176
"HIP_RUNTIME_API_EXT","hipMalloc",2659034,2659034,6586,3219595930170558,3219595930171623
"HIP_RUNTIME_API_EXT","hipSetDevice",2659034,2659034,6587,3219595930172069,3219595930172126
"HIP_RUNTIME_API_EXT","hipLaunchKernel",2659034,2659034,6588,3219595930172708,3219595930176227
"HIP_RUNTIME_API_EXT","hipGetLastError",2659034,2659034,6589,3219595930177130,3219595930177172
"HIP_RUNTIME_API_EXT","hipSetDevice",2659034,2659034,6590,3219595930178249,3219595930178307
"HIP_RUNTIME_API_EXT","hipMalloc",2659034,2659034,6591,3219595930178755,3219595930179809
"HIP_RUNTIME_API_EXT","hipSetDevice",2659034,2659034,6592,3219595930180182,3219595930180238
"HIP_RUNTIME_API_EXT","hipLaunchKernel",2659034,2659034,6593,3219595930181172,3219595930184605
"HIP_RUNTIME_API_EXT","hipGetLastError",2659034,2659034,6594,3219595930185238,3219595930185278
"HIP_RUNTIME_API_EXT","hipSetDevice",2659034,2659034,6595,3219595930186018,3219595930186077
"HIP_RUNTIME_API_EXT","hipMalloc",2659034,2659034,6596,3219595930186426,3219595930187525
"HIP_RUNTIME_API_EXT","hipSetDevice",2659034,2659034,6597,3219595930187917,3219595930187973
"HIP_RUNTIME_API_EXT","hipLaunchKernel",2659034,2659034,6598,3219595930188487,3219595930192387
"HIP_RUNTIME_API_EXT","hipGetLastError",2659034,2659034,6599,3219595930192822,3219595930192867
"HIP_RUNTIME_API_EXT","hipSetDevice",2659034,2659034,6600,3219595930194398,3219595930194456
"HIP_RUNTIME_API_EXT","hipMalloc",2659034,2659034,6601,3219595930194904,3219595930196385
"HIP_RUNTIME_API_EXT","hipSetDevice",2659034,2659034,6602,3219595930196912,3219595930196972
"HIP_RUNTIME_API_EXT","hipLaunchKernel",2659034,2659034,6603,3219595930197512,3219595930201472
"HIP_RUNTIME_API_EXT","hipGetLastError",2659034,2659034,6604,3219595930202065,3219595930202116
"HIP_RUNTIME_API_EXT","hipSetDevice",2659034,2659034,6605,3219595930202687,3219595930202745
"HIP_RUNTIME_API_EXT","hipMalloc",2659034,2659034,6606,3219595930203125,3219595930204552
"HIP_RUNTIME_API_EXT","hipSetDevice",2659034,2659034,6607,3219595930205000,3219595930205056
"HIP_RUNTIME_API_EXT","hipLaunchKernel",2659034,2659034,6608,3219595930205588,3219595930210165
"HIP_RUNTIME_API_EXT","hipGetLastError",2659034,2659034,6609,3219595930210672,3219595930210721
"HIP_RUNTIME_API_EXT","hipSetDevice",2659034,2659034,6610,3219595930211827,3219595930211883
"HIP_RUNTIME_API_EXT","hipLaunchKernel",2659034,2659034,6611,3219595930212471,3219595930233611
"HIP_RUNTIME_API_EXT","hipGetLastError",2659034,2659034,6612,3219595930234202,3219595930234247
"HIP_RUNTIME_API_EXT","hipSetDevice",2659034,2659034,6613,3219595930235085,3219595930235137
"HIP_RUNTIME_API_EXT","hipMalloc",2659034,2659034,6614,3219595930235523,3219595930236902
"HIP_RUNTIME_API_EXT","hipSetDevice",2659034,2659034,6615,3219595930237319,3219595930237381
"HIP_RUNTIME_API_EXT","hipLaunchKernel",2659034,2659034,6616,3219595930238005,3219595930242865
"HIP_RUNTIME_API_EXT","hipGetLastError",2659034,2659034,6617,3219595930243367,3219595930243465
"HIP_RUNTIME_API_EXT","hipSetDevice",2659034,2659034,6618,3219595930244560,3219595930244619
"HIP_RUNTIME_API_EXT","hipMalloc",2659034,2659034,6619,3219595930244989,3219595930246226
"HIP_RUNTIME_API_EXT","hipSetDevice",2659034,2659034,6620,3219595930246764,3219595930246817
"HIP_RUNTIME_API_EXT","hipLaunchKernel",2659034,2659034,6621,3219595930247453,3219595930250797
"HIP_RUNTIME_API_EXT","hipGetLastError",2659034,2659034,6622,3219595930251385,3219595930251430
"HIP_RUNTIME_API_EXT","hipSetDevice",2659034,2659034,6623,3219595930252360,3219595930252419
"HIP_RUNTIME_API_EXT","hipFree",2659034,2659034,6624,3219595930252749,3219595930273797
"HIP_RUNTIME_API_EXT","hipSetDevice",2659034,2659034,6625,3219595930274428,3219595930274491
"HIP_RUNTIME_API_EXT","hipFree",2659034,2659034,6626,3219595930274854,3219595930276117
"HIP_RUNTIME_API_EXT","hipSetDevice",2659034,2659034,6627,3219595930276693,3219595930276745
"HIP_RUNTIME_API_EXT","hipFree",2659034,2659034,6628,3219595930277193,3219595930278255
"HIP_RUNTIME_API_EXT","hipSetDevice",2659034,2659034,6629,3219595930278757,3219595930278811
"HIP_RUNTIME_API_EXT","hipFree",2659034,2659034,6630,3219595930279251,3219595930280641
"HIP_RUNTIME_API_EXT","hipSetDevice",2659034,2659034,6631,3219595930281168,3219595930281224
"HIP_RUNTIME_API_EXT","hipFree",2659034,2659034,6632,3219595930281537,3219595930282584
"HIP_RUNTIME_API_EXT","hipSetDevice",2659034,2659034,6633,3219595930282961,3219595930283017
"HIP_RUNTIME_API_EXT","hipFree",2659034,2659034,6634,3219595930283351,3219595930284414
"HIP_RUNTIME_API_EXT","hipSetDevice",2659034,2659034,6635,3219595930284933,3219595930284994
"HIP_RUNTIME_API_EXT","hipFree",2659034,2659034,6636,3219595930285299,3219595930286271
"HIP_RUNTIME_API_EXT","hipSetDevice",2659034,2659034,6637,3219595930286768,3219595930286821
"HIP_RUNTIME_API_EXT","hipMalloc",2659034,2659034,6638,3219595930288537,3219595930289491
"HIP_RUNTIME_API_EXT","hipSetDevice",2659034,2659034,6639,3219595930290193,3219595930290248
"HIP_RUNTIME_API_EXT","hipMalloc",2659034,2659034,6640,3219595930290653,3219595930291677
"HIP_RUNTIME_API_EXT","hipSetDevice",2659034,2659034,6641,3219595930292101,3219595930292157
"HIP_RUNTIME_API_EXT","hipLaunchKernel",2659034,2659034,6642,3219595930292825,3219595930297340
"HIP_RUNTIME_API_EXT","hipGetLastError",2659034,2659034,6643,3219595930297811,3219595930297853
"HIP_RUNTIME_API_EXT","hipSetDevice",2659034,2659034,6644,3219595930298720,3219595930298778
"HIP_RUNTIME_API_EXT","hipMalloc",2659034,2659034,6645,3219595930299163,3219595930300384
"HIP_RUNTIME_API_EXT","hipSetDevice",2659034,2659034,6646,3219595930300807,3219595930300862
"HIP_RUNTIME_API_EXT","hipLaunchKernel",2659034,2659034,6647,3219595930301466,3219595930305084
"HIP_RUNTIME_API_EXT","hipGetLastError",2659034,2659034,6648,3219595930306235,3219595930306277
"HIP_RUNTIME_API_EXT","hipSetDevice",2659034,2659034,6649,3219595930307551,3219595930307611
"HIP_RUNTIME_API_EXT","hipMalloc",2659034,2659034,6650,3219595930307969,3219595930309244
"HIP_RUNTIME_API_EXT","hipSetDevice",2659034,2659034,6651,3219595930312545,3219595930312601
"HIP_RUNTIME_API_EXT","hipLaunchKernel",2659034,2659034,6652,3219595930313453,3219595930317750
"HIP_RUNTIME_API_EXT","hipGetLastError",2659034,2659034,6653,3219595930318285,3219595930318330
"HIP_RUNTIME_API_EXT","hipSetDevice",2659034,2659034,6654,3219595930319068,3219595930319127
"HIP_RUNTIME_API_EXT","hipMalloc",2659034,2659034,6655,3219595930320776,3219595930321949
"HIP_RUNTIME_API_EXT","hipSetDevice",2659034,2659034,6656,3219595930322403,3219595930322458
"HIP_RUNTIME_API_EXT","hipLaunchKernel",2659034,2659034,6657,3219595930324092,3219595930331415
"HIP_RUNTIME_API_EXT","hipGetLastError",2659034,2659034,6658,3219595930332630,3219595930332676
"HIP_RUNTIME_API_EXT","hipSetDevice",2659034,2659034,6659,3219595930333560,3219595930333616
"HIP_RUNTIME_API_EXT","hipFree",2659034,2659034,6660,3219595930334125,3219595930343839
"HIP_RUNTIME_API_EXT","hipSetDevice",2659034,2659034,6661,3219595930344233,3219595930344294
"HIP_RUNTIME_API_EXT","hipFree",2659034,2659034,6662,3219595930345097,3219595930346236
"HIP_RUNTIME_API_EXT","hipSetDevice",2659034,2659034,6663,3219595930346926,3219595930346986
"HIP_RUNTIME_API_EXT","hipMalloc",2659034,2659034,6664,3219595930347319,3219595930350896
"HIP_RUNTIME_API_EXT","hipSetDevice",2659034,2659034,6665,3219595930351296,3219595930351354
"HIP_RUNTIME_API_EXT","hipLaunchKernel",2659034,2659034,6666,3219595930351901,3219595930367861
"HIP_RUNTIME_API_EXT","hipGetLastError",2659034,2659034,6667,3219595930368977,3219595930369021
"HIP_RUNTIME_API_EXT","hipSetDevice",2659034,2659034,6668,3219595930369600,3219595930369659
"HIP_RUNTIME_API_EXT","hipFree",2659034,2659034,6669,3219595930370197,3219595930395523
"HIP_RUNTIME_API_EXT","hipSetDevice",2659034,2659034,6670,3219595930397781,3219595930397833
"HIP_RUNTIME_API_EXT","hipMalloc",2659034,2659034,6671,3219595930398237,3219595930399424
"HIP_RUNTIME_API_EXT","hipSetDevice",2659034,2659034,6672,3219595930400076,3219595930400135
"HIP_RUNTIME_API_EXT","hipLaunchKernel",2659034,2659034,6673,3219595930401672,3219595930418025
"HIP_RUNTIME_API_EXT","hipGetLastError",2659034,2659034,6674,3219595930418456,3219595930418502
"HIP_RUNTIME_API_EXT","hipSetDevice",2659034,2659034,6675,3219595930418965,3219595930419027
"HIP_RUNTIME_API_EXT","hipFree",2659034,2659034,6676,3219595930419438,3219595930430552
"HIP_RUNTIME_API_EXT","hipSetDevice",2659034,2659034,6677,3219595930431086,3219595930431149
"HIP_RUNTIME_API_EXT","hipFree",2659034,2659034,6678,3219595930431908,3219595930433114
"HIP_RUNTIME_API_EXT","hipSetDevice",2659034,2659034,6679,3219595930433484,3219595930433542
"HIP_RUNTIME_API_EXT","hipFree",2659034,2659034,6680,3219595930433865,3219595930435251
"HIP_RUNTIME_API_EXT","hipSetDevice",2659034,2659034,6681,3219595930435606,3219595930435661
"HIP_RUNTIME_API_EXT","hipFree",2659034,2659034,6682,3219595930435978,3219595930437502
"HIP_RUNTIME_API_EXT","hipSetDevice",2659034,2659034,6683,3219595930438002,3219595930438056
"HIP_RUNTIME_API_EXT","hipFree",2659034,2659034,6684,3219595930438369,3219595930440242
"HIP_RUNTIME_API_EXT","hipSetDevice",2659034,2659034,6685,3219595930441000,3219595930441056
"HIP_RUNTIME_API_EXT","hipMalloc",2659034,2659034,6686,3219595930441383,3219595930442362
"HIP_RUNTIME_API_EXT","hipSetDevice",2659034,2659034,6687,3219595930442873,3219595930442931
"HIP_RUNTIME_API_EXT","hipLaunchKernel",2659034,2659034,6688,3219595930443447,3219595930447622
"HIP_RUNTIME_API_EXT","hipGetLastError",2659034,2659034,6689,3219595930448092,3219595930448136
"HIP_RUNTIME_API_EXT","hipSetDevice",2659034,2659034,6690,3219595930448590,3219595930448649
"HIP_RUNTIME_API_EXT","hipFree",2659034,2659034,6691,3219595930449119,3219595930460315
"HIP_RUNTIME_API_EXT","hipSetDevice",2659034,2659034,6692,3219595930461300,3219595930461356
"HIP_RUNTIME_API_EXT","hipMalloc",2659034,2659034,6693,3219595930461685,3219595930462636
"HIP_RUNTIME_API_EXT","hipSetDevice",2659034,2659034,6694,3219595930463096,3219595930463155
"HIP_RUNTIME_API_EXT","hipLaunchKernel",2659034,2659034,6695,3219595930463765,3219595930467355
"HIP_RUNTIME_API_EXT","hipGetLastError",2659034,2659034,6696,3219595930467774,3219595930467815
"HIP_RUNTIME_API_EXT","hipSetDevice",2659034,2659034,6697,3219595930468561,3219595930468618
"HIP_RUNTIME_API_EXT","hipFree",2659034,2659034,6698,3219595930469112,3219595930486636
"HIP_RUNTIME_API_EXT","hipSetDevice",2659034,2659034,6699,3219595930487160,3219595930487221
"HIP_RUNTIME_API_EXT","hipFree",2659034,2659034,6700,3219595930487839,3219595930488960
"HIP_RUNTIME_API_EXT","hipSetDevice",2659034,2659034,6701,3219595930489533,3219595930489587
"HIP_RUNTIME_API_EXT","hipFree",2659034,2659034,6702,3219595930489957,3219595930491113
"HIP_RUNTIME_API_EXT","hipSetDevice",2659034,2659034,6703,3219595930491671,3219595930491727
"HIP_RUNTIME_API_EXT","hipFree",2659034,2659034,6704,3219595930492066,3219595930493267
"HIP_RUNTIME_API_EXT","hipSetDevice",2659034,2659034,6705,3219595930494144,3219595930494200
"HIP_RUNTIME_API_EXT","hipMemcpy",2659034,2659034,6706,3219595930494687,3219595930499081
"HIP_RUNTIME_API_EXT","hipSetDevice",2659034,2659034,6707,3219595930499776,3219595930499840
"HIP_RUNTIME_API_EXT","hipMemcpy",2659034,2659034,6708,3219595930500169,3219595930504184
"HIP_RUNTIME_API_EXT","hipSetDevice",2659034,2659034,6709,3219595930504699,3219595930504756
"HIP_RUNTIME_API_EXT","hipMemcpy",2659034,2659034,6710,3219595930505078,3219595930509469
"HIP_RUNTIME_API_EXT","hipSetDevice",2659034,2659034,6711,3219595930509999,3219595930510059
"HIP_RUNTIME_API_EXT","hipMemcpy",2659034,2659034,6712,3219595930510376,3219595930514508
"HIP_RUNTIME_API_EXT","hipSetDevice",2659034,2659034,6713,3219595930514959,3219595930515019
"HIP_RUNTIME_API_EXT","hipFree",2659034,2659034,6714,3219595930515354,3219595930526612
"HIP_RUNTIME_API_EXT","hipSetDevice",2659034,2659034,6715,3219595930527692,3219595930527752
"HIP_RUNTIME_API_EXT","hipMalloc",2659034,2659034,6716,3219595930528314,3219595930529366
"HIP_RUNTIME_API_EXT","hipSetDevice",2659034,2659034,6717,3219595930529901,3219595930529961
"HIP_RUNTIME_API_EXT","hipLaunchKernel",2659034,2659034,6718,3219595930530535,3219595930534728
"HIP_RUNTIME_API_EXT","hipGetLastError",2659034,2659034,6719,3219595930535331,3219595930535374
"HIP_RUNTIME_API_EXT","hipSetDevice",2659034,2659034,6720,3219595930535816,3219595930535878
"HIP_RUNTIME_API_EXT","hipMemcpy",2659034,2659034,6721,3219595930536465,3219595930551444
"HIP_RUNTIME_API_EXT","hipSetDevice",2659034,2659034,6722,3219595930552340,3219595930552403
"HIP_RUNTIME_API_EXT","hipFree",2659034,2659034,6723,3219595930552781,3219595930561351
"HIP_RUNTIME_API_EXT","hipSetDevice",2659034,2659034,6724,3219595930563068,3219595930563126
"HIP_RUNTIME_API_EXT","hipMalloc",2659034,2659034,6725,3219595930563497,3219595930564328
"HIP_RUNTIME_API_EXT","hipSetDevice",2659034,2659034,6726,3219595930564750,3219595930564806
"HIP_RUNTIME_API_EXT","hipMemcpy",2659034,2659034,6727,3219595930565256,3219595930581601
"HIP_RUNTIME_API_EXT","hipSetDevice",2659034,2659034,6728,3219595930582992,3219595930583048
"HIP_RUNTIME_API_EXT","hipMalloc",2659034,2659034,6729,3219595930583388,3219595930584358
"HIP_RUNTIME_API_EXT","hipSetDevice",2659034,2659034,6730,3219595930584793,3219595930584847
"HIP_RUNTIME_API_EXT","hipMemcpy",2659034,2659034,6731,3219595930585229,3219595930601505
"HIP_RUNTIME_API_EXT","hipSetDevice",2659034,2659034,6732,3219595930602268,3219595930602324
"HIP_RUNTIME_API_EXT","hipMalloc",2659034,2659034,6733,3219595930602794,3219595930604021
"HIP_RUNTIME_API_EXT","hipSetDevice",2659034,2659034,6734,3219595930604591,3219595930604644
"HIP_RUNTIME_API_EXT","hipMemcpy",2659034,2659034,6735,3219595930604974,3219595930621256
"HIP_RUNTIME_API_EXT","hipSetDevice",2659034,2659034,6736,3219595930622234,3219595930622296
"HIP_RUNTIME_API_EXT","hipMalloc",2659034,2659034,6737,3219595930622660,3219595930623884
"HIP_RUNTIME_API_EXT","hipSetDevice",2659034,2659034,6738,3219595930624418,3219595930624476
"HIP_RUNTIME_API_EXT","hipLaunchKernel",2659034,2659034,6739,3219595930625031,3219595930628784
"HIP_RUNTIME_API_EXT","hipGetLastError",2659034,2659034,6740,3219595930629194,3219595930629239
"HIP_RUNTIME_API_EXT","hipSetDevice",2659034,2659034,6741,3219595930629796,3219595930629852
"HIP_RUNTIME_API_EXT","hipMalloc",2659034,2659034,6742,3219595930630293,3219595930631325
"HIP_RUNTIME_API_EXT","hipSetDevice",2659034,2659034,6743,3219595930631727,3219595930631780
"HIP_RUNTIME_API_EXT","hipLaunchKernel",2659034,2659034,6744,3219595930632393,3219595930635436
"HIP_RUNTIME_API_EXT","hipGetLastError",2659034,2659034,6745,3219595930636209,3219595930636251
"HIP_RUNTIME_API_EXT","hipSetDevice",2659034,2659034,6746,3219595930637367,3219595930637423
"HIP_RUNTIME_API_EXT","hipMalloc",2659034,2659034,6747,3219595930637931,3219595930639393
"HIP_RUNTIME_API_EXT","hipSetDevice",2659034,2659034,6748,3219595930639780,3219595930639834
"HIP_RUNTIME_API_EXT","hipLaunchKernel",2659034,2659034,6749,3219595930640360,3219595930644543
"HIP_RUNTIME_API_EXT","hipGetLastError",2659034,2659034,6750,3219595930645295,3219595930645345
"HIP_RUNTIME_API_EXT","hipSetDevice",2659034,2659034,6751,3219595930646250,3219595930646313
"HIP_RUNTIME_API_EXT","hipMalloc",2659034,2659034,6752,3219595930646649,3219595930648236
"HIP_RUNTIME_API_EXT","hipSetDevice",2659034,2659034,6753,3219595930648587,3219595930648643
"HIP_RUNTIME_API_EXT","hipLaunchKernel",2659034,2659034,6754,3219595930649147,3219595930652411
"HIP_RUNTIME_API_EXT","hipGetLastError",2659034,2659034,6755,3219595930652779,3219595930652820
"HIP_RUNTIME_API_EXT","hipSetDevice",2659034,2659034,6756,3219595930653443,3219595930653501
"HIP_RUNTIME_API_EXT","hipMalloc",2659034,2659034,6757,3219595930653837,3219595930654940
"HIP_RUNTIME_API_EXT","hipSetDevice",2659034,2659034,6758,3219595930655388,3219595930655444
"HIP_RUNTIME_API_EXT","hipLaunchKernel",2659034,2659034,6759,3219595930655969,3219595930659313
"HIP_RUNTIME_API_EXT","hipGetLastError",2659034,2659034,6760,3219595930660344,3219595930660434
"HIP_RUNTIME_API_EXT","hipSetDevice",2659034,2659034,6761,3219595930661624,3219595930661685
"HIP_RUNTIME_API_EXT","hipMalloc",2659034,2659034,6762,3219595930662025,3219595930663278
"HIP_RUNTIME_API_EXT","hipSetDevice",2659034,2659034,6763,3219595930663760,3219595930663823
"HIP_RUNTIME_API_EXT","hipLaunchKernel",2659034,2659034,6764,3219595930664338,3219595930667837
"HIP_RUNTIME_API_EXT","hipGetLastError",2659034,2659034,6765,3219595930668663,3219595930668707
"HIP_RUNTIME_API_EXT","hipSetDevice",2659034,2659034,6766,3219595930669185,3219595930669237
"HIP_RUNTIME_API_EXT","hipMalloc",2659034,2659034,6767,3219595930669751,3219595930671147
"HIP_RUNTIME_API_EXT","hipSetDevice",2659034,2659034,6768,3219595930671611,3219595930671667
"HIP_RUNTIME_API_EXT","hipLaunchKernel",2659034,2659034,6769,3219595930672171,3219595930684956
"HIP_RUNTIME_API_EXT","hipGetLastError",2659034,2659034,6770,3219595930685390,3219595930685433
"HIP_RUNTIME_API_EXT","hipSetDevice",2659034,2659034,6771,3219595930686623,3219595930686680
"HIP_RUNTIME_API_EXT","hipLaunchKernel",2659034,2659034,6772,3219595930687200,3219595930691236
"HIP_RUNTIME_API_EXT","hipGetLastError",2659034,2659034,6773,3219595930691661,3219595930691701
"HIP_RUNTIME_API_EXT","hipSetDevice",2659034,2659034,6774,3219595930692593,3219595930692649
"HIP_RUNTIME_API_EXT","hipMalloc",2659034,2659034,6775,3219595930693313,3219595930694517
"HIP_RUNTIME_API_EXT","hipSetDevice",2659034,2659034,6776,3219595930694907,3219595930694963
"HIP_RUNTIME_API_EXT","hipLaunchKernel",2659034,2659034,6777,3219595930695550,3219595930699560
"HIP_RUNTIME_API_EXT","hipGetLastError",2659034,2659034,6778,3219595930700164,3219595930700213
"HIP_RUNTIME_API_EXT","hipSetDevice",2659034,2659034,6779,3219595930701271,3219595930701329
"HIP_RUNTIME_API_EXT","hipMalloc",2659034,2659034,6780,3219595930701760,3219595930702964
"HIP_RUNTIME_API_EXT","hipSetDevice",2659034,2659034,6781,3219595930703360,3219595930703417
"HIP_RUNTIME_API_EXT","hipLaunchKernel",2659034,2659034,6782,3219595930703907,3219595930707585
"HIP_RUNTIME_API_EXT","hipGetLastError",2659034,2659034,6783,3219595930707896,3219595930707939
"HIP_RUNTIME_API_EXT","hipSetDevice",2659034,2659034,6784,3219595930708523,3219595930708580
"HIP_RUNTIME_API_EXT","hipFree",2659034,2659034,6785,3219595930709036,3219595930730544
"HIP_RUNTIME_API_EXT","hipSetDevice",2659034,2659034,6786,3219595930731466,3219595930731526
"HIP_RUNTIME_API_EXT","hipFree",2659034,2659034,6787,3219595930731843,3219595930732824
"HIP_RUNTIME_API_EXT","hipSetDevice",2659034,2659034,6788,3219595930733286,3219595930733340
"HIP_RUNTIME_API_EXT","hipFree",2659034,2659034,6789,3219595930734045,3219595930735052
"HIP_RUNTIME_API_EXT","hipSetDevice",2659034,2659034,6790,3219595930735434,3219595930735486
"HIP_RUNTIME_API_EXT","hipFree",2659034,2659034,6791,3219595930735929,3219595930737032
"HIP_RUNTIME_API_EXT","hipSetDevice",2659034,2659034,6792,3219595930737426,3219595930737479
"HIP_RUNTIME_API_EXT","hipFree",2659034,2659034,6793,3219595930737789,3219595930738904
"HIP_RUNTIME_API_EXT","hipSetDevice",2659034,2659034,6794,3219595930739319,3219595930739375
"HIP_RUNTIME_API_EXT","hipFree",2659034,2659034,6795,3219595930739682,3219595930740937
"HIP_RUNTIME_API_EXT","hipSetDevice",2659034,2659034,6796,3219595930741425,3219595930741484
"HIP_RUNTIME_API_EXT","hipFree",2659034,2659034,6797,3219595930741806,3219595930742768
"HIP_RUNTIME_API_EXT","hipSetDevice",2659034,2659034,6798,3219595930743250,3219595930743309
"HIP_RUNTIME_API_EXT","hipMalloc",2659034,2659034,6799,3219595930743665,3219595930744559
"HIP_RUNTIME_API_EXT","hipSetDevice",2659034,2659034,6800,3219595930745097,3219595930745154
"HIP_RUNTIME_API_EXT","hipMalloc",2659034,2659034,6801,3219595930747100,3219595930748052
"HIP_RUNTIME_API_EXT","hipSetDevice",2659034,2659034,6802,3219595930748452,3219595930748507
"HIP_RUNTIME_API_EXT","hipLaunchKernel",2659034,2659034,6803,3219595930749265,3219595930754028
"HIP_RUNTIME_API_EXT","hipGetLastError",2659034,2659034,6804,3219595930754457,3219595930754500
"HIP_RUNTIME_API_EXT","hipSetDevice",2659034,2659034,6805,3219595930755450,3219595930755510
"HIP_RUNTIME_API_EXT","hipMalloc",2659034,2659034,6806,3219595930755863,3219595930756837
"HIP_RUNTIME_API_EXT","hipSetDevice",2659034,2659034,6807,3219595930757295,3219595930757349
"HIP_RUNTIME_API_EXT","hipLaunchKernel",2659034,2659034,6808,3219595930757979,3219595930762069
"HIP_RUNTIME_API_EXT","hipGetLastError",2659034,2659034,6809,3219595930762817,3219595930762860
"HIP_RUNTIME_API_EXT","hipSetDevice",2659034,2659034,6810,3219595930763499,3219595930763555
"HIP_RUNTIME_API_EXT","hipMalloc",2659034,2659034,6811,3219595930763953,3219595930765310
"HIP_RUNTIME_API_EXT","hipSetDevice",2659034,2659034,6812,3219595930765698,3219595930765752
"HIP_RUNTIME_API_EXT","hipLaunchKernel",2659034,2659034,6813,3219595930766319,3219595930770175
"HIP_RUNTIME_API_EXT","hipGetLastError",2659034,2659034,6814,3219595930770709,3219595930770752
"HIP_RUNTIME_API_EXT","hipSetDevice",2659034,2659034,6815,3219595930771302,3219595930771363
"HIP_RUNTIME_API_EXT","hipMalloc",2659034,2659034,6816,3219595930771776,3219595930772869
"HIP_RUNTIME_API_EXT","hipSetDevice",2659034,2659034,6817,3219595930773291,3219595930773346
"HIP_RUNTIME_API_EXT","hipLaunchKernel",2659034,2659034,6818,3219595930773871,3219595930777413
"HIP_RUNTIME_API_EXT","hipGetLastError",2659034,2659034,6819,3219595930778241,3219595930778290
"HIP_RUNTIME_API_EXT","hipSetDevice",2659034,2659034,6820,3219595930778652,3219595930778713
"HIP_RUNTIME_API_EXT","hipFree",2659034,2659034,6821,3219595930779069,3219595930794016
"HIP_RUNTIME_API_EXT","hipSetDevice",2659034,2659034,6822,3219595930794508,3219595930794568
"HIP_RUNTIME_API_EXT","hipFree",2659034,2659034,6823,3219595930795295,3219595930796346
"HIP_RUNTIME_API_EXT","hipSetDevice",2659034,2659034,6824,3219595930797145,3219595930797204
"HIP_RUNTIME_API_EXT","hipMalloc",2659034,2659034,6825,3219595930797546,3219595930798519
"HIP_RUNTIME_API_EXT","hipSetDevice",2659034,2659034,6826,3219595930798878,3219595930798938
"HIP_RUNTIME_API_EXT","hipLaunchKernel",2659034,2659034,6827,3219595930799462,3219595930803457
"HIP_RUNTIME_API_EXT","hipGetLastError",2659034,2659034,6828,3219595930803881,3219595930803925
"HIP_RUNTIME_API_EXT","hipSetDevice",2659034,2659034,6829,3219595930804358,3219595930804417
"HIP_RUNTIME_API_EXT","hipFree",2659034,2659034,6830,3219595930804763,3219595930830825
"HIP_RUNTIME_API_EXT","hipSetDevice",2659034,2659034,6831,3219595930831685,3219595930831738
"HIP_RUNTIME_API_EXT","hipMalloc",2659034,2659034,6832,3219595930832065,3219595930832820
"HIP_RUNTIME_API_EXT","hipSetDevice",2659034,2659034,6833,3219595930833185,3219595930833245
"HIP_RUNTIME_API_EXT","hipLaunchKernel",2659034,2659034,6834,3219595930833954,3219595930837575
"HIP_RUNTIME_API_EXT","hipGetLastError",2659034,2659034,6835,3219595930837991,3219595930838031
"HIP_RUNTIME_API_EXT","hipSetDevice",2659034,2659034,6836,3219595930838412,3219595930838476
"HIP_RUNTIME_API_EXT","hipFree",2659034,2659034,6837,3219595930838832,3219595930849549
"HIP_RUNTIME_API_EXT","hipSetDevice",2659034,2659034,6838,3219595930850174,3219595930850236
"HIP_RUNTIME_API_EXT","hipFree",2659034,2659034,6839,3219595930850844,3219595930851839
"HIP_RUNTIME_API_EXT","hipSetDevice",2659034,2659034,6840,3219595930852203,3219595930852258
"HIP_RUNTIME_API_EXT","hipFree",2659034,2659034,6841,3219595930852576,3219595930853518
"HIP_RUNTIME_API_EXT","hipSetDevice",2659034,2659034,6842,3219595930854018,3219595930854076
"HIP_RUNTIME_API_EXT","hipFree",2659034,2659034,6843,3219595930854394,3219595930855517
"HIP_RUNTIME_API_EXT","hipSetDevice",2659034,2659034,6844,3219595930855878,3219595930855931
"HIP_RUNTIME_API_EXT","hipFree",2659034,2659034,6845,3219595930856239,3219595930857285
"HIP_RUNTIME_API_EXT","hipSetDevice",2659034,2659034,6846,3219595930857823,3219595930857878
"HIP_RUNTIME_API_EXT","hipMalloc",2659034,2659034,6847,3219595930858204,3219595930859234
"HIP_RUNTIME_API_EXT","hipSetDevice",2659034,2659034,6848,3219595930859623,3219595930859678
"HIP_RUNTIME_API_EXT","hipLaunchKernel",2659034,2659034,6849,3219595930860623,3219595930864383
"HIP_RUNTIME_API_EXT","hipGetLastError",2659034,2659034,6850,3219595930864801,3219595930864845
"HIP_RUNTIME_API_EXT","hipSetDevice",2659034,2659034,6851,3219595930865634,3219595930865691
"HIP_RUNTIME_API_EXT","hipMalloc",2659034,2659034,6852,3219595930866018,3219595930866878
"HIP_RUNTIME_API_EXT","hipSetDevice",2659034,2659034,6853,3219595930867266,3219595930867322
"HIP_RUNTIME_API_EXT","hipLaunchKernel",2659034,2659034,6854,3219595930867906,3219595930871157
"HIP_RUNTIME_API_EXT","hipGetLastError",2659034,2659034,6855,3219595930871566,3219595930871618
"HIP_RUNTIME_API_EXT","hipSetDevice",2659034,2659034,6856,3219595930872468,3219595930872533
"HIP_RUNTIME_API_EXT","hipMalloc",2659034,2659034,6857,3219595930873137,3219595930874259
"HIP_RUNTIME_API_EXT","hipSetDevice",2659034,2659034,6858,3219595930874641,3219595930874695
"HIP_RUNTIME_API_EXT","hipLaunchKernel",2659034,2659034,6859,3219595930875225,3219595930878866
"HIP_RUNTIME_API_EXT","hipGetLastError",2659034,2659034,6860,3219595930879312,3219595930879356
"HIP_RUNTIME_API_EXT","hipSetDevice",2659034,2659034,6861,3219595930880280,3219595930880340
"HIP_RUNTIME_API_EXT","hipMalloc",2659034,2659034,6862,3219595930880669,3219595930881749
"HIP_RUNTIME_API_EXT","hipSetDevice",2659034,2659034,6863,3219595930882153,3219595930882209
"HIP_RUNTIME_API_EXT","hipLaunchKernel",2659034,2659034,6864,3219595930882749,3219595930885925
"HIP_RUNTIME_API_EXT","hipGetLastError",2659034,2659034,6865,3219595930886780,3219595930886822
"HIP_RUNTIME_API_EXT","hipSetDevice",2659034,2659034,6866,3219595930888174,3219595930888231
"HIP_RUNTIME_API_EXT","hipMalloc",2659034,2659034,6867,3219595930888567,3219595930889851
"HIP_RUNTIME_API_EXT","hipSetDevice",2659034,2659034,6868,3219595930890256,3219595930890311
"HIP_RUNTIME_API_EXT","hipLaunchKernel",2659034,2659034,6869,3219595930890828,3219595930894468
"HIP_RUNTIME_API_EXT","hipGetLastError",2659034,2659034,6870,3219595930895382,3219595930895425
"HIP_RUNTIME_API_EXT","hipSetDevice",2659034,2659034,6871,3219595930896025,3219595930896082
"HIP_RUNTIME_API_EXT","hipMalloc",2659034,2659034,6872,3219595930896431,3219595930898031
"HIP_RUNTIME_API_EXT","hipSetDevice",2659034,2659034,6873,3219595930898461,3219595930898519
"HIP_RUNTIME_API_EXT","hipLaunchKernel",2659034,2659034,6874,3219595930899168,3219595930902646
"HIP_RUNTIME_API_EXT","hipGetLastError",2659034,2659034,6875,3219595930903531,3219595930903576
"HIP_RUNTIME_API_EXT","hipSetDevice",2659034,2659034,6876,3219595930904952,3219595930905018
"HIP_RUNTIME_API_EXT","hipLaunchKernel",2659034,2659034,6877,3219595930905569,3219595930909746
"HIP_RUNTIME_API_EXT","hipGetLastError",2659034,2659034,6878,3219595930910238,3219595930910284
"HIP_RUNTIME_API_EXT","hipSetDevice",2659034,2659034,6879,3219595930910911,3219595930910967
"HIP_RUNTIME_API_EXT","hipMalloc",2659034,2659034,6880,3219595930911557,3219595930912931
"HIP_RUNTIME_API_EXT","hipSetDevice",2659034,2659034,6881,3219595930913346,3219595930913404
"HIP_RUNTIME_API_EXT","hipLaunchKernel",2659034,2659034,6882,3219595930913970,3219595930917477
"HIP_RUNTIME_API_EXT","hipGetLastError",2659034,2659034,6883,3219595930917864,3219595930917907
"HIP_RUNTIME_API_EXT","hipSetDevice",2659034,2659034,6884,3219595930920198,3219595930920373
"HIP_RUNTIME_API_EXT","hipMalloc",2659034,2659034,6885,3219595930920994,3219595930922209
"HIP_RUNTIME_API_EXT","hipSetDevice",2659034,2659034,6886,3219595930922617,3219595930922673
"HIP_RUNTIME_API_EXT","hipLaunchKernel",2659034,2659034,6887,3219595930923202,3219595930926737
"HIP_RUNTIME_API_EXT","hipGetLastError",2659034,2659034,6888,3219595930927248,3219595930927290
"HIP_RUNTIME_API_EXT","hipSetDevice",2659034,2659034,6889,3219595930927915,3219595930927970
"HIP_RUNTIME_API_EXT","hipFree",2659034,2659034,6890,3219595930928306,3219595930948865
"HIP_RUNTIME_API_EXT","hipSetDevice",2659034,2659034,6891,3219595930949565,3219595930949626
"HIP_RUNTIME_API_EXT","hipFree",2659034,2659034,6892,3219595930949941,3219595930952300
"HIP_RUNTIME_API_EXT","hipSetDevice",2659034,2659034,6893,3219595930952706,3219595930952766
"HIP_RUNTIME_API_EXT","hipFree",2659034,2659034,6894,3219595930953097,3219595930954377
"HIP_RUNTIME_API_EXT","hipSetDevice",2659034,2659034,6895,3219595930954744,3219595930954804
"HIP_RUNTIME_API_EXT","hipFree",2659034,2659034,6896,3219595930955115,3219595930956273
"HIP_RUNTIME_API_EXT","hipSetDevice",2659034,2659034,6897,3219595930956733,3219595930956790
"HIP_RUNTIME_API_EXT","hipFree",2659034,2659034,6898,3219595930957106,3219595930958028
"HIP_RUNTIME_API_EXT","hipSetDevice",2659034,2659034,6899,3219595930958413,3219595930958468
"HIP_RUNTIME_API_EXT","hipFree",2659034,2659034,6900,3219595930958782,3219595930959770
"HIP_RUNTIME_API_EXT","hipSetDevice",2659034,2659034,6901,3219595930960153,3219595930960209
"HIP_RUNTIME_API_EXT","hipFree",2659034,2659034,6902,3219595930960509,3219595930961661
"HIP_RUNTIME_API_EXT","hipSetDevice",2659034,2659034,6903,3219595930962193,3219595930962247
"HIP_RUNTIME_API_EXT","hipMalloc",2659034,2659034,6904,3219595930962693,3219595930963663
"HIP_RUNTIME_API_EXT","hipSetDevice",2659034,2659034,6905,3219595930964357,3219595930964413
"HIP_RUNTIME_API_EXT","hipMalloc",2659034,2659034,6906,3219595930964810,3219595930965710
"HIP_RUNTIME_API_EXT","hipSetDevice",2659034,2659034,6907,3219595930966130,3219595930966184
"HIP_RUNTIME_API_EXT","hipLaunchKernel",2659034,2659034,6908,3219595930967018,3219595930971277
"HIP_RUNTIME_API_EXT","hipGetLastError",2659034,2659034,6909,3219595930971773,3219595930971816
"HIP_RUNTIME_API_EXT","hipSetDevice",2659034,2659034,6910,3219595930972713,3219595930972775
"HIP_RUNTIME_API_EXT","hipMalloc",2659034,2659034,6911,3219595930973157,3219595930974178
"HIP_RUNTIME_API_EXT","hipSetDevice",2659034,2659034,6912,3219595930974589,3219595930974646
"HIP_RUNTIME_API_EXT","hipLaunchKernel",2659034,2659034,6913,3219595930975364,3219595930979204
"HIP_RUNTIME_API_EXT","hipGetLastError",2659034,2659034,6914,3219595930979924,3219595930979966
"HIP_RUNTIME_API_EXT","hipSetDevice",2659034,2659034,6915,3219595930980804,3219595930980861
"HIP_RUNTIME_API_EXT","hipMalloc",2659034,2659034,6916,3219595930981264,3219595930982562
"HIP_RUNTIME_API_EXT","hipSetDevice",2659034,2659034,6917,3219595930983017,3219595930983073
"HIP_RUNTIME_API_EXT","hipLaunchKernel",2659034,2659034,6918,3219595930983718,3219595930988012
"HIP_RUNTIME_API_EXT","hipGetLastError",2659034,2659034,6919,3219595930988494,3219595930988537
"HIP_RUNTIME_API_EXT","hipSetDevice",2659034,2659034,6920,3219595930989191,3219595930989254
"HIP_RUNTIME_API_EXT","hipMalloc",2659034,2659034,6921,3219595930989654,3219595930990975
"HIP_RUNTIME_API_EXT","hipSetDevice",2659034,2659034,6922,3219595930991484,3219595930991539
"HIP_RUNTIME_API_EXT","hipLaunchKernel",2659034,2659034,6923,3219595930992224,3219595930996308
"HIP_RUNTIME_API_EXT","hipGetLastError",2659034,2659034,6924,3219595930996802,3219595930996844
"HIP_RUNTIME_API_EXT","hipSetDevice",2659034,2659034,6925,3219595930997418,3219595930997474
"HIP_RUNTIME_API_EXT","hipFree",2659034,2659034,6926,3219595930997813,3219595931011890
"HIP_RUNTIME_API_EXT","hipSetDevice",2659034,2659034,6927,3219595931012355,3219595931012417
"HIP_RUNTIME_API_EXT","hipFree",2659034,2659034,6928,3219595931013129,3219595931014141
"HIP_RUNTIME_API_EXT","hipSetDevice",2659034,2659034,6929,3219595931014898,3219595931014954
"HIP_RUNTIME_API_EXT","hipMalloc",2659034,2659034,6930,3219595931015383,3219595931016282
"HIP_RUNTIME_API_EXT","hipSetDevice",2659034,2659034,6931,3219595931017070,3219595931017123
"HIP_RUNTIME_API_EXT","hipLaunchKernel",2659034,2659034,6932,3219595931017704,3219595931021261
"HIP_RUNTIME_API_EXT","hipGetLastError",2659034,2659034,6933,3219595931021756,3219595931021800
"HIP_RUNTIME_API_EXT","hipSetDevice",2659034,2659034,6934,3219595931022328,3219595931022383
"HIP_RUNTIME_API_EXT","hipFree",2659034,2659034,6935,3219595931022786,3219595931047454
"HIP_RUNTIME_API_EXT","hipSetDevice",2659034,2659034,6936,3219595931048449,3219595931048506
"HIP_RUNTIME_API_EXT","hipMalloc",2659034,2659034,6937,3219595931048833,3219595931049825
"HIP_RUNTIME_API_EXT","hipSetDevice",2659034,2659034,6938,3219595931050303,3219595931050360
"HIP_RUNTIME_API_EXT","hipLaunchKernel",2659034,2659034,6939,3219595931051007,3219595931054596
"HIP_RUNTIME_API_EXT","hipGetLastError",2659034,2659034,6940,3219595931055186,3219595931055228
"HIP_RUNTIME_API_EXT","hipSetDevice",2659034,2659034,6941,3219595931055566,3219595931055623
"HIP_RUNTIME_API_EXT","hipFree",2659034,2659034,6942,3219595931056027,3219595931067189
"HIP_RUNTIME_API_EXT","hipSetDevice",2659034,2659034,6943,3219595931067552,3219595931067609
"HIP_RUNTIME_API_EXT","hipFree",2659034,2659034,6944,3219595931068132,3219595931069070
"HIP_RUNTIME_API_EXT","hipSetDevice",2659034,2659034,6945,3219595931069430,3219595931069486
"HIP_RUNTIME_API_EXT","hipFree",2659034,2659034,6946,3219595931069864,3219595931070856
"HIP_RUNTIME_API_EXT","hipSetDevice",2659034,2659034,6947,3219595931071230,3219595931071285
"HIP_RUNTIME_API_EXT","hipFree",2659034,2659034,6948,3219595931071673,3219595931073049
"HIP_RUNTIME_API_EXT","hipSetDevice",2659034,2659034,6949,3219595931073476,3219595931073530
"HIP_RUNTIME_API_EXT","hipFree",2659034,2659034,6950,3219595931073941,3219595931075276
"HIP_RUNTIME_API_EXT","hipSetDevice",2659034,2659034,6951,3219595931076038,3219595931076093
"HIP_RUNTIME_API_EXT","hipMalloc",2659034,2659034,6952,3219595931076443,3219595931077533
"HIP_RUNTIME_API_EXT","hipSetDevice",2659034,2659034,6953,3219595931078008,3219595931078065
"HIP_RUNTIME_API_EXT","hipLaunchKernel",2659034,2659034,6954,3219595931078769,3219595931082543
"HIP_RUNTIME_API_EXT","hipGetLastError",2659034,2659034,6955,3219595931083069,3219595931083167
"HIP_RUNTIME_API_EXT","hipSetDevice",2659034,2659034,6956,3219595931083580,3219595931083636
"HIP_RUNTIME_API_EXT","hipFree",2659034,2659034,6957,3219595931084026,3219595931095076
"HIP_RUNTIME_API_EXT","hipSetDevice",2659034,2659034,6958,3219595931096096,3219595931096156
"HIP_RUNTIME_API_EXT","hipMalloc",2659034,2659034,6959,3219595931096530,3219595931097463
"HIP_RUNTIME_API_EXT","hipSetDevice",2659034,2659034,6960,3219595931097900,3219595931097956
"HIP_RUNTIME_API_EXT","hipLaunchKernel",2659034,2659034,6961,3219595931098550,3219595931102202
"HIP_RUNTIME_API_EXT","hipGetLastError",2659034,2659034,6962,3219595931102733,3219595931102773
"HIP_RUNTIME_API_EXT","hipSetDevice",2659034,2659034,6963,3219595931103482,3219595931103543
"HIP_RUNTIME_API_EXT","hipFree",2659034,2659034,6964,3219595931103879,3219595931122256
"HIP_RUNTIME_API_EXT","hipSetDevice",2659034,2659034,6965,3219595931122635,3219595931122696
"HIP_RUNTIME_API_EXT","hipFree",2659034,2659034,6966,3219595931123219,3219595931124219
"HIP_RUNTIME_API_EXT","hipSetDevice",2659034,2659034,6967,3219595931124628,3219595931124680
"HIP_RUNTIME_API_EXT","hipFree",2659034,2659034,6968,3219595931125072,3219595931126311
"HIP_RUNTIME_API_EXT","hipSetDevice",2659034,2659034,6969,3219595931126705,3219595931126760
"HIP_RUNTIME_API_EXT","hipFree",2659034,2659034,6970,3219595931127152,3219595931128262
"HIP_RUNTIME_API_EXT","hipSetDevice",2659034,2659034,6971,3219595931128941,3219595931128997
"HIP_RUNTIME_API_EXT","hipMemcpy",2659034,2659034,6972,3219595931129301,3219595931133273
"HIP_RUNTIME_API_EXT","hipSetDevice",2659034,2659034,6973,3219595931133732,3219595931133796
"HIP_RUNTIME_API_EXT","hipMemcpy",2659034,2659034,6974,3219595931134171,3219595931137563
"HIP_RUNTIME_API_EXT","hipSetDevice",2659034,2659034,6975,3219595931138120,3219595931138175
"HIP_RUNTIME_API_EXT","hipMemcpy",2659034,2659034,6976,3219595931138550,3219595931142331
"HIP_RUNTIME_API_EXT","hipSetDevice",2659034,2659034,6977,3219595931143313,3219595931143372
"HIP_RUNTIME_API_EXT","hipMemcpy",2659034,2659034,6978,3219595931143724,3219595931147382
"HIP_RUNTIME_API_EXT","hipSetDevice",2659034,2659034,6979,3219595931147852,3219595931147915
"HIP_RUNTIME_API_EXT","hipFree",2659034,2659034,6980,3219595931148280,3219595931159741
"HIP_RUNTIME_API_EXT","hipSetDevice",2659034,2659034,6981,3219595931160400,3219595931160462
"HIP_RUNTIME_API_EXT","hipMalloc",2659034,2659034,6982,3219595931161122,3219595931162027
"HIP_RUNTIME_API_EXT","hipSetDevice",2659034,2659034,6983,3219595931162593,3219595931162651
"HIP_RUNTIME_API_EXT","hipLaunchKernel",2659034,2659034,6984,3219595931163222,3219595931167128
"HIP_RUNTIME_API_EXT","hipGetLastError",2659034,2659034,6985,3219595931167655,3219595931167699
"HIP_RUNTIME_API_EXT","hipSetDevice",2659034,2659034,6986,3219595931168332,3219595931168395
"HIP_RUNTIME_API_EXT","hipMemcpy",2659034,2659034,6987,3219595931168749,3219595931192761
"HIP_RUNTIME_API_EXT","hipSetDevice",2659034,2659034,6988,3219595931193584,3219595931193648
"HIP_RUNTIME_API_EXT","hipFree",2659034,2659034,6989,3219595931194015,3219595931202769
"HIP_RUNTIME_API_EXT","hipSetDevice",2659034,2659034,6990,3219595931203769,3219595931203825
"HIP_RUNTIME_API_EXT","hipLaunchKernel",2659034,2659034,6991,3219595931204387,3219595931208265
"HIP_RUNTIME_API_EXT","hipGetLastError",2659034,2659034,6992,3219595931208775,3219595931208819
"HIP_RUNTIME_API_EXT","hipSetDevice",2659034,2659034,6993,3219595931209439,3219595931209498
"HIP_RUNTIME_API_EXT","hipLaunchKernel",2659034,2659034,6994,3219595931210060,3219595931213444
"HIP_RUNTIME_API_EXT","hipGetLastError",2659034,2659034,6995,3219595931213958,3219595931214000
"HIP_RUNTIME_API_EXT","hipSetDevice",2659034,2659034,6996,3219595931214750,3219595931214803
"HIP_RUNTIME_API_EXT","hipLaunchKernel",2659034,2659034,6997,3219595931215649,3219595931219441
"HIP_RUNTIME_API_EXT","hipGetLastError",2659034,2659034,6998,3219595931219742,3219595931219786
"HIP_RUNTIME_API_EXT","hipSetDevice",2659034,2659034,6999,3219595931220659,3219595931220714
"HIP_RUNTIME_API_EXT","hipLaunchKernel",2659034,2659034,7000,3219595931221326,3219595931225187
"HIP_RUNTIME_API_EXT","hipGetLastError",2659034,2659034,7001,3219595931228559,3219595931228601
"HIP_RUNTIME_API_EXT","hipSetDevice",2659034,2659034,7002,3219595931230330,3219595931230383
"HIP_RUNTIME_API_EXT","hipLaunchKernel",2659034,2659034,7003,3219595931230888,3219595931235109
"HIP_RUNTIME_API_EXT","hipGetLastError",2659034,2659034,7004,3219595931235601,3219595931235642
"HIP_RUNTIME_API_EXT","hipSetDevice",2659034,2659034,7005,3219595931236087,3219595931236142
"HIP_RUNTIME_API_EXT","hipLaunchKernel",2659034,2659034,7006,3219595931236759,3219595931240194
"HIP_RUNTIME_API_EXT","hipGetLastError",2659034,2659034,7007,3219595931241720,3219595931241760
"HIP_RUNTIME_API_EXT","hipSetDevice",2659034,2659034,7008,3219595931242624,3219595931242681
"HIP_RUNTIME_API_EXT","hipLaunchKernel",2659034,2659034,7009,3219595931243371,3219595931253020
"HIP_RUNTIME_API_EXT","hipGetLastError",2659034,2659034,7010,3219595931253427,3219595931253470
"HIP_RUNTIME_API_EXT","hipSetDevice",2659034,2659034,7011,3219595931254105,3219595931254163
"HIP_RUNTIME_API_EXT","hipLaunchKernel",2659034,2659034,7012,3219595931254702,3219595931293334
"HIP_RUNTIME_API_EXT","hipGetLastError",2659034,2659034,7013,3219595931293998,3219595931294101
"HIP_RUNTIME_API_EXT","hipSetDevice",2659034,2659034,7014,3219595931296159,3219595931296254
"HIP_RUNTIME_API_EXT","hipMalloc",2659034,2659034,7015,3219595931296659,3219595931298217
"HIP_RUNTIME_API_EXT","hipSetDevice",2659034,2659034,7016,3219595931298642,3219595931298695
"HIP_RUNTIME_API_EXT","hipMemcpy",2659034,2659034,7017,3219595931299671,3219595931327209
"HIP_RUNTIME_API_EXT","hipSetDevice",2659034,2659034,7018,3219595931328904,3219595931329010
"HIP_RUNTIME_API_EXT","hipMalloc",2659034,2659034,7019,3219595931329399,3219595931330880
"HIP_RUNTIME_API_EXT","hipSetDevice",2659034,2659034,7020,3219595931331473,3219595931331527
"HIP_RUNTIME_API_EXT","hipMemcpy",2659034,2659034,7021,3219595931331993,3219595931349436
"HIP_RUNTIME_API_EXT","hipSetDevice",2659034,2659034,7022,3219595931350444,3219595931350505
"HIP_RUNTIME_API_EXT","hipMalloc",2659034,2659034,7023,3219595931350957,3219595931352124
"HIP_RUNTIME_API_EXT","hipSetDevice",2659034,2659034,7024,3219595931352847,3219595931352906
"HIP_RUNTIME_API_EXT","hipMemcpy",2659034,2659034,7025,3219595931353380,3219595931370107
"HIP_RUNTIME_API_EXT","hipSetDevice",2659034,2659034,7026,3219595931371260,3219595931371316
"HIP_RUNTIME_API_EXT","hipMalloc",2659034,2659034,7027,3219595931371973,3219595931373460
"HIP_RUNTIME_API_EXT","hipSetDevice",2659034,2659034,7028,3219595931374060,3219595931374117
"HIP_RUNTIME_API_EXT","hipLaunchKernel",2659034,2659034,7029,3219595931374778,3219595931378366
"HIP_RUNTIME_API_EXT","hipGetLastError",2659034,2659034,7030,3219595931378958,3219595931379053
"HIP_RUNTIME_API_EXT","hipSetDevice",2659034,2659034,7031,3219595931379720,3219595931379783
"HIP_RUNTIME_API_EXT","hipMalloc",2659034,2659034,7032,3219595931380122,3219595931381083
"HIP_RUNTIME_API_EXT","hipSetDevice",2659034,2659034,7033,3219595931381466,3219595931381522
"HIP_RUNTIME_API_EXT","hipLaunchKernel",2659034,2659034,7034,3219595931382044,3219595931385154
"HIP_RUNTIME_API_EXT","hipGetLastError",2659034,2659034,7035,3219595931386124,3219595931386166
"HIP_RUNTIME_API_EXT","hipSetDevice",2659034,2659034,7036,3219595931387412,3219595931387466
"HIP_RUNTIME_API_EXT","hipMalloc",2659034,2659034,7037,3219595931387805,3219595931389054
"HIP_RUNTIME_API_EXT","hipSetDevice",2659034,2659034,7038,3219595931389689,3219595931389747
"HIP_RUNTIME_API_EXT","hipLaunchKernel",2659034,2659034,7039,3219595931390307,3219595931394814
"HIP_RUNTIME_API_EXT","hipGetLastError",2659034,2659034,7040,3219595931395313,3219595931395357
"HIP_RUNTIME_API_EXT","hipSetDevice",2659034,2659034,7041,3219595931396223,3219595931396280
"HIP_RUNTIME_API_EXT","hipMalloc",2659034,2659034,7042,3219595931396607,3219595931397951
"HIP_RUNTIME_API_EXT","hipSetDevice",2659034,2659034,7043,3219595931398349,3219595931398404
"HIP_RUNTIME_API_EXT","hipLaunchKernel",2659034,2659034,7044,3219595931398926,3219595931402634
"HIP_RUNTIME_API_EXT","hipGetLastError",2659034,2659034,7045,3219595931403206,3219595931403259
"HIP_RUNTIME_API_EXT","hipSetDevice",2659034,2659034,7046,3219595931404140,3219595931404195
"HIP_RUNTIME_API_EXT","hipMalloc",2659034,2659034,7047,3219595931404596,3219595931405986
"HIP_RUNTIME_API_EXT","hipSetDevice",2659034,2659034,7048,3219595931406526,3219595931406580
"HIP_RUNTIME_API_EXT","hipLaunchKernel",2659034,2659034,7049,3219595931407126,3219595931411563
"HIP_RUNTIME_API_EXT","hipGetLastError",2659034,2659034,7050,3219595931411938,3219595931412045
"HIP_RUNTIME_API_EXT","hipSetDevice",2659034,2659034,7051,3219595931413415,3219595931413481
"HIP_RUNTIME_API_EXT","hipMalloc",2659034,2659034,7052,3219595931413822,3219595931414866
"HIP_RUNTIME_API_EXT","hipSetDevice",2659034,2659034,7053,3219595931415270,3219595931415326
"HIP_RUNTIME_API_EXT","hipLaunchKernel",2659034,2659034,7054,3219595931415869,3219595931420318
"HIP_RUNTIME_API_EXT","hipGetLastError",2659034,2659034,7055,3219595931420804,3219595931420847
"HIP_RUNTIME_API_EXT","hipSetDevice",2659034,2659034,7056,3219595931421449,3219595931421510
"HIP_RUNTIME_API_EXT","hipMalloc",2659034,2659034,7057,3219595931421950,3219595931423309
"HIP_RUNTIME_API_EXT","hipSetDevice",2659034,2659034,7058,3219595931423881,3219595931423937
"HIP_RUNTIME_API_EXT","hipLaunchKernel",2659034,2659034,7059,3219595931424529,3219595931428793
"HIP_RUNTIME_API_EXT","hipGetLastError",2659034,2659034,7060,3219595931429251,3219595931429295
"HIP_RUNTIME_API_EXT","hipSetDevice",2659034,2659034,7061,3219595931431737,3219595931431799
"HIP_RUNTIME_API_EXT","hipLaunchKernel",2659034,2659034,7062,3219595931432336,3219595931436210
"HIP_RUNTIME_API_EXT","hipGetLastError",2659034,2659034,7063,3219595931437256,3219595931437299
"HIP_RUNTIME_API_EXT","hipSetDevice",2659034,2659034,7064,3219595931437922,3219595931437979
"HIP_RUNTIME_API_EXT","hipMalloc",2659034,2659034,7065,3219595931438301,3219595931439584
"HIP_RUNTIME_API_EXT","hipSetDevice",2659034,2659034,7066,3219595931440082,3219595931440145
"HIP_RUNTIME_API_EXT","hipLaunchKernel",2659034,2659034,7067,3219595931440875,3219595931445301
"HIP_RUNTIME_API_EXT","hipGetLastError",2659034,2659034,7068,3219595931445735,3219595931445783
"HIP_RUNTIME_API_EXT","hipSetDevice",2659034,2659034,7069,3219595931446807,3219595931446865
"HIP_RUNTIME_API_EXT","hipMalloc",2659034,2659034,7070,3219595931447188,3219595931448355
"HIP_RUNTIME_API_EXT","hipSetDevice",2659034,2659034,7071,3219595931448874,3219595931448933
"HIP_RUNTIME_API_EXT","hipLaunchKernel",2659034,2659034,7072,3219595931449598,3219595931453057
"HIP_RUNTIME_API_EXT","hipGetLastError",2659034,2659034,7073,3219595931453435,3219595931453479
"HIP_RUNTIME_API_EXT","hipSetDevice",2659034,2659034,7074,3219595931454305,3219595931454363
"HIP_RUNTIME_API_EXT","hipFree",2659034,2659034,7075,3219595931454853,3219595931478201
"HIP_RUNTIME_API_EXT","hipSetDevice",2659034,2659034,7076,3219595931479182,3219595931479242
"HIP_RUNTIME_API_EXT","hipFree",2659034,2659034,7077,3219595931479558,3219595931480748
"HIP_RUNTIME_API_EXT","hipSetDevice",2659034,2659034,7078,3219595931481146,3219595931481202
"HIP_RUNTIME_API_EXT","hipFree",2659034,2659034,7079,3219595931481895,3219595931483079
"HIP_RUNTIME_API_EXT","hipSetDevice",2659034,2659034,7080,3219595931483443,3219595931483498
"HIP_RUNTIME_API_EXT","hipFree",2659034,2659034,7081,3219595931483808,3219595931484888
"HIP_RUNTIME_API_EXT","hipSetDevice",2659034,2659034,7082,3219595931485333,3219595931485385
"HIP_RUNTIME_API_EXT","hipFree",2659034,2659034,7083,3219595931485699,3219595931486705
"HIP_RUNTIME_API_EXT","hipSetDevice",2659034,2659034,7084,3219595931487205,3219595931487260
"HIP_RUNTIME_API_EXT","hipFree",2659034,2659034,7085,3219595931487568,3219595931488483
"HIP_RUNTIME_API_EXT","hipSetDevice",2659034,2659034,7086,3219595931488929,3219595931488983
"HIP_RUNTIME_API_EXT","hipFree",2659034,2659034,7087,3219595931489288,3219595931490228
"HIP_RUNTIME_API_EXT","hipSetDevice",2659034,2659034,7088,3219595931490711,3219595931490763
"HIP_RUNTIME_API_EXT","hipMalloc",2659034,2659034,7089,3219595931491105,3219595931491956
"HIP_RUNTIME_API_EXT","hipSetDevice",2659034,2659034,7090,3219595931492506,3219595931492560
"HIP_RUNTIME_API_EXT","hipMalloc",2659034,2659034,7091,3219595931494317,3219595931495176
"HIP_RUNTIME_API_EXT","hipSetDevice",2659034,2659034,7092,3219595931495555,3219595931495610
"HIP_RUNTIME_API_EXT","hipLaunchKernel",2659034,2659034,7093,3219595931496175,3219595931501159
"HIP_RUNTIME_API_EXT","hipGetLastError",2659034,2659034,7094,3219595931501642,3219595931501688
"HIP_RUNTIME_API_EXT","hipSetDevice",2659034,2659034,7095,3219595931502794,3219595931502854
"HIP_RUNTIME_API_EXT","hipMalloc",2659034,2659034,7096,3219595931503501,3219595931504570
"HIP_RUNTIME_API_EXT","hipSetDevice",2659034,2659034,7097,3219595931504941,3219595931504999
"HIP_RUNTIME_API_EXT","hipLaunchKernel",2659034,2659034,7098,3219595931505543,3219595931509346
"HIP_RUNTIME_API_EXT","hipGetLastError",2659034,2659034,7099,3219595931510079,3219595931510125
"HIP_RUNTIME_API_EXT","hipSetDevice",2659034,2659034,7100,3219595931511077,3219595931511142
"HIP_RUNTIME_API_EXT","hipMalloc",2659034,2659034,7101,3219595931511491,3219595931512645
"HIP_RUNTIME_API_EXT","hipSetDevice",2659034,2659034,7102,3219595931513010,3219595931513064
"HIP_RUNTIME_API_EXT","hipLaunchKernel",2659034,2659034,7103,3219595931513610,3219595931517771
"HIP_RUNTIME_API_EXT","hipGetLastError",2659034,2659034,7104,3219595931518184,3219595931518229
"HIP_RUNTIME_API_EXT","hipSetDevice",2659034,2659034,7105,3219595931518976,3219595931519031
"HIP_RUNTIME_API_EXT","hipMalloc",2659034,2659034,7106,3219595931519408,3219595931520314
"HIP_RUNTIME_API_EXT","hipSetDevice",2659034,2659034,7107,3219595931520898,3219595931520952
"HIP_RUNTIME_API_EXT","hipLaunchKernel",2659034,2659034,7108,3219595931521558,3219595931525843
"HIP_RUNTIME_API_EXT","hipGetLastError",2659034,2659034,7109,3219595931526259,3219595931526301
"HIP_RUNTIME_API_EXT","hipSetDevice",2659034,2659034,7110,3219595931526684,3219595931526741
"HIP_RUNTIME_API_EXT","hipFree",2659034,2659034,7111,3219595931527091,3219595931541505
"HIP_RUNTIME_API_EXT","hipSetDevice",2659034,2659034,7112,3219595931542152,3219595931542208
"HIP_RUNTIME_API_EXT","hipFree",2659034,2659034,7113,3219595931542542,3219595931543469
"HIP_RUNTIME_API_EXT","hipSetDevice",2659034,2659034,7114,3219595931544035,3219595931544093
"HIP_RUNTIME_API_EXT","hipMalloc",2659034,2659034,7115,3219595931544752,3219595931545651
"HIP_RUNTIME_API_EXT","hipSetDevice",2659034,2659034,7116,3219595931546258,3219595931546312
"HIP_RUNTIME_API_EXT","hipLaunchKernel",2659034,2659034,7117,3219595931546856,3219595931550673
"HIP_RUNTIME_API_EXT","hipGetLastError",2659034,2659034,7118,3219595931551144,3219595931551187
"HIP_RUNTIME_API_EXT","hipSetDevice",2659034,2659034,7119,3219595931551831,3219595931551894
"HIP_RUNTIME_API_EXT","hipFree",2659034,2659034,7120,3219595931552487,3219595931577661
"HIP_RUNTIME_API_EXT","hipSetDevice",2659034,2659034,7121,3219595931578565,3219595931578625
"HIP_RUNTIME_API_EXT","hipMalloc",2659034,2659034,7122,3219595931578942,3219595931579919
"HIP_RUNTIME_API_EXT","hipSetDevice",2659034,2659034,7123,3219595931580448,3219595931580508
"HIP_RUNTIME_API_EXT","hipLaunchKernel",2659034,2659034,7124,3219595931581091,3219595931584777
"HIP_RUNTIME_API_EXT","hipGetLastError",2659034,2659034,7125,3219595931585198,3219595931585242
"HIP_RUNTIME_API_EXT","hipSetDevice",2659034,2659034,7126,3219595931585602,3219595931585657
"HIP_RUNTIME_API_EXT","hipFree",2659034,2659034,7127,3219595931586094,3219595931597157
"HIP_RUNTIME_API_EXT","hipSetDevice",2659034,2659034,7128,3219595931597524,3219595931597591
"HIP_RUNTIME_API_EXT","hipFree",2659034,2659034,7129,3219595931598141,3219595931599251
"HIP_RUNTIME_API_EXT","hipSetDevice",2659034,2659034,7130,3219595931599610,3219595931599664
"HIP_RUNTIME_API_EXT","hipFree",2659034,2659034,7131,3219595931600049,3219595931601021
"HIP_RUNTIME_API_EXT","hipSetDevice",2659034,2659034,7132,3219595931601387,3219595931601444
"HIP_RUNTIME_API_EXT","hipFree",2659034,2659034,7133,3219595931601828,3219595931602838
"HIP_RUNTIME_API_EXT","hipSetDevice",2659034,2659034,7134,3219595931603221,3219595931603329
"HIP_RUNTIME_API_EXT","hipFree",2659034,2659034,7135,3219595931603880,3219595931605091
"HIP_RUNTIME_API_EXT","hipSetDevice",2659034,2659034,7136,3219595931605618,3219595931605674
"HIP_RUNTIME_API_EXT","hipMalloc",2659034,2659034,7137,3219595931606104,3219595931606929
"HIP_RUNTIME_API_EXT","hipSetDevice",2659034,2659034,7138,3219595931607311,3219595931607367
"HIP_RUNTIME_API_EXT","hipLaunchKernel",2659034,2659034,7139,3219595931607918,3219595931612232
"HIP_RUNTIME_API_EXT","hipGetLastError",2659034,2659034,7140,3219595931612633,3219595931612677
"HIP_RUNTIME_API_EXT","hipSetDevice",2659034,2659034,7141,3219595931613394,3219595931613450
"HIP_RUNTIME_API_EXT","hipMalloc",2659034,2659034,7142,3219595931613879,3219595931614850
"HIP_RUNTIME_API_EXT","hipSetDevice",2659034,2659034,7143,3219595931615242,3219595931615297
"HIP_RUNTIME_API_EXT","hipLaunchKernel",2659034,2659034,7144,3219595931615824,3219595931619074
"HIP_RUNTIME_API_EXT","hipGetLastError",2659034,2659034,7145,3219595931619534,3219595931619577
"HIP_RUNTIME_API_EXT","hipSetDevice",2659034,2659034,7146,3219595931621330,3219595931621383
"HIP_RUNTIME_API_EXT","hipMalloc",2659034,2659034,7147,3219595931621726,3219595931622788
"HIP_RUNTIME_API_EXT","hipSetDevice",2659034,2659034,7148,3219595931623320,3219595931623379
"HIP_RUNTIME_API_EXT","hipLaunchKernel",2659034,2659034,7149,3219595931623888,3219595931627671
"HIP_RUNTIME_API_EXT","hipGetLastError",2659034,2659034,7150,3219595931628182,3219595931628223
"HIP_RUNTIME_API_EXT","hipSetDevice",2659034,2659034,7151,3219595931628854,3219595931628917
"HIP_RUNTIME_API_EXT","hipMalloc",2659034,2659034,7152,3219595931629380,3219595931630716
"HIP_RUNTIME_API_EXT","hipSetDevice",2659034,2659034,7153,3219595931631078,3219595931631138
"HIP_RUNTIME_API_EXT","hipLaunchKernel",2659034,2659034,7154,3219595931631648,3219595931635976
"HIP_RUNTIME_API_EXT","hipGetLastError",2659034,2659034,7155,3219595931636343,3219595931636387
"HIP_RUNTIME_API_EXT","hipSetDevice",2659034,2659034,7156,3219595931637610,3219595931637666
"HIP_RUNTIME_API_EXT","hipMalloc",2659034,2659034,7157,3219595931638024,3219595931639333
"HIP_RUNTIME_API_EXT","hipSetDevice",2659034,2659034,7158,3219595931639700,3219595931639757
"HIP_RUNTIME_API_EXT","hipLaunchKernel",2659034,2659034,7159,3219595931640270,3219595931653499
"HIP_RUNTIME_API_EXT","hipGetLastError",2659034,2659034,7160,3219595931654024,3219595931654066
"HIP_RUNTIME_API_EXT","hipSetDevice",2659034,2659034,7161,3219595931654724,3219595931654781
"HIP_RUNTIME_API_EXT","hipMalloc",2659034,2659034,7162,3219595931655116,3219595931656292
"HIP_RUNTIME_API_EXT","hipSetDevice",2659034,2659034,7163,3219595931656887,3219595931656938
"HIP_RUNTIME_API_EXT","hipLaunchKernel",2659034,2659034,7164,3219595931657592,3219595931661228
"HIP_RUNTIME_API_EXT","hipGetLastError",2659034,2659034,7165,3219595931661900,3219595931661943
"HIP_RUNTIME_API_EXT","hipSetDevice",2659034,2659034,7166,3219595931662917,3219595931662973
"HIP_RUNTIME_API_EXT","hipLaunchKernel",2659034,2659034,7167,3219595931663497,3219595931667634
"HIP_RUNTIME_API_EXT","hipGetLastError",2659034,2659034,7168,3219595931668011,3219595931668050
"HIP_RUNTIME_API_EXT","hipSetDevice",2659034,2659034,7169,3219595931668787,3219595931668844
"HIP_RUNTIME_API_EXT","hipMalloc",2659034,2659034,7170,3219595931669463,3219595931670648
"HIP_RUNTIME_API_EXT","hipSetDevice",2659034,2659034,7171,3219595931671047,3219595931671108
"HIP_RUNTIME_API_EXT","hipLaunchKernel",2659034,2659034,7172,3219595931671879,3219595931677077
"HIP_RUNTIME_API_EXT","hipGetLastError",2659034,2659034,7173,3219595931677730,3219595931677825
"HIP_RUNTIME_API_EXT","hipSetDevice",2659034,2659034,7174,3219595931679043,3219595931679100
"HIP_RUNTIME_API_EXT","hipMalloc",2659034,2659034,7175,3219595931679506,3219595931680855
"HIP_RUNTIME_API_EXT","hipSetDevice",2659034,2659034,7176,3219595931681246,3219595931681303
"HIP_RUNTIME_API_EXT","hipLaunchKernel",2659034,2659034,7177,3219595931681823,3219595931685577
"HIP_RUNTIME_API_EXT","hipGetLastError",2659034,2659034,7178,3219595931685913,3219595931685953
"HIP_RUNTIME_API_EXT","hipSetDevice",2659034,2659034,7179,3219595931686528,3219595931686583
"HIP_RUNTIME_API_EXT","hipFree",2659034,2659034,7180,3219595931686919,3219595931708181
"HIP_RUNTIME_API_EXT","hipSetDevice",2659034,2659034,7181,3219595931708858,3219595931708917
"HIP_RUNTIME_API_EXT","hipFree",2659034,2659034,7182,3219595931709242,3219595931710170
"HIP_RUNTIME_API_EXT","hipSetDevice",2659034,2659034,7183,3219595931710576,3219595931710629
"HIP_RUNTIME_API_EXT","hipFree",2659034,2659034,7184,3219595931710999,3219595931712351
"HIP_RUNTIME_API_EXT","hipSetDevice",2659034,2659034,7185,3219595931712779,3219595931712832
"HIP_RUNTIME_API_EXT","hipFree",2659034,2659034,7186,3219595931713165,3219595931714246
"HIP_RUNTIME_API_EXT","hipSetDevice",2659034,2659034,7187,3219595931714599,3219595931714652
"HIP_RUNTIME_API_EXT","hipFree",2659034,2659034,7188,3219595931715187,3219595931716162
"HIP_RUNTIME_API_EXT","hipSetDevice",2659034,2659034,7189,3219595931716506,3219595931716563
"HIP_RUNTIME_API_EXT","hipFree",2659034,2659034,7190,3219595931716896,3219595931717856
"HIP_RUNTIME_API_EXT","hipSetDevice",2659034,2659034,7191,3219595931718256,3219595931718314
"HIP_RUNTIME_API_EXT","hipFree",2659034,2659034,7192,3219595931718689,3219595931719733
"HIP_RUNTIME_API_EXT","hipSetDevice",2659034,2659034,7193,3219595931720175,3219595931720235
"HIP_RUNTIME_API_EXT","hipMalloc",2659034,2659034,7194,3219595931720565,3219595931721421
"HIP_RUNTIME_API_EXT","hipSetDevice",2659034,2659034,7195,3219595931723142,3219595931723194
"HIP_RUNTIME_API_EXT","hipMalloc",2659034,2659034,7196,3219595931723689,3219595931724539
"HIP_RUNTIME_API_EXT","hipSetDevice",2659034,2659034,7197,3219595931725055,3219595931725110
"HIP_RUNTIME_API_EXT","hipLaunchKernel",2659034,2659034,7198,3219595931725653,3219595931730055
"HIP_RUNTIME_API_EXT","hipGetLastError",2659034,2659034,7199,3219595931730542,3219595931730591
"HIP_RUNTIME_API_EXT","hipSetDevice",2659034,2659034,7200,3219595931731754,3219595931731812
"HIP_RUNTIME_API_EXT","hipMalloc",2659034,2659034,7201,3219595931732172,3219595931733205
"HIP_RUNTIME_API_EXT","hipSetDevice",2659034,2659034,7202,3219595931733644,3219595931733699
"HIP_RUNTIME_API_EXT","hipLaunchKernel",2659034,2659034,7203,3219595931734268,3219595931737881
"HIP_RUNTIME_API_EXT","hipGetLastError",2659034,2659034,7204,3219595931739701,3219595931739742
"HIP_RUNTIME_API_EXT","hipSetDevice",2659034,2659034,7205,3219595931740614,3219595931740672
"HIP_RUNTIME_API_EXT","hipMalloc",2659034,2659034,7206,3219595931741182,3219595931742542
"HIP_RUNTIME_API_EXT","hipSetDevice",2659034,2659034,7207,3219595931742929,3219595931742986
"HIP_RUNTIME_API_EXT","hipLaunchKernel",2659034,2659034,7208,3219595931743516,3219595931747882
"HIP_RUNTIME_API_EXT","hipGetLastError",2659034,2659034,7209,3219595931748363,3219595931748409
"HIP_RUNTIME_API_EXT","hipSetDevice",2659034,2659034,7210,3219595931749114,3219595931749177
"HIP_RUNTIME_API_EXT","hipMalloc",2659034,2659034,7211,3219595931749691,3219595931750769
"HIP_RUNTIME_API_EXT","hipSetDevice",2659034,2659034,7212,3219595931751153,3219595931751208
"HIP_RUNTIME_API_EXT","hipLaunchKernel",2659034,2659034,7213,3219595931751713,3219595931756285
"HIP_RUNTIME_API_EXT","hipGetLastError",2659034,2659034,7214,3219595931756744,3219595931756787
"HIP_RUNTIME_API_EXT","hipSetDevice",2659034,2659034,7215,3219595931757314,3219595931757371
"HIP_RUNTIME_API_EXT","hipFree",2659034,2659034,7216,3219595931757816,3219595931771432
"HIP_RUNTIME_API_EXT","hipSetDevice",2659034,2659034,7217,3219595931771794,3219595931771857
"HIP_RUNTIME_API_EXT","hipFree",2659034,2659034,7218,3219595931772382,3219595931773400
"HIP_RUNTIME_API_EXT","hipSetDevice",2659034,2659034,7219,3219595931774170,3219595931774229
"HIP_RUNTIME_API_EXT","hipMalloc",2659034,2659034,7220,3219595931774590,3219595931775500
"HIP_RUNTIME_API_EXT","hipSetDevice",2659034,2659034,7221,3219595931775889,3219595931775942
"HIP_RUNTIME_API_EXT","hipLaunchKernel",2659034,2659034,7222,3219595931776456,3219595931779985
"HIP_RUNTIME_API_EXT","hipGetLastError",2659034,2659034,7223,3219595931780396,3219595931780440
"HIP_RUNTIME_API_EXT","hipSetDevice",2659034,2659034,7224,3219595931780931,3219595931780989
"HIP_RUNTIME_API_EXT","hipFree",2659034,2659034,7225,3219595931781469,3219595931806633
"HIP_RUNTIME_API_EXT","hipSetDevice",2659034,2659034,7226,3219595931807584,3219595931807639
"HIP_RUNTIME_API_EXT","hipMalloc",2659034,2659034,7227,3219595931807979,3219595931808969
"HIP_RUNTIME_API_EXT","hipSetDevice",2659034,2659034,7228,3219595931809488,3219595931809548
"HIP_RUNTIME_API_EXT","hipLaunchKernel",2659034,2659034,7229,3219595931810144,3219595931813815
"HIP_RUNTIME_API_EXT","hipGetLastError",2659034,2659034,7230,3219595931814401,3219595931814444
"HIP_RUNTIME_API_EXT","hipSetDevice",2659034,2659034,7231,3219595931814848,3219595931814909
"HIP_RUNTIME_API_EXT","hipFree",2659034,2659034,7232,3219595931815319,3219595931826387
"HIP_RUNTIME_API_EXT","hipSetDevice",2659034,2659034,7233,3219595931827234,3219595931827295
"HIP_RUNTIME_API_EXT","hipFree",2659034,2659034,7234,3219595931827842,3219595931828793
"HIP_RUNTIME_API_EXT","hipSetDevice",2659034,2659034,7235,3219595931829154,3219595931829213
"HIP_RUNTIME_API_EXT","hipFree",2659034,2659034,7236,3219595931829615,3219595931830620
"HIP_RUNTIME_API_EXT","hipSetDevice",2659034,2659034,7237,3219595931830976,3219595931831031
"HIP_RUNTIME_API_EXT","hipFree",2659034,2659034,7238,3219595931831353,3219595931832661
"HIP_RUNTIME_API_EXT","hipSetDevice",2659034,2659034,7239,3219595931833014,3219595931833069
"HIP_RUNTIME_API_EXT","hipFree",2659034,2659034,7240,3219595931833452,3219595931834880
"HIP_RUNTIME_API_EXT","hipSetDevice",2659034,2659034,7241,3219595931835476,3219595931835531
"HIP_RUNTIME_API_EXT","hipMalloc",2659034,2659034,7242,3219595931835921,3219595931836721
"HIP_RUNTIME_API_EXT","hipSetDevice",2659034,2659034,7243,3219595931837109,3219595931837166
"HIP_RUNTIME_API_EXT","hipLaunchKernel",2659034,2659034,7244,3219595931837709,3219595931841465
"HIP_RUNTIME_API_EXT","hipGetLastError",2659034,2659034,7245,3219595931842008,3219595931842049
"HIP_RUNTIME_API_EXT","hipSetDevice",2659034,2659034,7246,3219595931842521,3219595931842585
"HIP_RUNTIME_API_EXT","hipFree",2659034,2659034,7247,3219595931842977,3219595931853893
"HIP_RUNTIME_API_EXT","hipSetDevice",2659034,2659034,7248,3219595931855034,3219595931855092
"HIP_RUNTIME_API_EXT","hipMalloc",2659034,2659034,7249,3219595931855458,3219595931856354
"HIP_RUNTIME_API_EXT","hipSetDevice",2659034,2659034,7250,3219595931856804,3219595931856859
"HIP_RUNTIME_API_EXT","hipLaunchKernel",2659034,2659034,7251,3219595931857476,3219595931861055
"HIP_RUNTIME_API_EXT","hipGetLastError",2659034,2659034,7252,3219595931861541,3219595931861584
"HIP_RUNTIME_API_EXT","hipSetDevice",2659034,2659034,7253,3219595931862192,3219595931862255
"HIP_RUNTIME_API_EXT","hipFree",2659034,2659034,7254,3219595931862608,3219595931880093
"HIP_RUNTIME_API_EXT","hipSetDevice",2659034,2659034,7255,3219595931880570,3219595931880641
"HIP_RUNTIME_API_EXT","hipFree",2659034,2659034,7256,3219595931881223,3219595931882291
"HIP_RUNTIME_API_EXT","hipSetDevice",2659034,2659034,7257,3219595931882720,3219595931882775
"HIP_RUNTIME_API_EXT","hipFree",2659034,2659034,7258,3219595931883273,3219595931884432
"HIP_RUNTIME_API_EXT","hipSetDevice",2659034,2659034,7259,3219595931884868,3219595931884926
"HIP_RUNTIME_API_EXT","hipFree",2659034,2659034,7260,3219595931885264,3219595931886320
"HIP_RUNTIME_API_EXT","hipSetDevice",2659034,2659034,7261,3219595931886984,3219595931887039
"HIP_RUNTIME_API_EXT","hipMemcpy",2659034,2659034,7262,3219595931887396,3219595931891921
"HIP_RUNTIME_API_EXT","hipSetDevice",2659034,2659034,7263,3219595931892471,3219595931892535
"HIP_RUNTIME_API_EXT","hipMemcpy",2659034,2659034,7264,3219595931892953,3219595931896392
"HIP_RUNTIME_API_EXT","hipSetDevice",2659034,2659034,7265,3219595931896908,3219595931896968
"HIP_RUNTIME_API_EXT","hipFree",2659034,2659034,7266,3219595931897309,3219595931908429
"HIP_RUNTIME_API_EXT","hipSetDevice",2659034,2659034,7267,3219595931909870,3219595931909940
"HIP_RUNTIME_API_EXT","hipMalloc",2659034,2659034,7268,3219595931910289,3219595931911107
"HIP_RUNTIME_API_EXT","hipSetDevice",2659034,2659034,7269,3219595931911532,3219595931911589
"HIP_RUNTIME_API_EXT","hipMemcpy",2659034,2659034,7270,3219595931911986,3219595931928495
"HIP_RUNTIME_API_EXT","hipSetDevice",2659034,2659034,7271,3219595931929505,3219595931929564
"HIP_RUNTIME_API_EXT","hipMalloc",2659034,2659034,7272,3219595931930014,3219595931930974
"HIP_RUNTIME_API_EXT","hipSetDevice",2659034,2659034,7273,3219595931931440,3219595931931492
"HIP_RUNTIME_API_EXT","hipLaunchKernel",2659034,2659034,7274,3219595931932080,3219595931936027
"HIP_RUNTIME_API_EXT","hipGetLastError",2659034,2659034,7275,3219595931936585,3219595931936627
"HIP_RUNTIME_API_EXT","hipSetDevice",2659034,2659034,7276,3219595931937334,3219595931937397
"HIP_RUNTIME_API_EXT","hipMalloc",2659034,2659034,7277,3219595931937787,3219595931938888
"HIP_RUNTIME_API_EXT","hipSetDevice",2659034,2659034,7278,3219595931939284,3219595931939341
"HIP_RUNTIME_API_EXT","hipLaunchKernel",2659034,2659034,7279,3219595931939850,3219595931944767
"HIP_RUNTIME_API_EXT","hipGetLastError",2659034,2659034,7280,3219595931945351,3219595931945393
"HIP_RUNTIME_API_EXT","hipSetDevice",2659034,2659034,7281,3219595931946508,3219595931946567
"HIP_RUNTIME_API_EXT","hipMalloc",2659034,2659034,7282,3219595931947006,3219595931948180
"HIP_RUNTIME_API_EXT","hipSetDevice",2659034,2659034,7283,3219595931948616,3219595931948670
"HIP_RUNTIME_API_EXT","hipLaunchKernel",2659034,2659034,7284,3219595931949199,3219595931952797
"HIP_RUNTIME_API_EXT","hipGetLastError",2659034,2659034,7285,3219595931953526,3219595931953580
"HIP_RUNTIME_API_EXT","hipSetDevice",2659034,2659034,7286,3219595931954414,3219595931954474
"HIP_RUNTIME_API_EXT","hipMalloc",2659034,2659034,7287,3219595931954823,3219595931956112
"HIP_RUNTIME_API_EXT","hipSetDevice",2659034,2659034,7288,3219595931956516,3219595931956571
"HIP_RUNTIME_API_EXT","hipLaunchKernel",2659034,2659034,7289,3219595931957250,3219595931961212
"HIP_RUNTIME_API_EXT","hipGetLastError",2659034,2659034,7290,3219595931961767,3219595931961812
"HIP_RUNTIME_API_EXT","hipSetDevice",2659034,2659034,7291,3219595931962592,3219595931962650
"HIP_RUNTIME_API_EXT","hipMalloc",2659034,2659034,7292,3219595931963034,3219595931964127
"HIP_RUNTIME_API_EXT","hipSetDevice",2659034,2659034,7293,3219595931964521,3219595931964577
"HIP_RUNTIME_API_EXT","hipLaunchKernel",2659034,2659034,7294,3219595931965091,3219595931968976
"HIP_RUNTIME_API_EXT","hipGetLastError",2659034,2659034,7295,3219595931969434,3219595931969476
"HIP_RUNTIME_API_EXT","hipSetDevice",2659034,2659034,7296,3219595931970480,3219595931970536
"HIP_RUNTIME_API_EXT","hipMalloc",2659034,2659034,7297,3219595931970974,3219595931972394
"HIP_RUNTIME_API_EXT","hipSetDevice",2659034,2659034,7298,3219595931972845,3219595931972905
"HIP_RUNTIME_API_EXT","hipLaunchKernel",2659034,2659034,7299,3219595931973435,3219595931977832
"HIP_RUNTIME_API_EXT","hipGetLastError",2659034,2659034,7300,3219595931978322,3219595931978367
"HIP_RUNTIME_API_EXT","hipSetDevice",2659034,2659034,7301,3219595931979067,3219595931979131
"HIP_RUNTIME_API_EXT","hipMalloc",2659034,2659034,7302,3219595931979647,3219595931980868
"HIP_RUNTIME_API_EXT","hipSetDevice",2659034,2659034,7303,3219595931981290,3219595931981349
"HIP_RUNTIME_API_EXT","hipLaunchKernel",2659034,2659034,7304,3219595931982020,3219595931988186
"HIP_RUNTIME_API_EXT","hipGetLastError",2659034,2659034,7305,3219595931988553,3219595931988594
"HIP_RUNTIME_API_EXT","hipSetDevice",2659034,2659034,7306,3219595931989274,3219595931989331
"HIP_RUNTIME_API_EXT","hipMalloc",2659034,2659034,7307,3219595931989690,3219595931990872
"HIP_RUNTIME_API_EXT","hipSetDevice",2659034,2659034,7308,3219595931991295,3219595931991354
"HIP_RUNTIME_API_EXT","hipLaunchKernel",2659034,2659034,7309,3219595931991860,3219595931998085
"HIP_RUNTIME_API_EXT","hipGetLastError",2659034,2659034,7310,3219595932010019,3219595932010140
"HIP_RUNTIME_API_EXT","hipSetDevice",2659034,2659034,7311,3219595932010779,3219595932010866
"HIP_RUNTIME_API_EXT","hipMalloc",2659034,2659034,7312,3219595932011262,3219595932013061
"HIP_RUNTIME_API_EXT","hipSetDevice",2659034,2659034,7313,3219595932013462,3219595932013519
"HIP_RUNTIME_API_EXT","hipLaunchKernel",2659034,2659034,7314,3219595932014254,3219595932018466
"HIP_RUNTIME_API_EXT","hipGetLastError",2659034,2659034,7315,3219595932018993,3219595932019039
"HIP_RUNTIME_API_EXT","hipSetDevice",2659034,2659034,7316,3219595932019442,3219595932019499
"HIP_RUNTIME_API_EXT","hipFree",2659034,2659034,7317,3219595932019918,3219595932035691
"HIP_RUNTIME_API_EXT","hipSetDevice",2659034,2659034,7318,3219595932037855,3219595932037924
"HIP_RUNTIME_API_EXT","hipMalloc",2659034,2659034,7319,3219595932038346,3219595932039396
"HIP_RUNTIME_API_EXT","hipSetDevice",2659034,2659034,7320,3219595932039986,3219595932040039
"HIP_RUNTIME_API_EXT","hipLaunchKernel",2659034,2659034,7321,3219595932040696,3219595932044891
"HIP_RUNTIME_API_EXT","hipGetLastError",2659034,2659034,7322,3219595932045356,3219595932045401
"HIP_RUNTIME_API_EXT","hipSetDevice",2659034,2659034,7323,3219595932045926,3219595932045982
"HIP_RUNTIME_API_EXT","hipFree",2659034,2659034,7324,3219595932046389,3219595932057636
"HIP_RUNTIME_API_EXT","hipSetDevice",2659034,2659034,7325,3219595932058794,3219595932058853
"HIP_RUNTIME_API_EXT","hipMalloc",2659034,2659034,7326,3219595932059233,3219595932060458
"HIP_RUNTIME_API_EXT","hipSetDevice",2659034,2659034,7327,3219595932061311,3219595932061367
"HIP_RUNTIME_API_EXT","hipMemcpy",2659034,2659034,7328,3219595932061895,3219595932065993
"HIP_RUNTIME_API_EXT","hipSetDevice",2659034,2659034,7329,3219595932066566,3219595932066626
"HIP_RUNTIME_API_EXT","hipMemcpy",2659034,2659034,7330,3219595932067104,3219595932070382
"HIP_RUNTIME_API_EXT","hipSetDevice",2659034,2659034,7331,3219595932071231,3219595932071300
"HIP_RUNTIME_API_EXT","hipMalloc",2659034,2659034,7332,3219595932071666,3219595932073884
"HIP_RUNTIME_API_EXT","hipSetDevice",2659034,2659034,7333,3219595932074480,3219595932074540
"HIP_RUNTIME_API_EXT","hipMemcpy",2659034,2659034,7334,3219595932074939,3219595932079086
"HIP_RUNTIME_API_EXT","hipSetDevice",2659034,2659034,7335,3219595932079559,3219595932079622
"HIP_RUNTIME_API_EXT","hipMemcpy",2659034,2659034,7336,3219595932080021,3219595932083473
"HIP_RUNTIME_API_EXT","hipSetDevice",2659034,2659034,7337,3219595932084301,3219595932084363
"HIP_RUNTIME_API_EXT","hipMalloc",2659034,2659034,7338,3219595932084781,3219595932086016
"HIP_RUNTIME_API_EXT","hipSetDevice",2659034,2659034,7339,3219595932086569,3219595932086625
"HIP_RUNTIME_API_EXT","hipLaunchKernel",2659034,2659034,7340,3219595932087526,3219595932092464
"HIP_RUNTIME_API_EXT","hipGetLastError",2659034,2659034,7341,3219595932092940,3219595932093039
"HIP_RUNTIME_API_EXT","hipSetDevice",2659034,2659034,7342,3219595932094076,3219595932094133
"HIP_RUNTIME_API_EXT","hipMalloc",2659034,2659034,7343,3219595932094500,3219595932096062
"HIP_RUNTIME_API_EXT","hipSetDevice",2659034,2659034,7344,3219595932096470,3219595932096528
"HIP_RUNTIME_API_EXT","hipLaunchKernel",2659034,2659034,7345,3219595932097060,3219595932100745
"HIP_RUNTIME_API_EXT","hipGetLastError",2659034,2659034,7346,3219595932101256,3219595932101299
"HIP_RUNTIME_API_EXT","hipSetDevice",2659034,2659034,7347,3219595932101971,3219595932102032
"HIP_RUNTIME_API_EXT","hipFree",2659034,2659034,7348,3219595932102398,3219595932113771
"HIP_RUNTIME_API_EXT","hipSetDevice",2659034,2659034,7349,3219595932114994,3219595932115053
"HIP_RUNTIME_API_EXT","hipMalloc",2659034,2659034,7350,3219595932115474,3219595932116392
"HIP_RUNTIME_API_EXT","hipSetDevice",2659034,2659034,7351,3219595932118854,3219595932118932
"HIP_RUNTIME_API_EXT","hipLaunchKernel",2659034,2659034,7352,3219595932119798,3219595932136362
"HIP_RUNTIME_API_EXT","hipGetLastError",2659034,2659034,7353,3219595932137010,3219595932137052
"HIP_RUNTIME_API_EXT","hipSetDevice",2659034,2659034,7354,3219595932137818,3219595932137874
"HIP_RUNTIME_API_EXT","hipFree",2659034,2659034,7355,3219595932138385,3219595932155378
"HIP_RUNTIME_API_EXT","hipSetDevice",2659034,2659034,7356,3219595932155867,3219595932155925
"HIP_RUNTIME_API_EXT","hipFree",2659034,2659034,7357,3219595932156239,3219595932157320
"HIP_RUNTIME_API_EXT","hipSetDevice",2659034,2659034,7358,3219595932157683,3219595932157734
"HIP_RUNTIME_API_EXT","hipFree",2659034,2659034,7359,3219595932158111,3219595932159146
"HIP_RUNTIME_API_EXT","hipSetDevice",2659034,2659034,7360,3219595932159561,3219595932159614
"HIP_RUNTIME_API_EXT","hipFree",2659034,2659034,7361,3219595932160391,3219595932162582
"HIP_RUNTIME_API_EXT","hipSetDevice",2659034,2659034,7362,3219595932163105,3219595932163163
"HIP_RUNTIME_API_EXT","hipFree",2659034,2659034,7363,3219595932163659,3219595932164856
"HIP_RUNTIME_API_EXT","hipSetDevice",2659034,2659034,7364,3219595932165342,3219595932165396
"HIP_RUNTIME_API_EXT","hipFree",2659034,2659034,7365,3219595932165719,3219595932166901
"HIP_RUNTIME_API_EXT","hipSetDevice",2659034,2659034,7366,3219595932167325,3219595932167379
"HIP_RUNTIME_API_EXT","hipFree",2659034,2659034,7367,3219595932167759,3219595932168852
"HIP_RUNTIME_API_EXT","hipSetDevice",2659034,2659034,7368,3219595932169638,3219595932169692
"HIP_RUNTIME_API_EXT","hipMalloc",2659034,2659034,7369,3219595932170158,3219595932171144
"HIP_RUNTIME_API_EXT","hipSetDevice",2659034,2659034,7370,3219595932171588,3219595932171646
"HIP_RUNTIME_API_EXT","hipLaunchKernel",2659034,2659034,7371,3219595932174956,3219595932198325
"HIP_RUNTIME_API_EXT","hipGetLastError",2659034,2659034,7372,3219595932199336,3219595932199381
"HIP_RUNTIME_API_EXT","hipSetDevice",2659034,2659034,7373,3219595932200007,3219595932200071
"HIP_RUNTIME_API_EXT","hipFree",2659034,2659034,7374,3219595932200416,3219595932211131
"HIP_RUNTIME_API_EXT","hipSetDevice",2659034,2659034,7375,3219595932211673,3219595932211735
"HIP_RUNTIME_API_EXT","hipFree",2659034,2659034,7376,3219595932212386,3219595932213860
"HIP_RUNTIME_API_EXT","hipSetDevice",2659034,2659034,7377,3219595932214764,3219595932214818
"HIP_RUNTIME_API_EXT","hipMalloc",2659034,2659034,7378,3219595932215297,3219595932216200
"HIP_RUNTIME_API_EXT","hipSetDevice",2659034,2659034,7379,3219595932216736,3219595932216796
"HIP_RUNTIME_API_EXT","hipLaunchKernel",2659034,2659034,7380,3219595932217370,3219595932220968
"HIP_RUNTIME_API_EXT","hipGetLastError",2659034,2659034,7381,3219595932221357,3219595932221401
"HIP_RUNTIME_API_EXT","hipSetDevice",2659034,2659034,7382,3219595932222144,3219595932222201
"HIP_RUNTIME_API_EXT","hipMalloc",2659034,2659034,7383,3219595932222898,3219595932224242
"HIP_RUNTIME_API_EXT","hipSetDevice",2659034,2659034,7384,3219595932224640,3219595932224698
"HIP_RUNTIME_API_EXT","hipLaunchKernel",2659034,2659034,7385,3219595932225237,3219595932228532
"HIP_RUNTIME_API_EXT","hipGetLastError",2659034,2659034,7386,3219595932229168,3219595932229211
"HIP_RUNTIME_API_EXT","hipSetDevice",2659034,2659034,7387,3219595932230223,3219595932230277
"HIP_RUNTIME_API_EXT","hipMalloc",2659034,2659034,7388,3219595932230815,3219595932232284
"HIP_RUNTIME_API_EXT","hipSetDevice",2659034,2659034,7389,3219595932232691,3219595932232745
"HIP_RUNTIME_API_EXT","hipLaunchKernel",2659034,2659034,7390,3219595932233249,3219595932237224
"HIP_RUNTIME_API_EXT","hipGetLastError",2659034,2659034,7391,3219595932237784,3219595932237828
"HIP_RUNTIME_API_EXT","hipSetDevice",2659034,2659034,7392,3219595932238431,3219595932238486
"HIP_RUNTIME_API_EXT","hipMalloc",2659034,2659034,7393,3219595932238815,3219595932239857
"HIP_RUNTIME_API_EXT","hipSetDevice",2659034,2659034,7394,3219595932240286,3219595932240342
"HIP_RUNTIME_API_EXT","hipLaunchKernel",2659034,2659034,7395,3219595932241010,3219595932245082
"HIP_RUNTIME_API_EXT","hipGetLastError",2659034,2659034,7396,3219595932245522,3219595932245565
"HIP_RUNTIME_API_EXT","hipSetDevice",2659034,2659034,7397,3219595932245924,3219595932245980
"HIP_RUNTIME_API_EXT","hipFree",2659034,2659034,7398,3219595932246473,3219595932260195
"HIP_RUNTIME_API_EXT","hipSetDevice",2659034,2659034,7399,3219595932260712,3219595932260774
"HIP_RUNTIME_API_EXT","hipFree",2659034,2659034,7400,3219595932261657,3219595932262708
"HIP_RUNTIME_API_EXT","hipSetDevice",2659034,2659034,7401,3219595932263467,3219595932263523
"HIP_RUNTIME_API_EXT","hipMalloc",2659034,2659034,7402,3219595932264137,3219595932265040
"HIP_RUNTIME_API_EXT","hipSetDevice",2659034,2659034,7403,3219595932265666,3219595932265728
"HIP_RUNTIME_API_EXT","hipLaunchKernel",2659034,2659034,7404,3219595932266257,3219595932270014
"HIP_RUNTIME_API_EXT","hipGetLastError",2659034,2659034,7405,3219595932270442,3219595932270494
"HIP_RUNTIME_API_EXT","hipSetDevice",2659034,2659034,7406,3219595932270927,3219595932270983
"HIP_RUNTIME_API_EXT","hipFree",2659034,2659034,7407,3219595932271507,3219595932296269
"HIP_RUNTIME_API_EXT","hipSetDevice",2659034,2659034,7408,3219595932297131,3219595932297186
"HIP_RUNTIME_API_EXT","hipMalloc",2659034,2659034,7409,3219595932297508,3219595932298585
"HIP_RUNTIME_API_EXT","hipSetDevice",2659034,2659034,7410,3219595932299067,3219595932299124
"HIP_RUNTIME_API_EXT","hipLaunchKernel",2659034,2659034,7411,3219595932299764,3219595932303241
"HIP_RUNTIME_API_EXT","hipGetLastError",2659034,2659034,7412,3219595932303637,3219595932303682
"HIP_RUNTIME_API_EXT","hipSetDevice",2659034,2659034,7413,3219595932304104,3219595932304166
"HIP_RUNTIME_API_EXT","hipFree",2659034,2659034,7414,3219595932304503,3219595932315486
"HIP_RUNTIME_API_EXT","hipSetDevice",2659034,2659034,7415,3219595932316007,3219595932316070
"HIP_RUNTIME_API_EXT","hipFree",2659034,2659034,7416,3219595932316594,3219595932317546
"HIP_RUNTIME_API_EXT","hipSetDevice",2659034,2659034,7417,3219595932318021,3219595932318075
"HIP_RUNTIME_API_EXT","hipFree",2659034,2659034,7418,3219595932318520,3219595932319750
"HIP_RUNTIME_API_EXT","hipSetDevice",2659034,2659034,7419,3219595932320223,3219595932320277
"HIP_RUNTIME_API_EXT","hipFree",2659034,2659034,7420,3219595932320798,3219595932322010
"HIP_RUNTIME_API_EXT","hipSetDevice",2659034,2659034,7421,3219595932322710,3219595932322763
"HIP_RUNTIME_API_EXT","hipMalloc",2659034,2659034,7422,3219595932323256,3219595932324216
"HIP_RUNTIME_API_EXT","hipSetDevice",2659034,2659034,7423,3219595932324788,3219595932324841
"HIP_RUNTIME_API_EXT","hipLaunchKernel",2659034,2659034,7424,3219595932325531,3219595932329228
"HIP_RUNTIME_API_EXT","hipGetLastError",2659034,2659034,7425,3219595932330036,3219595932330079
"HIP_RUNTIME_API_EXT","hipSetDevice",2659034,2659034,7426,3219595932330732,3219595932330791
"HIP_RUNTIME_API_EXT","hipMalloc",2659034,2659034,7427,3219595932331395,3219595932332299
"HIP_RUNTIME_API_EXT","hipSetDevice",2659034,2659034,7428,3219595932332727,3219595932332783
"HIP_RUNTIME_API_EXT","hipLaunchKernel",2659034,2659034,7429,3219595932333349,3219595932336656
"HIP_RUNTIME_API_EXT","hipGetLastError",2659034,2659034,7430,3219595932337107,3219595932337151
"HIP_RUNTIME_API_EXT","hipSetDevice",2659034,2659034,7431,3219595932338073,3219595932338130
"HIP_RUNTIME_API_EXT","hipMalloc",2659034,2659034,7432,3219595932338460,3219595932339474
"HIP_RUNTIME_API_EXT","hipSetDevice",2659034,2659034,7433,3219595932340076,3219595932340130
"HIP_RUNTIME_API_EXT","hipLaunchKernel",2659034,2659034,7434,3219595932340698,3219595932344330
"HIP_RUNTIME_API_EXT","hipGetLastError",2659034,2659034,7435,3219595932344727,3219595932344777
"HIP_RUNTIME_API_EXT","hipSetDevice",2659034,2659034,7436,3219595932345486,3219595932345544
"HIP_RUNTIME_API_EXT","hipMalloc",2659034,2659034,7437,3219595932345869,3219595932347150
"HIP_RUNTIME_API_EXT","hipSetDevice",2659034,2659034,7438,3219595932347796,3219595932347852
"HIP_RUNTIME_API_EXT","hipLaunchKernel",2659034,2659034,7439,3219595932348362,3219595932351860
"HIP_RUNTIME_API_EXT","hipGetLastError",2659034,2659034,7440,3219595932352424,3219595932352466
"HIP_RUNTIME_API_EXT","hipSetDevice",2659034,2659034,7441,3219595932353508,3219595932353567
"HIP_RUNTIME_API_EXT","hipMalloc",2659034,2659034,7442,3219595932353907,3219595932355170
"HIP_RUNTIME_API_EXT","hipSetDevice",2659034,2659034,7443,3219595932355577,3219595932355638
"HIP_RUNTIME_API_EXT","hipLaunchKernel",2659034,2659034,7444,3219595932356174,3219595932359997
"HIP_RUNTIME_API_EXT","hipGetLastError",2659034,2659034,7445,3219595932360776,3219595932360821
"HIP_RUNTIME_API_EXT","hipSetDevice",2659034,2659034,7446,3219595932361883,3219595932361941
"HIP_RUNTIME_API_EXT","hipMalloc",2659034,2659034,7447,3219595932362372,3219595932363761
"HIP_RUNTIME_API_EXT","hipSetDevice",2659034,2659034,7448,3219595932364263,3219595932364321
"HIP_RUNTIME_API_EXT","hipLaunchKernel",2659034,2659034,7449,3219595932364843,3219595932368237
"HIP_RUNTIME_API_EXT","hipGetLastError",2659034,2659034,7450,3219595932369442,3219595932369483
"HIP_RUNTIME_API_EXT","hipSetDevice",2659034,2659034,7451,3219595932370154,3219595932370216
"HIP_RUNTIME_API_EXT","hipMalloc",2659034,2659034,7452,3219595932370789,3219595932372077
"HIP_RUNTIME_API_EXT","hipSetDevice",2659034,2659034,7453,3219595932372497,3219595932372556
"HIP_RUNTIME_API_EXT","hipLaunchKernel",2659034,2659034,7454,3219595932373057,3219595932378548
"HIP_RUNTIME_API_EXT","hipGetLastError",2659034,2659034,7455,3219595932379103,3219595932379145
"HIP_RUNTIME_API_EXT","hipSetDevice",2659034,2659034,7456,3219595932379693,3219595932379752
"HIP_RUNTIME_API_EXT","hipMalloc",2659034,2659034,7457,3219595932380080,3219595932381406
"HIP_RUNTIME_API_EXT","hipSetDevice",2659034,2659034,7458,3219595932381770,3219595932381828
"HIP_RUNTIME_API_EXT","hipLaunchKernel",2659034,2659034,7459,3219595932382370,3219595932385753
"HIP_RUNTIME_API_EXT","hipGetLastError",2659034,2659034,7460,3219595932386192,3219595932386234
"HIP_RUNTIME_API_EXT","hipSetDevice",2659034,2659034,7461,3219595932386574,3219595932386628
"HIP_RUNTIME_API_EXT","hipFree",2659034,2659034,7462,3219595932387289,3219595932402281
"HIP_RUNTIME_API_EXT","hipSetDevice",2659034,2659034,7463,3219595932404190,3219595932404252
"HIP_RUNTIME_API_EXT","hipMalloc",2659034,2659034,7464,3219595932404596,3219595932405547
"HIP_RUNTIME_API_EXT","hipSetDevice",2659034,2659034,7465,3219595932405977,3219595932406037
"HIP_RUNTIME_API_EXT","hipLaunchKernel",2659034,2659034,7466,3219595932406717,3219595932410376
"HIP_RUNTIME_API_EXT","hipGetLastError",2659034,2659034,7467,3219595932410756,3219595932410800
"HIP_RUNTIME_API_EXT","hipSetDevice",2659034,2659034,7468,3219595932411253,3219595932411315
"HIP_RUNTIME_API_EXT","hipFree",2659034,2659034,7469,3219595932411682,3219595932423242
"HIP_RUNTIME_API_EXT","hipSetDevice",2659034,2659034,7470,3219595932424023,3219595932424087
"HIP_RUNTIME_API_EXT","hipMalloc",2659034,2659034,7471,3219595932424549,3219595932425575
"HIP_RUNTIME_API_EXT","hipSetDevice",2659034,2659034,7472,3219595932426142,3219595932426195
"HIP_RUNTIME_API_EXT","hipMemcpy",2659034,2659034,7473,3219595932426605,3219595932430235
"HIP_RUNTIME_API_EXT","hipSetDevice",2659034,2659034,7474,3219595932430740,3219595932430799
"HIP_RUNTIME_API_EXT","hipMemcpy",2659034,2659034,7475,3219595932431225,3219595932434689
"HIP_RUNTIME_API_EXT","hipSetDevice",2659034,2659034,7476,3219595932435330,3219595932435394
"HIP_RUNTIME_API_EXT","hipMalloc",2659034,2659034,7477,3219595932435714,3219595932437114
"HIP_RUNTIME_API_EXT","hipSetDevice",2659034,2659034,7478,3219595932438080,3219595932438142
"HIP_RUNTIME_API_EXT","hipMemcpy",2659034,2659034,7479,3219595932438529,3219595932441855
"HIP_RUNTIME_API_EXT","hipSetDevice",2659034,2659034,7480,3219595932442499,3219595932442559
"HIP_RUNTIME_API_EXT","hipMemcpy",2659034,2659034,7481,3219595932442880,3219595932446786
"HIP_RUNTIME_API_EXT","hipSetDevice",2659034,2659034,7482,3219595932447488,3219595932447606
"HIP_RUNTIME_API_EXT","hipMalloc",2659034,2659034,7483,3219595932447939,3219595932449669
"HIP_RUNTIME_API_EXT","hipSetDevice",2659034,2659034,7484,3219595932450046,3219595932450102
"HIP_RUNTIME_API_EXT","hipLaunchKernel",2659034,2659034,7485,3219595932450829,3219595932456011
"HIP_RUNTIME_API_EXT","hipGetLastError",2659034,2659034,7486,3219595932456446,3219595932456489
"HIP_RUNTIME_API_EXT","hipSetDevice",2659034,2659034,7487,3219595932457283,3219595932457348
"HIP_RUNTIME_API_EXT","hipMalloc",2659034,2659034,7488,3219595932457735,3219595932459156
"HIP_RUNTIME_API_EXT","hipSetDevice",2659034,2659034,7489,3219595932459814,3219595932459869
"HIP_RUNTIME_API_EXT","hipLaunchKernel",2659034,2659034,7490,3219595932460440,3219595932464038
"HIP_RUNTIME_API_EXT","hipGetLastError",2659034,2659034,7491,3219595932464519,3219595932464562
"HIP_RUNTIME_API_EXT","hipSetDevice",2659034,2659034,7492,3219595932465101,3219595932465161
"HIP_RUNTIME_API_EXT","hipFree",2659034,2659034,7493,3219595932465568,3219595932477220
"HIP_RUNTIME_API_EXT","hipSetDevice",2659034,2659034,7494,3219595932477806,3219595932477867
"HIP_RUNTIME_API_EXT","hipMalloc",2659034,2659034,7495,3219595932478192,3219595932479001
"HIP_RUNTIME_API_EXT","hipSetDevice",2659034,2659034,7496,3219595932479542,3219595932479598
"HIP_RUNTIME_API_EXT","hipLaunchKernel",2659034,2659034,7497,3219595932480103,3219595932484135
"HIP_RUNTIME_API_EXT","hipGetLastError",2659034,2659034,7498,3219595932484511,3219595932484560
"HIP_RUNTIME_API_EXT","hipSetDevice",2659034,2659034,7499,3219595932485174,3219595932485231
"HIP_RUNTIME_API_EXT","hipFree",2659034,2659034,7500,3219595932485594,3219595932503592
"HIP_RUNTIME_API_EXT","hipSetDevice",2659034,2659034,7501,3219595932504035,3219595932504090
"HIP_RUNTIME_API_EXT","hipFree",2659034,2659034,7502,3219595932504407,3219595932505486
"HIP_RUNTIME_API_EXT","hipSetDevice",2659034,2659034,7503,3219595932505849,3219595932505910
"HIP_RUNTIME_API_EXT","hipFree",2659034,2659034,7504,3219595932506426,3219595932507435
"HIP_RUNTIME_API_EXT","hipSetDevice",2659034,2659034,7505,3219595932507806,3219595932507861
"HIP_RUNTIME_API_EXT","hipFree",2659034,2659034,7506,3219595932508290,3219595932509351
"HIP_RUNTIME_API_EXT","hipSetDevice",2659034,2659034,7507,3219595932509758,3219595932509813
"HIP_RUNTIME_API_EXT","hipFree",2659034,2659034,7508,3219595932510135,3219595932511298
"HIP_RUNTIME_API_EXT","hipSetDevice",2659034,2659034,7509,3219595932511682,3219595932511738
"HIP_RUNTIME_API_EXT","hipFree",2659034,2659034,7510,3219595932512061,3219595932513303
"HIP_RUNTIME_API_EXT","hipSetDevice",2659034,2659034,7511,3219595932513981,3219595932514034
"HIP_RUNTIME_API_EXT","hipFree",2659034,2659034,7512,3219595932514359,3219595932515393
"HIP_RUNTIME_API_EXT","hipSetDevice",2659034,2659034,7513,3219595932515923,3219595932515979
"HIP_RUNTIME_API_EXT","hipMalloc",2659034,2659034,7514,3219595932516549,3219595932517392
"HIP_RUNTIME_API_EXT","hipSetDevice",2659034,2659034,7515,3219595932517828,3219595932517884
"HIP_RUNTIME_API_EXT","hipLaunchKernel",2659034,2659034,7516,3219595932518408,3219595932522191
"HIP_RUNTIME_API_EXT","hipGetLastError",2659034,2659034,7517,3219595932522593,3219595932522688
"HIP_RUNTIME_API_EXT","hipSetDevice",2659034,2659034,7518,3219595932523052,3219595932523116
"HIP_RUNTIME_API_EXT","hipFree",2659034,2659034,7519,3219595932523488,3219595932534655
"HIP_RUNTIME_API_EXT","hipSetDevice",2659034,2659034,7520,3219595932535038,3219595932535101
"HIP_RUNTIME_API_EXT","hipFree",2659034,2659034,7521,3219595932535561,3219595932536701
"HIP_RUNTIME_API_EXT","hipSetDevice",2659034,2659034,7522,3219595932537189,3219595932537243
"HIP_RUNTIME_API_EXT","hipMalloc",2659034,2659034,7523,3219595932537578,3219595932538597
"HIP_RUNTIME_API_EXT","hipSetDevice",2659034,2659034,7524,3219595932539140,3219595932539194
"HIP_RUNTIME_API_EXT","hipLaunchKernel",2659034,2659034,7525,3219595932539714,3219595932543465
"HIP_RUNTIME_API_EXT","hipGetLastError",2659034,2659034,7526,3219595932543870,3219595932543914
"HIP_RUNTIME_API_EXT","hipSetDevice",2659034,2659034,7527,3219595932544670,3219595932544730
"HIP_RUNTIME_API_EXT","hipMalloc",2659034,2659034,7528,3219595932545058,3219595932545960
"HIP_RUNTIME_API_EXT","hipSetDevice",2659034,2659034,7529,3219595932546330,3219595932546385
"HIP_RUNTIME_API_EXT","hipLaunchKernel",2659034,2659034,7530,3219595932547094,3219595932550464
"HIP_RUNTIME_API_EXT","hipGetLastError",2659034,2659034,7531,3219595932550875,3219595932550924
"HIP_RUNTIME_API_EXT","hipSetDevice",2659034,2659034,7532,3219595932551947,3219595932552007
"HIP_RUNTIME_API_EXT","hipMalloc",2659034,2659034,7533,3219595932552337,3219595932553481
"HIP_RUNTIME_API_EXT","hipSetDevice",2659034,2659034,7534,3219595932553882,3219595932553939
"HIP_RUNTIME_API_EXT","hipLaunchKernel",2659034,2659034,7535,3219595932554508,3219595932558431
"HIP_RUNTIME_API_EXT","hipGetLastError",2659034,2659034,7536,3219595932558901,3219595932558942
"HIP_RUNTIME_API_EXT","hipSetDevice",2659034,2659034,7537,3219595932559850,3219595932559914
"HIP_RUNTIME_API_EXT","hipMalloc",2659034,2659034,7538,3219595932560474,3219595932561547
"HIP_RUNTIME_API_EXT","hipSetDevice",2659034,2659034,7539,3219595932561921,3219595932561978
"HIP_RUNTIME_API_EXT","hipLaunchKernel",2659034,2659034,7540,3219595932562518,3219595932568178
"HIP_RUNTIME_API_EXT","hipGetLastError",2659034,2659034,7541,3219595932568850,3219595932568901
"HIP_RUNTIME_API_EXT","hipSetDevice",2659034,2659034,7542,3219595932569307,3219595932569371
"HIP_RUNTIME_API_EXT","hipFree",2659034,2659034,7543,3219595932569722,3219595932582625
"HIP_RUNTIME_API_EXT","hipSetDevice",2659034,2659034,7544,3219595932583097,3219595932583155
"HIP_RUNTIME_API_EXT","hipFree",2659034,2659034,7545,3219595932583747,3219595932584694
"HIP_RUNTIME_API_EXT","hipSetDevice",2659034,2659034,7546,3219595932585270,3219595932585326
"HIP_RUNTIME_API_EXT","hipMalloc",2659034,2659034,7547,3219595932585676,3219595932586964
"HIP_RUNTIME_API_EXT","hipSetDevice",2659034,2659034,7548,3219595932587342,3219595932587404
"HIP_RUNTIME_API_EXT","hipLaunchKernel",2659034,2659034,7549,3219595932587908,3219595932591390
"HIP_RUNTIME_API_EXT","hipGetLastError",2659034,2659034,7550,3219595932591762,3219595932591807
"HIP_RUNTIME_API_EXT","hipSetDevice",2659034,2659034,7551,3219595932592237,3219595932592299
"HIP_RUNTIME_API_EXT","hipFree",2659034,2659034,7552,3219595932592625,3219595932618477
"HIP_RUNTIME_API_EXT","hipSetDevice",2659034,2659034,7553,3219595932619512,3219595932619565
"HIP_RUNTIME_API_EXT","hipMalloc",2659034,2659034,7554,3219595932619917,3219595932620820
"HIP_RUNTIME_API_EXT","hipSetDevice",2659034,2659034,7555,3219595932621270,3219595932621327
"HIP_RUNTIME_API_EXT","hipLaunchKernel",2659034,2659034,7556,3219595932621921,3219595932625308
"HIP_RUNTIME_API_EXT","hipGetLastError",2659034,2659034,7557,3219595932625767,3219595932625809
"HIP_RUNTIME_API_EXT","hipSetDevice",2659034,2659034,7558,3219595932626176,3219595932626234
"HIP_RUNTIME_API_EXT","hipFree",2659034,2659034,7559,3219595932626569,3219595932637845
"HIP_RUNTIME_API_EXT","hipSetDevice",2659034,2659034,7560,3219595932638254,3219595932638308
"HIP_RUNTIME_API_EXT","hipFree",2659034,2659034,7561,3219595932639024,3219595932640034
"HIP_RUNTIME_API_EXT","hipSetDevice",2659034,2659034,7562,3219595932640404,3219595932640458
"HIP_RUNTIME_API_EXT","hipFree",2659034,2659034,7563,3219595932640778,3219595932641791
"HIP_RUNTIME_API_EXT","hipSetDevice",2659034,2659034,7564,3219595932642150,3219595932642207
"HIP_RUNTIME_API_EXT","hipFree",2659034,2659034,7565,3219595932642518,3219595932643804
"HIP_RUNTIME_API_EXT","hipSetDevice",2659034,2659034,7566,3219595932644349,3219595932644401
"HIP_RUNTIME_API_EXT","hipMalloc",2659034,2659034,7567,3219595932644743,3219595932645553
"HIP_RUNTIME_API_EXT","hipSetDevice",2659034,2659034,7568,3219595932645949,3219595932646007
"HIP_RUNTIME_API_EXT","hipLaunchKernel",2659034,2659034,7569,3219595932646566,3219595932650158
"HIP_RUNTIME_API_EXT","hipGetLastError",2659034,2659034,7570,3219595932650634,3219595932650677
"HIP_RUNTIME_API_EXT","hipSetDevice",2659034,2659034,7571,3219595932651094,3219595932651153
"HIP_RUNTIME_API_EXT","hipFree",2659034,2659034,7572,3219595932651507,3219595932662773
"HIP_RUNTIME_API_EXT","hipSetDevice",2659034,2659034,7573,3219595932664037,3219595932664093
"HIP_RUNTIME_API_EXT","hipMalloc",2659034,2659034,7574,3219595932664433,3219595932665351
"HIP_RUNTIME_API_EXT","hipSetDevice",2659034,2659034,7575,3219595932665841,3219595932665900
"HIP_RUNTIME_API_EXT","hipLaunchKernel",2659034,2659034,7576,3219595932666414,3219595932678713
"HIP_RUNTIME_API_EXT","hipGetLastError",2659034,2659034,7577,3219595932679176,3219595932679219
"HIP_RUNTIME_API_EXT","hipSetDevice",2659034,2659034,7578,3219595932680023,3219595932680080
"HIP_RUNTIME_API_EXT","hipFree",2659034,2659034,7579,3219595932680538,3219595932698075
"HIP_RUNTIME_API_EXT","hipSetDevice",2659034,2659034,7580,3219595932698511,3219595932698567
"HIP_RUNTIME_API_EXT","hipFree",2659034,2659034,7581,3219595932699107,3219595932700353
"HIP_RUNTIME_API_EXT","hipSetDevice",2659034,2659034,7582,3219595932701238,3219595932701296
"HIP_RUNTIME_API_EXT","hipMemcpy",2659034,2659034,7583,3219595932701751,3219595932705673
"HIP_RUNTIME_API_EXT","hipSetDevice",2659034,2659034,7584,3219595932706152,3219595932706210
"HIP_RUNTIME_API_EXT","hipMemcpy",2659034,2659034,7585,3219595932706660,3219595932710182
"HIP_RUNTIME_API_EXT","hipSetDevice",2659034,2659034,7586,3219595932710735,3219595932710788
"HIP_RUNTIME_API_EXT","hipMemcpy",2659034,2659034,7587,3219595932711119,3219595932715181
"HIP_RUNTIME_API_EXT","hipSetDevice",2659034,2659034,7588,3219595932715832,3219595932715886
"HIP_RUNTIME_API_EXT","hipMemcpy",2659034,2659034,7589,3219595932716452,3219595932720510
"HIP_RUNTIME_API_EXT","hipSetDevice",2659034,2659034,7590,3219595932721523,3219595932721592
"HIP_RUNTIME_API_EXT","hipMemcpy",2659034,2659034,7591,3219595932722056,3219595932726219
"HIP_RUNTIME_API_EXT","hipSetDevice",2659034,2659034,7592,3219595932726729,3219595932726793
"HIP_RUNTIME_API_EXT","hipMemcpy",2659034,2659034,7593,3219595932727129,3219595932731032
"HIP_RUNTIME_API_EXT","hipSetDevice",2659034,2659034,7594,3219595932731759,3219595932731823
"HIP_RUNTIME_API_EXT","hipMemcpy",2659034,2659034,7595,3219595932732177,3219595932736538
"HIP_RUNTIME_API_EXT","hipSetDevice",2659034,2659034,7596,3219595932737040,3219595932737104
"HIP_RUNTIME_API_EXT","hipMemcpy",2659034,2659034,7597,3219595932737529,3219595932742541
"HIP_RUNTIME_API_EXT","hipSetDevice",2659034,2659034,7598,3219595932743106,3219595932743169
"HIP_RUNTIME_API_EXT","hipFree",2659034,2659034,7599,3219595932743497,3219595932757659
"HIP_RUNTIME_API_EXT","hipSetDevice",2659034,2659034,7600,3219595932758159,3219595932758219
"HIP_RUNTIME_API_EXT","hipFree",2659034,2659034,7601,3219595932758552,3219595932759979
"HIP_RUNTIME_API_EXT","hipSetDevice",2659034,2659034,7602,3219595932760392,3219595932760446
"HIP_RUNTIME_API_EXT","hipFree",2659034,2659034,7603,3219595932760756,3219595932762752
"HIP_RUNTIME_API_EXT","hipSetDevice",2659034,2659034,7604,3219595932763160,3219595932763212
"HIP_RUNTIME_API_EXT","hipFree",2659034,2659034,7605,3219595932763612,3219595932765080
"HIP_RUNTIME_API_EXT","hipSetDevice",2659034,2659034,7606,3219595932765693,3219595932765749
"HIP_RUNTIME_API_EXT","hipMemcpy",2659034,2659034,7607,3219595932766070,3219595932770286
"HIP_RUNTIME_API_EXT","hipSetDevice",2659034,2659034,7608,3219595932770846,3219595932770904
"HIP_RUNTIME_API_EXT","hipFree",2659034,2659034,7609,3219595932771393,3219595932783053
"HIP_RUNTIME_API_EXT","hipSetDevice",2659034,2659034,7610,3219595932784399,3219595932784457
"HIP_RUNTIME_API_EXT","hipMalloc",2659034,2659034,7611,3219595932784864,3219595932785859
"HIP_RUNTIME_API_EXT","hipSetDevice",2659034,2659034,7612,3219595932786312,3219595932786366
"HIP_RUNTIME_API_EXT","hipMemcpy",2659034,2659034,7613,3219595932786766,3219595932803447
"HIP_RUNTIME_API_EXT","hipSetDevice",2659034,2659034,7614,3219595932804786,3219595932804906
"HIP_RUNTIME_API_EXT","hipMalloc",2659034,2659034,7615,3219595932805317,3219595932806417
"HIP_RUNTIME_API_EXT","hipSetDevice",2659034,2659034,7616,3219595932806876,3219595932806932
"HIP_RUNTIME_API_EXT","hipLaunchKernel",2659034,2659034,7617,3219595932807663,3219595932811195
"HIP_RUNTIME_API_EXT","hipGetLastError",2659034,2659034,7618,3219595932811651,3219595932811695
"HIP_RUNTIME_API_EXT","hipSetDevice",2659034,2659034,7619,3219595932812357,3219595932812415
"HIP_RUNTIME_API_EXT","hipMalloc",2659034,2659034,7620,3219595932812842,3219595932813929
"HIP_RUNTIME_API_EXT","hipSetDevice",2659034,2659034,7621,3219595932814314,3219595932814371
"HIP_RUNTIME_API_EXT","hipLaunchKernel",2659034,2659034,7622,3219595932814907,3219595932818290
"HIP_RUNTIME_API_EXT","hipGetLastError",2659034,2659034,7623,3219595932819248,3219595932819290
"HIP_RUNTIME_API_EXT","hipSetDevice",2659034,2659034,7624,3219595932820158,3219595932820215
"HIP_RUNTIME_API_EXT","hipMalloc",2659034,2659034,7625,3219595932820569,3219595932821803
"HIP_RUNTIME_API_EXT","hipSetDevice",2659034,2659034,7626,3219595932822247,3219595932822303
"HIP_RUNTIME_API_EXT","hipLaunchKernel",2659034,2659034,7627,3219595932822857,3219595932827907
"HIP_RUNTIME_API_EXT","hipGetLastError",2659034,2659034,7628,3219595932828394,3219595932828438
"HIP_RUNTIME_API_EXT","hipSetDevice",2659034,2659034,7629,3219595932829307,3219595932829425
"HIP_RUNTIME_API_EXT","hipMalloc",2659034,2659034,7630,3219595932829775,3219595932830871
"HIP_RUNTIME_API_EXT","hipSetDevice",2659034,2659034,7631,3219595932831398,3219595932831452
"HIP_RUNTIME_API_EXT","hipLaunchKernel",2659034,2659034,7632,3219595932831998,3219595932835416
"HIP_RUNTIME_API_EXT","hipGetLastError",2659034,2659034,7633,3219595932835859,3219595932835904
"HIP_RUNTIME_API_EXT","hipSetDevice",2659034,2659034,7634,3219595932836571,3219595932836629
"HIP_RUNTIME_API_EXT","hipMalloc",2659034,2659034,7635,3219595932836981,3219595932838458
"HIP_RUNTIME_API_EXT","hipSetDevice",2659034,2659034,7636,3219595932838846,3219595932838902
"HIP_RUNTIME_API_EXT","hipLaunchKernel",2659034,2659034,7637,3219595932839483,3219595932842843
"HIP_RUNTIME_API_EXT","hipGetLastError",2659034,2659034,7638,3219595932843591,3219595932843634
"HIP_RUNTIME_API_EXT","hipSetDevice",2659034,2659034,7639,3219595932844597,3219595932844657
"HIP_RUNTIME_API_EXT","hipMalloc",2659034,2659034,7640,3219595932844985,3219595932846215
"HIP_RUNTIME_API_EXT","hipSetDevice",2659034,2659034,7641,3219595932846602,3219595932846653
"HIP_RUNTIME_API_EXT","hipLaunchKernel",2659034,2659034,7642,3219595932847151,3219595932850729
"HIP_RUNTIME_API_EXT","hipGetLastError",2659034,2659034,7643,3219595932851215,3219595932851258
"HIP_RUNTIME_API_EXT","hipSetDevice",2659034,2659034,7644,3219595932853678,3219595932853734
"HIP_RUNTIME_API_EXT","hipMalloc",2659034,2659034,7645,3219595932854098,3219595932855442
"HIP_RUNTIME_API_EXT","hipSetDevice",2659034,2659034,7646,3219595932855828,3219595932855886
"HIP_RUNTIME_API_EXT","hipLaunchKernel",2659034,2659034,7647,3219595932856411,3219595932860233
"HIP_RUNTIME_API_EXT","hipGetLastError",2659034,2659034,7648,3219595932861805,3219595932861846
"HIP_RUNTIME_API_EXT","hipSetDevice",2659034,2659034,7649,3219595932862554,3219595932862615
"HIP_RUNTIME_API_EXT","hipMalloc",2659034,2659034,7650,3219595932862960,3219595932864251
"HIP_RUNTIME_API_EXT","hipSetDevice",2659034,2659034,7651,3219595932864888,3219595932864946
"HIP_RUNTIME_API_EXT","hipLaunchKernel",2659034,2659034,7652,3219595932865451,3219595932869288
"HIP_RUNTIME_API_EXT","hipGetLastError",2659034,2659034,7653,3219595932870103,3219595932870154
"HIP_RUNTIME_API_EXT","hipSetDevice",2659034,2659034,7654,3219595932870802,3219595932870859
"HIP_RUNTIME_API_EXT","hipMalloc",2659034,2659034,7655,3219595932871231,3219595932872815
"HIP_RUNTIME_API_EXT","hipSetDevice",2659034,2659034,7656,3219595932873230,3219595932873288
"HIP_RUNTIME_API_EXT","hipLaunchKernel",2659034,2659034,7657,3219595932873791,3219595932877318
"HIP_RUNTIME_API_EXT","hipGetLastError",2659034,2659034,7658,3219595932878805,3219595932878848
"HIP_RUNTIME_API_EXT","hipSetDevice",2659034,2659034,7659,3219595932879191,3219595932879245
"HIP_RUNTIME_API_EXT","hipFree",2659034,2659034,7660,3219595932879616,3219595932894541
"HIP_RUNTIME_API_EXT","hipSetDevice",2659034,2659034,7661,3219595932896559,3219595932896671
"HIP_RUNTIME_API_EXT","hipMalloc",2659034,2659034,7662,3219595932897006,3219595932897985
"HIP_RUNTIME_API_EXT","hipSetDevice",2659034,2659034,7663,3219595932898451,3219595932898508
"HIP_RUNTIME_API_EXT","hipLaunchKernel",2659034,2659034,7664,3219595932899027,3219595932903145
"HIP_RUNTIME_API_EXT","hipGetLastError",2659034,2659034,7665,3219595932903581,3219595932903625
"HIP_RUNTIME_API_EXT","hipSetDevice",2659034,2659034,7666,3219595932904051,3219595932904131
"HIP_RUNTIME_API_EXT","hipFree",2659034,2659034,7667,3219595932904745,3219595932916104
"HIP_RUNTIME_API_EXT","hipSetDevice",2659034,2659034,7668,3219595932917029,3219595932917097
"HIP_RUNTIME_API_EXT","hipMalloc",2659034,2659034,7669,3219595932917617,3219595932918842
"HIP_RUNTIME_API_EXT","hipSetDevice",2659034,2659034,7670,3219595932919505,3219595932919564
"HIP_RUNTIME_API_EXT","hipMemcpy",2659034,2659034,7671,3219595932919904,3219595932923491
"HIP_RUNTIME_API_EXT","hipSetDevice",2659034,2659034,7672,3219595932924084,3219595932924140
"HIP_RUNTIME_API_EXT","hipMemcpy",2659034,2659034,7673,3219595932924534,3219595932928098
"HIP_RUNTIME_API_EXT","hipSetDevice",2659034,2659034,7674,3219595932928782,3219595932928844
"HIP_RUNTIME_API_EXT","hipMalloc",2659034,2659034,7675,3219595932929281,3219595932931804
"HIP_RUNTIME_API_EXT","hipSetDevice",2659034,2659034,7676,3219595932932587,3219595932932645
"HIP_RUNTIME_API_EXT","hipMemcpy",2659034,2659034,7677,3219595932933224,3219595932937360
"HIP_RUNTIME_API_EXT","hipSetDevice",2659034,2659034,7678,3219595932937828,3219595932937892
"HIP_RUNTIME_API_EXT","hipMemcpy",2659034,2659034,7679,3219595932938342,3219595932941823
"HIP_RUNTIME_API_EXT","hipSetDevice",2659034,2659034,7680,3219595932942434,3219595932942497
"HIP_RUNTIME_API_EXT","hipMalloc",2659034,2659034,7681,3219595932943010,3219595932945195
"HIP_RUNTIME_API_EXT","hipSetDevice",2659034,2659034,7682,3219595932945799,3219595932945854
"HIP_RUNTIME_API_EXT","hipLaunchKernel",2659034,2659034,7683,3219595932946617,3219595932951075
"HIP_RUNTIME_API_EXT","hipGetLastError",2659034,2659034,7684,3219595932951570,3219595932951612
"HIP_RUNTIME_API_EXT","hipSetDevice",2659034,2659034,7685,3219595932952364,3219595932952421
"HIP_RUNTIME_API_EXT","hipMalloc",2659034,2659034,7686,3219595932952777,3219595932953886
"HIP_RUNTIME_API_EXT","hipSetDevice",2659034,2659034,7687,3219595932954277,3219595932954332
"HIP_RUNTIME_API_EXT","hipLaunchKernel",2659034,2659034,7688,3219595932954837,3219595932958567
"HIP_RUNTIME_API_EXT","hipGetLastError",2659034,2659034,7689,3219595932959047,3219595932959097
"HIP_RUNTIME_API_EXT","hipSetDevice",2659034,2659034,7690,3219595932959698,3219595932959758
"HIP_RUNTIME_API_EXT","hipFree",2659034,2659034,7691,3219595932960117,3219595932972462
"HIP_RUNTIME_API_EXT","hipSetDevice",2659034,2659034,7692,3219595932973610,3219595932973668
"HIP_RUNTIME_API_EXT","hipMalloc",2659034,2659034,7693,3219595932974076,3219595932974967
"HIP_RUNTIME_API_EXT","hipSetDevice",2659034,2659034,7694,3219595932975357,3219595932975412
"HIP_RUNTIME_API_EXT","hipLaunchKernel",2659034,2659034,7695,3219595932976017,3219595932980073
"HIP_RUNTIME_API_EXT","hipGetLastError",2659034,2659034,7696,3219595932980561,3219595932980611
"HIP_RUNTIME_API_EXT","hipSetDevice",2659034,2659034,7697,3219595932981326,3219595932981383
"HIP_RUNTIME_API_EXT","hipFree",2659034,2659034,7698,3219595932981714,3219595932999193
"HIP_RUNTIME_API_EXT","hipSetDevice",2659034,2659034,7699,3219595932999664,3219595932999724
"HIP_RUNTIME_API_EXT","hipFree",2659034,2659034,7700,3219595933000050,3219595933001033
"HIP_RUNTIME_API_EXT","hipSetDevice",2659034,2659034,7701,3219595933004422,3219595933004477
"HIP_RUNTIME_API_EXT","hipFree",2659034,2659034,7702,3219595933005037,3219595933006123
"HIP_RUNTIME_API_EXT","hipSetDevice",2659034,2659034,7703,3219595933006501,3219595933006557
"HIP_RUNTIME_API_EXT","hipFree",2659034,2659034,7704,3219595933006893,3219595933008003
"HIP_RUNTIME_API_EXT","hipSetDevice",2659034,2659034,7705,3219595933008418,3219595933008472
"HIP_RUNTIME_API_EXT","hipFree",2659034,2659034,7706,3219595933008776,3219595933009914
"HIP_RUNTIME_API_EXT","hipSetDevice",2659034,2659034,7707,3219595933010291,3219595933010346
"HIP_RUNTIME_API_EXT","hipFree",2659034,2659034,7708,3219595933010674,3219595933011725
"HIP_RUNTIME_API_EXT","hipSetDevice",2659034,2659034,7709,3219595933012089,3219595933012144
"HIP_RUNTIME_API_EXT","hipFree",2659034,2659034,7710,3219595933012446,3219595933013396
"HIP_RUNTIME_API_EXT","hipSetDevice",2659034,2659034,7711,3219595933013929,3219595933014015
"HIP_RUNTIME_API_EXT","hipMalloc",2659034,2659034,7712,3219595933014350,3219595933015283
"HIP_RUNTIME_API_EXT","hipSetDevice",2659034,2659034,7713,3219595933015671,3219595933015732
"HIP_RUNTIME_API_EXT","hipLaunchKernel",2659034,2659034,7714,3219595933016279,3219595933023809
"HIP_RUNTIME_API_EXT","hipGetLastError",2659034,2659034,7715,3219595933024627,3219595933024705
"HIP_RUNTIME_API_EXT","hipSetDevice",2659034,2659034,7716,3219595933025269,3219595933025326
"HIP_RUNTIME_API_EXT","hipFree",2659034,2659034,7717,3219595933025723,3219595933036104
"HIP_RUNTIME_API_EXT","hipSetDevice",2659034,2659034,7718,3219595933036592,3219595933036654
"HIP_RUNTIME_API_EXT","hipFree",2659034,2659034,7719,3219595933037238,3219595933038841
"HIP_RUNTIME_API_EXT","hipSetDevice",2659034,2659034,7720,3219595933039416,3219595933039469
"HIP_RUNTIME_API_EXT","hipMalloc",2659034,2659034,7721,3219595933039877,3219595933041450
"HIP_RUNTIME_API_EXT","hipSetDevice",2659034,2659034,7722,3219595933041870,3219595933041925
"HIP_RUNTIME_API_EXT","hipLaunchKernel",2659034,2659034,7723,3219595933042548,3219595933057667
"HIP_RUNTIME_API_EXT","hipGetLastError",2659034,2659034,7724,3219595933059683,3219595933059725
"HIP_RUNTIME_API_EXT","hipSetDevice",2659034,2659034,7725,3219595933060668,3219595933060749
"HIP_RUNTIME_API_EXT","hipMalloc",2659034,2659034,7726,3219595933061222,3219595933063367
"HIP_RUNTIME_API_EXT","hipSetDevice",2659034,2659034,7727,3219595933063952,3219595933064011
"HIP_RUNTIME_API_EXT","hipLaunchKernel",2659034,2659034,7728,3219595933064605,3219595933076116
"HIP_RUNTIME_API_EXT","hipGetLastError",2659034,2659034,7729,3219595933076752,3219595933076796
"HIP_RUNTIME_API_EXT","hipSetDevice",2659034,2659034,7730,3219595933077514,3219595933077570
"HIP_RUNTIME_API_EXT","hipMalloc",2659034,2659034,7731,3219595933077897,3219595933079269
"HIP_RUNTIME_API_EXT","hipSetDevice",2659034,2659034,7732,3219595933079694,3219595933079752
"HIP_RUNTIME_API_EXT","hipLaunchKernel",2659034,2659034,7733,3219595933080277,3219595933083865
"HIP_RUNTIME_API_EXT","hipGetLastError",2659034,2659034,7734,3219595933084280,3219595933084333
"HIP_RUNTIME_API_EXT","hipSetDevice",2659034,2659034,7735,3219595933084823,3219595933084882
"HIP_RUNTIME_API_EXT","hipMalloc",2659034,2659034,7736,3219595933085316,3219595933086767
"HIP_RUNTIME_API_EXT","hipSetDevice",2659034,2659034,7737,3219595933087143,3219595933087200
"HIP_RUNTIME_API_EXT","hipLaunchKernel",2659034,2659034,7738,3219595933087766,3219595933100314
"HIP_RUNTIME_API_EXT","hipGetLastError",2659034,2659034,7739,3219595933101128,3219595933101172
"HIP_RUNTIME_API_EXT","hipSetDevice",2659034,2659034,7740,3219595933101593,3219595933101649
"HIP_RUNTIME_API_EXT","hipFree",2659034,2659034,7741,3219595933101986,3219595933117230
"HIP_RUNTIME_API_EXT","hipSetDevice",2659034,2659034,7742,3219595933118002,3219595933118093
"HIP_RUNTIME_API_EXT","hipFree",2659034,2659034,7743,3219595933118514,3219595933119734
"HIP_RUNTIME_API_EXT","hipSetDevice",2659034,2659034,7744,3219595933120655,3219595933120708
"HIP_RUNTIME_API_EXT","hipMalloc",2659034,2659034,7745,3219595933121416,3219595933122588
"HIP_RUNTIME_API_EXT","hipSetDevice",2659034,2659034,7746,3219595933123044,3219595933123109
"HIP_RUNTIME_API_EXT","hipLaunchKernel",2659034,2659034,7747,3219595933123816,3219595933127986
"HIP_RUNTIME_API_EXT","hipGetLastError",2659034,2659034,7748,3219595933128442,3219595933128540
"HIP_RUNTIME_API_EXT","hipSetDevice",2659034,2659034,7749,3219595933129062,3219595933129126
"HIP_RUNTIME_API_EXT","hipFree",2659034,2659034,7750,3219595933129611,3219595933154811
"HIP_RUNTIME_API_EXT","hipSetDevice",2659034,2659034,7751,3219595933155689,3219595933155748
"HIP_RUNTIME_API_EXT","hipMalloc",2659034,2659034,7752,3219595933156188,3219595933157184
"HIP_RUNTIME_API_EXT","hipSetDevice",2659034,2659034,7753,3219595933157576,3219595933157635
"HIP_RUNTIME_API_EXT","hipLaunchKernel",2659034,2659034,7754,3219595933158437,3219595933162408
"HIP_RUNTIME_API_EXT","hipGetLastError",2659034,2659034,7755,3219595933162848,3219595933162898
"HIP_RUNTIME_API_EXT","hipSetDevice",2659034,2659034,7756,3219595933163329,3219595933163392
"HIP_RUNTIME_API_EXT","hipFree",2659034,2659034,7757,3219595933163735,3219595933174864
"HIP_RUNTIME_API_EXT","hipSetDevice",2659034,2659034,7758,3219595933175358,3219595933175417
"HIP_RUNTIME_API_EXT","hipFree",2659034,2659034,7759,3219595933176122,3219595933177182
"HIP_RUNTIME_API_EXT","hipSetDevice",2659034,2659034,7760,3219595933177542,3219595933177595
"HIP_RUNTIME_API_EXT","hipFree",2659034,2659034,7761,3219595933177942,3219595933179055
"HIP_RUNTIME_API_EXT","hipSetDevice",2659034,2659034,7762,3219595933179481,3219595933179537
"HIP_RUNTIME_API_EXT","hipFree",2659034,2659034,7763,3219595933179862,3219595933180985
"HIP_RUNTIME_API_EXT","hipSetDevice",2659034,2659034,7764,3219595933181529,3219595933181584
"HIP_RUNTIME_API_EXT","hipMalloc",2659034,2659034,7765,3219595933181916,3219595933183022
"HIP_RUNTIME_API_EXT","hipSetDevice",2659034,2659034,7766,3219595933183595,3219595933183648
"HIP_RUNTIME_API_EXT","hipLaunchKernel",2659034,2659034,7767,3219595933184182,3219595933188003
"HIP_RUNTIME_API_EXT","hipGetLastError",2659034,2659034,7768,3219595933188434,3219595933188529
"HIP_RUNTIME_API_EXT","hipSetDevice",2659034,2659034,7769,3219595933189355,3219595933189413
"HIP_RUNTIME_API_EXT","hipMalloc",2659034,2659034,7770,3219595933189851,3219595933190833
"HIP_RUNTIME_API_EXT","hipSetDevice",2659034,2659034,7771,3219595933191316,3219595933191374
"HIP_RUNTIME_API_EXT","hipLaunchKernel",2659034,2659034,7772,3219595933192081,3219595933198626
"HIP_RUNTIME_API_EXT","hipGetLastError",2659034,2659034,7773,3219595933199129,3219595933199176
"HIP_RUNTIME_API_EXT","hipSetDevice",2659034,2659034,7774,3219595933199998,3219595933200057
"HIP_RUNTIME_API_EXT","hipMalloc",2659034,2659034,7775,3219595933200462,3219595933203161
"HIP_RUNTIME_API_EXT","hipSetDevice",2659034,2659034,7776,3219595933203926,3219595933203982
"HIP_RUNTIME_API_EXT","hipLaunchKernel",2659034,2659034,7777,3219595933204565,3219595933208232
"HIP_RUNTIME_API_EXT","hipGetLastError",2659034,2659034,7778,3219595933208811,3219595933208873
"HIP_RUNTIME_API_EXT","hipSetDevice",2659034,2659034,7779,3219595933209473,3219595933209534
"HIP_RUNTIME_API_EXT","hipMalloc",2659034,2659034,7780,3219595933209869,3219595933211445
"HIP_RUNTIME_API_EXT","hipSetDevice",2659034,2659034,7781,3219595933211928,3219595933211991
"HIP_RUNTIME_API_EXT","hipLaunchKernel",2659034,2659034,7782,3219595933212674,3219595933220772
"HIP_RUNTIME_API_EXT","hipGetLastError",2659034,2659034,7783,3219595933221313,3219595933221354
"HIP_RUNTIME_API_EXT","hipSetDevice",2659034,2659034,7784,3219595933224801,3219595933224863
"HIP_RUNTIME_API_EXT","hipMalloc",2659034,2659034,7785,3219595933225370,3219595933234785
"HIP_RUNTIME_API_EXT","hipSetDevice",2659034,2659034,7786,3219595933281681,3219595933281798
"HIP_RUNTIME_API_EXT","hipLaunchKernel",2659034,2659034,7787,3219595933282688,3219595933312896
"HIP_RUNTIME_API_EXT","hipGetLastError",2659034,2659034,7788,3219595933313420,3219595933313516
"HIP_RUNTIME_API_EXT","hipSetDevice",2659034,2659034,7789,3219595933314733,3219595933314800
"HIP_RUNTIME_API_EXT","hipMalloc",2659034,2659034,7790,3219595933315301,3219595933317250
"HIP_RUNTIME_API_EXT","hipSetDevice",2659034,2659034,7791,3219595933317693,3219595933317751
"HIP_RUNTIME_API_EXT","hipLaunchKernel",2659034,2659034,7792,3219595933318256,3219595933322546
"HIP_RUNTIME_API_EXT","hipGetLastError",2659034,2659034,7793,3219595933323053,3219595933323103
"HIP_RUNTIME_API_EXT","hipSetDevice",2659034,2659034,7794,3219595933323862,3219595933323923
"HIP_RUNTIME_API_EXT","hipMalloc",2659034,2659034,7795,3219595933324356,3219595933325669
"HIP_RUNTIME_API_EXT","hipSetDevice",2659034,2659034,7796,3219595933326124,3219595933326189
"HIP_RUNTIME_API_EXT","hipLaunchKernel",2659034,2659034,7797,3219595933326982,3219595933331072
"HIP_RUNTIME_API_EXT","hipGetLastError",2659034,2659034,7798,3219595933331557,3219595933331602
"HIP_RUNTIME_API_EXT","hipSetDevice",2659034,2659034,7799,3219595933332109,3219595933332166
"HIP_RUNTIME_API_EXT","hipMalloc",2659034,2659034,7800,3219595933332488,3219595933333851
"HIP_RUNTIME_API_EXT","hipSetDevice",2659034,2659034,7801,3219595933334417,3219595933334473
"HIP_RUNTIME_API_EXT","hipLaunchKernel",2659034,2659034,7802,3219595933335064,3219595933339084
"HIP_RUNTIME_API_EXT","hipGetLastError",2659034,2659034,7803,3219595933339760,3219595933339804
"HIP_RUNTIME_API_EXT","hipSetDevice",2659034,2659034,7804,3219595933340175,3219595933340229
"HIP_RUNTIME_API_EXT","hipFree",2659034,2659034,7805,3219595933340612,3219595933356633
"HIP_RUNTIME_API_EXT","hipSetDevice",2659034,2659034,7806,3219595933358436,3219595933358506
"HIP_RUNTIME_API_EXT","hipMalloc",2659034,2659034,7807,3219595933358828,3219595933359687
"HIP_RUNTIME_API_EXT","hipSetDevice",2659034,2659034,7808,3219595933360066,3219595933360126
"HIP_RUNTIME_API_EXT","hipLaunchKernel",2659034,2659034,7809,3219595933360806,3219595933365200
"HIP_RUNTIME_API_EXT","hipGetLastError",2659034,2659034,7810,3219595933365680,3219595933365721
"HIP_RUNTIME_API_EXT","hipSetDevice",2659034,2659034,7811,3219595933366127,3219595933366191
"HIP_RUNTIME_API_EXT","hipFree",2659034,2659034,7812,3219595933366530,3219595933377835
"HIP_RUNTIME_API_EXT","hipSetDevice",2659034,2659034,7813,3219595933378813,3219595933378874
"HIP_RUNTIME_API_EXT","hipMalloc",2659034,2659034,7814,3219595933379272,3219595933380526
"HIP_RUNTIME_API_EXT","hipSetDevice",2659034,2659034,7815,3219595933381333,3219595933381402
"HIP_RUNTIME_API_EXT","hipMemcpy",2659034,2659034,7816,3219595933381777,3219595933385551
"HIP_RUNTIME_API_EXT","hipSetDevice",2659034,2659034,7817,3219595933385977,3219595933386040
"HIP_RUNTIME_API_EXT","hipMemcpy",2659034,2659034,7818,3219595933386513,3219595933390031
"HIP_RUNTIME_API_EXT","hipSetDevice",2659034,2659034,7819,3219595933390664,3219595933390727
"HIP_RUNTIME_API_EXT","hipMalloc",2659034,2659034,7820,3219595933391120,3219595933392466
"HIP_RUNTIME_API_EXT","hipSetDevice",2659034,2659034,7821,3219595933393411,3219595933393470
"HIP_RUNTIME_API_EXT","hipMemcpy",2659034,2659034,7822,3219595933393959,3219595933398506
"HIP_RUNTIME_API_EXT","hipSetDevice",2659034,2659034,7823,3219595933398900,3219595933398964
"HIP_RUNTIME_API_EXT","hipMemcpy",2659034,2659034,7824,3219595933399317,3219595933402561
"HIP_RUNTIME_API_EXT","hipSetDevice",2659034,2659034,7825,3219595933403247,3219595933403309
"HIP_RUNTIME_API_EXT","hipMalloc",2659034,2659034,7826,3219595933403761,3219595933405178
"HIP_RUNTIME_API_EXT","hipSetDevice",2659034,2659034,7827,3219595933405582,3219595933405640
"HIP_RUNTIME_API_EXT","hipLaunchKernel",2659034,2659034,7828,3219595933406426,3219595933410912
"HIP_RUNTIME_API_EXT","hipGetLastError",2659034,2659034,7829,3219595933411469,3219595933411569
"HIP_RUNTIME_API_EXT","hipSetDevice",2659034,2659034,7830,3219595933412345,3219595933412412
"HIP_RUNTIME_API_EXT","hipMalloc",2659034,2659034,7831,3219595933412841,3219595933414079
"HIP_RUNTIME_API_EXT","hipSetDevice",2659034,2659034,7832,3219595933414542,3219595933414598
"HIP_RUNTIME_API_EXT","hipLaunchKernel",2659034,2659034,7833,3219595933415079,3219595933421737
"HIP_RUNTIME_API_EXT","hipGetLastError",2659034,2659034,7834,3219595933422099,3219595933422140
"HIP_RUNTIME_API_EXT","hipSetDevice",2659034,2659034,7835,3219595933422645,3219595933422706
"HIP_RUNTIME_API_EXT","hipFree",2659034,2659034,7836,3219595933423039,3219595933435141
"HIP_RUNTIME_API_EXT","hipSetDevice",2659034,2659034,7837,3219595933436080,3219595933436140
"HIP_RUNTIME_API_EXT","hipMalloc",2659034,2659034,7838,3219595933436464,3219595933437505
"HIP_RUNTIME_API_EXT","hipSetDevice",2659034,2659034,7839,3219595933437868,3219595933437925
"HIP_RUNTIME_API_EXT","hipLaunchKernel",2659034,2659034,7840,3219595933438449,3219595933442133
"HIP_RUNTIME_API_EXT","hipGetLastError",2659034,2659034,7841,3219595933442572,3219595933442612
"HIP_RUNTIME_API_EXT","hipSetDevice",2659034,2659034,7842,3219595933443250,3219595933443310
"HIP_RUNTIME_API_EXT","hipFree",2659034,2659034,7843,3219595933443692,3219595933461700
"HIP_RUNTIME_API_EXT","hipSetDevice",2659034,2659034,7844,3219595933462137,3219595933462195
"HIP_RUNTIME_API_EXT","hipFree",2659034,2659034,7845,3219595933462769,3219595933463956
"HIP_RUNTIME_API_EXT","hipSetDevice",2659034,2659034,7846,3219595933464351,3219595933464405
"HIP_RUNTIME_API_EXT","hipFree",2659034,2659034,7847,3219595933464725,3219595933465779
"HIP_RUNTIME_API_EXT","hipSetDevice",2659034,2659034,7848,3219595933466122,3219595933466181
"HIP_RUNTIME_API_EXT","hipFree",2659034,2659034,7849,3219595933466716,3219595933467942
"HIP_RUNTIME_API_EXT","hipSetDevice",2659034,2659034,7850,3219595933468331,3219595933468388
"HIP_RUNTIME_API_EXT","hipFree",2659034,2659034,7851,3219595933468697,3219595933469939
"HIP_RUNTIME_API_EXT","hipSetDevice",2659034,2659034,7852,3219595933470285,3219595933470340
"HIP_RUNTIME_API_EXT","hipFree",2659034,2659034,7853,3219595933470666,3219595933471706
"HIP_RUNTIME_API_EXT","hipSetDevice",2659034,2659034,7854,3219595933472060,3219595933472113
"HIP_RUNTIME_API_EXT","hipFree",2659034,2659034,7855,3219595933472441,3219595933473414
"HIP_RUNTIME_API_EXT","hipSetDevice",2659034,2659034,7856,3219595933473929,3219595933473986
"HIP_RUNTIME_API_EXT","hipMalloc",2659034,2659034,7857,3219595933474409,3219595933475188
"HIP_RUNTIME_API_EXT","hipSetDevice",2659034,2659034,7858,3219595933475583,3219595933475638
"HIP_RUNTIME_API_EXT","hipLaunchKernel",2659034,2659034,7859,3219595933476130,3219595933480167
"HIP_RUNTIME_API_EXT","hipGetLastError",2659034,2659034,7860,3219595933480553,3219595933480599
"HIP_RUNTIME_API_EXT","hipSetDevice",2659034,2659034,7861,3219595933480977,3219595933481037
"HIP_RUNTIME_API_EXT","hipFree",2659034,2659034,7862,3219595933481380,3219595933492574
"HIP_RUNTIME_API_EXT","hipSetDevice",2659034,2659034,7863,3219595933492972,3219595933493030
"HIP_RUNTIME_API_EXT","hipFree",2659034,2659034,7864,3219595933493745,3219595933494896
"HIP_RUNTIME_API_EXT","hipSetDevice",2659034,2659034,7865,3219595933495392,3219595933495445
"HIP_RUNTIME_API_EXT","hipMalloc",2659034,2659034,7866,3219595933495765,3219595933496889
"HIP_RUNTIME_API_EXT","hipSetDevice",2659034,2659034,7867,3219595933497287,3219595933497345
"HIP_RUNTIME_API_EXT","hipLaunchKernel",2659034,2659034,7868,3219595933497856,3219595933501802
"HIP_RUNTIME_API_EXT","hipGetLastError",2659034,2659034,7869,3219595933502203,3219595933502247
"HIP_RUNTIME_API_EXT","hipSetDevice",2659034,2659034,7870,3219595933502997,3219595933503050
"HIP_RUNTIME_API_EXT","hipMalloc",2659034,2659034,7871,3219595933503388,3219595933504362
"HIP_RUNTIME_API_EXT","hipSetDevice",2659034,2659034,7872,3219595933504745,3219595933504803
"HIP_RUNTIME_API_EXT","hipLaunchKernel",2659034,2659034,7873,3219595933505579,3219595933509179
"HIP_RUNTIME_API_EXT","hipGetLastError",2659034,2659034,7874,3219595933509511,3219595933509553
"HIP_RUNTIME_API_EXT","hipSetDevice",2659034,2659034,7875,3219595933511541,3219595933511595
"HIP_RUNTIME_API_EXT","hipMalloc",2659034,2659034,7876,3219595933511965,3219595933512971
"HIP_RUNTIME_API_EXT","hipSetDevice",2659034,2659034,7877,3219595933513374,3219595933513429
"HIP_RUNTIME_API_EXT","hipLaunchKernel",2659034,2659034,7878,3219595933513960,3219595933517710
"HIP_RUNTIME_API_EXT","hipGetLastError",2659034,2659034,7879,3219595933518151,3219595933518201
"HIP_RUNTIME_API_EXT","hipSetDevice",2659034,2659034,7880,3219595933518818,3219595933518878
"HIP_RUNTIME_API_EXT","hipMalloc",2659034,2659034,7881,3219595933519225,3219595933520308
"HIP_RUNTIME_API_EXT","hipSetDevice",2659034,2659034,7882,3219595933520687,3219595933520740
"HIP_RUNTIME_API_EXT","hipLaunchKernel",2659034,2659034,7883,3219595933521272,3219595933526843
"HIP_RUNTIME_API_EXT","hipGetLastError",2659034,2659034,7884,3219595933527193,3219595933527236
"HIP_RUNTIME_API_EXT","hipSetDevice",2659034,2659034,7885,3219595933527831,3219595933527889
"HIP_RUNTIME_API_EXT","hipFree",2659034,2659034,7886,3219595933528249,3219595933541764
"HIP_RUNTIME_API_EXT","hipSetDevice",2659034,2659034,7887,3219595933542218,3219595933542278
"HIP_RUNTIME_API_EXT","hipFree",2659034,2659034,7888,3219595933543082,3219595933543955
"HIP_RUNTIME_API_EXT","hipSetDevice",2659034,2659034,7889,3219595933544546,3219595933544603
"HIP_RUNTIME_API_EXT","hipMalloc",2659034,2659034,7890,3219595933545045,3219595933546027
"HIP_RUNTIME_API_EXT","hipSetDevice",2659034,2659034,7891,3219595933546403,3219595933546456
"HIP_RUNTIME_API_EXT","hipLaunchKernel",2659034,2659034,7892,3219595933547083,3219595933550576
"HIP_RUNTIME_API_EXT","hipGetLastError",2659034,2659034,7893,3219595933551072,3219595933551123
"HIP_RUNTIME_API_EXT","hipSetDevice",2659034,2659034,7894,3219595933551790,3219595933551851
"HIP_RUNTIME_API_EXT","hipFree",2659034,2659034,7895,3219595933552195,3219595933577142
"HIP_RUNTIME_API_EXT","hipSetDevice",2659034,2659034,7896,3219595933577911,3219595933577964
"HIP_RUNTIME_API_EXT","hipMalloc",2659034,2659034,7897,3219595933578305,3219595933579018
"HIP_RUNTIME_API_EXT","hipSetDevice",2659034,2659034,7898,3219595933579378,3219595933579432
"HIP_RUNTIME_API_EXT","hipLaunchKernel",2659034,2659034,7899,3219595933580130,3219595933583444
"HIP_RUNTIME_API_EXT","hipGetLastError",2659034,2659034,7900,3219595933584045,3219595933584087
"HIP_RUNTIME_API_EXT","hipSetDevice",2659034,2659034,7901,3219595933584474,3219595933584535
"HIP_RUNTIME_API_EXT","hipFree",2659034,2659034,7902,3219595933584871,3219595933596432
"HIP_RUNTIME_API_EXT","hipSetDevice",2659034,2659034,7903,3219595933596854,3219595933596909
"HIP_RUNTIME_API_EXT","hipFree",2659034,2659034,7904,3219595933597551,3219595933598558
"HIP_RUNTIME_API_EXT","hipSetDevice",2659034,2659034,7905,3219595933598936,3219595933598989
"HIP_RUNTIME_API_EXT","hipFree",2659034,2659034,7906,3219595933599321,3219595933600548
"HIP_RUNTIME_API_EXT","hipSetDevice",2659034,2659034,7907,3219595933600913,3219595933600970
"HIP_RUNTIME_API_EXT","hipFree",2659034,2659034,7908,3219595933601359,3219595933602405
"HIP_RUNTIME_API_EXT","hipSetDevice",2659034,2659034,7909,3219595933602994,3219595933603048
"HIP_RUNTIME_API_EXT","hipMalloc",2659034,2659034,7910,3219595933603376,3219595933604341
"HIP_RUNTIME_API_EXT","hipSetDevice",2659034,2659034,7911,3219595933604765,3219595933604822
"HIP_RUNTIME_API_EXT","hipLaunchKernel",2659034,2659034,7912,3219595933605399,3219595933609272
"HIP_RUNTIME_API_EXT","hipGetLastError",2659034,2659034,7913,3219595933609668,3219595933609710
"HIP_RUNTIME_API_EXT","hipSetDevice",2659034,2659034,7914,3219595933610054,3219595933610114
"HIP_RUNTIME_API_EXT","hipFree",2659034,2659034,7915,3219595933610457,3219595933622052
"HIP_RUNTIME_API_EXT","hipSetDevice",2659034,2659034,7916,3219595933623455,3219595933623508
"HIP_RUNTIME_API_EXT","hipMalloc",2659034,2659034,7917,3219595933623835,3219595933624844
"HIP_RUNTIME_API_EXT","hipSetDevice",2659034,2659034,7918,3219595933625231,3219595933625289
"HIP_RUNTIME_API_EXT","hipLaunchKernel",2659034,2659034,7919,3219595933625808,3219595933629310
"HIP_RUNTIME_API_EXT","hipGetLastError",2659034,2659034,7920,3219595933629755,3219595933629800
"HIP_RUNTIME_API_EXT","hipSetDevice",2659034,2659034,7921,3219595933630563,3219595933630624
"HIP_RUNTIME_API_EXT","hipFree",2659034,2659034,7922,3219595933630983,3219595933648330
"HIP_RUNTIME_API_EXT","hipSetDevice",2659034,2659034,7923,3219595933648791,3219595933648848
"HIP_RUNTIME_API_EXT","hipFree",2659034,2659034,7924,3219595933649405,3219595933650543
"HIP_RUNTIME_API_EXT","hipSetDevice",2659034,2659034,7925,3219595933651502,3219595933651561
"HIP_RUNTIME_API_EXT","hipMemcpy",2659034,2659034,7926,3219595933651874,3219595933655906
"HIP_RUNTIME_API_EXT","hipSetDevice",2659034,2659034,7927,3219595933656317,3219595933656380
"HIP_RUNTIME_API_EXT","hipMemcpy",2659034,2659034,7928,3219595933656728,3219595933660157
"HIP_RUNTIME_API_EXT","hipSetDevice",2659034,2659034,7929,3219595933660575,3219595933660638
"HIP_RUNTIME_API_EXT","hipMemcpy",2659034,2659034,7930,3219595933661073,3219595933664960
"HIP_RUNTIME_API_EXT","hipSetDevice",2659034,2659034,7931,3219595933665332,3219595933665397
"HIP_RUNTIME_API_EXT","hipMemcpy",2659034,2659034,7932,3219595933665711,3219595933669634
"HIP_RUNTIME_API_EXT","hipSetDevice",2659034,2659034,7933,3219595933670503,3219595933670568
"HIP_RUNTIME_API_EXT","hipMemcpy",2659034,2659034,7934,3219595933670960,3219595933684243
"HIP_RUNTIME_API_EXT","hipSetDevice",2659034,2659034,7935,3219595933684613,3219595933684681
"HIP_RUNTIME_API_EXT","hipMemcpy",2659034,2659034,7936,3219595933685010,3219595933688512
"HIP_RUNTIME_API_EXT","hipSetDevice",2659034,2659034,7937,3219595933689084,3219595933689171
"HIP_RUNTIME_API_EXT","hipMemcpy",2659034,2659034,7938,3219595933689577,3219595933693439
"HIP_RUNTIME_API_EXT","hipSetDevice",2659034,2659034,7939,3219595933693978,3219595933694042
"HIP_RUNTIME_API_EXT","hipMemcpy",2659034,2659034,7940,3219595933694357,3219595933698277
"HIP_RUNTIME_API_EXT","hipSetDevice",2659034,2659034,7941,3219595933698762,3219595933698823
"HIP_RUNTIME_API_EXT","hipFree",2659034,2659034,7942,3219595933699153,3219595933712705
"HIP_RUNTIME_API_EXT","hipSetDevice",2659034,2659034,7943,3219595933713240,3219595933713298
"HIP_RUNTIME_API_EXT","hipFree",2659034,2659034,7944,3219595933713619,3219595933714822
"HIP_RUNTIME_API_EXT","hipSetDevice",2659034,2659034,7945,3219595933715207,3219595933715262
"HIP_RUNTIME_API_EXT","hipFree",2659034,2659034,7946,3219595933715713,3219595933716974
"HIP_RUNTIME_API_EXT","hipSetDevice",2659034,2659034,7947,3219595933717322,3219595933717378
"HIP_RUNTIME_API_EXT","hipFree",2659034,2659034,7948,3219595933717690,3219595933718851
"HIP_RUNTIME_API_EXT","hipSetDevice",2659034,2659034,7949,3219595933719578,3219595933719646
"HIP_RUNTIME_API_EXT","hipMemcpy",2659034,2659034,7950,3219595933719951,3219595933725294
"HIP_RUNTIME_API_EXT","hipSetDevice",2659034,2659034,7951,3219595933725633,3219595933725700
"HIP_RUNTIME_API_EXT","hipFree",2659034,2659034,7952,3219595933726029,3219595933737656
"HIP_RUNTIME_API_EXT","hipSetDevice",2659034,2659034,7953,3219595933738629,3219595933738689
"HIP_RUNTIME_API_EXT","hipMalloc",2659034,2659034,7954,3219595933739007,3219595933739882
"HIP_RUNTIME_API_EXT","hipSetDevice",2659034,2659034,7955,3219595933740487,3219595933740542
"HIP_RUNTIME_API_EXT","hipLaunchKernel",2659034,2659034,7956,3219595933741106,3219595933744736
"HIP_RUNTIME_API_EXT","hipGetLastError",2659034,2659034,7957,3219595933745152,3219595933745246
"HIP_RUNTIME_API_EXT","hipSetDevice",2659034,2659034,7958,3219595933745807,3219595933745869
"HIP_RUNTIME_API_EXT","hipMemcpy",2659034,2659034,7959,3219595933746207,3219595933761534
"HIP_RUNTIME_API_EXT","hipSetDevice",2659034,2659034,7960,3219595933762299,3219595933762356
"HIP_RUNTIME_API_EXT","hipFree",2659034,2659034,7961,3219595933762713,3219595933771276
"HIP_RUNTIME_API_EXT","hipSetDevice",2659034,2659034,7962,3219595933772222,3219595933772279
"HIP_RUNTIME_API_EXT","hipLaunchKernel",2659034,2659034,7963,3219595933772845,3219595933776649
"HIP_RUNTIME_API_EXT","hipGetLastError",2659034,2659034,7964,3219595933777167,3219595933777209
"HIP_RUNTIME_API_EXT","hipSetDevice",2659034,2659034,7965,3219595933777734,3219595933777796
"HIP_RUNTIME_API_EXT","hipLaunchKernel",2659034,2659034,7966,3219595933778350,3219595933782077
"HIP_RUNTIME_API_EXT","hipGetLastError",2659034,2659034,7967,3219595933782468,3219595933782511
"HIP_RUNTIME_API_EXT","hipSetDevice",2659034,2659034,7968,3219595933782994,3219595933783051
"HIP_RUNTIME_API_EXT","hipLaunchKernel",2659034,2659034,7969,3219595933783847,3219595933787833
"HIP_RUNTIME_API_EXT","hipGetLastError",2659034,2659034,7970,3219595933788142,3219595933788186
"HIP_RUNTIME_API_EXT","hipSetDevice",2659034,2659034,7971,3219595933788662,3219595933788714
"HIP_RUNTIME_API_EXT","hipLaunchKernel",2659034,2659034,7972,3219595933789229,3219595933792833
"HIP_RUNTIME_API_EXT","hipGetLastError",2659034,2659034,7973,3219595933793208,3219595933793252
"HIP_RUNTIME_API_EXT","hipSetDevice",2659034,2659034,7974,3219595933795548,3219595933795606
"HIP_RUNTIME_API_EXT","hipMalloc",2659034,2659034,7975,3219595933796047,3219595933797022
"HIP_RUNTIME_API_EXT","hipSetDevice",2659034,2659034,7976,3219595933797498,3219595933797554
"HIP_RUNTIME_API_EXT","hipMemcpy",2659034,2659034,7977,3219595933797905,3219595933825835
"HIP_RUNTIME_API_EXT","hipSetDevice",2659034,2659034,7978,3219595933827752,3219595933827817
"HIP_RUNTIME_API_EXT","hipMalloc",2659034,2659034,7979,3219595933828184,3219595933829376
"HIP_RUNTIME_API_EXT","hipSetDevice",2659034,2659034,7980,3219595933829808,3219595933829865
"HIP_RUNTIME_API_EXT","hipMemcpy",2659034,2659034,7981,3219595933830900,3219595933878334
"HIP_RUNTIME_API_EXT","hipSetDevice",2659034,2659034,7982,3219595933879481,3219595933879548
"HIP_RUNTIME_API_EXT","hipMalloc",2659034,2659034,7983,3219595933879918,3219595933881344
"HIP_RUNTIME_API_EXT","hipSetDevice",2659034,2659034,7984,3219595933881874,3219595933881930
"HIP_RUNTIME_API_EXT","hipMemcpy",2659034,2659034,7985,3219595933882448,3219595933899610
"HIP_RUNTIME_API_EXT","hipSetDevice",2659034,2659034,7986,3219595933900668,3219595933900725
"HIP_RUNTIME_API_EXT","hipMalloc",2659034,2659034,7987,3219595933901075,3219595933902184
"HIP_RUNTIME_API_EXT","hipSetDevice",2659034,2659034,7988,3219595933902705,3219595933902762
"HIP_RUNTIME_API_EXT","hipLaunchKernel",2659034,2659034,7989,3219595933903513,3219595933907337
"HIP_RUNTIME_API_EXT","hipGetLastError",2659034,2659034,7990,3219595933907840,3219595933907938
"HIP_RUNTIME_API_EXT","hipSetDevice",2659034,2659034,7991,3219595933908590,3219595933908647
"HIP_RUNTIME_API_EXT","hipMalloc",2659034,2659034,7992,3219595933909040,3219595933910024
"HIP_RUNTIME_API_EXT","hipSetDevice",2659034,2659034,7993,3219595933910434,3219595933910487
"HIP_RUNTIME_API_EXT","hipLaunchKernel",2659034,2659034,7994,3219595933911105,3219595933914522
"HIP_RUNTIME_API_EXT","hipGetLastError",2659034,2659034,7995,3219595933915134,3219595933915176
"HIP_RUNTIME_API_EXT","hipSetDevice",2659034,2659034,7996,3219595933915980,3219595933916040
"HIP_RUNTIME_API_EXT","hipMalloc",2659034,2659034,7997,3219595933916556,3219595933918242
"HIP_RUNTIME_API_EXT","hipSetDevice",2659034,2659034,7998,3219595933918763,3219595933918818
"HIP_RUNTIME_API_EXT","hipLaunchKernel",2659034,2659034,7999,3219595933919360,3219595933924560
"HIP_RUNTIME_API_EXT","hipGetLastError",2659034,2659034,8000,3219595933924954,3219595933924996
"HIP_RUNTIME_API_EXT","hipSetDevice",2659034,2659034,8001,3219595933925880,3219595933925937
"HIP_RUNTIME_API_EXT","hipMalloc",2659034,2659034,8002,3219595933926327,3219595933927607
"HIP_RUNTIME_API_EXT","hipSetDevice",2659034,2659034,8003,3219595933927964,3219595933928019
"HIP_RUNTIME_API_EXT","hipLaunchKernel",2659034,2659034,8004,3219595933928592,3219595933932332
"HIP_RUNTIME_API_EXT","hipGetLastError",2659034,2659034,8005,3219595933932814,3219595933932855
"HIP_RUNTIME_API_EXT","hipSetDevice",2659034,2659034,8006,3219595933933641,3219595933933698
"HIP_RUNTIME_API_EXT","hipMalloc",2659034,2659034,8007,3219595933934112,3219595933935654
"HIP_RUNTIME_API_EXT","hipSetDevice",2659034,2659034,8008,3219595933936000,3219595933936053
"HIP_RUNTIME_API_EXT","hipLaunchKernel",2659034,2659034,8009,3219595933936590,3219595933942781
"HIP_RUNTIME_API_EXT","hipGetLastError",2659034,2659034,8010,3219595933943366,3219595933943409
"HIP_RUNTIME_API_EXT","hipSetDevice",2659034,2659034,8011,3219595933945181,3219595933945250
"HIP_RUNTIME_API_EXT","hipMalloc",2659034,2659034,8012,3219595933945606,3219595933947831
"HIP_RUNTIME_API_EXT","hipSetDevice",2659034,2659034,8013,3219595933948245,3219595933948302
"HIP_RUNTIME_API_EXT","hipLaunchKernel",2659034,2659034,8014,3219595933948916,3219595933953233
"HIP_RUNTIME_API_EXT","hipGetLastError",2659034,2659034,8015,3219595933953754,3219595933953794
"HIP_RUNTIME_API_EXT","hipSetDevice",2659034,2659034,8016,3219595933954384,3219595933954439
"HIP_RUNTIME_API_EXT","hipMalloc",2659034,2659034,8017,3219595933954774,3219595933956131
"HIP_RUNTIME_API_EXT","hipSetDevice",2659034,2659034,8018,3219595933956554,3219595933956616
"HIP_RUNTIME_API_EXT","hipLaunchKernel",2659034,2659034,8019,3219595933957180,3219595933961191
"HIP_RUNTIME_API_EXT","hipGetLastError",2659034,2659034,8020,3219595933961643,3219595933961683
"HIP_RUNTIME_API_EXT","hipSetDevice",2659034,2659034,8021,3219595933962915,3219595933962972
"HIP_RUNTIME_API_EXT","hipLaunchKernel",2659034,2659034,8022,3219595933963533,3219595933969487
"HIP_RUNTIME_API_EXT","hipGetLastError",2659034,2659034,8023,3219595933970050,3219595933970093
"HIP_RUNTIME_API_EXT","hipSetDevice",2659034,2659034,8024,3219595933971011,3219595933971066
"HIP_RUNTIME_API_EXT","hipMalloc",2659034,2659034,8025,3219595933971405,3219595933972629
"HIP_RUNTIME_API_EXT","hipSetDevice",2659034,2659034,8026,3219595933973038,3219595933973092
"HIP_RUNTIME_API_EXT","hipLaunchKernel",2659034,2659034,8027,3219595933973918,3219595933977607
"HIP_RUNTIME_API_EXT","hipGetLastError",2659034,2659034,8028,3219595933978043,3219595933978194
"HIP_RUNTIME_API_EXT","hipSetDevice",2659034,2659034,8029,3219595933979337,3219595933979395
"HIP_RUNTIME_API_EXT","hipMalloc",2659034,2659034,8030,3219595933979897,3219595933981080
"HIP_RUNTIME_API_EXT","hipSetDevice",2659034,2659034,8031,3219595933981511,3219595933981572
"HIP_RUNTIME_API_EXT","hipLaunchKernel",2659034,2659034,8032,3219595933982080,3219595933985980
"HIP_RUNTIME_API_EXT","hipGetLastError",2659034,2659034,8033,3219595933986325,3219595933986372
"HIP_RUNTIME_API_EXT","hipSetDevice",2659034,2659034,8034,3219595933987176,3219595933987240
"HIP_RUNTIME_API_EXT","hipFree",2659034,2659034,8035,3219595933987581,3219595934010223
"HIP_RUNTIME_API_EXT","hipSetDevice",2659034,2659034,8036,3219595934010869,3219595934010926
"HIP_RUNTIME_API_EXT","hipFree",2659034,2659034,8037,3219595934011259,3219595934012740
"HIP_RUNTIME_API_EXT","hipSetDevice",2659034,2659034,8038,3219595934013152,3219595934013205
"HIP_RUNTIME_API_EXT","hipFree",2659034,2659034,8039,3219595934013640,3219595934014931
"HIP_RUNTIME_API_EXT","hipSetDevice",2659034,2659034,8040,3219595934015326,3219595934015382
"HIP_RUNTIME_API_EXT","hipFree",2659034,2659034,8041,3219595934015684,3219595934016731
"HIP_RUNTIME_API_EXT","hipSetDevice",2659034,2659034,8042,3219595934017115,3219595934017169
"HIP_RUNTIME_API_EXT","hipFree",2659034,2659034,8043,3219595934017473,3219595934018604
"HIP_RUNTIME_API_EXT","hipSetDevice",2659034,2659034,8044,3219595934018966,3219595934019019
"HIP_RUNTIME_API_EXT","hipFree",2659034,2659034,8045,3219595934019322,3219595934020520
"HIP_RUNTIME_API_EXT","hipSetDevice",2659034,2659034,8046,3219595934020915,3219595934020970
"HIP_RUNTIME_API_EXT","hipFree",2659034,2659034,8047,3219595934021367,3219595934022372
"HIP_RUNTIME_API_EXT","hipSetDevice",2659034,2659034,8048,3219595934022860,3219595934022919
"HIP_RUNTIME_API_EXT","hipMalloc",2659034,2659034,8049,3219595934025315,3219595934026326
"HIP_RUNTIME_API_EXT","hipSetDevice",2659034,2659034,8050,3219595934026893,3219595934026946
"HIP_RUNTIME_API_EXT","hipMalloc",2659034,2659034,8051,3219595934029239,3219595934030165
"HIP_RUNTIME_API_EXT","hipSetDevice",2659034,2659034,8052,3219595934030655,3219595934030711
"HIP_RUNTIME_API_EXT","hipLaunchKernel",2659034,2659034,8053,3219595934031371,3219595934035869
"HIP_RUNTIME_API_EXT","hipGetLastError",2659034,2659034,8054,3219595934037342,3219595934037386
"HIP_RUNTIME_API_EXT","hipSetDevice",2659034,2659034,8055,3219595934039010,3219595934039074
"HIP_RUNTIME_API_EXT","hipMalloc",2659034,2659034,8056,3219595934039683,3219595934040838
"HIP_RUNTIME_API_EXT","hipSetDevice",2659034,2659034,8057,3219595934041239,3219595934041294
"HIP_RUNTIME_API_EXT","hipLaunchKernel",2659034,2659034,8058,3219595934041862,3219595934049237
"HIP_RUNTIME_API_EXT","hipGetLastError",2659034,2659034,8059,3219595934049705,3219595934049752
"HIP_RUNTIME_API_EXT","hipSetDevice",2659034,2659034,8060,3219595934051059,3219595934051119
"HIP_RUNTIME_API_EXT","hipMalloc",2659034,2659034,8061,3219595934051495,3219595934052791
"HIP_RUNTIME_API_EXT","hipSetDevice",2659034,2659034,8062,3219595934053830,3219595934053884
"HIP_RUNTIME_API_EXT","hipLaunchKernel",2659034,2659034,8063,3219595934054582,3219595934063180
"HIP_RUNTIME_API_EXT","hipGetLastError",2659034,2659034,8064,3219595934063547,3219595934063649
"HIP_RUNTIME_API_EXT","hipSetDevice",2659034,2659034,8065,3219595934066444,3219595934066500
"HIP_RUNTIME_API_EXT","hipMalloc",2659034,2659034,8066,3219595934066866,3219595934068131
"HIP_RUNTIME_API_EXT","hipSetDevice",2659034,2659034,8067,3219595934068636,3219595934068699
"HIP_RUNTIME_API_EXT","hipLaunchKernel",2659034,2659034,8068,3219595934069281,3219595934081189
"HIP_RUNTIME_API_EXT","hipGetLastError",2659034,2659034,8069,3219595934081712,3219595934081757
"HIP_RUNTIME_API_EXT","hipSetDevice",2659034,2659034,8070,3219595934082262,3219595934082319
"HIP_RUNTIME_API_EXT","hipFree",2659034,2659034,8071,3219595934082709,3219595934094539
"HIP_RUNTIME_API_EXT","hipSetDevice",2659034,2659034,8072,3219595934100727,3219595934100787
"HIP_RUNTIME_API_EXT","hipFree",2659034,2659034,8073,3219595934101293,3219595934102364
"HIP_RUNTIME_API_EXT","hipSetDevice",2659034,2659034,8074,3219595934103039,3219595934103093
"HIP_RUNTIME_API_EXT","hipMalloc",2659034,2659034,8075,3219595934103569,3219595934105503
"HIP_RUNTIME_API_EXT","hipSetDevice",2659034,2659034,8076,3219595934105959,3219595934106015
"HIP_RUNTIME_API_EXT","hipLaunchKernel",2659034,2659034,8077,3219595934106654,3219595934117198
"HIP_RUNTIME_API_EXT","hipGetLastError",2659034,2659034,8078,3219595934117871,3219595934117915
"HIP_RUNTIME_API_EXT","hipSetDevice",2659034,2659034,8079,3219595934118617,3219595934118673
"HIP_RUNTIME_API_EXT","hipFree",2659034,2659034,8080,3219595934119116,3219595934144139
"HIP_RUNTIME_API_EXT","hipSetDevice",2659034,2659034,8081,3219595934145153,3219595934145209
"HIP_RUNTIME_API_EXT","hipMalloc",2659034,2659034,8082,3219595934145703,3219595934146608
"HIP_RUNTIME_API_EXT","hipSetDevice",2659034,2659034,8083,3219595934147222,3219595934147281
"HIP_RUNTIME_API_EXT","hipLaunchKernel",2659034,2659034,8084,3219595934148067,3219595934151983
"HIP_RUNTIME_API_EXT","hipGetLastError",2659034,2659034,8085,3219595934152514,3219595934152558
"HIP_RUNTIME_API_EXT","hipSetDevice",2659034,2659034,8086,3219595934152968,3219595934153031
"HIP_RUNTIME_API_EXT","hipFree",2659034,2659034,8087,3219595934153508,3219595934164696
"HIP_RUNTIME_API_EXT","hipSetDevice",2659034,2659034,8088,3219595934165469,3219595934165529
"HIP_RUNTIME_API_EXT","hipFree",2659034,2659034,8089,3219595934165853,3219595934166912
"HIP_RUNTIME_API_EXT","hipSetDevice",2659034,2659034,8090,3219595934167309,3219595934167366
"HIP_RUNTIME_API_EXT","hipFree",2659034,2659034,8091,3219595934167818,3219595934168938
"HIP_RUNTIME_API_EXT","hipSetDevice",2659034,2659034,8092,3219595934169322,3219595934169379
"HIP_RUNTIME_API_EXT","hipFree",2659034,2659034,8093,3219595934169697,3219595934171010
"HIP_RUNTIME_API_EXT","hipSetDevice",2659034,2659034,8094,3219595934171378,3219595934171432
"HIP_RUNTIME_API_EXT","hipFree",2659034,2659034,8095,3219595934171850,3219595934173292
"HIP_RUNTIME_API_EXT","hipSetDevice",2659034,2659034,8096,3219595934174059,3219595934174114
"HIP_RUNTIME_API_EXT","hipMalloc",2659034,2659034,8097,3219595934174479,3219595934175454
"HIP_RUNTIME_API_EXT","hipSetDevice",2659034,2659034,8098,3219595934175982,3219595934176038
"HIP_RUNTIME_API_EXT","hipLaunchKernel",2659034,2659034,8099,3219595934176691,3219595934180888
"HIP_RUNTIME_API_EXT","hipGetLastError",2659034,2659034,8100,3219595934181366,3219595934181408
"HIP_RUNTIME_API_EXT","hipSetDevice",2659034,2659034,8101,3219595934182549,3219595934182606
"HIP_RUNTIME_API_EXT","hipMalloc",2659034,2659034,8102,3219595934183065,3219595934184053
"HIP_RUNTIME_API_EXT","hipSetDevice",2659034,2659034,8103,3219595934184613,3219595934184665
"HIP_RUNTIME_API_EXT","hipLaunchKernel",2659034,2659034,8104,3219595934185170,3219595934189446
"HIP_RUNTIME_API_EXT","hipGetLastError",2659034,2659034,8105,3219595934190065,3219595934190108
"HIP_RUNTIME_API_EXT","hipSetDevice",2659034,2659034,8106,3219595934190797,3219595934190855
"HIP_RUNTIME_API_EXT","hipMalloc",2659034,2659034,8107,3219595934191373,3219595934192649
"HIP_RUNTIME_API_EXT","hipSetDevice",2659034,2659034,8108,3219595934193025,3219595934193080
"HIP_RUNTIME_API_EXT","hipLaunchKernel",2659034,2659034,8109,3219595934193756,3219595934206432
"HIP_RUNTIME_API_EXT","hipGetLastError",2659034,2659034,8110,3219595934206930,3219595934206974
"HIP_RUNTIME_API_EXT","hipSetDevice",2659034,2659034,8111,3219595934208014,3219595934208076
"HIP_RUNTIME_API_EXT","hipMalloc",2659034,2659034,8112,3219595934208566,3219595934209869
"HIP_RUNTIME_API_EXT","hipSetDevice",2659034,2659034,8113,3219595934210225,3219595934210277
"HIP_RUNTIME_API_EXT","hipLaunchKernel",2659034,2659034,8114,3219595934210847,3219595934214917
"HIP_RUNTIME_API_EXT","hipGetLastError",2659034,2659034,8115,3219595934215389,3219595934215439
"HIP_RUNTIME_API_EXT","hipSetDevice",2659034,2659034,8116,3219595934216824,3219595934216880
"HIP_RUNTIME_API_EXT","hipMalloc",2659034,2659034,8117,3219595934217215,3219595934218359
"HIP_RUNTIME_API_EXT","hipSetDevice",2659034,2659034,8118,3219595934218725,3219595934218780
"HIP_RUNTIME_API_EXT","hipLaunchKernel",2659034,2659034,8119,3219595934219415,3219595934223918
"HIP_RUNTIME_API_EXT","hipGetLastError",2659034,2659034,8120,3219595934224327,3219595934224378
"HIP_RUNTIME_API_EXT","hipSetDevice",2659034,2659034,8121,3219595934225117,3219595934225175
"HIP_RUNTIME_API_EXT","hipMalloc",2659034,2659034,8122,3219595934225606,3219595934226757
"HIP_RUNTIME_API_EXT","hipSetDevice",2659034,2659034,8123,3219595934227309,3219595934227363
"HIP_RUNTIME_API_EXT","hipLaunchKernel",2659034,2659034,8124,3219595934228146,3219595934232061
"HIP_RUNTIME_API_EXT","hipGetLastError",2659034,2659034,8125,3219595934232644,3219595934232741
"HIP_RUNTIME_API_EXT","hipSetDevice",2659034,2659034,8126,3219595934233960,3219595934234017
"HIP_RUNTIME_API_EXT","hipLaunchKernel",2659034,2659034,8127,3219595934234572,3219595934238874
"HIP_RUNTIME_API_EXT","hipGetLastError",2659034,2659034,8128,3219595934239387,3219595934239431
"HIP_RUNTIME_API_EXT","hipSetDevice",2659034,2659034,8129,3219595934241448,3219595934241504
"HIP_RUNTIME_API_EXT","hipMalloc",2659034,2659034,8130,3219595934241828,3219595934243066
"HIP_RUNTIME_API_EXT","hipSetDevice",2659034,2659034,8131,3219595934243451,3219595934243511
"HIP_RUNTIME_API_EXT","hipLaunchKernel",2659034,2659034,8132,3219595934244160,3219595934248275
"HIP_RUNTIME_API_EXT","hipGetLastError",2659034,2659034,8133,3219595934248691,3219595934248741
"HIP_RUNTIME_API_EXT","hipSetDevice",2659034,2659034,8134,3219595934249911,3219595934249967
"HIP_RUNTIME_API_EXT","hipMalloc",2659034,2659034,8135,3219595934250289,3219595934251624
"HIP_RUNTIME_API_EXT","hipSetDevice",2659034,2659034,8136,3219595934252010,3219595934252067
"HIP_RUNTIME_API_EXT","hipLaunchKernel",2659034,2659034,8137,3219595934252603,3219595934256059
"HIP_RUNTIME_API_EXT","hipGetLastError",2659034,2659034,8138,3219595934256378,3219595934256422
"HIP_RUNTIME_API_EXT","hipSetDevice",2659034,2659034,8139,3219595934257225,3219595934257282
"HIP_RUNTIME_API_EXT","hipFree",2659034,2659034,8140,3219595934257629,3219595934278618
"HIP_RUNTIME_API_EXT","hipSetDevice",2659034,2659034,8141,3219595934279218,3219595934279280
"HIP_RUNTIME_API_EXT","hipFree",2659034,2659034,8142,3219595934279611,3219595934280825
"HIP_RUNTIME_API_EXT","hipSetDevice",2659034,2659034,8143,3219595934281353,3219595934281409
"HIP_RUNTIME_API_EXT","hipFree",2659034,2659034,8144,3219595934281998,3219595934283068
"HIP_RUNTIME_API_EXT","hipSetDevice",2659034,2659034,8145,3219595934283728,3219595934283784
"HIP_RUNTIME_API_EXT","hipFree",2659034,2659034,8146,3219595934284104,3219595934285051
"HIP_RUNTIME_API_EXT","hipSetDevice",2659034,2659034,8147,3219595934285419,3219595934285474
"HIP_RUNTIME_API_EXT","hipFree",2659034,2659034,8148,3219595934285787,3219595934286746
"HIP_RUNTIME_API_EXT","hipSetDevice",2659034,2659034,8149,3219595934287121,3219595934287176
"HIP_RUNTIME_API_EXT","hipFree",2659034,2659034,8150,3219595934287487,3219595934288500
"HIP_RUNTIME_API_EXT","hipSetDevice",2659034,2659034,8151,3219595934288895,3219595934288960
"HIP_RUNTIME_API_EXT","hipFree",2659034,2659034,8152,3219595934289334,3219595934290484
"HIP_RUNTIME_API_EXT","hipSetDevice",2659034,2659034,8153,3219595934292349,3219595934292404
"HIP_RUNTIME_API_EXT","hipMalloc",2659034,2659034,8154,3219595934292791,3219595934293651
"HIP_RUNTIME_API_EXT","hipSetDevice",2659034,2659034,8155,3219595934294260,3219595934294311
"HIP_RUNTIME_API_EXT","hipMalloc",2659034,2659034,8156,3219595934294801,3219595934295577
"HIP_RUNTIME_API_EXT","hipSetDevice",2659034,2659034,8157,3219595934295965,3219595934296021
"HIP_RUNTIME_API_EXT","hipLaunchKernel",2659034,2659034,8158,3219595934296617,3219595934300817
"HIP_RUNTIME_API_EXT","hipGetLastError",2659034,2659034,8159,3219595934301243,3219595934301288
"HIP_RUNTIME_API_EXT","hipSetDevice",2659034,2659034,8160,3219595934301950,3219595934302009
"HIP_RUNTIME_API_EXT","hipMalloc",2659034,2659034,8161,3219595934302444,3219595934303591
"HIP_RUNTIME_API_EXT","hipSetDevice",2659034,2659034,8162,3219595934303989,3219595934304044
"HIP_RUNTIME_API_EXT","hipLaunchKernel",2659034,2659034,8163,3219595934304573,3219595934307899
"HIP_RUNTIME_API_EXT","hipGetLastError",2659034,2659034,8164,3219595934308362,3219595934308406
"HIP_RUNTIME_API_EXT","hipSetDevice",2659034,2659034,8165,3219595934310158,3219595934310216
"HIP_RUNTIME_API_EXT","hipMalloc",2659034,2659034,8166,3219595934310630,3219595934311646
"HIP_RUNTIME_API_EXT","hipSetDevice",2659034,2659034,8167,3219595934312323,3219595934312376
"HIP_RUNTIME_API_EXT","hipLaunchKernel",2659034,2659034,8168,3219595934313001,3219595934317288
"HIP_RUNTIME_API_EXT","hipGetLastError",2659034,2659034,8169,3219595934317790,3219595934317840
"HIP_RUNTIME_API_EXT","hipSetDevice",2659034,2659034,8170,3219595934318472,3219595934318529
"HIP_RUNTIME_API_EXT","hipMalloc",2659034,2659034,8171,3219595934319019,3219595934320063
"HIP_RUNTIME_API_EXT","hipSetDevice",2659034,2659034,8172,3219595934320587,3219595934320643
"HIP_RUNTIME_API_EXT","hipLaunchKernel",2659034,2659034,8173,3219595934321354,3219595934325293
"HIP_RUNTIME_API_EXT","hipGetLastError",2659034,2659034,8174,3219595934325699,3219595934325743
"HIP_RUNTIME_API_EXT","hipSetDevice",2659034,2659034,8175,3219595934326278,3219595934326340
"HIP_RUNTIME_API_EXT","hipFree",2659034,2659034,8176,3219595934326785,3219595934340735
"HIP_RUNTIME_API_EXT","hipSetDevice",2659034,2659034,8177,3219595934341408,3219595934341469
"HIP_RUNTIME_API_EXT","hipFree",2659034,2659034,8178,3219595934341796,3219595934342781
"HIP_RUNTIME_API_EXT","hipSetDevice",2659034,2659034,8179,3219595934343714,3219595934343776
"HIP_RUNTIME_API_EXT","hipMalloc",2659034,2659034,8180,3219595934344132,3219595934344954
"HIP_RUNTIME_API_EXT","hipSetDevice",2659034,2659034,8181,3219595934345427,3219595934345483
"HIP_RUNTIME_API_EXT","hipLaunchKernel",2659034,2659034,8182,3219595934345989,3219595934349419
"HIP_RUNTIME_API_EXT","hipGetLastError",2659034,2659034,8183,3219595934349930,3219595934349974
"HIP_RUNTIME_API_EXT","hipSetDevice",2659034,2659034,8184,3219595934350406,3219595934350460
"HIP_RUNTIME_API_EXT","hipFree",2659034,2659034,8185,3219595934350803,3219595934375590
"HIP_RUNTIME_API_EXT","hipSetDevice",2659034,2659034,8186,3219595934376489,3219595934376543
"HIP_RUNTIME_API_EXT","hipMalloc",2659034,2659034,8187,3219595934376883,3219595934377773
"HIP_RUNTIME_API_EXT","hipSetDevice",2659034,2659034,8188,3219595934378141,3219595934378200
"HIP_RUNTIME_API_EXT","hipLaunchKernel",2659034,2659034,8189,3219595934378946,3219595934382544
"HIP_RUNTIME_API_EXT","hipGetLastError",2659034,2659034,8190,3219595934383003,3219595934383046
"HIP_RUNTIME_API_EXT","hipSetDevice",2659034,2659034,8191,3219595934383543,3219595934383605
"HIP_RUNTIME_API_EXT","hipFree",2659034,2659034,8192,3219595934383947,3219595934394960
"HIP_RUNTIME_API_EXT","hipSetDevice",2659034,2659034,8193,3219595934396176,3219595934396237
"HIP_RUNTIME_API_EXT","hipFree",2659034,2659034,8194,3219595934396590,3219595934397603
"HIP_RUNTIME_API_EXT","hipSetDevice",2659034,2659034,8195,3219595934398060,3219595934398117
"HIP_RUNTIME_API_EXT","hipFree",2659034,2659034,8196,3219595934398440,3219595934399477
"HIP_RUNTIME_API_EXT","hipSetDevice",2659034,2659034,8197,3219595934399871,3219595934399926
"HIP_RUNTIME_API_EXT","hipFree",2659034,2659034,8198,3219595934400250,3219595934401369
"HIP_RUNTIME_API_EXT","hipSetDevice",2659034,2659034,8199,3219595934401736,3219595934401823
"HIP_RUNTIME_API_EXT","hipFree",2659034,2659034,8200,3219595934402143,3219595934403410
"HIP_RUNTIME_API_EXT","hipSetDevice",2659034,2659034,8201,3219595934403990,3219595934404046
"HIP_RUNTIME_API_EXT","hipMalloc",2659034,2659034,8202,3219595934404364,3219595934405467
"HIP_RUNTIME_API_EXT","hipSetDevice",2659034,2659034,8203,3219595934405853,3219595934405909
"HIP_RUNTIME_API_EXT","hipLaunchKernel",2659034,2659034,8204,3219595934406465,3219595934409941
"HIP_RUNTIME_API_EXT","hipGetLastError",2659034,2659034,8205,3219595934410347,3219595934410389
"HIP_RUNTIME_API_EXT","hipSetDevice",2659034,2659034,8206,3219595934410851,3219595934410903
"HIP_RUNTIME_API_EXT","hipFree",2659034,2659034,8207,3219595934411333,3219595934422500
"HIP_RUNTIME_API_EXT","hipSetDevice",2659034,2659034,8208,3219595934423353,3219595934423407
"HIP_RUNTIME_API_EXT","hipMalloc",2659034,2659034,8209,3219595934423731,3219595934424754
"HIP_RUNTIME_API_EXT","hipSetDevice",2659034,2659034,8210,3219595934425151,3219595934425208
"HIP_RUNTIME_API_EXT","hipLaunchKernel",2659034,2659034,8211,3219595934425940,3219595934429436
"HIP_RUNTIME_API_EXT","hipGetLastError",2659034,2659034,8212,3219595934429856,3219595934429907
"HIP_RUNTIME_API_EXT","hipSetDevice",2659034,2659034,8213,3219595934430529,3219595934430591
"HIP_RUNTIME_API_EXT","hipFree",2659034,2659034,8214,3219595934431074,3219595934448739
"HIP_RUNTIME_API_EXT","hipSetDevice",2659034,2659034,8215,3219595934449155,3219595934449218
"HIP_RUNTIME_API_EXT","hipFree",2659034,2659034,8216,3219595934449779,3219595934450914
"HIP_RUNTIME_API_EXT","hipSetDevice",2659034,2659034,8217,3219595934451334,3219595934451388
"HIP_RUNTIME_API_EXT","hipFree",2659034,2659034,8218,3219595934451736,3219595934452948
"HIP_RUNTIME_API_EXT","hipSetDevice",2659034,2659034,8219,3219595934453309,3219595934453367
"HIP_RUNTIME_API_EXT","hipFree",2659034,2659034,8220,3219595934453742,3219595934454946
"HIP_RUNTIME_API_EXT","hipSetDevice",2659034,2659034,8221,3219595934455660,3219595934455713
"HIP_RUNTIME_API_EXT","hipMemcpy",2659034,2659034,8222,3219595934456057,3219595934460772
"HIP_RUNTIME_API_EXT","hipSetDevice",2659034,2659034,8223,3219595934461342,3219595934461407
"HIP_RUNTIME_API_EXT","hipMemcpy",2659034,2659034,8224,3219595934461729,3219595934466913
"HIP_RUNTIME_API_EXT","hipSetDevice",2659034,2659034,8225,3219595934467335,3219595934467399
"HIP_RUNTIME_API_EXT","hipMemcpy",2659034,2659034,8226,3219595934468696,3219595934472803
"HIP_RUNTIME_API_EXT","hipSetDevice",2659034,2659034,8227,3219595934473409,3219595934473471
"HIP_RUNTIME_API_EXT","hipFree",2659034,2659034,8228,3219595934473811,3219595934485638
"HIP_RUNTIME_API_EXT","hipSetDevice",2659034,2659034,8229,3219595934487806,3219595934487874
"HIP_RUNTIME_API_EXT","hipMalloc",2659034,2659034,8230,3219595934488233,3219595934489059
"HIP_RUNTIME_API_EXT","hipSetDevice",2659034,2659034,8231,3219595934489475,3219595934489533
"HIP_RUNTIME_API_EXT","hipMemcpy",2659034,2659034,8232,3219595934489943,3219595934506224
"HIP_RUNTIME_API_EXT","hipSetDevice",2659034,2659034,8233,3219595934507104,3219595934507170
"HIP_RUNTIME_API_EXT","hipMalloc",2659034,2659034,8234,3219595934507622,3219595934509064
"HIP_RUNTIME_API_EXT","hipSetDevice",2659034,2659034,8235,3219595934509535,3219595934509593
"HIP_RUNTIME_API_EXT","hipLaunchKernel",2659034,2659034,8236,3219595934510120,3219595934513745
"HIP_RUNTIME_API_EXT","hipGetLastError",2659034,2659034,8237,3219595934514201,3219595934514245
"HIP_RUNTIME_API_EXT","hipSetDevice",2659034,2659034,8238,3219595934515168,3219595934515228
"HIP_RUNTIME_API_EXT","hipMalloc",2659034,2659034,8239,3219595934515566,3219595934516741
"HIP_RUNTIME_API_EXT","hipSetDevice",2659034,2659034,8240,3219595934517188,3219595934517242
"HIP_RUNTIME_API_EXT","hipLaunchKernel",2659034,2659034,8241,3219595934517742,3219595934521130
"HIP_RUNTIME_API_EXT","hipGetLastError",2659034,2659034,8242,3219595934521748,3219595934521793
"HIP_RUNTIME_API_EXT","hipSetDevice",2659034,2659034,8243,3219595934522751,3219595934522810
"HIP_RUNTIME_API_EXT","hipMalloc",2659034,2659034,8244,3219595934523181,3219595934524322
"HIP_RUNTIME_API_EXT","hipSetDevice",2659034,2659034,8245,3219595934524708,3219595934524766
"HIP_RUNTIME_API_EXT","hipLaunchKernel",2659034,2659034,8246,3219595934525300,3219595934528882
"HIP_RUNTIME_API_EXT","hipGetLastError",2659034,2659034,8247,3219595934529291,3219595934529341
"HIP_RUNTIME_API_EXT","hipSetDevice",2659034,2659034,8248,3219595934530029,3219595934530090
"HIP_RUNTIME_API_EXT","hipMalloc",2659034,2659034,8249,3219595934530409,3219595934531749
"HIP_RUNTIME_API_EXT","hipSetDevice",2659034,2659034,8250,3219595934532392,3219595934532451
"HIP_RUNTIME_API_EXT","hipLaunchKernel",2659034,2659034,8251,3219595934533028,3219595934536594
"HIP_RUNTIME_API_EXT","hipGetLastError",2659034,2659034,8252,3219595934537008,3219595934537057
"HIP_RUNTIME_API_EXT","hipSetDevice",2659034,2659034,8253,3219595934538017,3219595934538078
"HIP_RUNTIME_API_EXT","hipMalloc",2659034,2659034,8254,3219595934538441,3219595934539497
"HIP_RUNTIME_API_EXT","hipSetDevice",2659034,2659034,8255,3219595934539861,3219595934539915
"HIP_RUNTIME_API_EXT","hipLaunchKernel",2659034,2659034,8256,3219595934540448,3219595934547305
"HIP_RUNTIME_API_EXT","hipGetLastError",2659034,2659034,8257,3219595934547858,3219595934547920
"HIP_RUNTIME_API_EXT","hipSetDevice",2659034,2659034,8258,3219595934548675,3219595934548739
"HIP_RUNTIME_API_EXT","hipMalloc",2659034,2659034,8259,3219595934556567,3219595934558370
"HIP_RUNTIME_API_EXT","hipSetDevice",2659034,2659034,8260,3219595934558889,3219595934558977
"HIP_RUNTIME_API_EXT","hipLaunchKernel",2659034,2659034,8261,3219595934559861,3219595934564371
"HIP_RUNTIME_API_EXT","hipGetLastError",2659034,2659034,8262,3219595934564988,3219595934565079
"HIP_RUNTIME_API_EXT","hipSetDevice",2659034,2659034,8263,3219595934565790,3219595934565848
"HIP_RUNTIME_API_EXT","hipMalloc",2659034,2659034,8264,3219595934566213,3219595934567548
"HIP_RUNTIME_API_EXT","hipSetDevice",2659034,2659034,8265,3219595934567954,3219595934568012
"HIP_RUNTIME_API_EXT","hipLaunchKernel",2659034,2659034,8266,3219595934568508,3219595934572169
"HIP_RUNTIME_API_EXT","hipGetLastError",2659034,2659034,8267,3219595934572534,3219595934572576
"HIP_RUNTIME_API_EXT","hipSetDevice",2659034,2659034,8268,3219595934573734,3219595934573793
"HIP_RUNTIME_API_EXT","hipMalloc",2659034,2659034,8269,3219595934574111,3219595934575426
"HIP_RUNTIME_API_EXT","hipSetDevice",2659034,2659034,8270,3219595934575968,3219595934576029
"HIP_RUNTIME_API_EXT","hipLaunchKernel",2659034,2659034,8271,3219595934576515,3219595934580053
"HIP_RUNTIME_API_EXT","hipGetLastError",2659034,2659034,8272,3219595934581597,3219595934581654
"HIP_RUNTIME_API_EXT","hipSetDevice",2659034,2659034,8273,3219595934582202,3219595934582260
"HIP_RUNTIME_API_EXT","hipMalloc",2659034,2659034,8274,3219595934582705,3219595934584037
"HIP_RUNTIME_API_EXT","hipSetDevice",2659034,2659034,8275,3219595934584604,3219595934584661
"HIP_RUNTIME_API_EXT","hipLaunchKernel",2659034,2659034,8276,3219595934585185,3219595934588521
"HIP_RUNTIME_API_EXT","hipGetLastError",2659034,2659034,8277,3219595934588981,3219595934589022
"HIP_RUNTIME_API_EXT","hipSetDevice",2659034,2659034,8278,3219595934589527,3219595934589585
"HIP_RUNTIME_API_EXT","hipFree",2659034,2659034,8279,3219595934590141,3219595934606263
"HIP_RUNTIME_API_EXT","hipSetDevice",2659034,2659034,8280,3219595934608237,3219595934608300
"HIP_RUNTIME_API_EXT","hipMalloc",2659034,2659034,8281,3219595934608624,3219595934609467
"HIP_RUNTIME_API_EXT","hipSetDevice",2659034,2659034,8282,3219595934609847,3219595934609907
"HIP_RUNTIME_API_EXT","hipLaunchKernel",2659034,2659034,8283,3219595934610475,3219595934614775
"HIP_RUNTIME_API_EXT","hipGetLastError",2659034,2659034,8284,3219595934615388,3219595934615430
"HIP_RUNTIME_API_EXT","hipSetDevice",2659034,2659034,8285,3219595934615891,3219595934615954
"HIP_RUNTIME_API_EXT","hipFree",2659034,2659034,8286,3219595934616435,3219595934627800
"HIP_RUNTIME_API_EXT","hipSetDevice",2659034,2659034,8287,3219595934628608,3219595934628671
"HIP_RUNTIME_API_EXT","hipMalloc",2659034,2659034,8288,3219595934629016,3219595934630520
"HIP_RUNTIME_API_EXT","hipSetDevice",2659034,2659034,8289,3219595934631197,3219595934631253
"HIP_RUNTIME_API_EXT","hipMemcpy",2659034,2659034,8290,3219595934631601,3219595934635476
"HIP_RUNTIME_API_EXT","hipSetDevice",2659034,2659034,8291,3219595934635878,3219595934635940
"HIP_RUNTIME_API_EXT","hipMemcpy",2659034,2659034,8292,3219595934636384,3219595934639642
"HIP_RUNTIME_API_EXT","hipSetDevice",2659034,2659034,8293,3219595934640325,3219595934640384
"HIP_RUNTIME_API_EXT","hipMalloc",2659034,2659034,8294,3219595934640750,3219595934642127
"HIP_RUNTIME_API_EXT","hipSetDevice",2659034,2659034,8295,3219595934643089,3219595934643151
"HIP_RUNTIME_API_EXT","hipMemcpy",2659034,2659034,8296,3219595934643613,3219595934648280
"HIP_RUNTIME_API_EXT","hipSetDevice",2659034,2659034,8297,3219595934648669,3219595934648732
"HIP_RUNTIME_API_EXT","hipMemcpy",2659034,2659034,8298,3219595934649051,3219595934662168
"HIP_RUNTIME_API_EXT","hipSetDevice",2659034,2659034,8299,3219595934662763,3219595934662833
"HIP_RUNTIME_API_EXT","hipMalloc",2659034,2659034,8300,3219595934663155,3219595934664531
"HIP_RUNTIME_API_EXT","hipSetDevice",2659034,2659034,8301,3219595934664885,3219595934664940
"HIP_RUNTIME_API_EXT","hipLaunchKernel",2659034,2659034,8302,3219595934665604,3219595934669719
"HIP_RUNTIME_API_EXT","hipGetLastError",2659034,2659034,8303,3219595934670527,3219595934670631
"HIP_RUNTIME_API_EXT","hipSetDevice",2659034,2659034,8304,3219595934671408,3219595934671467
"HIP_RUNTIME_API_EXT","hipMalloc",2659034,2659034,8305,3219595934671804,3219595934673051
"HIP_RUNTIME_API_EXT","hipSetDevice",2659034,2659034,8306,3219595934673562,3219595934673620
"HIP_RUNTIME_API_EXT","hipLaunchKernel",2659034,2659034,8307,3219595934674113,3219595934678995
"HIP_RUNTIME_API_EXT","hipGetLastError",2659034,2659034,8308,3219595934679550,3219595934679594
"HIP_RUNTIME_API_EXT","hipSetDevice",2659034,2659034,8309,3219595934680258,3219595934680316
"HIP_RUNTIME_API_EXT","hipFree",2659034,2659034,8310,3219595934680644,3219595934691980
"HIP_RUNTIME_API_EXT","hipSetDevice",2659034,2659034,8311,3219595934692567,3219595934692624
"HIP_RUNTIME_API_EXT","hipMalloc",2659034,2659034,8312,3219595934692946,3219595934694131
"HIP_RUNTIME_API_EXT","hipSetDevice",2659034,2659034,8313,3219595934694571,3219595934694627
"HIP_RUNTIME_API_EXT","hipLaunchKernel",2659034,2659034,8314,3219595934695119,3219595934698911
"HIP_RUNTIME_API_EXT","hipGetLastError",2659034,2659034,8315,3219595934699299,3219595934699343
"HIP_RUNTIME_API_EXT","hipSetDevice",2659034,2659034,8316,3219595934699875,3219595934699933
"HIP_RUNTIME_API_EXT","hipFree",2659034,2659034,8317,3219595934700273,3219595934718012
"HIP_RUNTIME_API_EXT","hipSetDevice",2659034,2659034,8318,3219595934718397,3219595934718453
"HIP_RUNTIME_API_EXT","hipFree",2659034,2659034,8319,3219595934718769,3219595934719891
"HIP_RUNTIME_API_EXT","hipSetDevice",2659034,2659034,8320,3219595934720246,3219595934720302
"HIP_RUNTIME_API_EXT","hipFree",2659034,2659034,8321,3219595934721006,3219595934721949
"HIP_RUNTIME_API_EXT","hipSetDevice",2659034,2659034,8322,3219595934722290,3219595934722346
"HIP_RUNTIME_API_EXT","hipFree",2659034,2659034,8323,3219595934722670,3219595934723632
"HIP_RUNTIME_API_EXT","hipSetDevice",2659034,2659034,8324,3219595934724066,3219595934724122
"HIP_RUNTIME_API_EXT","hipFree",2659034,2659034,8325,3219595934724424,3219595934725408
"HIP_RUNTIME_API_EXT","hipSetDevice",2659034,2659034,8326,3219595934725772,3219595934725827
"HIP_RUNTIME_API_EXT","hipFree",2659034,2659034,8327,3219595934726124,3219595934727043
"HIP_RUNTIME_API_EXT","hipSetDevice",2659034,2659034,8328,3219595934727390,3219595934727443
"HIP_RUNTIME_API_EXT","hipFree",2659034,2659034,8329,3219595934727752,3219595934728702
"HIP_RUNTIME_API_EXT","hipSetDevice",2659034,2659034,8330,3219595934729253,3219595934729310
"HIP_RUNTIME_API_EXT","hipMalloc",2659034,2659034,8331,3219595934729697,3219595934730584
"HIP_RUNTIME_API_EXT","hipSetDevice",2659034,2659034,8332,3219595934730975,3219595934731029
"HIP_RUNTIME_API_EXT","hipLaunchKernel",2659034,2659034,8333,3219595934731623,3219595934735592
"HIP_RUNTIME_API_EXT","hipGetLastError",2659034,2659034,8334,3219595934736204,3219595934736385
"HIP_RUNTIME_API_EXT","hipSetDevice",2659034,2659034,8335,3219595934736866,3219595934736928
"HIP_RUNTIME_API_EXT","hipFree",2659034,2659034,8336,3219595934737284,3219595934748476
"HIP_RUNTIME_API_EXT","hipSetDevice",2659034,2659034,8337,3219595934748964,3219595934749024
"HIP_RUNTIME_API_EXT","hipFree",2659034,2659034,8338,3219595934749568,3219595934750644
"HIP_RUNTIME_API_EXT","hipSetDevice",2659034,2659034,8339,3219595934751339,3219595934751391
"HIP_RUNTIME_API_EXT","hipMalloc",2659034,2659034,8340,3219595934751810,3219595934752583
"HIP_RUNTIME_API_EXT","hipSetDevice",2659034,2659034,8341,3219595934752966,3219595934753026
"HIP_RUNTIME_API_EXT","hipLaunchKernel",2659034,2659034,8342,3219595934753557,3219595934757088
"HIP_RUNTIME_API_EXT","hipGetLastError",2659034,2659034,8343,3219595934757486,3219595934757526
"HIP_RUNTIME_API_EXT","hipSetDevice",2659034,2659034,8344,3219595934758159,3219595934758213
"HIP_RUNTIME_API_EXT","hipMalloc",2659034,2659034,8345,3219595934758648,3219595934759657
"HIP_RUNTIME_API_EXT","hipSetDevice",2659034,2659034,8346,3219595934760035,3219595934760090
"HIP_RUNTIME_API_EXT","hipLaunchKernel",2659034,2659034,8347,3219595934760626,3219595934763772
"HIP_RUNTIME_API_EXT","hipGetLastError",2659034,2659034,8348,3219595934764353,3219595934764399
"HIP_RUNTIME_API_EXT","hipSetDevice",2659034,2659034,8349,3219595934766113,3219595934766168
"HIP_RUNTIME_API_EXT","hipMalloc",2659034,2659034,8350,3219595934766500,3219595934767646
"HIP_RUNTIME_API_EXT","hipSetDevice",2659034,2659034,8351,3219595934768339,3219595934768395
"HIP_RUNTIME_API_EXT","hipLaunchKernel",2659034,2659034,8352,3219595934768948,3219595934772928
"HIP_RUNTIME_API_EXT","hipGetLastError",2659034,2659034,8353,3219595934773291,3219595934773335
"HIP_RUNTIME_API_EXT","hipSetDevice",2659034,2659034,8354,3219595934774069,3219595934774122
"HIP_RUNTIME_API_EXT","hipMalloc",2659034,2659034,8355,3219595934774798,3219595934776189
"HIP_RUNTIME_API_EXT","hipSetDevice",2659034,2659034,8356,3219595934776632,3219595934776692
"HIP_RUNTIME_API_EXT","hipLaunchKernel",2659034,2659034,8357,3219595934777202,3219595934781072
"HIP_RUNTIME_API_EXT","hipGetLastError",2659034,2659034,8358,3219595934781696,3219595934781736
"HIP_RUNTIME_API_EXT","hipSetDevice",2659034,2659034,8359,3219595934782119,3219595934782175
"HIP_RUNTIME_API_EXT","hipFree",2659034,2659034,8360,3219595934782744,3219595934796252
"HIP_RUNTIME_API_EXT","hipSetDevice",2659034,2659034,8361,3219595934796659,3219595934796714
"HIP_RUNTIME_API_EXT","hipFree",2659034,2659034,8362,3219595934797366,3219595934798339
"HIP_RUNTIME_API_EXT","hipSetDevice",2659034,2659034,8363,3219595934799299,3219595934799352
"HIP_RUNTIME_API_EXT","hipMalloc",2659034,2659034,8364,3219595934799692,3219595934800570
"HIP_RUNTIME_API_EXT","hipSetDevice",2659034,2659034,8365,3219595934800963,3219595934801015
"HIP_RUNTIME_API_EXT","hipLaunchKernel",2659034,2659034,8366,3219595934801514,3219595934805255
"HIP_RUNTIME_API_EXT","hipGetLastError",2659034,2659034,8367,3219595934805638,3219595934805682
"HIP_RUNTIME_API_EXT","hipSetDevice",2659034,2659034,8368,3219595934806389,3219595934806444
"HIP_RUNTIME_API_EXT","hipFree",2659034,2659034,8369,3219595934806782,3219595934832387
"HIP_RUNTIME_API_EXT","hipSetDevice",2659034,2659034,8370,3219595934833296,3219595934833349
"HIP_RUNTIME_API_EXT","hipMalloc",2659034,2659034,8371,3219595934833678,3219595934834431
"HIP_RUNTIME_API_EXT","hipSetDevice",2659034,2659034,8372,3219595934834805,3219595934834863
"HIP_RUNTIME_API_EXT","hipLaunchKernel",2659034,2659034,8373,3219595934835527,3219595934839041
"HIP_RUNTIME_API_EXT","hipGetLastError",2659034,2659034,8374,3219595934839527,3219595934839578
"HIP_RUNTIME_API_EXT","hipSetDevice",2659034,2659034,8375,3219595934839952,3219595934840016
"HIP_RUNTIME_API_EXT","hipFree",2659034,2659034,8376,3219595934840351,3219595934851318
"HIP_RUNTIME_API_EXT","hipSetDevice",2659034,2659034,8377,3219595934851888,3219595934851949
"HIP_RUNTIME_API_EXT","hipFree",2659034,2659034,8378,3219595934852438,3219595934853358
"HIP_RUNTIME_API_EXT","hipSetDevice",2659034,2659034,8379,3219595934853773,3219595934853825
"HIP_RUNTIME_API_EXT","hipFree",2659034,2659034,8380,3219595934854158,3219595934855098
"HIP_RUNTIME_API_EXT","hipSetDevice",2659034,2659034,8381,3219595934855451,3219595934855508
"HIP_RUNTIME_API_EXT","hipFree",2659034,2659034,8382,3219595934855838,3219595934856968
"HIP_RUNTIME_API_EXT","hipSetDevice",2659034,2659034,8383,3219595934857578,3219595934857631
"HIP_RUNTIME_API_EXT","hipMalloc",2659034,2659034,8384,3219595934857956,3219595934859294
"HIP_RUNTIME_API_EXT","hipSetDevice",2659034,2659034,8385,3219595934859795,3219595934859855
"HIP_RUNTIME_API_EXT","hipLaunchKernel",2659034,2659034,8386,3219595934860364,3219595934863810
"HIP_RUNTIME_API_EXT","hipGetLastError",2659034,2659034,8387,3219595934864231,3219595934864273
"HIP_RUNTIME_API_EXT","hipSetDevice",2659034,2659034,8388,3219595934865047,3219595934865102
"HIP_RUNTIME_API_EXT","hipMalloc",2659034,2659034,8389,3219595934865434,3219595934866398
"HIP_RUNTIME_API_EXT","hipSetDevice",2659034,2659034,8390,3219595934867017,3219595934867079
"HIP_RUNTIME_API_EXT","hipLaunchKernel",2659034,2659034,8391,3219595934867589,3219595934870815
"HIP_RUNTIME_API_EXT","hipGetLastError",2659034,2659034,8392,3219595934871231,3219595934871282
"HIP_RUNTIME_API_EXT","hipSetDevice",2659034,2659034,8393,3219595934873029,3219595934873084
"HIP_RUNTIME_API_EXT","hipMalloc",2659034,2659034,8394,3219595934873805,3219595934874907
"HIP_RUNTIME_API_EXT","hipSetDevice",2659034,2659034,8395,3219595934875314,3219595934875375
"HIP_RUNTIME_API_EXT","hipLaunchKernel",2659034,2659034,8396,3219595934875888,3219595934879541
"HIP_RUNTIME_API_EXT","hipGetLastError",2659034,2659034,8397,3219595934879929,3219595934879974
"HIP_RUNTIME_API_EXT","hipSetDevice",2659034,2659034,8398,3219595934880578,3219595934880638
"HIP_RUNTIME_API_EXT","hipMalloc",2659034,2659034,8399,3219595934880964,3219595934882078
"HIP_RUNTIME_API_EXT","hipSetDevice",2659034,2659034,8400,3219595934882565,3219595934882625
"HIP_RUNTIME_API_EXT","hipLaunchKernel",2659034,2659034,8401,3219595934886287,3219595934889851
"HIP_RUNTIME_API_EXT","hipGetLastError",2659034,2659034,8402,3219595934890399,3219595934890442
"HIP_RUNTIME_API_EXT","hipSetDevice",2659034,2659034,8403,3219595934891585,3219595934891651
"HIP_RUNTIME_API_EXT","hipMalloc",2659034,2659034,8404,3219595934891981,3219595934893118
"HIP_RUNTIME_API_EXT","hipSetDevice",2659034,2659034,8405,3219595934893509,3219595934893571
"HIP_RUNTIME_API_EXT","hipLaunchKernel",2659034,2659034,8406,3219595934894068,3219595934899581
"HIP_RUNTIME_API_EXT","hipGetLastError",2659034,2659034,8407,3219595934900772,3219595934900817
"HIP_RUNTIME_API_EXT","hipSetDevice",2659034,2659034,8408,3219595934901672,3219595934901732
"HIP_RUNTIME_API_EXT","hipMalloc",2659034,2659034,8409,3219595934902103,3219595934903691
"HIP_RUNTIME_API_EXT","hipSetDevice",2659034,2659034,8410,3219595934904130,3219595934904195
"HIP_RUNTIME_API_EXT","hipLaunchKernel",2659034,2659034,8411,3219595934904743,3219595934914193
"HIP_RUNTIME_API_EXT","hipGetLastError",2659034,2659034,8412,3219595934914644,3219595934914686
"HIP_RUNTIME_API_EXT","hipSetDevice",2659034,2659034,8413,3219595934929396,3219595934929517
"HIP_RUNTIME_API_EXT","hipMalloc",2659034,2659034,8414,3219595934929935,3219595934931840
"HIP_RUNTIME_API_EXT","hipSetDevice",2659034,2659034,8415,3219595934933266,3219595934933326
"HIP_RUNTIME_API_EXT","hipLaunchKernel",2659034,2659034,8416,3219595934934071,3219595934949014
"HIP_RUNTIME_API_EXT","hipGetLastError",2659034,2659034,8417,3219595934949495,3219595934949588
"HIP_RUNTIME_API_EXT","hipSetDevice",2659034,2659034,8418,3219595934950129,3219595934950186
"HIP_RUNTIME_API_EXT","hipMalloc",2659034,2659034,8419,3219595934951350,3219595934952476
"HIP_RUNTIME_API_EXT","hipSetDevice",2659034,2659034,8420,3219595934953097,3219595934953154
"HIP_RUNTIME_API_EXT","hipLaunchKernel",2659034,2659034,8421,3219595934953728,3219595934965141
"HIP_RUNTIME_API_EXT","hipGetLastError",2659034,2659034,8422,3219595934965538,3219595934965580
"HIP_RUNTIME_API_EXT","hipSetDevice",2659034,2659034,8423,3219595934966009,3219595934966069
"HIP_RUNTIME_API_EXT","hipFree",2659034,2659034,8424,3219595934966484,3219595934981674
"HIP_RUNTIME_API_EXT","hipSetDevice",2659034,2659034,8425,3219595934983819,3219595934983878
"HIP_RUNTIME_API_EXT","hipMalloc",2659034,2659034,8426,3219595934984377,3219595934985404
"HIP_RUNTIME_API_EXT","hipSetDevice",2659034,2659034,8427,3219595934985885,3219595934985943
"HIP_RUNTIME_API_EXT","hipLaunchKernel",2659034,2659034,8428,3219595934986581,3219595934990644
"HIP_RUNTIME_API_EXT","hipGetLastError",2659034,2659034,8429,3219595934991017,3219595934991062
"HIP_RUNTIME_API_EXT","hipSetDevice",2659034,2659034,8430,3219595934991575,3219595934991632
"HIP_RUNTIME_API_EXT","hipFree",2659034,2659034,8431,3219595934992098,3219595935003771
"HIP_RUNTIME_API_EXT","hipSetDevice",2659034,2659034,8432,3219595935004721,3219595935004780
"HIP_RUNTIME_API_EXT","hipMalloc",2659034,2659034,8433,3219595935005186,3219595935006155
"HIP_RUNTIME_API_EXT","hipSetDevice",2659034,2659034,8434,3219595935006826,3219595935006889
"HIP_RUNTIME_API_EXT","hipMemcpy",2659034,2659034,8435,3219595935007229,3219595935011259
"HIP_RUNTIME_API_EXT","hipSetDevice",2659034,2659034,8436,3219595935011821,3219595935011902
"HIP_RUNTIME_API_EXT","hipMemcpy",2659034,2659034,8437,3219595935012320,3219595935016129
"HIP_RUNTIME_API_EXT","hipSetDevice",2659034,2659034,8438,3219595935016798,3219595935016859
"HIP_RUNTIME_API_EXT","hipMalloc",2659034,2659034,8439,3219595935017200,3219595935019669
"HIP_RUNTIME_API_EXT","hipSetDevice",2659034,2659034,8440,3219595935020145,3219595935020207
"HIP_RUNTIME_API_EXT","hipMemcpy",2659034,2659034,8441,3219595935020521,3219595935025728
"HIP_RUNTIME_API_EXT","hipSetDevice",2659034,2659034,8442,3219595935026264,3219595935026328
"HIP_RUNTIME_API_EXT","hipMemcpy",2659034,2659034,8443,3219595935026646,3219595935030229
"HIP_RUNTIME_API_EXT","hipSetDevice",2659034,2659034,8444,3219595935030937,3219595935031006
"HIP_RUNTIME_API_EXT","hipMalloc",2659034,2659034,8445,3219595935031572,3219595935035339
"HIP_RUNTIME_API_EXT","hipSetDevice",2659034,2659034,8446,3219595935035803,3219595935035861
"HIP_RUNTIME_API_EXT","hipLaunchKernel",2659034,2659034,8447,3219595935036450,3219595935042273
"HIP_RUNTIME_API_EXT","hipGetLastError",2659034,2659034,8448,3219595935042962,3219595935043062
"HIP_RUNTIME_API_EXT","hipSetDevice",2659034,2659034,8449,3219595935044022,3219595935044080
"HIP_RUNTIME_API_EXT","hipMalloc",2659034,2659034,8450,3219595935044654,3219595935046043
"HIP_RUNTIME_API_EXT","hipSetDevice",2659034,2659034,8451,3219595935046598,3219595935046656
"HIP_RUNTIME_API_EXT","hipLaunchKernel",2659034,2659034,8452,3219595935047293,3219595935052300
"HIP_RUNTIME_API_EXT","hipGetLastError",2659034,2659034,8453,3219595935052863,3219595935052903
"HIP_RUNTIME_API_EXT","hipSetDevice",2659034,2659034,8454,3219595935053489,3219595935053549
"HIP_RUNTIME_API_EXT","hipFree",2659034,2659034,8455,3219595935053879,3219595935065725
"HIP_RUNTIME_API_EXT","hipSetDevice",2659034,2659034,8456,3219595935066553,3219595935066610
"HIP_RUNTIME_API_EXT","hipMalloc",2659034,2659034,8457,3219595935066941,3219595935067780
"HIP_RUNTIME_API_EXT","hipSetDevice",2659034,2659034,8458,3219595935068150,3219595935068203
"HIP_RUNTIME_API_EXT","hipLaunchKernel",2659034,2659034,8459,3219595935068703,3219595935072603
"HIP_RUNTIME_API_EXT","hipGetLastError",2659034,2659034,8460,3219595935072986,3219595935073029
"HIP_RUNTIME_API_EXT","hipSetDevice",2659034,2659034,8461,3219595935073624,3219595935073682
"HIP_RUNTIME_API_EXT","hipFree",2659034,2659034,8462,3219595935074011,3219595935091794
"HIP_RUNTIME_API_EXT","hipSetDevice",2659034,2659034,8463,3219595935092262,3219595935092327
"HIP_RUNTIME_API_EXT","hipFree",2659034,2659034,8464,3219595935092646,3219595935093669
"HIP_RUNTIME_API_EXT","hipSetDevice",2659034,2659034,8465,3219595935094012,3219595935094069
"HIP_RUNTIME_API_EXT","hipFree",2659034,2659034,8466,3219595935094385,3219595935095443
"HIP_RUNTIME_API_EXT","hipSetDevice",2659034,2659034,8467,3219595935095788,3219595935095843
"HIP_RUNTIME_API_EXT","hipFree",2659034,2659034,8468,3219595935096389,3219595935097501
"HIP_RUNTIME_API_EXT","hipSetDevice",2659034,2659034,8469,3219595935097869,3219595935097924
"HIP_RUNTIME_API_EXT","hipFree",2659034,2659034,8470,3219595935098263,3219595935099439
"HIP_RUNTIME_API_EXT","hipSetDevice",2659034,2659034,8471,3219595935099935,3219595935099992
"HIP_RUNTIME_API_EXT","hipFree",2659034,2659034,8472,3219595935100299,3219595935101443
"HIP_RUNTIME_API_EXT","hipSetDevice",2659034,2659034,8473,3219595935102078,3219595935102134
"HIP_RUNTIME_API_EXT","hipFree",2659034,2659034,8474,3219595935102460,3219595935103636
"HIP_RUNTIME_API_EXT","hipSetDevice",2659034,2659034,8475,3219595935104180,3219595935104238
"HIP_RUNTIME_API_EXT","hipMalloc",2659034,2659034,8476,3219595935104569,3219595935105575
"HIP_RUNTIME_API_EXT","hipSetDevice",2659034,2659034,8477,3219595935105955,3219595935106011
"HIP_RUNTIME_API_EXT","hipLaunchKernel",2659034,2659034,8478,3219595935106528,3219595935110310
"HIP_RUNTIME_API_EXT","hipGetLastError",2659034,2659034,8479,3219595935110795,3219595935110837
"HIP_RUNTIME_API_EXT","hipSetDevice",2659034,2659034,8480,3219595935111205,3219595935111262
"HIP_RUNTIME_API_EXT","hipFree",2659034,2659034,8481,3219595935111615,3219595935124539
"HIP_RUNTIME_API_EXT","hipSetDevice",2659034,2659034,8482,3219595935124982,3219595935125036
"HIP_RUNTIME_API_EXT","hipFree",2659034,2659034,8483,3219595935125504,3219595935126682
"HIP_RUNTIME_API_EXT","hipSetDevice",2659034,2659034,8484,3219595935127191,3219595935127244
"HIP_RUNTIME_API_EXT","hipMalloc",2659034,2659034,8485,3219595935127588,3219595935128671
"HIP_RUNTIME_API_EXT","hipSetDevice",2659034,2659034,8486,3219595935129078,3219595935129136
"HIP_RUNTIME_API_EXT","hipLaunchKernel",2659034,2659034,8487,3219595935129689,3219595935133337
"HIP_RUNTIME_API_EXT","hipGetLastError",2659034,2659034,8488,3219595935133732,3219595935133775
"HIP_RUNTIME_API_EXT","hipSetDevice",2659034,2659034,8489,3219595935134502,3219595935134562
"HIP_RUNTIME_API_EXT","hipMalloc",2659034,2659034,8490,3219595935134897,3219595935135902
"HIP_RUNTIME_API_EXT","hipSetDevice",2659034,2659034,8491,3219595935136264,3219595935136317
"HIP_RUNTIME_API_EXT","hipLaunchKernel",2659034,2659034,8492,3219595935136846,3219595935140128
"HIP_RUNTIME_API_EXT","hipGetLastError",2659034,2659034,8493,3219595935140524,3219595935140568
"HIP_RUNTIME_API_EXT","hipSetDevice",2659034,2659034,8494,3219595935141201,3219595935141255
"HIP_RUNTIME_API_EXT","hipMalloc",2659034,2659034,8495,3219595935141958,3219595935143296
"HIP_RUNTIME_API_EXT","hipSetDevice",2659034,2659034,8496,3219595935143685,3219595935143738
"HIP_RUNTIME_API_EXT","hipLaunchKernel",2659034,2659034,8497,3219595935144299,3219595935148171
"HIP_RUNTIME_API_EXT","hipGetLastError",2659034,2659034,8498,3219595935148586,3219595935148630
"HIP_RUNTIME_API_EXT","hipSetDevice",2659034,2659034,8499,3219595935149151,3219595935149204
"HIP_RUNTIME_API_EXT","hipMalloc",2659034,2659034,8500,3219595935149658,3219595935151075
"HIP_RUNTIME_API_EXT","hipSetDevice",2659034,2659034,8501,3219595935151445,3219595935151506
"HIP_RUNTIME_API_EXT","hipLaunchKernel",2659034,2659034,8502,3219595935152015,3219595935157462
"HIP_RUNTIME_API_EXT","hipGetLastError",2659034,2659034,8503,3219595935158023,3219595935158073
"HIP_RUNTIME_API_EXT","hipSetDevice",2659034,2659034,8504,3219595935158711,3219595935158768
"HIP_RUNTIME_API_EXT","hipFree",2659034,2659034,8505,3219595935159188,3219595935172342
"HIP_RUNTIME_API_EXT","hipSetDevice",2659034,2659034,8506,3219595935173488,3219595935173546
"HIP_RUNTIME_API_EXT","hipFree",2659034,2659034,8507,3219595935173864,3219595935175002
"HIP_RUNTIME_API_EXT","hipSetDevice",2659034,2659034,8508,3219595935175671,3219595935175727
"HIP_RUNTIME_API_EXT","hipMalloc",2659034,2659034,8509,3219595935176053,3219595935177092
"HIP_RUNTIME_API_EXT","hipSetDevice",2659034,2659034,8510,3219595935177470,3219595935177525
"HIP_RUNTIME_API_EXT","hipLaunchKernel",2659034,2659034,8511,3219595935178035,3219595935190636
"HIP_RUNTIME_API_EXT","hipGetLastError",2659034,2659034,8512,3219595935191060,3219595935191102
"HIP_RUNTIME_API_EXT","hipSetDevice",2659034,2659034,8513,3219595935191855,3219595935191915
"HIP_RUNTIME_API_EXT","hipFree",2659034,2659034,8514,3219595935192248,3219595935217545
"HIP_RUNTIME_API_EXT","hipSetDevice",2659034,2659034,8515,3219595935218291,3219595935218343
"HIP_RUNTIME_API_EXT","hipMalloc",2659034,2659034,8516,3219595935218792,3219595935219776
"HIP_RUNTIME_API_EXT","hipSetDevice",2659034,2659034,8517,3219595935220368,3219595935220427
"HIP_RUNTIME_API_EXT","hipLaunchKernel",2659034,2659034,8518,3219595935221041,3219595935224782
"HIP_RUNTIME_API_EXT","hipGetLastError",2659034,2659034,8519,3219595935225308,3219595935225352
"HIP_RUNTIME_API_EXT","hipSetDevice",2659034,2659034,8520,3219595935225894,3219595935225952
"HIP_RUNTIME_API_EXT","hipFree",2659034,2659034,8521,3219595935226541,3219595935237539
"HIP_RUNTIME_API_EXT","hipSetDevice",2659034,2659034,8522,3219595935238049,3219595935238112
"HIP_RUNTIME_API_EXT","hipFree",2659034,2659034,8523,3219595935238698,3219595935239877
"HIP_RUNTIME_API_EXT","hipSetDevice",2659034,2659034,8524,3219595935240268,3219595935240325
"HIP_RUNTIME_API_EXT","hipFree",2659034,2659034,8525,3219595935240719,3219595935241783
"HIP_RUNTIME_API_EXT","hipSetDevice",2659034,2659034,8526,3219595935242129,3219595935242187
"HIP_RUNTIME_API_EXT","hipFree",2659034,2659034,8527,3219595935242694,3219595935243964
"HIP_RUNTIME_API_EXT","hipSetDevice",2659034,2659034,8528,3219595935244641,3219595935244694
"HIP_RUNTIME_API_EXT","hipMalloc",2659034,2659034,8529,3219595935245148,3219595935246087
"HIP_RUNTIME_API_EXT","hipSetDevice",2659034,2659034,8530,3219595935246472,3219595935246529
"HIP_RUNTIME_API_EXT","hipLaunchKernel",2659034,2659034,8531,3219595935247051,3219595935250990
"HIP_RUNTIME_API_EXT","hipGetLastError",2659034,2659034,8532,3219595935251404,3219595935251447
"HIP_RUNTIME_API_EXT","hipSetDevice",2659034,2659034,8533,3219595935251814,3219595935251873
"HIP_RUNTIME_API_EXT","hipFree",2659034,2659034,8534,3219595935252214,3219595935263666
"HIP_RUNTIME_API_EXT","hipSetDevice",2659034,2659034,8535,3219595935264801,3219595935264859
"HIP_RUNTIME_API_EXT","hipMalloc",2659034,2659034,8536,3219595935265432,3219595935266508
"HIP_RUNTIME_API_EXT","hipSetDevice",2659034,2659034,8537,3219595935266917,3219595935266972
"HIP_RUNTIME_API_EXT","hipLaunchKernel",2659034,2659034,8538,3219595935267518,3219595935271094
"HIP_RUNTIME_API_EXT","hipGetLastError",2659034,2659034,8539,3219595935271485,3219595935271531
"HIP_RUNTIME_API_EXT","hipSetDevice",2659034,2659034,8540,3219595935272599,3219595935272658
"HIP_RUNTIME_API_EXT","hipFree",2659034,2659034,8541,3219595935273094,3219595935290445
"HIP_RUNTIME_API_EXT","hipSetDevice",2659034,2659034,8542,3219595935290954,3219595935291011
"HIP_RUNTIME_API_EXT","hipFree",2659034,2659034,8543,3219595935291449,3219595935292625
"HIP_RUNTIME_API_EXT","hipSetDevice",2659034,2659034,8544,3219595935293565,3219595935293622
"HIP_RUNTIME_API_EXT","hipMemcpy",2659034,2659034,8545,3219595935293927,3219595935297893
"HIP_RUNTIME_API_EXT","hipSetDevice",2659034,2659034,8546,3219595935298312,3219595935298375
"HIP_RUNTIME_API_EXT","hipMemcpy",2659034,2659034,8547,3219595935298688,3219595935301962
"HIP_RUNTIME_API_EXT","hipSetDevice",2659034,2659034,8548,3219595935302517,3219595935302573
"HIP_RUNTIME_API_EXT","hipMemcpy",2659034,2659034,8549,3219595935303094,3219595935306998
"HIP_RUNTIME_API_EXT","hipSetDevice",2659034,2659034,8550,3219595935307440,3219595935307502
"HIP_RUNTIME_API_EXT","hipMemcpy",2659034,2659034,8551,3219595935307996,3219595935311947
"HIP_RUNTIME_API_EXT","hipSetDevice",2659034,2659034,8552,3219595935312657,3219595935312720
"HIP_RUNTIME_API_EXT","hipMemcpy",2659034,2659034,8553,3219595935313040,3219595935317412
"HIP_RUNTIME_API_EXT","hipSetDevice",2659034,2659034,8554,3219595935317822,3219595935317884
"HIP_RUNTIME_API_EXT","hipMemcpy",2659034,2659034,8555,3219595935318200,3219595935322027
"HIP_RUNTIME_API_EXT","hipSetDevice",2659034,2659034,8556,3219595935322427,3219595935322486
"HIP_RUNTIME_API_EXT","hipMemcpy",2659034,2659034,8557,3219595935323199,3219595935327427
"HIP_RUNTIME_API_EXT","hipSetDevice",2659034,2659034,8558,3219595935327833,3219595935327903
"HIP_RUNTIME_API_EXT","hipMemcpy",2659034,2659034,8559,3219595935328296,3219595935333000
"HIP_RUNTIME_API_EXT","hipSetDevice",2659034,2659034,8560,3219595935333467,3219595935333536
"HIP_RUNTIME_API_EXT","hipFree",2659034,2659034,8561,3219595935333875,3219595935347777
"HIP_RUNTIME_API_EXT","hipSetDevice",2659034,2659034,8562,3219595935348276,3219595935348334
"HIP_RUNTIME_API_EXT","hipFree",2659034,2659034,8563,3219595935348649,3219595935349967
"HIP_RUNTIME_API_EXT","hipSetDevice",2659034,2659034,8564,3219595935350557,3219595935350612
"HIP_RUNTIME_API_EXT","hipFree",2659034,2659034,8565,3219595935351047,3219595935352472
"HIP_RUNTIME_API_EXT","hipSetDevice",2659034,2659034,8566,3219595935352824,3219595935352880
"HIP_RUNTIME_API_EXT","hipFree",2659034,2659034,8567,3219595935353193,3219595935354269
"HIP_RUNTIME_API_EXT","hipSetDevice",2659034,2659034,8568,3219595935354958,3219595935355013
"HIP_RUNTIME_API_EXT","hipMemcpy",2659034,2659034,8569,3219595935355318,3219595935360736
"HIP_RUNTIME_API_EXT","hipSetDevice",2659034,2659034,8570,3219595935361160,3219595935361218
"HIP_RUNTIME_API_EXT","hipFree",2659034,2659034,8571,3219595935361547,3219595935372706
"HIP_RUNTIME_API_EXT","hipSetDevice",2659034,2659034,8572,3219595935373710,3219595935373774
"HIP_RUNTIME_API_EXT","hipMalloc",2659034,2659034,8573,3219595935374188,3219595935375136
"HIP_RUNTIME_API_EXT","hipSetDevice",2659034,2659034,8574,3219595935375632,3219595935375690
"HIP_RUNTIME_API_EXT","hipLaunchKernel",2659034,2659034,8575,3219595935376244,3219595935380137
"HIP_RUNTIME_API_EXT","hipGetLastError",2659034,2659034,8576,3219595935380568,3219595935380611
"HIP_RUNTIME_API_EXT","hipSetDevice",2659034,2659034,8577,3219595935381166,3219595935381227
"HIP_RUNTIME_API_EXT","hipMemcpy",2659034,2659034,8578,3219595935381560,3219595935396946
"HIP_RUNTIME_API_EXT","hipSetDevice",2659034,2659034,8579,3219595935397826,3219595935397882
"HIP_RUNTIME_API_EXT","hipFree",2659034,2659034,8580,3219595935398236,3219595935406879
"HIP_RUNTIME_API_EXT","hipSetDevice",2659034,2659034,8581,3219595935407776,3219595935407834
"HIP_RUNTIME_API_EXT","hipLaunchKernel",2659034,2659034,8582,3219595935408507,3219595935412065
"HIP_RUNTIME_API_EXT","hipGetLastError",2659034,2659034,8583,3219595935412478,3219595935412523
"HIP_RUNTIME_API_EXT","hipSetDevice",2659034,2659034,8584,3219595935413023,3219595935413081
"HIP_RUNTIME_API_EXT","hipLaunchKernel",2659034,2659034,8585,3219595935413588,3219595935417283
"HIP_RUNTIME_API_EXT","hipGetLastError",2659034,2659034,8586,3219595935417721,3219595935417766
"HIP_RUNTIME_API_EXT","hipSetDevice",2659034,2659034,8587,3219595935418233,3219595935418285
"HIP_RUNTIME_API_EXT","hipLaunchKernel",2659034,2659034,8588,3219595935419593,3219595935423277
"HIP_RUNTIME_API_EXT","hipGetLastError",2659034,2659034,8589,3219595935423712,3219595935423758
"HIP_RUNTIME_API_EXT","hipSetDevice",2659034,2659034,8590,3219595935424543,3219595935424596
"HIP_RUNTIME_API_EXT","hipLaunchKernel",2659034,2659034,8591,3219595935425295,3219595935429208
"HIP_RUNTIME_API_EXT","hipGetLastError",2659034,2659034,8592,3219595935429512,3219595935429562
"HIP_RUNTIME_API_EXT","hipSetDevice",2659034,2659034,8593,3219595935432689,3219595935432751
"HIP_RUNTIME_API_EXT","hipMalloc",2659034,2659034,8594,3219595935433292,3219595935434172
"HIP_RUNTIME_API_EXT","hipSetDevice",2659034,2659034,8595,3219595935434612,3219595935434669
"HIP_RUNTIME_API_EXT","hipMemcpy",2659034,2659034,8596,3219595935435018,3219595935452607
"HIP_RUNTIME_API_EXT","hipSetDevice",2659034,2659034,8597,3219595935453925,3219595935453985
"HIP_RUNTIME_API_EXT","hipMalloc",2659034,2659034,8598,3219595935454472,3219595935455666
"HIP_RUNTIME_API_EXT","hipSetDevice",2659034,2659034,8599,3219595935456051,3219595935456109
"HIP_RUNTIME_API_EXT","hipMemcpy",2659034,2659034,8600,3219595935456440,3219595935473726
"HIP_RUNTIME_API_EXT","hipSetDevice",2659034,2659034,8601,3219595935474580,3219595935474642
"HIP_RUNTIME_API_EXT","hipMalloc",2659034,2659034,8602,3219595935474985,3219595935476366
"HIP_RUNTIME_API_EXT","hipSetDevice",2659034,2659034,8603,3219595935476732,3219595935476792
"HIP_RUNTIME_API_EXT","hipMemcpy",2659034,2659034,8604,3219595935477352,3219595935494039
"HIP_RUNTIME_API_EXT","hipSetDevice",2659034,2659034,8605,3219595935495049,3219595935495110
"HIP_RUNTIME_API_EXT","hipMalloc",2659034,2659034,8606,3219595935495643,3219595935497392
"HIP_RUNTIME_API_EXT","hipSetDevice",2659034,2659034,8607,3219595935497785,3219595935497841
"HIP_RUNTIME_API_EXT","hipLaunchKernel",2659034,2659034,8608,3219595935498476,3219595935502017
"HIP_RUNTIME_API_EXT","hipGetLastError",2659034,2659034,8609,3219595935502492,3219595935502590
"HIP_RUNTIME_API_EXT","hipSetDevice",2659034,2659034,8610,3219595935503377,3219595935503436
"HIP_RUNTIME_API_EXT","hipMalloc",2659034,2659034,8611,3219595935503879,3219595935504992
"HIP_RUNTIME_API_EXT","hipSetDevice",2659034,2659034,8612,3219595935505495,3219595935505551
"HIP_RUNTIME_API_EXT","hipLaunchKernel",2659034,2659034,8613,3219595935506135,3219595935509484
"HIP_RUNTIME_API_EXT","hipGetLastError",2659034,2659034,8614,3219595935510278,3219595935510322
"HIP_RUNTIME_API_EXT","hipSetDevice",2659034,2659034,8615,3219595935511189,3219595935511242
"HIP_RUNTIME_API_EXT","hipMalloc",2659034,2659034,8616,3219595935511685,3219595935513172
"HIP_RUNTIME_API_EXT","hipSetDevice",2659034,2659034,8617,3219595935513564,3219595935513618
"HIP_RUNTIME_API_EXT","hipLaunchKernel",2659034,2659034,8618,3219595935514108,3219595935518178
"HIP_RUNTIME_API_EXT","hipGetLastError",2659034,2659034,8619,3219595935518780,3219595935518831
"HIP_RUNTIME_API_EXT","hipSetDevice",2659034,2659034,8620,3219595935519555,3219595935519611
"HIP_RUNTIME_API_EXT","hipMalloc",2659034,2659034,8621,3219595935520044,3219595935521144
"HIP_RUNTIME_API_EXT","hipSetDevice",2659034,2659034,8622,3219595935521538,3219595935521594
"HIP_RUNTIME_API_EXT","hipLaunchKernel",2659034,2659034,8623,3219595935522114,3219595935525574
"HIP_RUNTIME_API_EXT","hipGetLastError",2659034,2659034,8624,3219595935526008,3219595935526050
"HIP_RUNTIME_API_EXT","hipSetDevice",2659034,2659034,8625,3219595935526723,3219595935526781
"HIP_RUNTIME_API_EXT","hipMalloc",2659034,2659034,8626,3219595935527187,3219595935528271
"HIP_RUNTIME_API_EXT","hipSetDevice",2659034,2659034,8627,3219595935528616,3219595935528673
"HIP_RUNTIME_API_EXT","hipLaunchKernel",2659034,2659034,8628,3219595935529179,3219595935536962
"HIP_RUNTIME_API_EXT","hipGetLastError",2659034,2659034,8629,3219595935537293,3219595935537335
"HIP_RUNTIME_API_EXT","hipSetDevice",2659034,2659034,8630,3219595935538721,3219595935538784
"HIP_RUNTIME_API_EXT","hipMalloc",2659034,2659034,8631,3219595935545757,3219595935547585
"HIP_RUNTIME_API_EXT","hipSetDevice",2659034,2659034,8632,3219595935548046,3219595935548138
"HIP_RUNTIME_API_EXT","hipLaunchKernel",2659034,2659034,8633,3219595935548844,3219595935553306
"HIP_RUNTIME_API_EXT","hipGetLastError",2659034,2659034,8634,3219595935553850,3219595935553938
"HIP_RUNTIME_API_EXT","hipSetDevice",2659034,2659034,8635,3219595935554555,3219595935554614
"HIP_RUNTIME_API_EXT","hipMalloc",2659034,2659034,8636,3219595935555004,3219595935556138
"HIP_RUNTIME_API_EXT","hipSetDevice",2659034,2659034,8637,3219595935556627,3219595935556684
"HIP_RUNTIME_API_EXT","hipLaunchKernel",2659034,2659034,8638,3219595935557278,3219595935560610
"HIP_RUNTIME_API_EXT","hipGetLastError",2659034,2659034,8639,3219595935560911,3219595935560954
"HIP_RUNTIME_API_EXT","hipSetDevice",2659034,2659034,8640,3219595935563118,3219595935563171
"HIP_RUNTIME_API_EXT","hipLaunchKernel",2659034,2659034,8641,3219595935563937,3219595935569874
"HIP_RUNTIME_API_EXT","hipGetLastError",2659034,2659034,8642,3219595935570460,3219595935570509
"HIP_RUNTIME_API_EXT","hipSetDevice",2659034,2659034,8643,3219595935571248,3219595935571301
"HIP_RUNTIME_API_EXT","hipMalloc",2659034,2659034,8644,3219595935571624,3219595935572816
"HIP_RUNTIME_API_EXT","hipSetDevice",2659034,2659034,8645,3219595935573230,3219595935573291
"HIP_RUNTIME_API_EXT","hipLaunchKernel",2659034,2659034,8646,3219595935573822,3219595935577528
"HIP_RUNTIME_API_EXT","hipGetLastError",2659034,2659034,8647,3219595935578056,3219595935578151
"HIP_RUNTIME_API_EXT","hipSetDevice",2659034,2659034,8648,3219595935579294,3219595935579352
"HIP_RUNTIME_API_EXT","hipMalloc",2659034,2659034,8649,3219595935579774,3219595935581155
"HIP_RUNTIME_API_EXT","hipSetDevice",2659034,2659034,8650,3219595935581548,3219595935581604
"HIP_RUNTIME_API_EXT","hipLaunchKernel",2659034,2659034,8651,3219595935582151,3219595935585943
"HIP_RUNTIME_API_EXT","hipGetLastError",2659034,2659034,8652,3219595935586278,3219595935586325
"HIP_RUNTIME_API_EXT","hipSetDevice",2659034,2659034,8653,3219595935586984,3219595935587038
"HIP_RUNTIME_API_EXT","hipFree",2659034,2659034,8654,3219595935587434,3219595935609673
"HIP_RUNTIME_API_EXT","hipSetDevice",2659034,2659034,8655,3219595935610703,3219595935610755
"HIP_RUNTIME_API_EXT","hipFree",2659034,2659034,8656,3219595935611144,3219595935612258
"HIP_RUNTIME_API_EXT","hipSetDevice",2659034,2659034,8657,3219595935612790,3219595935612844
"HIP_RUNTIME_API_EXT","hipFree",2659034,2659034,8658,3219595935613719,3219595935615120
"HIP_RUNTIME_API_EXT","hipSetDevice",2659034,2659034,8659,3219595935615523,3219595935615577
"HIP_RUNTIME_API_EXT","hipFree",2659034,2659034,8660,3219595935615880,3219595935617269
"HIP_RUNTIME_API_EXT","hipSetDevice",2659034,2659034,8661,3219595935617657,3219595935617748
"HIP_RUNTIME_API_EXT","hipFree",2659034,2659034,8662,3219595935618079,3219595935619180
"HIP_RUNTIME_API_EXT","hipSetDevice",2659034,2659034,8663,3219595935619534,3219595935619587
"HIP_RUNTIME_API_EXT","hipFree",2659034,2659034,8664,3219595935619953,3219595935621133
"HIP_RUNTIME_API_EXT","hipSetDevice",2659034,2659034,8665,3219595935621548,3219595935621603
"HIP_RUNTIME_API_EXT","hipFree",2659034,2659034,8666,3219595935621915,3219595935622794
"HIP_RUNTIME_API_EXT","hipSetDevice",2659034,2659034,8667,3219595935623331,3219595935623391
"HIP_RUNTIME_API_EXT","hipMalloc",2659034,2659034,8668,3219595935623755,3219595935624679
"HIP_RUNTIME_API_EXT","hipSetDevice",2659034,2659034,8669,3219595935625244,3219595935625304
"HIP_RUNTIME_API_EXT","hipMalloc",2659034,2659034,8670,3219595935627217,3219595935628241
"HIP_RUNTIME_API_EXT","hipSetDevice",2659034,2659034,8671,3219595935628640,3219595935628696
"HIP_RUNTIME_API_EXT","hipLaunchKernel",2659034,2659034,8672,3219595935629359,3219595935643194
"HIP_RUNTIME_API_EXT","hipGetLastError",2659034,2659034,8673,3219595935643620,3219595935643670
"HIP_RUNTIME_API_EXT","hipSetDevice",2659034,2659034,8674,3219595935644485,3219595935644548
"HIP_RUNTIME_API_EXT","hipMalloc",2659034,2659034,8675,3219595935644920,3219595935646194
"HIP_RUNTIME_API_EXT","hipSetDevice",2659034,2659034,8676,3219595935646611,3219595935646668
"HIP_RUNTIME_API_EXT","hipLaunchKernel",2659034,2659034,8677,3219595935647199,3219595935650830
"HIP_RUNTIME_API_EXT","hipGetLastError",2659034,2659034,8678,3219595935651490,3219595935651533
"HIP_RUNTIME_API_EXT","hipSetDevice",2659034,2659034,8679,3219595935652346,3219595935652404
"HIP_RUNTIME_API_EXT","hipMalloc",2659034,2659034,8680,3219595935652812,3219595935654106
"HIP_RUNTIME_API_EXT","hipSetDevice",2659034,2659034,8681,3219595935654578,3219595935654633
"HIP_RUNTIME_API_EXT","hipLaunchKernel",2659034,2659034,8682,3219595935655390,3219595935659344
"HIP_RUNTIME_API_EXT","hipGetLastError",2659034,2659034,8683,3219595935659701,3219595935659744
"HIP_RUNTIME_API_EXT","hipSetDevice",2659034,2659034,8684,3219595935660224,3219595935660281
"HIP_RUNTIME_API_EXT","hipMalloc",2659034,2659034,8685,3219595935660723,3219595935661865
"HIP_RUNTIME_API_EXT","hipSetDevice",2659034,2659034,8686,3219595935662304,3219595935662365
"HIP_RUNTIME_API_EXT","hipLaunchKernel",2659034,2659034,8687,3219595935662901,3219595935667108
"HIP_RUNTIME_API_EXT","hipGetLastError",2659034,2659034,8688,3219595935667734,3219595935667777
"HIP_RUNTIME_API_EXT","hipSetDevice",2659034,2659034,8689,3219595935668183,3219595935668246
"HIP_RUNTIME_API_EXT","hipFree",2659034,2659034,8690,3219595935668643,3219595935682768
"HIP_RUNTIME_API_EXT","hipSetDevice",2659034,2659034,8691,3219595935683189,3219595935683250
"HIP_RUNTIME_API_EXT","hipFree",2659034,2659034,8692,3219595935683810,3219595935684741
"HIP_RUNTIME_API_EXT","hipSetDevice",2659034,2659034,8693,3219595935685330,3219595935685384
"HIP_RUNTIME_API_EXT","hipMalloc",2659034,2659034,8694,3219595935685719,3219595935686799
"HIP_RUNTIME_API_EXT","hipSetDevice",2659034,2659034,8695,3219595935687158,3219595935687217
"HIP_RUNTIME_API_EXT","hipLaunchKernel",2659034,2659034,8696,3219595935687732,3219595935691450
"HIP_RUNTIME_API_EXT","hipGetLastError",2659034,2659034,8697,3219595935691858,3219595935691903
"HIP_RUNTIME_API_EXT","hipSetDevice",2659034,2659034,8698,3219595935692466,3219595935692520
"HIP_RUNTIME_API_EXT","hipFree",2659034,2659034,8699,3219595935692947,3219595935718187
"HIP_RUNTIME_API_EXT","hipSetDevice",2659034,2659034,8700,3219595935719206,3219595935719258
"HIP_RUNTIME_API_EXT","hipMalloc",2659034,2659034,8701,3219595935719587,3219595935720359
"HIP_RUNTIME_API_EXT","hipSetDevice",2659034,2659034,8702,3219595935720962,3219595935721022
"HIP_RUNTIME_API_EXT","hipLaunchKernel",2659034,2659034,8703,3219595935721782,3219595935725340
"HIP_RUNTIME_API_EXT","hipGetLastError",2659034,2659034,8704,3219595935725932,3219595935725976
"HIP_RUNTIME_API_EXT","hipSetDevice",2659034,2659034,8705,3219595935726543,3219595935726601
"HIP_RUNTIME_API_EXT","hipFree",2659034,2659034,8706,3219595935726942,3219595935737805
"HIP_RUNTIME_API_EXT","hipSetDevice",2659034,2659034,8707,3219595935738214,3219595935738276
"HIP_RUNTIME_API_EXT","hipFree",2659034,2659034,8708,3219595935738722,3219595935739689
"HIP_RUNTIME_API_EXT","hipSetDevice",2659034,2659034,8709,3219595935740052,3219595935740106
"HIP_RUNTIME_API_EXT","hipFree",2659034,2659034,8710,3219595935740474,3219595935741529
"HIP_RUNTIME_API_EXT","hipSetDevice",2659034,2659034,8711,3219595935741924,3219595935741976
"HIP_RUNTIME_API_EXT","hipFree",2659034,2659034,8712,3219595935742358,3219595935743444
"HIP_RUNTIME_API_EXT","hipSetDevice",2659034,2659034,8713,3219595935743902,3219595935743954
"HIP_RUNTIME_API_EXT","hipFree",2659034,2659034,8714,3219595935744341,3219595935745475
"HIP_RUNTIME_API_EXT","hipSetDevice",2659034,2659034,8715,3219595935746149,3219595935746203
"HIP_RUNTIME_API_EXT","hipMalloc",2659034,2659034,8716,3219595935746540,3219595935747529
"HIP_RUNTIME_API_EXT","hipSetDevice",2659034,2659034,8717,3219595935747889,3219595935747942
"HIP_RUNTIME_API_EXT","hipLaunchKernel",2659034,2659034,8718,3219595935748594,3219595935752382
"HIP_RUNTIME_API_EXT","hipGetLastError",2659034,2659034,8719,3219595935752791,3219595935752832
"HIP_RUNTIME_API_EXT","hipSetDevice",2659034,2659034,8720,3219595935753588,3219595935753645
"HIP_RUNTIME_API_EXT","hipMalloc",2659034,2659034,8721,3219595935753976,3219595935754882
"HIP_RUNTIME_API_EXT","hipSetDevice",2659034,2659034,8722,3219595935755314,3219595935755373
"HIP_RUNTIME_API_EXT","hipLaunchKernel",2659034,2659034,8723,3219595935755919,3219595935759205
"HIP_RUNTIME_API_EXT","hipGetLastError",2659034,2659034,8724,3219595935759589,3219595935759631
"HIP_RUNTIME_API_EXT","hipSetDevice",2659034,2659034,8725,3219595935760933,3219595935760989
"HIP_RUNTIME_API_EXT","hipMalloc",2659034,2659034,8726,3219595935761693,3219595935762759
"HIP_RUNTIME_API_EXT","hipSetDevice",2659034,2659034,8727,3219595935763290,3219595935763345
"HIP_RUNTIME_API_EXT","hipLaunchKernel",2659034,2659034,8728,3219595935763902,3219595935767343
"HIP_RUNTIME_API_EXT","hipGetLastError",2659034,2659034,8729,3219595935767789,3219595935767832
"HIP_RUNTIME_API_EXT","hipSetDevice",2659034,2659034,8730,3219595935768456,3219595935768513
"HIP_RUNTIME_API_EXT","hipMalloc",2659034,2659034,8731,3219595935768872,3219595935769983
"HIP_RUNTIME_API_EXT","hipSetDevice",2659034,2659034,8732,3219595935770376,3219595935770430
"HIP_RUNTIME_API_EXT","hipLaunchKernel",2659034,2659034,8733,3219595935770936,3219595935776844
"HIP_RUNTIME_API_EXT","hipGetLastError",2659034,2659034,8734,3219595935777322,3219595935777368
"HIP_RUNTIME_API_EXT","hipSetDevice",2659034,2659034,8735,3219595935778537,3219595935778601
"HIP_RUNTIME_API_EXT","hipMalloc",2659034,2659034,8736,3219595935778929,3219595935786502
"HIP_RUNTIME_API_EXT","hipSetDevice",2659034,2659034,8737,3219595935787075,3219595935787176
"HIP_RUNTIME_API_EXT","hipLaunchKernel",2659034,2659034,8738,3219595935787814,3219595935792842
"HIP_RUNTIME_API_EXT","hipGetLastError",2659034,2659034,8739,3219595935793255,3219595935793398
"HIP_RUNTIME_API_EXT","hipSetDevice",2659034,2659034,8740,3219595935794142,3219595935794199
"HIP_RUNTIME_API_EXT","hipMalloc",2659034,2659034,8741,3219595935794645,3219595935796207
"HIP_RUNTIME_API_EXT","hipSetDevice",2659034,2659034,8742,3219595935796566,3219595935796621
"HIP_RUNTIME_API_EXT","hipLaunchKernel",2659034,2659034,8743,3219595935797125,3219595935800816
"HIP_RUNTIME_API_EXT","hipGetLastError",2659034,2659034,8744,3219595935801443,3219595935801486
"HIP_RUNTIME_API_EXT","hipSetDevice",2659034,2659034,8745,3219595935802705,3219595935802763
"HIP_RUNTIME_API_EXT","hipLaunchKernel",2659034,2659034,8746,3219595935803318,3219595935807382
"HIP_RUNTIME_API_EXT","hipGetLastError",2659034,2659034,8747,3219595935807908,3219595935807952
"HIP_RUNTIME_API_EXT","hipSetDevice",2659034,2659034,8748,3219595935808728,3219595935808785
"HIP_RUNTIME_API_EXT","hipMalloc",2659034,2659034,8749,3219595935809425,3219595935810818
"HIP_RUNTIME_API_EXT","hipSetDevice",2659034,2659034,8750,3219595935811235,3219595935811293
"HIP_RUNTIME_API_EXT","hipLaunchKernel",2659034,2659034,8751,3219595935815849,3219595935819956
"HIP_RUNTIME_API_EXT","hipGetLastError",2659034,2659034,8752,3219595935820434,3219595935820477
"HIP_RUNTIME_API_EXT","hipSetDevice",2659034,2659034,8753,3219595935821348,3219595935821408
"HIP_RUNTIME_API_EXT","hipMalloc",2659034,2659034,8754,3219595935821821,3219595935823373
"HIP_RUNTIME_API_EXT","hipSetDevice",2659034,2659034,8755,3219595935823748,3219595935823801
"HIP_RUNTIME_API_EXT","hipLaunchKernel",2659034,2659034,8756,3219595935824325,3219595935827951
"HIP_RUNTIME_API_EXT","hipGetLastError",2659034,2659034,8757,3219595935829567,3219595935829607
"HIP_RUNTIME_API_EXT","hipSetDevice",2659034,2659034,8758,3219595935830341,3219595935830393
"HIP_RUNTIME_API_EXT","hipFree",2659034,2659034,8759,3219595935830889,3219595935851444
"HIP_RUNTIME_API_EXT","hipSetDevice",2659034,2659034,8760,3219595935852049,3219595935852111
"HIP_RUNTIME_API_EXT","hipFree",2659034,2659034,8761,3219595935852481,3219595935853549
"HIP_RUNTIME_API_EXT","hipSetDevice",2659034,2659034,8762,3219595935853998,3219595935854052
"HIP_RUNTIME_API_EXT","hipFree",2659034,2659034,8763,3219595935855048,3219595935856055
"HIP_RUNTIME_API_EXT","hipSetDevice",2659034,2659034,8764,3219595935856442,3219595935856497
"HIP_RUNTIME_API_EXT","hipFree",2659034,2659034,8765,3219595935856815,3219595935857832
"HIP_RUNTIME_API_EXT","hipSetDevice",2659034,2659034,8766,3219595935858195,3219595935858251
"HIP_RUNTIME_API_EXT","hipFree",2659034,2659034,8767,3219595935858568,3219595935859528
"HIP_RUNTIME_API_EXT","hipSetDevice",2659034,2659034,8768,3219595935859881,3219595935859938
"HIP_RUNTIME_API_EXT","hipFree",2659034,2659034,8769,3219595935861724,3219595935862675
"HIP_RUNTIME_API_EXT","hipSetDevice",2659034,2659034,8770,3219595935863144,3219595935863201
"HIP_RUNTIME_API_EXT","hipFree",2659034,2659034,8771,3219595935863511,3219595935864518
"HIP_RUNTIME_API_EXT","hipSetDevice",2659034,2659034,8772,3219595935865050,3219595935865108
"HIP_RUNTIME_API_EXT","hipMalloc",2659034,2659034,8773,3219595935865431,3219595935866628
"HIP_RUNTIME_API_EXT","hipSetDevice",2659034,2659034,8774,3219595935867048,3219595935867104
"HIP_RUNTIME_API_EXT","hipMalloc",2659034,2659034,8775,3219595935867549,3219595935868271
"HIP_RUNTIME_API_EXT","hipSetDevice",2659034,2659034,8776,3219595935868679,3219595935868735
"HIP_RUNTIME_API_EXT","hipLaunchKernel",2659034,2659034,8777,3219595935870068,3219595935883750
"HIP_RUNTIME_API_EXT","hipGetLastError",2659034,2659034,8778,3219595935884234,3219595935884278
"HIP_RUNTIME_API_EXT","hipSetDevice",2659034,2659034,8779,3219595935885225,3219595935885288
"HIP_RUNTIME_API_EXT","hipMalloc",2659034,2659034,8780,3219595935885701,3219595935886786
"HIP_RUNTIME_API_EXT","hipSetDevice",2659034,2659034,8781,3219595935887251,3219595935887306
"HIP_RUNTIME_API_EXT","hipLaunchKernel",2659034,2659034,8782,3219595935887852,3219595935891515
"HIP_RUNTIME_API_EXT","hipGetLastError",2659034,2659034,8783,3219595935891832,3219595935891876
"HIP_RUNTIME_API_EXT","hipSetDevice",2659034,2659034,8784,3219595935892981,3219595935893037
"HIP_RUNTIME_API_EXT","hipMalloc",2659034,2659034,8785,3219595935893388,3219595935894612
"HIP_RUNTIME_API_EXT","hipSetDevice",2659034,2659034,8786,3219595935894984,3219595935895038
"HIP_RUNTIME_API_EXT","hipLaunchKernel",2659034,2659034,8787,3219595935895578,3219595935899386
"HIP_RUNTIME_API_EXT","hipGetLastError",2659034,2659034,8788,3219595935899838,3219595935899886
"HIP_RUNTIME_API_EXT","hipSetDevice",2659034,2659034,8789,3219595935900486,3219595935900543
"HIP_RUNTIME_API_EXT","hipMalloc",2659034,2659034,8790,3219595935900976,3219595935902105
"HIP_RUNTIME_API_EXT","hipSetDevice",2659034,2659034,8791,3219595935902506,3219595935902561
"HIP_RUNTIME_API_EXT","hipLaunchKernel",2659034,2659034,8792,3219595935903192,3219595935910512
"HIP_RUNTIME_API_EXT","hipGetLastError",2659034,2659034,8793,3219595935910865,3219595935910908
"HIP_RUNTIME_API_EXT","hipSetDevice",2659034,2659034,8794,3219595935911279,3219595935911340
"HIP_RUNTIME_API_EXT","hipFree",2659034,2659034,8795,3219595935911734,3219595935925089
"HIP_RUNTIME_API_EXT","hipSetDevice",2659034,2659034,8796,3219595935925704,3219595935925765
"HIP_RUNTIME_API_EXT","hipFree",2659034,2659034,8797,3219595935926177,3219595935927198
"HIP_RUNTIME_API_EXT","hipSetDevice",2659034,2659034,8798,3219595935927821,3219595935927880
"HIP_RUNTIME_API_EXT","hipMalloc",2659034,2659034,8799,3219595935928654,3219595935929519
"HIP_RUNTIME_API_EXT","hipSetDevice",2659034,2659034,8800,3219595935929934,3219595935929989
"HIP_RUNTIME_API_EXT","hipLaunchKernel",2659034,2659034,8801,3219595935930768,3219595935934391
"HIP_RUNTIME_API_EXT","hipGetLastError",2659034,2659034,8802,3219595935934811,3219595935934854
"HIP_RUNTIME_API_EXT","hipSetDevice",2659034,2659034,8803,3219595935935318,3219595935935380
"HIP_RUNTIME_API_EXT","hipFree",2659034,2659034,8804,3219595935935767,3219595935960422
"HIP_RUNTIME_API_EXT","hipSetDevice",2659034,2659034,8805,3219595935961174,3219595935961231
"HIP_RUNTIME_API_EXT","hipMalloc",2659034,2659034,8806,3219595935961559,3219595935962652
"HIP_RUNTIME_API_EXT","hipSetDevice",2659034,2659034,8807,3219595935963086,3219595935963147
"HIP_RUNTIME_API_EXT","hipLaunchKernel",2659034,2659034,8808,3219595935963812,3219595935967727
"HIP_RUNTIME_API_EXT","hipGetLastError",2659034,2659034,8809,3219595935968107,3219595935968153
"HIP_RUNTIME_API_EXT","hipSetDevice",2659034,2659034,8810,3219595935968538,3219595935968600
"HIP_RUNTIME_API_EXT","hipFree",2659034,2659034,8811,3219595935968958,3219595935980114
"HIP_RUNTIME_API_EXT","hipSetDevice",2659034,2659034,8812,3219595935980480,3219595935980540
"HIP_RUNTIME_API_EXT","hipFree",2659034,2659034,8813,3219595935981080,3219595935982041
"HIP_RUNTIME_API_EXT","hipSetDevice",2659034,2659034,8814,3219595935982414,3219595935982468
"HIP_RUNTIME_API_EXT","hipFree",2659034,2659034,8815,3219595935982796,3219595935983867
"HIP_RUNTIME_API_EXT","hipSetDevice",2659034,2659034,8816,3219595935984238,3219595935984297
"HIP_RUNTIME_API_EXT","hipFree",2659034,2659034,8817,3219595935984618,3219595935985957
"HIP_RUNTIME_API_EXT","hipSetDevice",2659034,2659034,8818,3219595935986348,3219595935986406
"HIP_RUNTIME_API_EXT","hipFree",2659034,2659034,8819,3219595935986724,3219595935988109
"HIP_RUNTIME_API_EXT","hipSetDevice",2659034,2659034,8820,3219595935988630,3219595935988686
"HIP_RUNTIME_API_EXT","hipMalloc",2659034,2659034,8821,3219595935989036,3219595935989966
"HIP_RUNTIME_API_EXT","hipSetDevice",2659034,2659034,8822,3219595935990332,3219595935990394
"HIP_RUNTIME_API_EXT","hipLaunchKernel",2659034,2659034,8823,3219595935990946,3219595935994661
"HIP_RUNTIME_API_EXT","hipGetLastError",2659034,2659034,8824,3219595935995287,3219595935995338
"HIP_RUNTIME_API_EXT","hipSetDevice",2659034,2659034,8825,3219595935995775,3219595935995832
"HIP_RUNTIME_API_EXT","hipFree",2659034,2659034,8826,3219595935996185,3219595936007947
"HIP_RUNTIME_API_EXT","hipSetDevice",2659034,2659034,8827,3219595936009007,3219595936009098
"HIP_RUNTIME_API_EXT","hipMalloc",2659034,2659034,8828,3219595936009495,3219595936010589
"HIP_RUNTIME_API_EXT","hipSetDevice",2659034,2659034,8829,3219595936011146,3219595936011204
"HIP_RUNTIME_API_EXT","hipLaunchKernel",2659034,2659034,8830,3219595936011886,3219595936015692
"HIP_RUNTIME_API_EXT","hipGetLastError",2659034,2659034,8831,3219595936016099,3219595936016195
"HIP_RUNTIME_API_EXT","hipSetDevice",2659034,2659034,8832,3219595936016820,3219595936016879
"HIP_RUNTIME_API_EXT","hipFree",2659034,2659034,8833,3219595936017305,3219595936034739
"HIP_RUNTIME_API_EXT","hipSetDevice",2659034,2659034,8834,3219595936035146,3219595936035206
"HIP_RUNTIME_API_EXT","hipFree",2659034,2659034,8835,3219595936035746,3219595936036773
"HIP_RUNTIME_API_EXT","hipSetDevice",2659034,2659034,8836,3219595936037180,3219595936037237
"HIP_RUNTIME_API_EXT","hipFree",2659034,2659034,8837,3219595936037619,3219595936038739
"HIP_RUNTIME_API_EXT","hipSetDevice",2659034,2659034,8838,3219595936039139,3219595936039201
"HIP_RUNTIME_API_EXT","hipFree",2659034,2659034,8839,3219595936039605,3219595936040746
"HIP_RUNTIME_API_EXT","hipSetDevice",2659034,2659034,8840,3219595936041450,3219595936041504
"HIP_RUNTIME_API_EXT","hipMemcpy",2659034,2659034,8841,3219595936041853,3219595936046333
"HIP_RUNTIME_API_EXT","hipSetDevice",2659034,2659034,8842,3219595936046866,3219595936046927
"HIP_RUNTIME_API_EXT","hipMemcpy",2659034,2659034,8843,3219595936047258,3219595936050890
"HIP_RUNTIME_API_EXT","hipSetDevice",2659034,2659034,8844,3219595936051501,3219595936051557
"HIP_RUNTIME_API_EXT","hipMemcpy",2659034,2659034,8845,3219595936051906,3219595936055981
"HIP_RUNTIME_API_EXT","hipSetDevice",2659034,2659034,8846,3219595936056579,3219595936056646
"HIP_RUNTIME_API_EXT","hipFree",2659034,2659034,8847,3219595936056983,3219595936068499
"HIP_RUNTIME_API_EXT","hipSetDevice",2659034,2659034,8848,3219595936070083,3219595936070150
"HIP_RUNTIME_API_EXT","hipMalloc",2659034,2659034,8849,3219595936070526,3219595936071285
"HIP_RUNTIME_API_EXT","hipSetDevice",2659034,2659034,8850,3219595936071684,3219595936071743
"HIP_RUNTIME_API_EXT","hipMemcpy",2659034,2659034,8851,3219595936072069,3219595936088257
"HIP_RUNTIME_API_EXT","hipSetDevice",2659034,2659034,8852,3219595936089102,3219595936089164
"HIP_RUNTIME_API_EXT","hipMalloc",2659034,2659034,8853,3219595936089496,3219595936090458
"HIP_RUNTIME_API_EXT","hipSetDevice",2659034,2659034,8854,3219595936091024,3219595936091076
"HIP_RUNTIME_API_EXT","hipLaunchKernel",2659034,2659034,8855,3219595936091680,3219595936095282
"HIP_RUNTIME_API_EXT","hipGetLastError",2659034,2659034,8856,3219595936095806,3219595936095900
"HIP_RUNTIME_API_EXT","hipSetDevice",2659034,2659034,8857,3219595936096511,3219595936096571
"HIP_RUNTIME_API_EXT","hipMalloc",2659034,2659034,8858,3219595936097075,3219595936098184
"HIP_RUNTIME_API_EXT","hipSetDevice",2659034,2659034,8859,3219595936098606,3219595936098662
"HIP_RUNTIME_API_EXT","hipLaunchKernel",2659034,2659034,8860,3219595936099169,3219595936102485
"HIP_RUNTIME_API_EXT","hipGetLastError",2659034,2659034,8861,3219595936103117,3219595936103158
"HIP_RUNTIME_API_EXT","hipSetDevice",2659034,2659034,8862,3219595936103956,3219595936104010
"HIP_RUNTIME_API_EXT","hipMalloc",2659034,2659034,8863,3219595936104536,3219595936105958
"HIP_RUNTIME_API_EXT","hipSetDevice",2659034,2659034,8864,3219595936106352,3219595936106409
"HIP_RUNTIME_API_EXT","hipLaunchKernel",2659034,2659034,8865,3219595936106980,3219595936110646
"HIP_RUNTIME_API_EXT","hipGetLastError",2659034,2659034,8866,3219595936111047,3219595936111090
"HIP_RUNTIME_API_EXT","hipSetDevice",2659034,2659034,8867,3219595936111969,3219595936112039
"HIP_RUNTIME_API_EXT","hipMalloc",2659034,2659034,8868,3219595936112399,3219595936113507
"HIP_RUNTIME_API_EXT","hipSetDevice",2659034,2659034,8869,3219595936113888,3219595936113945
"HIP_RUNTIME_API_EXT","hipLaunchKernel",2659034,2659034,8870,3219595936114457,3219595936117915
"HIP_RUNTIME_API_EXT","hipGetLastError",2659034,2659034,8871,3219595936118326,3219595936118369
"HIP_RUNTIME_API_EXT","hipSetDevice",2659034,2659034,8872,3219595936118952,3219595936119009
"HIP_RUNTIME_API_EXT","hipMalloc",2659034,2659034,8873,3219595936119329,3219595936120470
"HIP_RUNTIME_API_EXT","hipSetDevice",2659034,2659034,8874,3219595936120998,3219595936121053
"HIP_RUNTIME_API_EXT","hipLaunchKernel",2659034,2659034,8875,3219595936121573,3219595936125052
"HIP_RUNTIME_API_EXT","hipGetLastError",2659034,2659034,8876,3219595936125465,3219595936125510
"HIP_RUNTIME_API_EXT","hipSetDevice",2659034,2659034,8877,3219595936126471,3219595936126535
"HIP_RUNTIME_API_EXT","hipMalloc",2659034,2659034,8878,3219595936126865,3219595936128137
"HIP_RUNTIME_API_EXT","hipSetDevice",2659034,2659034,8879,3219595936128676,3219595936128733
"HIP_RUNTIME_API_EXT","hipLaunchKernel",2659034,2659034,8880,3219595936129254,3219595936142554
"HIP_RUNTIME_API_EXT","hipGetLastError",2659034,2659034,8881,3219595936143138,3219595936143184
"HIP_RUNTIME_API_EXT","hipSetDevice",2659034,2659034,8882,3219595936143931,3219595936143986
"HIP_RUNTIME_API_EXT","hipMalloc",2659034,2659034,8883,3219595936144516,3219595936145756
"HIP_RUNTIME_API_EXT","hipSetDevice",2659034,2659034,8884,3219595936146172,3219595936146233
"HIP_RUNTIME_API_EXT","hipLaunchKernel",2659034,2659034,8885,3219595936146725,3219595936150502
"HIP_RUNTIME_API_EXT","hipGetLastError",2659034,2659034,8886,3219595936151404,3219595936151505
"HIP_RUNTIME_API_EXT","hipSetDevice",2659034,2659034,8887,3219595936152432,3219595936152487
"HIP_RUNTIME_API_EXT","hipMalloc",2659034,2659034,8888,3219595936152819,3219595936154061
"HIP_RUNTIME_API_EXT","hipSetDevice",2659034,2659034,8889,3219595936154452,3219595936154513
"HIP_RUNTIME_API_EXT","hipLaunchKernel",2659034,2659034,8890,3219595936154999,3219595936158974
"HIP_RUNTIME_API_EXT","hipGetLastError",2659034,2659034,8891,3219595936159803,3219595936159848
"HIP_RUNTIME_API_EXT","hipSetDevice",2659034,2659034,8892,3219595936160366,3219595936160423
"HIP_RUNTIME_API_EXT","hipMalloc",2659034,2659034,8893,3219595936160856,3219595936162248
"HIP_RUNTIME_API_EXT","hipSetDevice",2659034,2659034,8894,3219595936162658,3219595936162716
"HIP_RUNTIME_API_EXT","hipLaunchKernel",2659034,2659034,8895,3219595936163307,3219595936184378
"HIP_RUNTIME_API_EXT","hipGetLastError",2659034,2659034,8896,3219595936185175,3219595936185229
"HIP_RUNTIME_API_EXT","hipSetDevice",2659034,2659034,8897,3219595936185732,3219595936185792
"HIP_RUNTIME_API_EXT","hipFree",2659034,2659034,8898,3219595936186158,3219595936201746
"HIP_RUNTIME_API_EXT","hipSetDevice",2659034,2659034,8899,3219595936203948,3219595936204005
"HIP_RUNTIME_API_EXT","hipMalloc",2659034,2659034,8900,3219595936204431,3219595936205324
"HIP_RUNTIME_API_EXT","hipSetDevice",2659034,2659034,8901,3219595936205797,3219595936205852
"HIP_RUNTIME_API_EXT","hipLaunchKernel",2659034,2659034,8902,3219595936206367,3219595936222405
"HIP_RUNTIME_API_EXT","hipGetLastError",2659034,2659034,8903,3219595936222808,3219595936222851
"HIP_RUNTIME_API_EXT","hipSetDevice",2659034,2659034,8904,3219595936223221,3219595936223284
"HIP_RUNTIME_API_EXT","hipFree",2659034,2659034,8905,3219595936223660,3219595936235006
"HIP_RUNTIME_API_EXT","hipSetDevice",2659034,2659034,8906,3219595936235743,3219595936235805
"HIP_RUNTIME_API_EXT","hipMalloc",2659034,2659034,8907,3219595936236164,3219595936237344
"HIP_RUNTIME_API_EXT","hipSetDevice",2659034,2659034,8908,3219595936238024,3219595936238080
"HIP_RUNTIME_API_EXT","hipMemcpy",2659034,2659034,8909,3219595936238527,3219595936242058
"HIP_RUNTIME_API_EXT","hipSetDevice",2659034,2659034,8910,3219595936242471,3219595936242542
"HIP_RUNTIME_API_EXT","hipMemcpy",2659034,2659034,8911,3219595936242862,3219595936246429
"HIP_RUNTIME_API_EXT","hipSetDevice",2659034,2659034,8912,3219595936247221,3219595936247284
"HIP_RUNTIME_API_EXT","hipMalloc",2659034,2659034,8913,3219595936247609,3219595936248817
"HIP_RUNTIME_API_EXT","hipSetDevice",2659034,2659034,8914,3219595936249604,3219595936249663
"HIP_RUNTIME_API_EXT","hipMemcpy",2659034,2659034,8915,3219595936250315,3219595936254956
"HIP_RUNTIME_API_EXT","hipSetDevice",2659034,2659034,8916,3219595936255449,3219595936255505
"HIP_RUNTIME_API_EXT","hipMemcpy",2659034,2659034,8917,3219595936255862,3219595936259980
"HIP_RUNTIME_API_EXT","hipSetDevice",2659034,2659034,8918,3219595936260532,3219595936260604
"HIP_RUNTIME_API_EXT","hipMalloc",2659034,2659034,8919,3219595936260926,3219595936263145
"HIP_RUNTIME_API_EXT","hipSetDevice",2659034,2659034,8920,3219595936263511,3219595936263571
"HIP_RUNTIME_API_EXT","hipLaunchKernel",2659034,2659034,8921,3219595936264127,3219595936269639
"HIP_RUNTIME_API_EXT","hipGetLastError",2659034,2659034,8922,3219595936270184,3219595936270228
"HIP_RUNTIME_API_EXT","hipSetDevice",2659034,2659034,8923,3219595936270723,3219595936270780
"HIP_RUNTIME_API_EXT","hipMalloc",2659034,2659034,8924,3219595936271118,3219595936272580
"HIP_RUNTIME_API_EXT","hipSetDevice",2659034,2659034,8925,3219595936273091,3219595936273148
"HIP_RUNTIME_API_EXT","hipLaunchKernel",2659034,2659034,8926,3219595936273866,3219595936277706
"HIP_RUNTIME_API_EXT","hipGetLastError",2659034,2659034,8927,3219595936278118,3219595936278164
"HIP_RUNTIME_API_EXT","hipSetDevice",2659034,2659034,8928,3219595936278768,3219595936278831
"HIP_RUNTIME_API_EXT","hipFree",2659034,2659034,8929,3219595936279234,3219595936292044
"HIP_RUNTIME_API_EXT","hipSetDevice",2659034,2659034,8930,3219595936292626,3219595936292685
"HIP_RUNTIME_API_EXT","hipMalloc",2659034,2659034,8931,3219595936293005,3219595936293785
"HIP_RUNTIME_API_EXT","hipSetDevice",2659034,2659034,8932,3219595936294322,3219595936294377
"HIP_RUNTIME_API_EXT","hipLaunchKernel",2659034,2659034,8933,3219595936294884,3219595936299279
"HIP_RUNTIME_API_EXT","hipGetLastError",2659034,2659034,8934,3219595936299797,3219595936299842
"HIP_RUNTIME_API_EXT","hipSetDevice",2659034,2659034,8935,3219595936300408,3219595936300465
"HIP_RUNTIME_API_EXT","hipFree",2659034,2659034,8936,3219595936300871,3219595936318419
"HIP_RUNTIME_API_EXT","hipSetDevice",2659034,2659034,8937,3219595936318956,3219595936319014
"HIP_RUNTIME_API_EXT","hipFree",2659034,2659034,8938,3219595936319376,3219595936320376
"HIP_RUNTIME_API_EXT","hipSetDevice",2659034,2659034,8939,3219595936320750,3219595936320807
"HIP_RUNTIME_API_EXT","hipFree",2659034,2659034,8940,3219595936321316,3219595936322314
"HIP_RUNTIME_API_EXT","hipSetDevice",2659034,2659034,8941,3219595936322730,3219595936322784
"HIP_RUNTIME_API_EXT","hipFree",2659034,2659034,8942,3219595936323210,3219595936324239
"HIP_RUNTIME_API_EXT","hipSetDevice",2659034,2659034,8943,3219595936324644,3219595936324699
"HIP_RUNTIME_API_EXT","hipFree",2659034,2659034,8944,3219595936325003,3219595936326033
"HIP_RUNTIME_API_EXT","hipSetDevice",2659034,2659034,8945,3219595936326384,3219595936326440
"HIP_RUNTIME_API_EXT","hipFree",2659034,2659034,8946,3219595936326746,3219595936327808
"HIP_RUNTIME_API_EXT","hipSetDevice",2659034,2659034,8947,3219595936328190,3219595936328250
"HIP_RUNTIME_API_EXT","hipFree",2659034,2659034,8948,3219595936328553,3219595936329504
"HIP_RUNTIME_API_EXT","hipSetDevice",2659034,2659034,8949,3219595936330317,3219595936330371
"HIP_RUNTIME_API_EXT","hipMalloc",2659034,2659034,8950,3219595936330702,3219595936331527
"HIP_RUNTIME_API_EXT","hipSetDevice",2659034,2659034,8951,3219595936332000,3219595936332063
"HIP_RUNTIME_API_EXT","hipLaunchKernel",2659034,2659034,8952,3219595936332636,3219595936336503
"HIP_RUNTIME_API_EXT","hipGetLastError",2659034,2659034,8953,3219595936336921,3219595936336965
"HIP_RUNTIME_API_EXT","hipSetDevice",2659034,2659034,8954,3219595936337366,3219595936337429
"HIP_RUNTIME_API_EXT","hipFree",2659034,2659034,8955,3219595936337816,3219595936348888
"HIP_RUNTIME_API_EXT","hipSetDevice",2659034,2659034,8956,3219595936349337,3219595936349394
"HIP_RUNTIME_API_EXT","hipFree",2659034,2659034,8957,3219595936349943,3219595936350967
"HIP_RUNTIME_API_EXT","hipSetDevice",2659034,2659034,8958,3219595936351472,3219595936351531
"HIP_RUNTIME_API_EXT","hipMalloc",2659034,2659034,8959,3219595936351890,3219595936352823
"HIP_RUNTIME_API_EXT","hipSetDevice",2659034,2659034,8960,3219595936353323,3219595936353383
"HIP_RUNTIME_API_EXT","hipLaunchKernel",2659034,2659034,8961,3219595936354216,3219595936357982
"HIP_RUNTIME_API_EXT","hipGetLastError",2659034,2659034,8962,3219595936358420,3219595936358492
"HIP_RUNTIME_API_EXT","hipSetDevice",2659034,2659034,8963,3219595936359293,3219595936359346
"HIP_RUNTIME_API_EXT","hipMalloc",2659034,2659034,8964,3219595936359687,3219595936360568
"HIP_RUNTIME_API_EXT","hipSetDevice",2659034,2659034,8965,3219595936360943,3219595936361000
"HIP_RUNTIME_API_EXT","hipLaunchKernel",2659034,2659034,8966,3219595936361596,3219595936366481
"HIP_RUNTIME_API_EXT","hipGetLastError",2659034,2659034,8967,3219595936367187,3219595936367230
"HIP_RUNTIME_API_EXT","hipSetDevice",2659034,2659034,8968,3219595936368056,3219595936368110
"HIP_RUNTIME_API_EXT","hipMalloc",2659034,2659034,8969,3219595936368483,3219595936369713
"HIP_RUNTIME_API_EXT","hipSetDevice",2659034,2659034,8970,3219595936370092,3219595936370150
"HIP_RUNTIME_API_EXT","hipLaunchKernel",2659034,2659034,8971,3219595936370634,3219595936374327
"HIP_RUNTIME_API_EXT","hipGetLastError",2659034,2659034,8972,3219595936374740,3219595936374790
"HIP_RUNTIME_API_EXT","hipSetDevice",2659034,2659034,8973,3219595936375331,3219595936375389
"HIP_RUNTIME_API_EXT","hipMalloc",2659034,2659034,8974,3219595936375710,3219595936376961
"HIP_RUNTIME_API_EXT","hipSetDevice",2659034,2659034,8975,3219595936377329,3219595936377384
"HIP_RUNTIME_API_EXT","hipLaunchKernel",2659034,2659034,8976,3219595936377996,3219595936384152
"HIP_RUNTIME_API_EXT","hipGetLastError",2659034,2659034,8977,3219595936384611,3219595936384663
"HIP_RUNTIME_API_EXT","hipSetDevice",2659034,2659034,8978,3219595936385005,3219595936385069
"HIP_RUNTIME_API_EXT","hipFree",2659034,2659034,8979,3219595936385450,3219595936398875
"HIP_RUNTIME_API_EXT","hipSetDevice",2659034,2659034,8980,3219595936399352,3219595936399411
"HIP_RUNTIME_API_EXT","hipFree",2659034,2659034,8981,3219595936399966,3219595936400913
"HIP_RUNTIME_API_EXT","hipSetDevice",2659034,2659034,8982,3219595936401464,3219595936401527
"HIP_RUNTIME_API_EXT","hipMalloc",2659034,2659034,8983,3219595936402232,3219595936403195
"HIP_RUNTIME_API_EXT","hipSetDevice",2659034,2659034,8984,3219595936403587,3219595936403642
"HIP_RUNTIME_API_EXT","hipLaunchKernel",2659034,2659034,8985,3219595936404269,3219595936407801
"HIP_RUNTIME_API_EXT","hipGetLastError",2659034,2659034,8986,3219595936408351,3219595936408394
"HIP_RUNTIME_API_EXT","hipSetDevice",2659034,2659034,8987,3219595936408818,3219595936408875
"HIP_RUNTIME_API_EXT","hipFree",2659034,2659034,8988,3219595936409209,3219595936434825
"HIP_RUNTIME_API_EXT","hipSetDevice",2659034,2659034,8989,3219595936435640,3219595936435703
"HIP_RUNTIME_API_EXT","hipMalloc",2659034,2659034,8990,3219595936436034,3219595936436988
"HIP_RUNTIME_API_EXT","hipSetDevice",2659034,2659034,8991,3219595936437353,3219595936437407
"HIP_RUNTIME_API_EXT","hipLaunchKernel",2659034,2659034,8992,3219595936438029,3219595936441621
"HIP_RUNTIME_API_EXT","hipGetLastError",2659034,2659034,8993,3219595936442102,3219595936442147
"HIP_RUNTIME_API_EXT","hipSetDevice",2659034,2659034,8994,3219595936442513,3219595936442569
"HIP_RUNTIME_API_EXT","hipFree",2659034,2659034,8995,3219595936442905,3219595936454115
"HIP_RUNTIME_API_EXT","hipSetDevice",2659034,2659034,8996,3219595936454529,3219595936454590
"HIP_RUNTIME_API_EXT","hipFree",2659034,2659034,8997,3219595936455144,3219595936455999
"HIP_RUNTIME_API_EXT","hipSetDevice",2659034,2659034,8998,3219595936456383,3219595936456440
"HIP_RUNTIME_API_EXT","hipFree",2659034,2659034,8999,3219595936456766,3219595936457718
"HIP_RUNTIME_API_EXT","hipSetDevice",2659034,2659034,9000,3219595936458075,3219595936458132
"HIP_RUNTIME_API_EXT","hipFree",2659034,2659034,9001,3219595936458455,3219595936459704
"HIP_RUNTIME_API_EXT","hipSetDevice",2659034,2659034,9002,3219595936460323,3219595936460383
"HIP_RUNTIME_API_EXT","hipMalloc",2659034,2659034,9003,3219595936460705,3219595936461693
"HIP_RUNTIME_API_EXT","hipSetDevice",2659034,2659034,9004,3219595936462075,3219595936462133
"HIP_RUNTIME_API_EXT","hipLaunchKernel",2659034,2659034,9005,3219595936462676,3219595936466626
"HIP_RUNTIME_API_EXT","hipGetLastError",2659034,2659034,9006,3219595936467103,3219595936467147
"HIP_RUNTIME_API_EXT","hipSetDevice",2659034,2659034,9007,3219595936467849,3219595936467905
"HIP_RUNTIME_API_EXT","hipMalloc",2659034,2659034,9008,3219595936468231,3219595936469239
"HIP_RUNTIME_API_EXT","hipSetDevice",2659034,2659034,9009,3219595936469631,3219595936469685
"HIP_RUNTIME_API_EXT","hipLaunchKernel",2659034,2659034,9010,3219595936470195,3219595936473589
"HIP_RUNTIME_API_EXT","hipGetLastError",2659034,2659034,9011,3219595936473969,3219595936474011
"HIP_RUNTIME_API_EXT","hipSetDevice",2659034,2659034,9012,3219595936475763,3219595936475821
"HIP_RUNTIME_API_EXT","hipMalloc",2659034,2659034,9013,3219595936476211,3219595936477126
"HIP_RUNTIME_API_EXT","hipSetDevice",2659034,2659034,9014,3219595936477520,3219595936477575
"HIP_RUNTIME_API_EXT","hipLaunchKernel",2659034,2659034,9015,3219595936478129,3219595936481890
"HIP_RUNTIME_API_EXT","hipGetLastError",2659034,2659034,9016,3219595936482269,3219595936482374
"HIP_RUNTIME_API_EXT","hipSetDevice",2659034,2659034,9017,3219595936483142,3219595936483203
"HIP_RUNTIME_API_EXT","hipMalloc",2659034,2659034,9018,3219595936483590,3219595936484802
"HIP_RUNTIME_API_EXT","hipSetDevice",2659034,2659034,9019,3219595936485179,3219595936485236
"HIP_RUNTIME_API_EXT","hipLaunchKernel",2659034,2659034,9020,3219595936485744,3219595936489105
"HIP_RUNTIME_API_EXT","hipGetLastError",2659034,2659034,9021,3219595936489662,3219595936489703
"HIP_RUNTIME_API_EXT","hipSetDevice",2659034,2659034,9022,3219595936490572,3219595936490635
"HIP_RUNTIME_API_EXT","hipMalloc",2659034,2659034,9023,3219595936490963,3219595936491995
"HIP_RUNTIME_API_EXT","hipSetDevice",2659034,2659034,9024,3219595936492400,3219595936492456
"HIP_RUNTIME_API_EXT","hipLaunchKernel",2659034,2659034,9025,3219595936493031,3219595936496610
"HIP_RUNTIME_API_EXT","hipGetLastError",2659034,2659034,9026,3219595936497092,3219595936497135
"HIP_RUNTIME_API_EXT","hipSetDevice",2659034,2659034,9027,3219595936498837,3219595936498894
"HIP_RUNTIME_API_EXT","hipMalloc",2659034,2659034,9028,3219595936499343,3219595936500782
"HIP_RUNTIME_API_EXT","hipSetDevice",2659034,2659034,9029,3219595936501195,3219595936501252
"HIP_RUNTIME_API_EXT","hipLaunchKernel",2659034,2659034,9030,3219595936501820,3219595936508051
"HIP_RUNTIME_API_EXT","hipGetLastError",2659034,2659034,9031,3219595936508634,3219595936508676
"HIP_RUNTIME_API_EXT","hipSetDevice",2659034,2659034,9032,3219595936509543,3219595936509601
"HIP_RUNTIME_API_EXT","hipMalloc",2659034,2659034,9033,3219595936511107,3219595936512279
"HIP_RUNTIME_API_EXT","hipSetDevice",2659034,2659034,9034,3219595936512667,3219595936512728
"HIP_RUNTIME_API_EXT","hipLaunchKernel",2659034,2659034,9035,3219595936513248,3219595936518314
"HIP_RUNTIME_API_EXT","hipGetLastError",2659034,2659034,9036,3219595936518756,3219595936518800
"HIP_RUNTIME_API_EXT","hipSetDevice",2659034,2659034,9037,3219595936519330,3219595936519388
"HIP_RUNTIME_API_EXT","hipMalloc",2659034,2659034,9038,3219595936519774,3219595936520912
"HIP_RUNTIME_API_EXT","hipSetDevice",2659034,2659034,9039,3219595936521310,3219595936521368
"HIP_RUNTIME_API_EXT","hipLaunchKernel",2659034,2659034,9040,3219595936521921,3219595936525564
"HIP_RUNTIME_API_EXT","hipGetLastError",2659034,2659034,9041,3219595936526068,3219595936526113
"HIP_RUNTIME_API_EXT","hipSetDevice",2659034,2659034,9042,3219595936526488,3219595936526541
"HIP_RUNTIME_API_EXT","hipFree",2659034,2659034,9043,3219595936527245,3219595936541737
"HIP_RUNTIME_API_EXT","hipSetDevice",2659034,2659034,9044,3219595936543657,3219595936543714
"HIP_RUNTIME_API_EXT","hipMalloc",2659034,2659034,9045,3219595936544054,3219595936544990
"HIP_RUNTIME_API_EXT","hipSetDevice",2659034,2659034,9046,3219595936545502,3219595936545558
"HIP_RUNTIME_API_EXT","hipLaunchKernel",2659034,2659034,9047,3219595936546098,3219595936550274
"HIP_RUNTIME_API_EXT","hipGetLastError",2659034,2659034,9048,3219595936550725,3219595936550768
"HIP_RUNTIME_API_EXT","hipSetDevice",2659034,2659034,9049,3219595936551319,3219595936551378
"HIP_RUNTIME_API_EXT","hipFree",2659034,2659034,9050,3219595936551849,3219595936563138
"HIP_RUNTIME_API_EXT","hipSetDevice",2659034,2659034,9051,3219595936563990,3219595936564053
"HIP_RUNTIME_API_EXT","hipMalloc",2659034,2659034,9052,3219595936564394,3219595936565493
"HIP_RUNTIME_API_EXT","hipSetDevice",2659034,2659034,9053,3219595936566125,3219595936566186
"HIP_RUNTIME_API_EXT","hipMemcpy",2659034,2659034,9054,3219595936566583,3219595936570197
"HIP_RUNTIME_API_EXT","hipSetDevice",2659034,2659034,9055,3219595936570702,3219595936570765
"HIP_RUNTIME_API_EXT","hipMemcpy",2659034,2659034,9056,3219595936571106,3219595936574774
"HIP_RUNTIME_API_EXT","hipSetDevice",2659034,2659034,9057,3219595936575464,3219595936575521
"HIP_RUNTIME_API_EXT","hipMalloc",2659034,2659034,9058,3219595936575874,3219595936578696
"HIP_RUNTIME_API_EXT","hipSetDevice",2659034,2659034,9059,3219595936579310,3219595936579372
"HIP_RUNTIME_API_EXT","hipMemcpy",2659034,2659034,9060,3219595936579882,3219595936583714
"HIP_RUNTIME_API_EXT","hipSetDevice",2659034,2659034,9061,3219595936584192,3219595936584251
"HIP_RUNTIME_API_EXT","hipMemcpy",2659034,2659034,9062,3219595936584642,3219595936589375
"HIP_RUNTIME_API_EXT","hipSetDevice",2659034,2659034,9063,3219595936590164,3219595936590234
"HIP_RUNTIME_API_EXT","hipMalloc",2659034,2659034,9064,3219595936591292,3219595936593346
"HIP_RUNTIME_API_EXT","hipSetDevice",2659034,2659034,9065,3219595936593772,3219595936593824
"HIP_RUNTIME_API_EXT","hipLaunchKernel",2659034,2659034,9066,3219595936594395,3219595936607482
"HIP_RUNTIME_API_EXT","hipGetLastError",2659034,2659034,9067,3219595936608013,3219595936608063
"HIP_RUNTIME_API_EXT","hipSetDevice",2659034,2659034,9068,3219595936608686,3219595936608741
"HIP_RUNTIME_API_EXT","hipMalloc",2659034,2659034,9069,3219595936609107,3219595936610131
"HIP_RUNTIME_API_EXT","hipSetDevice",2659034,2659034,9070,3219595936610529,3219595936610589
"HIP_RUNTIME_API_EXT","hipLaunchKernel",2659034,2659034,9071,3219595936611084,3219595936614589
"HIP_RUNTIME_API_EXT","hipGetLastError",2659034,2659034,9072,3219595936615121,3219595936615165
"HIP_RUNTIME_API_EXT","hipSetDevice",2659034,2659034,9073,3219595936615727,3219595936615782
"HIP_RUNTIME_API_EXT","hipFree",2659034,2659034,9074,3219595936616140,3219595936629390
"HIP_RUNTIME_API_EXT","hipSetDevice",2659034,2659034,9075,3219595936630383,3219595936630441
"HIP_RUNTIME_API_EXT","hipMalloc",2659034,2659034,9076,3219595936630799,3219595936631614
"HIP_RUNTIME_API_EXT","hipSetDevice",2659034,2659034,9077,3219595936632021,3219595936632078
"HIP_RUNTIME_API_EXT","hipLaunchKernel",2659034,2659034,9078,3219595936632621,3219595936636301
"HIP_RUNTIME_API_EXT","hipGetLastError",2659034,2659034,9079,3219595936636780,3219595936636821
"HIP_RUNTIME_API_EXT","hipSetDevice",2659034,2659034,9080,3219595936637421,3219595936637478
"HIP_RUNTIME_API_EXT","hipFree",2659034,2659034,9081,3219595936637818,3219595936655580
"HIP_RUNTIME_API_EXT","hipSetDevice",2659034,2659034,9082,3219595936655985,3219595936656041
"HIP_RUNTIME_API_EXT","hipFree",2659034,2659034,9083,3219595936656367,3219595936657459
"HIP_RUNTIME_API_EXT","hipSetDevice",2659034,2659034,9084,3219595936657880,3219595936657933
"HIP_RUNTIME_API_EXT","hipFree",2659034,2659034,9085,3219595936658418,3219595936659580
"HIP_RUNTIME_API_EXT","hipSetDevice",2659034,2659034,9086,3219595936659927,3219595936659982
"HIP_RUNTIME_API_EXT","hipFree",2659034,2659034,9087,3219595936660333,3219595936661510
"HIP_RUNTIME_API_EXT","hipSetDevice",2659034,2659034,9088,3219595936661873,3219595936661931
"HIP_RUNTIME_API_EXT","hipFree",2659034,2659034,9089,3219595936662341,3219595936663534
"HIP_RUNTIME_API_EXT","hipSetDevice",2659034,2659034,9090,3219595936663872,3219595936663927
"HIP_RUNTIME_API_EXT","hipFree",2659034,2659034,9091,3219595936664243,3219595936665363
"HIP_RUNTIME_API_EXT","hipSetDevice",2659034,2659034,9092,3219595936665712,3219595936665767
"HIP_RUNTIME_API_EXT","hipFree",2659034,2659034,9093,3219595936666088,3219595936667008
"HIP_RUNTIME_API_EXT","hipSetDevice",2659034,2659034,9094,3219595936667580,3219595936667636
"HIP_RUNTIME_API_EXT","hipMalloc",2659034,2659034,9095,3219595936668027,3219595936668951
"HIP_RUNTIME_API_EXT","hipSetDevice",2659034,2659034,9096,3219595936669502,3219595936669556
"HIP_RUNTIME_API_EXT","hipLaunchKernel",2659034,2659034,9097,3219595936670143,3219595936674005
"HIP_RUNTIME_API_EXT","hipGetLastError",2659034,2659034,9098,3219595936674497,3219595936674540
"HIP_RUNTIME_API_EXT","hipSetDevice",2659034,2659034,9099,3219595936674933,3219595936674992
"HIP_RUNTIME_API_EXT","hipFree",2659034,2659034,9100,3219595936675331,3219595936686063
"HIP_RUNTIME_API_EXT","hipSetDevice",2659034,2659034,9101,3219595936688945,3219595936689001
"HIP_RUNTIME_API_EXT","hipFree",2659034,2659034,9102,3219595936689595,3219595936690825
"HIP_RUNTIME_API_EXT","hipSetDevice",2659034,2659034,9103,3219595936691477,3219595936691533
"HIP_RUNTIME_API_EXT","hipMalloc",2659034,2659034,9104,3219595936691917,3219595936692831
"HIP_RUNTIME_API_EXT","hipSetDevice",2659034,2659034,9105,3219595936693280,3219595936693337
"HIP_RUNTIME_API_EXT","hipLaunchKernel",2659034,2659034,9106,3219595936693900,3219595936697717
"HIP_RUNTIME_API_EXT","hipGetLastError",2659034,2659034,9107,3219595936698223,3219595936698268
"HIP_RUNTIME_API_EXT","hipSetDevice",2659034,2659034,9108,3219595936699226,3219595936699281
"HIP_RUNTIME_API_EXT","hipMalloc",2659034,2659034,9109,3219595936699620,3219595936700571
"HIP_RUNTIME_API_EXT","hipSetDevice",2659034,2659034,9110,3219595936701017,3219595936701072
"HIP_RUNTIME_API_EXT","hipLaunchKernel",2659034,2659034,9111,3219595936701620,3219595936730240
"HIP_RUNTIME_API_EXT","hipGetLastError",2659034,2659034,9112,3219595936730920,3219595936730964
"HIP_RUNTIME_API_EXT","hipSetDevice",2659034,2659034,9113,3219595936731859,3219595936731915
"HIP_RUNTIME_API_EXT","hipMalloc",2659034,2659034,9114,3219595936732445,3219595936739039
"HIP_RUNTIME_API_EXT","hipSetDevice",2659034,2659034,9115,3219595936739566,3219595936739628
"HIP_RUNTIME_API_EXT","hipLaunchKernel",2659034,2659034,9116,3219595936740352,3219595936763319
"HIP_RUNTIME_API_EXT","hipGetLastError",2659034,2659034,9117,3219595936763838,3219595936763888
"HIP_RUNTIME_API_EXT","hipSetDevice",2659034,2659034,9118,3219595936764644,3219595936764698
"HIP_RUNTIME_API_EXT","hipMalloc",2659034,2659034,9119,3219595936765137,3219595936766496
"HIP_RUNTIME_API_EXT","hipSetDevice",2659034,2659034,9120,3219595936766914,3219595936766973
"HIP_RUNTIME_API_EXT","hipLaunchKernel",2659034,2659034,9121,3219595936767839,3219595936771539
"HIP_RUNTIME_API_EXT","hipGetLastError",2659034,2659034,9122,3219595936771968,3219595936772010
"HIP_RUNTIME_API_EXT","hipSetDevice",2659034,2659034,9123,3219595936772407,3219595936772463
"HIP_RUNTIME_API_EXT","hipFree",2659034,2659034,9124,3219595936772802,3219595936786595
"HIP_RUNTIME_API_EXT","hipSetDevice",2659034,2659034,9125,3219595936787146,3219595936787197
"HIP_RUNTIME_API_EXT","hipFree",2659034,2659034,9126,3219595936787679,3219595936788746
"HIP_RUNTIME_API_EXT","hipSetDevice",2659034,2659034,9127,3219595936789321,3219595936789376
"HIP_RUNTIME_API_EXT","hipMalloc",2659034,2659034,9128,3219595936789722,3219595936790913
"HIP_RUNTIME_API_EXT","hipSetDevice",2659034,2659034,9129,3219595936791275,3219595936791332
"HIP_RUNTIME_API_EXT","hipLaunchKernel",2659034,2659034,9130,3219595936791964,3219595936795672
"HIP_RUNTIME_API_EXT","hipGetLastError",2659034,2659034,9131,3219595936796046,3219595936796090
"HIP_RUNTIME_API_EXT","hipSetDevice",2659034,2659034,9132,3219595936796552,3219595936796609
"HIP_RUNTIME_API_EXT","hipFree",2659034,2659034,9133,3219595936796965,3219595936823079
"HIP_RUNTIME_API_EXT","hipSetDevice",2659034,2659034,9134,3219595936823782,3219595936823839
"HIP_RUNTIME_API_EXT","hipMalloc",2659034,2659034,9135,3219595936824181,3219595936825322
"HIP_RUNTIME_API_EXT","hipSetDevice",2659034,2659034,9136,3219595936825707,3219595936825764
"HIP_RUNTIME_API_EXT","hipLaunchKernel",2659034,2659034,9137,3219595936826316,3219595936829832
"HIP_RUNTIME_API_EXT","hipGetLastError",2659034,2659034,9138,3219595936830371,3219595936830416
"HIP_RUNTIME_API_EXT","hipSetDevice",2659034,2659034,9139,3219595936830787,3219595936830845
"HIP_RUNTIME_API_EXT","hipFree",2659034,2659034,9140,3219595936831277,3219595936842291
"HIP_RUNTIME_API_EXT","hipSetDevice",2659034,2659034,9141,3219595936842685,3219595936842747
"HIP_RUNTIME_API_EXT","hipFree",2659034,2659034,9142,3219595936843308,3219595936844305
"HIP_RUNTIME_API_EXT","hipSetDevice",2659034,2659034,9143,3219595936844677,3219595936844729
"HIP_RUNTIME_API_EXT","hipFree",2659034,2659034,9144,3219595936845119,3219595936846138
"HIP_RUNTIME_API_EXT","hipSetDevice",2659034,2659034,9145,3219595936846491,3219595936846545
"HIP_RUNTIME_API_EXT","hipFree",2659034,2659034,9146,3219595936847060,3219595936848342
"HIP_RUNTIME_API_EXT","hipSetDevice",2659034,2659034,9147,3219595936848932,3219595936848987
"HIP_RUNTIME_API_EXT","hipMalloc",2659034,2659034,9148,3219595936849529,3219595936850431
"HIP_RUNTIME_API_EXT","hipSetDevice",2659034,2659034,9149,3219595936850851,3219595936850911
"HIP_RUNTIME_API_EXT","hipLaunchKernel",2659034,2659034,9150,3219595936851555,3219595936855463
"HIP_RUNTIME_API_EXT","hipGetLastError",2659034,2659034,9151,3219595936855904,3219595936855948
"HIP_RUNTIME_API_EXT","hipSetDevice",2659034,2659034,9152,3219595936856425,3219595936856485
"HIP_RUNTIME_API_EXT","hipFree",2659034,2659034,9153,3219595936856979,3219595936868278
"HIP_RUNTIME_API_EXT","hipSetDevice",2659034,2659034,9154,3219595936869436,3219595936869491
"HIP_RUNTIME_API_EXT","hipMalloc",2659034,2659034,9155,3219595936869825,3219595936870789
"HIP_RUNTIME_API_EXT","hipSetDevice",2659034,2659034,9156,3219595936871165,3219595936871222
"HIP_RUNTIME_API_EXT","hipLaunchKernel",2659034,2659034,9157,3219595936871792,3219595936875228
"HIP_RUNTIME_API_EXT","hipGetLastError",2659034,2659034,9158,3219595936875747,3219595936875844
"HIP_RUNTIME_API_EXT","hipSetDevice",2659034,2659034,9159,3219595936876472,3219595936876535
"HIP_RUNTIME_API_EXT","hipFree",2659034,2659034,9160,3219595936876880,3219595936894630
"HIP_RUNTIME_API_EXT","hipSetDevice",2659034,2659034,9161,3219595936895025,3219595936895085
"HIP_RUNTIME_API_EXT","hipFree",2659034,2659034,9162,3219595936895553,3219595936896728
"HIP_RUNTIME_API_EXT","hipSetDevice",2659034,2659034,9163,3219595936897471,3219595936897531
"HIP_RUNTIME_API_EXT","hipMemcpy",2659034,2659034,9164,3219595936897832,3219595936901921
"HIP_RUNTIME_API_EXT","hipSetDevice",2659034,2659034,9165,3219595936902317,3219595936902379
"HIP_RUNTIME_API_EXT","hipMemcpy",2659034,2659034,9166,3219595936902836,3219595936906317
"HIP_RUNTIME_API_EXT","hipSetDevice",2659034,2659034,9167,3219595936906724,3219595936906786
"HIP_RUNTIME_API_EXT","hipMemcpy",2659034,2659034,9168,3219595936907221,3219595936911057
"HIP_RUNTIME_API_EXT","hipSetDevice",2659034,2659034,9169,3219595936911437,3219595936911501
"HIP_RUNTIME_API_EXT","hipMemcpy",2659034,2659034,9170,3219595936911970,3219595936915602
"HIP_RUNTIME_API_EXT","hipSetDevice",2659034,2659034,9171,3219595936916282,3219595936916345
"HIP_RUNTIME_API_EXT","hipMemcpy",2659034,2659034,9172,3219595936916705,3219595936920854
"HIP_RUNTIME_API_EXT","hipSetDevice",2659034,2659034,9173,3219595936921250,3219595936921312
"HIP_RUNTIME_API_EXT","hipMemcpy",2659034,2659034,9174,3219595936921833,3219595936925380
"HIP_RUNTIME_API_EXT","hipSetDevice",2659034,2659034,9175,3219595936925837,3219595936925900
"HIP_RUNTIME_API_EXT","hipMemcpy",2659034,2659034,9176,3219595936926344,3219595936930342
"HIP_RUNTIME_API_EXT","hipSetDevice",2659034,2659034,9177,3219595936930798,3219595936930862
"HIP_RUNTIME_API_EXT","hipMemcpy",2659034,2659034,9178,3219595936931290,3219595936935351
"HIP_RUNTIME_API_EXT","hipSetDevice",2659034,2659034,9179,3219595936935827,3219595936935895
"HIP_RUNTIME_API_EXT","hipFree",2659034,2659034,9180,3219595936936228,3219595936950742
"HIP_RUNTIME_API_EXT","hipSetDevice",2659034,2659034,9181,3219595936951237,3219595936951297
"HIP_RUNTIME_API_EXT","hipFree",2659034,2659034,9182,3219595936951637,3219595936953294
"HIP_RUNTIME_API_EXT","hipSetDevice",2659034,2659034,9183,3219595936953721,3219595936953773
"HIP_RUNTIME_API_EXT","hipFree",2659034,2659034,9184,3219595936954086,3219595936955299
"HIP_RUNTIME_API_EXT","hipSetDevice",2659034,2659034,9185,3219595936955653,3219595936955709
"HIP_RUNTIME_API_EXT","hipFree",2659034,2659034,9186,3219595936956134,3219595936957249
"HIP_RUNTIME_API_EXT","hipSetDevice",2659034,2659034,9187,3219595936957907,3219595936957960
"HIP_RUNTIME_API_EXT","hipMemcpy",2659034,2659034,9188,3219595936958267,3219595936963295
"HIP_RUNTIME_API_EXT","hipSetDevice",2659034,2659034,9189,3219595936963705,3219595936963767
"HIP_RUNTIME_API_EXT","hipFree",2659034,2659034,9190,3219595936964096,3219595936975524
"HIP_RUNTIME_API_EXT","hipSetDevice",2659034,2659034,9191,3219595936976482,3219595936976537
"HIP_RUNTIME_API_EXT","hipMalloc",2659034,2659034,9192,3219595936976942,3219595936977805
"HIP_RUNTIME_API_EXT","hipSetDevice",2659034,2659034,9193,3219595936978331,3219595936978390
"HIP_RUNTIME_API_EXT","hipLaunchKernel",2659034,2659034,9194,3219595936978957,3219595936982659
"HIP_RUNTIME_API_EXT","hipGetLastError",2659034,2659034,9195,3219595936983124,3219595936983165
"HIP_RUNTIME_API_EXT","hipSetDevice",2659034,2659034,9196,3219595936983697,3219595936983757
"HIP_RUNTIME_API_EXT","hipMemcpy",2659034,2659034,9197,3219595936984087,3219595936999202
"HIP_RUNTIME_API_EXT","hipSetDevice",2659034,2659034,9198,3219595936999766,3219595936999830
"HIP_RUNTIME_API_EXT","hipFree",2659034,2659034,9199,3219595937000170,3219595937008607
"HIP_RUNTIME_API_EXT","hipSetDevice",2659034,2659034,9200,3219595937010276,3219595937010341
"HIP_RUNTIME_API_EXT","hipMalloc",2659034,2659034,9201,3219595937010672,3219595937011442
"HIP_RUNTIME_API_EXT","hipSetDevice",2659034,2659034,9202,3219595937011899,3219595937011954
"HIP_RUNTIME_API_EXT","hipMemcpy",2659034,2659034,9203,3219595937012294,3219595937027881
"HIP_RUNTIME_API_EXT","hipSetDevice",2659034,2659034,9204,3219595937029056,3219595937029113
"HIP_RUNTIME_API_EXT","hipMalloc",2659034,2659034,9205,3219595937029475,3219595937030396
"HIP_RUNTIME_API_EXT","hipSetDevice",2659034,2659034,9206,3219595937030803,3219595937030863
"HIP_RUNTIME_API_EXT","hipMemcpy",2659034,2659034,9207,3219595937031223,3219595937046912
"HIP_RUNTIME_API_EXT","hipSetDevice",2659034,2659034,9208,3219595937047725,3219595937047780
"HIP_RUNTIME_API_EXT","hipMalloc",2659034,2659034,9209,3219595937048134,3219595937049281
"HIP_RUNTIME_API_EXT","hipSetDevice",2659034,2659034,9210,3219595937049659,3219595937049714
"HIP_RUNTIME_API_EXT","hipMemcpy",2659034,2659034,9211,3219595937050270,3219595937066047
"HIP_RUNTIME_API_EXT","hipSetDevice",2659034,2659034,9212,3219595937066843,3219595937066896
"HIP_RUNTIME_API_EXT","hipMalloc",2659034,2659034,9213,3219595937067242,3219595937068209
"HIP_RUNTIME_API_EXT","hipSetDevice",2659034,2659034,9214,3219595937068611,3219595937068670
"HIP_RUNTIME_API_EXT","hipLaunchKernel",2659034,2659034,9215,3219595937069516,3219595937073025
"HIP_RUNTIME_API_EXT","hipGetLastError",2659034,2659034,9216,3219595937073524,3219595937073566
"HIP_RUNTIME_API_EXT","hipSetDevice",2659034,2659034,9217,3219595937074154,3219595937074216
"HIP_RUNTIME_API_EXT","hipMalloc",2659034,2659034,9218,3219595937074569,3219595937075895
"HIP_RUNTIME_API_EXT","hipSetDevice",2659034,2659034,9219,3219595937076283,3219595937076337
"HIP_RUNTIME_API_EXT","hipLaunchKernel",2659034,2659034,9220,3219595937076870,3219595937080236
"HIP_RUNTIME_API_EXT","hipGetLastError",2659034,2659034,9221,3219595937080890,3219595937080993
"HIP_RUNTIME_API_EXT","hipSetDevice",2659034,2659034,9222,3219595937081983,3219595937082041
"HIP_RUNTIME_API_EXT","hipMalloc",2659034,2659034,9223,3219595937082365,3219595937083413
"HIP_RUNTIME_API_EXT","hipSetDevice",2659034,2659034,9224,3219595937083780,3219595937083834
"HIP_RUNTIME_API_EXT","hipLaunchKernel",2659034,2659034,9225,3219595937084354,3219595937087831
"HIP_RUNTIME_API_EXT","hipGetLastError",2659034,2659034,9226,3219595937088254,3219595937088294
"HIP_RUNTIME_API_EXT","hipSetDevice",2659034,2659034,9227,3219595937088976,3219595937089038
"HIP_RUNTIME_API_EXT","hipMalloc",2659034,2659034,9228,3219595937089378,3219595937090667
"HIP_RUNTIME_API_EXT","hipSetDevice",2659034,2659034,9229,3219595937091113,3219595937091172
"HIP_RUNTIME_API_EXT","hipLaunchKernel",2659034,2659034,9230,3219595937091790,3219595937095410
"HIP_RUNTIME_API_EXT","hipGetLastError",2659034,2659034,9231,3219595937095846,3219595937095889
"HIP_RUNTIME_API_EXT","hipSetDevice",2659034,2659034,9232,3219595937096680,3219595937096740
"HIP_RUNTIME_API_EXT","hipMalloc",2659034,2659034,9233,3219595937097297,3219595937098573
"HIP_RUNTIME_API_EXT","hipSetDevice",2659034,2659034,9234,3219595937098919,3219595937098976
"HIP_RUNTIME_API_EXT","hipLaunchKernel",2659034,2659034,9235,3219595937099487,3219595937103016
"HIP_RUNTIME_API_EXT","hipGetLastError",2659034,2659034,9236,3219595937103614,3219595937103664
"HIP_RUNTIME_API_EXT","hipSetDevice",2659034,2659034,9237,3219595937105068,3219595937105129
"HIP_RUNTIME_API_EXT","hipMalloc",2659034,2659034,9238,3219595937105459,3219595937106595
"HIP_RUNTIME_API_EXT","hipSetDevice",2659034,2659034,9239,3219595937111419,3219595937111534
"HIP_RUNTIME_API_EXT","hipLaunchKernel",2659034,2659034,9240,3219595937112422,3219595937116633
"HIP_RUNTIME_API_EXT","hipGetLastError",2659034,2659034,9241,3219595937117122,3219595937117215
"HIP_RUNTIME_API_EXT","hipSetDevice",2659034,2659034,9242,3219595937117768,3219595937117827
"HIP_RUNTIME_API_EXT","hipMalloc",2659034,2659034,9243,3219595937118218,3219595937119599
"HIP_RUNTIME_API_EXT","hipSetDevice",2659034,2659034,9244,3219595937120106,3219595937120162
"HIP_RUNTIME_API_EXT","hipLaunchKernel",2659034,2659034,9245,3219595937120672,3219595937133412
"HIP_RUNTIME_API_EXT","hipGetLastError",2659034,2659034,9246,3219595937133856,3219595937133900
"HIP_RUNTIME_API_EXT","hipSetDevice",2659034,2659034,9247,3219595937134896,3219595937134963
"HIP_RUNTIME_API_EXT","hipLaunchKernel",2659034,2659034,9248,3219595937135533,3219595937139156
"HIP_RUNTIME_API_EXT","hipGetLastError",2659034,2659034,9249,3219595937139620,3219595937139663
"HIP_RUNTIME_API_EXT","hipSetDevice",2659034,2659034,9250,3219595937140366,3219595937140428
"HIP_RUNTIME_API_EXT","hipMalloc",2659034,2659034,9251,3219595937140758,3219595937143886
"HIP_RUNTIME_API_EXT","hipSetDevice",2659034,2659034,9252,3219595937144309,3219595937144368
"HIP_RUNTIME_API_EXT","hipLaunchKernel",2659034,2659034,9253,3219595937145042,3219595937149321
"HIP_RUNTIME_API_EXT","hipGetLastError",2659034,2659034,9254,3219595937149828,3219595937149872
"HIP_RUNTIME_API_EXT","hipSetDevice",2659034,2659034,9255,3219595937150828,3219595937150891
"HIP_RUNTIME_API_EXT","hipMalloc",2659034,2659034,9256,3219595937151286,3219595937152457
"HIP_RUNTIME_API_EXT","hipSetDevice",2659034,2659034,9257,3219595937152835,3219595937152892
"HIP_RUNTIME_API_EXT","hipLaunchKernel",2659034,2659034,9258,3219595937153508,3219595937158211
"HIP_RUNTIME_API_EXT","hipGetLastError",2659034,2659034,9259,3219595937158568,3219595937158617
"HIP_RUNTIME_API_EXT","hipSetDevice",2659034,2659034,9260,3219595937159264,3219595937159326
"HIP_RUNTIME_API_EXT","hipFree",2659034,2659034,9261,3219595937159695,3219595937182948
"HIP_RUNTIME_API_EXT","hipSetDevice",2659034,2659034,9262,3219595937183755,3219595937183813
"HIP_RUNTIME_API_EXT","hipFree",2659034,2659034,9263,3219595937184128,3219595937185128
"HIP_RUNTIME_API_EXT","hipSetDevice",2659034,2659034,9264,3219595937185578,3219595937185639
"HIP_RUNTIME_API_EXT","hipFree",2659034,2659034,9265,3219595937186418,3219595937187516
"HIP_RUNTIME_API_EXT","hipSetDevice",2659034,2659034,9266,3219595937187984,3219595937188039
"HIP_RUNTIME_API_EXT","hipFree",2659034,2659034,9267,3219595937188433,3219595937189630
"HIP_RUNTIME_API_EXT","hipSetDevice",2659034,2659034,9268,3219595937190072,3219595937190125
"HIP_RUNTIME_API_EXT","hipFree",2659034,2659034,9269,3219595937190422,3219595937191472
"HIP_RUNTIME_API_EXT","hipSetDevice",2659034,2659034,9270,3219595937191920,3219595937191975
"HIP_RUNTIME_API_EXT","hipFree",2659034,2659034,9271,3219595937192281,3219595937193308
"HIP_RUNTIME_API_EXT","hipSetDevice",2659034,2659034,9272,3219595937193732,3219595937193784
"HIP_RUNTIME_API_EXT","hipFree",2659034,2659034,9273,3219595937194112,3219595937194988
"HIP_RUNTIME_API_EXT","hipSetDevice",2659034,2659034,9274,3219595937195602,3219595937195655
"HIP_RUNTIME_API_EXT","hipMalloc",2659034,2659034,9275,3219595937196026,3219595937196849
"HIP_RUNTIME_API_EXT","hipSetDevice",2659034,2659034,9276,3219595937197371,3219595937197432
"HIP_RUNTIME_API_EXT","hipMalloc",2659034,2659034,9277,3219595937199383,3219595937200261
"HIP_RUNTIME_API_EXT","hipSetDevice",2659034,2659034,9278,3219595937200739,3219595937200792
"HIP_RUNTIME_API_EXT","hipLaunchKernel",2659034,2659034,9279,3219595937201375,3219595937205687
"HIP_RUNTIME_API_EXT","hipGetLastError",2659034,2659034,9280,3219595937206095,3219595937206147
"HIP_RUNTIME_API_EXT","hipSetDevice",2659034,2659034,9281,3219595937207100,3219595937207158
"HIP_RUNTIME_API_EXT","hipMalloc",2659034,2659034,9282,3219595937207484,3219595937208587
"HIP_RUNTIME_API_EXT","hipSetDevice",2659034,2659034,9283,3219595937208987,3219595937209039
"HIP_RUNTIME_API_EXT","hipLaunchKernel",2659034,2659034,9284,3219595937209567,3219595937213107
"HIP_RUNTIME_API_EXT","hipGetLastError",2659034,2659034,9285,3219595937213450,3219595937213494
"HIP_RUNTIME_API_EXT","hipSetDevice",2659034,2659034,9286,3219595937214393,3219595937214449
"HIP_RUNTIME_API_EXT","hipMalloc",2659034,2659034,9287,3219595937214786,3219595937216134
"HIP_RUNTIME_API_EXT","hipSetDevice",2659034,2659034,9288,3219595937216581,3219595937216634
"HIP_RUNTIME_API_EXT","hipLaunchKernel",2659034,2659034,9289,3219595937217219,3219595937220863
"HIP_RUNTIME_API_EXT","hipGetLastError",2659034,2659034,9290,3219595937221375,3219595937221420
"HIP_RUNTIME_API_EXT","hipSetDevice",2659034,2659034,9291,3219595937221935,3219595937221992
"HIP_RUNTIME_API_EXT","hipMalloc",2659034,2659034,9292,3219595937222439,3219595937223678
"HIP_RUNTIME_API_EXT","hipSetDevice",2659034,2659034,9293,3219595937224061,3219595937224121
"HIP_RUNTIME_API_EXT","hipLaunchKernel",2659034,2659034,9294,3219595937224740,3219595937230794
"HIP_RUNTIME_API_EXT","hipGetLastError",2659034,2659034,9295,3219595937231282,3219595937231326
"HIP_RUNTIME_API_EXT","hipSetDevice",2659034,2659034,9296,3219595937231717,3219595937231772
"HIP_RUNTIME_API_EXT","hipFree",2659034,2659034,9297,3219595937232249,3219595937245139
"HIP_RUNTIME_API_EXT","hipSetDevice",2659034,2659034,9298,3219595937245527,3219595937245585
"HIP_RUNTIME_API_EXT","hipFree",2659034,2659034,9299,3219595937246081,3219595937247058
"HIP_RUNTIME_API_EXT","hipSetDevice",2659034,2659034,9300,3219595937247583,3219595937247641
"HIP_RUNTIME_API_EXT","hipMalloc",2659034,2659034,9301,3219595937248105,3219595937249321
"HIP_RUNTIME_API_EXT","hipSetDevice",2659034,2659034,9302,3219595937249791,3219595937249850
"HIP_RUNTIME_API_EXT","hipLaunchKernel",2659034,2659034,9303,3219595937250430,3219595937253919
"HIP_RUNTIME_API_EXT","hipGetLastError",2659034,2659034,9304,3219595937254269,3219595937254318
"HIP_RUNTIME_API_EXT","hipSetDevice",2659034,2659034,9305,3219595937254753,3219595937254816
"HIP_RUNTIME_API_EXT","hipFree",2659034,2659034,9306,3219595937255226,3219595937280718
"HIP_RUNTIME_API_EXT","hipSetDevice",2659034,2659034,9307,3219595937281611,3219595937281672
"HIP_RUNTIME_API_EXT","hipMalloc",2659034,2659034,9308,3219595937282031,3219595937282755
"HIP_RUNTIME_API_EXT","hipSetDevice",2659034,2659034,9309,3219595937283247,3219595937283302
"HIP_RUNTIME_API_EXT","hipLaunchKernel",2659034,2659034,9310,3219595937284018,3219595937287345
"HIP_RUNTIME_API_EXT","hipGetLastError",2659034,2659034,9311,3219595937287769,3219595937287814
"HIP_RUNTIME_API_EXT","hipSetDevice",2659034,2659034,9312,3219595937288201,3219595937288261
"HIP_RUNTIME_API_EXT","hipFree",2659034,2659034,9313,3219595937288590,3219595937299541
"HIP_RUNTIME_API_EXT","hipSetDevice",2659034,2659034,9314,3219595937299910,3219595937299967
"HIP_RUNTIME_API_EXT","hipFree",2659034,2659034,9315,3219595937300519,3219595937301438
"HIP_RUNTIME_API_EXT","hipSetDevice",2659034,2659034,9316,3219595937301803,3219595937301858
"HIP_RUNTIME_API_EXT","hipFree",2659034,2659034,9317,3219595937302191,3219595937303264
"HIP_RUNTIME_API_EXT","hipSetDevice",2659034,2659034,9318,3219595937303704,3219595937303760
"HIP_RUNTIME_API_EXT","hipFree",2659034,2659034,9319,3219595937304096,3219595937305098
"HIP_RUNTIME_API_EXT","hipSetDevice",2659034,2659034,9320,3219595937305468,3219595937305524
"HIP_RUNTIME_API_EXT","hipFree",2659034,2659034,9321,3219595937305840,3219595937306926
"HIP_RUNTIME_API_EXT","hipSetDevice",2659034,2659034,9322,3219595937307553,3219595937307608
"HIP_RUNTIME_API_EXT","hipMalloc",2659034,2659034,9323,3219595937307930,3219595937308890
"HIP_RUNTIME_API_EXT","hipSetDevice",2659034,2659034,9324,3219595937309272,3219595937309328
"HIP_RUNTIME_API_EXT","hipLaunchKernel",2659034,2659034,9325,3219595937309973,3219595937313726
"HIP_RUNTIME_API_EXT","hipGetLastError",2659034,2659034,9326,3219595937314193,3219595937314236
"HIP_RUNTIME_API_EXT","hipSetDevice",2659034,2659034,9327,3219595937315226,3219595937315287
"HIP_RUNTIME_API_EXT","hipMalloc",2659034,2659034,9328,3219595937315666,3219595937316700
"HIP_RUNTIME_API_EXT","hipSetDevice",2659034,2659034,9329,3219595937317146,3219595937317200
"HIP_RUNTIME_API_EXT","hipLaunchKernel",2659034,2659034,9330,3219595937317786,3219595937321323
"HIP_RUNTIME_API_EXT","hipGetLastError",2659034,2659034,9331,3219595937322062,3219595937322106
"HIP_RUNTIME_API_EXT","hipSetDevice",2659034,2659034,9332,3219595937322871,3219595937322929
"HIP_RUNTIME_API_EXT","hipMalloc",2659034,2659034,9333,3219595937323532,3219595937324753
"HIP_RUNTIME_API_EXT","hipSetDevice",2659034,2659034,9334,3219595937325218,3219595937325274
"HIP_RUNTIME_API_EXT","hipLaunchKernel",2659034,2659034,9335,3219595937325805,3219595937329453
"HIP_RUNTIME_API_EXT","hipGetLastError",2659034,2659034,9336,3219595937329906,3219595937329956
"HIP_RUNTIME_API_EXT","hipSetDevice",2659034,2659034,9337,3219595937330679,3219595937330739
"HIP_RUNTIME_API_EXT","hipMalloc",2659034,2659034,9338,3219595937331082,3219595937332237
"HIP_RUNTIME_API_EXT","hipSetDevice",2659034,2659034,9339,3219595937332611,3219595937332667
"HIP_RUNTIME_API_EXT","hipLaunchKernel",2659034,2659034,9340,3219595937333236,3219595937338920
"HIP_RUNTIME_API_EXT","hipGetLastError",2659034,2659034,9341,3219595937339380,3219595937339480
"HIP_RUNTIME_API_EXT","hipSetDevice",2659034,2659034,9342,3219595937340701,3219595937340759
"HIP_RUNTIME_API_EXT","hipMalloc",2659034,2659034,9343,3219595937341093,3219595937342305
"HIP_RUNTIME_API_EXT","hipSetDevice",2659034,2659034,9344,3219595937342723,3219595937342776
"HIP_RUNTIME_API_EXT","hipLaunchKernel",2659034,2659034,9345,3219595937343391,3219595937347599
"HIP_RUNTIME_API_EXT","hipGetLastError",2659034,2659034,9346,3219595937348098,3219595937348140
"HIP_RUNTIME_API_EXT","hipSetDevice",2659034,2659034,9347,3219595937348686,3219595937348743
"HIP_RUNTIME_API_EXT","hipMalloc",2659034,2659034,9348,3219595937349102,3219595937350247
"HIP_RUNTIME_API_EXT","hipSetDevice",2659034,2659034,9349,3219595937350653,3219595937350707
"HIP_RUNTIME_API_EXT","hipLaunchKernel",2659034,2659034,9350,3219595937351278,3219595937355240
"HIP_RUNTIME_API_EXT","hipGetLastError",2659034,2659034,9351,3219595937355717,3219595937355757
"HIP_RUNTIME_API_EXT","hipSetDevice",2659034,2659034,9352,3219595937356958,3219595937357020
"HIP_RUNTIME_API_EXT","hipLaunchKernel",2659034,2659034,9353,3219595937357533,3219595937361753
"HIP_RUNTIME_API_EXT","hipGetLastError",2659034,2659034,9354,3219595937362246,3219595937362296
"HIP_RUNTIME_API_EXT","hipSetDevice",2659034,2659034,9355,3219595937362909,3219595937362967
"HIP_RUNTIME_API_EXT","hipMalloc",2659034,2659034,9356,3219595937363645,3219595937365035
"HIP_RUNTIME_API_EXT","hipSetDevice",2659034,2659034,9357,3219595937365452,3219595937365509
"HIP_RUNTIME_API_EXT","hipLaunchKernel",2659034,2659034,9358,3219595937366126,3219595937369770
"HIP_RUNTIME_API_EXT","hipGetLastError",2659034,2659034,9359,3219595937370298,3219595937370339
"HIP_RUNTIME_API_EXT","hipSetDevice",2659034,2659034,9360,3219595937371315,3219595937371373
"HIP_RUNTIME_API_EXT","hipMalloc",2659034,2659034,9361,3219595937371733,3219595937372896
"HIP_RUNTIME_API_EXT","hipSetDevice",2659034,2659034,9362,3219595937373309,3219595937373366
"HIP_RUNTIME_API_EXT","hipLaunchKernel",2659034,2659034,9363,3219595937373886,3219595937377269
"HIP_RUNTIME_API_EXT","hipGetLastError",2659034,2659034,9364,3219595937377758,3219595937377807
"HIP_RUNTIME_API_EXT","hipSetDevice",2659034,2659034,9365,3219595937378420,3219595937378476
"HIP_RUNTIME_API_EXT","hipFree",2659034,2659034,9366,3219595937378821,3219595937400064
"HIP_RUNTIME_API_EXT","hipSetDevice",2659034,2659034,9367,3219595937400603,3219595937400659
"HIP_RUNTIME_API_EXT","hipFree",2659034,2659034,9368,3219595937400979,3219595937402149
"HIP_RUNTIME_API_EXT","hipSetDevice",2659034,2659034,9369,3219595937402512,3219595937402565
"HIP_RUNTIME_API_EXT","hipFree",2659034,2659034,9370,3219595937402888,3219595937403861
"HIP_RUNTIME_API_EXT","hipSetDevice",2659034,2659034,9371,3219595937404245,3219595937404303
"HIP_RUNTIME_API_EXT","hipFree",2659034,2659034,9372,3219595937404628,3219595937405820
"HIP_RUNTIME_API_EXT","hipSetDevice",2659034,2659034,9373,3219595937406172,3219595937406226
"HIP_RUNTIME_API_EXT","hipFree",2659034,2659034,9374,3219595937406543,3219595937407615
"HIP_RUNTIME_API_EXT","hipSetDevice",2659034,2659034,9375,3219595937408051,3219595937408106
"HIP_RUNTIME_API_EXT","hipFree",2659034,2659034,9376,3219595937408419,3219595937409425
"HIP_RUNTIME_API_EXT","hipSetDevice",2659034,2659034,9377,3219595937409832,3219595937409884
"HIP_RUNTIME_API_EXT","hipFree",2659034,2659034,9378,3219595937410193,3219595937411105
"HIP_RUNTIME_API_EXT","hipSetDevice",2659034,2659034,9379,3219595937411551,3219595937411603
"HIP_RUNTIME_API_EXT","hipMalloc",2659034,2659034,9380,3219595937413333,3219595937414242
"HIP_RUNTIME_API_EXT","hipSetDevice",2659034,2659034,9381,3219595937414898,3219595937414953
"HIP_RUNTIME_API_EXT","hipMalloc",2659034,2659034,9382,3219595937415359,3219595937416095
"HIP_RUNTIME_API_EXT","hipSetDevice",2659034,2659034,9383,3219595937416537,3219595937416592
"HIP_RUNTIME_API_EXT","hipLaunchKernel",2659034,2659034,9384,3219595937417145,3219595937421385
"HIP_RUNTIME_API_EXT","hipGetLastError",2659034,2659034,9385,3219595937421865,3219595937421908
"HIP_RUNTIME_API_EXT","hipSetDevice",2659034,2659034,9386,3219595937422847,3219595937422905
"HIP_RUNTIME_API_EXT","hipMalloc",2659034,2659034,9387,3219595937423293,3219595937424261
"HIP_RUNTIME_API_EXT","hipSetDevice",2659034,2659034,9388,3219595937424731,3219595937424805
"HIP_RUNTIME_API_EXT","hipLaunchKernel",2659034,2659034,9389,3219595937425371,3219595937428986
"HIP_RUNTIME_API_EXT","hipGetLastError",2659034,2659034,9390,3219595937430370,3219595937430419
"HIP_RUNTIME_API_EXT","hipSetDevice",2659034,2659034,9391,3219595937431335,3219595937431396
"HIP_RUNTIME_API_EXT","hipMalloc",2659034,2659034,9392,3219595937431790,3219595937432948
"HIP_RUNTIME_API_EXT","hipSetDevice",2659034,2659034,9393,3219595937433391,3219595937433445
"HIP_RUNTIME_API_EXT","hipLaunchKernel",2659034,2659034,9394,3219595937434079,3219595937438112
"HIP_RUNTIME_API_EXT","hipGetLastError",2659034,2659034,9395,3219595937438630,3219595937438679
"HIP_RUNTIME_API_EXT","hipSetDevice",2659034,2659034,9396,3219595937439168,3219595937439223
"HIP_RUNTIME_API_EXT","hipMalloc",2659034,2659034,9397,3219595937439569,3219595937440683
"HIP_RUNTIME_API_EXT","hipSetDevice",2659034,2659034,9398,3219595937441146,3219595937441205
"HIP_RUNTIME_API_EXT","hipLaunchKernel",2659034,2659034,9399,3219595937441877,3219595937445950
"HIP_RUNTIME_API_EXT","hipGetLastError",2659034,2659034,9400,3219595937446395,3219595937446438
"HIP_RUNTIME_API_EXT","hipSetDevice",2659034,2659034,9401,3219595937446826,3219595937446889
"HIP_RUNTIME_API_EXT","hipFree",2659034,2659034,9402,3219595937447355,3219595937461393
"HIP_RUNTIME_API_EXT","hipSetDevice",2659034,2659034,9403,3219595937461759,3219595937461820
"HIP_RUNTIME_API_EXT","hipFree",2659034,2659034,9404,3219595937462442,3219595937463417
"HIP_RUNTIME_API_EXT","hipSetDevice",2659034,2659034,9405,3219595937464142,3219595937464202
"HIP_RUNTIME_API_EXT","hipMalloc",2659034,2659034,9406,3219595937464555,3219595937465312
"HIP_RUNTIME_API_EXT","hipSetDevice",2659034,2659034,9407,3219595937465899,3219595937465968
"HIP_RUNTIME_API_EXT","hipLaunchKernel",2659034,2659034,9408,3219595937466500,3219595937469960
"HIP_RUNTIME_API_EXT","hipGetLastError",2659034,2659034,9409,3219595937470577,3219595937470619
"HIP_RUNTIME_API_EXT","hipSetDevice",2659034,2659034,9410,3219595937471068,3219595937471124
"HIP_RUNTIME_API_EXT","hipFree",2659034,2659034,9411,3219595937471465,3219595937497071
"HIP_RUNTIME_API_EXT","hipSetDevice",2659034,2659034,9412,3219595937497740,3219595937497793
"HIP_RUNTIME_API_EXT","hipMalloc",2659034,2659034,9413,3219595937498119,3219595937499119
"HIP_RUNTIME_API_EXT","hipSetDevice",2659034,2659034,9414,3219595937499529,3219595937499589
"HIP_RUNTIME_API_EXT","hipLaunchKernel",2659034,2659034,9415,3219595937500112,3219595937503778
"HIP_RUNTIME_API_EXT","hipGetLastError",2659034,2659034,9416,3219595937504268,3219595937504311
"HIP_RUNTIME_API_EXT","hipSetDevice",2659034,2659034,9417,3219595937504798,3219595937504858
"HIP_RUNTIME_API_EXT","hipFree",2659034,2659034,9418,3219595937505276,3219595937516044
"HIP_RUNTIME_API_EXT","hipSetDevice",2659034,2659034,9419,3219595937516481,3219595937516542
"HIP_RUNTIME_API_EXT","hipFree",2659034,2659034,9420,3219595937516939,3219595937517869
"HIP_RUNTIME_API_EXT","hipSetDevice",2659034,2659034,9421,3219595937518220,3219595937518274
"HIP_RUNTIME_API_EXT","hipFree",2659034,2659034,9422,3219595937518597,3219595937519592
"HIP_RUNTIME_API_EXT","hipSetDevice",2659034,2659034,9423,3219595937519999,3219595937520054
"HIP_RUNTIME_API_EXT","hipFree",2659034,2659034,9424,3219595937520364,3219595937521678
"HIP_RUNTIME_API_EXT","hipSetDevice",2659034,2659034,9425,3219595937522024,3219595937522078
"HIP_RUNTIME_API_EXT","hipFree",2659034,2659034,9426,3219595937522440,3219595937523744
"HIP_RUNTIME_API_EXT","hipSetDevice",2659034,2659034,9427,3219595937524340,3219595937524396
"HIP_RUNTIME_API_EXT","hipMalloc",2659034,2659034,9428,3219595937524741,3219595937525594
"HIP_RUNTIME_API_EXT","hipSetDevice",2659034,2659034,9429,3219595937526050,3219595937526104
"HIP_RUNTIME_API_EXT","hipLaunchKernel",2659034,2659034,9430,3219595937526618,3219595937530182
"HIP_RUNTIME_API_EXT","hipGetLastError",2659034,2659034,9431,3219595937530677,3219595937530727
"HIP_RUNTIME_API_EXT","hipSetDevice",2659034,2659034,9432,3219595937531160,3219595937531223
"HIP_RUNTIME_API_EXT","hipFree",2659034,2659034,9433,3219595937531605,3219595937542710
"HIP_RUNTIME_API_EXT","hipSetDevice",2659034,2659034,9434,3219595937543645,3219595937543706
"HIP_RUNTIME_API_EXT","hipMalloc",2659034,2659034,9435,3219595937544103,3219595937544996
"HIP_RUNTIME_API_EXT","hipSetDevice",2659034,2659034,9436,3219595937545445,3219595937545500
"HIP_RUNTIME_API_EXT","hipLaunchKernel",2659034,2659034,9437,3219595937546066,3219595937549539
"HIP_RUNTIME_API_EXT","hipGetLastError",2659034,2659034,9438,3219595937550029,3219595937550079
"HIP_RUNTIME_API_EXT","hipSetDevice",2659034,2659034,9439,3219595937550766,3219595937550825
"HIP_RUNTIME_API_EXT","hipFree",2659034,2659034,9440,3219595937551172,3219595937568767
"HIP_RUNTIME_API_EXT","hipSetDevice",2659034,2659034,9441,3219595937569178,3219595937569235
"HIP_RUNTIME_API_EXT","hipFree",2659034,2659034,9442,3219595937569638,3219595937570718
"HIP_RUNTIME_API_EXT","hipSetDevice",2659034,2659034,9443,3219595937571107,3219595937571184
"HIP_RUNTIME_API_EXT","hipFree",2659034,2659034,9444,3219595937571614,3219595937572645
"HIP_RUNTIME_API_EXT","hipSetDevice",2659034,2659034,9445,3219595937573037,3219595937573091
"HIP_RUNTIME_API_EXT","hipFree",2659034,2659034,9446,3219595937573444,3219595937574391
"HIP_RUNTIME_API_EXT","hipSetDevice",2659034,2659034,9447,3219595937575154,3219595937575207
"HIP_RUNTIME_API_EXT","hipMemcpy",2659034,2659034,9448,3219595937575558,3219595937579600
"HIP_RUNTIME_API_EXT","hipSetDevice",2659034,2659034,9449,3219595937580092,3219595937580155
"HIP_RUNTIME_API_EXT","hipMemcpy",2659034,2659034,9450,3219595937580489,3219595937585185
"HIP_RUNTIME_API_EXT","hipSetDevice",2659034,2659034,9451,3219595937587698,3219595937587754
"HIP_RUNTIME_API_EXT","hipMemcpy",2659034,2659034,9452,3219595937588198,3219595937591638
"HIP_RUNTIME_API_EXT","hipSetDevice",2659034,2659034,9453,3219595937592890,3219595937592947
"HIP_RUNTIME_API_EXT","hipMemcpy",2659034,2659034,9454,3219595937593494,3219595937597461
"HIP_RUNTIME_API_EXT","hipSetDevice",2659034,2659034,9455,3219595937598384,3219595937598441
"HIP_RUNTIME_API_EXT","hipFree",2659034,2659034,9456,3219595937599525,3219595937610803
"HIP_RUNTIME_API_EXT","hipSetDevice",2659034,2659034,9457,3219595937611587,3219595937611650
"HIP_RUNTIME_API_EXT","hipMalloc",2659034,2659034,9458,3219595937612134,3219595937619357
"HIP_RUNTIME_API_EXT","hipSetDevice",2659034,2659034,9459,3219595937619996,3219595937620077
"HIP_RUNTIME_API_EXT","hipLaunchKernel",2659034,2659034,9460,3219595937620807,3219595937650679
"HIP_RUNTIME_API_EXT","hipGetLastError",2659034,2659034,9461,3219595937652277,3219595937652323
"HIP_RUNTIME_API_EXT","hipSetDevice",2659034,2659034,9462,3219595937652868,3219595937652930
"HIP_RUNTIME_API_EXT","hipMemcpy",2659034,2659034,9463,3219595937653275,3219595937678317
"HIP_RUNTIME_API_EXT","hipSetDevice",2659034,2659034,9464,3219595937678955,3219595937679017
"HIP_RUNTIME_API_EXT","hipFree",2659034,2659034,9465,3219595937679358,3219595937688121
"HIP_RUNTIME_API_EXT","hipSetDevice",2659034,2659034,9466,3219595937688947,3219595937689001
"HIP_RUNTIME_API_EXT","hipLaunchKernel",2659034,2659034,9467,3219595937689597,3219595937693324
"HIP_RUNTIME_API_EXT","hipGetLastError",2659034,2659034,9468,3219595937693725,3219595937693770
"HIP_RUNTIME_API_EXT","hipSetDevice",2659034,2659034,9469,3219595937694583,3219595937694637
"HIP_RUNTIME_API_EXT","hipLaunchKernel",2659034,2659034,9470,3219595937695344,3219595937698823
"HIP_RUNTIME_API_EXT","hipGetLastError",2659034,2659034,9471,3219595937699263,3219595937699308
"HIP_RUNTIME_API_EXT","hipSetDevice",2659034,2659034,9472,3219595937699883,3219595937699939
"HIP_RUNTIME_API_EXT","hipLaunchKernel",2659034,2659034,9473,3219595937700775,3219595937704655
"HIP_RUNTIME_API_EXT","hipGetLastError",2659034,2659034,9474,3219595937705007,3219595937705049
"HIP_RUNTIME_API_EXT","hipSetDevice",2659034,2659034,9475,3219595937705651,3219595937705705
"HIP_RUNTIME_API_EXT","hipLaunchKernel",2659034,2659034,9476,3219595937706353,3219595937709889
"HIP_RUNTIME_API_EXT","hipGetLastError",2659034,2659034,9477,3219595937710392,3219595937710434
"HIP_RUNTIME_API_EXT","hipSetDevice",2659034,2659034,9478,3219595937711629,3219595937711686
"HIP_RUNTIME_API_EXT","hipLaunchKernel",2659034,2659034,9479,3219595937712385,3219595937716314
"HIP_RUNTIME_API_EXT","hipGetLastError",2659034,2659034,9480,3219595937716689,3219595937716731
"HIP_RUNTIME_API_EXT","hipSetDevice",2659034,2659034,9481,3219595937717296,3219595937717349
"HIP_RUNTIME_API_EXT","hipLaunchKernel",2659034,2659034,9482,3219595937717885,3219595937721515
"HIP_RUNTIME_API_EXT","hipGetLastError",2659034,2659034,9483,3219595937722032,3219595937722074
"HIP_RUNTIME_API_EXT","hipSetDevice",2659034,2659034,9484,3219595937722589,3219595937722642
"HIP_RUNTIME_API_EXT","hipLaunchKernel",2659034,2659034,9485,3219595937723454,3219595937727210
"HIP_RUNTIME_API_EXT","hipGetLastError",2659034,2659034,9486,3219595937727564,3219595937727605
"HIP_RUNTIME_API_EXT","hipSetDevice",2659034,2659034,9487,3219595937728271,3219595937728323
"HIP_RUNTIME_API_EXT","hipLaunchKernel",2659034,2659034,9488,3219595937728879,3219595937732874
"HIP_RUNTIME_API_EXT","hipGetLastError",2659034,2659034,9489,3219595937733236,3219595937733280
"HIP_RUNTIME_API_EXT","hipSetDevice",2659034,2659034,9490,3219595937735127,3219595937735185
"HIP_RUNTIME_API_EXT","hipMalloc",2659034,2659034,9491,3219595937735722,3219595937736862
"HIP_RUNTIME_API_EXT","hipSetDevice",2659034,2659034,9492,3219595937737277,3219595937737332
"HIP_RUNTIME_API_EXT","hipMemcpy",2659034,2659034,9493,3219595937737676,3219595937754925
"HIP_RUNTIME_API_EXT","hipSetDevice",2659034,2659034,9494,3219595937755996,3219595937756054
"HIP_RUNTIME_API_EXT","hipMalloc",2659034,2659034,9495,3219595937756498,3219595937757633
"HIP_RUNTIME_API_EXT","hipSetDevice",2659034,2659034,9496,3219595937758069,3219595937758129
"HIP_RUNTIME_API_EXT","hipMemcpy",2659034,2659034,9497,3219595937758540,3219595937775162
"HIP_RUNTIME_API_EXT","hipSetDevice",2659034,2659034,9498,3219595937775943,3219595937776002
"HIP_RUNTIME_API_EXT","hipMalloc",2659034,2659034,9499,3219595937776522,3219595937778006
"HIP_RUNTIME_API_EXT","hipSetDevice",2659034,2659034,9500,3219595937778522,3219595937778576
"HIP_RUNTIME_API_EXT","hipMemcpy",2659034,2659034,9501,3219595937779277,3219595937796154
"HIP_RUNTIME_API_EXT","hipSetDevice",2659034,2659034,9502,3219595937797107,3219595937797169
"HIP_RUNTIME_API_EXT","hipMalloc",2659034,2659034,9503,3219595937797658,3219595937799099
"HIP_RUNTIME_API_EXT","hipSetDevice",2659034,2659034,9504,3219595937799538,3219595937799600
"HIP_RUNTIME_API_EXT","hipLaunchKernel",2659034,2659034,9505,3219595937800370,3219595937807818
"HIP_RUNTIME_API_EXT","hipGetLastError",2659034,2659034,9506,3219595937808297,3219595937808344
"HIP_RUNTIME_API_EXT","hipSetDevice",2659034,2659034,9507,3219595937808891,3219595937808949
"HIP_RUNTIME_API_EXT","hipMalloc",2659034,2659034,9508,3219595937809286,3219595937810457
"HIP_RUNTIME_API_EXT","hipSetDevice",2659034,2659034,9509,3219595937810835,3219595937810891
"HIP_RUNTIME_API_EXT","hipLaunchKernel",2659034,2659034,9510,3219595937811408,3219595937820304
"HIP_RUNTIME_API_EXT","hipGetLastError",2659034,2659034,9511,3219595937820645,3219595937820688
"HIP_RUNTIME_API_EXT","hipSetDevice",2659034,2659034,9512,3219595937821445,3219595937821506
"HIP_RUNTIME_API_EXT","hipMalloc",2659034,2659034,9513,3219595937821842,3219595937822926
"HIP_RUNTIME_API_EXT","hipSetDevice",2659034,2659034,9514,3219595937823305,3219595937823361
"HIP_RUNTIME_API_EXT","hipLaunchKernel",2659034,2659034,9515,3219595937823953,3219595937835755
"HIP_RUNTIME_API_EXT","hipGetLastError",2659034,2659034,9516,3219595937836234,3219595937836339
"HIP_RUNTIME_API_EXT","hipSetDevice",2659034,2659034,9517,3219595937837225,3219595937837313
"HIP_RUNTIME_API_EXT","hipMalloc",2659034,2659034,9518,3219595937837876,3219595937839229
"HIP_RUNTIME_API_EXT","hipSetDevice",2659034,2659034,9519,3219595937839688,3219595937839742
"HIP_RUNTIME_API_EXT","hipLaunchKernel",2659034,2659034,9520,3219595937840508,3219595937845395
"HIP_RUNTIME_API_EXT","hipGetLastError",2659034,2659034,9521,3219595937845926,3219595937845969
"HIP_RUNTIME_API_EXT","hipSetDevice",2659034,2659034,9522,3219595937846711,3219595937846768
"HIP_RUNTIME_API_EXT","hipMalloc",2659034,2659034,9523,3219595937847213,3219595937848300
"HIP_RUNTIME_API_EXT","hipSetDevice",2659034,2659034,9524,3219595937848862,3219595937848918
"HIP_RUNTIME_API_EXT","hipLaunchKernel",2659034,2659034,9525,3219595937849708,3219595937853929
"HIP_RUNTIME_API_EXT","hipGetLastError",2659034,2659034,9526,3219595937854321,3219595937854365
"HIP_RUNTIME_API_EXT","hipSetDevice",2659034,2659034,9527,3219595937855742,3219595937855805
"HIP_RUNTIME_API_EXT","hipMalloc",2659034,2659034,9528,3219595937856148,3219595937857663
"HIP_RUNTIME_API_EXT","hipSetDevice",2659034,2659034,9529,3219595937858116,3219595937858181
"HIP_RUNTIME_API_EXT","hipLaunchKernel",2659034,2659034,9530,3219595937858782,3219595937866381
"HIP_RUNTIME_API_EXT","hipGetLastError",2659034,2659034,9531,3219595937867151,3219595937867195
"HIP_RUNTIME_API_EXT","hipSetDevice",2659034,2659034,9532,3219595937867972,3219595937868028
"HIP_RUNTIME_API_EXT","hipMalloc",2659034,2659034,9533,3219595937869752,3219595937870990
"HIP_RUNTIME_API_EXT","hipSetDevice",2659034,2659034,9534,3219595937871431,3219595937871487
"HIP_RUNTIME_API_EXT","hipLaunchKernel",2659034,2659034,9535,3219595937872133,3219595937876262
"HIP_RUNTIME_API_EXT","hipGetLastError",2659034,2659034,9536,3219595937876811,3219595937876855
"HIP_RUNTIME_API_EXT","hipSetDevice",2659034,2659034,9537,3219595937878020,3219595937878079
"HIP_RUNTIME_API_EXT","hipLaunchKernel",2659034,2659034,9538,3219595937878632,3219595937882272
"HIP_RUNTIME_API_EXT","hipGetLastError",2659034,2659034,9539,3219595937882817,3219595937882862
"HIP_RUNTIME_API_EXT","hipSetDevice",2659034,2659034,9540,3219595937883505,3219595937883561
"HIP_RUNTIME_API_EXT","hipMalloc",2659034,2659034,9541,3219595937883886,3219595937886142
"HIP_RUNTIME_API_EXT","hipSetDevice",2659034,2659034,9542,3219595937886617,3219595937886682
"HIP_RUNTIME_API_EXT","hipLaunchKernel",2659034,2659034,9543,3219595937887375,3219595937891672
"HIP_RUNTIME_API_EXT","hipGetLastError",2659034,2659034,9544,3219595937892120,3219595937892221
"HIP_RUNTIME_API_EXT","hipSetDevice",2659034,2659034,9545,3219595937893315,3219595937893378
"HIP_RUNTIME_API_EXT","hipMalloc",2659034,2659034,9546,3219595937893833,3219595937895081
"HIP_RUNTIME_API_EXT","hipSetDevice",2659034,2659034,9547,3219595937895604,3219595937895659
"HIP_RUNTIME_API_EXT","hipLaunchKernel",2659034,2659034,9548,3219595937896355,3219595937901258
"HIP_RUNTIME_API_EXT","hipGetLastError",2659034,2659034,9549,3219595937901614,3219595937901657
"HIP_RUNTIME_API_EXT","hipSetDevice",2659034,2659034,9550,3219595937902227,3219595937902289
"HIP_RUNTIME_API_EXT","hipFree",2659034,2659034,9551,3219595937902656,3219595937927268
"HIP_RUNTIME_API_EXT","hipSetDevice",2659034,2659034,9552,3219595937927830,3219595937927886
"HIP_RUNTIME_API_EXT","hipFree",2659034,2659034,9553,3219595937928206,3219595937929308
"HIP_RUNTIME_API_EXT","hipSetDevice",2659034,2659034,9554,3219595937929690,3219595937929744
"HIP_RUNTIME_API_EXT","hipFree",2659034,2659034,9555,3219595937930176,3219595937931364
"HIP_RUNTIME_API_EXT","hipSetDevice",2659034,2659034,9556,3219595937931769,3219595937931823
"HIP_RUNTIME_API_EXT","hipFree",2659034,2659034,9557,3219595937932137,3219595937933574
"HIP_RUNTIME_API_EXT","hipSetDevice",2659034,2659034,9558,3219595937933914,3219595937933969
"HIP_RUNTIME_API_EXT","hipFree",2659034,2659034,9559,3219595937934317,3219595937935283
"HIP_RUNTIME_API_EXT","hipSetDevice",2659034,2659034,9560,3219595937935638,3219595937935696
"HIP_RUNTIME_API_EXT","hipFree",2659034,2659034,9561,3219595937935998,3219595937937085
"HIP_RUNTIME_API_EXT","hipSetDevice",2659034,2659034,9562,3219595937937457,3219595937937515
"HIP_RUNTIME_API_EXT","hipFree",2659034,2659034,9563,3219595937937838,3219595937938700
"HIP_RUNTIME_API_EXT","hipSetDevice",2659034,2659034,9564,3219595937939177,3219595937939254
"HIP_RUNTIME_API_EXT","hipMalloc",2659034,2659034,9565,3219595937939617,3219595937940551
"HIP_RUNTIME_API_EXT","hipSetDevice",2659034,2659034,9566,3219595937940979,3219595937941033
"HIP_RUNTIME_API_EXT","hipMalloc",2659034,2659034,9567,3219595937942782,3219595937943878
"HIP_RUNTIME_API_EXT","hipSetDevice",2659034,2659034,9568,3219595937944392,3219595937944448
"HIP_RUNTIME_API_EXT","hipLaunchKernel",2659034,2659034,9569,3219595937945014,3219595937949647
"HIP_RUNTIME_API_EXT","hipGetLastError",2659034,2659034,9570,3219595937950127,3219595937950176
"HIP_RUNTIME_API_EXT","hipSetDevice",2659034,2659034,9571,3219595937951124,3219595937951185
"HIP_RUNTIME_API_EXT","hipMalloc",2659034,2659034,9572,3219595937951544,3219595937952781
"HIP_RUNTIME_API_EXT","hipSetDevice",2659034,2659034,9573,3219595937953163,3219595937953220
"HIP_RUNTIME_API_EXT","hipLaunchKernel",2659034,2659034,9574,3219595937953717,3219595937957347
"HIP_RUNTIME_API_EXT","hipGetLastError",2659034,2659034,9575,3219595937957821,3219595937957864
"HIP_RUNTIME_API_EXT","hipSetDevice",2659034,2659034,9576,3219595937958945,3219595937959004
"HIP_RUNTIME_API_EXT","hipMalloc",2659034,2659034,9577,3219595937959347,3219595937960542
"HIP_RUNTIME_API_EXT","hipSetDevice",2659034,2659034,9578,3219595937960897,3219595937960954
"HIP_RUNTIME_API_EXT","hipLaunchKernel",2659034,2659034,9579,3219595937961767,3219595937965819
"HIP_RUNTIME_API_EXT","hipGetLastError",2659034,2659034,9580,3219595937966330,3219595937966423
"HIP_RUNTIME_API_EXT","hipSetDevice",2659034,2659034,9581,3219595937966991,3219595937967051
"HIP_RUNTIME_API_EXT","hipMalloc",2659034,2659034,9582,3219595937967380,3219595937968270
"HIP_RUNTIME_API_EXT","hipSetDevice",2659034,2659034,9583,3219595937968739,3219595937968794
"HIP_RUNTIME_API_EXT","hipLaunchKernel",2659034,2659034,9584,3219595937969400,3219595937973620
"HIP_RUNTIME_API_EXT","hipGetLastError",2659034,2659034,9585,3219595937974098,3219595937974142
"HIP_RUNTIME_API_EXT","hipSetDevice",2659034,2659034,9586,3219595937974480,3219595937974534
"HIP_RUNTIME_API_EXT","hipFree",2659034,2659034,9587,3219595937974881,3219595937989270
"HIP_RUNTIME_API_EXT","hipSetDevice",2659034,2659034,9588,3219595937989636,3219595937989694
"HIP_RUNTIME_API_EXT","hipFree",2659034,2659034,9589,3219595937990367,3219595937991283
"HIP_RUNTIME_API_EXT","hipSetDevice",2659034,2659034,9590,3219595937991977,3219595937992037
"HIP_RUNTIME_API_EXT","hipMalloc",2659034,2659034,9591,3219595937992438,3219595937993261
"HIP_RUNTIME_API_EXT","hipSetDevice",2659034,2659034,9592,3219595937993652,3219595937993714
"HIP_RUNTIME_API_EXT","hipLaunchKernel",2659034,2659034,9593,3219595937994330,3219595937997797
"HIP_RUNTIME_API_EXT","hipGetLastError",2659034,2659034,9594,3219595937998221,3219595937998318
"HIP_RUNTIME_API_EXT","hipSetDevice",2659034,2659034,9595,3219595937998763,3219595937998819
"HIP_RUNTIME_API_EXT","hipFree",2659034,2659034,9596,3219595937999234,3219595938024105
"HIP_RUNTIME_API_EXT","hipSetDevice",2659034,2659034,9597,3219595938024967,3219595938025021
"HIP_RUNTIME_API_EXT","hipMalloc",2659034,2659034,9598,3219595938025353,3219595938026157
"HIP_RUNTIME_API_EXT","hipSetDevice",2659034,2659034,9599,3219595938026617,3219595938026676
"HIP_RUNTIME_API_EXT","hipLaunchKernel",2659034,2659034,9600,3219595938027306,3219595938030896
"HIP_RUNTIME_API_EXT","hipGetLastError",2659034,2659034,9601,3219595938031584,3219595938031627
"HIP_RUNTIME_API_EXT","hipSetDevice",2659034,2659034,9602,3219595938031987,3219595938032044
"HIP_RUNTIME_API_EXT","hipFree",2659034,2659034,9603,3219595938032418,3219595938043250
"HIP_RUNTIME_API_EXT","hipSetDevice",2659034,2659034,9604,3219595938043601,3219595938043663
"HIP_RUNTIME_API_EXT","hipFree",2659034,2659034,9605,3219595938044278,3219595938045259
"HIP_RUNTIME_API_EXT","hipSetDevice",2659034,2659034,9606,3219595938045612,3219595938045666
"HIP_RUNTIME_API_EXT","hipFree",2659034,2659034,9607,3219595938045976,3219595938046915
"HIP_RUNTIME_API_EXT","hipSetDevice",2659034,2659034,9608,3219595938047270,3219595938047328
"HIP_RUNTIME_API_EXT","hipFree",2659034,2659034,9609,3219595938047652,3219595938048594
"HIP_RUNTIME_API_EXT","hipSetDevice",2659034,2659034,9610,3219595938048971,3219595938049026
"HIP_RUNTIME_API_EXT","hipFree",2659034,2659034,9611,3219595938049435,3219595938050623
"HIP_RUNTIME_API_EXT","hipSetDevice",2659034,2659034,9612,3219595938051113,3219595938051165
"HIP_RUNTIME_API_EXT","hipMalloc",2659034,2659034,9613,3219595938051579,3219595938052320
"HIP_RUNTIME_API_EXT","hipSetDevice",2659034,2659034,9614,3219595938052843,3219595938052897
"HIP_RUNTIME_API_EXT","hipLaunchKernel",2659034,2659034,9615,3219595938053471,3219595938057587
"HIP_RUNTIME_API_EXT","hipGetLastError",2659034,2659034,9616,3219595938057993,3219595938058037
"HIP_RUNTIME_API_EXT","hipSetDevice",2659034,2659034,9617,3219595938058726,3219595938058784
"HIP_RUNTIME_API_EXT","hipMalloc",2659034,2659034,9618,3219595938059216,3219595938060214
"HIP_RUNTIME_API_EXT","hipSetDevice",2659034,2659034,9619,3219595938060653,3219595938060706
"HIP_RUNTIME_API_EXT","hipLaunchKernel",2659034,2659034,9620,3219595938061257,3219595938064426
"HIP_RUNTIME_API_EXT","hipGetLastError",2659034,2659034,9621,3219595938064906,3219595938064950
"HIP_RUNTIME_API_EXT","hipSetDevice",2659034,2659034,9622,3219595938066651,3219595938066708
"HIP_RUNTIME_API_EXT","hipMalloc",2659034,2659034,9623,3219595938067113,3219595938068093
"HIP_RUNTIME_API_EXT","hipSetDevice",2659034,2659034,9624,3219595938068562,3219595938068614
"HIP_RUNTIME_API_EXT","hipLaunchKernel",2659034,2659034,9625,3219595938069163,3219595938073173
"HIP_RUNTIME_API_EXT","hipGetLastError",2659034,2659034,9626,3219595938073537,3219595938073581
"HIP_RUNTIME_API_EXT","hipSetDevice",2659034,2659034,9627,3219595938074473,3219595938074527
"HIP_RUNTIME_API_EXT","hipMalloc",2659034,2659034,9628,3219595938074857,3219595938076024
"HIP_RUNTIME_API_EXT","hipSetDevice",2659034,2659034,9629,3219595938076387,3219595938076443
"HIP_RUNTIME_API_EXT","hipLaunchKernel",2659034,2659034,9630,3219595938076950,3219595938081044
"HIP_RUNTIME_API_EXT","hipGetLastError",2659034,2659034,9631,3219595938081408,3219595938081452
"HIP_RUNTIME_API_EXT","hipSetDevice",2659034,2659034,9632,3219595938082651,3219595938082709
"HIP_RUNTIME_API_EXT","hipMalloc",2659034,2659034,9633,3219595938083033,3219595938084266
"HIP_RUNTIME_API_EXT","hipSetDevice",2659034,2659034,9634,3219595938084700,3219595938084757
"HIP_RUNTIME_API_EXT","hipLaunchKernel",2659034,2659034,9635,3219595938085293,3219595938098165
"HIP_RUNTIME_API_EXT","hipGetLastError",2659034,2659034,9636,3219595938098682,3219595938098733
"HIP_RUNTIME_API_EXT","hipSetDevice",2659034,2659034,9637,3219595938099317,3219595938099374
"HIP_RUNTIME_API_EXT","hipMalloc",2659034,2659034,9638,3219595938099893,3219595938101207
"HIP_RUNTIME_API_EXT","hipSetDevice",2659034,2659034,9639,3219595938101618,3219595938101672
"HIP_RUNTIME_API_EXT","hipLaunchKernel",2659034,2659034,9640,3219595938102178,3219595938105542
"HIP_RUNTIME_API_EXT","hipGetLastError",2659034,2659034,9641,3219595938105905,3219595938105948
"HIP_RUNTIME_API_EXT","hipSetDevice",2659034,2659034,9642,3219595938107298,3219595938107355
"HIP_RUNTIME_API_EXT","hipLaunchKernel",2659034,2659034,9643,3219595938107875,3219595938111515
"HIP_RUNTIME_API_EXT","hipGetLastError",2659034,2659034,9644,3219595938111993,3219595938112036
"HIP_RUNTIME_API_EXT","hipSetDevice",2659034,2659034,9645,3219595938112772,3219595938112826
"HIP_RUNTIME_API_EXT","hipMalloc",2659034,2659034,9646,3219595938113220,3219595938114578
"HIP_RUNTIME_API_EXT","hipSetDevice",2659034,2659034,9647,3219595938114963,3219595938115025
"HIP_RUNTIME_API_EXT","hipLaunchKernel",2659034,2659034,9648,3219595938115557,3219595938120051
"HIP_RUNTIME_API_EXT","hipGetLastError",2659034,2659034,9649,3219595938120642,3219595938120685
"HIP_RUNTIME_API_EXT","hipSetDevice",2659034,2659034,9650,3219595938121859,3219595938121918
"HIP_RUNTIME_API_EXT","hipMalloc",2659034,2659034,9651,3219595938122336,3219595938123814
"HIP_RUNTIME_API_EXT","hipSetDevice",2659034,2659034,9652,3219595938124207,3219595938124259
"HIP_RUNTIME_API_EXT","hipLaunchKernel",2659034,2659034,9653,3219595938124783,3219595938128274
"HIP_RUNTIME_API_EXT","hipGetLastError",2659034,2659034,9654,3219595938128765,3219595938128809
"HIP_RUNTIME_API_EXT","hipSetDevice",2659034,2659034,9655,3219595938129372,3219595938129428
"HIP_RUNTIME_API_EXT","hipFree",2659034,2659034,9656,3219595938129897,3219595938150870
"HIP_RUNTIME_API_EXT","hipSetDevice",2659034,2659034,9657,3219595938151392,3219595938151445
"HIP_RUNTIME_API_EXT","hipFree",2659034,2659034,9658,3219595938151784,3219595938153038
"HIP_RUNTIME_API_EXT","hipSetDevice",2659034,2659034,9659,3219595938153404,3219595938153457
"HIP_RUNTIME_API_EXT","hipFree",2659034,2659034,9660,3219595938155174,3219595938156426
"HIP_RUNTIME_API_EXT","hipSetDevice",2659034,2659034,9661,3219595938156985,3219595938157041
"HIP_RUNTIME_API_EXT","hipFree",2659034,2659034,9662,3219595938157350,3219595938158497
"HIP_RUNTIME_API_EXT","hipSetDevice",2659034,2659034,9663,3219595938158848,3219595938158903
"HIP_RUNTIME_API_EXT","hipFree",2659034,2659034,9664,3219595938159213,3219595938160318
"HIP_RUNTIME_API_EXT","hipSetDevice",2659034,2659034,9665,3219595938160847,3219595938160905
"HIP_RUNTIME_API_EXT","hipFree",2659034,2659034,9666,3219595938161214,3219595938162165
"HIP_RUNTIME_API_EXT","hipSetDevice",2659034,2659034,9667,3219595938162562,3219595938162618
"HIP_RUNTIME_API_EXT","hipFree",2659034,2659034,9668,3219595938162914,3219595938163939
"HIP_RUNTIME_API_EXT","hipSetDevice",2659034,2659034,9669,3219595938164417,3219595938164477
"HIP_RUNTIME_API_EXT","hipMalloc",2659034,2659034,9670,3219595938164826,3219595938165631
"HIP_RUNTIME_API_EXT","hipSetDevice",2659034,2659034,9671,3219595938166245,3219595938166297
"HIP_RUNTIME_API_EXT","hipMalloc",2659034,2659034,9672,3219595938166665,3219595938167572
"HIP_RUNTIME_API_EXT","hipSetDevice",2659034,2659034,9673,3219595938167985,3219595938168038
"HIP_RUNTIME_API_EXT","hipLaunchKernel",2659034,2659034,9674,3219595938168613,3219595938172533
"HIP_RUNTIME_API_EXT","hipGetLastError",2659034,2659034,9675,3219595938173055,3219595938173103
"HIP_RUNTIME_API_EXT","hipSetDevice",2659034,2659034,9676,3219595938173918,3219595938173976
"HIP_RUNTIME_API_EXT","hipMalloc",2659034,2659034,9677,3219595938174348,3219595938175454
"HIP_RUNTIME_API_EXT","hipSetDevice",2659034,2659034,9678,3219595938175896,3219595938175950
"HIP_RUNTIME_API_EXT","hipLaunchKernel",2659034,2659034,9679,3219595938176558,3219595938180038
"HIP_RUNTIME_API_EXT","hipGetLastError",2659034,2659034,9680,3219595938181102,3219595938181145
"HIP_RUNTIME_API_EXT","hipSetDevice",2659034,2659034,9681,3219595938182192,3219595938182250
"HIP_RUNTIME_API_EXT","hipMalloc",2659034,2659034,9682,3219595938182635,3219595938183849
"HIP_RUNTIME_API_EXT","hipSetDevice",2659034,2659034,9683,3219595938184259,3219595938184314
"HIP_RUNTIME_API_EXT","hipLaunchKernel",2659034,2659034,9684,3219595938184996,3219595938189021
"HIP_RUNTIME_API_EXT","hipGetLastError",2659034,2659034,9685,3219595938189457,3219595938189500
"HIP_RUNTIME_API_EXT","hipSetDevice",2659034,2659034,9686,3219595938190242,3219595938190297
"HIP_RUNTIME_API_EXT","hipMalloc",2659034,2659034,9687,3219595938190641,3219595938191974
"HIP_RUNTIME_API_EXT","hipSetDevice",2659034,2659034,9688,3219595938192351,3219595938192409
"HIP_RUNTIME_API_EXT","hipLaunchKernel",2659034,2659034,9689,3219595938192969,3219595938197492
"HIP_RUNTIME_API_EXT","hipGetLastError",2659034,2659034,9690,3219595938197980,3219595938198025
"HIP_RUNTIME_API_EXT","hipSetDevice",2659034,2659034,9691,3219595938198426,3219595938198491
"HIP_RUNTIME_API_EXT","hipFree",2659034,2659034,9692,3219595938198945,3219595938212334
"HIP_RUNTIME_API_EXT","hipSetDevice",2659034,2659034,9693,3219595938212801,3219595938212861
"HIP_RUNTIME_API_EXT","hipFree",2659034,2659034,9694,3219595938213377,3219595938214334
"HIP_RUNTIME_API_EXT","hipSetDevice",2659034,2659034,9695,3219595938215160,3219595938215220
"HIP_RUNTIME_API_EXT","hipMalloc",2659034,2659034,9696,3219595938215691,3219595938216495
"HIP_RUNTIME_API_EXT","hipSetDevice",2659034,2659034,9697,3219595938216890,3219595938216948
"HIP_RUNTIME_API_EXT","hipLaunchKernel",2659034,2659034,9698,3219595938217461,3219595938220790
"HIP_RUNTIME_API_EXT","hipGetLastError",2659034,2659034,9699,3219595938221285,3219595938221335
"HIP_RUNTIME_API_EXT","hipSetDevice",2659034,2659034,9700,3219595938221785,3219595938221844
"HIP_RUNTIME_API_EXT","hipFree",2659034,2659034,9701,3219595938222181,3219595938246993
"HIP_RUNTIME_API_EXT","hipSetDevice",2659034,2659034,9702,3219595938247649,3219595938247704
"HIP_RUNTIME_API_EXT","hipMalloc",2659034,2659034,9703,3219595938248071,3219595938249217
"HIP_RUNTIME_API_EXT","hipSetDevice",2659034,2659034,9704,3219595938249625,3219595938249683
"HIP_RUNTIME_API_EXT","hipLaunchKernel",2659034,2659034,9705,3219595938250213,3219595938253702
"HIP_RUNTIME_API_EXT","hipGetLastError",2659034,2659034,9706,3219595938254213,3219595938254254
"HIP_RUNTIME_API_EXT","hipSetDevice",2659034,2659034,9707,3219595938254674,3219595938254736
"HIP_RUNTIME_API_EXT","hipFree",2659034,2659034,9708,3219595938255330,3219595938266237
"HIP_RUNTIME_API_EXT","hipSetDevice",2659034,2659034,9709,3219595938266602,3219595938266661
"HIP_RUNTIME_API_EXT","hipFree",2659034,2659034,9710,3219595938266982,3219595938268034
"HIP_RUNTIME_API_EXT","hipSetDevice",2659034,2659034,9711,3219595938268378,3219595938268433
"HIP_RUNTIME_API_EXT","hipFree",2659034,2659034,9712,3219595938268824,3219595938269728
"HIP_RUNTIME_API_EXT","hipSetDevice",2659034,2659034,9713,3219595938270068,3219595938270121
"HIP_RUNTIME_API_EXT","hipFree",2659034,2659034,9714,3219595938270509,3219595938271577
"HIP_RUNTIME_API_EXT","hipSetDevice",2659034,2659034,9715,3219595938271951,3219595938272005
"HIP_RUNTIME_API_EXT","hipFree",2659034,2659034,9716,3219595938272357,3219595938273654
"HIP_RUNTIME_API_EXT","hipSetDevice",2659034,2659034,9717,3219595938274181,3219595938274237
"HIP_RUNTIME_API_EXT","hipMalloc",2659034,2659034,9718,3219595938274580,3219595938275389
"HIP_RUNTIME_API_EXT","hipSetDevice",2659034,2659034,9719,3219595938275849,3219595938275904
"HIP_RUNTIME_API_EXT","hipLaunchKernel",2659034,2659034,9720,3219595938276417,3219595938280130
"HIP_RUNTIME_API_EXT","hipGetLastError",2659034,2659034,9721,3219595938280648,3219595938280693
"HIP_RUNTIME_API_EXT","hipSetDevice",2659034,2659034,9722,3219595938281102,3219595938281157
"HIP_RUNTIME_API_EXT","hipFree",2659034,2659034,9723,3219595938281548,3219595938292511
"HIP_RUNTIME_API_EXT","hipSetDevice",2659034,2659034,9724,3219595938293388,3219595938293444
"HIP_RUNTIME_API_EXT","hipMalloc",2659034,2659034,9725,3219595938293809,3219595938294667
"HIP_RUNTIME_API_EXT","hipSetDevice",2659034,2659034,9726,3219595938295144,3219595938295203
"HIP_RUNTIME_API_EXT","hipLaunchKernel",2659034,2659034,9727,3219595938295773,3219595938299338
"HIP_RUNTIME_API_EXT","hipGetLastError",2659034,2659034,9728,3219595938299798,3219595938299844
"HIP_RUNTIME_API_EXT","hipSetDevice",2659034,2659034,9729,3219595938300630,3219595938300684
"HIP_RUNTIME_API_EXT","hipFree",2659034,2659034,9730,3219595938301025,3219595938318875
"HIP_RUNTIME_API_EXT","hipSetDevice",2659034,2659034,9731,3219595938319383,3219595938319440
"HIP_RUNTIME_API_EXT","hipFree",2659034,2659034,9732,3219595938319836,3219595938320923
"HIP_RUNTIME_API_EXT","hipSetDevice",2659034,2659034,9733,3219595938321316,3219595938321370
"HIP_RUNTIME_API_EXT","hipFree",2659034,2659034,9734,3219595938321735,3219595938322783
"HIP_RUNTIME_API_EXT","hipSetDevice",2659034,2659034,9735,3219595938323183,3219595938323236
"HIP_RUNTIME_API_EXT","hipFree",2659034,2659034,9736,3219595938323610,3219595938324585
"HIP_RUNTIME_API_EXT","hipSetDevice",2659034,2659034,9737,3219595938325240,3219595938325296
"HIP_RUNTIME_API_EXT","hipMemcpy",2659034,2659034,9738,3219595938325643,3219595938329561
"HIP_RUNTIME_API_EXT","hipSetDevice",2659034,2659034,9739,3219595938330064,3219595938330122
"HIP_RUNTIME_API_EXT","hipMemcpy",2659034,2659034,9740,3219595938330433,3219595938334048
"HIP_RUNTIME_API_EXT","hipSetDevice",2659034,2659034,9741,3219595938334536,3219595938334593
"HIP_RUNTIME_API_EXT","hipFree",2659034,2659034,9742,3219595938334926,3219595938346259
"HIP_RUNTIME_API_EXT","hipSetDevice",2659034,2659034,9743,3219595938347154,3219595938347215
"HIP_RUNTIME_API_EXT","hipMalloc",2659034,2659034,9744,3219595938347561,3219595938348559
"HIP_RUNTIME_API_EXT","hipSetDevice",2659034,2659034,9745,3219595938349058,3219595938349116
"HIP_RUNTIME_API_EXT","hipLaunchKernel",2659034,2659034,9746,3219595938349915,3219595938353561
"HIP_RUNTIME_API_EXT","hipGetLastError",2659034,2659034,9747,3219595938354039,3219595938354088
"HIP_RUNTIME_API_EXT","hipSetDevice",2659034,2659034,9748,3219595938354525,3219595938354587
"HIP_RUNTIME_API_EXT","hipMemcpy",2659034,2659034,9749,3219595938355087,3219595938370083
"HIP_RUNTIME_API_EXT","hipSetDevice",2659034,2659034,9750,3219595938370744,3219595938370800
"HIP_RUNTIME_API_EXT","hipFree",2659034,2659034,9751,3219595938371388,3219595938380083
"HIP_RUNTIME_API_EXT","hipSetDevice",2659034,2659034,9752,3219595938380980,3219595938381040
"HIP_RUNTIME_API_EXT","hipLaunchKernel",2659034,2659034,9753,3219595938381593,3219595938385451
"HIP_RUNTIME_API_EXT","hipGetLastError",2659034,2659034,9754,3219595938386121,3219595938386163
"HIP_RUNTIME_API_EXT","hipSetDevice",2659034,2659034,9755,3219595938386730,3219595938386786
"HIP_RUNTIME_API_EXT","hipLaunchKernel",2659034,2659034,9756,3219595938387336,3219595938390549
"HIP_RUNTIME_API_EXT","hipGetLastError",2659034,2659034,9757,3219595938391003,3219595938391046
"HIP_RUNTIME_API_EXT","hipSetDevice",2659034,2659034,9758,3219595938391628,3219595938391685
"HIP_RUNTIME_API_EXT","hipLaunchKernel",2659034,2659034,9759,3219595938393119,3219595938396506
"HIP_RUNTIME_API_EXT","hipGetLastError",2659034,2659034,9760,3219595938397632,3219595938397796
"HIP_RUNTIME_API_EXT","hipSetDevice",2659034,2659034,9761,3219595938398496,3219595938398579
"HIP_RUNTIME_API_EXT","hipLaunchKernel",2659034,2659034,9762,3219595938399061,3219595938402487
"HIP_RUNTIME_API_EXT","hipGetLastError",2659034,2659034,9763,3219595938402809,3219595938402851
"HIP_RUNTIME_API_EXT","hipSetDevice",2659034,2659034,9764,3219595938405562,3219595938405620
"HIP_RUNTIME_API_EXT","hipMalloc",2659034,2659034,9765,3219595938406046,3219595938406943
"HIP_RUNTIME_API_EXT","hipSetDevice",2659034,2659034,9766,3219595938407384,3219595938407436
"HIP_RUNTIME_API_EXT","hipMemcpy",2659034,2659034,9767,3219595938407785,3219595938424255
"HIP_RUNTIME_API_EXT","hipSetDevice",2659034,2659034,9768,3219595938425539,3219595938425592
"HIP_RUNTIME_API_EXT","hipMalloc",2659034,2659034,9769,3219595938425983,3219595938426909
"HIP_RUNTIME_API_EXT","hipSetDevice",2659034,2659034,9770,3219595938427316,3219595938427373
"HIP_RUNTIME_API_EXT","hipMemcpy",2659034,2659034,9771,3219595938427713,3219595938444088
"HIP_RUNTIME_API_EXT","hipSetDevice",2659034,2659034,9772,3219595938444851,3219595938444907
"HIP_RUNTIME_API_EXT","hipMalloc",2659034,2659034,9773,3219595938445449,3219595938446669
"HIP_RUNTIME_API_EXT","hipSetDevice",2659034,2659034,9774,3219595938447139,3219595938447195
"HIP_RUNTIME_API_EXT","hipMemcpy",2659034,2659034,9775,3219595938447674,3219595938464785
"HIP_RUNTIME_API_EXT","hipSetDevice",2659034,2659034,9776,3219595938465662,3219595938465717
"HIP_RUNTIME_API_EXT","hipMalloc",2659034,2659034,9777,3219595938466303,3219595938467660
"HIP_RUNTIME_API_EXT","hipSetDevice",2659034,2659034,9778,3219595938468128,3219595938468182
"HIP_RUNTIME_API_EXT","hipLaunchKernel",2659034,2659034,9779,3219595938468804,3219595938472459
"HIP_RUNTIME_API_EXT","hipGetLastError",2659034,2659034,9780,3219595938473001,3219595938473042
"HIP_RUNTIME_API_EXT","hipSetDevice",2659034,2659034,9781,3219595938473655,3219595938473709
"HIP_RUNTIME_API_EXT","hipMalloc",2659034,2659034,9782,3219595938474083,3219595938475122
"HIP_RUNTIME_API_EXT","hipSetDevice",2659034,2659034,9783,3219595938475528,3219595938475582
"HIP_RUNTIME_API_EXT","hipLaunchKernel",2659034,2659034,9784,3219595938476085,3219595938482075
"HIP_RUNTIME_API_EXT","hipGetLastError",2659034,2659034,9785,3219595938482567,3219595938482609
"HIP_RUNTIME_API_EXT","hipSetDevice",2659034,2659034,9786,3219595938483566,3219595938483620
"HIP_RUNTIME_API_EXT","hipMalloc",2659034,2659034,9787,3219595938483972,3219595938485065
"HIP_RUNTIME_API_EXT","hipSetDevice",2659034,2659034,9788,3219595938485448,3219595938485503
"HIP_RUNTIME_API_EXT","hipLaunchKernel",2659034,2659034,9789,3219595938486052,3219595938489773
"HIP_RUNTIME_API_EXT","hipGetLastError",2659034,2659034,9790,3219595938491309,3219595938491352
"HIP_RUNTIME_API_EXT","hipSetDevice",2659034,2659034,9791,3219595938492261,3219595938492319
"HIP_RUNTIME_API_EXT","hipMalloc",2659034,2659034,9792,3219595938492732,3219595938494211
"HIP_RUNTIME_API_EXT","hipSetDevice",2659034,2659034,9793,3219595938494802,3219595938494859
"HIP_RUNTIME_API_EXT","hipLaunchKernel",2659034,2659034,9794,3219595938495445,3219595938498914
"HIP_RUNTIME_API_EXT","hipGetLastError",2659034,2659034,9795,3219595938499363,3219595938499405
"HIP_RUNTIME_API_EXT","hipSetDevice",2659034,2659034,9796,3219595938500137,3219595938500192
"HIP_RUNTIME_API_EXT","hipMalloc",2659034,2659034,9797,3219595938501787,3219595938502944
"HIP_RUNTIME_API_EXT","hipSetDevice",2659034,2659034,9798,3219595938503360,3219595938503416
"HIP_RUNTIME_API_EXT","hipLaunchKernel",2659034,2659034,9799,3219595938503933,3219595938509229
"HIP_RUNTIME_API_EXT","hipGetLastError",2659034,2659034,9800,3219595938509743,3219595938509788
"HIP_RUNTIME_API_EXT","hipSetDevice",2659034,2659034,9801,3219595938514192,3219595938514248
"HIP_RUNTIME_API_EXT","hipMalloc",2659034,2659034,9802,3219595938514895,3219595938517039
"HIP_RUNTIME_API_EXT","hipSetDevice",2659034,2659034,9803,3219595938517468,3219595938517525
"HIP_RUNTIME_API_EXT","hipLaunchKernel",2659034,2659034,9804,3219595938518051,3219595938521670
"HIP_RUNTIME_API_EXT","hipGetLastError",2659034,2659034,9805,3219595938522174,3219595938522267
"HIP_RUNTIME_API_EXT","hipSetDevice",2659034,2659034,9806,3219595938522848,3219595938522903
"HIP_RUNTIME_API_EXT","hipMalloc",2659034,2659034,9807,3219595938523248,3219595938524385
"HIP_RUNTIME_API_EXT","hipSetDevice",2659034,2659034,9808,3219595938525104,3219595938525161
"HIP_RUNTIME_API_EXT","hipLaunchKernel",2659034,2659034,9809,3219595938529115,3219595938539520
"HIP_RUNTIME_API_EXT","hipGetLastError",2659034,2659034,9810,3219595938540062,3219595938540107
"HIP_RUNTIME_API_EXT","hipSetDevice",2659034,2659034,9811,3219595938542086,3219595938542144
"HIP_RUNTIME_API_EXT","hipLaunchKernel",2659034,2659034,9812,3219595938542662,3219595938588419
"HIP_RUNTIME_API_EXT","hipGetLastError",2659034,2659034,9813,3219595938589241,3219595938589345
"HIP_RUNTIME_API_EXT","hipSetDevice",2659034,2659034,9814,3219595938590286,3219595938590371
"HIP_RUNTIME_API_EXT","hipMalloc",2659034,2659034,9815,3219595938590773,3219595938592675
"HIP_RUNTIME_API_EXT","hipSetDevice",2659034,2659034,9816,3219595938593080,3219595938593138
"HIP_RUNTIME_API_EXT","hipLaunchKernel",2659034,2659034,9817,3219595938593811,3219595938607195
"HIP_RUNTIME_API_EXT","hipGetLastError",2659034,2659034,9818,3219595938607751,3219595938607795
"HIP_RUNTIME_API_EXT","hipSetDevice",2659034,2659034,9819,3219595938609212,3219595938609267
"HIP_RUNTIME_API_EXT","hipMalloc",2659034,2659034,9820,3219595938609739,3219595938611073
"HIP_RUNTIME_API_EXT","hipSetDevice",2659034,2659034,9821,3219595938611727,3219595938611787
"HIP_RUNTIME_API_EXT","hipLaunchKernel",2659034,2659034,9822,3219595938612521,3219595938618866
"HIP_RUNTIME_API_EXT","hipGetLastError",2659034,2659034,9823,3219595938619378,3219595938619427
"HIP_RUNTIME_API_EXT","hipSetDevice",2659034,2659034,9824,3219595938620043,3219595938620105
"HIP_RUNTIME_API_EXT","hipFree",2659034,2659034,9825,3219595938620621,3219595938643778
"HIP_RUNTIME_API_EXT","hipSetDevice",2659034,2659034,9826,3219595938645067,3219595938645127
"HIP_RUNTIME_API_EXT","hipFree",2659034,2659034,9827,3219595938645596,3219595938647270
"HIP_RUNTIME_API_EXT","hipSetDevice",2659034,2659034,9828,3219595938647901,3219595938647961
"HIP_RUNTIME_API_EXT","hipFree",2659034,2659034,9829,3219595938648280,3219595938649450
"HIP_RUNTIME_API_EXT","hipSetDevice",2659034,2659034,9830,3219595938650008,3219595938650065
"HIP_RUNTIME_API_EXT","hipFree",2659034,2659034,9831,3219595938650378,3219595938651945
"HIP_RUNTIME_API_EXT","hipSetDevice",2659034,2659034,9832,3219595938652296,3219595938652352
"HIP_RUNTIME_API_EXT","hipFree",2659034,2659034,9833,3219595938652662,3219595938653673
"HIP_RUNTIME_API_EXT","hipSetDevice",2659034,2659034,9834,3219595938654208,3219595938654267
"HIP_RUNTIME_API_EXT","hipFree",2659034,2659034,9835,3219595938654581,3219595938655987
"HIP_RUNTIME_API_EXT","hipSetDevice",2659034,2659034,9836,3219595938656614,3219595938656676
"HIP_RUNTIME_API_EXT","hipFree",2659034,2659034,9837,3219595938656980,3219595938658241
"HIP_RUNTIME_API_EXT","hipSetDevice",2659034,2659034,9838,3219595938658747,3219595938658804
"HIP_RUNTIME_API_EXT","hipMalloc",2659034,2659034,9839,3219595938659155,3219595938659999
"HIP_RUNTIME_API_EXT","hipSetDevice",2659034,2659034,9840,3219595938662032,3219595938662094
"HIP_RUNTIME_API_EXT","hipMalloc",2659034,2659034,9841,3219595938662430,3219595938663425
"HIP_RUNTIME_API_EXT","hipSetDevice",2659034,2659034,9842,3219595938663987,3219595938664041
"HIP_RUNTIME_API_EXT","hipLaunchKernel",2659034,2659034,9843,3219595938664630,3219595938668962
"HIP_RUNTIME_API_EXT","hipGetLastError",2659034,2659034,9844,3219595938669385,3219595938669428
"HIP_RUNTIME_API_EXT","hipSetDevice",2659034,2659034,9845,3219595938670236,3219595938670296
"HIP_RUNTIME_API_EXT","hipMalloc",2659034,2659034,9846,3219595938670963,3219595938672092
"HIP_RUNTIME_API_EXT","hipSetDevice",2659034,2659034,9847,3219595938672478,3219595938672534
"HIP_RUNTIME_API_EXT","hipLaunchKernel",2659034,2659034,9848,3219595938673154,3219595938677280
"HIP_RUNTIME_API_EXT","hipGetLastError",2659034,2659034,9849,3219595938677753,3219595938677798
"HIP_RUNTIME_API_EXT","hipSetDevice",2659034,2659034,9850,3219595938678465,3219595938678526
"HIP_RUNTIME_API_EXT","hipMalloc",2659034,2659034,9851,3219595938678881,3219595938680064
"HIP_RUNTIME_API_EXT","hipSetDevice",2659034,2659034,9852,3219595938680647,3219595938680700
"HIP_RUNTIME_API_EXT","hipLaunchKernel",2659034,2659034,9853,3219595938681260,3219595938685581
"HIP_RUNTIME_API_EXT","hipGetLastError",2659034,2659034,9854,3219595938685943,3219595938685987
"HIP_RUNTIME_API_EXT","hipSetDevice",2659034,2659034,9855,3219595938686583,3219595938686640
"HIP_RUNTIME_API_EXT","hipMalloc",2659034,2659034,9856,3219595938687063,3219595938688131
"HIP_RUNTIME_API_EXT","hipSetDevice",2659034,2659034,9857,3219595938688672,3219595938688727
"HIP_RUNTIME_API_EXT","hipLaunchKernel",2659034,2659034,9858,3219595938689290,3219595938693077
"HIP_RUNTIME_API_EXT","hipGetLastError",2659034,2659034,9859,3219595938693547,3219595938693591
"HIP_RUNTIME_API_EXT","hipSetDevice",2659034,2659034,9860,3219595938693990,3219595938694046
"HIP_RUNTIME_API_EXT","hipFree",2659034,2659034,9861,3219595938694421,3219595938709046
"HIP_RUNTIME_API_EXT","hipSetDevice",2659034,2659034,9862,3219595938709458,3219595938709515
"HIP_RUNTIME_API_EXT","hipFree",2659034,2659034,9863,3219595938709962,3219595938710886
"HIP_RUNTIME_API_EXT","hipSetDevice",2659034,2659034,9864,3219595938711461,3219595938711516
"HIP_RUNTIME_API_EXT","hipMalloc",2659034,2659034,9865,3219595938711855,3219595938712768
"HIP_RUNTIME_API_EXT","hipSetDevice",2659034,2659034,9866,3219595938713137,3219595938713192
"HIP_RUNTIME_API_EXT","hipLaunchKernel",2659034,2659034,9867,3219595938713728,3219595938717437
"HIP_RUNTIME_API_EXT","hipGetLastError",2659034,2659034,9868,3219595938717986,3219595938718029
"HIP_RUNTIME_API_EXT","hipSetDevice",2659034,2659034,9869,3219595938718461,3219595938718523
"HIP_RUNTIME_API_EXT","hipFree",2659034,2659034,9870,3219595938718875,3219595938744148
"HIP_RUNTIME_API_EXT","hipSetDevice",2659034,2659034,9871,3219595938745238,3219595938745298
"HIP_RUNTIME_API_EXT","hipMalloc",2659034,2659034,9872,3219595938745650,3219595938746496
"HIP_RUNTIME_API_EXT","hipSetDevice",2659034,2659034,9873,3219595938746947,3219595938747006
"HIP_RUNTIME_API_EXT","hipLaunchKernel",2659034,2659034,9874,3219595938747533,3219595938750972
"HIP_RUNTIME_API_EXT","hipGetLastError",2659034,2659034,9875,3219595938751388,3219595938751434
"HIP_RUNTIME_API_EXT","hipSetDevice",2659034,2659034,9876,3219595938751799,3219595938751863
"HIP_RUNTIME_API_EXT","hipFree",2659034,2659034,9877,3219595938752200,3219595938762970
"HIP_RUNTIME_API_EXT","hipSetDevice",2659034,2659034,9878,3219595938763319,3219595938763383
"HIP_RUNTIME_API_EXT","hipFree",2659034,2659034,9879,3219595938763886,3219595938764744
"HIP_RUNTIME_API_EXT","hipSetDevice",2659034,2659034,9880,3219595938765089,3219595938765144
"HIP_RUNTIME_API_EXT","hipFree",2659034,2659034,9881,3219595938765633,3219595938766707
"HIP_RUNTIME_API_EXT","hipSetDevice",2659034,2659034,9882,3219595938767079,3219595938767133
"HIP_RUNTIME_API_EXT","hipFree",2659034,2659034,9883,3219595938767476,3219595938768705
"HIP_RUNTIME_API_EXT","hipSetDevice",2659034,2659034,9884,3219595938769102,3219595938769159
"HIP_RUNTIME_API_EXT","hipFree",2659034,2659034,9885,3219595938769572,3219595938771136
"HIP_RUNTIME_API_EXT","hipSetDevice",2659034,2659034,9886,3219595938771819,3219595938771875
"HIP_RUNTIME_API_EXT","hipMalloc",2659034,2659034,9887,3219595938772203,3219595938773043
"HIP_RUNTIME_API_EXT","hipSetDevice",2659034,2659034,9888,3219595938773416,3219595938773471
"HIP_RUNTIME_API_EXT","hipLaunchKernel",2659034,2659034,9889,3219595938774070,3219595938777903
"HIP_RUNTIME_API_EXT","hipGetLastError",2659034,2659034,9890,3219595938778355,3219595938778399
"HIP_RUNTIME_API_EXT","hipSetDevice",2659034,2659034,9891,3219595938779132,3219595938779192
"HIP_RUNTIME_API_EXT","hipMalloc",2659034,2659034,9892,3219595938779581,3219595938780390
"HIP_RUNTIME_API_EXT","hipSetDevice",2659034,2659034,9893,3219595938780772,3219595938780826
"HIP_RUNTIME_API_EXT","hipLaunchKernel",2659034,2659034,9894,3219595938781386,3219595938784694
"HIP_RUNTIME_API_EXT","hipGetLastError",2659034,2659034,9895,3219595938785337,3219595938785389
"HIP_RUNTIME_API_EXT","hipSetDevice",2659034,2659034,9896,3219595938786636,3219595938786698
"HIP_RUNTIME_API_EXT","hipMalloc",2659034,2659034,9897,3219595938787052,3219595938788094
"HIP_RUNTIME_API_EXT","hipSetDevice",2659034,2659034,9898,3219595938788666,3219595938788721
"HIP_RUNTIME_API_EXT","hipLaunchKernel",2659034,2659034,9899,3219595938789229,3219595938792789
"HIP_RUNTIME_API_EXT","hipGetLastError",2659034,2659034,9900,3219595938793159,3219595938793210
"HIP_RUNTIME_API_EXT","hipSetDevice",2659034,2659034,9901,3219595938793950,3219595938794008
"HIP_RUNTIME_API_EXT","hipMalloc",2659034,2659034,9902,3219595938794417,3219595938795479
"HIP_RUNTIME_API_EXT","hipSetDevice",2659034,2659034,9903,3219595938795812,3219595938795869
"HIP_RUNTIME_API_EXT","hipLaunchKernel",2659034,2659034,9904,3219595938796409,3219595938800768
"HIP_RUNTIME_API_EXT","hipGetLastError",2659034,2659034,9905,3219595938801258,3219595938801310
"HIP_RUNTIME_API_EXT","hipSetDevice",2659034,2659034,9906,3219595938802570,3219595938802631
"HIP_RUNTIME_API_EXT","hipMalloc",2659034,2659034,9907,3219595938803044,3219595938804139
"HIP_RUNTIME_API_EXT","hipSetDevice",2659034,2659034,9908,3219595938804671,3219595938804728
"HIP_RUNTIME_API_EXT","hipLaunchKernel",2659034,2659034,9909,3219595938805358,3219595938810345
"HIP_RUNTIME_API_EXT","hipGetLastError",2659034,2659034,9910,3219595938810782,3219595938810826
"HIP_RUNTIME_API_EXT","hipSetDevice",2659034,2659034,9911,3219595938811342,3219595938811398
"HIP_RUNTIME_API_EXT","hipMalloc",2659034,2659034,9912,3219595938812083,3219595938813149
"HIP_RUNTIME_API_EXT","hipSetDevice",2659034,2659034,9913,3219595938813628,3219595938813681
"HIP_RUNTIME_API_EXT","hipLaunchKernel",2659034,2659034,9914,3219595938814191,3219595938817868
"HIP_RUNTIME_API_EXT","hipGetLastError",2659034,2659034,9915,3219595938818264,3219595938818308
"HIP_RUNTIME_API_EXT","hipSetDevice",2659034,2659034,9916,3219595938819251,3219595938819308
"HIP_RUNTIME_API_EXT","hipLaunchKernel",2659034,2659034,9917,3219595938819832,3219595938823817
"HIP_RUNTIME_API_EXT","hipGetLastError",2659034,2659034,9918,3219595938824355,3219595938824449
"HIP_RUNTIME_API_EXT","hipSetDevice",2659034,2659034,9919,3219595938825209,3219595938825266
"HIP_RUNTIME_API_EXT","hipMalloc",2659034,2659034,9920,3219595938825636,3219595938826649
"HIP_RUNTIME_API_EXT","hipSetDevice",2659034,2659034,9921,3219595938827299,3219595938827360
"HIP_RUNTIME_API_EXT","hipLaunchKernel",2659034,2659034,9922,3219595938828162,3219595938834038
"HIP_RUNTIME_API_EXT","hipGetLastError",2659034,2659034,9923,3219595938834574,3219595938834619
"HIP_RUNTIME_API_EXT","hipSetDevice",2659034,2659034,9924,3219595938835535,3219595938835594
"HIP_RUNTIME_API_EXT","hipMalloc",2659034,2659034,9925,3219595938836004,3219595938837567
"HIP_RUNTIME_API_EXT","hipSetDevice",2659034,2659034,9926,3219595938837949,3219595938838003
"HIP_RUNTIME_API_EXT","hipLaunchKernel",2659034,2659034,9927,3219595938838532,3219595938841935
"HIP_RUNTIME_API_EXT","hipGetLastError",2659034,2659034,9928,3219595938842297,3219595938842339
"HIP_RUNTIME_API_EXT","hipSetDevice",2659034,2659034,9929,3219595938842934,3219595938842996
"HIP_RUNTIME_API_EXT","hipFree",2659034,2659034,9930,3219595938843341,3219595938864872
"HIP_RUNTIME_API_EXT","hipSetDevice",2659034,2659034,9931,3219595938865441,3219595938865501
"HIP_RUNTIME_API_EXT","hipFree",2659034,2659034,9932,3219595938865820,3219595938866732
"HIP_RUNTIME_API_EXT","hipSetDevice",2659034,2659034,9933,3219595938867079,3219595938867135
"HIP_RUNTIME_API_EXT","hipFree",2659034,2659034,9934,3219595938867862,3219595938868778
"HIP_RUNTIME_API_EXT","hipSetDevice",2659034,2659034,9935,3219595938869145,3219595938869199
"HIP_RUNTIME_API_EXT","hipFree",2659034,2659034,9936,3219595938869516,3219595938870488
"HIP_RUNTIME_API_EXT","hipSetDevice",2659034,2659034,9937,3219595938870930,3219595938870980
"HIP_RUNTIME_API_EXT","hipFree",2659034,2659034,9938,3219595938871303,3219595938872290
"HIP_RUNTIME_API_EXT","hipSetDevice",2659034,2659034,9939,3219595938872649,3219595938872705
"HIP_RUNTIME_API_EXT","hipFree",2659034,2659034,9940,3219595938873015,3219595938873935
"HIP_RUNTIME_API_EXT","hipSetDevice",2659034,2659034,9941,3219595938874399,3219595938874456
"HIP_RUNTIME_API_EXT","hipFree",2659034,2659034,9942,3219595938874819,3219595938875690
"HIP_RUNTIME_API_EXT","hipSetDevice",2659034,2659034,9943,3219595938876187,3219595938876242
"HIP_RUNTIME_API_EXT","hipMalloc",2659034,2659034,9944,3219595938876572,3219595938877413
"HIP_RUNTIME_API_EXT","hipSetDevice",2659034,2659034,9945,3219595938879223,3219595938879283
"HIP_RUNTIME_API_EXT","hipMalloc",2659034,2659034,9946,3219595938879619,3219595938880349
"HIP_RUNTIME_API_EXT","hipSetDevice",2659034,2659034,9947,3219595938880785,3219595938880837
"HIP_RUNTIME_API_EXT","hipLaunchKernel",2659034,2659034,9948,3219595938881359,3219595938885421
"HIP_RUNTIME_API_EXT","hipGetLastError",2659034,2659034,9949,3219595938885851,3219595938885903
"HIP_RUNTIME_API_EXT","hipSetDevice",2659034,2659034,9950,3219595938886858,3219595938886921
"HIP_RUNTIME_API_EXT","hipMalloc",2659034,2659034,9951,3219595938887265,3219595938888242
"HIP_RUNTIME_API_EXT","hipSetDevice",2659034,2659034,9952,3219595938888649,3219595938888705
"HIP_RUNTIME_API_EXT","hipLaunchKernel",2659034,2659034,9953,3219595938889267,3219595938892675
"HIP_RUNTIME_API_EXT","hipGetLastError",2659034,2659034,9954,3219595938893033,3219595938893078
"HIP_RUNTIME_API_EXT","hipSetDevice",2659034,2659034,9955,3219595938893925,3219595938893991
"HIP_RUNTIME_API_EXT","hipMalloc",2659034,2659034,9956,3219595938894395,3219595938895538
"HIP_RUNTIME_API_EXT","hipSetDevice",2659034,2659034,9957,3219595938895908,3219595938895961
"HIP_RUNTIME_API_EXT","hipLaunchKernel",2659034,2659034,9958,3219595938896531,3219595938900491
"HIP_RUNTIME_API_EXT","hipGetLastError",2659034,2659034,9959,3219595938900864,3219595938900909
"HIP_RUNTIME_API_EXT","hipSetDevice",2659034,2659034,9960,3219595938901421,3219595938901480
"HIP_RUNTIME_API_EXT","hipMalloc",2659034,2659034,9961,3219595938901933,3219595938903036
"HIP_RUNTIME_API_EXT","hipSetDevice",2659034,2659034,9962,3219595938903425,3219595938903484
"HIP_RUNTIME_API_EXT","hipLaunchKernel",2659034,2659034,9963,3219595938904088,3219595938907735
"HIP_RUNTIME_API_EXT","hipGetLastError",2659034,2659034,9964,3219595938908654,3219595938908701
"HIP_RUNTIME_API_EXT","hipSetDevice",2659034,2659034,9965,3219595938909066,3219595938909131
"HIP_RUNTIME_API_EXT","hipFree",2659034,2659034,9966,3219595938909464,3219595938924292
"HIP_RUNTIME_API_EXT","hipSetDevice",2659034,2659034,9967,3219595938924682,3219595938924742
"HIP_RUNTIME_API_EXT","hipFree",2659034,2659034,9968,3219595938925284,3219595938926225
"HIP_RUNTIME_API_EXT","hipSetDevice",2659034,2659034,9969,3219595938927056,3219595938927110
"HIP_RUNTIME_API_EXT","hipMalloc",2659034,2659034,9970,3219595938927444,3219595938928177
"HIP_RUNTIME_API_EXT","hipSetDevice",2659034,2659034,9971,3219595938928533,3219595938928589
"HIP_RUNTIME_API_EXT","hipLaunchKernel",2659034,2659034,9972,3219595938929088,3219595938932498
"HIP_RUNTIME_API_EXT","hipGetLastError",2659034,2659034,9973,3219595938932904,3219595938932948
"HIP_RUNTIME_API_EXT","hipSetDevice",2659034,2659034,9974,3219595938933363,3219595938933418
"HIP_RUNTIME_API_EXT","hipFree",2659034,2659034,9975,3219595938933747,3219595938959057
"HIP_RUNTIME_API_EXT","hipSetDevice",2659034,2659034,9976,3219595938959849,3219595938959904
"HIP_RUNTIME_API_EXT","hipMalloc",2659034,2659034,9977,3219595938960250,3219595938961073
"HIP_RUNTIME_API_EXT","hipSetDevice",2659034,2659034,9978,3219595938961431,3219595938961490
"HIP_RUNTIME_API_EXT","hipLaunchKernel",2659034,2659034,9979,3219595938962178,3219595938965770
"HIP_RUNTIME_API_EXT","hipGetLastError",2659034,2659034,9980,3219595938966181,3219595938966224
"HIP_RUNTIME_API_EXT","hipSetDevice",2659034,2659034,9981,3219595938966693,3219595938966755
"HIP_RUNTIME_API_EXT","hipFree",2659034,2659034,9982,3219595938967089,3219595938978258
"HIP_RUNTIME_API_EXT","hipSetDevice",2659034,2659034,9983,3219595938978650,3219595938978707
"HIP_RUNTIME_API_EXT","hipFree",2659034,2659034,9984,3219595938979235,3219595938980212
"HIP_RUNTIME_API_EXT","hipSetDevice",2659034,2659034,9985,3219595938980625,3219595938980682
"HIP_RUNTIME_API_EXT","hipFree",2659034,2659034,9986,3219595938981007,3219595938981950
"HIP_RUNTIME_API_EXT","hipSetDevice",2659034,2659034,9987,3219595938982337,3219595938982390
"HIP_RUNTIME_API_EXT","hipFree",2659034,2659034,9988,3219595938982934,3219595938984074
"HIP_RUNTIME_API_EXT","hipSetDevice",2659034,2659034,9989,3219595938984459,3219595938984516
"HIP_RUNTIME_API_EXT","hipFree",2659034,2659034,9990,3219595938984924,3219595938986744
"HIP_RUNTIME_API_EXT","hipSetDevice",2659034,2659034,9991,3219595938987474,3219595938987533
"HIP_RUNTIME_API_EXT","hipMalloc",2659034,2659034,9992,3219595938988124,3219595939005765
"HIP_RUNTIME_API_EXT","hipSetDevice",2659034,2659034,9993,3219595939006333,3219595939006387
"HIP_RUNTIME_API_EXT","hipLaunchKernel",2659034,2659034,9994,3219595939007105,3219595939028137
"HIP_RUNTIME_API_EXT","hipGetLastError",2659034,2659034,9995,3219595939028514,3219595939028559
"HIP_RUNTIME_API_EXT","hipSetDevice",2659034,2659034,9996,3219595939029985,3219595939030047
"HIP_RUNTIME_API_EXT","hipFree",2659034,2659034,9997,3219595939030383,3219595939041563
"HIP_RUNTIME_API_EXT","hipSetDevice",2659034,2659034,9998,3219595939042489,3219595939042548
"HIP_RUNTIME_API_EXT","hipMalloc",2659034,2659034,9999,3219595939042905,3219595939044599
"HIP_RUNTIME_API_EXT","hipSetDevice",2659034,2659034,10000,3219595939045133,3219595939045189
"HIP_RUNTIME_API_EXT","hipLaunchKernel",2659034,2659034,10001,3219595939045847,3219595939052002
"HIP_RUNTIME_API_EXT","hipGetLastError",2659034,2659034,10002,3219595939052590,3219595939052633
"HIP_RUNTIME_API_EXT","hipSetDevice",2659034,2659034,10003,3219595939053648,3219595939053716
"HIP_RUNTIME_API_EXT","hipFree",2659034,2659034,10004,3219595939054063,3219595939070874
"HIP_RUNTIME_API_EXT","hipSetDevice",2659034,2659034,10005,3219595939071314,3219595939071376
"HIP_RUNTIME_API_EXT","hipFree",2659034,2659034,10006,3219595939072052,3219595939073118
"HIP_RUNTIME_API_EXT","hipSetDevice",2659034,2659034,10007,3219595939073469,3219595939073521
"HIP_RUNTIME_API_EXT","hipFree",2659034,2659034,10008,3219595939073896,3219595939075003
"HIP_RUNTIME_API_EXT","hipSetDevice",2659034,2659034,10009,3219595939075522,3219595939075576
"HIP_RUNTIME_API_EXT","hipFree",2659034,2659034,10010,3219595939076036,3219595939077217
"HIP_RUNTIME_API_EXT","hipSetDevice",2659034,2659034,10011,3219595939077990,3219595939078049
"HIP_RUNTIME_API_EXT","hipMemcpy",2659034,2659034,10012,3219595939078506,3219595939082995
"HIP_RUNTIME_API_EXT","hipSetDevice",2659034,2659034,10013,3219595939083702,3219595939083759
"HIP_RUNTIME_API_EXT","hipFree",2659034,2659034,10014,3219595939084338,3219595939095664
"HIP_RUNTIME_API_EXT","hipSetDevice",2659034,2659034,10015,3219595939096834,3219595939096893
"HIP_RUNTIME_API_EXT","hipMalloc",2659034,2659034,10016,3219595939097228,3219595939098217
"HIP_RUNTIME_API_EXT","hipSetDevice",2659034,2659034,10017,3219595939098682,3219595939098739
"HIP_RUNTIME_API_EXT","hipLaunchKernel",2659034,2659034,10018,3219595939099445,3219595939103276
"HIP_RUNTIME_API_EXT","hipGetLastError",2659034,2659034,10019,3219595939103746,3219595939103788
"HIP_RUNTIME_API_EXT","hipSetDevice",2659034,2659034,10020,3219595939104218,3219595939104279
"HIP_RUNTIME_API_EXT","hipMemcpy",2659034,2659034,10021,3219595939104708,3219595939119505
"HIP_RUNTIME_API_EXT","hipSetDevice",2659034,2659034,10022,3219595939120327,3219595939120382
"HIP_RUNTIME_API_EXT","hipFree",2659034,2659034,10023,3219595939120720,3219595939134338
"HIP_RUNTIME_API_EXT","hipSetDevice",2659034,2659034,10024,3219595939135005,3219595939135062
"HIP_RUNTIME_API_EXT","hipLaunchKernel",2659034,2659034,10025,3219595939135660,3219595939139278
"HIP_RUNTIME_API_EXT","hipGetLastError",2659034,2659034,10026,3219595939139828,3219595939139871
"HIP_RUNTIME_API_EXT","hipSetDevice",2659034,2659034,10027,3219595939140373,3219595939140425
"HIP_RUNTIME_API_EXT","hipLaunchKernel",2659034,2659034,10028,3219595939140939,3219595939144388
"HIP_RUNTIME_API_EXT","hipGetLastError",2659034,2659034,10029,3219595939144772,3219595939144817
"HIP_RUNTIME_API_EXT","hipSetDevice",2659034,2659034,10030,3219595939145440,3219595939145494
"HIP_RUNTIME_API_EXT","hipLaunchKernel",2659034,2659034,10031,3219595939145992,3219595939149751
"HIP_RUNTIME_API_EXT","hipGetLastError",2659034,2659034,10032,3219595939150143,3219595939150186
"HIP_RUNTIME_API_EXT","hipSetDevice",2659034,2659034,10033,3219595939150642,3219595939150696
"HIP_RUNTIME_API_EXT","hipLaunchKernel",2659034,2659034,10034,3219595939151569,3219595939155064
"HIP_RUNTIME_API_EXT","hipGetLastError",2659034,2659034,10035,3219595939155646,3219595939155691
"HIP_RUNTIME_API_EXT","hipSetDevice",2659034,2659034,10036,3219595939158959,3219595939159012
"HIP_RUNTIME_API_EXT","hipFree",2659034,2659034,10037,3219595939159353,3219595939168544
"HIP_RUNTIME_API_EXT","hipSetDevice",2659034,2659034,10038,3219595939169208,3219595939169270
"HIP_RUNTIME_API_EXT","hipFree",2659034,2659034,10039,3219595939169591,3219595939170801
"HIP_RUNTIME_API_EXT","hipSetDevice",2659034,2659034,10040,3219595939171288,3219595939171341
"HIP_RUNTIME_API_EXT","hipFree",2659034,2659034,10041,3219595939171655,3219595939173161
"HIP_RUNTIME_API_EXT","hipSetDevice",2659034,2659034,10042,3219595939173608,3219595939173664
"HIP_RUNTIME_API_EXT","hipFree",2659034,2659034,10043,3219595939174091,3219595939175709
"HIP_RUNTIME_API_EXT","hipSetDevice",2659034,2659034,10044,3219595939176124,3219595939176176
"HIP_RUNTIME_API_EXT","hipFree",2659034,2659034,10045,3219595939176492,3219595939177967
"HIP_RUNTIME_API_EXT","hipSetDevice",2659034,2659034,10046,3219595939178578,3219595939178636
"HIP_RUNTIME_API_EXT","hipDeviceSynchronize",2659034,2659034,10047,3219595939179246,3219595939179728
"HIP_RUNTIME_API_EXT","hipSetDevice",2659034,2659034,10048,3219595939205657,3219595939205724
"HIP_RUNTIME_API_EXT","hipFree",2659034,2659034,10049,3219595939206268,3219595939207685
"HIP_RUNTIME_API_EXT","hipSetDevice",2659034,2659034,10050,3219595939208485,3219595939208541
"HIP_RUNTIME_API_EXT","hipFree",2659034,2659034,10051,3219595939208853,3219595939210190
"HIP_RUNTIME_API_EXT","hipSetDevice",2659034,2659034,10052,3219595939210735,3219595939210790
"HIP_RUNTIME_API_EXT","hipFree",2659034,2659034,10053,3219595939211098,3219595939212949
"HIP_RUNTIME_API_EXT","hipSetDevice",2659034,2659034,10054,3219595939213386,3219595939213439
"HIP_RUNTIME_API_EXT","hipFree",2659034,2659034,10055,3219595939213741,3219595939215093
"HIP_RUNTIME_API_EXT","hipSetDevice",2659034,2659034,10056,3219595939215673,3219595939215733
"HIP_RUNTIME_API_EXT","hipFree",2659034,2659034,10057,3219595939216162,3219595939217845
"HIP_RUNTIME_API_EXT","hipSetDevice",2659034,2659034,10058,3219595939218350,3219595939218411
"HIP_RUNTIME_API_EXT","hipFree",2659034,2659034,10059,3219595939218842,3219595939220091
"HIP_RUNTIME_API_EXT","hipSetDevice",2659034,2659034,10060,3219595939220636,3219595939220688
"HIP_RUNTIME_API_EXT","hipFree",2659034,2659034,10061,3219595939221180,3219595939222472
"HIP_RUNTIME_API_EXT","hipSetDevice",2659034,2659034,10062,3219595939223063,3219595939223115
"HIP_RUNTIME_API_EXT","hipFree",2659034,2659034,10063,3219595939223417,3219595939224590
"HIP_RUNTIME_API_EXT","hipSetDevice",2659034,2659034,10064,3219595939225014,3219595939225067
"HIP_RUNTIME_API_EXT","hipFree",2659034,2659034,10065,3219595939225370,3219595939226477
"HIP_RUNTIME_API_EXT","hipSetDevice",2659034,2659034,10066,3219595939227013,3219595939227067
"HIP_RUNTIME_API_EXT","hipFree",2659034,2659034,10067,3219595939227366,3219595939228543
"HIP_RUNTIME_API_EXT","hipSetDevice",2659034,2659034,10068,3219595939228968,3219595939229023
"HIP_RUNTIME_API_EXT","hipFree",2659034,2659034,10069,3219595939229323,3219595939230472
"HIP_RUNTIME_API_EXT","hipSetDevice",2659034,2659034,10070,3219595939231142,3219595939231194
"HIP_RUNTIME_API_EXT","hipFree",2659034,2659034,10071,3219595939231490,3219595939232901
"HIP_RUNTIME_API_EXT","hipSetDevice",2659034,2659034,10072,3219595939233283,3219595939233335
"HIP_RUNTIME_API_EXT","hipFree",2659034,2659034,10073,3219595939233919,3219595939235289
"HIP_RUNTIME_API_EXT","hipSetDevice",2659034,2659034,10074,3219595939235801,3219595939235854
"HIP_RUNTIME_API_EXT","hipFree",2659034,2659034,10075,3219595939236235,3219595939237522
"HIP_RUNTIME_API_EXT","hipSetDevice",2659034,2659034,10076,3219595939237900,3219595939237951
"HIP_RUNTIME_API_EXT","hipFree",2659034,2659034,10077,3219595939238332,3219595939239575
"HIP_RUNTIME_API_EXT","hipSetDevice",2659034,2659034,10078,3219595939240121,3219595939240173
"HIP_RUNTIME_API_EXT","hipFree",2659034,2659034,10079,3219595939240514,3219595939241881
"HIP_RUNTIME_API_EXT","hipSetDevice",2659034,2659034,10080,3219595939242243,3219595939242297
"HIP_RUNTIME_API_EXT","hipFree",2659034,2659034,10081,3219595939242762,3219595939244023
"HIP_RUNTIME_API_EXT","hipSetDevice",2659034,2659034,10082,3219595939244746,3219595939244800
"HIP_RUNTIME_API_EXT","hipFree",2659034,2659034,10083,3219595939245280,3219595939246425
"HIP_RUNTIME_API_EXT","hipSetDevice",2659034,2659034,10084,3219595939247047,3219595939247099
"HIP_RUNTIME_API_EXT","hipFree",2659034,2659034,10085,3219595939247423,3219595939248452
"HIP_RUNTIME_API_EXT","hipSetDevice",2659034,2659034,10086,3219595939249037,3219595939249091
"HIP_RUNTIME_API_EXT","hipFree",2659034,2659034,10087,3219595939249416,3219595939250518
"HIP_RUNTIME_API_EXT","hipSetDevice",2659034,2659034,10088,3219595939250959,3219595939251014
"HIP_RUNTIME_API_EXT","hipFree",2659034,2659034,10089,3219595939251403,3219595939252641
