"Domain","Function","Process_Id","Thread_Id","Correlation_Id","Start_Timestamp","End_Timestamp"
"HIP_COMPILER_API_EXT","__hipRegisterFatBinary",2926740,2926740,1,3618073512542539,3618073512549903
"HIP_COMPILER_API_EXT","__hipRegisterFunction",2926740,2926740,2,3618073512554832,3618073512563341
"HIP_COMPILER_API_EXT","__hipRegisterFunction",2926740,2926740,3,3618073512564353,3618073512570289
"HIP_COMPILER_API_EXT","__hipRegisterFunction",2926740,2926740,4,3618073512570625,3618073512571271
"HIP_COMPILER_API_EXT","__hipRegisterFunction",2926740,2926740,5,3618073512571591,3618073512572118
"HIP_COMPILER_API_EXT","__hipRegisterFunction",2926740,2926740,6,3618073512572455,3618073512572828
"HIP_COMPILER_API_EXT","__hipRegisterFunction",2926740,2926740,7,3618073512573198,3618073512573724
"HIP_COMPILER_API_EXT","__hipRegisterFunction",2926740,2926740,8,3618073512574079,3618073512574496
"HIP_COMPILER_API_EXT","__hipRegisterFunction",2926740,2926740,9,3618073512574829,3618073512574977
"HIP_COMPILER_API_EXT","__hipRegisterFunction",2926740,2926740,10,3618073512575311,3618073512575672
"HIP_COMPILER_API_EXT","__hipRegisterFunction",2926740,2926740,11,3618073512576029,3618073512576604
"HIP_COMPILER_API_EXT","__hipRegisterFunction",2926740,2926740,12,3618073512576931,3618073512577331
"HIP_COMPILER_API_EXT","__hipRegisterFunction",2926740,2926740,13,3618073512577658,3618073512578050
"HIP_COMPILER_API_EXT","__hipRegisterFunction",2926740,2926740,14,3618073512578380,3618073512578560
"HIP_COMPILER_API_EXT","__hipRegisterFunction",2926740,2926740,15,3618073512578916,3618073512579511
"HIP_COMPILER_API_EXT","__hipRegisterFunction",2926740,2926740,16,3618073512579897,3618073512580383
"HIP_COMPILER_API_EXT","__hipRegisterFunction",2926740,2926740,17,3618073512580745,3618073512580924
"HIP_COMPILER_API_EXT","__hipRegisterFunction",2926740,2926740,18,3618073512581266,3618073512581860
"HIP_COMPILER_API_EXT","__hipRegisterFunction",2926740,2926740,19,3618073512582218,3618073512582549
"HIP_COMPILER_API_EXT","__hipRegisterFunction",2926740,2926740,20,3618073512582894,3618073512583440
"HIP_COMPILER_API_EXT","__hipRegisterFunction",2926740,2926740,21,3618073512583778,3618073512584007
"HIP_COMPILER_API_EXT","__hipRegisterFunction",2926740,2926740,22,3618073512584364,3618073512584750
"HIP_COMPILER_API_EXT","__hipRegisterFunction",2926740,2926740,23,3618073512586227,3618073512586559
"HIP_COMPILER_API_EXT","__hipRegisterFunction",2926740,2926740,24,3618073512586884,3618073512587197
"HIP_COMPILER_API_EXT","__hipRegisterFunction",2926740,2926740,25,3618073512588904,3618073512589329
"HIP_COMPILER_API_EXT","__hipRegisterFunction",2926740,2926740,26,3618073512589671,3618073512590027
"HIP_COMPILER_API_EXT","__hipRegisterFunction",2926740,2926740,27,3618073512590376,3618073512590573
"HIP_COMPILER_API_EXT","__hipRegisterFunction",2926740,2926740,28,3618073512590901,3618073512591314
"HIP_COMPILER_API_EXT","__hipRegisterFunction",2926740,2926740,29,3618073512591633,3618073512591971
"HIP_COMPILER_API_EXT","__hipRegisterFunction",2926740,2926740,30,3618073512592319,3618073512592763
"HIP_COMPILER_API_EXT","__hipRegisterFunction",2926740,2926740,31,3618073512593118,3618073512593737
"HIP_COMPILER_API_EXT","__hipRegisterFunction",2926740,2926740,32,3618073512594098,3618073512594457
"HIP_COMPILER_API_EXT","__hipRegisterFunction",2926740,2926740,33,3618073512594824,3618073512595169
"HIP_COMPILER_API_EXT","__hipRegisterFunction",2926740,2926740,34,3618073512595497,3618073512595902
"HIP_COMPILER_API_EXT","__hipRegisterFunction",2926740,2926740,35,3618073512596269,3618073512596423
"HIP_COMPILER_API_EXT","__hipRegisterFunction",2926740,2926740,36,3618073512596763,3618073512597119
"HIP_COMPILER_API_EXT","__hipRegisterFunction",2926740,2926740,37,3618073512597445,3618073512597791
"HIP_COMPILER_API_EXT","__hipRegisterFunction",2926740,2926740,38,3618073512598118,3618073512598273
"HIP_COMPILER_API_EXT","__hipRegisterFunction",2926740,2926740,39,3618073512598656,3618073512599020
"HIP_COMPILER_API_EXT","__hipRegisterFunction",2926740,2926740,40,3618073512600476,3618073512600640
"HIP_COMPILER_API_EXT","__hipRegisterFunction",2926740,2926740,41,3618073512600999,3618073512601170
"HIP_COMPILER_API_EXT","__hipRegisterFunction",2926740,2926740,42,3618073512601496,3618073512601644
"HIP_COMPILER_API_EXT","__hipRegisterFunction",2926740,2926740,43,3618073512601991,3618073512602441
"HIP_COMPILER_API_EXT","__hipRegisterFunction",2926740,2926740,44,3618073512602768,3618073512603103
"HIP_COMPILER_API_EXT","__hipRegisterFunction",2926740,2926740,45,3618073512603424,3618073512603565
"HIP_COMPILER_API_EXT","__hipRegisterFunction",2926740,2926740,46,3618073512603898,3618073512604091
"HIP_COMPILER_API_EXT","__hipRegisterFunction",2926740,2926740,47,3618073512604426,3618073512604746
"HIP_COMPILER_API_EXT","__hipRegisterFunction",2926740,2926740,48,3618073512606598,3618073512606967
"HIP_COMPILER_API_EXT","__hipRegisterFunction",2926740,2926740,49,3618073512607311,3618073512607696
"HIP_COMPILER_API_EXT","__hipRegisterFunction",2926740,2926740,50,3618073512608041,3618073512608244
"HIP_COMPILER_API_EXT","__hipRegisterFunction",2926740,2926740,51,3618073512608581,3618073512608724
"HIP_COMPILER_API_EXT","__hipRegisterFunction",2926740,2926740,52,3618073512609053,3618073512609363
"HIP_COMPILER_API_EXT","__hipRegisterFunction",2926740,2926740,53,3618073512609689,3618073512609903
"HIP_COMPILER_API_EXT","__hipRegisterFunction",2926740,2926740,54,3618073512610264,3618073512610613
"HIP_COMPILER_API_EXT","__hipRegisterFunction",2926740,2926740,55,3618073512610945,3618073512611126
"HIP_COMPILER_API_EXT","__hipRegisterFunction",2926740,2926740,56,3618073512611448,3618073512611739
"HIP_COMPILER_API_EXT","__hipRegisterFunction",2926740,2926740,57,3618073512612076,3618073512612226
"HIP_COMPILER_API_EXT","__hipRegisterFunction",2926740,2926740,58,3618073512612553,3618073512613057
"HIP_COMPILER_API_EXT","__hipRegisterFunction",2926740,2926740,59,3618073512613380,3618073512613693
"HIP_COMPILER_API_EXT","__hipRegisterFunction",2926740,2926740,60,3618073512614027,3618073512614400
"HIP_COMPILER_API_EXT","__hipRegisterFunction",2926740,2926740,61,3618073512614720,3618073512615457
"HIP_COMPILER_API_EXT","__hipRegisterFunction",2926740,2926740,62,3618073512615903,3618073512616217
"HIP_COMPILER_API_EXT","__hipRegisterFunction",2926740,2926740,63,3618073512616586,3618073512616909
"HIP_COMPILER_API_EXT","__hipRegisterFunction",2926740,2926740,64,3618073512617249,3618073512617403
"HIP_COMPILER_API_EXT","__hipRegisterFunction",2926740,2926740,65,3618073512617911,3618073512618295
"HIP_COMPILER_API_EXT","__hipRegisterFunction",2926740,2926740,66,3618073512618644,3618073512619054
"HIP_COMPILER_API_EXT","__hipRegisterFunction",2926740,2926740,67,3618073512619394,3618073512619715
"HIP_COMPILER_API_EXT","__hipRegisterFunction",2926740,2926740,68,3618073512620051,3618073512620253
"HIP_COMPILER_API_EXT","__hipRegisterFunction",2926740,2926740,69,3618073512620585,3618073512620771
"HIP_COMPILER_API_EXT","__hipRegisterFunction",2926740,2926740,70,3618073512621102,3618073512621286
"HIP_COMPILER_API_EXT","__hipRegisterFunction",2926740,2926740,71,3618073512623077,3618073512623457
"HIP_COMPILER_API_EXT","__hipRegisterFunction",2926740,2926740,72,3618073512623799,3618073512624129
"HIP_COMPILER_API_EXT","__hipRegisterFunction",2926740,2926740,73,3618073512624459,3618073512624624
"HIP_COMPILER_API_EXT","__hipRegisterFunction",2926740,2926740,74,3618073512624957,3618073512625306
"HIP_COMPILER_API_EXT","__hipRegisterFunction",2926740,2926740,75,3618073512625642,3618073512626005
"HIP_COMPILER_API_EXT","__hipRegisterFunction",2926740,2926740,76,3618073512626343,3618073512626525
"HIP_COMPILER_API_EXT","__hipRegisterFunction",2926740,2926740,77,3618073512626856,3618073512627008
"HIP_COMPILER_API_EXT","__hipRegisterFunction",2926740,2926740,78,3618073512627379,3618073512627518
"HIP_COMPILER_API_EXT","__hipRegisterFunction",2926740,2926740,79,3618073512627862,3618073512628042
"HIP_COMPILER_API_EXT","__hipRegisterFunction",2926740,2926740,80,3618073512629098,3618073512629684
"HIP_COMPILER_API_EXT","__hipRegisterFunction",2926740,2926740,81,3618073512630002,3618073512630184
"HIP_COMPILER_API_EXT","__hipRegisterFunction",2926740,2926740,82,3618073512630499,3618073512630818
"HIP_COMPILER_API_EXT","__hipRegisterFunction",2926740,2926740,83,3618073512631143,3618073512631464
"HIP_COMPILER_API_EXT","__hipRegisterFunction",2926740,2926740,84,3618073512631785,3618073512631925
"HIP_COMPILER_API_EXT","__hipRegisterFunction",2926740,2926740,85,3618073512632250,3618073512632536
"HIP_COMPILER_API_EXT","__hipRegisterFunction",2926740,2926740,86,3618073512632873,3618073512633032
"HIP_COMPILER_API_EXT","__hipRegisterFunction",2926740,2926740,87,3618073512633384,3618073512633522
"HIP_COMPILER_API_EXT","__hipRegisterFunction",2926740,2926740,88,3618073512633868,3618073512634178
"HIP_COMPILER_API_EXT","__hipRegisterFunction",2926740,2926740,89,3618073512634524,3618073512634890
"HIP_COMPILER_API_EXT","__hipRegisterFunction",2926740,2926740,90,3618073512635212,3618073512635344
"HIP_COMPILER_API_EXT","__hipRegisterFunction",2926740,2926740,91,3618073512635699,3618073512635830
"HIP_COMPILER_API_EXT","__hipRegisterFunction",2926740,2926740,92,3618073512636147,3618073512636319
"HIP_COMPILER_API_EXT","__hipRegisterFunction",2926740,2926740,93,3618073512636640,3618073512636800
"HIP_COMPILER_API_EXT","__hipRegisterFunction",2926740,2926740,94,3618073512637123,3618073512637271
"HIP_COMPILER_API_EXT","__hipRegisterFunction",2926740,2926740,95,3618073512639554,3618073512639851
"HIP_COMPILER_API_EXT","__hipRegisterFunction",2926740,2926740,96,3618073512640248,3618073512640620
"HIP_COMPILER_API_EXT","__hipRegisterFunction",2926740,2926740,97,3618073512641006,3618073512641167
"HIP_COMPILER_API_EXT","__hipRegisterFunction",2926740,2926740,98,3618073512641542,3618073512641700
"HIP_COMPILER_API_EXT","__hipRegisterFunction",2926740,2926740,99,3618073512642077,3618073512642237
"HIP_COMPILER_API_EXT","__hipRegisterFunction",2926740,2926740,100,3618073512642604,3618073512642950
"HIP_COMPILER_API_EXT","__hipRegisterFunction",2926740,2926740,101,3618073512643390,3618073512643573
"HIP_COMPILER_API_EXT","__hipRegisterFunction",2926740,2926740,102,3618073512643939,3618073512644112
"HIP_COMPILER_API_EXT","__hipRegisterFunction",2926740,2926740,103,3618073512644481,3618073512644658
"HIP_COMPILER_API_EXT","__hipRegisterFunction",2926740,2926740,104,3618073512645031,3618073512645182
"HIP_COMPILER_API_EXT","__hipRegisterFunction",2926740,2926740,105,3618073512645550,3618073512645726
"HIP_COMPILER_API_EXT","__hipRegisterFunction",2926740,2926740,106,3618073512646092,3618073512646242
"HIP_COMPILER_API_EXT","__hipRegisterFunction",2926740,2926740,107,3618073512646624,3618073512646779
"HIP_COMPILER_API_EXT","__hipRegisterFunction",2926740,2926740,108,3618073512647164,3618073512647324
"HIP_COMPILER_API_EXT","__hipRegisterFunction",2926740,2926740,109,3618073512647715,3618073512648060
"HIP_COMPILER_API_EXT","__hipRegisterFunction",2926740,2926740,110,3618073512648427,3618073512648643
"HIP_COMPILER_API_EXT","__hipRegisterFunction",2926740,2926740,111,3618073512649019,3618073512649225
"HIP_COMPILER_API_EXT","__hipRegisterFunction",2926740,2926740,112,3618073512649601,3618073512649799
"HIP_COMPILER_API_EXT","__hipRegisterFunction",2926740,2926740,113,3618073512650169,3618073512650340
"HIP_COMPILER_API_EXT","__hipRegisterFunction",2926740,2926740,114,3618073512650711,3618073512650864
"HIP_COMPILER_API_EXT","__hipRegisterFunction",2926740,2926740,115,3618073512651243,3618073512651395
"HIP_COMPILER_API_EXT","__hipRegisterFunction",2926740,2926740,116,3618073512651777,3618073512651982
"HIP_COMPILER_API_EXT","__hipRegisterFunction",2926740,2926740,117,3618073512652370,3618073512652547
"HIP_COMPILER_API_EXT","__hipRegisterFunction",2926740,2926740,118,3618073512654323,3618073512654520
"HIP_COMPILER_API_EXT","__hipRegisterFunction",2926740,2926740,119,3618073512654916,3618073512655278
"HIP_COMPILER_API_EXT","__hipRegisterFunction",2926740,2926740,120,3618073512655651,3618073512655811
"HIP_COMPILER_API_EXT","__hipRegisterFunction",2926740,2926740,121,3618073512656186,3618073512656521
"HIP_COMPILER_API_EXT","__hipRegisterFunction",2926740,2926740,122,3618073512656906,3618073512657303
"HIP_COMPILER_API_EXT","__hipRegisterFunction",2926740,2926740,123,3618073512657673,3618073512657879
"HIP_COMPILER_API_EXT","__hipRegisterFunction",2926740,2926740,124,3618073512658247,3618073512658471
"HIP_COMPILER_API_EXT","__hipRegisterFunction",2926740,2926740,125,3618073512658846,3618073512659031
"HIP_COMPILER_API_EXT","__hipRegisterFunction",2926740,2926740,126,3618073512659404,3618073512659586
"HIP_COMPILER_API_EXT","__hipRegisterFunction",2926740,2926740,127,3618073512659993,3618073512660183
"HIP_COMPILER_API_EXT","__hipRegisterFunction",2926740,2926740,128,3618073512660626,3618073512660798
"HIP_COMPILER_API_EXT","__hipRegisterFunction",2926740,2926740,129,3618073512661259,3618073512662518
"HIP_COMPILER_API_EXT","__hipRegisterFunction",2926740,2926740,130,3618073512662947,3618073512663508
"HIP_COMPILER_API_EXT","__hipRegisterFunction",2926740,2926740,131,3618073512663955,3618073512664183
"HIP_COMPILER_API_EXT","__hipRegisterFunction",2926740,2926740,132,3618073512664564,3618073512664806
"HIP_COMPILER_API_EXT","__hipRegisterFunction",2926740,2926740,133,3618073512665191,3618073512665418
"HIP_COMPILER_API_EXT","__hipRegisterFunction",2926740,2926740,134,3618073512665804,3618073512666057
"HIP_COMPILER_API_EXT","__hipRegisterFunction",2926740,2926740,135,3618073512666432,3618073512666593
"HIP_COMPILER_API_EXT","__hipRegisterFunction",2926740,2926740,136,3618073512666961,3618073512667138
"HIP_COMPILER_API_EXT","__hipRegisterFunction",2926740,2926740,137,3618073512667504,3618073512667873
"HIP_COMPILER_API_EXT","__hipRegisterFunction",2926740,2926740,138,3618073512668243,3618073512668458
"HIP_COMPILER_API_EXT","__hipRegisterFunction",2926740,2926740,139,3618073512668833,3618073512668998
"HIP_COMPILER_API_EXT","__hipRegisterFunction",2926740,2926740,140,3618073512669371,3618073512669525
"HIP_COMPILER_API_EXT","__hipRegisterFunction",2926740,2926740,141,3618073512671488,3618073512671842
"HIP_COMPILER_API_EXT","__hipRegisterFunction",2926740,2926740,142,3618073512672254,3618073512672463
"HIP_COMPILER_API_EXT","__hipRegisterFunction",2926740,2926740,143,3618073512672880,3618073512673064
"HIP_COMPILER_API_EXT","__hipRegisterFunction",2926740,2926740,144,3618073512673448,3618073512673632
"HIP_COMPILER_API_EXT","__hipRegisterFunction",2926740,2926740,145,3618073512674007,3618073512674341
"HIP_COMPILER_API_EXT","__hipRegisterFunction",2926740,2926740,146,3618073512674736,3618073512675114
"HIP_COMPILER_API_EXT","__hipRegisterFunction",2926740,2926740,147,3618073512675489,3618073512675665
"HIP_COMPILER_API_EXT","__hipRegisterFunction",2926740,2926740,148,3618073512676028,3618073512676241
"HIP_COMPILER_API_EXT","__hipRegisterFunction",2926740,2926740,149,3618073512676617,3618073512676769
"HIP_COMPILER_API_EXT","__hipRegisterFunction",2926740,2926740,150,3618073512677134,3618073512677291
"HIP_COMPILER_API_EXT","__hipRegisterFunction",2926740,2926740,151,3618073512677670,3618073512677824
"HIP_COMPILER_API_EXT","__hipRegisterFunction",2926740,2926740,152,3618073512678196,3618073512678349
"HIP_COMPILER_API_EXT","__hipRegisterFunction",2926740,2926740,153,3618073512678719,3618073512678874
"HIP_COMPILER_API_EXT","__hipRegisterFunction",2926740,2926740,154,3618073512679247,3618073512679399
"HIP_COMPILER_API_EXT","__hipRegisterFunction",2926740,2926740,155,3618073512679776,3618073512680085
"HIP_COMPILER_API_EXT","__hipRegisterFunction",2926740,2926740,156,3618073512680489,3618073512680855
"HIP_COMPILER_API_EXT","__hipRegisterFunction",2926740,2926740,157,3618073512681254,3618073512681597
"HIP_COMPILER_API_EXT","__hipRegisterFunction",2926740,2926740,158,3618073512681972,3618073512682177
"HIP_COMPILER_API_EXT","__hipRegisterFunction",2926740,2926740,159,3618073512682557,3618073512682709
"HIP_COMPILER_API_EXT","__hipRegisterFunction",2926740,2926740,160,3618073512683083,3618073512683392
"HIP_COMPILER_API_EXT","__hipRegisterFunction",2926740,2926740,161,3618073512683785,3618073512684137
"HIP_COMPILER_API_EXT","__hipRegisterFunction",2926740,2926740,162,3618073512684507,3618073512684663
"HIP_COMPILER_API_EXT","__hipRegisterFunction",2926740,2926740,163,3618073512685039,3618073512685210
"HIP_COMPILER_API_EXT","__hipRegisterFunction",2926740,2926740,164,3618073512687250,3618073512687619
"HIP_COMPILER_API_EXT","__hipRegisterFunction",2926740,2926740,165,3618073512687997,3618073512688183
"HIP_COMPILER_API_EXT","__hipRegisterFunction",2926740,2926740,166,3618073512688551,3618073512688710
"HIP_COMPILER_API_EXT","__hipRegisterFunction",2926740,2926740,167,3618073512689090,3618073512689429
"HIP_COMPILER_API_EXT","__hipRegisterFunction",2926740,2926740,168,3618073512689792,3618073512689949
"HIP_COMPILER_API_EXT","__hipRegisterFunction",2926740,2926740,169,3618073512690323,3618073512690539
"HIP_COMPILER_API_EXT","__hipRegisterFunction",2926740,2926740,170,3618073512690907,3618073512691150
"HIP_COMPILER_API_EXT","__hipRegisterFunction",2926740,2926740,171,3618073512691525,3618073512691723
"HIP_COMPILER_API_EXT","__hipRegisterFunction",2926740,2926740,172,3618073512692094,3618073512692269
"HIP_COMPILER_API_EXT","__hipRegisterFunction",2926740,2926740,173,3618073512692634,3618073512692810
"HIP_COMPILER_API_EXT","__hipRegisterFunction",2926740,2926740,174,3618073512693182,3618073512693349
"HIP_COMPILER_API_EXT","__hipRegisterFunction",2926740,2926740,175,3618073512693729,3618073512694043
"HIP_COMPILER_API_EXT","__hipRegisterFunction",2926740,2926740,176,3618073512694412,3618073512694572
"HIP_COMPILER_API_EXT","__hipRegisterFunction",2926740,2926740,177,3618073512694945,3618073512695140
"HIP_COMPILER_API_EXT","__hipRegisterFunction",2926740,2926740,178,3618073512695515,3618073512695838
"HIP_COMPILER_API_EXT","__hipRegisterFunction",2926740,2926740,179,3618073512696214,3618073512696378
"HIP_COMPILER_API_EXT","__hipRegisterFunction",2926740,2926740,180,3618073512696751,3618073512696947
"HIP_COMPILER_API_EXT","__hipRegisterFunction",2926740,2926740,181,3618073512697327,3618073512697489
"HIP_COMPILER_API_EXT","__hipRegisterFunction",2926740,2926740,182,3618073512697856,3618073512698025
"HIP_COMPILER_API_EXT","__hipRegisterFunction",2926740,2926740,183,3618073512698402,3618073512698565
"HIP_COMPILER_API_EXT","__hipRegisterFunction",2926740,2926740,184,3618073512698935,3618073512699099
"HIP_COMPILER_API_EXT","__hipRegisterFunction",2926740,2926740,185,3618073512699475,3618073512699857
"HIP_COMPILER_API_EXT","__hipRegisterFunction",2926740,2926740,186,3618073512700227,3618073512700594
"HIP_COMPILER_API_EXT","__hipRegisterFunction",2926740,2926740,187,3618073512700972,3618073512701177
"HIP_COMPILER_API_EXT","__hipRegisterFunction",2926740,2926740,188,3618073512703187,3618073512703362
"HIP_COMPILER_API_EXT","__hipRegisterFunction",2926740,2926740,189,3618073512703739,3618073512703925
"HIP_COMPILER_API_EXT","__hipRegisterFunction",2926740,2926740,190,3618073512704322,3618073512704501
"HIP_COMPILER_API_EXT","__hipRegisterFunction",2926740,2926740,191,3618073512704876,3618073512705037
"HIP_COMPILER_API_EXT","__hipRegisterFunction",2926740,2926740,192,3618073512705411,3618073512705577
"HIP_COMPILER_API_EXT","__hipRegisterFunction",2926740,2926740,193,3618073512706023,3618073512706216
"HIP_COMPILER_API_EXT","__hipRegisterFunction",2926740,2926740,194,3618073512706581,3618073512706742
"HIP_COMPILER_API_EXT","__hipRegisterFunction",2926740,2926740,195,3618073512707130,3618073512707301
"HIP_COMPILER_API_EXT","__hipRegisterFunction",2926740,2926740,196,3618073512707686,3618073512708023
"HIP_COMPILER_API_EXT","__hipRegisterFunction",2926740,2926740,197,3618073512708392,3618073512708543
"HIP_COMPILER_API_EXT","__hipRegisterFunction",2926740,2926740,198,3618073512708916,3618073512709088
"HIP_COMPILER_API_EXT","__hipRegisterFunction",2926740,2926740,199,3618073512709456,3618073512709621
"HIP_COMPILER_API_EXT","__hipRegisterFunction",2926740,2926740,200,3618073512709997,3618073512710150
"HIP_COMPILER_API_EXT","__hipRegisterFunction",2926740,2926740,201,3618073512710524,3618073512710689
"HIP_COMPILER_API_EXT","__hipRegisterFunction",2926740,2926740,202,3618073512711067,3618073512711427
"HIP_COMPILER_API_EXT","__hipRegisterFunction",2926740,2926740,203,3618073512711809,3618073512711959
"HIP_COMPILER_API_EXT","__hipRegisterFunction",2926740,2926740,204,3618073512712330,3618073512712809
"HIP_COMPILER_API_EXT","__hipRegisterFunction",2926740,2926740,205,3618073512713177,3618073512713330
"HIP_COMPILER_API_EXT","__hipRegisterFunction",2926740,2926740,206,3618073512713703,3618073512713857
"HIP_COMPILER_API_EXT","__hipRegisterFunction",2926740,2926740,207,3618073512714233,3618073512714405
"HIP_COMPILER_API_EXT","__hipRegisterFunction",2926740,2926740,208,3618073512714776,3618073512714938
"HIP_COMPILER_API_EXT","__hipRegisterFunction",2926740,2926740,209,3618073512715312,3618073512715468
"HIP_COMPILER_API_EXT","__hipRegisterFunction",2926740,2926740,210,3618073512715852,3618073512716007
"HIP_COMPILER_API_EXT","__hipRegisterFunction",2926740,2926740,211,3618073512717852,3618073512718030
"HIP_COMPILER_API_EXT","__hipRegisterFunction",2926740,2926740,212,3618073512718405,3618073512718581
"HIP_COMPILER_API_EXT","__hipRegisterFunction",2926740,2926740,213,3618073512718958,3618073512719294
"HIP_COMPILER_API_EXT","__hipRegisterFunction",2926740,2926740,214,3618073512719730,3618073512719909
"HIP_COMPILER_API_EXT","__hipRegisterFunction",2926740,2926740,215,3618073512720284,3618073512720460
"HIP_COMPILER_API_EXT","__hipRegisterFunction",2926740,2926740,216,3618073512720833,3618073512721167
"HIP_COMPILER_API_EXT","__hipRegisterFunction",2926740,2926740,217,3618073512721533,3618073512721722
"HIP_COMPILER_API_EXT","__hipRegisterFunction",2926740,2926740,218,3618073512722101,3618073512722273
"HIP_COMPILER_API_EXT","__hipRegisterFunction",2926740,2926740,219,3618073512722662,3618073512722829
"HIP_COMPILER_API_EXT","__hipRegisterFunction",2926740,2926740,220,3618073512723198,3618073512723353
"HIP_COMPILER_API_EXT","__hipRegisterFunction",2926740,2926740,221,3618073512723727,3618073512723883
"HIP_COMPILER_API_EXT","__hipRegisterFunction",2926740,2926740,222,3618073512724254,3618073512724422
"HIP_COMPILER_API_EXT","__hipRegisterFunction",2926740,2926740,223,3618073512724794,3618073512725198
"HIP_COMPILER_API_EXT","__hipRegisterFatBinary",2926740,2926740,224,3618073512726032,3618073512726279
"HIP_COMPILER_API_EXT","__hipRegisterFunction",2926740,2926740,225,3618073512726689,3618073512726974
"HIP_COMPILER_API_EXT","__hipRegisterFunction",2926740,2926740,226,3618073512727374,3618073512727625
"HIP_COMPILER_API_EXT","__hipRegisterFatBinary",2926740,2926740,227,3618073512728192,3618073512728315
"HIP_COMPILER_API_EXT","__hipRegisterFunction",2926740,2926740,228,3618073512728712,3618073512728936
"HIP_RUNTIME_API_EXT","hipGetDeviceCount",2926740,2926740,229,3618073524979959,3618073585143045
"HIP_RUNTIME_API_EXT","hipSetDevice",2926740,2926740,230,3618073995099071,3618073995101814
"HIP_RUNTIME_API_EXT","hipMalloc",2926740,2926740,231,3618073995110940,3618073995176508
"HIP_RUNTIME_API_EXT","hipSetDevice",2926740,2926740,232,3618073995178636,3618073995178977
"HIP_RUNTIME_API_EXT","hipMemcpy",2926740,2926740,233,3618073995184668,3618074196122787
"HIP_RUNTIME_API_EXT","hipSetDevice",2926740,2926740,234,3618074645876615,3618074645878768
"HIP_RUNTIME_API_EXT","hipMalloc",2926740,2926740,235,3618074645884770,3618074645980444
"HIP_RUNTIME_API_EXT","hipSetDevice",2926740,2926740,236,3618074645983100,3618074645983259
"HIP_RUNTIME_API_EXT","hipMemcpy",2926740,2926740,237,3618074645985159,3618074647384072
"HIP_RUNTIME_API_EXT","hipSetDevice",2926740,2926740,238,3618074648350846,3618074648352372
"HIP_RUNTIME_API_EXT","hipMalloc",2926740,2926740,239,3618074648355051,3618074648404576
"HIP_RUNTIME_API_EXT","hipSetDevice",2926740,2926740,240,3618074648406058,3618074648406144
"HIP_COMPILER_API_EXT","__hipPushCallConfiguration",2926740,2926740,241,3618074648409715,3618074648420166
"HIP_COMPILER_API_EXT","__hipPopCallConfiguration",2926740,2926740,242,3618074648421351,3618074648422431
"HIP_RUNTIME_API_EXT","hipLaunchKernel",2926740,2926740,243,3618074648428895,3618074665555149
"HIP_RUNTIME_API_EXT","hipGetLastError",2926740,2926740,244,3618074665561820,3618074665569036
"HIP_RUNTIME_API_EXT","hipSetDevice",2926740,2926740,245,3618074665603906,3618074665604362
"HIP_RUNTIME_API_EXT","hipMalloc",2926740,2926740,246,3618074665606090,3618074665668904
"HIP_RUNTIME_API_EXT","hipSetDevice",2926740,2926740,247,3618074665670757,3618074665670912
"HIP_COMPILER_API_EXT","__hipPushCallConfiguration",2926740,2926740,248,3618074665673404,3618074665674154
"HIP_COMPILER_API_EXT","__hipPopCallConfiguration",2926740,2926740,249,3618074665675027,3618074665675665
"HIP_RUNTIME_API_EXT","hipLaunchKernel",2926740,2926740,250,3618074665678444,3618074665688164
"HIP_RUNTIME_API_EXT","hipGetLastError",2926740,2926740,251,3618074665689105,3618074665689215
"HIP_RUNTIME_API_EXT","hipSetDevice",2926740,2926740,252,3618074671481679,3618074671482414
"HIP_RUNTIME_API_EXT","hipMemcpy",2926740,2926740,253,3618074671484319,3618074676695492
"HIP_RUNTIME_API_EXT","hipSetDevice",2926740,2926740,254,3618075036442692,3618075036443943
"HIP_RUNTIME_API_EXT","hipMemcpy",2926740,2926740,255,3618075036446678,3618075039222966
"HIP_RUNTIME_API_EXT","hipSetDevice",2926740,2926740,256,3618075382345536,3618075382346723
"HIP_RUNTIME_API_EXT","hipSetDevice",2926740,2926740,257,3618075382350782,3618075382350932
"HIP_RUNTIME_API_EXT","hipStreamCreateWithFlags",2926740,2926740,258,3618075382367152,3618075429353191
"HIP_RUNTIME_API_EXT","hipSetDevice",2926740,2926740,259,3618075429395559,3618075429396184
"HIP_RUNTIME_API_EXT","hipSetDevice",2926740,2926740,260,3618075429397457,3618075429397528
"HIP_RUNTIME_API_EXT","hipStreamCreateWithFlags",2926740,2926740,261,3618075429399402,3618075495123445
"HIP_RUNTIME_API_EXT","hipSetDevice",2926740,2926740,262,3618075495169575,3618075495170332
"HIP_RUNTIME_API_EXT","hipEventCreateWithFlags",2926740,2926740,263,3618075495178942,3618075495181512
"HIP_RUNTIME_API_EXT","hipSetDevice",2926740,2926740,265,3618075501345004,3618075501346074
"HIP_RUNTIME_API_EXT","hipEventCreateWithFlags",2926740,2926740,266,3618075501348954,3618075501350454
"HIP_RUNTIME_API_EXT","hipSetDevice",2926740,2926740,267,3618075501357416,3618075501357557
"HIP_RUNTIME_API_EXT","hipEventCreateWithFlags",2926740,2926740,268,3618075501358381,3618075501358675
"HIP_RUNTIME_API_EXT","hipSetDevice",2926740,2926740,269,3618075501372570,3618075501372654
"HIP_RUNTIME_API_EXT","hipEventRecord",2926740,2926740,270,3618075501376350,3618075501392717
"HIP_RUNTIME_API_EXT","hipSetDevice",2926740,2926740,271,3618075501409933,3618075501410009
"HIP_RUNTIME_API_EXT","hipMalloc",2926740,2926740,272,3618075501429105,3618075501504121
"HIP_RUNTIME_API_EXT","hipMemset",2926740,2926740,273,3618075501510939,3618075501544375
"HIP_RUNTIME_API_EXT","hipGetDevice",2926740,2926740,274,3618075501546874,3618075501548554
"HIP_RUNTIME_API_EXT","hipGetDevice",2926740,2926740,275,3618075501550113,3618075501550200
"HIP_RUNTIME_API_EXT","hipGetDevicePropertiesR0600",2926740,2926740,276,3618075501551569,3618075501553961
"HIP_RUNTIME_API_EXT","hipSetDevice",2926740,2926740,277,3618075503143948,3618075503144144
"HIP_RUNTIME_API_EXT","hipSetDevice",2926740,2926740,278,3618075503144786,3618075503144845
"HIP_RUNTIME_API_EXT","hipSetDevice",2926740,2926740,279,3618075503145535,3618075503145598
"HIP_RUNTIME_API_EXT","hipGetDeviceCount",2926740,2926740,280,3618075503151074,3618075503151551
"HIP_RUNTIME_API_EXT","hipGetDevice",2926740,2926740,281,3618075503152892,3618075503153025
"HIP_RUNTIME_API_EXT","hipGetDevicePropertiesR0600",2926740,2926740,282,3618075503157234,3618075503157870
"HIP_RUNTIME_API_EXT","hipGetDeviceCount",2926740,2926740,283,3618075503176900,3618075503176958
"HIP_RUNTIME_API_EXT","hipGetDevicePropertiesR0600",2926740,2926740,284,3618075503177566,3618075503178296
"HIP_RUNTIME_API_EXT","hipGetDevicePropertiesR0600",2926740,2926740,285,3618075503179700,3618075503179817
"HIP_RUNTIME_API_EXT","hipGetDevicePropertiesR0600",2926740,2926740,286,3618075503181199,3618075503181771
"HIP_RUNTIME_API_EXT","hipRuntimeGetVersion",2926740,2926740,287,3618075503182664,3618075503183496
"HIP_RUNTIME_API_EXT","hipDeviceGetAttribute",2926740,2926740,288,3618075503189397,3618075503195239
"HIP_RUNTIME_API_EXT","hipDeviceGetAttribute",2926740,2926740,289,3618075503205916,3618075503207480
"HIP_RUNTIME_API_EXT","hipModuleLoad",2926740,2926740,290,3618075508983533,3618075664847919
"HIP_RUNTIME_API_EXT","hipGetDevice",2926740,2926740,291,3618075664869119,3618075664870134
"HIP_RUNTIME_API_EXT","hipGetDevicePropertiesR0600",2926740,2926740,292,3618075664871290,3618075664873765
"HIP_RUNTIME_API_EXT","hipGetDevice",2926740,2926740,293,3618075664875272,3618075664875412
"HIP_RUNTIME_API_EXT","hipGetDevicePropertiesR0600",2926740,2926740,294,3618075664876679,3618075664877478
"HIP_RUNTIME_API_EXT","hipGetDevice",2926740,2926740,295,3618075664878868,3618075664878920
"HIP_RUNTIME_API_EXT","hipGetDevicePropertiesR0600",2926740,2926740,296,3618075664879579,3618075664880412
"HIP_RUNTIME_API_EXT","hipGetDevice",2926740,2926740,297,3618075664882118,3618075664882238
"HIP_RUNTIME_API_EXT","hipGetDevicePropertiesR0600",2926740,2926740,298,3618075664882584,3618075664882713
"HIP_RUNTIME_API_EXT","hipGetDevice",2926740,2926740,299,3618075665136536,3618075665136723
"HIP_RUNTIME_API_EXT","hipGetDevicePropertiesR0600",2926740,2926740,300,3618075665137414,3618075665138383
"HIP_RUNTIME_API_EXT","hipRuntimeGetVersion",2926740,2926740,301,3618075665139172,3618075665139932
"HIP_RUNTIME_API_EXT","hipDeviceGetAttribute",2926740,2926740,302,3618075665142426,3618075665144796
"HIP_RUNTIME_API_EXT","hipDeviceGetAttribute",2926740,2926740,303,3618075665149336,3618075665150405
"HIP_RUNTIME_API_EXT","hipGetDevice",2926740,2926740,304,3618075665211112,3618075665211181
"HIP_RUNTIME_API_EXT","hipGetDevicePropertiesR0600",2926740,2926740,305,3618075665213741,3618075665213889
"HIP_RUNTIME_API_EXT","hipRuntimeGetVersion",2926740,2926740,306,3618075665214297,3618075665214374
"HIP_RUNTIME_API_EXT","hipDeviceGetAttribute",2926740,2926740,307,3618075665214693,3618075665214892
"HIP_RUNTIME_API_EXT","hipDeviceGetAttribute",2926740,2926740,308,3618075665215995,3618075665216155
"HIP_RUNTIME_API_EXT","hipGetDevice",2926740,2926740,309,3618075665254063,3618075665254125
"HIP_RUNTIME_API_EXT","hipGetDevicePropertiesR0600",2926740,2926740,310,3618075665254495,3618075665254645
"HIP_RUNTIME_API_EXT","hipRuntimeGetVersion",2926740,2926740,311,3618075665255019,3618075665255075
"HIP_RUNTIME_API_EXT","hipDeviceGetAttribute",2926740,2926740,312,3618075665255629,3618075665255815
"HIP_RUNTIME_API_EXT","hipDeviceGetAttribute",2926740,2926740,313,3618075665256801,3618075665256956
"HIP_RUNTIME_API_EXT","hipGetDevice",2926740,2926740,314,3618075665292315,3618075665292388
"HIP_RUNTIME_API_EXT","hipGetDevicePropertiesR0600",2926740,2926740,315,3618075665292749,3618075665292898
"HIP_RUNTIME_API_EXT","hipRuntimeGetVersion",2926740,2926740,316,3618075665293480,3618075665293524
"HIP_RUNTIME_API_EXT","hipDeviceGetAttribute",2926740,2926740,317,3618075665293875,3618075665294041
"HIP_RUNTIME_API_EXT","hipDeviceGetAttribute",2926740,2926740,318,3618075665295053,3618075665295210
"HIP_RUNTIME_API_EXT","hipGetDevice",2926740,2926740,319,3618075665328967,3618075665329034
"HIP_RUNTIME_API_EXT","hipGetDevicePropertiesR0600",2926740,2926740,320,3618075665329589,3618075665329740
"HIP_RUNTIME_API_EXT","hipRuntimeGetVersion",2926740,2926740,321,3618075665330249,3618075665330300
"HIP_RUNTIME_API_EXT","hipDeviceGetAttribute",2926740,2926740,322,3618075665330700,3618075665330874
"HIP_RUNTIME_API_EXT","hipDeviceGetAttribute",2926740,2926740,323,3618075665331900,3618075665332053
"HIP_RUNTIME_API_EXT","hipGetDevice",2926740,2926740,324,3618075665364869,3618075665364940
"HIP_RUNTIME_API_EXT","hipGetDevicePropertiesR0600",2926740,2926740,325,3618075665365318,3618075665365475
"HIP_RUNTIME_API_EXT","hipRuntimeGetVersion",2926740,2926740,326,3618075665365883,3618075665365928
"HIP_RUNTIME_API_EXT","hipDeviceGetAttribute",2926740,2926740,327,3618075665366347,3618075665366515
"HIP_RUNTIME_API_EXT","hipDeviceGetAttribute",2926740,2926740,328,3618075665368868,3618075665369030
"HIP_RUNTIME_API_EXT","hipGetDevice",2926740,2926740,329,3618075665401201,3618075665401274
"HIP_RUNTIME_API_EXT","hipGetDevicePropertiesR0600",2926740,2926740,330,3618075665401668,3618075665401819
"HIP_RUNTIME_API_EXT","hipRuntimeGetVersion",2926740,2926740,331,3618075665402199,3618075665402245
"HIP_RUNTIME_API_EXT","hipDeviceGetAttribute",2926740,2926740,332,3618075665402668,3618075665402837
"HIP_RUNTIME_API_EXT","hipDeviceGetAttribute",2926740,2926740,333,3618075665403745,3618075665403911
"HIP_RUNTIME_API_EXT","hipGetDevice",2926740,2926740,334,3618075665438613,3618075665438689
"HIP_RUNTIME_API_EXT","hipGetDevicePropertiesR0600",2926740,2926740,335,3618075665439088,3618075665439238
"HIP_RUNTIME_API_EXT","hipRuntimeGetVersion",2926740,2926740,336,3618075665439587,3618075665439633
"HIP_RUNTIME_API_EXT","hipDeviceGetAttribute",2926740,2926740,337,3618075665439990,3618075665440200
"HIP_RUNTIME_API_EXT","hipDeviceGetAttribute",2926740,2926740,338,3618075665441109,3618075665441267
"HIP_RUNTIME_API_EXT","hipGetDevice",2926740,2926740,339,3618075665474849,3618075665474914
"HIP_RUNTIME_API_EXT","hipGetDevicePropertiesR0600",2926740,2926740,340,3618075665475311,3618075665475455
"HIP_RUNTIME_API_EXT","hipRuntimeGetVersion",2926740,2926740,341,3618075665475780,3618075665475826
"HIP_RUNTIME_API_EXT","hipDeviceGetAttribute",2926740,2926740,342,3618075665476181,3618075665476345
"HIP_RUNTIME_API_EXT","hipDeviceGetAttribute",2926740,2926740,343,3618075665477204,3618075665477362
"HIP_RUNTIME_API_EXT","hipGetDevice",2926740,2926740,344,3618075665510708,3618075665510778
"HIP_RUNTIME_API_EXT","hipGetDevicePropertiesR0600",2926740,2926740,345,3618075665511146,3618075665511288
"HIP_RUNTIME_API_EXT","hipRuntimeGetVersion",2926740,2926740,346,3618075665511605,3618075665511652
"HIP_RUNTIME_API_EXT","hipDeviceGetAttribute",2926740,2926740,347,3618075665511973,3618075665512158
"HIP_RUNTIME_API_EXT","hipDeviceGetAttribute",2926740,2926740,348,3618075665514427,3618075665514604
"HIP_RUNTIME_API_EXT","hipGetDevice",2926740,2926740,349,3618075665546258,3618075665546318
"HIP_RUNTIME_API_EXT","hipGetDevicePropertiesR0600",2926740,2926740,350,3618075665546658,3618075665546809
"HIP_RUNTIME_API_EXT","hipRuntimeGetVersion",2926740,2926740,351,3618075665547140,3618075665547185
"HIP_RUNTIME_API_EXT","hipDeviceGetAttribute",2926740,2926740,352,3618075665563116,3618075665563312
"HIP_RUNTIME_API_EXT","hipDeviceGetAttribute",2926740,2926740,353,3618075665565923,3618075665566095
"HIP_RUNTIME_API_EXT","hipGetDevice",2926740,2926740,354,3618075665598237,3618075665598300
"HIP_RUNTIME_API_EXT","hipGetDevicePropertiesR0600",2926740,2926740,355,3618075665598666,3618075665598811
"HIP_RUNTIME_API_EXT","hipRuntimeGetVersion",2926740,2926740,356,3618075665599129,3618075665599176
"HIP_RUNTIME_API_EXT","hipDeviceGetAttribute",2926740,2926740,357,3618075665599675,3618075665599831
"HIP_RUNTIME_API_EXT","hipDeviceGetAttribute",2926740,2926740,358,3618075665602125,3618075665602288
"HIP_RUNTIME_API_EXT","hipGetDevice",2926740,2926740,359,3618075665635612,3618075665635676
"HIP_RUNTIME_API_EXT","hipGetDevicePropertiesR0600",2926740,2926740,360,3618075665636039,3618075665636191
"HIP_RUNTIME_API_EXT","hipRuntimeGetVersion",2926740,2926740,361,3618075665636717,3618075665636762
"HIP_RUNTIME_API_EXT","hipDeviceGetAttribute",2926740,2926740,362,3618075665637077,3618075665637243
"HIP_RUNTIME_API_EXT","hipDeviceGetAttribute",2926740,2926740,363,3618075665639524,3618075665639699
"HIP_RUNTIME_API_EXT","hipGetDevice",2926740,2926740,364,3618075665672545,3618075665672608
"HIP_RUNTIME_API_EXT","hipGetDevicePropertiesR0600",2926740,2926740,365,3618075665673167,3618075665673312
"HIP_RUNTIME_API_EXT","hipRuntimeGetVersion",2926740,2926740,366,3618075665673650,3618075665673694
"HIP_RUNTIME_API_EXT","hipDeviceGetAttribute",2926740,2926740,367,3618075665674031,3618075665674190
"HIP_RUNTIME_API_EXT","hipDeviceGetAttribute",2926740,2926740,368,3618075665674982,3618075665675133
"HIP_RUNTIME_API_EXT","hipGetDevice",2926740,2926740,369,3618075665706440,3618075665706503
"HIP_RUNTIME_API_EXT","hipGetDevicePropertiesR0600",2926740,2926740,370,3618075665706876,3618075665707030
"HIP_RUNTIME_API_EXT","hipRuntimeGetVersion",2926740,2926740,371,3618075665707386,3618075665707430
"HIP_RUNTIME_API_EXT","hipDeviceGetAttribute",2926740,2926740,372,3618075665707763,3618075665707922
"HIP_RUNTIME_API_EXT","hipDeviceGetAttribute",2926740,2926740,373,3618075665710323,3618075665710497
"HIP_RUNTIME_API_EXT","hipGetDevice",2926740,2926740,374,3618075665742571,3618075665742641
"HIP_RUNTIME_API_EXT","hipGetDevicePropertiesR0600",2926740,2926740,375,3618075665743409,3618075665743557
"HIP_RUNTIME_API_EXT","hipRuntimeGetVersion",2926740,2926740,376,3618075665745960,3618075665746006
"HIP_RUNTIME_API_EXT","hipDeviceGetAttribute",2926740,2926740,377,3618075665746356,3618075665746533
"HIP_RUNTIME_API_EXT","hipDeviceGetAttribute",2926740,2926740,378,3618075665747340,3618075665747507
"HIP_RUNTIME_API_EXT","hipGetDevice",2926740,2926740,379,3618075665780042,3618075665780108
"HIP_RUNTIME_API_EXT","hipGetDevicePropertiesR0600",2926740,2926740,380,3618075665780466,3618075665780616
"HIP_RUNTIME_API_EXT","hipRuntimeGetVersion",2926740,2926740,381,3618075665780963,3618075665781010
"HIP_RUNTIME_API_EXT","hipDeviceGetAttribute",2926740,2926740,382,3618075665781330,3618075665781489
"HIP_RUNTIME_API_EXT","hipDeviceGetAttribute",2926740,2926740,383,3618075665786729,3618075665786933
"HIP_RUNTIME_API_EXT","hipGetDevice",2926740,2926740,384,3618075665818902,3618075665818972
"HIP_RUNTIME_API_EXT","hipGetDevicePropertiesR0600",2926740,2926740,385,3618075665819382,3618075665819529
"HIP_RUNTIME_API_EXT","hipRuntimeGetVersion",2926740,2926740,386,3618075665819864,3618075665819909
"HIP_RUNTIME_API_EXT","hipDeviceGetAttribute",2926740,2926740,387,3618075665820230,3618075665820387
"HIP_RUNTIME_API_EXT","hipDeviceGetAttribute",2926740,2926740,388,3618075665821134,3618075665821287
"HIP_RUNTIME_API_EXT","hipGetDevice",2926740,2926740,389,3618075665856494,3618075665856560
"HIP_RUNTIME_API_EXT","hipGetDevicePropertiesR0600",2926740,2926740,390,3618075665856922,3618075665857075
"HIP_RUNTIME_API_EXT","hipRuntimeGetVersion",2926740,2926740,391,3618075665857404,3618075665857449
"HIP_RUNTIME_API_EXT","hipDeviceGetAttribute",2926740,2926740,392,3618075665857769,3618075665857930
"HIP_RUNTIME_API_EXT","hipDeviceGetAttribute",2926740,2926740,393,3618075665858711,3618075665858853
"HIP_RUNTIME_API_EXT","hipGetDevice",2926740,2926740,394,3618075665889977,3618075665890042
"HIP_RUNTIME_API_EXT","hipGetDevicePropertiesR0600",2926740,2926740,395,3618075665890402,3618075665890551
"HIP_RUNTIME_API_EXT","hipRuntimeGetVersion",2926740,2926740,396,3618075665890883,3618075665890928
"HIP_RUNTIME_API_EXT","hipDeviceGetAttribute",2926740,2926740,397,3618075665891246,3618075665891401
"HIP_RUNTIME_API_EXT","hipDeviceGetAttribute",2926740,2926740,398,3618075665892123,3618075665892272
"HIP_RUNTIME_API_EXT","hipGetDevice",2926740,2926740,399,3618075665926721,3618075665926788
"HIP_RUNTIME_API_EXT","hipGetDevicePropertiesR0600",2926740,2926740,400,3618075665927155,3618075665927305
"HIP_RUNTIME_API_EXT","hipRuntimeGetVersion",2926740,2926740,401,3618075665927615,3618075665927662
"HIP_RUNTIME_API_EXT","hipDeviceGetAttribute",2926740,2926740,402,3618075665928031,3618075665928184
"HIP_RUNTIME_API_EXT","hipDeviceGetAttribute",2926740,2926740,403,3618075665928909,3618075665929058
"HIP_RUNTIME_API_EXT","hipGetDevice",2926740,2926740,404,3618075665960386,3618075665960457
"HIP_RUNTIME_API_EXT","hipGetDevicePropertiesR0600",2926740,2926740,405,3618075665960817,3618075665960968
"HIP_RUNTIME_API_EXT","hipRuntimeGetVersion",2926740,2926740,406,3618075665961293,3618075665961338
"HIP_RUNTIME_API_EXT","hipDeviceGetAttribute",2926740,2926740,407,3618075665961661,3618075665961810
"HIP_RUNTIME_API_EXT","hipDeviceGetAttribute",2926740,2926740,408,3618075665962634,3618075665962786
"HIP_RUNTIME_API_EXT","hipGetDevice",2926740,2926740,409,3618075665995992,3618075665996067
"HIP_RUNTIME_API_EXT","hipGetDevicePropertiesR0600",2926740,2926740,410,3618075665996444,3618075665996586
"HIP_RUNTIME_API_EXT","hipRuntimeGetVersion",2926740,2926740,411,3618075665996901,3618075665996948
"HIP_RUNTIME_API_EXT","hipDeviceGetAttribute",2926740,2926740,412,3618075665997267,3618075665997420
"HIP_RUNTIME_API_EXT","hipDeviceGetAttribute",2926740,2926740,413,3618075665998174,3618075665998320
"HIP_RUNTIME_API_EXT","hipGetDevice",2926740,2926740,414,3618075666029840,3618075666029902
"HIP_RUNTIME_API_EXT","hipGetDevicePropertiesR0600",2926740,2926740,415,3618075666030277,3618075666030429
"HIP_RUNTIME_API_EXT","hipRuntimeGetVersion",2926740,2926740,416,3618075666030778,3618075666030822
"HIP_RUNTIME_API_EXT","hipDeviceGetAttribute",2926740,2926740,417,3618075666031390,3618075666031572
"HIP_RUNTIME_API_EXT","hipDeviceGetAttribute",2926740,2926740,418,3618075666033820,3618075666033996
"HIP_RUNTIME_API_EXT","hipGetDevice",2926740,2926740,419,3618075666064918,3618075666064986
"HIP_RUNTIME_API_EXT","hipGetDevicePropertiesR0600",2926740,2926740,420,3618075666065346,3618075666065500
"HIP_RUNTIME_API_EXT","hipRuntimeGetVersion",2926740,2926740,421,3618075666066032,3618075666066078
"HIP_RUNTIME_API_EXT","hipDeviceGetAttribute",2926740,2926740,422,3618075666067989,3618075666068166
"HIP_RUNTIME_API_EXT","hipDeviceGetAttribute",2926740,2926740,423,3618075666068921,3618075666069072
"HIP_RUNTIME_API_EXT","hipGetDevice",2926740,2926740,424,3618075666100066,3618075666100132
"HIP_RUNTIME_API_EXT","hipGetDevicePropertiesR0600",2926740,2926740,425,3618075666100511,3618075666100676
"HIP_RUNTIME_API_EXT","hipRuntimeGetVersion",2926740,2926740,426,3618075666101025,3618075666101070
"HIP_RUNTIME_API_EXT","hipDeviceGetAttribute",2926740,2926740,427,3618075666101386,3618075666101545
"HIP_RUNTIME_API_EXT","hipDeviceGetAttribute",2926740,2926740,428,3618075666103666,3618075666103827
"HIP_RUNTIME_API_EXT","hipGetDevice",2926740,2926740,429,3618075666135286,3618075666135351
"HIP_RUNTIME_API_EXT","hipGetDevicePropertiesR0600",2926740,2926740,430,3618075666135725,3618075666135874
"HIP_RUNTIME_API_EXT","hipRuntimeGetVersion",2926740,2926740,431,3618075666136223,3618075666136269
"HIP_RUNTIME_API_EXT","hipDeviceGetAttribute",2926740,2926740,432,3618075666136612,3618075666136777
"HIP_RUNTIME_API_EXT","hipDeviceGetAttribute",2926740,2926740,433,3618075666137518,3618075666137674
"HIP_RUNTIME_API_EXT","hipModuleLoad",2926740,2926740,434,3618075666259466,3618075672719555
"HIP_RUNTIME_API_EXT","hipModuleGetFunction",2926740,2926740,435,3618075672730219,3618075672732732
"HIP_RUNTIME_API_EXT","hipGetLastError",2926740,2926740,436,3618075672734440,3618075672735629
"HIP_RUNTIME_API_EXT","hipModuleGetFunction",2926740,2926740,437,3618075672736548,3618075672738343
"HIP_RUNTIME_API_EXT","hipExtModuleLaunchKernel",2926740,2926740,438,3618075672748439,3618075672772789
"HIP_RUNTIME_API_EXT","hipSetDevice",2926740,2926740,439,3618075672799932,3618075672800402
"HIP_RUNTIME_API_EXT","hipEventRecord",2926740,2926740,440,3618075672803092,3618075672807889
"HIP_RUNTIME_API_EXT","hipEventQuery",2926740,2926740,441,3618075672814818,3618075672816863
"HIP_RUNTIME_API_EXT","hipEventSynchronize",2926740,2926740,442,3618075672830088,3618075672934612
"HIP_RUNTIME_API_EXT","hipEventElapsedTime",2926740,2926740,443,3618075672939226,3618075672962207
"HIP_RUNTIME_API_EXT","hipSetDevice",2926740,2926740,444,3618075673125166,3618075673125426
"HIP_RUNTIME_API_EXT","hipEventDestroy",2926740,2926740,445,3618075673126770,3618075673128665
"HIP_RUNTIME_API_EXT","hipSetDevice",2926740,2926740,446,3618075673134794,3618075673134875
"HIP_RUNTIME_API_EXT","hipEventDestroy",2926740,2926740,447,3618075673135195,3618075673135380
"HIP_RUNTIME_API_EXT","hipSetDevice",2926740,2926740,448,3618075673178766,3618075673178855
"HIP_RUNTIME_API_EXT","hipEventCreateWithFlags",2926740,2926740,449,3618075673179878,3618075673180469
"HIP_RUNTIME_API_EXT","hipSetDevice",2926740,2926740,450,3618075673184841,3618075673184903
"HIP_RUNTIME_API_EXT","hipEventCreateWithFlags",2926740,2926740,451,3618075673185328,3618075673185504
"HIP_RUNTIME_API_EXT","hipSetDevice",2926740,2926740,453,3618075673212416,3618075673212489
"HIP_RUNTIME_API_EXT","hipEventRecord",2926740,2926740,454,3618075673213957,3618075673217497
"HIP_RUNTIME_API_EXT","hipSetDevice",2926740,2926740,455,3618075673223882,3618075673223947
"HIP_RUNTIME_API_EXT","hipSetDevice",2926740,2926740,456,3618075673241371,3618075673241437
"HIP_RUNTIME_API_EXT","hipSetDevice",2926740,2926740,457,3618075673241787,3618075673241842
"HIP_RUNTIME_API_EXT","hipSetDevice",2926740,2926740,458,3618075673242551,3618075673242603
"HIP_RUNTIME_API_EXT","hipGetDevice",2926740,2926740,459,3618075673246768,3618075673247224
"HIP_RUNTIME_API_EXT","hipGetDevicePropertiesR0600",2926740,2926740,460,3618075673247964,3618075673249066
"HIP_RUNTIME_API_EXT","hipGetDevice",2926740,2926740,461,3618075673250172,3618075673250246
"HIP_RUNTIME_API_EXT","hipGetDevicePropertiesR0600",2926740,2926740,462,3618075673250780,3618075673250901
"HIP_RUNTIME_API_EXT","hipGetDevice",2926740,2926740,463,3618075673251718,3618075673251765
"HIP_RUNTIME_API_EXT","hipGetDevicePropertiesR0600",2926740,2926740,464,3618075673252087,3618075673252264
"HIP_RUNTIME_API_EXT","hipGetDevice",2926740,2926740,465,3618075673252619,3618075673252667
"HIP_RUNTIME_API_EXT","hipGetDevicePropertiesR0600",2926740,2926740,466,3618075673253132,3618075673253232
"HIP_RUNTIME_API_EXT","hipExtModuleLaunchKernel",2926740,2926740,467,3618075673272181,3618075673290433
"HIP_RUNTIME_API_EXT","hipSetDevice",2926740,2926740,468,3618075673294859,3618075673294953
"HIP_RUNTIME_API_EXT","hipEventRecord",2926740,2926740,469,3618075673295550,3618075673297225
"HIP_RUNTIME_API_EXT","hipEventQuery",2926740,2926740,470,3618075673301644,3618075673302171
"HIP_RUNTIME_API_EXT","hipEventQuery",2926740,2926740,471,3618075673312313,3618075673312493
"HIP_RUNTIME_API_EXT","hipSetDevice",2926740,2926740,472,3618075673316763,3618075673316829
"HIP_RUNTIME_API_EXT","hipSetDevice",2926740,2926740,473,3618075673323428,3618075673323487
"HIP_RUNTIME_API_EXT","hipSetDevice",2926740,2926740,474,3618075673324059,3618075673324111
"HIP_RUNTIME_API_EXT","hipSetDevice",2926740,2926740,475,3618075673324463,3618075673324513
"HIP_RUNTIME_API_EXT","hipGetDevice",2926740,2926740,476,3618075673325511,3618075673325574
"HIP_RUNTIME_API_EXT","hipGetDevicePropertiesR0600",2926740,2926740,477,3618075673325979,3618075673326194
"HIP_RUNTIME_API_EXT","hipGetDevice",2926740,2926740,478,3618075673326787,3618075673326837
"HIP_RUNTIME_API_EXT","hipGetDevicePropertiesR0600",2926740,2926740,479,3618075673327136,3618075673327238
"HIP_RUNTIME_API_EXT","hipGetDevice",2926740,2926740,480,3618075673327761,3618075673327813
"HIP_RUNTIME_API_EXT","hipGetDevicePropertiesR0600",2926740,2926740,481,3618075673328116,3618075673328242
"HIP_RUNTIME_API_EXT","hipGetDevice",2926740,2926740,482,3618075673328790,3618075673328839
"HIP_RUNTIME_API_EXT","hipGetDevicePropertiesR0600",2926740,2926740,483,3618075673329134,3618075673329261
"HIP_RUNTIME_API_EXT","hipExtModuleLaunchKernel",2926740,2926740,484,3618075673334586,3618075673341073
"HIP_RUNTIME_API_EXT","hipSetDevice",2926740,2926740,485,3618075673344400,3618075673344473
"HIP_RUNTIME_API_EXT","hipSetDevice",2926740,2926740,486,3618075673351251,3618075673351313
"HIP_RUNTIME_API_EXT","hipSetDevice",2926740,2926740,487,3618075673351622,3618075673351676
"HIP_RUNTIME_API_EXT","hipSetDevice",2926740,2926740,488,3618075673352114,3618075673352167
"HIP_RUNTIME_API_EXT","hipGetDevice",2926740,2926740,489,3618075673352670,3618075673352748
"HIP_RUNTIME_API_EXT","hipGetDevicePropertiesR0600",2926740,2926740,490,3618075673353270,3618075673353419
"HIP_RUNTIME_API_EXT","hipGetDevice",2926740,2926740,491,3618075673353784,3618075673353836
"HIP_RUNTIME_API_EXT","hipGetDevicePropertiesR0600",2926740,2926740,492,3618075673354137,3618075673354254
"HIP_RUNTIME_API_EXT","hipGetDevice",2926740,2926740,493,3618075673355914,3618075673355966
"HIP_RUNTIME_API_EXT","hipGetDevicePropertiesR0600",2926740,2926740,494,3618075673356473,3618075673356600
"HIP_RUNTIME_API_EXT","hipGetDevice",2926740,2926740,495,3618075673356956,3618075673357006
"HIP_RUNTIME_API_EXT","hipGetDevicePropertiesR0600",2926740,2926740,496,3618075673357306,3618075673357406
"HIP_RUNTIME_API_EXT","hipExtModuleLaunchKernel",2926740,2926740,497,3618075673362187,3618075673366567
"HIP_RUNTIME_API_EXT","hipSetDevice",2926740,2926740,498,3618075673370959,3618075673371033
"HIP_RUNTIME_API_EXT","hipSetDevice",2926740,2926740,499,3618075673375210,3618075673375267
"HIP_RUNTIME_API_EXT","hipSetDevice",2926740,2926740,500,3618075673375572,3618075673375623
"HIP_RUNTIME_API_EXT","hipSetDevice",2926740,2926740,501,3618075673376085,3618075673376138
"HIP_RUNTIME_API_EXT","hipGetDevice",2926740,2926740,502,3618075673376798,3618075673376846
"HIP_RUNTIME_API_EXT","hipGetDevicePropertiesR0600",2926740,2926740,503,3618075673377192,3618075673377344
"HIP_RUNTIME_API_EXT","hipGetDevice",2926740,2926740,504,3618075673377740,3618075673377787
"HIP_RUNTIME_API_EXT","hipGetDevicePropertiesR0600",2926740,2926740,505,3618075673378099,3618075673378202
"HIP_RUNTIME_API_EXT","hipGetDevice",2926740,2926740,506,3618075673378833,3618075673378885
"HIP_RUNTIME_API_EXT","hipGetDevicePropertiesR0600",2926740,2926740,507,3618075673379204,3618075673379325
"HIP_RUNTIME_API_EXT","hipGetDevice",2926740,2926740,508,3618075673379702,3618075673379752
"HIP_RUNTIME_API_EXT","hipGetDevicePropertiesR0600",2926740,2926740,509,3618075673380078,3618075673380180
"HIP_RUNTIME_API_EXT","hipExtModuleLaunchKernel",2926740,2926740,510,3618075673384198,3618075673389545
"HIP_RUNTIME_API_EXT","hipSetDevice",2926740,2926740,511,3618075673392678,3618075673392742
"HIP_RUNTIME_API_EXT","hipSetDevice",2926740,2926740,512,3618075673397835,3618075673397900
"HIP_RUNTIME_API_EXT","hipSetDevice",2926740,2926740,513,3618075673398416,3618075673398472
"HIP_RUNTIME_API_EXT","hipSetDevice",2926740,2926740,514,3618075673399075,3618075673399127
"HIP_RUNTIME_API_EXT","hipGetDevice",2926740,2926740,515,3618075673399593,3618075673399642
"HIP_RUNTIME_API_EXT","hipGetDevicePropertiesR0600",2926740,2926740,516,3618075673401432,3618075673401589
"HIP_RUNTIME_API_EXT","hipGetDevice",2926740,2926740,517,3618075673402005,3618075673402057
"HIP_RUNTIME_API_EXT","hipGetDevicePropertiesR0600",2926740,2926740,518,3618075673402357,3618075673402458
"HIP_RUNTIME_API_EXT","hipGetDevice",2926740,2926740,519,3618075673402931,3618075673402980
"HIP_RUNTIME_API_EXT","hipGetDevicePropertiesR0600",2926740,2926740,520,3618075673403311,3618075673403425
"HIP_RUNTIME_API_EXT","hipGetDevice",2926740,2926740,521,3618075673403853,3618075673403900
"HIP_RUNTIME_API_EXT","hipGetDevicePropertiesR0600",2926740,2926740,522,3618075673404198,3618075673404299
"HIP_RUNTIME_API_EXT","hipExtModuleLaunchKernel",2926740,2926740,523,3618075673408704,3618075673413422
"HIP_RUNTIME_API_EXT","hipSetDevice",2926740,2926740,524,3618075673416684,3618075673416909
"HIP_RUNTIME_API_EXT","hipSetDevice",2926740,2926740,525,3618075673421198,3618075673421255
"HIP_RUNTIME_API_EXT","hipSetDevice",2926740,2926740,526,3618075673421585,3618075673421636
"HIP_RUNTIME_API_EXT","hipSetDevice",2926740,2926740,527,3618075673422039,3618075673422092
"HIP_RUNTIME_API_EXT","hipGetDevice",2926740,2926740,528,3618075673422599,3618075673422652
"HIP_RUNTIME_API_EXT","hipGetDevicePropertiesR0600",2926740,2926740,529,3618075673423020,3618075673423324
"HIP_RUNTIME_API_EXT","hipGetDevice",2926740,2926740,530,3618075673423695,3618075673423745
"HIP_RUNTIME_API_EXT","hipGetDevicePropertiesR0600",2926740,2926740,531,3618075673424166,3618075673424266
"HIP_RUNTIME_API_EXT","hipGetDevice",2926740,2926740,532,3618075673424674,3618075673424723
"HIP_RUNTIME_API_EXT","hipGetDevicePropertiesR0600",2926740,2926740,533,3618075673425020,3618075673425132
"HIP_RUNTIME_API_EXT","hipGetDevice",2926740,2926740,534,3618075673425501,3618075673425547
"HIP_RUNTIME_API_EXT","hipGetDevicePropertiesR0600",2926740,2926740,535,3618075673425872,3618075673425982
"HIP_RUNTIME_API_EXT","hipExtModuleLaunchKernel",2926740,2926740,536,3618075673429657,3618075673434762
"HIP_RUNTIME_API_EXT","hipSetDevice",2926740,2926740,537,3618075673437510,3618075673437584
"HIP_RUNTIME_API_EXT","hipSetDevice",2926740,2926740,538,3618075673443873,3618075673443931
"HIP_RUNTIME_API_EXT","hipSetDevice",2926740,2926740,539,3618075673444244,3618075673444298
"HIP_RUNTIME_API_EXT","hipSetDevice",2926740,2926740,540,3618075673445907,3618075673445962
"HIP_RUNTIME_API_EXT","hipGetDevice",2926740,2926740,541,3618075673446471,3618075673446524
"HIP_RUNTIME_API_EXT","hipGetDevicePropertiesR0600",2926740,2926740,542,3618075673447053,3618075673447197
"HIP_RUNTIME_API_EXT","hipGetDevice",2926740,2926740,543,3618075673447575,3618075673447624
"HIP_RUNTIME_API_EXT","hipGetDevicePropertiesR0600",2926740,2926740,544,3618075673447926,3618075673448027
"HIP_RUNTIME_API_EXT","hipGetDevice",2926740,2926740,545,3618075673448496,3618075673448547
"HIP_RUNTIME_API_EXT","hipGetDevicePropertiesR0600",2926740,2926740,546,3618075673449044,3618075673449162
"HIP_RUNTIME_API_EXT","hipGetDevice",2926740,2926740,547,3618075673449512,3618075673449562
"HIP_RUNTIME_API_EXT","hipGetDevicePropertiesR0600",2926740,2926740,548,3618075673449856,3618075673449958
"HIP_RUNTIME_API_EXT","hipExtModuleLaunchKernel",2926740,2926740,549,3618075673453863,3618075673457915
"HIP_RUNTIME_API_EXT","hipSetDevice",2926740,2926740,550,3618075673461030,3618075673461098
"HIP_RUNTIME_API_EXT","hipSetDevice",2926740,2926740,551,3618075673465965,3618075673466022
"HIP_RUNTIME_API_EXT","hipSetDevice",2926740,2926740,552,3618075673466328,3618075673466377
"HIP_RUNTIME_API_EXT","hipSetDevice",2926740,2926740,553,3618075673466764,3618075673466821
"HIP_RUNTIME_API_EXT","hipGetDevice",2926740,2926740,554,3618075673467290,3618075673467340
"HIP_RUNTIME_API_EXT","hipGetDevicePropertiesR0600",2926740,2926740,555,3618075673467682,3618075673467830
"HIP_RUNTIME_API_EXT","hipGetDevice",2926740,2926740,556,3618075673468211,3618075673468259
"HIP_RUNTIME_API_EXT","hipGetDevicePropertiesR0600",2926740,2926740,557,3618075673468560,3618075673468672
"HIP_RUNTIME_API_EXT","hipGetDevice",2926740,2926740,558,3618075673469134,3618075673469181
"HIP_RUNTIME_API_EXT","hipGetDevicePropertiesR0600",2926740,2926740,559,3618075673469482,3618075673469602
"HIP_RUNTIME_API_EXT","hipGetDevice",2926740,2926740,560,3618075673469954,3618075673469999
"HIP_RUNTIME_API_EXT","hipGetDevicePropertiesR0600",2926740,2926740,561,3618075673470299,3618075673470399
"HIP_RUNTIME_API_EXT","hipExtModuleLaunchKernel",2926740,2926740,562,3618075673474534,3618075673479395
"HIP_RUNTIME_API_EXT","hipSetDevice",2926740,2926740,563,3618075673484139,3618075673484211
"HIP_RUNTIME_API_EXT","hipSetDevice",2926740,2926740,564,3618075673491172,3618075673491227
"HIP_RUNTIME_API_EXT","hipSetDevice",2926740,2926740,565,3618075673491697,3618075673491982
"HIP_RUNTIME_API_EXT","hipSetDevice",2926740,2926740,566,3618075673492342,3618075673492396
"HIP_RUNTIME_API_EXT","hipGetDevice",2926740,2926740,567,3618075673492876,3618075673492925
"HIP_RUNTIME_API_EXT","hipGetDevicePropertiesR0600",2926740,2926740,568,3618075673493252,3618075673493396
"HIP_RUNTIME_API_EXT","hipGetDevice",2926740,2926740,569,3618075673493772,3618075673493821
"HIP_RUNTIME_API_EXT","hipGetDevicePropertiesR0600",2926740,2926740,570,3618075673494136,3618075673494236
"HIP_RUNTIME_API_EXT","hipGetDevice",2926740,2926740,571,3618075673494677,3618075673494724
"HIP_RUNTIME_API_EXT","hipGetDevicePropertiesR0600",2926740,2926740,572,3618075673495029,3618075673495146
"HIP_RUNTIME_API_EXT","hipGetDevice",2926740,2926740,573,3618075673495483,3618075673495529
"HIP_RUNTIME_API_EXT","hipGetDevicePropertiesR0600",2926740,2926740,574,3618075673495832,3618075673495960
"HIP_RUNTIME_API_EXT","hipExtModuleLaunchKernel",2926740,2926740,575,3618075673500575,3618075673505121
"HIP_RUNTIME_API_EXT","hipSetDevice",2926740,2926740,576,3618075673508366,3618075673508440
"HIP_RUNTIME_API_EXT","hipSetDevice",2926740,2926740,577,3618075673514582,3618075673514643
"HIP_RUNTIME_API_EXT","hipSetDevice",2926740,2926740,578,3618075673514955,3618075673515005
"HIP_RUNTIME_API_EXT","hipSetDevice",2926740,2926740,579,3618075673515383,3618075673515437
"HIP_RUNTIME_API_EXT","hipGetDevice",2926740,2926740,580,3618075673515979,3618075673516029
"HIP_RUNTIME_API_EXT","hipGetDevicePropertiesR0600",2926740,2926740,581,3618075673516374,3618075673516520
"HIP_RUNTIME_API_EXT","hipGetDevice",2926740,2926740,582,3618075673516974,3618075673517024
"HIP_RUNTIME_API_EXT","hipGetDevicePropertiesR0600",2926740,2926740,583,3618075673517334,3618075673517431
"HIP_RUNTIME_API_EXT","hipGetDevice",2926740,2926740,584,3618075673517898,3618075673517946
"HIP_RUNTIME_API_EXT","hipGetDevicePropertiesR0600",2926740,2926740,585,3618075673518258,3618075673518368
"HIP_RUNTIME_API_EXT","hipGetDevice",2926740,2926740,586,3618075673520071,3618075673520121
"HIP_RUNTIME_API_EXT","hipGetDevicePropertiesR0600",2926740,2926740,587,3618075673520429,3618075673520545
"HIP_RUNTIME_API_EXT","hipExtModuleLaunchKernel",2926740,2926740,588,3618075673524579,3618075673529782
"HIP_RUNTIME_API_EXT","hipSetDevice",2926740,2926740,589,3618075673534051,3618075673534337
"HIP_RUNTIME_API_EXT","hipSetDevice",2926740,2926740,590,3618075673538532,3618075673538591
"HIP_RUNTIME_API_EXT","hipSetDevice",2926740,2926740,591,3618075673538894,3618075673538948
"HIP_RUNTIME_API_EXT","hipSetDevice",2926740,2926740,592,3618075673539358,3618075673539414
"HIP_RUNTIME_API_EXT","hipGetDevice",2926740,2926740,593,3618075673539884,3618075673539936
"HIP_RUNTIME_API_EXT","hipGetDevicePropertiesR0600",2926740,2926740,594,3618075673540243,3618075673540391
"HIP_RUNTIME_API_EXT","hipGetDevice",2926740,2926740,595,3618075673540751,3618075673540800
"HIP_RUNTIME_API_EXT","hipGetDevicePropertiesR0600",2926740,2926740,596,3618075673541108,3618075673541210
"HIP_RUNTIME_API_EXT","hipGetDevice",2926740,2926740,597,3618075673541677,3618075673541724
"HIP_RUNTIME_API_EXT","hipGetDevicePropertiesR0600",2926740,2926740,598,3618075673542024,3618075673542153
"HIP_RUNTIME_API_EXT","hipGetDevice",2926740,2926740,599,3618075673542511,3618075673542560
"HIP_RUNTIME_API_EXT","hipGetDevicePropertiesR0600",2926740,2926740,600,3618075673542862,3618075673542959
"HIP_RUNTIME_API_EXT","hipExtModuleLaunchKernel",2926740,2926740,601,3618075673546368,3618075673551276
"HIP_RUNTIME_API_EXT","hipSetDevice",2926740,2926740,602,3618075673554718,3618075673554791
"HIP_RUNTIME_API_EXT","hipSetDevice",2926740,2926740,603,3618075673559923,3618075673559979
"HIP_RUNTIME_API_EXT","hipSetDevice",2926740,2926740,604,3618075673560283,3618075673560336
"HIP_RUNTIME_API_EXT","hipSetDevice",2926740,2926740,605,3618075673560713,3618075673560765
"HIP_RUNTIME_API_EXT","hipGetDevice",2926740,2926740,606,3618075673561237,3618075673561288
"HIP_RUNTIME_API_EXT","hipGetDevicePropertiesR0600",2926740,2926740,607,3618075673561592,3618075673561744
"HIP_RUNTIME_API_EXT","hipGetDevice",2926740,2926740,608,3618075673562110,3618075673562159
"HIP_RUNTIME_API_EXT","hipGetDevicePropertiesR0600",2926740,2926740,609,3618075673562470,3618075673562567
"HIP_RUNTIME_API_EXT","hipGetDevice",2926740,2926740,610,3618075673564320,3618075673564369
"HIP_RUNTIME_API_EXT","hipGetDevicePropertiesR0600",2926740,2926740,611,3618075673564724,3618075673564855
"HIP_RUNTIME_API_EXT","hipGetDevice",2926740,2926740,612,3618075673565436,3618075673565485
"HIP_RUNTIME_API_EXT","hipGetDevicePropertiesR0600",2926740,2926740,613,3618075673565817,3618075673565915
"HIP_RUNTIME_API_EXT","hipExtModuleLaunchKernel",2926740,2926740,614,3618075673570511,3618075673576474
"HIP_RUNTIME_API_EXT","hipSetDevice",2926740,2926740,615,3618075673579474,3618075673579542
"HIP_RUNTIME_API_EXT","hipSetDevice",2926740,2926740,616,3618075673584195,3618075673584255
"HIP_RUNTIME_API_EXT","hipSetDevice",2926740,2926740,617,3618075673584572,3618075673584624
"HIP_RUNTIME_API_EXT","hipSetDevice",2926740,2926740,618,3618075673584961,3618075673585011
"HIP_RUNTIME_API_EXT","hipGetDevice",2926740,2926740,619,3618075673585480,3618075673585527
"HIP_RUNTIME_API_EXT","hipGetDevicePropertiesR0600",2926740,2926740,620,3618075673585835,3618075673585987
"HIP_RUNTIME_API_EXT","hipGetDevice",2926740,2926740,621,3618075673586367,3618075673586417
"HIP_RUNTIME_API_EXT","hipGetDevicePropertiesR0600",2926740,2926740,622,3618075673586726,3618075673586825
"HIP_RUNTIME_API_EXT","hipGetDevice",2926740,2926740,623,3618075673587276,3618075673587323
"HIP_RUNTIME_API_EXT","hipGetDevicePropertiesR0600",2926740,2926740,624,3618075673587624,3618075673587763
"HIP_RUNTIME_API_EXT","hipGetDevice",2926740,2926740,625,3618075673588100,3618075673588148
"HIP_RUNTIME_API_EXT","hipGetDevicePropertiesR0600",2926740,2926740,626,3618075673588450,3618075673588574
"HIP_RUNTIME_API_EXT","hipExtModuleLaunchKernel",2926740,2926740,627,3618075673593271,3618075673598275
"HIP_RUNTIME_API_EXT","hipSetDevice",2926740,2926740,628,3618075673601076,3618075673601150
"HIP_RUNTIME_API_EXT","hipSetDevice",2926740,2926740,629,3618075673607003,3618075673607065
"HIP_RUNTIME_API_EXT","hipSetDevice",2926740,2926740,630,3618075673607370,3618075673607423
"HIP_RUNTIME_API_EXT","hipSetDevice",2926740,2926740,631,3618075673607821,3618075673607874
"HIP_RUNTIME_API_EXT","hipGetDevice",2926740,2926740,632,3618075673608400,3618075673608452
"HIP_RUNTIME_API_EXT","hipGetDevicePropertiesR0600",2926740,2926740,633,3618075673609953,3618075673610111
"HIP_RUNTIME_API_EXT","hipGetDevice",2926740,2926740,634,3618075673610481,3618075673610530
"HIP_RUNTIME_API_EXT","hipGetDevicePropertiesR0600",2926740,2926740,635,3618075673610834,3618075673610935
"HIP_RUNTIME_API_EXT","hipGetDevice",2926740,2926740,636,3618075673611379,3618075673611426
"HIP_RUNTIME_API_EXT","hipGetDevicePropertiesR0600",2926740,2926740,637,3618075673611728,3618075673611841
"HIP_RUNTIME_API_EXT","hipGetDevice",2926740,2926740,638,3618075673612178,3618075673612228
"HIP_RUNTIME_API_EXT","hipGetDevicePropertiesR0600",2926740,2926740,639,3618075673612539,3618075673612641
"HIP_RUNTIME_API_EXT","hipExtModuleLaunchKernel",2926740,2926740,640,3618075673617358,3618075673621895
"HIP_RUNTIME_API_EXT","hipSetDevice",2926740,2926740,641,3618075673625265,3618075673625337
"HIP_RUNTIME_API_EXT","hipSetDevice",2926740,2926740,642,3618075673630562,3618075673630619
"HIP_RUNTIME_API_EXT","hipSetDevice",2926740,2926740,643,3618075673630933,3618075673630984
"HIP_RUNTIME_API_EXT","hipSetDevice",2926740,2926740,644,3618075673631357,3618075673631410
"HIP_RUNTIME_API_EXT","hipGetDevice",2926740,2926740,645,3618075673631930,3618075673631979
"HIP_RUNTIME_API_EXT","hipGetDevicePropertiesR0600",2926740,2926740,646,3618075673632295,3618075673632442
"HIP_RUNTIME_API_EXT","hipGetDevice",2926740,2926740,647,3618075673632836,3618075673632884
"HIP_RUNTIME_API_EXT","hipGetDevicePropertiesR0600",2926740,2926740,648,3618075673633428,3618075673633525
"HIP_RUNTIME_API_EXT","hipGetDevice",2926740,2926740,649,3618075673634003,3618075673634050
"HIP_RUNTIME_API_EXT","hipGetDevicePropertiesR0600",2926740,2926740,650,3618075673634350,3618075673634463
"HIP_RUNTIME_API_EXT","hipGetDevice",2926740,2926740,651,3618075673634801,3618075673634848
"HIP_RUNTIME_API_EXT","hipGetDevicePropertiesR0600",2926740,2926740,652,3618075673635142,3618075673635262
"HIP_RUNTIME_API_EXT","hipExtModuleLaunchKernel",2926740,2926740,653,3618075673639762,3618075673661254
"HIP_RUNTIME_API_EXT","hipSetDevice",2926740,2926740,654,3618075673664647,3618075673664709
"HIP_RUNTIME_API_EXT","hipSetDevice",2926740,2926740,655,3618075673668817,3618075673668878
"HIP_RUNTIME_API_EXT","hipSetDevice",2926740,2926740,656,3618075673670660,3618075673670716
"HIP_RUNTIME_API_EXT","hipSetDevice",2926740,2926740,657,3618075673671096,3618075673671152
"HIP_RUNTIME_API_EXT","hipGetDevice",2926740,2926740,658,3618075673671636,3618075673671689
"HIP_RUNTIME_API_EXT","hipGetDevicePropertiesR0600",2926740,2926740,659,3618075673671989,3618075673672136
"HIP_RUNTIME_API_EXT","hipGetDevice",2926740,2926740,660,3618075673672542,3618075673672590
"HIP_RUNTIME_API_EXT","hipGetDevicePropertiesR0600",2926740,2926740,661,3618075673672882,3618075673672983
"HIP_RUNTIME_API_EXT","hipGetDevice",2926740,2926740,662,3618075673673413,3618075673673458
"HIP_RUNTIME_API_EXT","hipGetDevicePropertiesR0600",2926740,2926740,663,3618075673673751,3618075673673860
"HIP_RUNTIME_API_EXT","hipGetDevice",2926740,2926740,664,3618075673674186,3618075673674234
"HIP_RUNTIME_API_EXT","hipGetDevicePropertiesR0600",2926740,2926740,665,3618075673674526,3618075673674629
"HIP_RUNTIME_API_EXT","hipExtModuleLaunchKernel",2926740,2926740,666,3618075673678190,3618075673683095
"HIP_RUNTIME_API_EXT","hipSetDevice",2926740,2926740,667,3618075673685856,3618075673685922
"HIP_RUNTIME_API_EXT","hipSetDevice",2926740,2926740,668,3618075673689742,3618075673689799
"HIP_RUNTIME_API_EXT","hipSetDevice",2926740,2926740,669,3618075673690106,3618075673690162
"HIP_RUNTIME_API_EXT","hipSetDevice",2926740,2926740,670,3618075673690480,3618075673690534
"HIP_RUNTIME_API_EXT","hipGetDevice",2926740,2926740,671,3618075673691051,3618075673691104
"HIP_RUNTIME_API_EXT","hipGetDevicePropertiesR0600",2926740,2926740,672,3618075673691421,3618075673691570
"HIP_RUNTIME_API_EXT","hipGetDevice",2926740,2926740,673,3618075673691950,3618075673692000
"HIP_RUNTIME_API_EXT","hipGetDevicePropertiesR0600",2926740,2926740,674,3618075673692302,3618075673692420
"HIP_RUNTIME_API_EXT","hipGetDevice",2926740,2926740,675,3618075673692857,3618075673692906
"HIP_RUNTIME_API_EXT","hipGetDevicePropertiesR0600",2926740,2926740,676,3618075673693200,3618075673693316
"HIP_RUNTIME_API_EXT","hipGetDevice",2926740,2926740,677,3618075673693690,3618075673693738
"HIP_RUNTIME_API_EXT","hipGetDevicePropertiesR0600",2926740,2926740,678,3618075673694117,3618075673694217
"HIP_RUNTIME_API_EXT","hipExtModuleLaunchKernel",2926740,2926740,679,3618075673698982,3618075673704069
"HIP_RUNTIME_API_EXT","hipSetDevice",2926740,2926740,680,3618075673707293,3618075673707369
"HIP_RUNTIME_API_EXT","hipSetDevice",2926740,2926740,681,3618075673717256,3618075673717314
"HIP_RUNTIME_API_EXT","hipSetDevice",2926740,2926740,682,3618075673717644,3618075673717696
"HIP_RUNTIME_API_EXT","hipSetDevice",2926740,2926740,683,3618075673718085,3618075673718137
"HIP_RUNTIME_API_EXT","hipGetDevice",2926740,2926740,684,3618075673718637,3618075673718694
"HIP_RUNTIME_API_EXT","hipGetDevicePropertiesR0600",2926740,2926740,685,3618075673719081,3618075673719222
"HIP_RUNTIME_API_EXT","hipGetDevice",2926740,2926740,686,3618075673719587,3618075673719637
"HIP_RUNTIME_API_EXT","hipGetDevicePropertiesR0600",2926740,2926740,687,3618075673719948,3618075673720052
"HIP_RUNTIME_API_EXT","hipGetDevice",2926740,2926740,688,3618075673720468,3618075673720514
"HIP_RUNTIME_API_EXT","hipGetDevicePropertiesR0600",2926740,2926740,689,3618075673720811,3618075673720924
"HIP_RUNTIME_API_EXT","hipGetDevice",2926740,2926740,690,3618075673723297,3618075673723345
"HIP_RUNTIME_API_EXT","hipGetDevicePropertiesR0600",2926740,2926740,691,3618075673723683,3618075673723794
"HIP_RUNTIME_API_EXT","hipExtModuleLaunchKernel",2926740,2926740,692,3618075673727859,3618075673732555
"HIP_RUNTIME_API_EXT","hipSetDevice",2926740,2926740,693,3618075673736813,3618075673736886
"HIP_RUNTIME_API_EXT","hipSetDevice",2926740,2926740,694,3618075673742769,3618075673742833
"HIP_RUNTIME_API_EXT","hipSetDevice",2926740,2926740,695,3618075673743174,3618075673743223
"HIP_RUNTIME_API_EXT","hipSetDevice",2926740,2926740,696,3618075673743592,3618075673743643
"HIP_RUNTIME_API_EXT","hipGetDevice",2926740,2926740,697,3618075673744148,3618075673744199
"HIP_RUNTIME_API_EXT","hipGetDevicePropertiesR0600",2926740,2926740,698,3618075673744528,3618075673744676
"HIP_RUNTIME_API_EXT","hipGetDevice",2926740,2926740,699,3618075673745071,3618075673745124
"HIP_RUNTIME_API_EXT","hipGetDevicePropertiesR0600",2926740,2926740,700,3618075673745438,3618075673745537
"HIP_RUNTIME_API_EXT","hipGetDevice",2926740,2926740,701,3618075673745988,3618075673746034
"HIP_RUNTIME_API_EXT","hipGetDevicePropertiesR0600",2926740,2926740,702,3618075673746342,3618075673746455
"HIP_RUNTIME_API_EXT","hipGetDevice",2926740,2926740,703,3618075673752442,3618075673752499
"HIP_RUNTIME_API_EXT","hipGetDevicePropertiesR0600",2926740,2926740,704,3618075673753015,3618075673753152
"HIP_RUNTIME_API_EXT","hipExtModuleLaunchKernel",2926740,2926740,705,3618075673757454,3618075673762058
"HIP_RUNTIME_API_EXT","hipSetDevice",2926740,2926740,706,3618075673765262,3618075673765446
"HIP_RUNTIME_API_EXT","hipSetDevice",2926740,2926740,707,3618075673771836,3618075673771894
"HIP_RUNTIME_API_EXT","hipSetDevice",2926740,2926740,708,3618075673772612,3618075673772666
"HIP_RUNTIME_API_EXT","hipSetDevice",2926740,2926740,709,3618075673773629,3618075673773902
"HIP_RUNTIME_API_EXT","hipGetDevice",2926740,2926740,710,3618075673774372,3618075673774426
"HIP_RUNTIME_API_EXT","hipGetDevicePropertiesR0600",2926740,2926740,711,3618075673774722,3618075673774872
"HIP_RUNTIME_API_EXT","hipGetDevice",2926740,2926740,712,3618075673775234,3618075673775285
"HIP_RUNTIME_API_EXT","hipGetDevicePropertiesR0600",2926740,2926740,713,3618075673775767,3618075673775869
"HIP_RUNTIME_API_EXT","hipGetDevice",2926740,2926740,714,3618075673776289,3618075673776335
"HIP_RUNTIME_API_EXT","hipGetDevicePropertiesR0600",2926740,2926740,715,3618075673776686,3618075673776814
"HIP_RUNTIME_API_EXT","hipGetDevice",2926740,2926740,716,3618075673777211,3618075673777258
"HIP_RUNTIME_API_EXT","hipGetDevicePropertiesR0600",2926740,2926740,717,3618075673777703,3618075673777803
"HIP_RUNTIME_API_EXT","hipExtModuleLaunchKernel",2926740,2926740,718,3618075673781889,3618075673789438
"HIP_RUNTIME_API_EXT","hipSetDevice",2926740,2926740,719,3618075673793373,3618075673793441
"HIP_RUNTIME_API_EXT","hipSetDevice",2926740,2926740,720,3618075673836136,3618075673836201
"HIP_RUNTIME_API_EXT","hipSetDevice",2926740,2926740,721,3618075673836506,3618075673836559
"HIP_RUNTIME_API_EXT","hipSetDevice",2926740,2926740,722,3618075673837316,3618075673837369
"HIP_RUNTIME_API_EXT","hipGetDevice",2926740,2926740,723,3618075673837850,3618075673837945
"HIP_RUNTIME_API_EXT","hipGetDevicePropertiesR0600",2926740,2926740,724,3618075673838615,3618075673838780
"HIP_RUNTIME_API_EXT","hipGetDevice",2926740,2926740,725,3618075673839656,3618075673839708
"HIP_RUNTIME_API_EXT","hipGetDevicePropertiesR0600",2926740,2926740,726,3618075673840402,3618075673840687
"HIP_RUNTIME_API_EXT","hipGetDevice",2926740,2926740,727,3618075673842578,3618075673842625
"HIP_RUNTIME_API_EXT","hipGetDevicePropertiesR0600",2926740,2926740,728,3618075673843413,3618075673843528
"HIP_RUNTIME_API_EXT","hipGetDevice",2926740,2926740,729,3618075673844407,3618075673844454
"HIP_RUNTIME_API_EXT","hipGetDevicePropertiesR0600",2926740,2926740,730,3618075673844915,3618075673845014
"HIP_RUNTIME_API_EXT","hipExtModuleLaunchKernel",2926740,2926740,731,3618075673866096,3618075673873976
"HIP_RUNTIME_API_EXT","hipSetDevice",2926740,2926740,732,3618075673877852,3618075673877918
"HIP_RUNTIME_API_EXT","hipSetDevice",2926740,2926740,733,3618075673884253,3618075673884315
"HIP_RUNTIME_API_EXT","hipSetDevice",2926740,2926740,734,3618075673884638,3618075673884692
"HIP_RUNTIME_API_EXT","hipSetDevice",2926740,2926740,735,3618075673885160,3618075673885214
"HIP_RUNTIME_API_EXT","hipGetDevice",2926740,2926740,736,3618075673885663,3618075673885714
"HIP_RUNTIME_API_EXT","hipGetDevicePropertiesR0600",2926740,2926740,737,3618075673886193,3618075673886342
"HIP_RUNTIME_API_EXT","hipGetDevice",2926740,2926740,738,3618075673886699,3618075673886747
"HIP_RUNTIME_API_EXT","hipGetDevicePropertiesR0600",2926740,2926740,739,3618075673887044,3618075673887144
"HIP_RUNTIME_API_EXT","hipGetDevice",2926740,2926740,740,3618075673887878,3618075673887926
"HIP_RUNTIME_API_EXT","hipGetDevicePropertiesR0600",2926740,2926740,741,3618075673888399,3618075673888513
"HIP_RUNTIME_API_EXT","hipGetDevice",2926740,2926740,742,3618075673888871,3618075673888920
"HIP_RUNTIME_API_EXT","hipGetDevicePropertiesR0600",2926740,2926740,743,3618075673889248,3618075673889347
"HIP_RUNTIME_API_EXT","hipExtModuleLaunchKernel",2926740,2926740,744,3618075673897285,3618075673903730
"HIP_RUNTIME_API_EXT","hipSetDevice",2926740,2926740,745,3618075673906397,3618075673906463
"HIP_RUNTIME_API_EXT","hipSetDevice",2926740,2926740,746,3618075673919012,3618075673919078
"HIP_RUNTIME_API_EXT","hipSetDevice",2926740,2926740,747,3618075673919391,3618075673919445
"HIP_RUNTIME_API_EXT","hipSetDevice",2926740,2926740,748,3618075673920007,3618075673920059
"HIP_RUNTIME_API_EXT","hipGetDevice",2926740,2926740,749,3618075673920656,3618075673920710
"HIP_RUNTIME_API_EXT","hipGetDevicePropertiesR0600",2926740,2926740,750,3618075673921208,3618075673921360
"HIP_RUNTIME_API_EXT","hipGetDevice",2926740,2926740,751,3618075673921752,3618075673921802
"HIP_RUNTIME_API_EXT","hipGetDevicePropertiesR0600",2926740,2926740,752,3618075673922119,3618075673922238
"HIP_RUNTIME_API_EXT","hipGetDevice",2926740,2926740,753,3618075673922707,3618075673922754
"HIP_RUNTIME_API_EXT","hipGetDevicePropertiesR0600",2926740,2926740,754,3618075673923071,3618075673923187
"HIP_RUNTIME_API_EXT","hipGetDevice",2926740,2926740,755,3618075673923527,3618075673923576
"HIP_RUNTIME_API_EXT","hipGetDevicePropertiesR0600",2926740,2926740,756,3618075673923893,3618075673923992
"HIP_RUNTIME_API_EXT","hipExtModuleLaunchKernel",2926740,2926740,757,3618075673928352,3618075673933145
"HIP_RUNTIME_API_EXT","hipSetDevice",2926740,2926740,758,3618075673935770,3618075673935840
"HIP_RUNTIME_API_EXT","hipSetDevice",2926740,2926740,759,3618075673943512,3618075673943568
"HIP_RUNTIME_API_EXT","hipSetDevice",2926740,2926740,760,3618075673944086,3618075673944141
"HIP_RUNTIME_API_EXT","hipSetDevice",2926740,2926740,761,3618075673944491,3618075673944545
"HIP_RUNTIME_API_EXT","hipGetDevice",2926740,2926740,762,3618075673945066,3618075673945122
"HIP_RUNTIME_API_EXT","hipGetDevicePropertiesR0600",2926740,2926740,763,3618075673945454,3618075673945604
"HIP_RUNTIME_API_EXT","hipGetDevice",2926740,2926740,764,3618075673947175,3618075673947440
"HIP_RUNTIME_API_EXT","hipGetDevicePropertiesR0600",2926740,2926740,765,3618075673947902,3618075673948221
"HIP_RUNTIME_API_EXT","hipGetDevice",2926740,2926740,766,3618075673949224,3618075673949493
"HIP_RUNTIME_API_EXT","hipGetDevicePropertiesR0600",2926740,2926740,767,3618075673949802,3618075673949938
"HIP_RUNTIME_API_EXT","hipGetDevice",2926740,2926740,768,3618075673950279,3618075673950329
"HIP_RUNTIME_API_EXT","hipGetDevicePropertiesR0600",2926740,2926740,769,3618075673951587,3618075673951685
"HIP_RUNTIME_API_EXT","hipExtModuleLaunchKernel",2926740,2926740,770,3618075673959570,3618075673964358
"HIP_RUNTIME_API_EXT","hipSetDevice",2926740,2926740,771,3618075673967332,3618075673967402
"HIP_RUNTIME_API_EXT","hipSetDevice",2926740,2926740,772,3618075673972435,3618075673972493
"HIP_RUNTIME_API_EXT","hipSetDevice",2926740,2926740,773,3618075673972993,3618075673973046
"HIP_RUNTIME_API_EXT","hipSetDevice",2926740,2926740,774,3618075673973395,3618075673973449
"HIP_RUNTIME_API_EXT","hipGetDevice",2926740,2926740,775,3618075673973925,3618075673973979
"HIP_RUNTIME_API_EXT","hipGetDevicePropertiesR0600",2926740,2926740,776,3618075673974303,3618075673974452
"HIP_RUNTIME_API_EXT","hipGetDevice",2926740,2926740,777,3618075673974819,3618075673974866
"HIP_RUNTIME_API_EXT","hipGetDevicePropertiesR0600",2926740,2926740,778,3618075673975204,3618075673975305
"HIP_RUNTIME_API_EXT","hipGetDevice",2926740,2926740,779,3618075673976366,3618075673976678
"HIP_RUNTIME_API_EXT","hipGetDevicePropertiesR0600",2926740,2926740,780,3618075673976975,3618075673977106
"HIP_RUNTIME_API_EXT","hipGetDevice",2926740,2926740,781,3618075673977488,3618075673977537
"HIP_RUNTIME_API_EXT","hipGetDevicePropertiesR0600",2926740,2926740,782,3618075673977857,3618075673977956
"HIP_RUNTIME_API_EXT","hipExtModuleLaunchKernel",2926740,2926740,783,3618075673981659,3618075673987029
"HIP_RUNTIME_API_EXT","hipSetDevice",2926740,2926740,784,3618075673989813,3618075673989881
"HIP_RUNTIME_API_EXT","hipSetDevice",2926740,2926740,785,3618075673994718,3618075673994786
"HIP_RUNTIME_API_EXT","hipSetDevice",2926740,2926740,786,3618075673995215,3618075673995269
"HIP_RUNTIME_API_EXT","hipSetDevice",2926740,2926740,787,3618075673995596,3618075673995651
"HIP_RUNTIME_API_EXT","hipGetDevice",2926740,2926740,788,3618075673996161,3618075673996213
"HIP_RUNTIME_API_EXT","hipGetDevicePropertiesR0600",2926740,2926740,789,3618075673996735,3618075673996880
"HIP_RUNTIME_API_EXT","hipGetDevice",2926740,2926740,790,3618075673997230,3618075673997279
"HIP_RUNTIME_API_EXT","hipGetDevicePropertiesR0600",2926740,2926740,791,3618075673997579,3618075673997679
"HIP_RUNTIME_API_EXT","hipGetDevice",2926740,2926740,792,3618075673998135,3618075673998185
"HIP_RUNTIME_API_EXT","hipGetDevicePropertiesR0600",2926740,2926740,793,3618075673998521,3618075673998638
"HIP_RUNTIME_API_EXT","hipGetDevice",2926740,2926740,794,3618075673999043,3618075673999090
"HIP_RUNTIME_API_EXT","hipGetDevicePropertiesR0600",2926740,2926740,795,3618075673999387,3618075673999500
"HIP_RUNTIME_API_EXT","hipExtModuleLaunchKernel",2926740,2926740,796,3618075674004078,3618075674009260
"HIP_RUNTIME_API_EXT","hipSetDevice",2926740,2926740,797,3618075674012451,3618075674012517
"HIP_RUNTIME_API_EXT","hipSetDevice",2926740,2926740,798,3618075674016875,3618075674016941
"HIP_RUNTIME_API_EXT","hipSetDevice",2926740,2926740,799,3618075674017599,3618075674017652
"HIP_RUNTIME_API_EXT","hipSetDevice",2926740,2926740,800,3618075674018206,3618075674018258
"HIP_RUNTIME_API_EXT","hipGetDevice",2926740,2926740,801,3618075674018755,3618075674018807
"HIP_RUNTIME_API_EXT","hipGetDevicePropertiesR0600",2926740,2926740,802,3618075674019332,3618075674019480
"HIP_RUNTIME_API_EXT","hipGetDevice",2926740,2926740,803,3618075674019849,3618075674019897
"HIP_RUNTIME_API_EXT","hipGetDevicePropertiesR0600",2926740,2926740,804,3618075674020193,3618075674020295
"HIP_RUNTIME_API_EXT","hipGetDevice",2926740,2926740,805,3618075674020716,3618075674020763
"HIP_RUNTIME_API_EXT","hipGetDevicePropertiesR0600",2926740,2926740,806,3618075674021056,3618075674021172
"HIP_RUNTIME_API_EXT","hipGetDevice",2926740,2926740,807,3618075674021530,3618075674021574
"HIP_RUNTIME_API_EXT","hipGetDevicePropertiesR0600",2926740,2926740,808,3618075674021904,3618075674022020
"HIP_RUNTIME_API_EXT","hipExtModuleLaunchKernel",2926740,2926740,809,3618075674025534,3618075674030641
"HIP_RUNTIME_API_EXT","hipSetDevice",2926740,2926740,810,3618075674033332,3618075674033402
"HIP_RUNTIME_API_EXT","hipSetDevice",2926740,2926740,811,3618075674037474,3618075674037546
"HIP_RUNTIME_API_EXT","hipSetDevice",2926740,2926740,812,3618075674037906,3618075674037960
"HIP_RUNTIME_API_EXT","hipSetDevice",2926740,2926740,813,3618075674038312,3618075674038366
"HIP_RUNTIME_API_EXT","hipGetDevice",2926740,2926740,814,3618075674038856,3618075674038910
"HIP_RUNTIME_API_EXT","hipGetDevicePropertiesR0600",2926740,2926740,815,3618075674039246,3618075674039389
"HIP_RUNTIME_API_EXT","hipGetDevice",2926740,2926740,816,3618075674039753,3618075674039802
"HIP_RUNTIME_API_EXT","hipGetDevicePropertiesR0600",2926740,2926740,817,3618075674040128,3618075674040228
"HIP_RUNTIME_API_EXT","hipGetDevice",2926740,2926740,818,3618075674041306,3618075674041356
"HIP_RUNTIME_API_EXT","hipGetDevicePropertiesR0600",2926740,2926740,819,3618075674041692,3618075674041813
"HIP_RUNTIME_API_EXT","hipGetDevice",2926740,2926740,820,3618075674042308,3618075674042359
"HIP_RUNTIME_API_EXT","hipGetDevicePropertiesR0600",2926740,2926740,821,3618075674042787,3618075674042887
"HIP_RUNTIME_API_EXT","hipExtModuleLaunchKernel",2926740,2926740,822,3618075674047263,3618075674051586
"HIP_RUNTIME_API_EXT","hipSetDevice",2926740,2926740,823,3618075674054645,3618075674054713
"HIP_RUNTIME_API_EXT","hipSetDevice",2926740,2926740,824,3618075674059094,3618075674059163
"HIP_RUNTIME_API_EXT","hipSetDevice",2926740,2926740,825,3618075674059477,3618075674059529
"HIP_RUNTIME_API_EXT","hipSetDevice",2926740,2926740,826,3618075674059931,3618075674059983
"HIP_RUNTIME_API_EXT","hipGetDevice",2926740,2926740,827,3618075674060463,3618075674060516
"HIP_RUNTIME_API_EXT","hipGetDevicePropertiesR0600",2926740,2926740,828,3618075674060830,3618075674060980
"HIP_RUNTIME_API_EXT","hipGetDevice",2926740,2926740,829,3618075674061490,3618075674061537
"HIP_RUNTIME_API_EXT","hipGetDevicePropertiesR0600",2926740,2926740,830,3618075674061836,3618075674061937
"HIP_RUNTIME_API_EXT","hipGetDevice",2926740,2926740,831,3618075674062445,3618075674062492
"HIP_RUNTIME_API_EXT","hipGetDevicePropertiesR0600",2926740,2926740,832,3618075674062790,3618075674062906
"HIP_RUNTIME_API_EXT","hipGetDevice",2926740,2926740,833,3618075674063464,3618075674063516
"HIP_RUNTIME_API_EXT","hipGetDevicePropertiesR0600",2926740,2926740,834,3618075674063818,3618075674063917
"HIP_RUNTIME_API_EXT","hipExtModuleLaunchKernel",2926740,2926740,835,3618075674067850,3618075674072991
"HIP_RUNTIME_API_EXT","hipSetDevice",2926740,2926740,836,3618075674075718,3618075674075792
"HIP_RUNTIME_API_EXT","hipSetDevice",2926740,2926740,837,3618075674079879,3618075674079938
"HIP_RUNTIME_API_EXT","hipSetDevice",2926740,2926740,838,3618075674080690,3618075674080745
"HIP_RUNTIME_API_EXT","hipSetDevice",2926740,2926740,839,3618075674081085,3618075674081138
"HIP_RUNTIME_API_EXT","hipGetDevice",2926740,2926740,840,3618075674081618,3618075674081670
"HIP_RUNTIME_API_EXT","hipGetDevicePropertiesR0600",2926740,2926740,841,3618075674081986,3618075674082136
"HIP_RUNTIME_API_EXT","hipGetDevice",2926740,2926740,842,3618075674082498,3618075674082547
"HIP_RUNTIME_API_EXT","hipGetDevicePropertiesR0600",2926740,2926740,843,3618075674083009,3618075674083111
"HIP_RUNTIME_API_EXT","hipGetDevice",2926740,2926740,844,3618075674083539,3618075674083589
"HIP_RUNTIME_API_EXT","hipGetDevicePropertiesR0600",2926740,2926740,845,3618075674083892,3618075674084012
"HIP_RUNTIME_API_EXT","hipGetDevice",2926740,2926740,846,3618075674084351,3618075674084399
"HIP_RUNTIME_API_EXT","hipGetDevicePropertiesR0600",2926740,2926740,847,3618075674084692,3618075674084791
"HIP_RUNTIME_API_EXT","hipExtModuleLaunchKernel",2926740,2926740,848,3618075674088420,3618075674093150
"HIP_RUNTIME_API_EXT","hipSetDevice",2926740,2926740,849,3618075674095294,3618075674095363
"HIP_RUNTIME_API_EXT","hipSetDevice",2926740,2926740,850,3618075674100492,3618075674100560
"HIP_RUNTIME_API_EXT","hipSetDevice",2926740,2926740,851,3618075674100878,3618075674100931
"HIP_RUNTIME_API_EXT","hipSetDevice",2926740,2926740,852,3618075674101320,3618075674101375
"HIP_RUNTIME_API_EXT","hipGetDevice",2926740,2926740,853,3618075674101862,3618075674101912
"HIP_RUNTIME_API_EXT","hipGetDevicePropertiesR0600",2926740,2926740,854,3618075674102225,3618075674102375
"HIP_RUNTIME_API_EXT","hipGetDevice",2926740,2926740,855,3618075674102723,3618075674102772
"HIP_RUNTIME_API_EXT","hipGetDevicePropertiesR0600",2926740,2926740,856,3618075674103075,3618075674103175
"HIP_RUNTIME_API_EXT","hipGetDevice",2926740,2926740,857,3618075674103682,3618075674103731
"HIP_RUNTIME_API_EXT","hipGetDevicePropertiesR0600",2926740,2926740,858,3618075674104118,3618075674104244
"HIP_RUNTIME_API_EXT","hipGetDevice",2926740,2926740,859,3618075674104574,3618075674104625
"HIP_RUNTIME_API_EXT","hipGetDevicePropertiesR0600",2926740,2926740,860,3618075674104920,3618075674105020
"HIP_RUNTIME_API_EXT","hipExtModuleLaunchKernel",2926740,2926740,861,3618075674108665,3618075674113377
"HIP_RUNTIME_API_EXT","hipSetDevice",2926740,2926740,862,3618075674116246,3618075674116320
"HIP_RUNTIME_API_EXT","hipSetDevice",2926740,2926740,863,3618075674120411,3618075674120475
"HIP_RUNTIME_API_EXT","hipSetDevice",2926740,2926740,864,3618075674120770,3618075674120820
"HIP_RUNTIME_API_EXT","hipSetDevice",2926740,2926740,865,3618075674121995,3618075674122051
"HIP_RUNTIME_API_EXT","hipGetDevice",2926740,2926740,866,3618075674122685,3618075674122737
"HIP_RUNTIME_API_EXT","hipGetDevicePropertiesR0600",2926740,2926740,867,3618075674123039,3618075674123183
"HIP_RUNTIME_API_EXT","hipGetDevice",2926740,2926740,868,3618075674123548,3618075674123597
"HIP_RUNTIME_API_EXT","hipGetDevicePropertiesR0600",2926740,2926740,869,3618075674123991,3618075674124092
"HIP_RUNTIME_API_EXT","hipGetDevice",2926740,2926740,870,3618075674124921,3618075674124969
"HIP_RUNTIME_API_EXT","hipGetDevicePropertiesR0600",2926740,2926740,871,3618075674125303,3618075674125423
"HIP_RUNTIME_API_EXT","hipGetDevice",2926740,2926740,872,3618075674125816,3618075674125865
"HIP_RUNTIME_API_EXT","hipGetDevicePropertiesR0600",2926740,2926740,873,3618075674126186,3618075674126285
"HIP_RUNTIME_API_EXT","hipExtModuleLaunchKernel",2926740,2926740,874,3618075674129937,3618075674134711
"HIP_RUNTIME_API_EXT","hipSetDevice",2926740,2926740,875,3618075674137560,3618075674137634
"HIP_RUNTIME_API_EXT","hipSetDevice",2926740,2926740,876,3618075674142954,3618075674143011
"HIP_RUNTIME_API_EXT","hipSetDevice",2926740,2926740,877,3618075674143480,3618075674143765
"HIP_RUNTIME_API_EXT","hipSetDevice",2926740,2926740,878,3618075674144123,3618075674144177
"HIP_RUNTIME_API_EXT","hipGetDevice",2926740,2926740,879,3618075674144658,3618075674144710
"HIP_RUNTIME_API_EXT","hipGetDevicePropertiesR0600",2926740,2926740,880,3618075674145025,3618075674145183
"HIP_RUNTIME_API_EXT","hipGetDevice",2926740,2926740,881,3618075674145565,3618075674145615
"HIP_RUNTIME_API_EXT","hipGetDevicePropertiesR0600",2926740,2926740,882,3618075674145936,3618075674146038
"HIP_RUNTIME_API_EXT","hipGetDevice",2926740,2926740,883,3618075674146490,3618075674146539
"HIP_RUNTIME_API_EXT","hipGetDevicePropertiesR0600",2926740,2926740,884,3618075674146840,3618075674146961
"HIP_RUNTIME_API_EXT","hipGetDevice",2926740,2926740,885,3618075674147310,3618075674147358
"HIP_RUNTIME_API_EXT","hipGetDevicePropertiesR0600",2926740,2926740,886,3618075674147658,3618075674147780
"HIP_RUNTIME_API_EXT","hipExtModuleLaunchKernel",2926740,2926740,887,3618075674152583,3618075674156965
"HIP_RUNTIME_API_EXT","hipSetDevice",2926740,2926740,888,3618075674160129,3618075674160198
"HIP_RUNTIME_API_EXT","hipSetDevice",2926740,2926740,889,3618075674164503,3618075674164565
"HIP_RUNTIME_API_EXT","hipSetDevice",2926740,2926740,890,3618075674165079,3618075674165130
"HIP_RUNTIME_API_EXT","hipSetDevice",2926740,2926740,891,3618075674165483,3618075674165536
"HIP_RUNTIME_API_EXT","hipGetDevice",2926740,2926740,892,3618075674165999,3618075674166050
"HIP_RUNTIME_API_EXT","hipGetDevicePropertiesR0600",2926740,2926740,893,3618075674166373,3618075674166522
"HIP_RUNTIME_API_EXT","hipGetDevice",2926740,2926740,894,3618075674166877,3618075674166925
"HIP_RUNTIME_API_EXT","hipGetDevicePropertiesR0600",2926740,2926740,895,3618075674167234,3618075674167336
"HIP_RUNTIME_API_EXT","hipGetDevice",2926740,2926740,896,3618075674167769,3618075674167816
"HIP_RUNTIME_API_EXT","hipGetDevicePropertiesR0600",2926740,2926740,897,3618075674168344,3618075674168457
"HIP_RUNTIME_API_EXT","hipGetDevice",2926740,2926740,898,3618075674168797,3618075674168846
"HIP_RUNTIME_API_EXT","hipGetDevicePropertiesR0600",2926740,2926740,899,3618075674169151,3618075674169252
"HIP_RUNTIME_API_EXT","hipExtModuleLaunchKernel",2926740,2926740,900,3618075674173819,3618075674179977
"HIP_RUNTIME_API_EXT","hipSetDevice",2926740,2926740,901,3618075674183316,3618075674183384
"HIP_RUNTIME_API_EXT","hipSetDevice",2926740,2926740,902,3618075674188256,3618075674188313
"HIP_RUNTIME_API_EXT","hipSetDevice",2926740,2926740,903,3618075674188648,3618075674188701
"HIP_RUNTIME_API_EXT","hipSetDevice",2926740,2926740,904,3618075674189062,3618075674189116
"HIP_RUNTIME_API_EXT","hipGetDevice",2926740,2926740,905,3618075674189621,3618075674189676
"HIP_RUNTIME_API_EXT","hipGetDevicePropertiesR0600",2926740,2926740,906,3618075674189987,3618075674190130
"HIP_RUNTIME_API_EXT","hipGetDevice",2926740,2926740,907,3618075674190527,3618075674190577
"HIP_RUNTIME_API_EXT","hipGetDevicePropertiesR0600",2926740,2926740,908,3618075674190873,3618075674190970
"HIP_RUNTIME_API_EXT","hipGetDevice",2926740,2926740,909,3618075674191409,3618075674191457
"HIP_RUNTIME_API_EXT","hipGetDevicePropertiesR0600",2926740,2926740,910,3618075674191767,3618075674191882
"HIP_RUNTIME_API_EXT","hipGetDevice",2926740,2926740,911,3618075674192229,3618075674192277
"HIP_RUNTIME_API_EXT","hipGetDevicePropertiesR0600",2926740,2926740,912,3618075674192573,3618075674192671
"HIP_RUNTIME_API_EXT","hipExtModuleLaunchKernel",2926740,2926740,913,3618075674197039,3618075674201941
"HIP_RUNTIME_API_EXT","hipSetDevice",2926740,2926740,914,3618075674204954,3618075674205027
"HIP_RUNTIME_API_EXT","hipSetDevice",2926740,2926740,915,3618075674209028,3618075674209087
"HIP_RUNTIME_API_EXT","hipSetDevice",2926740,2926740,916,3618075674209409,3618075674209461
"HIP_RUNTIME_API_EXT","hipSetDevice",2926740,2926740,917,3618075674209824,3618075674209877
"HIP_RUNTIME_API_EXT","hipGetDevice",2926740,2926740,918,3618075674210338,3618075674210388
"HIP_RUNTIME_API_EXT","hipGetDevicePropertiesR0600",2926740,2926740,919,3618075674210690,3618075674210841
"HIP_RUNTIME_API_EXT","hipGetDevice",2926740,2926740,920,3618075674211190,3618075674211237
"HIP_RUNTIME_API_EXT","hipGetDevicePropertiesR0600",2926740,2926740,921,3618075674211541,3618075674211639
"HIP_RUNTIME_API_EXT","hipGetDevice",2926740,2926740,922,3618075674212067,3618075674212117
"HIP_RUNTIME_API_EXT","hipGetDevicePropertiesR0600",2926740,2926740,923,3618075674212442,3618075674212551
"HIP_RUNTIME_API_EXT","hipGetDevice",2926740,2926740,924,3618075674212948,3618075674212997
"HIP_RUNTIME_API_EXT","hipGetDevicePropertiesR0600",2926740,2926740,925,3618075674213297,3618075674213397
"HIP_RUNTIME_API_EXT","hipExtModuleLaunchKernel",2926740,2926740,926,3618075674216911,3618075674221250
"HIP_RUNTIME_API_EXT","hipSetDevice",2926740,2926740,927,3618075674224539,3618075674224612
"HIP_RUNTIME_API_EXT","hipSetDevice",2926740,2926740,928,3618075674230268,3618075674230324
"HIP_RUNTIME_API_EXT","hipSetDevice",2926740,2926740,929,3618075674230640,3618075674230692
"HIP_RUNTIME_API_EXT","hipSetDevice",2926740,2926740,930,3618075674231078,3618075674231130
"HIP_RUNTIME_API_EXT","hipGetDevice",2926740,2926740,931,3618075674231624,3618075674231678
"HIP_RUNTIME_API_EXT","hipGetDevicePropertiesR0600",2926740,2926740,932,3618075674232015,3618075674232164
"HIP_RUNTIME_API_EXT","hipGetDevice",2926740,2926740,933,3618075674232584,3618075674232634
"HIP_RUNTIME_API_EXT","hipGetDevicePropertiesR0600",2926740,2926740,934,3618075674232941,3618075674233043
"HIP_RUNTIME_API_EXT","hipGetDevice",2926740,2926740,935,3618075674233452,3618075674233499
"HIP_RUNTIME_API_EXT","hipGetDevicePropertiesR0600",2926740,2926740,936,3618075674234097,3618075674234208
"HIP_RUNTIME_API_EXT","hipGetDevice",2926740,2926740,937,3618075674234738,3618075674234786
"HIP_RUNTIME_API_EXT","hipGetDevicePropertiesR0600",2926740,2926740,938,3618075674235117,3618075674235237
"HIP_RUNTIME_API_EXT","hipExtModuleLaunchKernel",2926740,2926740,939,3618075674239325,3618075674243962
"HIP_RUNTIME_API_EXT","hipSetDevice",2926740,2926740,940,3618075674246951,3618075674247024
"HIP_RUNTIME_API_EXT","hipSetDevice",2926740,2926740,941,3618075674251352,3618075674251408
"HIP_RUNTIME_API_EXT","hipSetDevice",2926740,2926740,942,3618075674251718,3618075674251770
"HIP_RUNTIME_API_EXT","hipSetDevice",2926740,2926740,943,3618075674252119,3618075674252176
"HIP_RUNTIME_API_EXT","hipGetDevice",2926740,2926740,944,3618075674252660,3618075674252716
"HIP_RUNTIME_API_EXT","hipGetDevicePropertiesR0600",2926740,2926740,945,3618075674253056,3618075674253207
"HIP_RUNTIME_API_EXT","hipGetDevice",2926740,2926740,946,3618075674253595,3618075674253645
"HIP_RUNTIME_API_EXT","hipGetDevicePropertiesR0600",2926740,2926740,947,3618075674253943,3618075674254043
"HIP_RUNTIME_API_EXT","hipGetDevice",2926740,2926740,948,3618075674254489,3618075674254537
"HIP_RUNTIME_API_EXT","hipGetDevicePropertiesR0600",2926740,2926740,949,3618075674254843,3618075674254957
"HIP_RUNTIME_API_EXT","hipGetDevice",2926740,2926740,950,3618075674255314,3618075674255364
"HIP_RUNTIME_API_EXT","hipGetDevicePropertiesR0600",2926740,2926740,951,3618075674255657,3618075674255758
"HIP_RUNTIME_API_EXT","hipExtModuleLaunchKernel",2926740,2926740,952,3618075674260329,3618075674266269
"HIP_RUNTIME_API_EXT","hipSetDevice",2926740,2926740,953,3618075674269158,3618075674269229
"HIP_RUNTIME_API_EXT","hipSetDevice",2926740,2926740,954,3618075674275010,3618075674275067
"HIP_RUNTIME_API_EXT","hipSetDevice",2926740,2926740,955,3618075674275378,3618075674275433
"HIP_RUNTIME_API_EXT","hipSetDevice",2926740,2926740,956,3618075674275930,3618075674276147
"HIP_RUNTIME_API_EXT","hipGetDevice",2926740,2926740,957,3618075674276609,3618075674276661
"HIP_RUNTIME_API_EXT","hipGetDevicePropertiesR0600",2926740,2926740,958,3618075674276958,3618075674277104
"HIP_RUNTIME_API_EXT","hipGetDevice",2926740,2926740,959,3618075674277469,3618075674277520
"HIP_RUNTIME_API_EXT","hipGetDevicePropertiesR0600",2926740,2926740,960,3618075674277975,3618075674278077
"HIP_RUNTIME_API_EXT","hipGetDevice",2926740,2926740,961,3618075674278613,3618075674278663
"HIP_RUNTIME_API_EXT","hipGetDevicePropertiesR0600",2926740,2926740,962,3618075674278969,3618075674279083
"HIP_RUNTIME_API_EXT","hipGetDevice",2926740,2926740,963,3618075674279428,3618075674279477
"HIP_RUNTIME_API_EXT","hipGetDevicePropertiesR0600",2926740,2926740,964,3618075674279792,3618075674279903
"HIP_RUNTIME_API_EXT","hipExtModuleLaunchKernel",2926740,2926740,965,3618075674283307,3618075674287956
"HIP_RUNTIME_API_EXT","hipSetDevice",2926740,2926740,966,3618075674290718,3618075674290786
"HIP_RUNTIME_API_EXT","hipSetDevice",2926740,2926740,967,3618075674294549,3618075674294607
"HIP_RUNTIME_API_EXT","hipSetDevice",2926740,2926740,968,3618075674294918,3618075674294970
"HIP_RUNTIME_API_EXT","hipSetDevice",2926740,2926740,969,3618075674295377,3618075674295430
"HIP_RUNTIME_API_EXT","hipGetDevice",2926740,2926740,970,3618075674295904,3618075674295956
"HIP_RUNTIME_API_EXT","hipGetDevicePropertiesR0600",2926740,2926740,971,3618075674296294,3618075674296440
"HIP_RUNTIME_API_EXT","hipGetDevice",2926740,2926740,972,3618075674296917,3618075674296967
"HIP_RUNTIME_API_EXT","hipGetDevicePropertiesR0600",2926740,2926740,973,3618075674297267,3618075674297368
"HIP_RUNTIME_API_EXT","hipGetDevice",2926740,2926740,974,3618075674297789,3618075674297837
"HIP_RUNTIME_API_EXT","hipGetDevicePropertiesR0600",2926740,2926740,975,3618075674298149,3618075674298263
"HIP_RUNTIME_API_EXT","hipGetDevice",2926740,2926740,976,3618075674298652,3618075674298701
"HIP_RUNTIME_API_EXT","hipGetDevicePropertiesR0600",2926740,2926740,977,3618075674299027,3618075674299123
"HIP_RUNTIME_API_EXT","hipExtModuleLaunchKernel",2926740,2926740,978,3618075674302657,3618075674307294
"HIP_RUNTIME_API_EXT","hipSetDevice",2926740,2926740,979,3618075674310269,3618075674310336
"HIP_RUNTIME_API_EXT","hipSetDevice",2926740,2926740,980,3618075674314404,3618075674314461
"HIP_RUNTIME_API_EXT","hipSetDevice",2926740,2926740,981,3618075674314764,3618075674314817
"HIP_RUNTIME_API_EXT","hipSetDevice",2926740,2926740,982,3618075674315150,3618075674315203
"HIP_RUNTIME_API_EXT","hipGetDevice",2926740,2926740,983,3618075674315888,3618075674315944
"HIP_RUNTIME_API_EXT","hipGetDevicePropertiesR0600",2926740,2926740,984,3618075674316256,3618075674316406
"HIP_RUNTIME_API_EXT","hipGetDevice",2926740,2926740,985,3618075674316779,3618075674316829
"HIP_RUNTIME_API_EXT","hipGetDevicePropertiesR0600",2926740,2926740,986,3618075674317140,3618075674317243
"HIP_RUNTIME_API_EXT","hipGetDevice",2926740,2926740,987,3618075674317696,3618075674317746
"HIP_RUNTIME_API_EXT","hipGetDevicePropertiesR0600",2926740,2926740,988,3618075674318096,3618075674318213
"HIP_RUNTIME_API_EXT","hipGetDevice",2926740,2926740,989,3618075674318633,3618075674318681
"HIP_RUNTIME_API_EXT","hipGetDevicePropertiesR0600",2926740,2926740,990,3618075674318980,3618075674319102
"HIP_RUNTIME_API_EXT","hipExtModuleLaunchKernel",2926740,2926740,991,3618075674322470,3618075674327416
"HIP_RUNTIME_API_EXT","hipSetDevice",2926740,2926740,992,3618075674330411,3618075674330477
"HIP_RUNTIME_API_EXT","hipSetDevice",2926740,2926740,993,3618075674337224,3618075674337288
"HIP_RUNTIME_API_EXT","hipSetDevice",2926740,2926740,994,3618075674337608,3618075674337662
"HIP_RUNTIME_API_EXT","hipSetDevice",2926740,2926740,995,3618075674338070,3618075674338123
"HIP_RUNTIME_API_EXT","hipGetDevice",2926740,2926740,996,3618075674338590,3618075674338639
"HIP_RUNTIME_API_EXT","hipGetDevicePropertiesR0600",2926740,2926740,997,3618075674338986,3618075674339136
"HIP_RUNTIME_API_EXT","hipGetDevice",2926740,2926740,998,3618075674339554,3618075674339604
"HIP_RUNTIME_API_EXT","hipGetDevicePropertiesR0600",2926740,2926740,999,3618075674339923,3618075674340048
"HIP_RUNTIME_API_EXT","hipGetDevice",2926740,2926740,1000,3618075674340443,3618075674340494
"HIP_RUNTIME_API_EXT","hipGetDevicePropertiesR0600",2926740,2926740,1001,3618075674340799,3618075674340913
"HIP_RUNTIME_API_EXT","hipGetDevice",2926740,2926740,1002,3618075674341300,3618075674341348
"HIP_RUNTIME_API_EXT","hipGetDevicePropertiesR0600",2926740,2926740,1003,3618075674341667,3618075674341768
"HIP_RUNTIME_API_EXT","hipExtModuleLaunchKernel",2926740,2926740,1004,3618075674346724,3618075674351268
"HIP_RUNTIME_API_EXT","hipSetDevice",2926740,2926740,1005,3618075674354602,3618075674354675
"HIP_RUNTIME_API_EXT","hipSetDevice",2926740,2926740,1006,3618075674360509,3618075674360562
"HIP_RUNTIME_API_EXT","hipSetDevice",2926740,2926740,1007,3618075674360868,3618075674360922
"HIP_RUNTIME_API_EXT","hipSetDevice",2926740,2926740,1008,3618075674361283,3618075674361335
"HIP_RUNTIME_API_EXT","hipGetDevice",2926740,2926740,1009,3618075674361793,3618075674361842
"HIP_RUNTIME_API_EXT","hipGetDevicePropertiesR0600",2926740,2926740,1010,3618075674362153,3618075674362309
"HIP_RUNTIME_API_EXT","hipGetDevice",2926740,2926740,1011,3618075674362680,3618075674362728
"HIP_RUNTIME_API_EXT","hipGetDevicePropertiesR0600",2926740,2926740,1012,3618075674363023,3618075674363123
"HIP_RUNTIME_API_EXT","hipGetDevice",2926740,2926740,1013,3618075674363563,3618075674363613
"HIP_RUNTIME_API_EXT","hipGetDevicePropertiesR0600",2926740,2926740,1014,3618075674363952,3618075674364065
"HIP_RUNTIME_API_EXT","hipGetDevice",2926740,2926740,1015,3618075674364467,3618075674364515
"HIP_RUNTIME_API_EXT","hipGetDevicePropertiesR0600",2926740,2926740,1016,3618075674364829,3618075674364931
"HIP_RUNTIME_API_EXT","hipExtModuleLaunchKernel",2926740,2926740,1017,3618075674369214,3618075674374269
"HIP_RUNTIME_API_EXT","hipSetDevice",2926740,2926740,1018,3618075674377172,3618075674377241
"HIP_RUNTIME_API_EXT","hipSetDevice",2926740,2926740,1019,3618075674384430,3618075674384488
"HIP_RUNTIME_API_EXT","hipSetDevice",2926740,2926740,1020,3618075674384794,3618075674384849
"HIP_RUNTIME_API_EXT","hipSetDevice",2926740,2926740,1021,3618075674385245,3618075674385299
"HIP_RUNTIME_API_EXT","hipGetDevice",2926740,2926740,1022,3618075674385774,3618075674385828
"HIP_RUNTIME_API_EXT","hipGetDevicePropertiesR0600",2926740,2926740,1023,3618075674386190,3618075674386338
"HIP_RUNTIME_API_EXT","hipGetDevice",2926740,2926740,1024,3618075674386733,3618075674386788
"HIP_RUNTIME_API_EXT","hipGetDevicePropertiesR0600",2926740,2926740,1025,3618075674387260,3618075674387361
"HIP_RUNTIME_API_EXT","hipGetDevice",2926740,2926740,1026,3618075674387767,3618075674387815
"HIP_RUNTIME_API_EXT","hipGetDevicePropertiesR0600",2926740,2926740,1027,3618075674388138,3618075674388254
"HIP_RUNTIME_API_EXT","hipGetDevice",2926740,2926740,1028,3618075674388627,3618075674388673
"HIP_RUNTIME_API_EXT","hipGetDevicePropertiesR0600",2926740,2926740,1029,3618075674389161,3618075674389279
"HIP_RUNTIME_API_EXT","hipExtModuleLaunchKernel",2926740,2926740,1030,3618075674393842,3618075674402311
"HIP_RUNTIME_API_EXT","hipSetDevice",2926740,2926740,1031,3618075674404623,3618075674404690
"HIP_RUNTIME_API_EXT","hipSetDevice",2926740,2926740,1032,3618075674408195,3618075674408255
"HIP_RUNTIME_API_EXT","hipSetDevice",2926740,2926740,1033,3618075674408568,3618075674408621
"HIP_RUNTIME_API_EXT","hipSetDevice",2926740,2926740,1034,3618075674408957,3618075674409014
"HIP_RUNTIME_API_EXT","hipGetDevice",2926740,2926740,1035,3618075674412122,3618075674412172
"HIP_RUNTIME_API_EXT","hipGetDevicePropertiesR0600",2926740,2926740,1036,3618075674412656,3618075674412798
"HIP_RUNTIME_API_EXT","hipGetDevice",2926740,2926740,1037,3618075674413172,3618075674413222
"HIP_RUNTIME_API_EXT","hipGetDevicePropertiesR0600",2926740,2926740,1038,3618075674413522,3618075674413622
"HIP_RUNTIME_API_EXT","hipGetDevice",2926740,2926740,1039,3618075674414699,3618075674414751
"HIP_RUNTIME_API_EXT","hipGetDevicePropertiesR0600",2926740,2926740,1040,3618075674415066,3618075674415180
"HIP_RUNTIME_API_EXT","hipGetDevice",2926740,2926740,1041,3618075674415635,3618075674415682
"HIP_RUNTIME_API_EXT","hipGetDevicePropertiesR0600",2926740,2926740,1042,3618075674415980,3618075674416081
"HIP_RUNTIME_API_EXT","hipExtModuleLaunchKernel",2926740,2926740,1043,3618075674420359,3618075674425437
"HIP_RUNTIME_API_EXT","hipSetDevice",2926740,2926740,1044,3618075674429054,3618075674429129
"HIP_RUNTIME_API_EXT","hipSetDevice",2926740,2926740,1045,3618075674432882,3618075674432937
"HIP_RUNTIME_API_EXT","hipSetDevice",2926740,2926740,1046,3618075674433240,3618075674433290
"HIP_RUNTIME_API_EXT","hipSetDevice",2926740,2926740,1047,3618075674433692,3618075674433743
"HIP_RUNTIME_API_EXT","hipGetDevice",2926740,2926740,1048,3618075674434211,3618075674434260
"HIP_RUNTIME_API_EXT","hipGetDevicePropertiesR0600",2926740,2926740,1049,3618075674434586,3618075674434735
"HIP_RUNTIME_API_EXT","hipGetDevice",2926740,2926740,1050,3618075674435242,3618075674435290
"HIP_RUNTIME_API_EXT","hipGetDevicePropertiesR0600",2926740,2926740,1051,3618075674435594,3618075674435716
"HIP_RUNTIME_API_EXT","hipGetDevice",2926740,2926740,1052,3618075674436150,3618075674436199
"HIP_RUNTIME_API_EXT","hipGetDevicePropertiesR0600",2926740,2926740,1053,3618075674439329,3618075674439452
"HIP_RUNTIME_API_EXT","hipGetDevice",2926740,2926740,1054,3618075674440524,3618075674440574
"HIP_RUNTIME_API_EXT","hipGetDevicePropertiesR0600",2926740,2926740,1055,3618075674440902,3618075674441000
"HIP_RUNTIME_API_EXT","hipExtModuleLaunchKernel",2926740,2926740,1056,3618075674444698,3618075674449120
"HIP_RUNTIME_API_EXT","hipSetDevice",2926740,2926740,1057,3618075674452909,3618075674452978
"HIP_RUNTIME_API_EXT","hipSetDevice",2926740,2926740,1058,3618075674496112,3618075674496186
"HIP_RUNTIME_API_EXT","hipSetDevice",2926740,2926740,1059,3618075674496498,3618075674496551
"HIP_RUNTIME_API_EXT","hipSetDevice",2926740,2926740,1060,3618075674497147,3618075674497201
"HIP_RUNTIME_API_EXT","hipGetDevice",2926740,2926740,1061,3618075674497705,3618075674497761
"HIP_RUNTIME_API_EXT","hipGetDevicePropertiesR0600",2926740,2926740,1062,3618075674498267,3618075674498652
"HIP_RUNTIME_API_EXT","hipGetDevice",2926740,2926740,1063,3618075674499531,3618075674499578
"HIP_RUNTIME_API_EXT","hipGetDevicePropertiesR0600",2926740,2926740,1064,3618075674500570,3618075674500691
"HIP_RUNTIME_API_EXT","hipGetDevice",2926740,2926740,1065,3618075674506957,3618075674507004
"HIP_RUNTIME_API_EXT","hipGetDevicePropertiesR0600",2926740,2926740,1066,3618075674507311,3618075674507434
"HIP_RUNTIME_API_EXT","hipGetDevice",2926740,2926740,1067,3618075674508400,3618075674508447
"HIP_RUNTIME_API_EXT","hipGetDevicePropertiesR0600",2926740,2926740,1068,3618075674509565,3618075674509667
"HIP_RUNTIME_API_EXT","hipExtModuleLaunchKernel",2926740,2926740,1069,3618075674538742,3618075674556217
"HIP_RUNTIME_API_EXT","hipSetDevice",2926740,2926740,1070,3618075674560314,3618075674560388
"HIP_RUNTIME_API_EXT","hipSetDevice",2926740,2926740,1071,3618075674570736,3618075674571004
"HIP_RUNTIME_API_EXT","hipSetDevice",2926740,2926740,1072,3618075674571333,3618075674571386
"HIP_RUNTIME_API_EXT","hipSetDevice",2926740,2926740,1073,3618075674571857,3618075674571910
"HIP_RUNTIME_API_EXT","hipGetDevice",2926740,2926740,1074,3618075674572593,3618075674572646
"HIP_RUNTIME_API_EXT","hipGetDevicePropertiesR0600",2926740,2926740,1075,3618075674572955,3618075674573120
"HIP_RUNTIME_API_EXT","hipGetDevice",2926740,2926740,1076,3618075674573709,3618075674573754
"HIP_RUNTIME_API_EXT","hipGetDevicePropertiesR0600",2926740,2926740,1077,3618075674574246,3618075674574343
"HIP_RUNTIME_API_EXT","hipGetDevice",2926740,2926740,1078,3618075674574860,3618075674574905
"HIP_RUNTIME_API_EXT","hipGetDevicePropertiesR0600",2926740,2926740,1079,3618075674575204,3618075674575320
"HIP_RUNTIME_API_EXT","hipGetDevice",2926740,2926740,1080,3618075674575659,3618075674575706
"HIP_RUNTIME_API_EXT","hipGetDevicePropertiesR0600",2926740,2926740,1081,3618075674576000,3618075674576100
"HIP_RUNTIME_API_EXT","hipExtModuleLaunchKernel",2926740,2926740,1082,3618075674582436,3618075674587597
"HIP_RUNTIME_API_EXT","hipSetDevice",2926740,2926740,1083,3618075674590414,3618075674590488
"HIP_RUNTIME_API_EXT","hipSetDevice",2926740,2926740,1084,3618075674599883,3618075674600150
"HIP_RUNTIME_API_EXT","hipSetDevice",2926740,2926740,1085,3618075674600496,3618075674600549
"HIP_RUNTIME_API_EXT","hipSetDevice",2926740,2926740,1086,3618075674600898,3618075674600964
"HIP_RUNTIME_API_EXT","hipGetDevice",2926740,2926740,1087,3618075674601436,3618075674601488
"HIP_RUNTIME_API_EXT","hipGetDevicePropertiesR0600",2926740,2926740,1088,3618075674601793,3618075674601952
"HIP_RUNTIME_API_EXT","hipGetDevice",2926740,2926740,1089,3618075674602393,3618075674602440
"HIP_RUNTIME_API_EXT","hipGetDevicePropertiesR0600",2926740,2926740,1090,3618075674602746,3618075674602847
"HIP_RUNTIME_API_EXT","hipGetDevice",2926740,2926740,1091,3618075674603333,3618075674603381
"HIP_RUNTIME_API_EXT","hipGetDevicePropertiesR0600",2926740,2926740,1092,3618075674603686,3618075674603814
"HIP_RUNTIME_API_EXT","hipGetDevice",2926740,2926740,1093,3618075674604177,3618075674604228
"HIP_RUNTIME_API_EXT","hipGetDevicePropertiesR0600",2926740,2926740,1094,3618075674604530,3618075674604633
"HIP_RUNTIME_API_EXT","hipExtModuleLaunchKernel",2926740,2926740,1095,3618075674608585,3618075674613473
"HIP_RUNTIME_API_EXT","hipSetDevice",2926740,2926740,1096,3618075674616674,3618075674616749
"HIP_RUNTIME_API_EXT","hipSetDevice",2926740,2926740,1097,3618075674625733,3618075674625800
"HIP_RUNTIME_API_EXT","hipSetDevice",2926740,2926740,1098,3618075674626143,3618075674626196
"HIP_RUNTIME_API_EXT","hipSetDevice",2926740,2926740,1099,3618075674626526,3618075674626579
"HIP_RUNTIME_API_EXT","hipGetDevice",2926740,2926740,1100,3618075674627425,3618075674627478
"HIP_RUNTIME_API_EXT","hipGetDevicePropertiesR0600",2926740,2926740,1101,3618075674627933,3618075674628081
"HIP_RUNTIME_API_EXT","hipGetDevice",2926740,2926740,1102,3618075674628600,3618075674628648
"HIP_RUNTIME_API_EXT","hipGetDevicePropertiesR0600",2926740,2926740,1103,3618075674629153,3618075674629253
"HIP_RUNTIME_API_EXT","hipGetDevice",2926740,2926740,1104,3618075674630025,3618075674630077
"HIP_RUNTIME_API_EXT","hipGetDevicePropertiesR0600",2926740,2926740,1105,3618075674630380,3618075674630491
"HIP_RUNTIME_API_EXT","hipGetDevice",2926740,2926740,1106,3618075674631001,3618075674631046
"HIP_RUNTIME_API_EXT","hipGetDevicePropertiesR0600",2926740,2926740,1107,3618075674631343,3618075674631444
"HIP_RUNTIME_API_EXT","hipExtModuleLaunchKernel",2926740,2926740,1108,3618075674635553,3618075674640877
"HIP_RUNTIME_API_EXT","hipSetDevice",2926740,2926740,1109,3618075674643900,3618075674643974
"HIP_RUNTIME_API_EXT","hipSetDevice",2926740,2926740,1110,3618075674651894,3618075674652126
"HIP_RUNTIME_API_EXT","hipSetDevice",2926740,2926740,1111,3618075674652475,3618075674652527
"HIP_RUNTIME_API_EXT","hipSetDevice",2926740,2926740,1112,3618075674652876,3618075674652928
"HIP_RUNTIME_API_EXT","hipGetDevice",2926740,2926740,1113,3618075674653419,3618075674653470
"HIP_RUNTIME_API_EXT","hipGetDevicePropertiesR0600",2926740,2926740,1114,3618075674653805,3618075674653963
"HIP_RUNTIME_API_EXT","hipGetDevice",2926740,2926740,1115,3618075674654379,3618075674654431
"HIP_RUNTIME_API_EXT","hipGetDevicePropertiesR0600",2926740,2926740,1116,3618075674654769,3618075674654883
"HIP_RUNTIME_API_EXT","hipGetDevice",2926740,2926740,1117,3618075674655504,3618075674655549
"HIP_RUNTIME_API_EXT","hipGetDevicePropertiesR0600",2926740,2926740,1118,3618075674655906,3618075674656024
"HIP_RUNTIME_API_EXT","hipGetDevice",2926740,2926740,1119,3618075674656394,3618075674656444
"HIP_RUNTIME_API_EXT","hipGetDevicePropertiesR0600",2926740,2926740,1120,3618075674656769,3618075674656887
"HIP_RUNTIME_API_EXT","hipExtModuleLaunchKernel",2926740,2926740,1121,3618075674664378,3618075674669379
"HIP_RUNTIME_API_EXT","hipSetDevice",2926740,2926740,1122,3618075674672467,3618075674672527
"HIP_RUNTIME_API_EXT","hipSetDevice",2926740,2926740,1123,3618075674681481,3618075674681539
"HIP_RUNTIME_API_EXT","hipSetDevice",2926740,2926740,1124,3618075674682099,3618075674682154
"HIP_RUNTIME_API_EXT","hipSetDevice",2926740,2926740,1125,3618075674682724,3618075674682778
"HIP_RUNTIME_API_EXT","hipGetDevice",2926740,2926740,1126,3618075674683462,3618075674683513
"HIP_RUNTIME_API_EXT","hipGetDevicePropertiesR0600",2926740,2926740,1127,3618075674684022,3618075674684185
"HIP_RUNTIME_API_EXT","hipGetDevice",2926740,2926740,1128,3618075674684569,3618075674684621
"HIP_RUNTIME_API_EXT","hipGetDevicePropertiesR0600",2926740,2926740,1129,3618075674685001,3618075674685102
"HIP_RUNTIME_API_EXT","hipGetDevice",2926740,2926740,1130,3618075674685975,3618075674686025
"HIP_RUNTIME_API_EXT","hipGetDevicePropertiesR0600",2926740,2926740,1131,3618075674686465,3618075674686746
"HIP_RUNTIME_API_EXT","hipGetDevice",2926740,2926740,1132,3618075674687088,3618075674687136
"HIP_RUNTIME_API_EXT","hipGetDevicePropertiesR0600",2926740,2926740,1133,3618075674687456,3618075674687555
"HIP_RUNTIME_API_EXT","hipExtModuleLaunchKernel",2926740,2926740,1134,3618075674692092,3618075674697151
"HIP_RUNTIME_API_EXT","hipSetDevice",2926740,2926740,1135,3618075674700400,3618075674700464
"HIP_RUNTIME_API_EXT","hipSetDevice",2926740,2926740,1136,3618075674706967,3618075674707027
"HIP_RUNTIME_API_EXT","hipSetDevice",2926740,2926740,1137,3618075674707353,3618075674707410
"HIP_RUNTIME_API_EXT","hipSetDevice",2926740,2926740,1138,3618075674707757,3618075674707811
"HIP_RUNTIME_API_EXT","hipGetDevice",2926740,2926740,1139,3618075674708290,3618075674708345
"HIP_RUNTIME_API_EXT","hipGetDevicePropertiesR0600",2926740,2926740,1140,3618075674708675,3618075674708820
"HIP_RUNTIME_API_EXT","hipGetDevice",2926740,2926740,1141,3618075674709186,3618075674709235
"HIP_RUNTIME_API_EXT","hipGetDevicePropertiesR0600",2926740,2926740,1142,3618075674709542,3618075674709654
"HIP_RUNTIME_API_EXT","hipGetDevice",2926740,2926740,1143,3618075674710134,3618075674710185
"HIP_RUNTIME_API_EXT","hipGetDevicePropertiesR0600",2926740,2926740,1144,3618075674710485,3618075674710600
"HIP_RUNTIME_API_EXT","hipGetDevice",2926740,2926740,1145,3618075674710946,3618075674710995
"HIP_RUNTIME_API_EXT","hipGetDevicePropertiesR0600",2926740,2926740,1146,3618075674711296,3618075674711406
"HIP_RUNTIME_API_EXT","hipExtModuleLaunchKernel",2926740,2926740,1147,3618075674717127,3618075674721344
"HIP_RUNTIME_API_EXT","hipSetDevice",2926740,2926740,1148,3618075674724673,3618075674724746
"HIP_RUNTIME_API_EXT","hipSetDevice",2926740,2926740,1149,3618075674733512,3618075674733572
"HIP_RUNTIME_API_EXT","hipSetDevice",2926740,2926740,1150,3618075674733893,3618075674733944
"HIP_RUNTIME_API_EXT","hipSetDevice",2926740,2926740,1151,3618075674734282,3618075674734334
"HIP_RUNTIME_API_EXT","hipGetDevice",2926740,2926740,1152,3618075674734807,3618075674734862
"HIP_RUNTIME_API_EXT","hipGetDevicePropertiesR0600",2926740,2926740,1153,3618075674735219,3618075674735366
"HIP_RUNTIME_API_EXT","hipGetDevice",2926740,2926740,1154,3618075674735712,3618075674735762
"HIP_RUNTIME_API_EXT","hipGetDevicePropertiesR0600",2926740,2926740,1155,3618075674736059,3618075674736159
"HIP_RUNTIME_API_EXT","hipGetDevice",2926740,2926740,1156,3618075674736717,3618075674736762
"HIP_RUNTIME_API_EXT","hipGetDevicePropertiesR0600",2926740,2926740,1157,3618075674737071,3618075674737187
"HIP_RUNTIME_API_EXT","hipGetDevice",2926740,2926740,1158,3618075674737526,3618075674737573
"HIP_RUNTIME_API_EXT","hipGetDevicePropertiesR0600",2926740,2926740,1159,3618075674737874,3618075674737977
"HIP_RUNTIME_API_EXT","hipExtModuleLaunchKernel",2926740,2926740,1160,3618075674744319,3618075674749689
"HIP_RUNTIME_API_EXT","hipSetDevice",2926740,2926740,1161,3618075674752548,3618075674752618
"HIP_RUNTIME_API_EXT","hipSetDevice",2926740,2926740,1162,3618075674762000,3618075674762068
"HIP_RUNTIME_API_EXT","hipSetDevice",2926740,2926740,1163,3618075674762526,3618075674762578
"HIP_RUNTIME_API_EXT","hipSetDevice",2926740,2926740,1164,3618075674762963,3618075674763015
"HIP_RUNTIME_API_EXT","hipGetDevice",2926740,2926740,1165,3618075674763670,3618075674763909
"HIP_RUNTIME_API_EXT","hipGetDevicePropertiesR0600",2926740,2926740,1166,3618075674764432,3618075674764791
"HIP_RUNTIME_API_EXT","hipGetDevice",2926740,2926740,1167,3618075674765187,3618075674765236
"HIP_RUNTIME_API_EXT","hipGetDevicePropertiesR0600",2926740,2926740,1168,3618075674765542,3618075674765643
"HIP_RUNTIME_API_EXT","hipGetDevice",2926740,2926740,1169,3618075674766233,3618075674766283
"HIP_RUNTIME_API_EXT","hipGetDevicePropertiesR0600",2926740,2926740,1170,3618075674766800,3618075674766911
"HIP_RUNTIME_API_EXT","hipGetDevice",2926740,2926740,1171,3618075674767624,3618075674767671
"HIP_RUNTIME_API_EXT","hipGetDevicePropertiesR0600",2926740,2926740,1172,3618075674767994,3618075674768093
"HIP_RUNTIME_API_EXT","hipExtModuleLaunchKernel",2926740,2926740,1173,3618075674774237,3618075674779914
"HIP_RUNTIME_API_EXT","hipSetDevice",2926740,2926740,1174,3618075674782820,3618075674782888
"HIP_RUNTIME_API_EXT","hipSetDevice",2926740,2926740,1175,3618075674788628,3618075674788692
"HIP_RUNTIME_API_EXT","hipSetDevice",2926740,2926740,1176,3618075674789032,3618075674789087
"HIP_RUNTIME_API_EXT","hipSetDevice",2926740,2926740,1177,3618075674789444,3618075674789496
"HIP_RUNTIME_API_EXT","hipGetDevice",2926740,2926740,1178,3618075674789958,3618075674790012
"HIP_RUNTIME_API_EXT","hipGetDevicePropertiesR0600",2926740,2926740,1179,3618075674790331,3618075674790479
"HIP_RUNTIME_API_EXT","hipGetDevice",2926740,2926740,1180,3618075674790849,3618075674790898
"HIP_RUNTIME_API_EXT","hipGetDevicePropertiesR0600",2926740,2926740,1181,3618075674791266,3618075674791386
"HIP_RUNTIME_API_EXT","hipGetDevice",2926740,2926740,1182,3618075674792204,3618075674792252
"HIP_RUNTIME_API_EXT","hipGetDevicePropertiesR0600",2926740,2926740,1183,3618075674792553,3618075674792666
"HIP_RUNTIME_API_EXT","hipGetDevice",2926740,2926740,1184,3618075674793018,3618075674793070
"HIP_RUNTIME_API_EXT","hipGetDevicePropertiesR0600",2926740,2926740,1185,3618075674793369,3618075674793469
"HIP_RUNTIME_API_EXT","hipExtModuleLaunchKernel",2926740,2926740,1186,3618075674799134,3618075674805042
"HIP_RUNTIME_API_EXT","hipSetDevice",2926740,2926740,1187,3618075674807508,3618075674807584
"HIP_RUNTIME_API_EXT","hipSetDevice",2926740,2926740,1188,3618075674816298,3618075674816358
"HIP_RUNTIME_API_EXT","hipSetDevice",2926740,2926740,1189,3618075674816744,3618075674816798
"HIP_RUNTIME_API_EXT","hipSetDevice",2926740,2926740,1190,3618075674817269,3618075674817320
"HIP_RUNTIME_API_EXT","hipGetDevice",2926740,2926740,1191,3618075674817807,3618075674818027
"HIP_RUNTIME_API_EXT","hipGetDevicePropertiesR0600",2926740,2926740,1192,3618075674818344,3618075674818497
"HIP_RUNTIME_API_EXT","hipGetDevice",2926740,2926740,1193,3618075674819098,3618075674819147
"HIP_RUNTIME_API_EXT","hipGetDevicePropertiesR0600",2926740,2926740,1194,3618075674819455,3618075674819556
"HIP_RUNTIME_API_EXT","hipGetDevice",2926740,2926740,1195,3618075674819986,3618075674820034
"HIP_RUNTIME_API_EXT","hipGetDevicePropertiesR0600",2926740,2926740,1196,3618075674860263,3618075674860612
"HIP_RUNTIME_API_EXT","hipGetDevice",2926740,2926740,1197,3618075674861406,3618075674861502
"HIP_RUNTIME_API_EXT","hipGetDevicePropertiesR0600",2926740,2926740,1198,3618075674862572,3618075674862677
"HIP_RUNTIME_API_EXT","hipExtModuleLaunchKernel",2926740,2926740,1199,3618075674869069,3618075674874715
"HIP_RUNTIME_API_EXT","hipSetDevice",2926740,2926740,1200,3618075674879791,3618075674880134
"HIP_RUNTIME_API_EXT","hipSetDevice",2926740,2926740,1201,3618075674884964,3618075674885025
"HIP_RUNTIME_API_EXT","hipSetDevice",2926740,2926740,1202,3618075674885555,3618075674885608
"HIP_RUNTIME_API_EXT","hipSetDevice",2926740,2926740,1203,3618075674886257,3618075674886310
"HIP_RUNTIME_API_EXT","hipGetDevice",2926740,2926740,1204,3618075674887103,3618075674887152
"HIP_RUNTIME_API_EXT","hipGetDevicePropertiesR0600",2926740,2926740,1205,3618075674887622,3618075674887771
"HIP_RUNTIME_API_EXT","hipGetDevice",2926740,2926740,1206,3618075674888550,3618075674888599
"HIP_RUNTIME_API_EXT","hipGetDevicePropertiesR0600",2926740,2926740,1207,3618075674888899,3618075674889000
"HIP_RUNTIME_API_EXT","hipGetDevice",2926740,2926740,1208,3618075674889517,3618075674889563
"HIP_RUNTIME_API_EXT","hipGetDevicePropertiesR0600",2926740,2926740,1209,3618075674889920,3618075674890035
"HIP_RUNTIME_API_EXT","hipGetDevice",2926740,2926740,1210,3618075674890560,3618075674890610
"HIP_RUNTIME_API_EXT","hipGetDevicePropertiesR0600",2926740,2926740,1211,3618075674890911,3618075674891012
"HIP_RUNTIME_API_EXT","hipExtModuleLaunchKernel",2926740,2926740,1212,3618075674894588,3618075674899383
"HIP_RUNTIME_API_EXT","hipSetDevice",2926740,2926740,1213,3618075674902330,3618075674902404
"HIP_RUNTIME_API_EXT","hipSetDevice",2926740,2926740,1214,3618075674906507,3618075674906569
"HIP_RUNTIME_API_EXT","hipSetDevice",2926740,2926740,1215,3618075674906884,3618075674906935
"HIP_RUNTIME_API_EXT","hipSetDevice",2926740,2926740,1216,3618075674907462,3618075674907512
"HIP_RUNTIME_API_EXT","hipGetDevice",2926740,2926740,1217,3618075674908248,3618075674908304
"HIP_RUNTIME_API_EXT","hipGetDevicePropertiesR0600",2926740,2926740,1218,3618075674908823,3618075674908970
"HIP_RUNTIME_API_EXT","hipGetDevice",2926740,2926740,1219,3618075674909530,3618075674909577
"HIP_RUNTIME_API_EXT","hipGetDevicePropertiesR0600",2926740,2926740,1220,3618075674910030,3618075674910129
"HIP_RUNTIME_API_EXT","hipGetDevice",2926740,2926740,1221,3618075674910611,3618075674910660
"HIP_RUNTIME_API_EXT","hipGetDevicePropertiesR0600",2926740,2926740,1222,3618075674911110,3618075674911225
"HIP_RUNTIME_API_EXT","hipGetDevice",2926740,2926740,1223,3618075674911565,3618075674911613
"HIP_RUNTIME_API_EXT","hipGetDevicePropertiesR0600",2926740,2926740,1224,3618075674911909,3618075674912007
"HIP_RUNTIME_API_EXT","hipExtModuleLaunchKernel",2926740,2926740,1225,3618075674915538,3618075674920153
"HIP_RUNTIME_API_EXT","hipSetDevice",2926740,2926740,1226,3618075674923259,3618075674923332
"HIP_RUNTIME_API_EXT","hipSetDevice",2926740,2926740,1227,3618075674927019,3618075674927081
"HIP_RUNTIME_API_EXT","hipSetDevice",2926740,2926740,1228,3618075674927405,3618075674927457
"HIP_RUNTIME_API_EXT","hipSetDevice",2926740,2926740,1229,3618075674927843,3618075674927896
"HIP_RUNTIME_API_EXT","hipGetDevice",2926740,2926740,1230,3618075674928433,3618075674928490
"HIP_RUNTIME_API_EXT","hipGetDevicePropertiesR0600",2926740,2926740,1231,3618075674928794,3618075674928941
"HIP_RUNTIME_API_EXT","hipGetDevice",2926740,2926740,1232,3618075674929360,3618075674929408
"HIP_RUNTIME_API_EXT","hipGetDevicePropertiesR0600",2926740,2926740,1233,3618075674929816,3618075674929917
"HIP_RUNTIME_API_EXT","hipGetDevice",2926740,2926740,1234,3618075674930321,3618075674930370
"HIP_RUNTIME_API_EXT","hipGetDevicePropertiesR0600",2926740,2926740,1235,3618075674930697,3618075674930809
"HIP_RUNTIME_API_EXT","hipGetDevice",2926740,2926740,1236,3618075674931191,3618075674931242
"HIP_RUNTIME_API_EXT","hipGetDevicePropertiesR0600",2926740,2926740,1237,3618075674931555,3618075674931654
"HIP_RUNTIME_API_EXT","hipExtModuleLaunchKernel",2926740,2926740,1238,3618075674935115,3618075674939788
"HIP_RUNTIME_API_EXT","hipSetDevice",2926740,2926740,1239,3618075674943244,3618075674943317
"HIP_RUNTIME_API_EXT","hipSetDevice",2926740,2926740,1240,3618075674950490,3618075674950551
"HIP_RUNTIME_API_EXT","hipSetDevice",2926740,2926740,1241,3618075674951080,3618075674951130
"HIP_RUNTIME_API_EXT","hipSetDevice",2926740,2926740,1242,3618075674952113,3618075674952169
"HIP_RUNTIME_API_EXT","hipGetDevice",2926740,2926740,1243,3618075674952816,3618075674952867
"HIP_RUNTIME_API_EXT","hipGetDevicePropertiesR0600",2926740,2926740,1244,3618075674953166,3618075674953318
"HIP_RUNTIME_API_EXT","hipGetDevice",2926740,2926740,1245,3618075674953667,3618075674953714
"HIP_RUNTIME_API_EXT","hipGetDevicePropertiesR0600",2926740,2926740,1246,3618075674954017,3618075674954128
"HIP_RUNTIME_API_EXT","hipGetDevice",2926740,2926740,1247,3618075674954586,3618075674954632
"HIP_RUNTIME_API_EXT","hipGetDevicePropertiesR0600",2926740,2926740,1248,3618075674954928,3618075674955048
"HIP_RUNTIME_API_EXT","hipGetDevice",2926740,2926740,1249,3618075674955423,3618075674955471
"HIP_RUNTIME_API_EXT","hipGetDevicePropertiesR0600",2926740,2926740,1250,3618075674956081,3618075674956181
"HIP_RUNTIME_API_EXT","hipExtModuleLaunchKernel",2926740,2926740,1251,3618075674959736,3618075674965600
"HIP_RUNTIME_API_EXT","hipSetDevice",2926740,2926740,1252,3618075674968790,3618075674968856
"HIP_RUNTIME_API_EXT","hipSetDevice",2926740,2926740,1253,3618075674973308,3618075674973368
"HIP_RUNTIME_API_EXT","hipSetDevice",2926740,2926740,1254,3618075674973679,3618075674973731
"HIP_RUNTIME_API_EXT","hipSetDevice",2926740,2926740,1255,3618075674974124,3618075674974178
"HIP_RUNTIME_API_EXT","hipGetDevice",2926740,2926740,1256,3618075674974652,3618075674974699
"HIP_RUNTIME_API_EXT","hipGetDevicePropertiesR0600",2926740,2926740,1257,3618075674975042,3618075674975186
"HIP_RUNTIME_API_EXT","hipGetDevice",2926740,2926740,1258,3618075674975669,3618075674975722
"HIP_RUNTIME_API_EXT","hipGetDevicePropertiesR0600",2926740,2926740,1259,3618075674976036,3618075674976133
"HIP_RUNTIME_API_EXT","hipGetDevice",2926740,2926740,1260,3618075674976523,3618075674976568
"HIP_RUNTIME_API_EXT","hipGetDevicePropertiesR0600",2926740,2926740,1261,3618075674976869,3618075674976996
"HIP_RUNTIME_API_EXT","hipGetDevice",2926740,2926740,1262,3618075674977367,3618075674977413
"HIP_RUNTIME_API_EXT","hipGetDevicePropertiesR0600",2926740,2926740,1263,3618075674977939,3618075674978056
"HIP_RUNTIME_API_EXT","hipExtModuleLaunchKernel",2926740,2926740,1264,3618075674982136,3618075674986697
"HIP_RUNTIME_API_EXT","hipSetDevice",2926740,2926740,1265,3618075674989562,3618075674989636
"HIP_RUNTIME_API_EXT","hipSetDevice",2926740,2926740,1266,3618075674994385,3618075674994441
"HIP_RUNTIME_API_EXT","hipSetDevice",2926740,2926740,1267,3618075674994769,3618075674994822
"HIP_RUNTIME_API_EXT","hipSetDevice",2926740,2926740,1268,3618075674995162,3618075674995216
"HIP_RUNTIME_API_EXT","hipGetDevice",2926740,2926740,1269,3618075674995720,3618075674995767
"HIP_RUNTIME_API_EXT","hipGetDevicePropertiesR0600",2926740,2926740,1270,3618075674996109,3618075674996252
"HIP_RUNTIME_API_EXT","hipGetDevice",2926740,2926740,1271,3618075674996650,3618075674996700
"HIP_RUNTIME_API_EXT","hipGetDevicePropertiesR0600",2926740,2926740,1272,3618075674997001,3618075674997119
"HIP_RUNTIME_API_EXT","hipGetDevice",2926740,2926740,1273,3618075674997556,3618075674997601
"HIP_RUNTIME_API_EXT","hipGetDevicePropertiesR0600",2926740,2926740,1274,3618075674997949,3618075674998066
"HIP_RUNTIME_API_EXT","hipGetDevice",2926740,2926740,1275,3618075674998480,3618075674998528
"HIP_RUNTIME_API_EXT","hipGetDevicePropertiesR0600",2926740,2926740,1276,3618075674998826,3618075674998922
"HIP_RUNTIME_API_EXT","hipExtModuleLaunchKernel",2926740,2926740,1277,3618075675002840,3618075675007036
"HIP_RUNTIME_API_EXT","hipSetDevice",2926740,2926740,1278,3618075675010464,3618075675010534
"HIP_RUNTIME_API_EXT","hipSetDevice",2926740,2926740,1279,3618075675015490,3618075675015547
"HIP_RUNTIME_API_EXT","hipSetDevice",2926740,2926740,1280,3618075675015851,3618075675015905
"HIP_RUNTIME_API_EXT","hipSetDevice",2926740,2926740,1281,3618075675016388,3618075675016443
"HIP_RUNTIME_API_EXT","hipGetDevice",2926740,2926740,1282,3618075675016909,3618075675016956
"HIP_RUNTIME_API_EXT","hipGetDevicePropertiesR0600",2926740,2926740,1283,3618075675017285,3618075675017430
"HIP_RUNTIME_API_EXT","hipGetDevice",2926740,2926740,1284,3618075675017831,3618075675017879
"HIP_RUNTIME_API_EXT","hipGetDevicePropertiesR0600",2926740,2926740,1285,3618075675018201,3618075675018299
"HIP_RUNTIME_API_EXT","hipGetDevice",2926740,2926740,1286,3618075675018893,3618075675018939
"HIP_RUNTIME_API_EXT","hipGetDevicePropertiesR0600",2926740,2926740,1287,3618075675019439,3618075675019550
"HIP_RUNTIME_API_EXT","hipGetDevice",2926740,2926740,1288,3618075675020150,3618075675020198
"HIP_RUNTIME_API_EXT","hipGetDevicePropertiesR0600",2926740,2926740,1289,3618075675020736,3618075675020869
"HIP_RUNTIME_API_EXT","hipExtModuleLaunchKernel",2926740,2926740,1290,3618075675024854,3618075675029871
"HIP_RUNTIME_API_EXT","hipSetDevice",2926740,2926740,1291,3618075675033165,3618075675033234
"HIP_RUNTIME_API_EXT","hipSetDevice",2926740,2926740,1292,3618075675037795,3618075675037859
"HIP_RUNTIME_API_EXT","hipSetDevice",2926740,2926740,1293,3618075675038163,3618075675038216
"HIP_RUNTIME_API_EXT","hipSetDevice",2926740,2926740,1294,3618075675038733,3618075675038784
"HIP_RUNTIME_API_EXT","hipGetDevice",2926740,2926740,1295,3618075675039277,3618075675039332
"HIP_RUNTIME_API_EXT","hipGetDevicePropertiesR0600",2926740,2926740,1296,3618075675039649,3618075675039797
"HIP_RUNTIME_API_EXT","hipGetDevice",2926740,2926740,1297,3618075675040167,3618075675040216
"HIP_RUNTIME_API_EXT","hipGetDevicePropertiesR0600",2926740,2926740,1298,3618075675040709,3618075675040809
"HIP_RUNTIME_API_EXT","hipGetDevice",2926740,2926740,1299,3618075675041239,3618075675041287
"HIP_RUNTIME_API_EXT","hipGetDevicePropertiesR0600",2926740,2926740,1300,3618075675041601,3618075675041712
"HIP_RUNTIME_API_EXT","hipGetDevice",2926740,2926740,1301,3618075675042130,3618075675042181
"HIP_RUNTIME_API_EXT","hipGetDevicePropertiesR0600",2926740,2926740,1302,3618075675042692,3618075675042791
"HIP_RUNTIME_API_EXT","hipExtModuleLaunchKernel",2926740,2926740,1303,3618075675046569,3618075675051388
"HIP_RUNTIME_API_EXT","hipSetDevice",2926740,2926740,1304,3618075675054825,3618075675054935
"HIP_RUNTIME_API_EXT","hipEventRecord",2926740,2926740,1305,3618075675055522,3618075675058157
"HIP_RUNTIME_API_EXT","hipEventQuery",2926740,2926740,1306,3618075675060443,3618075675060847
"HIP_RUNTIME_API_EXT","hipEventSynchronize",2926740,2926752,1307,3618075675322105,3618075675327306
"HIP_RUNTIME_API_EXT","hipEventElapsedTime",2926740,2926752,1308,3618075675336763,3618075675339937
"HIP_RUNTIME_API_EXT","hipSetDevice",2926740,2926740,1309,3618075675596422,3618075675596914
"HIP_RUNTIME_API_EXT","hipEventDestroy",2926740,2926740,1310,3618075675599687,3618075675600657
"HIP_RUNTIME_API_EXT","hipSetDevice",2926740,2926740,1311,3618075675603220,3618075675603299
"HIP_RUNTIME_API_EXT","hipEventDestroy",2926740,2926740,1312,3618075675603926,3618075675604325
"HIP_RUNTIME_API_EXT","hipEventQuery",2926740,2926740,1313,3618075675607156,3618075675608059
"HIP_RUNTIME_API_EXT","hipEventSynchronize",2926740,2926740,1314,3618075675610708,3618075682724816
"HIP_RUNTIME_API_EXT","hipSetDevice",2926740,2926740,1315,3618075687913629,3618075687914130
"HIP_RUNTIME_API_EXT","hipMemcpy",2926740,2926740,1316,3618075687916348,3618075691893460
"HIP_RUNTIME_API_EXT","hipSetDevice",2926740,2926740,1317,3618076037801096,3618076037802026
"HIP_RUNTIME_API_EXT","hipMemcpy",2926740,2926740,1318,3618076037804961,3618076041965974
"HIP_RUNTIME_API_EXT","hipSetDevice",2926740,2926740,1319,3618076375438121,3618076375439218
"HIP_RUNTIME_API_EXT","hipEventDestroy",2926740,2926740,1320,3618076375442140,3618076375444762
"HIP_RUNTIME_API_EXT","hipSetDevice",2926740,2926740,1321,3618076375452002,3618076375452096
"HIP_RUNTIME_API_EXT","hipStreamDestroy",2926740,2926740,1322,3618076375455134,3618076376198980
"HIP_RUNTIME_API_EXT","hipSetDevice",2926740,2926740,1323,3618076376211141,3618076376211460
"HIP_RUNTIME_API_EXT","hipStreamDestroy",2926740,2926740,1324,3618076376212660,3618076376863391
"HIP_RUNTIME_API_EXT","hipSetDevice",2926740,2926740,1325,3618076376877214,3618076376877518
"HIP_RUNTIME_API_EXT","hipFree",2926740,2926740,1326,3618076376879206,3618076377035878
"HIP_RUNTIME_API_EXT","hipSetDevice",2926740,2926740,1327,3618076377039621,3618076377039740
"HIP_RUNTIME_API_EXT","hipFree",2926740,2926740,1328,3618076377040307,3618076377138922
"HIP_RUNTIME_API_EXT","hipSetDevice",2926740,2926740,1329,3618076377141345,3618076377141424
"HIP_RUNTIME_API_EXT","hipFree",2926740,2926740,1330,3618076377141990,3618076377235861
"HIP_RUNTIME_API_EXT","hipSetDevice",2926740,2926740,1331,3618076377237503,3618076377237578
"HIP_RUNTIME_API_EXT","hipFree",2926740,2926740,1332,3618076377238126,3618076377330612
"HIP_RUNTIME_API_EXT","hipFree",2926740,2926740,1333,3618076440798301,3618076440945272
"HIP_RUNTIME_API_EXT","hipModuleUnload",2926740,2926740,1334,3618076441040955,3618076463540166
"HIP_RUNTIME_API_EXT","hipModuleUnload",2926740,2926740,1335,3618076463545165,3618076464547437
"HIP_COMPILER_API_EXT","__hipUnregisterFatBinary",2926740,2926740,1336,3618076465048394,3618076465053881
"HIP_COMPILER_API_EXT","__hipUnregisterFatBinary",2926740,2926740,1337,3618076465055595,3618076465056931
"HIP_COMPILER_API_EXT","__hipUnregisterFatBinary",2926740,2926740,1338,3618076465057926,3618076467654399
