"Domain","Function","Process_Id","Thread_Id","Correlation_Id","Start_Timestamp","End_Timestamp"
"HIP_COMPILER_API_EXT","__hipRegisterFatBinary",2926763,2926763,1,3618076901580390,3618076901587886
"HIP_COMPILER_API_EXT","__hipRegisterFunction",2926763,2926763,2,3618076901593226,3618076901601333
"HIP_COMPILER_API_EXT","__hipRegisterFunction",2926763,2926763,3,3618076901602379,3618076901607607
"HIP_COMPILER_API_EXT","__hipRegisterFunction",2926763,2926763,4,3618076901608097,3618076901608816
"HIP_COMPILER_API_EXT","__hipRegisterFunction",2926763,2926763,5,3618076901609261,3618076901609857
"HIP_COMPILER_API_EXT","__hipRegisterFunction",2926763,2926763,6,3618076901610276,3618076901610717
"HIP_COMPILER_API_EXT","__hipRegisterFunction",2926763,2926763,7,3618076901611174,3618076901611604
"HIP_COMPILER_API_EXT","__hipRegisterFunction",2926763,2926763,8,3618076901612090,3618076901612520
"HIP_COMPILER_API_EXT","__hipRegisterFunction",2926763,2926763,9,3618076901612926,3618076901613122
"HIP_COMPILER_API_EXT","__hipRegisterFunction",2926763,2926763,10,3618076901613580,3618076901614022
"HIP_COMPILER_API_EXT","__hipRegisterFunction",2926763,2926763,11,3618076901614479,3618076901615220
"HIP_COMPILER_API_EXT","__hipRegisterFunction",2926763,2926763,12,3618076901615663,3618076901624508
"HIP_COMPILER_API_EXT","__hipRegisterFunction",2926763,2926763,13,3618076901625126,3618076901625618
"HIP_COMPILER_API_EXT","__hipRegisterFunction",2926763,2926763,14,3618076901626046,3618076901626293
"HIP_COMPILER_API_EXT","__hipRegisterFunction",2926763,2926763,15,3618076901626766,3618076901627497
"HIP_COMPILER_API_EXT","__hipRegisterFunction",2926763,2926763,16,3618076901627964,3618076901628560
"HIP_COMPILER_API_EXT","__hipRegisterFunction",2926763,2926763,17,3618076901628990,3618076901629211
"HIP_COMPILER_API_EXT","__hipRegisterFunction",2926763,2926763,18,3618076901629635,3618076901630233
"HIP_COMPILER_API_EXT","__hipRegisterFunction",2926763,2926763,19,3618076901630683,3618076901630926
"HIP_COMPILER_API_EXT","__hipRegisterFunction",2926763,2926763,20,3618076901631350,3618076901632036
"HIP_COMPILER_API_EXT","__hipRegisterFunction",2926763,2926763,21,3618076901632457,3618076901632713
"HIP_COMPILER_API_EXT","__hipRegisterFunction",2926763,2926763,22,3618076901633133,3618076901633551
"HIP_COMPILER_API_EXT","__hipRegisterFunction",2926763,2926763,23,3618076901634012,3618076901634386
"HIP_COMPILER_API_EXT","__hipRegisterFunction",2926763,2926763,24,3618076901634801,3618076901635276
"HIP_COMPILER_API_EXT","__hipRegisterFunction",2926763,2926763,25,3618076901637353,3618076901637781
"HIP_COMPILER_API_EXT","__hipRegisterFunction",2926763,2926763,26,3618076901638220,3618076901638626
"HIP_COMPILER_API_EXT","__hipRegisterFunction",2926763,2926763,27,3618076901639060,3618076901639341
"HIP_COMPILER_API_EXT","__hipRegisterFunction",2926763,2926763,28,3618076901639750,3618076901640228
"HIP_COMPILER_API_EXT","__hipRegisterFunction",2926763,2926763,29,3618076901640643,3618076901641039
"HIP_COMPILER_API_EXT","__hipRegisterFunction",2926763,2926763,30,3618076901641446,3618076901641950
"HIP_COMPILER_API_EXT","__hipRegisterFunction",2926763,2926763,31,3618076901642412,3618076901643083
"HIP_COMPILER_API_EXT","__hipRegisterFunction",2926763,2926763,32,3618076901643501,3618076901643995
"HIP_COMPILER_API_EXT","__hipRegisterFunction",2926763,2926763,33,3618076901644441,3618076901644921
"HIP_COMPILER_API_EXT","__hipRegisterFunction",2926763,2926763,34,3618076901645338,3618076901645767
"HIP_COMPILER_API_EXT","__hipRegisterFunction",2926763,2926763,35,3618076901646234,3618076901646592
"HIP_COMPILER_API_EXT","__hipRegisterFunction",2926763,2926763,36,3618076901647022,3618076901647409
"HIP_COMPILER_API_EXT","__hipRegisterFunction",2926763,2926763,37,3618076901647819,3618076901648183
"HIP_COMPILER_API_EXT","__hipRegisterFunction",2926763,2926763,38,3618076901648591,3618076901648939
"HIP_COMPILER_API_EXT","__hipRegisterFunction",2926763,2926763,39,3618076901649445,3618076901649890
"HIP_COMPILER_API_EXT","__hipRegisterFunction",2926763,2926763,40,3618076901650310,3618076901650502
"HIP_COMPILER_API_EXT","__hipRegisterFunction",2926763,2926763,41,3618076901650943,3618076901651206
"HIP_COMPILER_API_EXT","__hipRegisterFunction",2926763,2926763,42,3618076901651622,3618076901651984
"HIP_COMPILER_API_EXT","__hipRegisterFunction",2926763,2926763,43,3618076901652437,3618076901652939
"HIP_COMPILER_API_EXT","__hipRegisterFunction",2926763,2926763,44,3618076901653367,3618076901653761
"HIP_COMPILER_API_EXT","__hipRegisterFunction",2926763,2926763,45,3618076901654172,3618076901654556
"HIP_COMPILER_API_EXT","__hipRegisterFunction",2926763,2926763,46,3618076901654981,3618076901655768
"HIP_COMPILER_API_EXT","__hipRegisterFunction",2926763,2926763,47,3618076901656219,3618076901656602
"HIP_COMPILER_API_EXT","__hipRegisterFunction",2926763,2926763,48,3618076901658828,3618076901659020
"HIP_COMPILER_API_EXT","__hipRegisterFunction",2926763,2926763,49,3618076901659475,3618076901659883
"HIP_COMPILER_API_EXT","__hipRegisterFunction",2926763,2926763,50,3618076901660299,3618076901660543
"HIP_COMPILER_API_EXT","__hipRegisterFunction",2926763,2926763,51,3618076901660995,3618076901661387
"HIP_COMPILER_API_EXT","__hipRegisterFunction",2926763,2926763,52,3618076901661803,3618076901662140
"HIP_COMPILER_API_EXT","__hipRegisterFunction",2926763,2926763,53,3618076901662563,3618076901662831
"HIP_COMPILER_API_EXT","__hipRegisterFunction",2926763,2926763,54,3618076901663273,3618076901667362
"HIP_COMPILER_API_EXT","__hipRegisterFunction",2926763,2926763,55,3618076901667978,3618076901668449
"HIP_COMPILER_API_EXT","__hipRegisterFunction",2926763,2926763,56,3618076901668883,3618076901669230
"HIP_COMPILER_API_EXT","__hipRegisterFunction",2926763,2926763,57,3618076901669656,3618076901670000
"HIP_COMPILER_API_EXT","__hipRegisterFunction",2926763,2926763,58,3618076901670418,3618076901670772
"HIP_COMPILER_API_EXT","__hipRegisterFunction",2926763,2926763,59,3618076901671196,3618076901671552
"HIP_COMPILER_API_EXT","__hipRegisterFunction",2926763,2926763,60,3618076901671975,3618076901672355
"HIP_COMPILER_API_EXT","__hipRegisterFunction",2926763,2926763,61,3618076901672773,3618076901673905
"HIP_COMPILER_API_EXT","__hipRegisterFunction",2926763,2926763,62,3618076901674422,3618076901674638
"HIP_COMPILER_API_EXT","__hipRegisterFunction",2926763,2926763,63,3618076901675074,3618076901675458
"HIP_COMPILER_API_EXT","__hipRegisterFunction",2926763,2926763,64,3618076901675884,3618076901676053
"HIP_COMPILER_API_EXT","__hipRegisterFunction",2926763,2926763,65,3618076901676669,3618076901677060
"HIP_COMPILER_API_EXT","__hipRegisterFunction",2926763,2926763,66,3618076901677483,3618076901677944
"HIP_COMPILER_API_EXT","__hipRegisterFunction",2926763,2926763,67,3618076901678378,3618076901678622
"HIP_COMPILER_API_EXT","__hipRegisterFunction",2926763,2926763,68,3618076901679046,3618076901679321
"HIP_COMPILER_API_EXT","__hipRegisterFunction",2926763,2926763,69,3618076901679739,3618076901679942
"HIP_COMPILER_API_EXT","__hipRegisterFunction",2926763,2926763,70,3618076901680360,3618076901680553
"HIP_COMPILER_API_EXT","__hipRegisterFunction",2926763,2926763,71,3618076901682647,3618076901683055
"HIP_COMPILER_API_EXT","__hipRegisterFunction",2926763,2926763,72,3618076901683495,3618076901683879
"HIP_COMPILER_API_EXT","__hipRegisterFunction",2926763,2926763,73,3618076901684320,3618076901684529
"HIP_COMPILER_API_EXT","__hipRegisterFunction",2926763,2926763,74,3618076901684984,3618076901685384
"HIP_COMPILER_API_EXT","__hipRegisterFunction",2926763,2926763,75,3618076901685805,3618076901686205
"HIP_COMPILER_API_EXT","__hipRegisterFunction",2926763,2926763,76,3618076901686638,3618076901686996
"HIP_COMPILER_API_EXT","__hipRegisterFunction",2926763,2926763,77,3618076901687398,3618076901687765
"HIP_COMPILER_API_EXT","__hipRegisterFunction",2926763,2926763,78,3618076901688166,3618076901688329
"HIP_COMPILER_API_EXT","__hipRegisterFunction",2926763,2926763,79,3618076901688758,3618076901688999
"HIP_COMPILER_API_EXT","__hipRegisterFunction",2926763,2926763,80,3618076901689402,3618076901689765
"HIP_COMPILER_API_EXT","__hipRegisterFunction",2926763,2926763,81,3618076901690169,3618076901690385
"HIP_COMPILER_API_EXT","__hipRegisterFunction",2926763,2926763,82,3618076901690799,3618076901691160
"HIP_COMPILER_API_EXT","__hipRegisterFunction",2926763,2926763,83,3618076901691569,3618076901691938
"HIP_COMPILER_API_EXT","__hipRegisterFunction",2926763,2926763,84,3618076901692347,3618076901692516
"HIP_COMPILER_API_EXT","__hipRegisterFunction",2926763,2926763,85,3618076901692923,3618076901693239
"HIP_COMPILER_API_EXT","__hipRegisterFunction",2926763,2926763,86,3618076901693647,3618076901693826
"HIP_COMPILER_API_EXT","__hipRegisterFunction",2926763,2926763,87,3618076901694240,3618076901694419
"HIP_COMPILER_API_EXT","__hipRegisterFunction",2926763,2926763,88,3618076901694852,3618076901695362
"HIP_COMPILER_API_EXT","__hipRegisterFunction",2926763,2926763,89,3618076901695784,3618076901696240
"HIP_COMPILER_API_EXT","__hipRegisterFunction",2926763,2926763,90,3618076901696646,3618076901696809
"HIP_COMPILER_API_EXT","__hipRegisterFunction",2926763,2926763,91,3618076901697218,3618076901697382
"HIP_COMPILER_API_EXT","__hipRegisterFunction",2926763,2926763,92,3618076901697790,3618076901698005
"HIP_COMPILER_API_EXT","__hipRegisterFunction",2926763,2926763,93,3618076901698408,3618076901698589
"HIP_COMPILER_API_EXT","__hipRegisterFunction",2926763,2926763,94,3618076901698992,3618076901699179
"HIP_COMPILER_API_EXT","__hipRegisterFunction",2926763,2926763,95,3618076901701305,3618076901701599
"HIP_COMPILER_API_EXT","__hipRegisterFunction",2926763,2926763,96,3618076901702025,3618076901702375
"HIP_COMPILER_API_EXT","__hipRegisterFunction",2926763,2926763,97,3618076901702789,3618076901702974
"HIP_COMPILER_API_EXT","__hipRegisterFunction",2926763,2926763,98,3618076901703389,3618076901703561
"HIP_COMPILER_API_EXT","__hipRegisterFunction",2926763,2926763,99,3618076901703985,3618076901704153
"HIP_COMPILER_API_EXT","__hipRegisterFunction",2926763,2926763,100,3618076901704560,3618076901704732
"HIP_COMPILER_API_EXT","__hipRegisterFunction",2926763,2926763,101,3618076901705145,3618076901705342
"HIP_COMPILER_API_EXT","__hipRegisterFunction",2926763,2926763,102,3618076901705748,3618076901705932
"HIP_COMPILER_API_EXT","__hipRegisterFunction",2926763,2926763,103,3618076901706380,3618076901706566
"HIP_COMPILER_API_EXT","__hipRegisterFunction",2926763,2926763,104,3618076901706978,3618076901707161
"HIP_COMPILER_API_EXT","__hipRegisterFunction",2926763,2926763,105,3618076901707591,3618076901707945
"HIP_COMPILER_API_EXT","__hipRegisterFunction",2926763,2926763,106,3618076901708354,3618076901708696
"HIP_COMPILER_API_EXT","__hipRegisterFunction",2926763,2926763,107,3618076901709120,3618076901709770
"HIP_COMPILER_API_EXT","__hipRegisterFunction",2926763,2926763,108,3618076901710183,3618076901710354
"HIP_COMPILER_API_EXT","__hipRegisterFunction",2926763,2926763,109,3618076901710772,3618076901711137
"HIP_COMPILER_API_EXT","__hipRegisterFunction",2926763,2926763,110,3618076901711547,3618076901711919
"HIP_COMPILER_API_EXT","__hipRegisterFunction",2926763,2926763,111,3618076901712335,3618076901712544
"HIP_COMPILER_API_EXT","__hipRegisterFunction",2926763,2926763,112,3618076901712949,3618076901713162
"HIP_COMPILER_API_EXT","__hipRegisterFunction",2926763,2926763,113,3618076901713567,3618076901713750
"HIP_COMPILER_API_EXT","__hipRegisterFunction",2926763,2926763,114,3618076901714158,3618076901714316
"HIP_COMPILER_API_EXT","__hipRegisterFunction",2926763,2926763,115,3618076901714731,3618076901714896
"HIP_COMPILER_API_EXT","__hipRegisterFunction",2926763,2926763,116,3618076901715313,3618076901715553
"HIP_COMPILER_API_EXT","__hipRegisterFunction",2926763,2926763,117,3618076901715956,3618076901716309
"HIP_COMPILER_API_EXT","__hipRegisterFunction",2926763,2926763,118,3618076901718598,3618076901718967
"HIP_COMPILER_API_EXT","__hipRegisterFunction",2926763,2926763,119,3618076901719399,3618076901719755
"HIP_COMPILER_API_EXT","__hipRegisterFunction",2926763,2926763,120,3618076901720176,3618076901720353
"HIP_COMPILER_API_EXT","__hipRegisterFunction",2926763,2926763,121,3618076901720775,3618076901721309
"HIP_COMPILER_API_EXT","__hipRegisterFunction",2926763,2926763,122,3618076901721725,3618076901722121
"HIP_COMPILER_API_EXT","__hipRegisterFunction",2926763,2926763,123,3618076901722529,3618076901722756
"HIP_COMPILER_API_EXT","__hipRegisterFunction",2926763,2926763,124,3618076901723163,3618076901723532
"HIP_COMPILER_API_EXT","__hipRegisterFunction",2926763,2926763,125,3618076901723940,3618076901724157
"HIP_COMPILER_API_EXT","__hipRegisterFunction",2926763,2926763,126,3618076901724562,3618076901724749
"HIP_COMPILER_API_EXT","__hipRegisterFunction",2926763,2926763,127,3618076901725205,3618076901725400
"HIP_COMPILER_API_EXT","__hipRegisterFunction",2926763,2926763,128,3618076901725842,3618076901726062
"HIP_COMPILER_API_EXT","__hipRegisterFunction",2926763,2926763,129,3618076901726576,3618076901728185
"HIP_COMPILER_API_EXT","__hipRegisterFunction",2926763,2926763,130,3618076901728640,3618076901729326
"HIP_COMPILER_API_EXT","__hipRegisterFunction",2926763,2926763,131,3618076901729837,3618076901730123
"HIP_COMPILER_API_EXT","__hipRegisterFunction",2926763,2926763,132,3618076901730556,3618076901730789
"HIP_COMPILER_API_EXT","__hipRegisterFunction",2926763,2926763,133,3618076901731192,3618076901731421
"HIP_COMPILER_API_EXT","__hipRegisterFunction",2926763,2926763,134,3618076901731873,3618076901732119
"HIP_COMPILER_API_EXT","__hipRegisterFunction",2926763,2926763,135,3618076901732532,3618076901732744
"HIP_COMPILER_API_EXT","__hipRegisterFunction",2926763,2926763,136,3618076901733151,3618076901733356
"HIP_COMPILER_API_EXT","__hipRegisterFunction",2926763,2926763,137,3618076901733767,3618076901733972
"HIP_COMPILER_API_EXT","__hipRegisterFunction",2926763,2926763,138,3618076901734379,3618076901734618
"HIP_COMPILER_API_EXT","__hipRegisterFunction",2926763,2926763,139,3618076901735033,3618076901735223
"HIP_COMPILER_API_EXT","__hipRegisterFunction",2926763,2926763,140,3618076901735639,3618076901735802
"HIP_COMPILER_API_EXT","__hipRegisterFunction",2926763,2926763,141,3618076901737777,3618076901738162
"HIP_COMPILER_API_EXT","__hipRegisterFunction",2926763,2926763,142,3618076901738580,3618076901738802
"HIP_COMPILER_API_EXT","__hipRegisterFunction",2926763,2926763,143,3618076901739250,3618076901739612
"HIP_COMPILER_API_EXT","__hipRegisterFunction",2926763,2926763,144,3618076901740020,3618076901740398
"HIP_COMPILER_API_EXT","__hipRegisterFunction",2926763,2926763,145,3618076901740810,3618076901741033
"HIP_COMPILER_API_EXT","__hipRegisterFunction",2926763,2926763,146,3618076901741448,3618076901741899
"HIP_COMPILER_API_EXT","__hipRegisterFunction",2926763,2926763,147,3618076901742316,3618076901742507
"HIP_COMPILER_API_EXT","__hipRegisterFunction",2926763,2926763,148,3618076901742906,3618076901743087
"HIP_COMPILER_API_EXT","__hipRegisterFunction",2926763,2926763,149,3618076901743495,3618076901743687
"HIP_COMPILER_API_EXT","__hipRegisterFunction",2926763,2926763,150,3618076901744100,3618076901744291
"HIP_COMPILER_API_EXT","__hipRegisterFunction",2926763,2926763,151,3618076901744703,3618076901745028
"HIP_COMPILER_API_EXT","__hipRegisterFunction",2926763,2926763,152,3618076901745441,3618076901745606
"HIP_COMPILER_API_EXT","__hipRegisterFunction",2926763,2926763,153,3618076901746018,3618076901746184
"HIP_COMPILER_API_EXT","__hipRegisterFunction",2926763,2926763,154,3618076901746608,3618076901746819
"HIP_COMPILER_API_EXT","__hipRegisterFunction",2926763,2926763,155,3618076901747235,3618076901747571
"HIP_COMPILER_API_EXT","__hipRegisterFunction",2926763,2926763,156,3618076901748017,3618076901748219
"HIP_COMPILER_API_EXT","__hipRegisterFunction",2926763,2926763,157,3618076901748624,3618076901748845
"HIP_COMPILER_API_EXT","__hipRegisterFunction",2926763,2926763,158,3618076901749257,3618076901749481
"HIP_COMPILER_API_EXT","__hipRegisterFunction",2926763,2926763,159,3618076901749935,3618076901750112
"HIP_COMPILER_API_EXT","__hipRegisterFunction",2926763,2926763,160,3618076901750521,3618076901750684
"HIP_COMPILER_API_EXT","__hipRegisterFunction",2926763,2926763,161,3618076901751124,3618076901751639
"HIP_COMPILER_API_EXT","__hipRegisterFunction",2926763,2926763,162,3618076901752078,3618076901752244
"HIP_COMPILER_API_EXT","__hipRegisterFunction",2926763,2926763,163,3618076901752655,3618076901752846
"HIP_COMPILER_API_EXT","__hipRegisterFunction",2926763,2926763,164,3618076901754951,3618076901755161
"HIP_COMPILER_API_EXT","__hipRegisterFunction",2926763,2926763,165,3618076901755610,3618076901755819
"HIP_COMPILER_API_EXT","__hipRegisterFunction",2926763,2926763,166,3618076901756224,3618076901756402
"HIP_COMPILER_API_EXT","__hipRegisterFunction",2926763,2926763,167,3618076901756819,3618076901757003
"HIP_COMPILER_API_EXT","__hipRegisterFunction",2926763,2926763,168,3618076901757406,3618076901757581
"HIP_COMPILER_API_EXT","__hipRegisterFunction",2926763,2926763,169,3618076901758004,3618076901758237
"HIP_COMPILER_API_EXT","__hipRegisterFunction",2926763,2926763,170,3618076901758644,3618076901758949
"HIP_COMPILER_API_EXT","__hipRegisterFunction",2926763,2926763,171,3618076901759402,3618076901759618
"HIP_COMPILER_API_EXT","__hipRegisterFunction",2926763,2926763,172,3618076901760027,3618076901760197
"HIP_COMPILER_API_EXT","__hipRegisterFunction",2926763,2926763,173,3618076901760623,3618076901760802
"HIP_COMPILER_API_EXT","__hipRegisterFunction",2926763,2926763,174,3618076901761225,3618076901761419
"HIP_COMPILER_API_EXT","__hipRegisterFunction",2926763,2926763,175,3618076901761853,3618076901762036
"HIP_COMPILER_API_EXT","__hipRegisterFunction",2926763,2926763,176,3618076901762470,3618076901762658
"HIP_COMPILER_API_EXT","__hipRegisterFunction",2926763,2926763,177,3618076901763064,3618076901763284
"HIP_COMPILER_API_EXT","__hipRegisterFunction",2926763,2926763,178,3618076901763722,3618076901763928
"HIP_COMPILER_API_EXT","__hipRegisterFunction",2926763,2926763,179,3618076901764335,3618076901764525
"HIP_COMPILER_API_EXT","__hipRegisterFunction",2926763,2926763,180,3618076901764941,3618076901765351
"HIP_COMPILER_API_EXT","__hipRegisterFunction",2926763,2926763,181,3618076901765752,3618076901765945
"HIP_COMPILER_API_EXT","__hipRegisterFunction",2926763,2926763,182,3618076901766355,3618076901766526
"HIP_COMPILER_API_EXT","__hipRegisterFunction",2926763,2926763,183,3618076901766939,3618076901767124
"HIP_COMPILER_API_EXT","__hipRegisterFunction",2926763,2926763,184,3618076901767530,3618076901767706
"HIP_COMPILER_API_EXT","__hipRegisterFunction",2926763,2926763,185,3618076901768118,3618076901768304
"HIP_COMPILER_API_EXT","__hipRegisterFunction",2926763,2926763,186,3618076901768755,3618076901768952
"HIP_COMPILER_API_EXT","__hipRegisterFunction",2926763,2926763,187,3618076901769386,3618076901769611
"HIP_COMPILER_API_EXT","__hipRegisterFunction",2926763,2926763,188,3618076901771617,3618076901771820
"HIP_COMPILER_API_EXT","__hipRegisterFunction",2926763,2926763,189,3618076901772226,3618076901772464
"HIP_COMPILER_API_EXT","__hipRegisterFunction",2926763,2926763,190,3618076901772981,3618076901773201
"HIP_COMPILER_API_EXT","__hipRegisterFunction",2926763,2926763,191,3618076901773618,3618076901773796
"HIP_COMPILER_API_EXT","__hipRegisterFunction",2926763,2926763,192,3618076901774244,3618076901774560
"HIP_COMPILER_API_EXT","__hipRegisterFunction",2926763,2926763,193,3618076901775051,3618076901775288
"HIP_COMPILER_API_EXT","__hipRegisterFunction",2926763,2926763,194,3618076901775692,3618076901776014
"HIP_COMPILER_API_EXT","__hipRegisterFunction",2926763,2926763,195,3618076901776547,3618076901776881
"HIP_COMPILER_API_EXT","__hipRegisterFunction",2926763,2926763,196,3618076901777291,3618076901777466
"HIP_COMPILER_API_EXT","__hipRegisterFunction",2926763,2926763,197,3618076901777904,3618076901778068
"HIP_COMPILER_API_EXT","__hipRegisterFunction",2926763,2926763,198,3618076901778518,3618076901778695
"HIP_COMPILER_API_EXT","__hipRegisterFunction",2926763,2926763,199,3618076901779101,3618076901779319
"HIP_COMPILER_API_EXT","__hipRegisterFunction",2926763,2926763,200,3618076901779754,3618076901780132
"HIP_COMPILER_API_EXT","__hipRegisterFunction",2926763,2926763,201,3618076901780633,3618076901780808
"HIP_COMPILER_API_EXT","__hipRegisterFunction",2926763,2926763,202,3618076901781224,3618076901781413
"HIP_COMPILER_API_EXT","__hipRegisterFunction",2926763,2926763,203,3618076901781828,3618076901781992
"HIP_COMPILER_API_EXT","__hipRegisterFunction",2926763,2926763,204,3618076901782398,3618076901782566
"HIP_COMPILER_API_EXT","__hipRegisterFunction",2926763,2926763,205,3618076901782975,3618076901783148
"HIP_COMPILER_API_EXT","__hipRegisterFunction",2926763,2926763,206,3618076901783585,3618076901783751
"HIP_COMPILER_API_EXT","__hipRegisterFunction",2926763,2926763,207,3618076901784186,3618076901784369
"HIP_COMPILER_API_EXT","__hipRegisterFunction",2926763,2926763,208,3618076901784799,3618076901785162
"HIP_COMPILER_API_EXT","__hipRegisterFunction",2926763,2926763,209,3618076901785604,3618076901785768
"HIP_COMPILER_API_EXT","__hipRegisterFunction",2926763,2926763,210,3618076901786172,3618076901786337
"HIP_COMPILER_API_EXT","__hipRegisterFunction",2926763,2926763,211,3618076901788487,3618076901788684
"HIP_COMPILER_API_EXT","__hipRegisterFunction",2926763,2926763,212,3618076901789096,3618076901789295
"HIP_COMPILER_API_EXT","__hipRegisterFunction",2926763,2926763,213,3618076901789711,3618076901789877
"HIP_COMPILER_API_EXT","__hipRegisterFunction",2926763,2926763,214,3618076901790321,3618076901790504
"HIP_COMPILER_API_EXT","__hipRegisterFunction",2926763,2926763,215,3618076901790909,3618076901791091
"HIP_COMPILER_API_EXT","__hipRegisterFunction",2926763,2926763,216,3618076901791505,3618076901791671
"HIP_COMPILER_API_EXT","__hipRegisterFunction",2926763,2926763,217,3618076901792077,3618076901792270
"HIP_COMPILER_API_EXT","__hipRegisterFunction",2926763,2926763,218,3618076901792719,3618076901792907
"HIP_COMPILER_API_EXT","__hipRegisterFunction",2926763,2926763,219,3618076901793322,3618076901793502
"HIP_COMPILER_API_EXT","__hipRegisterFunction",2926763,2926763,220,3618076901793941,3618076901794104
"HIP_COMPILER_API_EXT","__hipRegisterFunction",2926763,2926763,221,3618076901794509,3618076901794677
"HIP_COMPILER_API_EXT","__hipRegisterFunction",2926763,2926763,222,3618076901795084,3618076901795264
"HIP_COMPILER_API_EXT","__hipRegisterFunction",2926763,2926763,223,3618076901795681,3618076901795891
"HIP_COMPILER_API_EXT","__hipRegisterFatBinary",2926763,2926763,224,3618076901796931,3618076901797201
"HIP_COMPILER_API_EXT","__hipRegisterFunction",2926763,2926763,225,3618076901797666,3618076901798152
"HIP_COMPILER_API_EXT","__hipRegisterFunction",2926763,2926763,226,3618076901798566,3618076901799033
"HIP_COMPILER_API_EXT","__hipRegisterFatBinary",2926763,2926763,227,3618076901799651,3618076901799781
"HIP_COMPILER_API_EXT","__hipRegisterFunction",2926763,2926763,228,3618076901800192,3618076901800436
"HIP_RUNTIME_API_EXT","hipGetDeviceCount",2926763,2926763,229,3618076914563086,3618076982161359
"HIP_RUNTIME_API_EXT","hipSetDevice",2926763,2926763,230,3618077389710566,3618077389714878
"HIP_RUNTIME_API_EXT","hipMalloc",2926763,2926763,231,3618077389726277,3618077389817603
"HIP_RUNTIME_API_EXT","hipSetDevice",2926763,2926763,232,3618077389820619,3618077389820905
"HIP_RUNTIME_API_EXT","hipMemcpy",2926763,2926763,233,3618077389826842,3618077570328905
"HIP_RUNTIME_API_EXT","hipSetDevice",2926763,2926763,234,3618077989169975,3618077989171923
"HIP_RUNTIME_API_EXT","hipMalloc",2926763,2926763,235,3618077989176306,3618077989242519
"HIP_RUNTIME_API_EXT","hipSetDevice",2926763,2926763,236,3618077989245092,3618077989245255
"HIP_RUNTIME_API_EXT","hipMemcpy",2926763,2926763,237,3618077989247085,3618077990626164
"HIP_RUNTIME_API_EXT","hipSetDevice",2926763,2926763,238,3618077991287524,3618077991288094
"HIP_RUNTIME_API_EXT","hipMalloc",2926763,2926763,239,3618077991290181,3618077991326762
"HIP_RUNTIME_API_EXT","hipSetDevice",2926763,2926763,240,3618077991328298,3618077991328456
"HIP_COMPILER_API_EXT","__hipPushCallConfiguration",2926763,2926763,241,3618077991332330,3618077991342997
"HIP_COMPILER_API_EXT","__hipPopCallConfiguration",2926763,2926763,242,3618077991344264,3618077991345379
"HIP_RUNTIME_API_EXT","hipLaunchKernel",2926763,2926763,243,3618077991349650,3618078007133553
"HIP_RUNTIME_API_EXT","hipGetLastError",2926763,2926763,244,3618078007138783,3618078007149254
"HIP_RUNTIME_API_EXT","hipSetDevice",2926763,2926763,245,3618078007175580,3618078007176001
"HIP_RUNTIME_API_EXT","hipMalloc",2926763,2926763,246,3618078007176952,3618078007222765
"HIP_RUNTIME_API_EXT","hipSetDevice",2926763,2926763,247,3618078007223937,3618078007224072
"HIP_COMPILER_API_EXT","__hipPushCallConfiguration",2926763,2926763,248,3618078007225973,3618078007226901
"HIP_COMPILER_API_EXT","__hipPopCallConfiguration",2926763,2926763,249,3618078007227642,3618078007228147
"HIP_RUNTIME_API_EXT","hipLaunchKernel",2926763,2926763,250,3618078007230026,3618078007237670
"HIP_RUNTIME_API_EXT","hipGetLastError",2926763,2926763,251,3618078007238569,3618078007238707
"HIP_RUNTIME_API_EXT","hipSetDevice",2926763,2926763,252,3618078011177617,3618078011178373
"HIP_RUNTIME_API_EXT","hipMemcpy",2926763,2926763,253,3618078011180208,3618078017770859
"HIP_RUNTIME_API_EXT","hipSetDevice",2926763,2926763,254,3618078365052612,3618078365053700
"HIP_RUNTIME_API_EXT","hipMemcpy",2926763,2926763,255,3618078365056327,3618078367694638
"HIP_RUNTIME_API_EXT","hipSetDevice",2926763,2926763,256,3618078695842385,3618078695843235
"HIP_RUNTIME_API_EXT","hipSetDevice",2926763,2926763,257,3618078695846948,3618078695847148
"HIP_RUNTIME_API_EXT","hipStreamCreateWithFlags",2926763,2926763,258,3618078695862907,3618078737860249
"HIP_RUNTIME_API_EXT","hipSetDevice",2926763,2926763,259,3618078737901261,3618078737901769
"HIP_RUNTIME_API_EXT","hipSetDevice",2926763,2926763,260,3618078737903284,3618078737903344
"HIP_RUNTIME_API_EXT","hipStreamCreateWithFlags",2926763,2926763,261,3618078737904774,3618078797937433
"HIP_RUNTIME_API_EXT","hipSetDevice",2926763,2926763,262,3618078797978932,3618078797979479
"HIP_RUNTIME_API_EXT","hipEventCreateWithFlags",2926763,2926763,263,3618078797987127,3618078797990162
"HIP_RUNTIME_API_EXT","hipSetDevice",2926763,2926763,265,3618078803136588,3618078803137418
"HIP_RUNTIME_API_EXT","hipEventCreateWithFlags",2926763,2926763,266,3618078803139988,3618078803141365
"HIP_RUNTIME_API_EXT","hipSetDevice",2926763,2926763,267,3618078803147688,3618078803147814
"HIP_RUNTIME_API_EXT","hipEventCreateWithFlags",2926763,2926763,268,3618078803148423,3618078803148805
"HIP_RUNTIME_API_EXT","hipSetDevice",2926763,2926763,269,3618078803160861,3618078803160945
"HIP_RUNTIME_API_EXT","hipEventRecord",2926763,2926763,270,3618078803164986,3618078803177575
"HIP_RUNTIME_API_EXT","hipSetDevice",2926763,2926763,271,3618078803196181,3618078803196267
"HIP_RUNTIME_API_EXT","hipMalloc",2926763,2926763,272,3618078803213065,3618078803278692
"HIP_RUNTIME_API_EXT","hipMemset",2926763,2926763,273,3618078803285182,3618078803314133
"HIP_RUNTIME_API_EXT","hipGetDevice",2926763,2926763,274,3618078803316169,3618078803317425
"HIP_RUNTIME_API_EXT","hipGetDevice",2926763,2926763,275,3618078803318932,3618078803318985
"HIP_RUNTIME_API_EXT","hipGetDevicePropertiesR0600",2926763,2926763,276,3618078803319872,3618078803322102
"HIP_RUNTIME_API_EXT","hipSetDevice",2926763,2926763,277,3618078804768279,3618078804768520
"HIP_RUNTIME_API_EXT","hipSetDevice",2926763,2926763,278,3618078804769123,3618078804769182
"HIP_RUNTIME_API_EXT","hipSetDevice",2926763,2926763,279,3618078804769864,3618078804769924
"HIP_RUNTIME_API_EXT","hipGetDeviceCount",2926763,2926763,280,3618078804775650,3618078804776175
"HIP_RUNTIME_API_EXT","hipGetDevice",2926763,2926763,281,3618078804777541,3618078804777730
"HIP_RUNTIME_API_EXT","hipGetDevicePropertiesR0600",2926763,2926763,282,3618078804781904,3618078804783343
"HIP_RUNTIME_API_EXT","hipGetDeviceCount",2926763,2926763,283,3618078804800254,3618078804800308
"HIP_RUNTIME_API_EXT","hipGetDevicePropertiesR0600",2926763,2926763,284,3618078804800824,3618078804801632
"HIP_RUNTIME_API_EXT","hipGetDevicePropertiesR0600",2926763,2926763,285,3618078804803086,3618078804803183
"HIP_RUNTIME_API_EXT","hipGetDevicePropertiesR0600",2926763,2926763,286,3618078804804572,3618078804805022
"HIP_RUNTIME_API_EXT","hipRuntimeGetVersion",2926763,2926763,287,3618078804805985,3618078804806749
"HIP_RUNTIME_API_EXT","hipDeviceGetAttribute",2926763,2926763,288,3618078804811388,3618078804813698
"HIP_RUNTIME_API_EXT","hipDeviceGetAttribute",2926763,2926763,289,3618078804823434,3618078804824566
"HIP_RUNTIME_API_EXT","hipModuleLoad",2926763,2926763,290,3618078810351620,3618078958805209
"HIP_RUNTIME_API_EXT","hipGetDevice",2926763,2926763,291,3618078958825500,3618078958826534
"HIP_RUNTIME_API_EXT","hipGetDevicePropertiesR0600",2926763,2926763,292,3618078958827834,3618078958830336
"HIP_RUNTIME_API_EXT","hipGetDevice",2926763,2926763,293,3618078958831755,3618078958831881
"HIP_RUNTIME_API_EXT","hipGetDevicePropertiesR0600",2926763,2926763,294,3618078958832447,3618078958832874
"HIP_RUNTIME_API_EXT","hipGetDevice",2926763,2926763,295,3618078958834362,3618078958834411
"HIP_RUNTIME_API_EXT","hipGetDevicePropertiesR0600",2926763,2926763,296,3618078958835088,3618078958835358
"HIP_RUNTIME_API_EXT","hipGetDevice",2926763,2926763,297,3618078958836550,3618078958836641
"HIP_RUNTIME_API_EXT","hipGetDevicePropertiesR0600",2926763,2926763,298,3618078958837056,3618078958837172
"HIP_RUNTIME_API_EXT","hipGetDevice",2926763,2926763,299,3618078959090067,3618078959090223
"HIP_RUNTIME_API_EXT","hipGetDevicePropertiesR0600",2926763,2926763,300,3618078959090937,3618078959091346
"HIP_RUNTIME_API_EXT","hipRuntimeGetVersion",2926763,2926763,301,3618078959092276,3618078959092967
"HIP_RUNTIME_API_EXT","hipDeviceGetAttribute",2926763,2926763,302,3618078959094506,3618078959096086
"HIP_RUNTIME_API_EXT","hipDeviceGetAttribute",2926763,2926763,303,3618078959100318,3618078959101028
"HIP_RUNTIME_API_EXT","hipGetDevice",2926763,2926763,304,3618078959162763,3618078959162878
"HIP_RUNTIME_API_EXT","hipGetDevicePropertiesR0600",2926763,2926763,305,3618078959165713,3618078959165889
"HIP_RUNTIME_API_EXT","hipRuntimeGetVersion",2926763,2926763,306,3618078959166279,3618078959166382
"HIP_RUNTIME_API_EXT","hipDeviceGetAttribute",2926763,2926763,307,3618078959166758,3618078959166919
"HIP_RUNTIME_API_EXT","hipDeviceGetAttribute",2926763,2926763,308,3618078959168121,3618078959168291
"HIP_RUNTIME_API_EXT","hipGetDevice",2926763,2926763,309,3618078959207397,3618078959207463
"HIP_RUNTIME_API_EXT","hipGetDevicePropertiesR0600",2926763,2926763,310,3618078959207834,3618078959207991
"HIP_RUNTIME_API_EXT","hipRuntimeGetVersion",2926763,2926763,311,3618078959208298,3618078959208341
"HIP_RUNTIME_API_EXT","hipDeviceGetAttribute",2926763,2926763,312,3618078959208829,3618078959208976
"HIP_RUNTIME_API_EXT","hipDeviceGetAttribute",2926763,2926763,313,3618078959209797,3618078959209972
"HIP_RUNTIME_API_EXT","hipGetDevice",2926763,2926763,314,3618078959245731,3618078959245802
"HIP_RUNTIME_API_EXT","hipGetDevicePropertiesR0600",2926763,2926763,315,3618078959246173,3618078959246329
"HIP_RUNTIME_API_EXT","hipRuntimeGetVersion",2926763,2926763,316,3618078959246754,3618078959246805
"HIP_RUNTIME_API_EXT","hipDeviceGetAttribute",2926763,2926763,317,3618078959247136,3618078959247285
"HIP_RUNTIME_API_EXT","hipDeviceGetAttribute",2926763,2926763,318,3618078959248211,3618078959248374
"HIP_RUNTIME_API_EXT","hipGetDevice",2926763,2926763,319,3618078959283183,3618078959283257
"HIP_RUNTIME_API_EXT","hipGetDevicePropertiesR0600",2926763,2926763,320,3618078959283757,3618078959283906
"HIP_RUNTIME_API_EXT","hipRuntimeGetVersion",2926763,2926763,321,3618078959284421,3618078959284466
"HIP_RUNTIME_API_EXT","hipDeviceGetAttribute",2926763,2926763,322,3618078959284810,3618078959284949
"HIP_RUNTIME_API_EXT","hipDeviceGetAttribute",2926763,2926763,323,3618078959285690,3618078959285854
"HIP_RUNTIME_API_EXT","hipGetDevice",2926763,2926763,324,3618078959319566,3618078959319635
"HIP_RUNTIME_API_EXT","hipGetDevicePropertiesR0600",2926763,2926763,325,3618078959320004,3618078959320148
"HIP_RUNTIME_API_EXT","hipRuntimeGetVersion",2926763,2926763,326,3618078959320516,3618078959320559
"HIP_RUNTIME_API_EXT","hipDeviceGetAttribute",2926763,2926763,327,3618078959320927,3618078959321071
"HIP_RUNTIME_API_EXT","hipDeviceGetAttribute",2926763,2926763,328,3618078959323646,3618078959323857
"HIP_RUNTIME_API_EXT","hipGetDevice",2926763,2926763,329,3618078959357013,3618078959357089
"HIP_RUNTIME_API_EXT","hipGetDevicePropertiesR0600",2926763,2926763,330,3618078959357466,3618078959357607
"HIP_RUNTIME_API_EXT","hipRuntimeGetVersion",2926763,2926763,331,3618078959357959,3618078959358003
"HIP_RUNTIME_API_EXT","hipDeviceGetAttribute",2926763,2926763,332,3618078959358373,3618078959358512
"HIP_RUNTIME_API_EXT","hipDeviceGetAttribute",2926763,2926763,333,3618078959359361,3618078959359523
"HIP_RUNTIME_API_EXT","hipGetDevice",2926763,2926763,334,3618078959392763,3618078959392829
"HIP_RUNTIME_API_EXT","hipGetDevicePropertiesR0600",2926763,2926763,335,3618078959393161,3618078959393317
"HIP_RUNTIME_API_EXT","hipRuntimeGetVersion",2926763,2926763,336,3618078959393664,3618078959393708
"HIP_RUNTIME_API_EXT","hipDeviceGetAttribute",2926763,2926763,337,3618078959394036,3618078959394206
"HIP_RUNTIME_API_EXT","hipDeviceGetAttribute",2926763,2926763,338,3618078959395039,3618078959395197
"HIP_RUNTIME_API_EXT","hipGetDevice",2926763,2926763,339,3618078959436249,3618078959436379
"HIP_RUNTIME_API_EXT","hipGetDevicePropertiesR0600",2926763,2926763,340,3618078959436763,3618078959437069
"HIP_RUNTIME_API_EXT","hipRuntimeGetVersion",2926763,2926763,341,3618078959437414,3618078959437501
"HIP_RUNTIME_API_EXT","hipDeviceGetAttribute",2926763,2926763,342,3618078959437898,3618078959438136
"HIP_RUNTIME_API_EXT","hipDeviceGetAttribute",2926763,2926763,343,3618078959440529,3618078959440727
"HIP_RUNTIME_API_EXT","hipGetDevice",2926763,2926763,344,3618078959473796,3618078959473860
"HIP_RUNTIME_API_EXT","hipGetDevicePropertiesR0600",2926763,2926763,345,3618078959474219,3618078959474372
"HIP_RUNTIME_API_EXT","hipRuntimeGetVersion",2926763,2926763,346,3618078959474709,3618078959474755
"HIP_RUNTIME_API_EXT","hipDeviceGetAttribute",2926763,2926763,347,3618078959475102,3618078959475244
"HIP_RUNTIME_API_EXT","hipDeviceGetAttribute",2926763,2926763,348,3618078959475983,3618078959476143
"HIP_RUNTIME_API_EXT","hipGetDevice",2926763,2926763,349,3618078959508483,3618078959508548
"HIP_RUNTIME_API_EXT","hipGetDevicePropertiesR0600",2926763,2926763,350,3618078959508884,3618078959509036
"HIP_RUNTIME_API_EXT","hipRuntimeGetVersion",2926763,2926763,351,3618078959509379,3618078959509422
"HIP_RUNTIME_API_EXT","hipDeviceGetAttribute",2926763,2926763,352,3618078959525370,3618078959525548
"HIP_RUNTIME_API_EXT","hipDeviceGetAttribute",2926763,2926763,353,3618078959529848,3618078959530022
"HIP_RUNTIME_API_EXT","hipGetDevice",2926763,2926763,354,3618078959562439,3618078959562503
"HIP_RUNTIME_API_EXT","hipGetDevicePropertiesR0600",2926763,2926763,355,3618078959562849,3618078959562988
"HIP_RUNTIME_API_EXT","hipRuntimeGetVersion",2926763,2926763,356,3618078959563339,3618078959563387
"HIP_RUNTIME_API_EXT","hipDeviceGetAttribute",2926763,2926763,357,3618078959563874,3618078959564008
"HIP_RUNTIME_API_EXT","hipDeviceGetAttribute",2926763,2926763,358,3618078959566107,3618078959566268
"HIP_RUNTIME_API_EXT","hipGetDevice",2926763,2926763,359,3618078959600547,3618078959600612
"HIP_RUNTIME_API_EXT","hipGetDevicePropertiesR0600",2926763,2926763,360,3618078959600985,3618078959601137
"HIP_RUNTIME_API_EXT","hipRuntimeGetVersion",2926763,2926763,361,3618078959601617,3618078959601663
"HIP_RUNTIME_API_EXT","hipDeviceGetAttribute",2926763,2926763,362,3618078959602007,3618078959602142
"HIP_RUNTIME_API_EXT","hipDeviceGetAttribute",2926763,2926763,363,3618078959602987,3618078959603147
"HIP_RUNTIME_API_EXT","hipGetDevice",2926763,2926763,364,3618078959637134,3618078959637201
"HIP_RUNTIME_API_EXT","hipGetDevicePropertiesR0600",2926763,2926763,365,3618078959637696,3618078959637858
"HIP_RUNTIME_API_EXT","hipRuntimeGetVersion",2926763,2926763,366,3618078959638207,3618078959638251
"HIP_RUNTIME_API_EXT","hipDeviceGetAttribute",2926763,2926763,367,3618078959638589,3618078959638738
"HIP_RUNTIME_API_EXT","hipDeviceGetAttribute",2926763,2926763,368,3618078959640823,3618078959640994
"HIP_RUNTIME_API_EXT","hipGetDevice",2926763,2926763,369,3618078959673746,3618078959673804
"HIP_RUNTIME_API_EXT","hipGetDevicePropertiesR0600",2926763,2926763,370,3618078959674144,3618078959674300
"HIP_RUNTIME_API_EXT","hipRuntimeGetVersion",2926763,2926763,371,3618078959674639,3618078959674682
"HIP_RUNTIME_API_EXT","hipDeviceGetAttribute",2926763,2926763,372,3618078959675001,3618078959675136
"HIP_RUNTIME_API_EXT","hipDeviceGetAttribute",2926763,2926763,373,3618078959676036,3618078959676199
"HIP_RUNTIME_API_EXT","hipGetDevice",2926763,2926763,374,3618078959708282,3618078959708344
"HIP_RUNTIME_API_EXT","hipGetDevicePropertiesR0600",2926763,2926763,375,3618078959708732,3618078959708885
"HIP_RUNTIME_API_EXT","hipRuntimeGetVersion",2926763,2926763,376,3618078959710540,3618078959710587
"HIP_RUNTIME_API_EXT","hipDeviceGetAttribute",2926763,2926763,377,3618078959710986,3618078959711152
"HIP_RUNTIME_API_EXT","hipDeviceGetAttribute",2926763,2926763,378,3618078959713291,3618078959713447
"HIP_RUNTIME_API_EXT","hipGetDevice",2926763,2926763,379,3618078959746638,3618078959746706
"HIP_RUNTIME_API_EXT","hipGetDevicePropertiesR0600",2926763,2926763,380,3618078959747050,3618078959747194
"HIP_RUNTIME_API_EXT","hipRuntimeGetVersion",2926763,2926763,381,3618078959747533,3618078959747578
"HIP_RUNTIME_API_EXT","hipDeviceGetAttribute",2926763,2926763,382,3618078959747933,3618078959748078
"HIP_RUNTIME_API_EXT","hipDeviceGetAttribute",2926763,2926763,383,3618078959752787,3618078959752966
"HIP_RUNTIME_API_EXT","hipGetDevice",2926763,2926763,384,3618078959787279,3618078959787352
"HIP_RUNTIME_API_EXT","hipGetDevicePropertiesR0600",2926763,2926763,385,3618078959788200,3618078959788357
"HIP_RUNTIME_API_EXT","hipRuntimeGetVersion",2926763,2926763,386,3618078959788715,3618078959788765
"HIP_RUNTIME_API_EXT","hipDeviceGetAttribute",2926763,2926763,387,3618078959789118,3618078959789259
"HIP_RUNTIME_API_EXT","hipDeviceGetAttribute",2926763,2926763,388,3618078959789980,3618078959790136
"HIP_RUNTIME_API_EXT","hipGetDevice",2926763,2926763,389,3618078959822124,3618078959822196
"HIP_RUNTIME_API_EXT","hipGetDevicePropertiesR0600",2926763,2926763,390,3618078959822539,3618078959822688
"HIP_RUNTIME_API_EXT","hipRuntimeGetVersion",2926763,2926763,391,3618078959823053,3618078959823106
"HIP_RUNTIME_API_EXT","hipDeviceGetAttribute",2926763,2926763,392,3618078959823496,3618078959823639
"HIP_RUNTIME_API_EXT","hipDeviceGetAttribute",2926763,2926763,393,3618078959826090,3618078959826259
"HIP_RUNTIME_API_EXT","hipGetDevice",2926763,2926763,394,3618078959858869,3618078959858928
"HIP_RUNTIME_API_EXT","hipGetDevicePropertiesR0600",2926763,2926763,395,3618078959859281,3618078959859435
"HIP_RUNTIME_API_EXT","hipRuntimeGetVersion",2926763,2926763,396,3618078959859791,3618078959859834
"HIP_RUNTIME_API_EXT","hipDeviceGetAttribute",2926763,2926763,397,3618078959860161,3618078959860298
"HIP_RUNTIME_API_EXT","hipDeviceGetAttribute",2926763,2926763,398,3618078959861086,3618078959861247
"HIP_RUNTIME_API_EXT","hipGetDevice",2926763,2926763,399,3618078959894358,3618078959894416
"HIP_RUNTIME_API_EXT","hipGetDevicePropertiesR0600",2926763,2926763,400,3618078959894773,3618078959894926
"HIP_RUNTIME_API_EXT","hipRuntimeGetVersion",2926763,2926763,401,3618078959895368,3618078959895411
"HIP_RUNTIME_API_EXT","hipDeviceGetAttribute",2926763,2926763,402,3618078959895746,3618078959895889
"HIP_RUNTIME_API_EXT","hipDeviceGetAttribute",2926763,2926763,403,3618078959898235,3618078959898397
"HIP_RUNTIME_API_EXT","hipGetDevice",2926763,2926763,404,3618078959930057,3618078959930116
"HIP_RUNTIME_API_EXT","hipGetDevicePropertiesR0600",2926763,2926763,405,3618078959930574,3618078959930723
"HIP_RUNTIME_API_EXT","hipRuntimeGetVersion",2926763,2926763,406,3618078959931065,3618078959931111
"HIP_RUNTIME_API_EXT","hipDeviceGetAttribute",2926763,2926763,407,3618078959931440,3618078959931580
"HIP_RUNTIME_API_EXT","hipDeviceGetAttribute",2926763,2926763,408,3618078959932391,3618078959932547
"HIP_RUNTIME_API_EXT","hipGetDevice",2926763,2926763,409,3618078959964641,3618078959964699
"HIP_RUNTIME_API_EXT","hipGetDevicePropertiesR0600",2926763,2926763,410,3618078959965068,3618078959965214
"HIP_RUNTIME_API_EXT","hipRuntimeGetVersion",2926763,2926763,411,3618078959965578,3618078959965630
"HIP_RUNTIME_API_EXT","hipDeviceGetAttribute",2926763,2926763,412,3618078959965974,3618078959966128
"HIP_RUNTIME_API_EXT","hipDeviceGetAttribute",2926763,2926763,413,3618078959968178,3618078959968339
"HIP_RUNTIME_API_EXT","hipGetDevice",2926763,2926763,414,3618078960010299,3618078960010434
"HIP_RUNTIME_API_EXT","hipGetDevicePropertiesR0600",2926763,2926763,415,3618078960010817,3618078960011130
"HIP_RUNTIME_API_EXT","hipRuntimeGetVersion",2926763,2926763,416,3618078960011466,3618078960011557
"HIP_RUNTIME_API_EXT","hipDeviceGetAttribute",2926763,2926763,417,3618078960011921,3618078960012124
"HIP_RUNTIME_API_EXT","hipDeviceGetAttribute",2926763,2926763,418,3618078960013030,3618078960013185
"HIP_RUNTIME_API_EXT","hipGetDevice",2926763,2926763,419,3618078960045317,3618078960045371
"HIP_RUNTIME_API_EXT","hipGetDevicePropertiesR0600",2926763,2926763,420,3618078960045717,3618078960045861
"HIP_RUNTIME_API_EXT","hipRuntimeGetVersion",2926763,2926763,421,3618078960046184,3618078960046237
"HIP_RUNTIME_API_EXT","hipDeviceGetAttribute",2926763,2926763,422,3618078960048461,3618078960048614
"HIP_RUNTIME_API_EXT","hipDeviceGetAttribute",2926763,2926763,423,3618078960050660,3618078960050827
"HIP_RUNTIME_API_EXT","hipGetDevice",2926763,2926763,424,3618078960082242,3618078960082306
"HIP_RUNTIME_API_EXT","hipGetDevicePropertiesR0600",2926763,2926763,425,3618078960082656,3618078960082805
"HIP_RUNTIME_API_EXT","hipRuntimeGetVersion",2926763,2926763,426,3618078960083128,3618078960083172
"HIP_RUNTIME_API_EXT","hipDeviceGetAttribute",2926763,2926763,427,3618078960083497,3618078960083640
"HIP_RUNTIME_API_EXT","hipDeviceGetAttribute",2926763,2926763,428,3618078960084440,3618078960084600
"HIP_RUNTIME_API_EXT","hipGetDevice",2926763,2926763,429,3618078960115616,3618078960115688
"HIP_RUNTIME_API_EXT","hipGetDevicePropertiesR0600",2926763,2926763,430,3618078960116014,3618078960116172
"HIP_RUNTIME_API_EXT","hipRuntimeGetVersion",2926763,2926763,431,3618078960116502,3618078960116556
"HIP_RUNTIME_API_EXT","hipDeviceGetAttribute",2926763,2926763,432,3618078960116888,3618078960117032
"HIP_RUNTIME_API_EXT","hipDeviceGetAttribute",2926763,2926763,433,3618078960119449,3618078960119612
"HIP_RUNTIME_API_EXT","hipModuleLoad",2926763,2926763,434,3618078960243495,3618078966488938
"HIP_RUNTIME_API_EXT","hipModuleGetFunction",2926763,2926763,435,3618078966499048,3618078966501815
"HIP_RUNTIME_API_EXT","hipGetLastError",2926763,2926763,436,3618078966503481,3618078966504681
"HIP_RUNTIME_API_EXT","hipModuleGetFunction",2926763,2926763,437,3618078966505445,3618078966507251
"HIP_RUNTIME_API_EXT","hipExtModuleLaunchKernel",2926763,2926763,438,3618078966517764,3618078966538845
"HIP_RUNTIME_API_EXT","hipSetDevice",2926763,2926763,439,3618078966562857,3618078966563233
"HIP_RUNTIME_API_EXT","hipEventRecord",2926763,2926763,440,3618078966565722,3618078966570535
"HIP_RUNTIME_API_EXT","hipEventQuery",2926763,2926763,441,3618078966577745,3618078966579779
"HIP_RUNTIME_API_EXT","hipEventSynchronize",2926763,2926763,442,3618078966592981,3618078966701228
"HIP_RUNTIME_API_EXT","hipEventElapsedTime",2926763,2926763,443,3618078966705375,3618078966727769
"HIP_RUNTIME_API_EXT","hipSetDevice",2926763,2926763,444,3618078966882053,3618078966882384
"HIP_RUNTIME_API_EXT","hipEventDestroy",2926763,2926763,445,3618078966883144,3618078966885277
"HIP_RUNTIME_API_EXT","hipSetDevice",2926763,2926763,446,3618078966890281,3618078966890370
"HIP_RUNTIME_API_EXT","hipEventDestroy",2926763,2926763,447,3618078966890705,3618078966890865
"HIP_RUNTIME_API_EXT","hipSetDevice",2926763,2926763,448,3618078966933096,3618078966933174
"HIP_RUNTIME_API_EXT","hipEventCreateWithFlags",2926763,2926763,449,3618078966934200,3618078966934807
"HIP_RUNTIME_API_EXT","hipSetDevice",2926763,2926763,450,3618078966939154,3618078966939220
"HIP_RUNTIME_API_EXT","hipEventCreateWithFlags",2926763,2926763,451,3618078966939707,3618078966939873
"HIP_RUNTIME_API_EXT","hipSetDevice",2926763,2926763,453,3618078966964233,3618078966964302
"HIP_RUNTIME_API_EXT","hipEventRecord",2926763,2926763,454,3618078966965594,3618078966969200
"HIP_RUNTIME_API_EXT","hipSetDevice",2926763,2926763,455,3618078966975749,3618078966975848
"HIP_RUNTIME_API_EXT","hipSetDevice",2926763,2926763,456,3618078966993352,3618078966993426
"HIP_RUNTIME_API_EXT","hipSetDevice",2926763,2926763,457,3618078966993768,3618078966993825
"HIP_RUNTIME_API_EXT","hipSetDevice",2926763,2926763,458,3618078966994455,3618078966994508
"HIP_RUNTIME_API_EXT","hipGetDevice",2926763,2926763,459,3618078966998549,3618078966999152
"HIP_RUNTIME_API_EXT","hipGetDevicePropertiesR0600",2926763,2926763,460,3618078966999742,3618078967001116
"HIP_RUNTIME_API_EXT","hipGetDevice",2926763,2926763,461,3618078967002013,3618078967002066
"HIP_RUNTIME_API_EXT","hipGetDevicePropertiesR0600",2926763,2926763,462,3618078967002537,3618078967002723
"HIP_RUNTIME_API_EXT","hipGetDevice",2926763,2926763,463,3618078967003470,3618078967003520
"HIP_RUNTIME_API_EXT","hipGetDevicePropertiesR0600",2926763,2926763,464,3618078967003833,3618078967003989
"HIP_RUNTIME_API_EXT","hipGetDevice",2926763,2926763,465,3618078967004352,3618078967004397
"HIP_RUNTIME_API_EXT","hipGetDevicePropertiesR0600",2926763,2926763,466,3618078967004824,3618078967004922
"HIP_RUNTIME_API_EXT","hipExtModuleLaunchKernel",2926763,2926763,467,3618078967020675,3618078967036836
"HIP_RUNTIME_API_EXT","hipSetDevice",2926763,2926763,468,3618078967040875,3618078967040972
"HIP_RUNTIME_API_EXT","hipEventRecord",2926763,2926763,469,3618078967041526,3618078967043228
"HIP_RUNTIME_API_EXT","hipEventQuery",2926763,2926763,470,3618078967047526,3618078967048102
"HIP_RUNTIME_API_EXT","hipEventQuery",2926763,2926763,471,3618078967057019,3618078967057196
"HIP_RUNTIME_API_EXT","hipSetDevice",2926763,2926763,472,3618078967061742,3618078967061805
"HIP_RUNTIME_API_EXT","hipSetDevice",2926763,2926763,473,3618078967068041,3618078967068115
"HIP_RUNTIME_API_EXT","hipSetDevice",2926763,2926763,474,3618078967068703,3618078967068754
"HIP_RUNTIME_API_EXT","hipSetDevice",2926763,2926763,475,3618078967069247,3618078967069298
"HIP_RUNTIME_API_EXT","hipGetDevice",2926763,2926763,476,3618078967070144,3618078967070235
"HIP_RUNTIME_API_EXT","hipGetDevicePropertiesR0600",2926763,2926763,477,3618078967070625,3618078967070869
"HIP_RUNTIME_API_EXT","hipGetDevice",2926763,2926763,478,3618078967071462,3618078967071510
"HIP_RUNTIME_API_EXT","hipGetDevicePropertiesR0600",2926763,2926763,479,3618078967071825,3618078967071992
"HIP_RUNTIME_API_EXT","hipGetDevice",2926763,2926763,480,3618078967072529,3618078967072578
"HIP_RUNTIME_API_EXT","hipGetDevicePropertiesR0600",2926763,2926763,481,3618078967072970,3618078967073086
"HIP_RUNTIME_API_EXT","hipGetDevice",2926763,2926763,482,3618078967073635,3618078967073683
"HIP_RUNTIME_API_EXT","hipGetDevicePropertiesR0600",2926763,2926763,483,3618078967073985,3618078967074094
"HIP_RUNTIME_API_EXT","hipExtModuleLaunchKernel",2926763,2926763,484,3618078967079338,3618078967085371
"HIP_RUNTIME_API_EXT","hipSetDevice",2926763,2926763,485,3618078967088803,3618078967088877
"HIP_RUNTIME_API_EXT","hipSetDevice",2926763,2926763,486,3618078967093949,3618078967094011
"HIP_RUNTIME_API_EXT","hipSetDevice",2926763,2926763,487,3618078967094318,3618078967094370
"HIP_RUNTIME_API_EXT","hipSetDevice",2926763,2926763,488,3618078967094793,3618078967094846
"HIP_RUNTIME_API_EXT","hipGetDevice",2926763,2926763,489,3618078967095389,3618078967095445
"HIP_RUNTIME_API_EXT","hipGetDevicePropertiesR0600",2926763,2926763,490,3618078967095965,3618078967096118
"HIP_RUNTIME_API_EXT","hipGetDevice",2926763,2926763,491,3618078967096625,3618078967096676
"HIP_RUNTIME_API_EXT","hipGetDevicePropertiesR0600",2926763,2926763,492,3618078967096985,3618078967097137
"HIP_RUNTIME_API_EXT","hipGetDevice",2926763,2926763,493,3618078967098861,3618078967098912
"HIP_RUNTIME_API_EXT","hipGetDevicePropertiesR0600",2926763,2926763,494,3618078967099375,3618078967099514
"HIP_RUNTIME_API_EXT","hipGetDevice",2926763,2926763,495,3618078967099938,3618078967099987
"HIP_RUNTIME_API_EXT","hipGetDevicePropertiesR0600",2926763,2926763,496,3618078967100294,3618078967100406
"HIP_RUNTIME_API_EXT","hipExtModuleLaunchKernel",2926763,2926763,497,3618078967104251,3618078967108201
"HIP_RUNTIME_API_EXT","hipSetDevice",2926763,2926763,498,3618078967111211,3618078967111278
"HIP_RUNTIME_API_EXT","hipSetDevice",2926763,2926763,499,3618078967115390,3618078967115451
"HIP_RUNTIME_API_EXT","hipSetDevice",2926763,2926763,500,3618078967115775,3618078967115830
"HIP_RUNTIME_API_EXT","hipSetDevice",2926763,2926763,501,3618078967116156,3618078967116206
"HIP_RUNTIME_API_EXT","hipGetDevice",2926763,2926763,502,3618078967116773,3618078967116830
"HIP_RUNTIME_API_EXT","hipGetDevicePropertiesR0600",2926763,2926763,503,3618078967117192,3618078967117338
"HIP_RUNTIME_API_EXT","hipGetDevice",2926763,2926763,504,3618078967117746,3618078967117791
"HIP_RUNTIME_API_EXT","hipGetDevicePropertiesR0600",2926763,2926763,505,3618078967118098,3618078967118218
"HIP_RUNTIME_API_EXT","hipGetDevice",2926763,2926763,506,3618078967118707,3618078967118754
"HIP_RUNTIME_API_EXT","hipGetDevicePropertiesR0600",2926763,2926763,507,3618078967119067,3618078967119185
"HIP_RUNTIME_API_EXT","hipGetDevice",2926763,2926763,508,3618078967119652,3618078967119700
"HIP_RUNTIME_API_EXT","hipGetDevicePropertiesR0600",2926763,2926763,509,3618078967119998,3618078967120098
"HIP_RUNTIME_API_EXT","hipExtModuleLaunchKernel",2926763,2926763,510,3618078967123647,3618078967127178
"HIP_RUNTIME_API_EXT","hipSetDevice",2926763,2926763,511,3618078967129980,3618078967130049
"HIP_RUNTIME_API_EXT","hipSetDevice",2926763,2926763,512,3618078967134314,3618078967134378
"HIP_RUNTIME_API_EXT","hipSetDevice",2926763,2926763,513,3618078967134865,3618078967134918
"HIP_RUNTIME_API_EXT","hipSetDevice",2926763,2926763,514,3618078967135331,3618078967135384
"HIP_RUNTIME_API_EXT","hipGetDevice",2926763,2926763,515,3618078967135941,3618078967135991
"HIP_RUNTIME_API_EXT","hipGetDevicePropertiesR0600",2926763,2926763,516,3618078967137641,3618078967137796
"HIP_RUNTIME_API_EXT","hipGetDevice",2926763,2926763,517,3618078967138198,3618078967138248
"HIP_RUNTIME_API_EXT","hipGetDevicePropertiesR0600",2926763,2926763,518,3618078967138566,3618078967138701
"HIP_RUNTIME_API_EXT","hipGetDevice",2926763,2926763,519,3618078967139223,3618078967139271
"HIP_RUNTIME_API_EXT","hipGetDevicePropertiesR0600",2926763,2926763,520,3618078967139599,3618078967139717
"HIP_RUNTIME_API_EXT","hipGetDevice",2926763,2926763,521,3618078967140102,3618078967140151
"HIP_RUNTIME_API_EXT","hipGetDevicePropertiesR0600",2926763,2926763,522,3618078967140465,3618078967140564
"HIP_RUNTIME_API_EXT","hipExtModuleLaunchKernel",2926763,2926763,523,3618078967144031,3618078967147507
"HIP_RUNTIME_API_EXT","hipSetDevice",2926763,2926763,524,3618078967150023,3618078967150089
"HIP_RUNTIME_API_EXT","hipSetDevice",2926763,2926763,525,3618078967153848,3618078967153911
"HIP_RUNTIME_API_EXT","hipSetDevice",2926763,2926763,526,3618078967154216,3618078967154268
"HIP_RUNTIME_API_EXT","hipSetDevice",2926763,2926763,527,3618078967154706,3618078967154758
"HIP_RUNTIME_API_EXT","hipGetDevice",2926763,2926763,528,3618078967155327,3618078967155388
"HIP_RUNTIME_API_EXT","hipGetDevicePropertiesR0600",2926763,2926763,529,3618078967155699,3618078967155891
"HIP_RUNTIME_API_EXT","hipGetDevice",2926763,2926763,530,3618078967156310,3618078967156357
"HIP_RUNTIME_API_EXT","hipGetDevicePropertiesR0600",2926763,2926763,531,3618078967156652,3618078967156784
"HIP_RUNTIME_API_EXT","hipGetDevice",2926763,2926763,532,3618078967157280,3618078967157329
"HIP_RUNTIME_API_EXT","hipGetDevicePropertiesR0600",2926763,2926763,533,3618078967157630,3618078967157742
"HIP_RUNTIME_API_EXT","hipGetDevice",2926763,2926763,534,3618078967158127,3618078967158177
"HIP_RUNTIME_API_EXT","hipGetDevicePropertiesR0600",2926763,2926763,535,3618078967158468,3618078967158568
"HIP_RUNTIME_API_EXT","hipExtModuleLaunchKernel",2926763,2926763,536,3618078967162068,3618078967165465
"HIP_RUNTIME_API_EXT","hipSetDevice",2926763,2926763,537,3618078967168177,3618078967168249
"HIP_RUNTIME_API_EXT","hipSetDevice",2926763,2926763,538,3618078967172374,3618078967172444
"HIP_RUNTIME_API_EXT","hipSetDevice",2926763,2926763,539,3618078967172759,3618078967172810
"HIP_RUNTIME_API_EXT","hipSetDevice",2926763,2926763,540,3618078967175110,3618078967175163
"HIP_RUNTIME_API_EXT","hipGetDevice",2926763,2926763,541,3618078967175705,3618078967175763
"HIP_RUNTIME_API_EXT","hipGetDevicePropertiesR0600",2926763,2926763,542,3618078967176094,3618078967176254
"HIP_RUNTIME_API_EXT","hipGetDevice",2926763,2926763,543,3618078967176634,3618078967176679
"HIP_RUNTIME_API_EXT","hipGetDevicePropertiesR0600",2926763,2926763,544,3618078967176977,3618078967177109
"HIP_RUNTIME_API_EXT","hipGetDevice",2926763,2926763,545,3618078967177582,3618078967177627
"HIP_RUNTIME_API_EXT","hipGetDevicePropertiesR0600",2926763,2926763,546,3618078967177921,3618078967178034
"HIP_RUNTIME_API_EXT","hipGetDevice",2926763,2926763,547,3618078967178397,3618078967178445
"HIP_RUNTIME_API_EXT","hipGetDevicePropertiesR0600",2926763,2926763,548,3618078967178735,3618078967178836
"HIP_RUNTIME_API_EXT","hipExtModuleLaunchKernel",2926763,2926763,549,3618078967182482,3618078967186444
"HIP_RUNTIME_API_EXT","hipSetDevice",2926763,2926763,550,3618078967189117,3618078967189187
"HIP_RUNTIME_API_EXT","hipSetDevice",2926763,2926763,551,3618078967193434,3618078967193502
"HIP_RUNTIME_API_EXT","hipSetDevice",2926763,2926763,552,3618078967193801,3618078967193851
"HIP_RUNTIME_API_EXT","hipSetDevice",2926763,2926763,553,3618078967194227,3618078967194277
"HIP_RUNTIME_API_EXT","hipGetDevice",2926763,2926763,554,3618078967194820,3618078967194870
"HIP_RUNTIME_API_EXT","hipGetDevicePropertiesR0600",2926763,2926763,555,3618078967195195,3618078967195336
"HIP_RUNTIME_API_EXT","hipGetDevice",2926763,2926763,556,3618078967195729,3618078967195780
"HIP_RUNTIME_API_EXT","hipGetDevicePropertiesR0600",2926763,2926763,557,3618078967196080,3618078967196216
"HIP_RUNTIME_API_EXT","hipGetDevice",2926763,2926763,558,3618078967196839,3618078967196886
"HIP_RUNTIME_API_EXT","hipGetDevicePropertiesR0600",2926763,2926763,559,3618078967197187,3618078967197300
"HIP_RUNTIME_API_EXT","hipGetDevice",2926763,2926763,560,3618078967197678,3618078967197730
"HIP_RUNTIME_API_EXT","hipGetDevicePropertiesR0600",2926763,2926763,561,3618078967198105,3618078967198208
"HIP_RUNTIME_API_EXT","hipExtModuleLaunchKernel",2926763,2926763,562,3618078967201902,3618078967205617
"HIP_RUNTIME_API_EXT","hipSetDevice",2926763,2926763,563,3618078967210181,3618078967210248
"HIP_RUNTIME_API_EXT","hipSetDevice",2926763,2926763,564,3618078967214382,3618078967214445
"HIP_RUNTIME_API_EXT","hipSetDevice",2926763,2926763,565,3618078967214747,3618078967214798
"HIP_RUNTIME_API_EXT","hipSetDevice",2926763,2926763,566,3618078967215236,3618078967215287
"HIP_RUNTIME_API_EXT","hipGetDevice",2926763,2926763,567,3618078967215900,3618078967215958
"HIP_RUNTIME_API_EXT","hipGetDevicePropertiesR0600",2926763,2926763,568,3618078967216313,3618078967216454
"HIP_RUNTIME_API_EXT","hipGetDevice",2926763,2926763,569,3618078967216901,3618078967216951
"HIP_RUNTIME_API_EXT","hipGetDevicePropertiesR0600",2926763,2926763,570,3618078967217398,3618078967217497
"HIP_RUNTIME_API_EXT","hipGetDevice",2926763,2926763,571,3618078967217917,3618078967217967
"HIP_RUNTIME_API_EXT","hipGetDevicePropertiesR0600",2926763,2926763,572,3618078967218287,3618078967218397
"HIP_RUNTIME_API_EXT","hipGetDevice",2926763,2926763,573,3618078967218897,3618078967218946
"HIP_RUNTIME_API_EXT","hipGetDevicePropertiesR0600",2926763,2926763,574,3618078967219385,3618078967219482
"HIP_RUNTIME_API_EXT","hipExtModuleLaunchKernel",2926763,2926763,575,3618078967223056,3618078967226441
"HIP_RUNTIME_API_EXT","hipSetDevice",2926763,2926763,576,3618078967229253,3618078967229317
"HIP_RUNTIME_API_EXT","hipSetDevice",2926763,2926763,577,3618078967234534,3618078967234594
"HIP_RUNTIME_API_EXT","hipSetDevice",2926763,2926763,578,3618078967235032,3618078967235082
"HIP_RUNTIME_API_EXT","hipSetDevice",2926763,2926763,579,3618078967235463,3618078967235517
"HIP_RUNTIME_API_EXT","hipGetDevice",2926763,2926763,580,3618078967236056,3618078967236107
"HIP_RUNTIME_API_EXT","hipGetDevicePropertiesR0600",2926763,2926763,581,3618078967236421,3618078967236598
"HIP_RUNTIME_API_EXT","hipGetDevice",2926763,2926763,582,3618078967237175,3618078967237224
"HIP_RUNTIME_API_EXT","hipGetDevicePropertiesR0600",2926763,2926763,583,3618078967237541,3618078967237674
"HIP_RUNTIME_API_EXT","hipGetDevice",2926763,2926763,584,3618078967238134,3618078967238181
"HIP_RUNTIME_API_EXT","hipGetDevicePropertiesR0600",2926763,2926763,585,3618078967238481,3618078967238594
"HIP_RUNTIME_API_EXT","hipGetDevice",2926763,2926763,586,3618078967240658,3618078967240709
"HIP_RUNTIME_API_EXT","hipGetDevicePropertiesR0600",2926763,2926763,587,3618078967241024,3618078967241146
"HIP_RUNTIME_API_EXT","hipExtModuleLaunchKernel",2926763,2926763,588,3618078967245063,3618078967248827
"HIP_RUNTIME_API_EXT","hipSetDevice",2926763,2926763,589,3618078967251742,3618078967251814
"HIP_RUNTIME_API_EXT","hipSetDevice",2926763,2926763,590,3618078967255913,3618078967255976
"HIP_RUNTIME_API_EXT","hipSetDevice",2926763,2926763,591,3618078967256279,3618078967256329
"HIP_RUNTIME_API_EXT","hipSetDevice",2926763,2926763,592,3618078967256662,3618078967256714
"HIP_RUNTIME_API_EXT","hipGetDevice",2926763,2926763,593,3618078967257234,3618078967257285
"HIP_RUNTIME_API_EXT","hipGetDevicePropertiesR0600",2926763,2926763,594,3618078967257623,3618078967257766
"HIP_RUNTIME_API_EXT","hipGetDevice",2926763,2926763,595,3618078967258147,3618078967258196
"HIP_RUNTIME_API_EXT","hipGetDevicePropertiesR0600",2926763,2926763,596,3618078967258505,3618078967258614
"HIP_RUNTIME_API_EXT","hipGetDevice",2926763,2926763,597,3618078967259095,3618078967259143
"HIP_RUNTIME_API_EXT","hipGetDevicePropertiesR0600",2926763,2926763,598,3618078967259442,3618078967259556
"HIP_RUNTIME_API_EXT","hipGetDevice",2926763,2926763,599,3618078967259920,3618078967259967
"HIP_RUNTIME_API_EXT","hipGetDevicePropertiesR0600",2926763,2926763,600,3618078967260261,3618078967260357
"HIP_RUNTIME_API_EXT","hipExtModuleLaunchKernel",2926763,2926763,601,3618078967263999,3618078967267423
"HIP_RUNTIME_API_EXT","hipSetDevice",2926763,2926763,602,3618078967270356,3618078967270429
"HIP_RUNTIME_API_EXT","hipSetDevice",2926763,2926763,603,3618078967275205,3618078967275267
"HIP_RUNTIME_API_EXT","hipSetDevice",2926763,2926763,604,3618078967275569,3618078967275623
"HIP_RUNTIME_API_EXT","hipSetDevice",2926763,2926763,605,3618078967276129,3618078967276231
"HIP_RUNTIME_API_EXT","hipGetDevice",2926763,2926763,606,3618078967276749,3618078967276807
"HIP_RUNTIME_API_EXT","hipGetDevicePropertiesR0600",2926763,2926763,607,3618078967277151,3618078967277293
"HIP_RUNTIME_API_EXT","hipGetDevice",2926763,2926763,608,3618078967277679,3618078967277728
"HIP_RUNTIME_API_EXT","hipGetDevicePropertiesR0600",2926763,2926763,609,3618078967278031,3618078967278164
"HIP_RUNTIME_API_EXT","hipGetDevice",2926763,2926763,610,3618078967279800,3618078967279849
"HIP_RUNTIME_API_EXT","hipGetDevicePropertiesR0600",2926763,2926763,611,3618078967280196,3618078967280317
"HIP_RUNTIME_API_EXT","hipGetDevice",2926763,2926763,612,3618078967280770,3618078967280819
"HIP_RUNTIME_API_EXT","hipGetDevicePropertiesR0600",2926763,2926763,613,3618078967281146,3618078967281248
"HIP_RUNTIME_API_EXT","hipExtModuleLaunchKernel",2926763,2926763,614,3618078967284906,3618078967288658
"HIP_RUNTIME_API_EXT","hipSetDevice",2926763,2926763,615,3618078967291624,3618078967291696
"HIP_RUNTIME_API_EXT","hipSetDevice",2926763,2926763,616,3618078967296609,3618078967296672
"HIP_RUNTIME_API_EXT","hipSetDevice",2926763,2926763,617,3618078967296970,3618078967297023
"HIP_RUNTIME_API_EXT","hipSetDevice",2926763,2926763,618,3618078967297429,3618078967297483
"HIP_RUNTIME_API_EXT","hipGetDevice",2926763,2926763,619,3618078967298013,3618078967298069
"HIP_RUNTIME_API_EXT","hipGetDevicePropertiesR0600",2926763,2926763,620,3618078967298394,3618078967298533
"HIP_RUNTIME_API_EXT","hipGetDevice",2926763,2926763,621,3618078967298929,3618078967298976
"HIP_RUNTIME_API_EXT","hipGetDevicePropertiesR0600",2926763,2926763,622,3618078967299377,3618078967299474
"HIP_RUNTIME_API_EXT","hipGetDevice",2926763,2926763,623,3618078967299912,3618078967299959
"HIP_RUNTIME_API_EXT","hipGetDevicePropertiesR0600",2926763,2926763,624,3618078967300265,3618078967300375
"HIP_RUNTIME_API_EXT","hipGetDevice",2926763,2926763,625,3618078967300752,3618078967300800
"HIP_RUNTIME_API_EXT","hipGetDevicePropertiesR0600",2926763,2926763,626,3618078967301098,3618078967301196
"HIP_RUNTIME_API_EXT","hipExtModuleLaunchKernel",2926763,2926763,627,3618078967305097,3618078967309211
"HIP_RUNTIME_API_EXT","hipSetDevice",2926763,2926763,628,3618078967312162,3618078967312227
"HIP_RUNTIME_API_EXT","hipSetDevice",2926763,2926763,629,3618078967319041,3618078967319103
"HIP_RUNTIME_API_EXT","hipSetDevice",2926763,2926763,630,3618078967319419,3618078967319475
"HIP_RUNTIME_API_EXT","hipSetDevice",2926763,2926763,631,3618078967319893,3618078967319947
"HIP_RUNTIME_API_EXT","hipGetDevice",2926763,2926763,632,3618078967320495,3618078967320543
"HIP_RUNTIME_API_EXT","hipGetDevicePropertiesR0600",2926763,2926763,633,3618078967322383,3618078967322561
"HIP_RUNTIME_API_EXT","hipGetDevice",2926763,2926763,634,3618078967322961,3618078967323013
"HIP_RUNTIME_API_EXT","hipGetDevicePropertiesR0600",2926763,2926763,635,3618078967323339,3618078967323484
"HIP_RUNTIME_API_EXT","hipGetDevice",2926763,2926763,636,3618078967323974,3618078967324022
"HIP_RUNTIME_API_EXT","hipGetDevicePropertiesR0600",2926763,2926763,637,3618078967324310,3618078967324422
"HIP_RUNTIME_API_EXT","hipGetDevice",2926763,2926763,638,3618078967324791,3618078967324839
"HIP_RUNTIME_API_EXT","hipGetDevicePropertiesR0600",2926763,2926763,639,3618078967325134,3618078967325230
"HIP_RUNTIME_API_EXT","hipExtModuleLaunchKernel",2926763,2926763,640,3618078967329185,3618078967332883
"HIP_RUNTIME_API_EXT","hipSetDevice",2926763,2926763,641,3618078967335916,3618078967335989
"HIP_RUNTIME_API_EXT","hipSetDevice",2926763,2926763,642,3618078967342063,3618078967342136
"HIP_RUNTIME_API_EXT","hipSetDevice",2926763,2926763,643,3618078967342529,3618078967342626
"HIP_RUNTIME_API_EXT","hipSetDevice",2926763,2926763,644,3618078967343074,3618078967343174
"HIP_RUNTIME_API_EXT","hipGetDevice",2926763,2926763,645,3618078967343802,3618078967343856
"HIP_RUNTIME_API_EXT","hipGetDevicePropertiesR0600",2926763,2926763,646,3618078967344163,3618078967344314
"HIP_RUNTIME_API_EXT","hipGetDevice",2926763,2926763,647,3618078967344745,3618078967344792
"HIP_RUNTIME_API_EXT","hipGetDevicePropertiesR0600",2926763,2926763,648,3618078967345102,3618078967345234
"HIP_RUNTIME_API_EXT","hipGetDevice",2926763,2926763,649,3618078967345667,3618078967345713
"HIP_RUNTIME_API_EXT","hipGetDevicePropertiesR0600",2926763,2926763,650,3618078967346022,3618078967346131
"HIP_RUNTIME_API_EXT","hipGetDevice",2926763,2926763,651,3618078967346497,3618078967346543
"HIP_RUNTIME_API_EXT","hipGetDevicePropertiesR0600",2926763,2926763,652,3618078967346836,3618078967346934
"HIP_RUNTIME_API_EXT","hipExtModuleLaunchKernel",2926763,2926763,653,3618078967351308,3618078967370002
"HIP_RUNTIME_API_EXT","hipSetDevice",2926763,2926763,654,3618078967372711,3618078967372775
"HIP_RUNTIME_API_EXT","hipSetDevice",2926763,2926763,655,3618078967377438,3618078967377502
"HIP_RUNTIME_API_EXT","hipSetDevice",2926763,2926763,656,3618078967378897,3618078967378950
"HIP_RUNTIME_API_EXT","hipSetDevice",2926763,2926763,657,3618078967379335,3618078967379389
"HIP_RUNTIME_API_EXT","hipGetDevice",2926763,2926763,658,3618078967379935,3618078967379985
"HIP_RUNTIME_API_EXT","hipGetDevicePropertiesR0600",2926763,2926763,659,3618078967380316,3618078967380461
"HIP_RUNTIME_API_EXT","hipGetDevice",2926763,2926763,660,3618078967380887,3618078967380936
"HIP_RUNTIME_API_EXT","hipGetDevicePropertiesR0600",2926763,2926763,661,3618078967381226,3618078967381324
"HIP_RUNTIME_API_EXT","hipGetDevice",2926763,2926763,662,3618078967381789,3618078967381839
"HIP_RUNTIME_API_EXT","hipGetDevicePropertiesR0600",2926763,2926763,663,3618078967382135,3618078967382246
"HIP_RUNTIME_API_EXT","hipGetDevice",2926763,2926763,664,3618078967382642,3618078967382692
"HIP_RUNTIME_API_EXT","hipGetDevicePropertiesR0600",2926763,2926763,665,3618078967382980,3618078967383079
"HIP_RUNTIME_API_EXT","hipExtModuleLaunchKernel",2926763,2926763,666,3618078967387055,3618078967390513
"HIP_RUNTIME_API_EXT","hipSetDevice",2926763,2926763,667,3618078967393456,3618078967393528
"HIP_RUNTIME_API_EXT","hipSetDevice",2926763,2926763,668,3618078967398709,3618078967398772
"HIP_RUNTIME_API_EXT","hipSetDevice",2926763,2926763,669,3618078967399096,3618078967399148
"HIP_RUNTIME_API_EXT","hipSetDevice",2926763,2926763,670,3618078967399511,3618078967399564
"HIP_RUNTIME_API_EXT","hipGetDevice",2926763,2926763,671,3618078967400109,3618078967400168
"HIP_RUNTIME_API_EXT","hipGetDevicePropertiesR0600",2926763,2926763,672,3618078967400503,3618078967400648
"HIP_RUNTIME_API_EXT","hipGetDevice",2926763,2926763,673,3618078967401026,3618078967401074
"HIP_RUNTIME_API_EXT","hipGetDevicePropertiesR0600",2926763,2926763,674,3618078967401374,3618078967401517
"HIP_RUNTIME_API_EXT","hipGetDevice",2926763,2926763,675,3618078967401968,3618078967402016
"HIP_RUNTIME_API_EXT","hipGetDevicePropertiesR0600",2926763,2926763,676,3618078967402311,3618078967402425
"HIP_RUNTIME_API_EXT","hipGetDevice",2926763,2926763,677,3618078967402824,3618078967402872
"HIP_RUNTIME_API_EXT","hipGetDevicePropertiesR0600",2926763,2926763,678,3618078967403266,3618078967403362
"HIP_RUNTIME_API_EXT","hipExtModuleLaunchKernel",2926763,2926763,679,3618078967422651,3618078967427076
"HIP_RUNTIME_API_EXT","hipSetDevice",2926763,2926763,680,3618078967431093,3618078967431196
"HIP_RUNTIME_API_EXT","hipSetDevice",2926763,2926763,681,3618078967436197,3618078967436270
"HIP_RUNTIME_API_EXT","hipSetDevice",2926763,2926763,682,3618078967436624,3618078967436676
"HIP_RUNTIME_API_EXT","hipSetDevice",2926763,2926763,683,3618078967437039,3618078967437091
"HIP_RUNTIME_API_EXT","hipGetDevice",2926763,2926763,684,3618078967437803,3618078967437912
"HIP_RUNTIME_API_EXT","hipGetDevicePropertiesR0600",2926763,2926763,685,3618078967438268,3618078967438473
"HIP_RUNTIME_API_EXT","hipGetDevice",2926763,2926763,686,3618078967438894,3618078967438944
"HIP_RUNTIME_API_EXT","hipGetDevicePropertiesR0600",2926763,2926763,687,3618078967439271,3618078967439369
"HIP_RUNTIME_API_EXT","hipGetDevice",2926763,2926763,688,3618078967439876,3618078967439924
"HIP_RUNTIME_API_EXT","hipGetDevicePropertiesR0600",2926763,2926763,689,3618078967440236,3618078967440351
"HIP_RUNTIME_API_EXT","hipGetDevice",2926763,2926763,690,3618078967440735,3618078967440781
"HIP_RUNTIME_API_EXT","hipGetDevicePropertiesR0600",2926763,2926763,691,3618078967441076,3618078967441175
"HIP_RUNTIME_API_EXT","hipExtModuleLaunchKernel",2926763,2926763,692,3618078967445235,3618078967448828
"HIP_RUNTIME_API_EXT","hipSetDevice",2926763,2926763,693,3618078967451895,3618078967451959
"HIP_RUNTIME_API_EXT","hipSetDevice",2926763,2926763,694,3618078967457431,3618078967457494
"HIP_RUNTIME_API_EXT","hipSetDevice",2926763,2926763,695,3618078967457825,3618078967457881
"HIP_RUNTIME_API_EXT","hipSetDevice",2926763,2926763,696,3618078967458271,3618078967458322
"HIP_RUNTIME_API_EXT","hipGetDevice",2926763,2926763,697,3618078967458857,3618078967458915
"HIP_RUNTIME_API_EXT","hipGetDevicePropertiesR0600",2926763,2926763,698,3618078967459234,3618078967459412
"HIP_RUNTIME_API_EXT","hipGetDevice",2926763,2926763,699,3618078967459795,3618078967459843
"HIP_RUNTIME_API_EXT","hipGetDevicePropertiesR0600",2926763,2926763,700,3618078967460147,3618078967460279
"HIP_RUNTIME_API_EXT","hipGetDevice",2926763,2926763,701,3618078967460777,3618078967460824
"HIP_RUNTIME_API_EXT","hipGetDevicePropertiesR0600",2926763,2926763,702,3618078967461128,3618078967461239
"HIP_RUNTIME_API_EXT","hipGetDevice",2926763,2926763,703,3618078967469054,3618078967469107
"HIP_RUNTIME_API_EXT","hipGetDevicePropertiesR0600",2926763,2926763,704,3618078967469994,3618078967470145
"HIP_RUNTIME_API_EXT","hipExtModuleLaunchKernel",2926763,2926763,705,3618078967474028,3618078967477897
"HIP_RUNTIME_API_EXT","hipSetDevice",2926763,2926763,706,3618078967480744,3618078967480819
"HIP_RUNTIME_API_EXT","hipSetDevice",2926763,2926763,707,3618078967484678,3618078967484744
"HIP_RUNTIME_API_EXT","hipSetDevice",2926763,2926763,708,3618078967485039,3618078967485091
"HIP_RUNTIME_API_EXT","hipSetDevice",2926763,2926763,709,3618078967485468,3618078967485521
"HIP_RUNTIME_API_EXT","hipGetDevice",2926763,2926763,710,3618078967486059,3618078967486110
"HIP_RUNTIME_API_EXT","hipGetDevicePropertiesR0600",2926763,2926763,711,3618078967486431,3618078967486576
"HIP_RUNTIME_API_EXT","hipGetDevice",2926763,2926763,712,3618078967486986,3618078967487035
"HIP_RUNTIME_API_EXT","hipGetDevicePropertiesR0600",2926763,2926763,713,3618078967487334,3618078967487467
"HIP_RUNTIME_API_EXT","hipGetDevice",2926763,2926763,714,3618078967487932,3618078967487979
"HIP_RUNTIME_API_EXT","hipGetDevicePropertiesR0600",2926763,2926763,715,3618078967488275,3618078967488381
"HIP_RUNTIME_API_EXT","hipGetDevice",2926763,2926763,716,3618078967488748,3618078967488794
"HIP_RUNTIME_API_EXT","hipGetDevicePropertiesR0600",2926763,2926763,717,3618078967489255,3618078967489354
"HIP_RUNTIME_API_EXT","hipExtModuleLaunchKernel",2926763,2926763,718,3618078967493155,3618078967496893
"HIP_RUNTIME_API_EXT","hipSetDevice",2926763,2926763,719,3618078967501026,3618078967501164
"HIP_RUNTIME_API_EXT","hipSetDevice",2926763,2926763,720,3618078967505531,3618078967505587
"HIP_RUNTIME_API_EXT","hipSetDevice",2926763,2926763,721,3618078967506803,3618078967506855
"HIP_RUNTIME_API_EXT","hipSetDevice",2926763,2926763,722,3618078967507779,3618078967507831
"HIP_RUNTIME_API_EXT","hipGetDevice",2926763,2926763,723,3618078967509001,3618078967509067
"HIP_RUNTIME_API_EXT","hipGetDevicePropertiesR0600",2926763,2926763,724,3618078967510024,3618078967510299
"HIP_RUNTIME_API_EXT","hipGetDevice",2926763,2926763,725,3618078967510691,3618078967510738
"HIP_RUNTIME_API_EXT","hipGetDevicePropertiesR0600",2926763,2926763,726,3618078967511038,3618078967511168
"HIP_RUNTIME_API_EXT","hipGetDevice",2926763,2926763,727,3618078967518102,3618078967518150
"HIP_RUNTIME_API_EXT","hipGetDevicePropertiesR0600",2926763,2926763,728,3618078967518632,3618078967518760
"HIP_RUNTIME_API_EXT","hipGetDevice",2926763,2926763,729,3618078967520301,3618078967520352
"HIP_RUNTIME_API_EXT","hipGetDevicePropertiesR0600",2926763,2926763,730,3618078967521420,3618078967521541
"HIP_RUNTIME_API_EXT","hipExtModuleLaunchKernel",2926763,2926763,731,3618078967542907,3618078967556546
"HIP_RUNTIME_API_EXT","hipSetDevice",2926763,2926763,732,3618078967561113,3618078967561184
"HIP_RUNTIME_API_EXT","hipSetDevice",2926763,2926763,733,3618078967599822,3618078967599886
"HIP_RUNTIME_API_EXT","hipSetDevice",2926763,2926763,734,3618078967600678,3618078967600732
"HIP_RUNTIME_API_EXT","hipSetDevice",2926763,2926763,735,3618078967601780,3618078967601833
"HIP_RUNTIME_API_EXT","hipGetDevice",2926763,2926763,736,3618078967602620,3618078967602714
"HIP_RUNTIME_API_EXT","hipGetDevicePropertiesR0600",2926763,2926763,737,3618078967603247,3618078967603413
"HIP_RUNTIME_API_EXT","hipGetDevice",2926763,2926763,738,3618078967603791,3618078967603842
"HIP_RUNTIME_API_EXT","hipGetDevicePropertiesR0600",2926763,2926763,739,3618078967604156,3618078967604287
"HIP_RUNTIME_API_EXT","hipGetDevice",2926763,2926763,740,3618078967604837,3618078967604884
"HIP_RUNTIME_API_EXT","hipGetDevicePropertiesR0600",2926763,2926763,741,3618078967605284,3618078967605396
"HIP_RUNTIME_API_EXT","hipGetDevice",2926763,2926763,742,3618078967605900,3618078967605951
"HIP_RUNTIME_API_EXT","hipGetDevicePropertiesR0600",2926763,2926763,743,3618078967606314,3618078967606411
"HIP_RUNTIME_API_EXT","hipExtModuleLaunchKernel",2926763,2926763,744,3618078967610090,3618078967613773
"HIP_RUNTIME_API_EXT","hipSetDevice",2926763,2926763,745,3618078967616597,3618078967616667
"HIP_RUNTIME_API_EXT","hipSetDevice",2926763,2926763,746,3618078967621007,3618078967621074
"HIP_RUNTIME_API_EXT","hipSetDevice",2926763,2926763,747,3618078967621453,3618078967621507
"HIP_RUNTIME_API_EXT","hipSetDevice",2926763,2926763,748,3618078967621846,3618078967621898
"HIP_RUNTIME_API_EXT","hipGetDevice",2926763,2926763,749,3618078967622678,3618078967622727
"HIP_RUNTIME_API_EXT","hipGetDevicePropertiesR0600",2926763,2926763,750,3618078967623491,3618078967623632
"HIP_RUNTIME_API_EXT","hipGetDevice",2926763,2926763,751,3618078967624240,3618078967624289
"HIP_RUNTIME_API_EXT","hipGetDevicePropertiesR0600",2926763,2926763,752,3618078967624800,3618078967624936
"HIP_RUNTIME_API_EXT","hipGetDevice",2926763,2926763,753,3618078967625932,3618078967625977
"HIP_RUNTIME_API_EXT","hipGetDevicePropertiesR0600",2926763,2926763,754,3618078967626536,3618078967626646
"HIP_RUNTIME_API_EXT","hipGetDevice",2926763,2926763,755,3618078967627006,3618078967627056
"HIP_RUNTIME_API_EXT","hipGetDevicePropertiesR0600",2926763,2926763,756,3618078967627350,3618078967627448
"HIP_RUNTIME_API_EXT","hipExtModuleLaunchKernel",2926763,2926763,757,3618078967632313,3618078967636076
"HIP_RUNTIME_API_EXT","hipSetDevice",2926763,2926763,758,3618078967638913,3618078967638986
"HIP_RUNTIME_API_EXT","hipSetDevice",2926763,2926763,759,3618078967644116,3618078967644173
"HIP_RUNTIME_API_EXT","hipSetDevice",2926763,2926763,760,3618078967644544,3618078967644597
"HIP_RUNTIME_API_EXT","hipSetDevice",2926763,2926763,761,3618078967645217,3618078967645270
"HIP_RUNTIME_API_EXT","hipGetDevice",2926763,2926763,762,3618078967645785,3618078967645842
"HIP_RUNTIME_API_EXT","hipGetDevicePropertiesR0600",2926763,2926763,763,3618078967646178,3618078967646339
"HIP_RUNTIME_API_EXT","hipGetDevice",2926763,2926763,764,3618078967646733,3618078967646798
"HIP_RUNTIME_API_EXT","hipGetDevicePropertiesR0600",2926763,2926763,765,3618078967647147,3618078967647246
"HIP_RUNTIME_API_EXT","hipGetDevice",2926763,2926763,766,3618078967647825,3618078967647872
"HIP_RUNTIME_API_EXT","hipGetDevicePropertiesR0600",2926763,2926763,767,3618078967648177,3618078967648290
"HIP_RUNTIME_API_EXT","hipGetDevice",2926763,2926763,768,3618078967648749,3618078967648797
"HIP_RUNTIME_API_EXT","hipGetDevicePropertiesR0600",2926763,2926763,769,3618078967649410,3618078967649528
"HIP_RUNTIME_API_EXT","hipExtModuleLaunchKernel",2926763,2926763,770,3618078967654352,3618078967657915
"HIP_RUNTIME_API_EXT","hipSetDevice",2926763,2926763,771,3618078967660737,3618078967660805
"HIP_RUNTIME_API_EXT","hipSetDevice",2926763,2926763,772,3618078967666410,3618078967666481
"HIP_RUNTIME_API_EXT","hipSetDevice",2926763,2926763,773,3618078967667062,3618078967667116
"HIP_RUNTIME_API_EXT","hipSetDevice",2926763,2926763,774,3618078967667736,3618078967667788
"HIP_RUNTIME_API_EXT","hipGetDevice",2926763,2926763,775,3618078967668590,3618078967668646
"HIP_RUNTIME_API_EXT","hipGetDevicePropertiesR0600",2926763,2926763,776,3618078967669252,3618078967669430
"HIP_RUNTIME_API_EXT","hipGetDevice",2926763,2926763,777,3618078967670152,3618078967670202
"HIP_RUNTIME_API_EXT","hipGetDevicePropertiesR0600",2926763,2926763,778,3618078967670501,3618078967670633
"HIP_RUNTIME_API_EXT","hipGetDevice",2926763,2926763,779,3618078967671149,3618078967671199
"HIP_RUNTIME_API_EXT","hipGetDevicePropertiesR0600",2926763,2926763,780,3618078967671495,3618078967671605
"HIP_RUNTIME_API_EXT","hipGetDevice",2926763,2926763,781,3618078967671999,3618078967672046
"HIP_RUNTIME_API_EXT","hipGetDevicePropertiesR0600",2926763,2926763,782,3618078967672343,3618078967672441
"HIP_RUNTIME_API_EXT","hipExtModuleLaunchKernel",2926763,2926763,783,3618078967676506,3618078967680256
"HIP_RUNTIME_API_EXT","hipSetDevice",2926763,2926763,784,3618078967683048,3618078967683116
"HIP_RUNTIME_API_EXT","hipSetDevice",2926763,2926763,785,3618078967687895,3618078967687958
"HIP_RUNTIME_API_EXT","hipSetDevice",2926763,2926763,786,3618078967688419,3618078967688473
"HIP_RUNTIME_API_EXT","hipSetDevice",2926763,2926763,787,3618078967688840,3618078967688895
"HIP_RUNTIME_API_EXT","hipGetDevice",2926763,2926763,788,3618078967689444,3618078967689493
"HIP_RUNTIME_API_EXT","hipGetDevicePropertiesR0600",2926763,2926763,789,3618078967689850,3618078967689992
"HIP_RUNTIME_API_EXT","hipGetDevice",2926763,2926763,790,3618078967690445,3618078967690495
"HIP_RUNTIME_API_EXT","hipGetDevicePropertiesR0600",2926763,2926763,791,3618078967690802,3618078967690936
"HIP_RUNTIME_API_EXT","hipGetDevice",2926763,2926763,792,3618078967691744,3618078967691789
"HIP_RUNTIME_API_EXT","hipGetDevicePropertiesR0600",2926763,2926763,793,3618078967692108,3618078967692220
"HIP_RUNTIME_API_EXT","hipGetDevice",2926763,2926763,794,3618078967692675,3618078967692720
"HIP_RUNTIME_API_EXT","hipGetDevicePropertiesR0600",2926763,2926763,795,3618078967693019,3618078967693119
"HIP_RUNTIME_API_EXT","hipExtModuleLaunchKernel",2926763,2926763,796,3618078967697699,3618078967702239
"HIP_RUNTIME_API_EXT","hipSetDevice",2926763,2926763,797,3618078967705521,3618078967705592
"HIP_RUNTIME_API_EXT","hipSetDevice",2926763,2926763,798,3618078967709792,3618078967709860
"HIP_RUNTIME_API_EXT","hipSetDevice",2926763,2926763,799,3618078967710196,3618078967710248
"HIP_RUNTIME_API_EXT","hipSetDevice",2926763,2926763,800,3618078967710749,3618078967710808
"HIP_RUNTIME_API_EXT","hipGetDevice",2926763,2926763,801,3618078967711407,3618078967711468
"HIP_RUNTIME_API_EXT","hipGetDevicePropertiesR0600",2926763,2926763,802,3618078967711784,3618078967711931
"HIP_RUNTIME_API_EXT","hipGetDevice",2926763,2926763,803,3618078967712344,3618078967712393
"HIP_RUNTIME_API_EXT","hipGetDevicePropertiesR0600",2926763,2926763,804,3618078967712722,3618078967712821
"HIP_RUNTIME_API_EXT","hipGetDevice",2926763,2926763,805,3618078967713299,3618078967713346
"HIP_RUNTIME_API_EXT","hipGetDevicePropertiesR0600",2926763,2926763,806,3618078967713864,3618078967713992
"HIP_RUNTIME_API_EXT","hipGetDevice",2926763,2926763,807,3618078967714368,3618078967714414
"HIP_RUNTIME_API_EXT","hipGetDevicePropertiesR0600",2926763,2926763,808,3618078967714709,3618078967714808
"HIP_RUNTIME_API_EXT","hipExtModuleLaunchKernel",2926763,2926763,809,3618078967720079,3618078967723763
"HIP_RUNTIME_API_EXT","hipSetDevice",2926763,2926763,810,3618078967726666,3618078967726780
"HIP_RUNTIME_API_EXT","hipSetDevice",2926763,2926763,811,3618078967752247,3618078967752359
"HIP_RUNTIME_API_EXT","hipSetDevice",2926763,2926763,812,3618078967752831,3618078967752885
"HIP_RUNTIME_API_EXT","hipSetDevice",2926763,2926763,813,3618078967753369,3618078967753423
"HIP_RUNTIME_API_EXT","hipGetDevice",2926763,2926763,814,3618078967754161,3618078967754284
"HIP_RUNTIME_API_EXT","hipGetDevicePropertiesR0600",2926763,2926763,815,3618078967754678,3618078967754968
"HIP_RUNTIME_API_EXT","hipGetDevice",2926763,2926763,816,3618078967755417,3618078967755467
"HIP_RUNTIME_API_EXT","hipGetDevicePropertiesR0600",2926763,2926763,817,3618078967755764,3618078967755898
"HIP_RUNTIME_API_EXT","hipGetDevice",2926763,2926763,818,3618078967756498,3618078967756548
"HIP_RUNTIME_API_EXT","hipGetDevicePropertiesR0600",2926763,2926763,819,3618078967757111,3618078967757235
"HIP_RUNTIME_API_EXT","hipGetDevice",2926763,2926763,820,3618078967757855,3618078967757904
"HIP_RUNTIME_API_EXT","hipGetDevicePropertiesR0600",2926763,2926763,821,3618078967758458,3618078967758564
"HIP_RUNTIME_API_EXT","hipExtModuleLaunchKernel",2926763,2926763,822,3618078967763784,3618078967768314
"HIP_RUNTIME_API_EXT","hipSetDevice",2926763,2926763,823,3618078967772504,3618078967772618
"HIP_RUNTIME_API_EXT","hipSetDevice",2926763,2926763,824,3618078967776718,3618078967776782
"HIP_RUNTIME_API_EXT","hipSetDevice",2926763,2926763,825,3618078967777168,3618078967777223
"HIP_RUNTIME_API_EXT","hipSetDevice",2926763,2926763,826,3618078967777628,3618078967777684
"HIP_RUNTIME_API_EXT","hipGetDevice",2926763,2926763,827,3618078967778192,3618078967778242
"HIP_RUNTIME_API_EXT","hipGetDevicePropertiesR0600",2926763,2926763,828,3618078967778577,3618078967778751
"HIP_RUNTIME_API_EXT","hipGetDevice",2926763,2926763,829,3618078967779184,3618078967779234
"HIP_RUNTIME_API_EXT","hipGetDevicePropertiesR0600",2926763,2926763,830,3618078967779534,3618078967779668
"HIP_RUNTIME_API_EXT","hipGetDevice",2926763,2926763,831,3618078967780249,3618078967780300
"HIP_RUNTIME_API_EXT","hipGetDevicePropertiesR0600",2926763,2926763,832,3618078967780599,3618078967780711
"HIP_RUNTIME_API_EXT","hipGetDevice",2926763,2926763,833,3618078967781242,3618078967781293
"HIP_RUNTIME_API_EXT","hipGetDevicePropertiesR0600",2926763,2926763,834,3618078967781604,3618078967781729
"HIP_RUNTIME_API_EXT","hipExtModuleLaunchKernel",2926763,2926763,835,3618078967785637,3618078967789374
"HIP_RUNTIME_API_EXT","hipSetDevice",2926763,2926763,836,3618078967792125,3618078967792196
"HIP_RUNTIME_API_EXT","hipSetDevice",2926763,2926763,837,3618078967796941,3618078967797002
"HIP_RUNTIME_API_EXT","hipSetDevice",2926763,2926763,838,3618078967797389,3618078967797504
"HIP_RUNTIME_API_EXT","hipSetDevice",2926763,2926763,839,3618078967797891,3618078967797942
"HIP_RUNTIME_API_EXT","hipGetDevice",2926763,2926763,840,3618078967798464,3618078967798515
"HIP_RUNTIME_API_EXT","hipGetDevicePropertiesR0600",2926763,2926763,841,3618078967798854,3618078967798996
"HIP_RUNTIME_API_EXT","hipGetDevice",2926763,2926763,842,3618078967799391,3618078967799443
"HIP_RUNTIME_API_EXT","hipGetDevicePropertiesR0600",2926763,2926763,843,3618078967799984,3618078967800122
"HIP_RUNTIME_API_EXT","hipGetDevice",2926763,2926763,844,3618078967800885,3618078967800932
"HIP_RUNTIME_API_EXT","hipGetDevicePropertiesR0600",2926763,2926763,845,3618078967801480,3618078967801592
"HIP_RUNTIME_API_EXT","hipGetDevice",2926763,2926763,846,3618078967802232,3618078967802281
"HIP_RUNTIME_API_EXT","hipGetDevicePropertiesR0600",2926763,2926763,847,3618078967802577,3618078967802675
"HIP_RUNTIME_API_EXT","hipExtModuleLaunchKernel",2926763,2926763,848,3618078967806386,3618078967809907
"HIP_RUNTIME_API_EXT","hipSetDevice",2926763,2926763,849,3618078967812685,3618078967812758
"HIP_RUNTIME_API_EXT","hipSetDevice",2926763,2926763,850,3618078967816689,3618078967816751
"HIP_RUNTIME_API_EXT","hipSetDevice",2926763,2926763,851,3618078967817075,3618078967817128
"HIP_RUNTIME_API_EXT","hipSetDevice",2926763,2926763,852,3618078967817528,3618078967817578
"HIP_RUNTIME_API_EXT","hipGetDevice",2926763,2926763,853,3618078967818097,3618078967818148
"HIP_RUNTIME_API_EXT","hipGetDevicePropertiesR0600",2926763,2926763,854,3618078967818534,3618078967818681
"HIP_RUNTIME_API_EXT","hipGetDevice",2926763,2926763,855,3618078967819166,3618078967819216
"HIP_RUNTIME_API_EXT","hipGetDevicePropertiesR0600",2926763,2926763,856,3618078967819515,3618078967819645
"HIP_RUNTIME_API_EXT","hipGetDevice",2926763,2926763,857,3618078967820077,3618078967820125
"HIP_RUNTIME_API_EXT","hipGetDevicePropertiesR0600",2926763,2926763,858,3618078967820441,3618078967820555
"HIP_RUNTIME_API_EXT","hipGetDevice",2926763,2926763,859,3618078967820955,3618078967821004
"HIP_RUNTIME_API_EXT","hipGetDevicePropertiesR0600",2926763,2926763,860,3618078967821327,3618078967821425
"HIP_RUNTIME_API_EXT","hipExtModuleLaunchKernel",2926763,2926763,861,3618078967825058,3618078967829148
"HIP_RUNTIME_API_EXT","hipSetDevice",2926763,2926763,862,3618078967831976,3618078967832044
"HIP_RUNTIME_API_EXT","hipSetDevice",2926763,2926763,863,3618078967835800,3618078967835864
"HIP_RUNTIME_API_EXT","hipSetDevice",2926763,2926763,864,3618078967836204,3618078967836255
"HIP_RUNTIME_API_EXT","hipSetDevice",2926763,2926763,865,3618078967836620,3618078967836671
"HIP_RUNTIME_API_EXT","hipGetDevice",2926763,2926763,866,3618078967837694,3618078967837749
"HIP_RUNTIME_API_EXT","hipGetDevicePropertiesR0600",2926763,2926763,867,3618078967838284,3618078967838439
"HIP_RUNTIME_API_EXT","hipGetDevice",2926763,2926763,868,3618078967839037,3618078967839084
"HIP_RUNTIME_API_EXT","hipGetDevicePropertiesR0600",2926763,2926763,869,3618078967839626,3618078967839760
"HIP_RUNTIME_API_EXT","hipGetDevice",2926763,2926763,870,3618078967840539,3618078967840585
"HIP_RUNTIME_API_EXT","hipGetDevicePropertiesR0600",2926763,2926763,871,3618078967840878,3618078967840991
"HIP_RUNTIME_API_EXT","hipGetDevice",2926763,2926763,872,3618078967841396,3618078967841444
"HIP_RUNTIME_API_EXT","hipGetDevicePropertiesR0600",2926763,2926763,873,3618078967841798,3618078967841895
"HIP_RUNTIME_API_EXT","hipExtModuleLaunchKernel",2926763,2926763,874,3618078967845378,3618078967849094
"HIP_RUNTIME_API_EXT","hipSetDevice",2926763,2926763,875,3618078967851815,3618078967851943
"HIP_RUNTIME_API_EXT","hipSetDevice",2926763,2926763,876,3618078967855880,3618078967855947
"HIP_RUNTIME_API_EXT","hipSetDevice",2926763,2926763,877,3618078967856249,3618078967856303
"HIP_RUNTIME_API_EXT","hipSetDevice",2926763,2926763,878,3618078967856617,3618078967856670
"HIP_RUNTIME_API_EXT","hipGetDevice",2926763,2926763,879,3618078967857237,3618078967857289
"HIP_RUNTIME_API_EXT","hipGetDevicePropertiesR0600",2926763,2926763,880,3618078967857644,3618078967857862
"HIP_RUNTIME_API_EXT","hipGetDevice",2926763,2926763,881,3618078967858284,3618078967858333
"HIP_RUNTIME_API_EXT","hipGetDevicePropertiesR0600",2926763,2926763,882,3618078967858637,3618078967858783
"HIP_RUNTIME_API_EXT","hipGetDevice",2926763,2926763,883,3618078967859203,3618078967859252
"HIP_RUNTIME_API_EXT","hipGetDevicePropertiesR0600",2926763,2926763,884,3618078967859675,3618078967859785
"HIP_RUNTIME_API_EXT","hipGetDevice",2926763,2926763,885,3618078967860183,3618078967860234
"HIP_RUNTIME_API_EXT","hipGetDevicePropertiesR0600",2926763,2926763,886,3618078967860546,3618078967860644
"HIP_RUNTIME_API_EXT","hipExtModuleLaunchKernel",2926763,2926763,887,3618078967864215,3618078967868229
"HIP_RUNTIME_API_EXT","hipSetDevice",2926763,2926763,888,3618078967871035,3618078967871103
"HIP_RUNTIME_API_EXT","hipSetDevice",2926763,2926763,889,3618078967874771,3618078967874832
"HIP_RUNTIME_API_EXT","hipSetDevice",2926763,2926763,890,3618078967875407,3618078967875459
"HIP_RUNTIME_API_EXT","hipSetDevice",2926763,2926763,891,3618078967876068,3618078967876120
"HIP_RUNTIME_API_EXT","hipGetDevice",2926763,2926763,892,3618078967876886,3618078967876971
"HIP_RUNTIME_API_EXT","hipGetDevicePropertiesR0600",2926763,2926763,893,3618078967877559,3618078967877738
"HIP_RUNTIME_API_EXT","hipGetDevice",2926763,2926763,894,3618078967878163,3618078967878214
"HIP_RUNTIME_API_EXT","hipGetDevicePropertiesR0600",2926763,2926763,895,3618078967878517,3618078967878648
"HIP_RUNTIME_API_EXT","hipGetDevice",2926763,2926763,896,3618078967879110,3618078967879157
"HIP_RUNTIME_API_EXT","hipGetDevicePropertiesR0600",2926763,2926763,897,3618078967879823,3618078967879935
"HIP_RUNTIME_API_EXT","hipGetDevice",2926763,2926763,898,3618078967880317,3618078967880367
"HIP_RUNTIME_API_EXT","hipGetDevicePropertiesR0600",2926763,2926763,899,3618078967880661,3618078967880762
"HIP_RUNTIME_API_EXT","hipExtModuleLaunchKernel",2926763,2926763,900,3618078967884201,3618078967889017
"HIP_RUNTIME_API_EXT","hipSetDevice",2926763,2926763,901,3618078967891878,3618078967891951
"HIP_RUNTIME_API_EXT","hipSetDevice",2926763,2926763,902,3618078967895637,3618078967895699
"HIP_RUNTIME_API_EXT","hipSetDevice",2926763,2926763,903,3618078967896006,3618078967896062
"HIP_RUNTIME_API_EXT","hipSetDevice",2926763,2926763,904,3618078967896538,3618078967896589
"HIP_RUNTIME_API_EXT","hipGetDevice",2926763,2926763,905,3618078967897088,3618078967897138
"HIP_RUNTIME_API_EXT","hipGetDevicePropertiesR0600",2926763,2926763,906,3618078967897481,3618078967897662
"HIP_RUNTIME_API_EXT","hipGetDevice",2926763,2926763,907,3618078967898137,3618078967898184
"HIP_RUNTIME_API_EXT","hipGetDevicePropertiesR0600",2926763,2926763,908,3618078967898510,3618078967898606
"HIP_RUNTIME_API_EXT","hipGetDevice",2926763,2926763,909,3618078967899044,3618078967899095
"HIP_RUNTIME_API_EXT","hipGetDevicePropertiesR0600",2926763,2926763,910,3618078967899393,3618078967899504
"HIP_RUNTIME_API_EXT","hipGetDevice",2926763,2926763,911,3618078967899941,3618078967899992
"HIP_RUNTIME_API_EXT","hipGetDevicePropertiesR0600",2926763,2926763,912,3618078967900310,3618078967900410
"HIP_RUNTIME_API_EXT","hipExtModuleLaunchKernel",2926763,2926763,913,3618078967904540,3618078967908484
"HIP_RUNTIME_API_EXT","hipSetDevice",2926763,2926763,914,3618078967911253,3618078967911335
"HIP_RUNTIME_API_EXT","hipSetDevice",2926763,2926763,915,3618078967914983,3618078967915046
"HIP_RUNTIME_API_EXT","hipSetDevice",2926763,2926763,916,3618078967915340,3618078967915393
"HIP_RUNTIME_API_EXT","hipSetDevice",2926763,2926763,917,3618078967915822,3618078967915875
"HIP_RUNTIME_API_EXT","hipGetDevice",2926763,2926763,918,3618078967916417,3618078967916477
"HIP_RUNTIME_API_EXT","hipGetDevicePropertiesR0600",2926763,2926763,919,3618078967916783,3618078967916963
"HIP_RUNTIME_API_EXT","hipGetDevice",2926763,2926763,920,3618078967917357,3618078967917403
"HIP_RUNTIME_API_EXT","hipGetDevicePropertiesR0600",2926763,2926763,921,3618078967917707,3618078967917803
"HIP_RUNTIME_API_EXT","hipGetDevice",2926763,2926763,922,3618078967918279,3618078967918326
"HIP_RUNTIME_API_EXT","hipGetDevicePropertiesR0600",2926763,2926763,923,3618078967918643,3618078967918753
"HIP_RUNTIME_API_EXT","hipGetDevice",2926763,2926763,924,3618078967919210,3618078967919258
"HIP_RUNTIME_API_EXT","hipGetDevicePropertiesR0600",2926763,2926763,925,3618078967919556,3618078967919657
"HIP_RUNTIME_API_EXT","hipExtModuleLaunchKernel",2926763,2926763,926,3618078967923175,3618078967926884
"HIP_RUNTIME_API_EXT","hipSetDevice",2926763,2926763,927,3618078967929697,3618078967929763
"HIP_RUNTIME_API_EXT","hipSetDevice",2926763,2926763,928,3618078967933607,3618078967933677
"HIP_RUNTIME_API_EXT","hipSetDevice",2926763,2926763,929,3618078967933977,3618078967934025
"HIP_RUNTIME_API_EXT","hipSetDevice",2926763,2926763,930,3618078967934467,3618078967934519
"HIP_RUNTIME_API_EXT","hipGetDevice",2926763,2926763,931,3618078967935043,3618078967935107
"HIP_RUNTIME_API_EXT","hipGetDevicePropertiesR0600",2926763,2926763,932,3618078967935455,3618078967935604
"HIP_RUNTIME_API_EXT","hipGetDevice",2926763,2926763,933,3618078967936050,3618078967936099
"HIP_RUNTIME_API_EXT","hipGetDevicePropertiesR0600",2926763,2926763,934,3618078967936398,3618078967936533
"HIP_RUNTIME_API_EXT","hipGetDevice",2926763,2926763,935,3618078967936959,3618078967937006
"HIP_RUNTIME_API_EXT","hipGetDevicePropertiesR0600",2926763,2926763,936,3618078967937557,3618078967937670
"HIP_RUNTIME_API_EXT","hipGetDevice",2926763,2926763,937,3618078967938397,3618078967938445
"HIP_RUNTIME_API_EXT","hipGetDevicePropertiesR0600",2926763,2926763,938,3618078967938777,3618078967938879
"HIP_RUNTIME_API_EXT","hipExtModuleLaunchKernel",2926763,2926763,939,3618078967942466,3618078967945955
"HIP_RUNTIME_API_EXT","hipSetDevice",2926763,2926763,940,3618078967948709,3618078967948781
"HIP_RUNTIME_API_EXT","hipSetDevice",2926763,2926763,941,3618078967952436,3618078967952500
"HIP_RUNTIME_API_EXT","hipSetDevice",2926763,2926763,942,3618078967952810,3618078967952862
"HIP_RUNTIME_API_EXT","hipSetDevice",2926763,2926763,943,3618078967953215,3618078967953265
"HIP_RUNTIME_API_EXT","hipGetDevice",2926763,2926763,944,3618078967953784,3618078967953848
"HIP_RUNTIME_API_EXT","hipGetDevicePropertiesR0600",2926763,2926763,945,3618078967954174,3618078967954325
"HIP_RUNTIME_API_EXT","hipGetDevice",2926763,2926763,946,3618078967954748,3618078967954798
"HIP_RUNTIME_API_EXT","hipGetDevicePropertiesR0600",2926763,2926763,947,3618078967955089,3618078967955235
"HIP_RUNTIME_API_EXT","hipGetDevice",2926763,2926763,948,3618078967955671,3618078967955719
"HIP_RUNTIME_API_EXT","hipGetDevicePropertiesR0600",2926763,2926763,949,3618078967956056,3618078967956165
"HIP_RUNTIME_API_EXT","hipGetDevice",2926763,2926763,950,3618078967956622,3618078967956672
"HIP_RUNTIME_API_EXT","hipGetDevicePropertiesR0600",2926763,2926763,951,3618078967956985,3618078967957085
"HIP_RUNTIME_API_EXT","hipExtModuleLaunchKernel",2926763,2926763,952,3618078967960612,3618078967964532
"HIP_RUNTIME_API_EXT","hipSetDevice",2926763,2926763,953,3618078967967282,3618078967967350
"HIP_RUNTIME_API_EXT","hipSetDevice",2926763,2926763,954,3618078967971025,3618078967971089
"HIP_RUNTIME_API_EXT","hipSetDevice",2926763,2926763,955,3618078967971404,3618078967971456
"HIP_RUNTIME_API_EXT","hipSetDevice",2926763,2926763,956,3618078967971827,3618078967971879
"HIP_RUNTIME_API_EXT","hipGetDevice",2926763,2926763,957,3618078967972426,3618078967972483
"HIP_RUNTIME_API_EXT","hipGetDevicePropertiesR0600",2926763,2926763,958,3618078967972830,3618078967972976
"HIP_RUNTIME_API_EXT","hipGetDevice",2926763,2926763,959,3618078967973409,3618078967973456
"HIP_RUNTIME_API_EXT","hipGetDevicePropertiesR0600",2926763,2926763,960,3618078967974081,3618078967974213
"HIP_RUNTIME_API_EXT","hipGetDevice",2926763,2926763,961,3618078967974835,3618078967974882
"HIP_RUNTIME_API_EXT","hipGetDevicePropertiesR0600",2926763,2926763,962,3618078967975201,3618078967975311
"HIP_RUNTIME_API_EXT","hipGetDevice",2926763,2926763,963,3618078967975709,3618078967975760
"HIP_RUNTIME_API_EXT","hipGetDevicePropertiesR0600",2926763,2926763,964,3618078967976073,3618078967976176
"HIP_RUNTIME_API_EXT","hipExtModuleLaunchKernel",2926763,2926763,965,3618078967979894,3618078967983589
"HIP_RUNTIME_API_EXT","hipSetDevice",2926763,2926763,966,3618078967986320,3618078967986390
"HIP_RUNTIME_API_EXT","hipSetDevice",2926763,2926763,967,3618078967990129,3618078967990192
"HIP_RUNTIME_API_EXT","hipSetDevice",2926763,2926763,968,3618078967990488,3618078967990539
"HIP_RUNTIME_API_EXT","hipSetDevice",2926763,2926763,969,3618078967990879,3618078967990929
"HIP_RUNTIME_API_EXT","hipGetDevice",2926763,2926763,970,3618078967991449,3618078967991513
"HIP_RUNTIME_API_EXT","hipGetDevicePropertiesR0600",2926763,2926763,971,3618078967991850,3618078967991991
"HIP_RUNTIME_API_EXT","hipGetDevice",2926763,2926763,972,3618078967992397,3618078967992444
"HIP_RUNTIME_API_EXT","hipGetDevicePropertiesR0600",2926763,2926763,973,3618078967992745,3618078967992843
"HIP_RUNTIME_API_EXT","hipGetDevice",2926763,2926763,974,3618078967993287,3618078967993332
"HIP_RUNTIME_API_EXT","hipGetDevicePropertiesR0600",2926763,2926763,975,3618078967993639,3618078967993750
"HIP_RUNTIME_API_EXT","hipGetDevice",2926763,2926763,976,3618078967994145,3618078967994191
"HIP_RUNTIME_API_EXT","hipGetDevicePropertiesR0600",2926763,2926763,977,3618078967994489,3618078967994599
"HIP_RUNTIME_API_EXT","hipExtModuleLaunchKernel",2926763,2926763,978,3618078967998169,3618078968013802
"HIP_RUNTIME_API_EXT","hipSetDevice",2926763,2926763,979,3618078968017983,3618078968018089
"HIP_RUNTIME_API_EXT","hipSetDevice",2926763,2926763,980,3618078968022001,3618078968022059
"HIP_RUNTIME_API_EXT","hipSetDevice",2926763,2926763,981,3618078968022420,3618078968022476
"HIP_RUNTIME_API_EXT","hipSetDevice",2926763,2926763,982,3618078968022937,3618078968022993
"HIP_RUNTIME_API_EXT","hipGetDevice",2926763,2926763,983,3618078968023854,3618078968023966
"HIP_RUNTIME_API_EXT","hipGetDevicePropertiesR0600",2926763,2926763,984,3618078968024638,3618078968024905
"HIP_RUNTIME_API_EXT","hipGetDevice",2926763,2926763,985,3618078968025562,3618078968025612
"HIP_RUNTIME_API_EXT","hipGetDevicePropertiesR0600",2926763,2926763,986,3618078968026125,3618078968026262
"HIP_RUNTIME_API_EXT","hipGetDevice",2926763,2926763,987,3618078968026725,3618078968026773
"HIP_RUNTIME_API_EXT","hipGetDevicePropertiesR0600",2926763,2926763,988,3618078968027068,3618078968027186
"HIP_RUNTIME_API_EXT","hipGetDevice",2926763,2926763,989,3618078968027586,3618078968027634
"HIP_RUNTIME_API_EXT","hipGetDevicePropertiesR0600",2926763,2926763,990,3618078968027954,3618078968028055
"HIP_RUNTIME_API_EXT","hipExtModuleLaunchKernel",2926763,2926763,991,3618078968032181,3618078968035816
"HIP_RUNTIME_API_EXT","hipSetDevice",2926763,2926763,992,3618078968038626,3618078968038699
"HIP_RUNTIME_API_EXT","hipSetDevice",2926763,2926763,993,3618078968042392,3618078968042456
"HIP_RUNTIME_API_EXT","hipSetDevice",2926763,2926763,994,3618078968042811,3618078968042866
"HIP_RUNTIME_API_EXT","hipSetDevice",2926763,2926763,995,3618078968043214,3618078968043268
"HIP_RUNTIME_API_EXT","hipGetDevice",2926763,2926763,996,3618078968043773,3618078968043830
"HIP_RUNTIME_API_EXT","hipGetDevicePropertiesR0600",2926763,2926763,997,3618078968044174,3618078968044313
"HIP_RUNTIME_API_EXT","hipGetDevice",2926763,2926763,998,3618078968044711,3618078968044761
"HIP_RUNTIME_API_EXT","hipGetDevicePropertiesR0600",2926763,2926763,999,3618078968045056,3618078968045190
"HIP_RUNTIME_API_EXT","hipGetDevice",2926763,2926763,1000,3618078968045663,3618078968045726
"HIP_RUNTIME_API_EXT","hipGetDevicePropertiesR0600",2926763,2926763,1001,3618078968046135,3618078968046247
"HIP_RUNTIME_API_EXT","hipGetDevice",2926763,2926763,1002,3618078968046626,3618078968046675
"HIP_RUNTIME_API_EXT","hipGetDevicePropertiesR0600",2926763,2926763,1003,3618078968046975,3618078968047075
"HIP_RUNTIME_API_EXT","hipExtModuleLaunchKernel",2926763,2926763,1004,3618078968050558,3618078968054259
"HIP_RUNTIME_API_EXT","hipSetDevice",2926763,2926763,1005,3618078968056856,3618078968056921
"HIP_RUNTIME_API_EXT","hipSetDevice",2926763,2926763,1006,3618078968060788,3618078968060853
"HIP_RUNTIME_API_EXT","hipSetDevice",2926763,2926763,1007,3618078968061353,3618078968061403
"HIP_RUNTIME_API_EXT","hipSetDevice",2926763,2926763,1008,3618078968061982,3618078968062034
"HIP_RUNTIME_API_EXT","hipGetDevice",2926763,2926763,1009,3618078968062768,3618078968062827
"HIP_RUNTIME_API_EXT","hipGetDevicePropertiesR0600",2926763,2926763,1010,3618078968063368,3618078968063509
"HIP_RUNTIME_API_EXT","hipGetDevice",2926763,2926763,1011,3618078968063992,3618078968064039
"HIP_RUNTIME_API_EXT","hipGetDevicePropertiesR0600",2926763,2926763,1012,3618078968064340,3618078968064438
"HIP_RUNTIME_API_EXT","hipGetDevice",2926763,2926763,1013,3618078968064861,3618078968064909
"HIP_RUNTIME_API_EXT","hipGetDevicePropertiesR0600",2926763,2926763,1014,3618078968065240,3618078968065353
"HIP_RUNTIME_API_EXT","hipGetDevice",2926763,2926763,1015,3618078968065738,3618078968065786
"HIP_RUNTIME_API_EXT","hipGetDevicePropertiesR0600",2926763,2926763,1016,3618078968066095,3618078968066194
"HIP_RUNTIME_API_EXT","hipExtModuleLaunchKernel",2926763,2926763,1017,3618078968069567,3618078968073048
"HIP_RUNTIME_API_EXT","hipSetDevice",2926763,2926763,1018,3618078968076032,3618078968076101
"HIP_RUNTIME_API_EXT","hipSetDevice",2926763,2926763,1019,3618078968079728,3618078968079791
"HIP_RUNTIME_API_EXT","hipSetDevice",2926763,2926763,1020,3618078968080109,3618078968080161
"HIP_RUNTIME_API_EXT","hipSetDevice",2926763,2926763,1021,3618078968080528,3618078968080583
"HIP_RUNTIME_API_EXT","hipGetDevice",2926763,2926763,1022,3618078968081115,3618078968081178
"HIP_RUNTIME_API_EXT","hipGetDevicePropertiesR0600",2926763,2926763,1023,3618078968081505,3618078968081648
"HIP_RUNTIME_API_EXT","hipGetDevice",2926763,2926763,1024,3618078968082029,3618078968082079
"HIP_RUNTIME_API_EXT","hipGetDevicePropertiesR0600",2926763,2926763,1025,3618078968082576,3618078968082675
"HIP_RUNTIME_API_EXT","hipGetDevice",2926763,2926763,1026,3618078968083132,3618078968083181
"HIP_RUNTIME_API_EXT","hipGetDevicePropertiesR0600",2926763,2926763,1027,3618078968083475,3618078968083601
"HIP_RUNTIME_API_EXT","hipGetDevice",2926763,2926763,1028,3618078968083963,3618078968084013
"HIP_RUNTIME_API_EXT","hipGetDevicePropertiesR0600",2926763,2926763,1029,3618078968084492,3618078968084601
"HIP_RUNTIME_API_EXT","hipExtModuleLaunchKernel",2926763,2926763,1030,3618078968088346,3618078968091896
"HIP_RUNTIME_API_EXT","hipSetDevice",2926763,2926763,1031,3618078968094657,3618078968094791
"HIP_RUNTIME_API_EXT","hipSetDevice",2926763,2926763,1032,3618078968098680,3618078968098739
"HIP_RUNTIME_API_EXT","hipSetDevice",2926763,2926763,1033,3618078968099229,3618078968099280
"HIP_RUNTIME_API_EXT","hipSetDevice",2926763,2926763,1034,3618078968099669,3618078968099727
"HIP_RUNTIME_API_EXT","hipGetDevice",2926763,2926763,1035,3618078968100287,3618078968100337
"HIP_RUNTIME_API_EXT","hipGetDevicePropertiesR0600",2926763,2926763,1036,3618078968100706,3618078968100924
"HIP_RUNTIME_API_EXT","hipGetDevice",2926763,2926763,1037,3618078968101379,3618078968101428
"HIP_RUNTIME_API_EXT","hipGetDevicePropertiesR0600",2926763,2926763,1038,3618078968101728,3618078968101824
"HIP_RUNTIME_API_EXT","hipGetDevice",2926763,2926763,1039,3618078968102241,3618078968102291
"HIP_RUNTIME_API_EXT","hipGetDevicePropertiesR0600",2926763,2926763,1040,3618078968102605,3618078968102721
"HIP_RUNTIME_API_EXT","hipGetDevice",2926763,2926763,1041,3618078968103112,3618078968103163
"HIP_RUNTIME_API_EXT","hipGetDevicePropertiesR0600",2926763,2926763,1042,3618078968103475,3618078968103577
"HIP_RUNTIME_API_EXT","hipExtModuleLaunchKernel",2926763,2926763,1043,3618078968107428,3618078968110909
"HIP_RUNTIME_API_EXT","hipSetDevice",2926763,2926763,1044,3618078968113562,3618078968113633
"HIP_RUNTIME_API_EXT","hipSetDevice",2926763,2926763,1045,3618078968117545,3618078968117614
"HIP_RUNTIME_API_EXT","hipSetDevice",2926763,2926763,1046,3618078968117941,3618078968117993
"HIP_RUNTIME_API_EXT","hipSetDevice",2926763,2926763,1047,3618078968118350,3618078968118408
"HIP_RUNTIME_API_EXT","hipGetDevice",2926763,2926763,1048,3618078968118926,3618078968118988
"HIP_RUNTIME_API_EXT","hipGetDevicePropertiesR0600",2926763,2926763,1049,3618078968119321,3618078968119459
"HIP_RUNTIME_API_EXT","hipGetDevice",2926763,2926763,1050,3618078968119855,3618078968119905
"HIP_RUNTIME_API_EXT","hipGetDevicePropertiesR0600",2926763,2926763,1051,3618078968120198,3618078968120297
"HIP_RUNTIME_API_EXT","hipGetDevice",2926763,2926763,1052,3618078968120735,3618078968120781
"HIP_RUNTIME_API_EXT","hipGetDevicePropertiesR0600",2926763,2926763,1053,3618078968124808,3618078968124942
"HIP_RUNTIME_API_EXT","hipGetDevice",2926763,2926763,1054,3618078968126053,3618078968126101
"HIP_RUNTIME_API_EXT","hipGetDevicePropertiesR0600",2926763,2926763,1055,3618078968126597,3618078968126721
"HIP_RUNTIME_API_EXT","hipExtModuleLaunchKernel",2926763,2926763,1056,3618078968130904,3618078968134395
"HIP_RUNTIME_API_EXT","hipSetDevice",2926763,2926763,1057,3618078968137173,3618078968137242
"HIP_RUNTIME_API_EXT","hipSetDevice",2926763,2926763,1058,3618078968141035,3618078968141100
"HIP_RUNTIME_API_EXT","hipSetDevice",2926763,2926763,1059,3618078968141846,3618078968141900
"HIP_RUNTIME_API_EXT","hipSetDevice",2926763,2926763,1060,3618078968143289,3618078968143345
"HIP_RUNTIME_API_EXT","hipGetDevice",2926763,2926763,1061,3618078968144294,3618078968144351
"HIP_RUNTIME_API_EXT","hipGetDevicePropertiesR0600",2926763,2926763,1062,3618078968144691,3618078968144870
"HIP_RUNTIME_API_EXT","hipGetDevice",2926763,2926763,1063,3618078968145947,3618078968145993
"HIP_RUNTIME_API_EXT","hipGetDevicePropertiesR0600",2926763,2926763,1064,3618078968146454,3618078968146590
"HIP_RUNTIME_API_EXT","hipGetDevice",2926763,2926763,1065,3618078968150120,3618078968150166
"HIP_RUNTIME_API_EXT","hipGetDevicePropertiesR0600",2926763,2926763,1066,3618078968150634,3618078968150755
"HIP_RUNTIME_API_EXT","hipGetDevice",2926763,2926763,1067,3618078968151907,3618078968151954
"HIP_RUNTIME_API_EXT","hipGetDevicePropertiesR0600",2926763,2926763,1068,3618078968152641,3618078968152743
"HIP_RUNTIME_API_EXT","hipExtModuleLaunchKernel",2926763,2926763,1069,3618078968169061,3618078968202839
"HIP_RUNTIME_API_EXT","hipSetDevice",2926763,2926763,1070,3618078968207205,3618078968207276
"HIP_RUNTIME_API_EXT","hipSetDevice",2926763,2926763,1071,3618078968233844,3618078968233910
"HIP_RUNTIME_API_EXT","hipSetDevice",2926763,2926763,1072,3618078968234809,3618078968234860
"HIP_RUNTIME_API_EXT","hipSetDevice",2926763,2926763,1073,3618078968235358,3618078968235407
"HIP_RUNTIME_API_EXT","hipGetDevice",2926763,2926763,1074,3618078968235964,3618078968236020
"HIP_RUNTIME_API_EXT","hipGetDevicePropertiesR0600",2926763,2926763,1075,3618078968236340,3618078968236487
"HIP_RUNTIME_API_EXT","hipGetDevice",2926763,2926763,1076,3618078968236874,3618078968236920
"HIP_RUNTIME_API_EXT","hipGetDevicePropertiesR0600",2926763,2926763,1077,3618078968237434,3618078968237542
"HIP_RUNTIME_API_EXT","hipGetDevice",2926763,2926763,1078,3618078968238248,3618078968238294
"HIP_RUNTIME_API_EXT","hipGetDevicePropertiesR0600",2926763,2926763,1079,3618078968238848,3618078968238963
"HIP_RUNTIME_API_EXT","hipGetDevice",2926763,2926763,1080,3618078968239523,3618078968239569
"HIP_RUNTIME_API_EXT","hipGetDevicePropertiesR0600",2926763,2926763,1081,3618078968239862,3618078968239962
"HIP_RUNTIME_API_EXT","hipExtModuleLaunchKernel",2926763,2926763,1082,3618078968243981,3618078968247733
"HIP_RUNTIME_API_EXT","hipSetDevice",2926763,2926763,1083,3618078968250333,3618078968250406
"HIP_RUNTIME_API_EXT","hipSetDevice",2926763,2926763,1084,3618078968254942,3618078968255008
"HIP_RUNTIME_API_EXT","hipSetDevice",2926763,2926763,1085,3618078968255419,3618078968255520
"HIP_RUNTIME_API_EXT","hipSetDevice",2926763,2926763,1086,3618078968256036,3618078968256089
"HIP_RUNTIME_API_EXT","hipGetDevice",2926763,2926763,1087,3618078968256622,3618078968256679
"HIP_RUNTIME_API_EXT","hipGetDevicePropertiesR0600",2926763,2926763,1088,3618078968256999,3618078968257174
"HIP_RUNTIME_API_EXT","hipGetDevice",2926763,2926763,1089,3618078968257763,3618078968257814
"HIP_RUNTIME_API_EXT","hipGetDevicePropertiesR0600",2926763,2926763,1090,3618078968258287,3618078968258387
"HIP_RUNTIME_API_EXT","hipGetDevice",2926763,2926763,1091,3618078968258953,3618078968259003
"HIP_RUNTIME_API_EXT","hipGetDevicePropertiesR0600",2926763,2926763,1092,3618078968259309,3618078968259426
"HIP_RUNTIME_API_EXT","hipGetDevice",2926763,2926763,1093,3618078968259802,3618078968259884
"HIP_RUNTIME_API_EXT","hipGetDevicePropertiesR0600",2926763,2926763,1094,3618078968260179,3618078968260279
"HIP_RUNTIME_API_EXT","hipExtModuleLaunchKernel",2926763,2926763,1095,3618078968264057,3618078968267773
"HIP_RUNTIME_API_EXT","hipSetDevice",2926763,2926763,1096,3618078968270206,3618078968270275
"HIP_RUNTIME_API_EXT","hipSetDevice",2926763,2926763,1097,3618078968275282,3618078968275352
"HIP_RUNTIME_API_EXT","hipSetDevice",2926763,2926763,1098,3618078968275693,3618078968275747
"HIP_RUNTIME_API_EXT","hipSetDevice",2926763,2926763,1099,3618078968276076,3618078968276129
"HIP_RUNTIME_API_EXT","hipGetDevice",2926763,2926763,1100,3618078968276847,3618078968276905
"HIP_RUNTIME_API_EXT","hipGetDevicePropertiesR0600",2926763,2926763,1101,3618078968277212,3618078968277387
"HIP_RUNTIME_API_EXT","hipGetDevice",2926763,2926763,1102,3618078968277779,3618078968277831
"HIP_RUNTIME_API_EXT","hipGetDevicePropertiesR0600",2926763,2926763,1103,3618078968278139,3618078968278282
"HIP_RUNTIME_API_EXT","hipGetDevice",2926763,2926763,1104,3618078968279246,3618078968279296
"HIP_RUNTIME_API_EXT","hipGetDevicePropertiesR0600",2926763,2926763,1105,3618078968279742,3618078968279858
"HIP_RUNTIME_API_EXT","hipGetDevice",2926763,2926763,1106,3618078968280221,3618078968280269
"HIP_RUNTIME_API_EXT","hipGetDevicePropertiesR0600",2926763,2926763,1107,3618078968280569,3618078968280667
"HIP_RUNTIME_API_EXT","hipExtModuleLaunchKernel",2926763,2926763,1108,3618078968284653,3618078968288824
"HIP_RUNTIME_API_EXT","hipSetDevice",2926763,2926763,1109,3618078968291824,3618078968291895
"HIP_RUNTIME_API_EXT","hipSetDevice",2926763,2926763,1110,3618078968297290,3618078968297426
"HIP_RUNTIME_API_EXT","hipSetDevice",2926763,2926763,1111,3618078968297771,3618078968297822
"HIP_RUNTIME_API_EXT","hipSetDevice",2926763,2926763,1112,3618078968298196,3618078968298277
"HIP_RUNTIME_API_EXT","hipGetDevice",2926763,2926763,1113,3618078968298797,3618078968298853
"HIP_RUNTIME_API_EXT","hipGetDevicePropertiesR0600",2926763,2926763,1114,3618078968299201,3618078968299342
"HIP_RUNTIME_API_EXT","hipGetDevice",2926763,2926763,1115,3618078968299743,3618078968299793
"HIP_RUNTIME_API_EXT","hipGetDevicePropertiesR0600",2926763,2926763,1116,3618078968300090,3618078968300223
"HIP_RUNTIME_API_EXT","hipGetDevice",2926763,2926763,1117,3618078968300982,3618078968301063
"HIP_RUNTIME_API_EXT","hipGetDevicePropertiesR0600",2926763,2926763,1118,3618078968301360,3618078968301470
"HIP_RUNTIME_API_EXT","hipGetDevice",2926763,2926763,1119,3618078968302053,3618078968302154
"HIP_RUNTIME_API_EXT","hipGetDevicePropertiesR0600",2926763,2926763,1120,3618078968302446,3618078968302546
"HIP_RUNTIME_API_EXT","hipExtModuleLaunchKernel",2926763,2926763,1121,3618078968307377,3618078968311319
"HIP_RUNTIME_API_EXT","hipSetDevice",2926763,2926763,1122,3618078968314569,3618078968314639
"HIP_RUNTIME_API_EXT","hipSetDevice",2926763,2926763,1123,3618078968319535,3618078968319604
"HIP_RUNTIME_API_EXT","hipSetDevice",2926763,2926763,1124,3618078968319938,3618078968319992
"HIP_RUNTIME_API_EXT","hipSetDevice",2926763,2926763,1125,3618078968320342,3618078968320399
"HIP_RUNTIME_API_EXT","hipGetDevice",2926763,2926763,1126,3618078968320939,3618078968320990
"HIP_RUNTIME_API_EXT","hipGetDevicePropertiesR0600",2926763,2926763,1127,3618078968321317,3618078968321463
"HIP_RUNTIME_API_EXT","hipGetDevice",2926763,2926763,1128,3618078968321846,3618078968321895
"HIP_RUNTIME_API_EXT","hipGetDevicePropertiesR0600",2926763,2926763,1129,3618078968322198,3618078968322295
"HIP_RUNTIME_API_EXT","hipGetDevice",2926763,2926763,1130,3618078968322936,3618078968323015
"HIP_RUNTIME_API_EXT","hipGetDevicePropertiesR0600",2926763,2926763,1131,3618078968323313,3618078968323430
"HIP_RUNTIME_API_EXT","hipGetDevice",2926763,2926763,1132,3618078968323807,3618078968323856
"HIP_RUNTIME_API_EXT","hipGetDevicePropertiesR0600",2926763,2926763,1133,3618078968324154,3618078968324253
"HIP_RUNTIME_API_EXT","hipExtModuleLaunchKernel",2926763,2926763,1134,3618078968328368,3618078968331888
"HIP_RUNTIME_API_EXT","hipSetDevice",2926763,2926763,1135,3618078968334756,3618078968334830
"HIP_RUNTIME_API_EXT","hipSetDevice",2926763,2926763,1136,3618078968338740,3618078968338805
"HIP_RUNTIME_API_EXT","hipSetDevice",2926763,2926763,1137,3618078968339141,3618078968339196
"HIP_RUNTIME_API_EXT","hipSetDevice",2926763,2926763,1138,3618078968339525,3618078968339582
"HIP_RUNTIME_API_EXT","hipGetDevice",2926763,2926763,1139,3618078968340092,3618078968340149
"HIP_RUNTIME_API_EXT","hipGetDevicePropertiesR0600",2926763,2926763,1140,3618078968340506,3618078968340647
"HIP_RUNTIME_API_EXT","hipGetDevice",2926763,2926763,1141,3618078968341276,3618078968341378
"HIP_RUNTIME_API_EXT","hipGetDevicePropertiesR0600",2926763,2926763,1142,3618078968341716,3618078968341853
"HIP_RUNTIME_API_EXT","hipGetDevice",2926763,2926763,1143,3618078968342480,3618078968342527
"HIP_RUNTIME_API_EXT","hipGetDevicePropertiesR0600",2926763,2926763,1144,3618078968342853,3618078968342965
"HIP_RUNTIME_API_EXT","hipGetDevice",2926763,2926763,1145,3618078968343349,3618078968343402
"HIP_RUNTIME_API_EXT","hipGetDevicePropertiesR0600",2926763,2926763,1146,3618078968343762,3618078968343885
"HIP_RUNTIME_API_EXT","hipExtModuleLaunchKernel",2926763,2926763,1147,3618078968348729,3618078968352415
"HIP_RUNTIME_API_EXT","hipSetDevice",2926763,2926763,1148,3618078968354929,3618078968355001
"HIP_RUNTIME_API_EXT","hipSetDevice",2926763,2926763,1149,3618078968359324,3618078968359392
"HIP_RUNTIME_API_EXT","hipSetDevice",2926763,2926763,1150,3618078968359885,3618078968359938
"HIP_RUNTIME_API_EXT","hipSetDevice",2926763,2926763,1151,3618078968360292,3618078968360343
"HIP_RUNTIME_API_EXT","hipGetDevice",2926763,2926763,1152,3618078968360880,3618078968360932
"HIP_RUNTIME_API_EXT","hipGetDevicePropertiesR0600",2926763,2926763,1153,3618078968361392,3618078968361610
"HIP_RUNTIME_API_EXT","hipGetDevice",2926763,2926763,1154,3618078968362010,3618078968362058
"HIP_RUNTIME_API_EXT","hipGetDevicePropertiesR0600",2926763,2926763,1155,3618078968362407,3618078968362541
"HIP_RUNTIME_API_EXT","hipGetDevice",2926763,2926763,1156,3618078968362997,3618078968363045
"HIP_RUNTIME_API_EXT","hipGetDevicePropertiesR0600",2926763,2926763,1157,3618078968363349,3618078968363465
"HIP_RUNTIME_API_EXT","hipGetDevice",2926763,2926763,1158,3618078968363846,3618078968363895
"HIP_RUNTIME_API_EXT","hipGetDevicePropertiesR0600",2926763,2926763,1159,3618078968364198,3618078968364296
"HIP_RUNTIME_API_EXT","hipExtModuleLaunchKernel",2926763,2926763,1160,3618078968368581,3618078968372118
"HIP_RUNTIME_API_EXT","hipSetDevice",2926763,2926763,1161,3618078968374725,3618078968374869
"HIP_RUNTIME_API_EXT","hipSetDevice",2926763,2926763,1162,3618078968379325,3618078968379385
"HIP_RUNTIME_API_EXT","hipSetDevice",2926763,2926763,1163,3618078968379712,3618078968379765
"HIP_RUNTIME_API_EXT","hipSetDevice",2926763,2926763,1164,3618078968380112,3618078968380163
"HIP_RUNTIME_API_EXT","hipGetDevice",2926763,2926763,1165,3618078968380692,3618078968380749
"HIP_RUNTIME_API_EXT","hipGetDevicePropertiesR0600",2926763,2926763,1166,3618078968381135,3618078968381275
"HIP_RUNTIME_API_EXT","hipGetDevice",2926763,2926763,1167,3618078968381685,3618078968381734
"HIP_RUNTIME_API_EXT","hipGetDevicePropertiesR0600",2926763,2926763,1168,3618078968382093,3618078968382192
"HIP_RUNTIME_API_EXT","hipGetDevice",2926763,2926763,1169,3618078968382633,3618078968382685
"HIP_RUNTIME_API_EXT","hipGetDevicePropertiesR0600",2926763,2926763,1170,3618078968383169,3618078968383279
"HIP_RUNTIME_API_EXT","hipGetDevice",2926763,2926763,1171,3618078968383654,3618078968383705
"HIP_RUNTIME_API_EXT","hipGetDevicePropertiesR0600",2926763,2926763,1172,3618078968384119,3618078968384232
"HIP_RUNTIME_API_EXT","hipExtModuleLaunchKernel",2926763,2926763,1173,3618078968388116,3618078968391650
"HIP_RUNTIME_API_EXT","hipSetDevice",2926763,2926763,1174,3618078968394348,3618078968394415
"HIP_RUNTIME_API_EXT","hipSetDevice",2926763,2926763,1175,3618078968399250,3618078968399309
"HIP_RUNTIME_API_EXT","hipSetDevice",2926763,2926763,1176,3618078968399639,3618078968399692
"HIP_RUNTIME_API_EXT","hipSetDevice",2926763,2926763,1177,3618078968400210,3618078968400265
"HIP_RUNTIME_API_EXT","hipGetDevice",2926763,2926763,1178,3618078968400819,3618078968400896
"HIP_RUNTIME_API_EXT","hipGetDevicePropertiesR0600",2926763,2926763,1179,3618078968401280,3618078968401423
"HIP_RUNTIME_API_EXT","hipGetDevice",2926763,2926763,1180,3618078968401822,3618078968401868
"HIP_RUNTIME_API_EXT","hipGetDevicePropertiesR0600",2926763,2926763,1181,3618078968402178,3618078968402310
"HIP_RUNTIME_API_EXT","hipGetDevice",2926763,2926763,1182,3618078968402842,3618078968402892
"HIP_RUNTIME_API_EXT","hipGetDevicePropertiesR0600",2926763,2926763,1183,3618078968403227,3618078968403341
"HIP_RUNTIME_API_EXT","hipGetDevice",2926763,2926763,1184,3618078968403785,3618078968403834
"HIP_RUNTIME_API_EXT","hipGetDevicePropertiesR0600",2926763,2926763,1185,3618078968404134,3618078968404234
"HIP_RUNTIME_API_EXT","hipExtModuleLaunchKernel",2926763,2926763,1186,3618078968408379,3618078968412558
"HIP_RUNTIME_API_EXT","hipSetDevice",2926763,2926763,1187,3618078968415457,3618078968415529
"HIP_RUNTIME_API_EXT","hipSetDevice",2926763,2926763,1188,3618078968420700,3618078968420764
"HIP_RUNTIME_API_EXT","hipSetDevice",2926763,2926763,1189,3618078968421089,3618078968421139
"HIP_RUNTIME_API_EXT","hipSetDevice",2926763,2926763,1190,3618078968421548,3618078968421601
"HIP_RUNTIME_API_EXT","hipGetDevice",2926763,2926763,1191,3618078968422114,3618078968422170
"HIP_RUNTIME_API_EXT","hipGetDevicePropertiesR0600",2926763,2926763,1192,3618078968422546,3618078968422723
"HIP_RUNTIME_API_EXT","hipGetDevice",2926763,2926763,1193,3618078968423275,3618078968423324
"HIP_RUNTIME_API_EXT","hipGetDevicePropertiesR0600",2926763,2926763,1194,3618078968423645,3618078968423779
"HIP_RUNTIME_API_EXT","hipGetDevice",2926763,2926763,1195,3618078968424256,3618078968424302
"HIP_RUNTIME_API_EXT","hipGetDevicePropertiesR0600",2926763,2926763,1196,3618078968424606,3618078968424718
"HIP_RUNTIME_API_EXT","hipGetDevice",2926763,2926763,1197,3618078968425078,3618078968425122
"HIP_RUNTIME_API_EXT","hipGetDevicePropertiesR0600",2926763,2926763,1198,3618078968425425,3618078968425523
"HIP_RUNTIME_API_EXT","hipExtModuleLaunchKernel",2926763,2926763,1199,3618078968429478,3618078968433415
"HIP_RUNTIME_API_EXT","hipSetDevice",2926763,2926763,1200,3618078968436118,3618078968436192
"HIP_RUNTIME_API_EXT","hipSetDevice",2926763,2926763,1201,3618078968440914,3618078968441017
"HIP_RUNTIME_API_EXT","hipSetDevice",2926763,2926763,1202,3618078968441329,3618078968441381
"HIP_RUNTIME_API_EXT","hipSetDevice",2926763,2926763,1203,3618078968441742,3618078968441792
"HIP_RUNTIME_API_EXT","hipGetDevice",2926763,2926763,1204,3618078968442308,3618078968442371
"HIP_RUNTIME_API_EXT","hipGetDevicePropertiesR0600",2926763,2926763,1205,3618078968442698,3618078968442844
"HIP_RUNTIME_API_EXT","hipGetDevice",2926763,2926763,1206,3618078968443216,3618078968443263
"HIP_RUNTIME_API_EXT","hipGetDevicePropertiesR0600",2926763,2926763,1207,3618078968443560,3618078968443661
"HIP_RUNTIME_API_EXT","hipGetDevice",2926763,2926763,1208,3618078968444160,3618078968444226
"HIP_RUNTIME_API_EXT","hipGetDevicePropertiesR0600",2926763,2926763,1209,3618078968444608,3618078968444723
"HIP_RUNTIME_API_EXT","hipGetDevice",2926763,2926763,1210,3618078968445089,3618078968445137
"HIP_RUNTIME_API_EXT","hipGetDevicePropertiesR0600",2926763,2926763,1211,3618078968445437,3618078968445535
"HIP_RUNTIME_API_EXT","hipExtModuleLaunchKernel",2926763,2926763,1212,3618078968449189,3618078968452885
"HIP_RUNTIME_API_EXT","hipSetDevice",2926763,2926763,1213,3618078968455690,3618078968455764
"HIP_RUNTIME_API_EXT","hipSetDevice",2926763,2926763,1214,3618078968459948,3618078968460005
"HIP_RUNTIME_API_EXT","hipSetDevice",2926763,2926763,1215,3618078968460306,3618078968460355
"HIP_RUNTIME_API_EXT","hipSetDevice",2926763,2926763,1216,3618078968460877,3618078968460927
"HIP_RUNTIME_API_EXT","hipGetDevice",2926763,2926763,1217,3618078968461562,3618078968461619
"HIP_RUNTIME_API_EXT","hipGetDevicePropertiesR0600",2926763,2926763,1218,3618078968461971,3618078968462114
"HIP_RUNTIME_API_EXT","hipGetDevice",2926763,2926763,1219,3618078968462501,3618078968462548
"HIP_RUNTIME_API_EXT","hipGetDevicePropertiesR0600",2926763,2926763,1220,3618078968462851,3618078968462984
"HIP_RUNTIME_API_EXT","hipGetDevice",2926763,2926763,1221,3618078968463477,3618078968463524
"HIP_RUNTIME_API_EXT","hipGetDevicePropertiesR0600",2926763,2926763,1222,3618078968463829,3618078968463948
"HIP_RUNTIME_API_EXT","hipGetDevice",2926763,2926763,1223,3618078968464315,3618078968464363
"HIP_RUNTIME_API_EXT","hipGetDevicePropertiesR0600",2926763,2926763,1224,3618078968464657,3618078968464769
"HIP_RUNTIME_API_EXT","hipExtModuleLaunchKernel",2926763,2926763,1225,3618078968468355,3618078968472176
"HIP_RUNTIME_API_EXT","hipSetDevice",2926763,2926763,1226,3618078968475111,3618078968475181
"HIP_RUNTIME_API_EXT","hipSetDevice",2926763,2926763,1227,3618078968479525,3618078968479594
"HIP_RUNTIME_API_EXT","hipSetDevice",2926763,2926763,1228,3618078968479920,3618078968479972
"HIP_RUNTIME_API_EXT","hipSetDevice",2926763,2926763,1229,3618078968480378,3618078968480431
"HIP_RUNTIME_API_EXT","hipGetDevice",2926763,2926763,1230,3618078968480941,3618078968480995
"HIP_RUNTIME_API_EXT","hipGetDevicePropertiesR0600",2926763,2926763,1231,3618078968481337,3618078968481531
"HIP_RUNTIME_API_EXT","hipGetDevice",2926763,2926763,1232,3618078968481972,3618078968482017
"HIP_RUNTIME_API_EXT","hipGetDevicePropertiesR0600",2926763,2926763,1233,3618078968482316,3618078968482413
"HIP_RUNTIME_API_EXT","hipGetDevice",2926763,2926763,1234,3618078968482851,3618078968482898
"HIP_RUNTIME_API_EXT","hipGetDevicePropertiesR0600",2926763,2926763,1235,3618078968483224,3618078968483331
"HIP_RUNTIME_API_EXT","hipGetDevice",2926763,2926763,1236,3618078968483787,3618078968483850
"HIP_RUNTIME_API_EXT","hipGetDevicePropertiesR0600",2926763,2926763,1237,3618078968484314,3618078968484415
"HIP_RUNTIME_API_EXT","hipExtModuleLaunchKernel",2926763,2926763,1238,3618078968487955,3618078968491844
"HIP_RUNTIME_API_EXT","hipSetDevice",2926763,2926763,1239,3618078968494625,3618078968494698
"HIP_RUNTIME_API_EXT","hipSetDevice",2926763,2926763,1240,3618078968499644,3618078968499707
"HIP_RUNTIME_API_EXT","hipSetDevice",2926763,2926763,1241,3618078968500011,3618078968500060
"HIP_RUNTIME_API_EXT","hipSetDevice",2926763,2926763,1242,3618078968500644,3618078968500697
"HIP_RUNTIME_API_EXT","hipGetDevice",2926763,2926763,1243,3618078968501215,3618078968501271
"HIP_RUNTIME_API_EXT","hipGetDevicePropertiesR0600",2926763,2926763,1244,3618078968501591,3618078968501735
"HIP_RUNTIME_API_EXT","hipGetDevice",2926763,2926763,1245,3618078968502109,3618078968502157
"HIP_RUNTIME_API_EXT","hipGetDevicePropertiesR0600",2926763,2926763,1246,3618078968502467,3618078968502600
"HIP_RUNTIME_API_EXT","hipGetDevice",2926763,2926763,1247,3618078968503027,3618078968503073
"HIP_RUNTIME_API_EXT","hipGetDevicePropertiesR0600",2926763,2926763,1248,3618078968503409,3618078968503527
"HIP_RUNTIME_API_EXT","hipGetDevice",2926763,2926763,1249,3618078968503971,3618078968504020
"HIP_RUNTIME_API_EXT","hipGetDevicePropertiesR0600",2926763,2926763,1250,3618078968504320,3618078968504418
"HIP_RUNTIME_API_EXT","hipExtModuleLaunchKernel",2926763,2926763,1251,3618078968508084,3618078968512107
"HIP_RUNTIME_API_EXT","hipSetDevice",2926763,2926763,1252,3618078968515121,3618078968515191
"HIP_RUNTIME_API_EXT","hipSetDevice",2926763,2926763,1253,3618078968519175,3618078968519241
"HIP_RUNTIME_API_EXT","hipSetDevice",2926763,2926763,1254,3618078968519548,3618078968519601
"HIP_RUNTIME_API_EXT","hipSetDevice",2926763,2926763,1255,3618078968519991,3618078968520045
"HIP_RUNTIME_API_EXT","hipGetDevice",2926763,2926763,1256,3618078968520557,3618078968520616
"HIP_RUNTIME_API_EXT","hipGetDevicePropertiesR0600",2926763,2926763,1257,3618078968520944,3618078968521128
"HIP_RUNTIME_API_EXT","hipGetDevice",2926763,2926763,1258,3618078968521575,3618078968521622
"HIP_RUNTIME_API_EXT","hipGetDevicePropertiesR0600",2926763,2926763,1259,3618078968521917,3618078968522048
"HIP_RUNTIME_API_EXT","hipGetDevice",2926763,2926763,1260,3618078968522479,3618078968522525
"HIP_RUNTIME_API_EXT","hipGetDevicePropertiesR0600",2926763,2926763,1261,3618078968522820,3618078968522933
"HIP_RUNTIME_API_EXT","hipGetDevice",2926763,2926763,1262,3618078968523487,3618078968523537
"HIP_RUNTIME_API_EXT","hipGetDevicePropertiesR0600",2926763,2926763,1263,3618078968524034,3618078968524135
"HIP_RUNTIME_API_EXT","hipExtModuleLaunchKernel",2926763,2926763,1264,3618078968527724,3618078968531311
"HIP_RUNTIME_API_EXT","hipSetDevice",2926763,2926763,1265,3618078968534234,3618078968534303
"HIP_RUNTIME_API_EXT","hipSetDevice",2926763,2926763,1266,3618078968537891,3618078968537957
"HIP_RUNTIME_API_EXT","hipSetDevice",2926763,2926763,1267,3618078968538263,3618078968538312
"HIP_RUNTIME_API_EXT","hipSetDevice",2926763,2926763,1268,3618078968538670,3618078968538719
"HIP_RUNTIME_API_EXT","hipGetDevice",2926763,2926763,1269,3618078968539225,3618078968539283
"HIP_RUNTIME_API_EXT","hipGetDevicePropertiesR0600",2926763,2926763,1270,3618078968539800,3618078968539943
"HIP_RUNTIME_API_EXT","hipGetDevice",2926763,2926763,1271,3618078968540343,3618078968540389
"HIP_RUNTIME_API_EXT","hipGetDevicePropertiesR0600",2926763,2926763,1272,3618078968540691,3618078968540790
"HIP_RUNTIME_API_EXT","hipGetDevice",2926763,2926763,1273,3618078968541275,3618078968541320
"HIP_RUNTIME_API_EXT","hipGetDevicePropertiesR0600",2926763,2926763,1274,3618078968541808,3618078968541920
"HIP_RUNTIME_API_EXT","hipGetDevice",2926763,2926763,1275,3618078968542363,3618078968542410
"HIP_RUNTIME_API_EXT","hipGetDevicePropertiesR0600",2926763,2926763,1276,3618078968542706,3618078968542805
"HIP_RUNTIME_API_EXT","hipExtModuleLaunchKernel",2926763,2926763,1277,3618078968546224,3618078968549750
"HIP_RUNTIME_API_EXT","hipSetDevice",2926763,2926763,1278,3618078968552707,3618078968552778
"HIP_RUNTIME_API_EXT","hipSetDevice",2926763,2926763,1279,3618078968558191,3618078968558248
"HIP_RUNTIME_API_EXT","hipSetDevice",2926763,2926763,1280,3618078968558559,3618078968558610
"HIP_RUNTIME_API_EXT","hipSetDevice",2926763,2926763,1281,3618078968559101,3618078968559153
"HIP_RUNTIME_API_EXT","hipGetDevice",2926763,2926763,1282,3618078968559872,3618078968559936
"HIP_RUNTIME_API_EXT","hipGetDevicePropertiesR0600",2926763,2926763,1283,3618078968560284,3618078968560427
"HIP_RUNTIME_API_EXT","hipGetDevice",2926763,2926763,1284,3618078968560845,3618078968560894
"HIP_RUNTIME_API_EXT","hipGetDevicePropertiesR0600",2926763,2926763,1285,3618078968561189,3618078968561320
"HIP_RUNTIME_API_EXT","hipGetDevice",2926763,2926763,1286,3618078968561967,3618078968562015
"HIP_RUNTIME_API_EXT","hipGetDevicePropertiesR0600",2926763,2926763,1287,3618078968562436,3618078968562553
"HIP_RUNTIME_API_EXT","hipGetDevice",2926763,2926763,1288,3618078968562952,3618078968563001
"HIP_RUNTIME_API_EXT","hipGetDevicePropertiesR0600",2926763,2926763,1289,3618078968563320,3618078968563416
"HIP_RUNTIME_API_EXT","hipExtModuleLaunchKernel",2926763,2926763,1290,3618078968566971,3618078968571320
"HIP_RUNTIME_API_EXT","hipSetDevice",2926763,2926763,1291,3618078968574176,3618078968574243
"HIP_RUNTIME_API_EXT","hipSetDevice",2926763,2926763,1292,3618078968578152,3618078968578212
"HIP_RUNTIME_API_EXT","hipSetDevice",2926763,2926763,1293,3618078968578517,3618078968578570
"HIP_RUNTIME_API_EXT","hipSetDevice",2926763,2926763,1294,3618078968578968,3618078968579021
"HIP_RUNTIME_API_EXT","hipGetDevice",2926763,2926763,1295,3618078968579549,3618078968579603
"HIP_RUNTIME_API_EXT","hipGetDevicePropertiesR0600",2926763,2926763,1296,3618078968579926,3618078968580102
"HIP_RUNTIME_API_EXT","hipGetDevice",2926763,2926763,1297,3618078968580562,3618078968580610
"HIP_RUNTIME_API_EXT","hipGetDevicePropertiesR0600",2926763,2926763,1298,3618078968580914,3618078968581036
"HIP_RUNTIME_API_EXT","hipGetDevice",2926763,2926763,1299,3618078968581500,3618078968581547
"HIP_RUNTIME_API_EXT","hipGetDevicePropertiesR0600",2926763,2926763,1300,3618078968581849,3618078968581961
"HIP_RUNTIME_API_EXT","hipGetDevice",2926763,2926763,1301,3618078968582341,3618078968582390
"HIP_RUNTIME_API_EXT","hipGetDevicePropertiesR0600",2926763,2926763,1302,3618078968582685,3618078968582787
"HIP_RUNTIME_API_EXT","hipExtModuleLaunchKernel",2926763,2926763,1303,3618078968586277,3618078968590050
"HIP_RUNTIME_API_EXT","hipSetDevice",2926763,2926763,1304,3618078968593053,3618078968593119
"HIP_RUNTIME_API_EXT","hipEventRecord",2926763,2926763,1305,3618078968593823,3618078968596530
"HIP_RUNTIME_API_EXT","hipEventQuery",2926763,2926763,1306,3618078968599044,3618078968599375
"HIP_RUNTIME_API_EXT","hipEventSynchronize",2926763,2926789,1307,3618078968944663,3618078968949463
"HIP_RUNTIME_API_EXT","hipEventElapsedTime",2926763,2926789,1308,3618078968960350,3618078968962363
"HIP_RUNTIME_API_EXT","hipSetDevice",2926763,2926763,1309,3618078969215510,3618078969216647
"HIP_RUNTIME_API_EXT","hipEventDestroy",2926763,2926763,1310,3618078969220478,3618078969222697
"HIP_RUNTIME_API_EXT","hipSetDevice",2926763,2926763,1311,3618078969225935,3618078969226008
"HIP_RUNTIME_API_EXT","hipEventDestroy",2926763,2926763,1312,3618078969226537,3618078969226813
"HIP_RUNTIME_API_EXT","hipEventQuery",2926763,2926763,1313,3618078969231876,3618078969233803
"HIP_RUNTIME_API_EXT","hipEventSynchronize",2926763,2926763,1314,3618078969237178,3618078976511319
"HIP_RUNTIME_API_EXT","hipSetDevice",2926763,2926763,1315,3618078981899719,3618078981900442
"HIP_RUNTIME_API_EXT","hipMemcpy",2926763,2926763,1316,3618078981902263,3618078985629718
"HIP_RUNTIME_API_EXT","hipSetDevice",2926763,2926763,1317,3618079327317040,3618079327318056
"HIP_RUNTIME_API_EXT","hipMemcpy",2926763,2926763,1318,3618079327320478,3618079331259011
"HIP_RUNTIME_API_EXT","hipSetDevice",2926763,2926763,1319,3618079688954133,3618079688955155
"HIP_RUNTIME_API_EXT","hipEventDestroy",2926763,2926763,1320,3618079688958028,3618079688960336
"HIP_RUNTIME_API_EXT","hipSetDevice",2926763,2926763,1321,3618079688966178,3618079688966250
"HIP_RUNTIME_API_EXT","hipStreamDestroy",2926763,2926763,1322,3618079688968710,3618079689634554
"HIP_RUNTIME_API_EXT","hipSetDevice",2926763,2926763,1323,3618079689644449,3618079689644637
"HIP_RUNTIME_API_EXT","hipStreamDestroy",2926763,2926763,1324,3618079689645535,3618079690230265
"HIP_RUNTIME_API_EXT","hipSetDevice",2926763,2926763,1325,3618079690243577,3618079690243756
"HIP_RUNTIME_API_EXT","hipFree",2926763,2926763,1326,3618079690245506,3618079690388624
"HIP_RUNTIME_API_EXT","hipSetDevice",2926763,2926763,1327,3618079690392093,3618079690392202
"HIP_RUNTIME_API_EXT","hipFree",2926763,2926763,1328,3618079690392927,3618079690487829
"HIP_RUNTIME_API_EXT","hipSetDevice",2926763,2926763,1329,3618079690489828,3618079690489931
"HIP_RUNTIME_API_EXT","hipFree",2926763,2926763,1330,3618079690490708,3618079690584149
"HIP_RUNTIME_API_EXT","hipSetDevice",2926763,2926763,1331,3618079690585967,3618079690586068
"HIP_RUNTIME_API_EXT","hipFree",2926763,2926763,1332,3618079690586882,3618079690680992
"HIP_RUNTIME_API_EXT","hipFree",2926763,2926763,1333,3618079748693739,3618079748830443
"HIP_RUNTIME_API_EXT","hipModuleUnload",2926763,2926763,1334,3618079748926581,3618079772727202
"HIP_RUNTIME_API_EXT","hipModuleUnload",2926763,2926763,1335,3618079772732720,3618079773884120
"HIP_COMPILER_API_EXT","__hipUnregisterFatBinary",2926763,2926763,1336,3618079774461976,3618079774467710
"HIP_COMPILER_API_EXT","__hipUnregisterFatBinary",2926763,2926763,1337,3618079774469491,3618079774470655
"HIP_COMPILER_API_EXT","__hipUnregisterFatBinary",2926763,2926763,1338,3618079774471482,3618079777099125
