"Kind","Operation","Agent_Id","Allocation_Size","Address","Correlation_Id","Start_Timestamp","End_Timestamp"
"MEMORY_ALLOCATION","MEMORY_ALLOCATION_ALLOCATE","Agent 0",4194304,"0x00007fb663000000",1,3219604193899332,3219604194777454
"MEMORY_ALLOCATION","MEMORY_ALLOCATION_ALLOCATE","Agent 0",56,"0x00007fbec03f4000",1,3219604194868213,3219604194890427
"MEMORY_ALLOCATION","MEMORY_ALLOCATION_ALLOCATE","Agent 3",65536,"0x00007fbe84200000",3,3219604196853962,3219604196890698
"MEMORY_ALLOCATION","MEMORY_ALLOCATION_ALLOCATE","Agent 3",4194304,"0x00007fb64c000000",5,3219604313540132,3219604313581944
"MEMORY_ALLOCATION","MEMORY_ALLOCATION_ALLOCATE","Agent 0",4194304,"0x00007fb64ba00000",5,3219604326606730,3219604327702380
"MEMORY_ALLOCATION","MEMORY_ALLOCATION_ALLOCATE","Agent 3",256,"0x00007fbe84210000",7,3219604384927326,3219604384930872
"MEMORY_ALLOCATION","MEMORY_ALLOCATION_ALLOCATE","Agent 3",16384,"0x00007fbe84211000",11,3219604385003840,3219604385004740
"MEMORY_ALLOCATION","MEMORY_ALLOCATION_ALLOCATE","Agent 3",8192,"0x00007fbe84215000",15,3219604385029932,3219604385030545
"MEMORY_ALLOCATION","MEMORY_ALLOCATION_ALLOCATE","Agent 3",8192,"0x00007fbe84217000",19,3219604385053162,3219604385053531
"MEMORY_ALLOCATION","MEMORY_ALLOCATION_ALLOCATE","Agent 3",16384,"0x00007fbe84219000",23,3219604385075642,3219604385076034
"MEMORY_ALLOCATION","MEMORY_ALLOCATION_ALLOCATE","Agent 3",256,"0x00007fbe8421d000",27,3219604385101073,3219604385101448
"MEMORY_ALLOCATION","MEMORY_ALLOCATION_ALLOCATE","Agent 3",32768,"0x00007fbe8421e000",31,3219604385128869,3219604385129298
"MEMORY_ALLOCATION","MEMORY_ALLOCATION_ALLOCATE","Agent 3",32768,"0x00007fbe84226000",35,3219604385156499,3219604385156876
"MEMORY_ALLOCATION","MEMORY_ALLOCATION_ALLOCATE","Agent 3",32768,"0x00007fbe8422e000",39,3219604385178673,3219604385179056
"MEMORY_ALLOCATION","MEMORY_ALLOCATION_ALLOCATE","Agent 3",256,"0x00007fbe84236000",43,3219604385201161,3219604385201611
"MEMORY_ALLOCATION","MEMORY_ALLOCATION_ALLOCATE","Agent 3",16384,"0x00007fbe84237000",47,3219604385224609,3219604385225009
"MEMORY_ALLOCATION","MEMORY_ALLOCATION_ALLOCATE","Agent 3",8192,"0x00007fbe8423b000",51,3219604385252162,3219604385252530
"MEMORY_ALLOCATION","MEMORY_ALLOCATION_ALLOCATE","Agent 3",8192,"0x00007fbe8423d000",55,3219604385276240,3219604385276643
"MEMORY_ALLOCATION","MEMORY_ALLOCATION_ALLOCATE","Agent 3",16384,"0x00007fbe8423f000",59,3219604385299640,3219604385300240
"MEMORY_ALLOCATION","MEMORY_ALLOCATION_ALLOCATE","Agent 3",256,"0x00007fbe84243000",63,3219604385325162,3219604385325559
"MEMORY_ALLOCATION","MEMORY_ALLOCATION_ALLOCATE","Agent 3",32768,"0x00007fbe84244000",67,3219604385347628,3219604385348036
"MEMORY_ALLOCATION","MEMORY_ALLOCATION_ALLOCATE","Agent 3",32768,"0x00007fbe8424c000",71,3219604385374789,3219604385375116
"MEMORY_ALLOCATION","MEMORY_ALLOCATION_ALLOCATE","Agent 3",32768,"0x00007fbe84254000",75,3219604385397360,3219604385397634
"MEMORY_ALLOCATION","MEMORY_ALLOCATION_ALLOCATE","Agent 3",256,"0x00007fbe8425c000",79,3219604385418431,3219604385418757
"MEMORY_ALLOCATION","MEMORY_ALLOCATION_ALLOCATE","Agent 3",65536,"0x00007fbe8425d000",83,3219604385438255,3219604385438555
"MEMORY_ALLOCATION","MEMORY_ALLOCATION_ALLOCATE","Agent 3",16,"0x00007fbe8426d000",87,3219604385486053,3219604385486415
"MEMORY_ALLOCATION","MEMORY_ALLOCATION_ALLOCATE","Agent 3",1024,"0x00007fbe8426e000",91,3219604385516978,3219604385517539
"MEMORY_ALLOCATION","MEMORY_ALLOCATION_ALLOCATE","Agent 3",1024,"0x00007fbe8426f000",96,3219604393936812,3219604393938575
"MEMORY_ALLOCATION","MEMORY_ALLOCATION_ALLOCATE","Agent 3",1024,"0x00007fbe84270000",101,3219604393957265,3219604393957707
"MEMORY_ALLOCATION","MEMORY_ALLOCATION_ALLOCATE","Agent 3",512,"0x00007fbe84271000",106,3219604393968176,3219604393968635
"MEMORY_ALLOCATION","MEMORY_ALLOCATION_ALLOCATE","Agent 3",512,"0x00007fbe84272000",111,3219604393976360,3219604393976647
"MEMORY_ALLOCATION","MEMORY_ALLOCATION_ALLOCATE","Agent 3",1024,"0x00007fbe84273000",116,3219604393985176,3219604393985509
"MEMORY_ALLOCATION","MEMORY_ALLOCATION_ALLOCATE","Agent 3",512,"0x00007fbe84274000",121,3219604394322761,3219604394323233
"MEMORY_ALLOCATION","MEMORY_ALLOCATION_ALLOCATE","Agent 3",512,"0x00007fbe84275000",126,3219604394343470,3219604394343912
"MEMORY_ALLOCATION","MEMORY_ALLOCATION_ALLOCATE","Agent 3",1024,"0x00007fbe84276000",131,3219604394353294,3219604394353705
"MEMORY_ALLOCATION","MEMORY_ALLOCATION_FREE","",0,"0x00007fbe84273000",136,3219604394409311,3219604394410943
"MEMORY_ALLOCATION","MEMORY_ALLOCATION_ALLOCATE","Agent 3",512,"0x00007fbe84273000",138,3219604394415823,3219604394416105
"MEMORY_ALLOCATION","MEMORY_ALLOCATION_FREE","",0,"0x00007fbe84274000",143,3219604394436013,3219604394436347
"MEMORY_ALLOCATION","MEMORY_ALLOCATION_ALLOCATE","Agent 3",8192,"0x00007fbe84277000",145,3219604394439087,3219604394439491
"MEMORY_ALLOCATION","MEMORY_ALLOCATION_ALLOCATE","Agent 3",8192,"0x00007fbe84279000",151,3219604394457310,3219604394457858
"MEMORY_ALLOCATION","MEMORY_ALLOCATION_ALLOCATE","Agent 3",1024,"0x00007fbe84274000",157,3219604394473024,3219604394473398
"MEMORY_ALLOCATION","MEMORY_ALLOCATION_ALLOCATE","Agent 3",1024,"0x00007fbe8427b000",162,3219604394485409,3219604394485804
"MEMORY_ALLOCATION","MEMORY_ALLOCATION_FREE","",0,"0x00007fbe84274000",167,3219604394507444,3219604394507733
"MEMORY_ALLOCATION","MEMORY_ALLOCATION_ALLOCATE","Agent 3",1024,"0x00007fbe84274000",169,3219604394510174,3219604394510440
"MEMORY_ALLOCATION","MEMORY_ALLOCATION_FREE","",0,"0x00007fbe8427b000",174,3219604394543290,3219604394543879
"MEMORY_ALLOCATION","MEMORY_ALLOCATION_FREE","",0,"0x00007fbe84275000",176,3219604394545748,3219604394545990
"MEMORY_ALLOCATION","MEMORY_ALLOCATION_FREE","",0,"0x00007fbe84273000",178,3219604394547921,3219604394548167
"MEMORY_ALLOCATION","MEMORY_ALLOCATION_FREE","",0,"0x00007fbe84276000",180,3219604394551289,3219604394551747
"MEMORY_ALLOCATION","MEMORY_ALLOCATION_FREE","",0,"0x00007fbe84272000",182,3219604394553510,3219604394553950
"MEMORY_ALLOCATION","MEMORY_ALLOCATION_FREE","",0,"0x00007fbe84271000",184,3219604394555645,3219604394556038
"MEMORY_ALLOCATION","MEMORY_ALLOCATION_FREE","",0,"0x00007fbe84270000",186,3219604394557654,3219604394558017
"MEMORY_ALLOCATION","MEMORY_ALLOCATION_ALLOCATE","Agent 3",1024,"0x00007fbe84275000",188,3219604394561435,3219604394561845
"MEMORY_ALLOCATION","MEMORY_ALLOCATION_FREE","",0,"0x00007fbe84274000",193,3219604394581835,3219604394582200
"MEMORY_ALLOCATION","MEMORY_ALLOCATION_FREE","",0,"0x00007fbe8426f000",195,3219604394584489,3219604394584895
"MEMORY_ALLOCATION","MEMORY_ALLOCATION_ALLOCATE","Agent 3",1024,"0x00007fbe84276000",197,3219604394586841,3219604394587029
"MEMORY_ALLOCATION","MEMORY_ALLOCATION_ALLOCATE","Agent 3",2048,"0x00007fbe8426f000",202,3219604394595966,3219604394596344
"MEMORY_ALLOCATION","MEMORY_ALLOCATION_ALLOCATE","Agent 3",2048,"0x00007fbe84270000",207,3219604394605169,3219604394605557
"MEMORY_ALLOCATION","MEMORY_ALLOCATION_ALLOCATE","Agent 3",2048,"0x00007fbe84271000",212,3219604394614776,3219604394615316
"MEMORY_ALLOCATION","MEMORY_ALLOCATION_FREE","",0,"0x00007fbe84270000",217,3219604394662646,3219604394662991
"MEMORY_ALLOCATION","MEMORY_ALLOCATION_FREE","",0,"0x00007fbe8426f000",219,3219604394665368,3219604394665714
"MEMORY_ALLOCATION","MEMORY_ALLOCATION_ALLOCATE","Agent 3",1024,"0x00007fbe8426f000",221,3219604394667328,3219604394667604
"MEMORY_ALLOCATION","MEMORY_ALLOCATION_FREE","",0,"0x00007fbe84271000",226,3219604394732421,3219604394732871
"MEMORY_ALLOCATION","MEMORY_ALLOCATION_ALLOCATE","Agent 3",1024,"0x00007fbe84270000",228,3219604394734896,3219604394735120
"MEMORY_ALLOCATION","MEMORY_ALLOCATION_FREE","",0,"0x00007fbe8426f000",233,3219604394752047,3219604394752328
"MEMORY_ALLOCATION","MEMORY_ALLOCATION_FREE","",0,"0x00007fbe84276000",235,3219604394755647,3219604394755874
"MEMORY_ALLOCATION","MEMORY_ALLOCATION_FREE","",0,"0x00007fbe84275000",237,3219604394757453,3219604394758008
"MEMORY_ALLOCATION","MEMORY_ALLOCATION_FREE","",0,"0x00007fbe8426e000",239,3219604394759647,3219604394759988
"MEMORY_ALLOCATION","MEMORY_ALLOCATION_ALLOCATE","Agent 3",1024,"0x00007fbe8426e000",241,3219604394761751,3219604394761981
"MEMORY_ALLOCATION","MEMORY_ALLOCATION_ALLOCATE","Agent 3",1024,"0x00007fbe8426f000",246,3219604394769728,3219604394769974
"MEMORY_ALLOCATION","MEMORY_ALLOCATION_ALLOCATE","Agent 3",512,"0x00007fbe84271000",251,3219604394777978,3219604394778290
"MEMORY_ALLOCATION","MEMORY_ALLOCATION_ALLOCATE","Agent 3",512,"0x00007fbe84272000",256,3219604394785493,3219604394785968
"MEMORY_ALLOCATION","MEMORY_ALLOCATION_ALLOCATE","Agent 3",1024,"0x00007fbe84273000",261,3219604394794304,3219604394794616
"MEMORY_ALLOCATION","MEMORY_ALLOCATION_ALLOCATE","Agent 3",512,"0x00007fbe84274000",266,3219604394802991,3219604394803395
"MEMORY_ALLOCATION","MEMORY_ALLOCATION_ALLOCATE","Agent 3",512,"0x00007fbe84275000",271,3219604394809978,3219604394810315
"MEMORY_ALLOCATION","MEMORY_ALLOCATION_ALLOCATE","Agent 3",1024,"0x00007fbe84276000",276,3219604394818561,3219604394818865
"MEMORY_ALLOCATION","MEMORY_ALLOCATION_FREE","",0,"0x00007fbe84273000",281,3219604394853553,3219604394854006
"MEMORY_ALLOCATION","MEMORY_ALLOCATION_ALLOCATE","Agent 3",512,"0x00007fbe84273000",283,3219604394857333,3219604394857482
"MEMORY_ALLOCATION","MEMORY_ALLOCATION_FREE","",0,"0x00007fbe84274000",288,3219604394875307,3219604394875717
"MEMORY_ALLOCATION","MEMORY_ALLOCATION_ALLOCATE","Agent 3",8192,"0x00007fbe8427b000",290,3219604394877868,3219604394878325
"MEMORY_ALLOCATION","MEMORY_ALLOCATION_ALLOCATE","Agent 3",8192,"0x00007fbe8427d000",296,3219604394889534,3219604394889868
"MEMORY_ALLOCATION","MEMORY_ALLOCATION_ALLOCATE","Agent 3",1024,"0x00007fbe84274000",302,3219604394902073,3219604394903473
"MEMORY_ALLOCATION","MEMORY_ALLOCATION_ALLOCATE","Agent 3",1024,"0x00007fbe8427f000",307,3219604394913479,3219604394914002
"MEMORY_ALLOCATION","MEMORY_ALLOCATION_FREE","",0,"0x00007fbe84274000",312,3219604394941559,3219604394941830
"MEMORY_ALLOCATION","MEMORY_ALLOCATION_ALLOCATE","Agent 3",1024,"0x00007fbe84274000",314,3219604394943776,3219604394944002
"MEMORY_ALLOCATION","MEMORY_ALLOCATION_FREE","",0,"0x00007fbe8427f000",319,3219604394975408,3219604394975883
"MEMORY_ALLOCATION","MEMORY_ALLOCATION_FREE","",0,"0x00007fbe84275000",321,3219604394977985,3219604394978286
"MEMORY_ALLOCATION","MEMORY_ALLOCATION_FREE","",0,"0x00007fbe84273000",323,3219604394980007,3219604394980240
"MEMORY_ALLOCATION","MEMORY_ALLOCATION_FREE","",0,"0x00007fbe84276000",325,3219604394981789,3219604394982100
"MEMORY_ALLOCATION","MEMORY_ALLOCATION_FREE","",0,"0x00007fbe84272000",327,3219604394985022,3219604394985456
"MEMORY_ALLOCATION","MEMORY_ALLOCATION_FREE","",0,"0x00007fbe84271000",329,3219604394987253,3219604394987562
"MEMORY_ALLOCATION","MEMORY_ALLOCATION_FREE","",0,"0x00007fbe8426f000",331,3219604394989225,3219604394989519
"MEMORY_ALLOCATION","MEMORY_ALLOCATION_ALLOCATE","Agent 3",1024,"0x00007fbe8426f000",333,3219604394991062,3219604394991285
"MEMORY_ALLOCATION","MEMORY_ALLOCATION_FREE","",0,"0x00007fbe84274000",338,3219604395008625,3219604395009175
"MEMORY_ALLOCATION","MEMORY_ALLOCATION_FREE","",0,"0x00007fbe8426e000",340,3219604395011093,3219604395011372
"MEMORY_ALLOCATION","MEMORY_ALLOCATION_ALLOCATE","Agent 3",1024,"0x00007fbe8426e000",342,3219604395014577,3219604395014779
"MEMORY_ALLOCATION","MEMORY_ALLOCATION_ALLOCATE","Agent 3",2048,"0x00007fbe84271000",347,3219604395022593,3219604395022934
"MEMORY_ALLOCATION","MEMORY_ALLOCATION_ALLOCATE","Agent 3",2048,"0x00007fbe84272000",352,3219604395039942,3219604395040339
"MEMORY_ALLOCATION","MEMORY_ALLOCATION_ALLOCATE","Agent 3",2048,"0x00007fbe84273000",357,3219604395047896,3219604395048181
"MEMORY_ALLOCATION","MEMORY_ALLOCATION_FREE","",0,"0x00007fbe84272000",362,3219604395088697,3219604395088993
"MEMORY_ALLOCATION","MEMORY_ALLOCATION_FREE","",0,"0x00007fbe84271000",364,3219604395090889,3219604395091331
"MEMORY_ALLOCATION","MEMORY_ALLOCATION_ALLOCATE","Agent 3",1024,"0x00007fbe84271000",366,3219604395093016,3219604395093231
"MEMORY_ALLOCATION","MEMORY_ALLOCATION_FREE","",0,"0x00007fbe84273000",371,3219604395154748,3219604395155301
"MEMORY_ALLOCATION","MEMORY_ALLOCATION_ALLOCATE","Agent 3",1024,"0x00007fbe84272000",373,3219604395157324,3219604395157534
"MEMORY_ALLOCATION","MEMORY_ALLOCATION_FREE","",0,"0x00007fbe84271000",378,3219604395176409,3219604395176761
"MEMORY_ALLOCATION","MEMORY_ALLOCATION_FREE","",0,"0x00007fbe8426e000",380,3219604395178685,3219604395178914
"MEMORY_ALLOCATION","MEMORY_ALLOCATION_FREE","",0,"0x00007fbe8426f000",382,3219604395180912,3219604395181283
"MEMORY_ALLOCATION","MEMORY_ALLOCATION_FREE","",0,"0x00007fbe84270000",384,3219604395183534,3219604395184060
"MEMORY_ALLOCATION","MEMORY_ALLOCATION_ALLOCATE","Agent 3",1024,"0x00007fbe84273000",386,3219604395186417,3219604395186637
"MEMORY_ALLOCATION","MEMORY_ALLOCATION_FREE","",0,"0x00007fbe84272000",391,3219604395204343,3219604395204868
"MEMORY_ALLOCATION","MEMORY_ALLOCATION_ALLOCATE","Agent 3",1024,"0x00007fbe84274000",393,3219604395207789,3219604395207999
"MEMORY_ALLOCATION","MEMORY_ALLOCATION_FREE","",0,"0x00007fbe84273000",398,3219604395246147,3219604395246519
"MEMORY_ALLOCATION","MEMORY_ALLOCATION_FREE","",0,"0x00007fbe8426d000",400,3219604395248361,3219604395248725
"MEMORY_ALLOCATION","MEMORY_ALLOCATION_ALLOCATE","Agent 3",16384,"0x00007fbe8426d000",402,3219604395250701,3219604395251043
"MEMORY_ALLOCATION","MEMORY_ALLOCATION_ALLOCATE","Agent 3",16384,"0x00007fbe8427f000",404,3219604395253182,3219604395253545
"MEMORY_ALLOCATION","MEMORY_ALLOCATION_ALLOCATE","Agent 3",16384,"0x00007fbe84283000",414,3219604395276776,3219604395277451
"MEMORY_ALLOCATION","MEMORY_ALLOCATION_ALLOCATE","Agent 3",16384,"0x00007fbe84287000",416,3219604395279276,3219604395279628
"MEMORY_ALLOCATION","MEMORY_ALLOCATION_FREE","",0,"0x00007fbe84279000",426,3219604395320126,3219604395320481
"MEMORY_ALLOCATION","MEMORY_ALLOCATION_FREE","",0,"0x00007fbe84277000",428,3219604395322447,3219604395322855
"MEMORY_ALLOCATION","MEMORY_ALLOCATION_FREE","",0,"0x00007fbe8427d000",430,3219604395324745,3219604395325009
"MEMORY_ALLOCATION","MEMORY_ALLOCATION_FREE","",0,"0x00007fbe8427b000",432,3219604395326934,3219604395327359
"MEMORY_ALLOCATION","MEMORY_ALLOCATION_ALLOCATE","Agent 3",2048,"0x00007fbe84271000",434,3219604395329380,3219604395329696
"MEMORY_ALLOCATION","MEMORY_ALLOCATION_FREE","",0,"0x00007fbe84274000",438,3219604395347444,3219604395347980
"MEMORY_ALLOCATION","MEMORY_ALLOCATION_ALLOCATE","Agent 3",32,"0x00007fbe84272000",440,3219604395351085,3219604395351381
"MEMORY_ALLOCATION","MEMORY_ALLOCATION_ALLOCATE","Agent 3",2048,"0x00007fbe84273000",444,3219604395372815,3219604395373277
"MEMORY_ALLOCATION","MEMORY_ALLOCATION_ALLOCATE","Agent 3",2048,"0x00007fbe84274000",449,3219604395382781,3219604395383148
"MEMORY_ALLOCATION","MEMORY_ALLOCATION_ALLOCATE","Agent 3",2048,"0x00007fbe84275000",454,3219604395390732,3219604395391128
"MEMORY_ALLOCATION","MEMORY_ALLOCATION_ALLOCATE","Agent 3",1024,"0x00007fbe84276000",459,3219604395400255,3219604395400568
"MEMORY_ALLOCATION","MEMORY_ALLOCATION_ALLOCATE","Agent 3",1024,"0x00007fbe84277000",464,3219604395407755,3219604395408274
"MEMORY_ALLOCATION","MEMORY_ALLOCATION_ALLOCATE","Agent 3",2048,"0x00007fbe84278000",469,3219604395416635,3219604395417058
"MEMORY_ALLOCATION","MEMORY_ALLOCATION_ALLOCATE","Agent 3",1024,"0x00007fbe84279000",474,3219604395425651,3219604395426051
"MEMORY_ALLOCATION","MEMORY_ALLOCATION_ALLOCATE","Agent 3",1024,"0x00007fbe8427a000",479,3219604395432658,3219604395432954
"MEMORY_ALLOCATION","MEMORY_ALLOCATION_ALLOCATE","Agent 3",2048,"0x00007fbe8427b000",484,3219604395440563,3219604395440982
"MEMORY_ALLOCATION","MEMORY_ALLOCATION_FREE","",0,"0x00007fbe84278000",489,3219604395475001,3219604395475324
"MEMORY_ALLOCATION","MEMORY_ALLOCATION_ALLOCATE","Agent 3",1024,"0x00007fbe84278000",491,3219604395480117,3219604395480342
"MEMORY_ALLOCATION","MEMORY_ALLOCATION_FREE","",0,"0x00007fbe84279000",496,3219604395498454,3219604395498726
"MEMORY_ALLOCATION","MEMORY_ALLOCATION_ALLOCATE","Agent 3",8192,"0x00007fbe8427c000",498,3219604395500770,3219604395501174
"MEMORY_ALLOCATION","MEMORY_ALLOCATION_ALLOCATE","Agent 3",8192,"0x00007fbe8428b000",504,3219604395522797,3219604395523217
"MEMORY_ALLOCATION","MEMORY_ALLOCATION_ALLOCATE","Agent 3",2048,"0x00007fbe84279000",510,3219604395538204,3219604395538527
"MEMORY_ALLOCATION","MEMORY_ALLOCATION_ALLOCATE","Agent 3",2048,"0x00007fbe8427e000",515,3219604395548124,3219604395548448
"MEMORY_ALLOCATION","MEMORY_ALLOCATION_FREE","",0,"0x00007fbe84279000",520,3219604395566734,3219604395566992
"MEMORY_ALLOCATION","MEMORY_ALLOCATION_ALLOCATE","Agent 3",2048,"0x00007fbe84279000",522,3219604395570486,3219604395570682
"MEMORY_ALLOCATION","MEMORY_ALLOCATION_FREE","",0,"0x00007fbe8427e000",527,3219604395602722,3219604395603013
"MEMORY_ALLOCATION","MEMORY_ALLOCATION_FREE","",0,"0x00007fbe8427a000",529,3219604395604807,3219604395605069
"MEMORY_ALLOCATION","MEMORY_ALLOCATION_FREE","",0,"0x00007fbe84278000",531,3219604395607048,3219604395607272
"MEMORY_ALLOCATION","MEMORY_ALLOCATION_FREE","",0,"0x00007fbe8427b000",533,3219604395609126,3219604395609427
"MEMORY_ALLOCATION","MEMORY_ALLOCATION_FREE","",0,"0x00007fbe84277000",535,3219604395611086,3219604395611399
"MEMORY_ALLOCATION","MEMORY_ALLOCATION_FREE","",0,"0x00007fbe84276000",537,3219604395613029,3219604395613343
"MEMORY_ALLOCATION","MEMORY_ALLOCATION_FREE","",0,"0x00007fbe84275000",539,3219604395616334,3219604395616637
"MEMORY_ALLOCATION","MEMORY_ALLOCATION_ALLOCATE","Agent 3",2048,"0x00007fbe8427e000",541,3219604395618766,3219604395619076
"MEMORY_ALLOCATION","MEMORY_ALLOCATION_FREE","",0,"0x00007fbe84279000",546,3219604395636880,3219604395637344
"MEMORY_ALLOCATION","MEMORY_ALLOCATION_FREE","",0,"0x00007fbe84274000",548,3219604395639122,3219604395639409
"MEMORY_ALLOCATION","MEMORY_ALLOCATION_ALLOCATE","Agent 3",2048,"0x00007fbe84274000",550,3219604395641137,3219604395641413
"MEMORY_ALLOCATION","MEMORY_ALLOCATION_ALLOCATE","Agent 3",4096,"0x00007fbe84275000",555,3219604395648985,3219604395649328
"MEMORY_ALLOCATION","MEMORY_ALLOCATION_ALLOCATE","Agent 3",4096,"0x00007fbe84276000",560,3219604395656793,3219604395657200
"MEMORY_ALLOCATION","MEMORY_ALLOCATION_ALLOCATE","Agent 3",4096,"0x00007fbe84277000",565,3219604395666069,3219604395666402
"MEMORY_ALLOCATION","MEMORY_ALLOCATION_FREE","",0,"0x00007fbe84276000",570,3219604395701445,3219604395701754
"MEMORY_ALLOCATION","MEMORY_ALLOCATION_FREE","",0,"0x00007fbe84275000",572,3219604395703658,3219604395703934
"MEMORY_ALLOCATION","MEMORY_ALLOCATION_ALLOCATE","Agent 3",2048,"0x00007fbe84275000",574,3219604395705724,3219604395706049
"MEMORY_ALLOCATION","MEMORY_ALLOCATION_FREE","",0,"0x00007fbe84277000",579,3219604395753679,3219604395754144
"MEMORY_ALLOCATION","MEMORY_ALLOCATION_ALLOCATE","Agent 3",2048,"0x00007fbe84276000",581,3219604395755973,3219604395756180
"MEMORY_ALLOCATION","MEMORY_ALLOCATION_FREE","",0,"0x00007fbe84275000",586,3219604395772761,3219604395773044
"MEMORY_ALLOCATION","MEMORY_ALLOCATION_FREE","",0,"0x00007fbe84274000",588,3219604395775225,3219604395775604
"MEMORY_ALLOCATION","MEMORY_ALLOCATION_FREE","",0,"0x00007fbe8427e000",590,3219604395777321,3219604395777702
"MEMORY_ALLOCATION","MEMORY_ALLOCATION_FREE","",0,"0x00007fbe84273000",592,3219604395780131,3219604395780537
"MEMORY_ALLOCATION","MEMORY_ALLOCATION_ALLOCATE","Agent 3",2048,"0x00007fbe8427e000",594,3219604395782674,3219604395782898
"MEMORY_ALLOCATION","MEMORY_ALLOCATION_ALLOCATE","Agent 3",2048,"0x00007fbe84273000",599,3219604395801869,3219604395802284
"MEMORY_ALLOCATION","MEMORY_ALLOCATION_ALLOCATE","Agent 3",1024,"0x00007fbe84274000",604,3219604395819060,3219604395819524
"MEMORY_ALLOCATION","MEMORY_ALLOCATION_ALLOCATE","Agent 3",1024,"0x00007fbe84275000",609,3219604395832631,3219604395833007
"MEMORY_ALLOCATION","MEMORY_ALLOCATION_ALLOCATE","Agent 3",2048,"0x00007fbe84277000",614,3219604395841254,3219604395841560
"MEMORY_ALLOCATION","MEMORY_ALLOCATION_ALLOCATE","Agent 3",1024,"0x00007fbe84278000",619,3219604395850253,3219604395850635
"MEMORY_ALLOCATION","MEMORY_ALLOCATION_ALLOCATE","Agent 3",1024,"0x00007fbe84279000",624,3219604395859216,3219604395859606
"MEMORY_ALLOCATION","MEMORY_ALLOCATION_ALLOCATE","Agent 3",2048,"0x00007fbe8427a000",629,3219604395873217,3219604395873601
"MEMORY_ALLOCATION","MEMORY_ALLOCATION_FREE","",0,"0x00007fbe84277000",634,3219604395899676,3219604395899994
"MEMORY_ALLOCATION","MEMORY_ALLOCATION_ALLOCATE","Agent 3",1024,"0x00007fbe8427b000",636,3219604395903152,3219604395903576
"MEMORY_ALLOCATION","MEMORY_ALLOCATION_FREE","",0,"0x00007fbe84278000",641,3219604395921381,3219604395921734
"MEMORY_ALLOCATION","MEMORY_ALLOCATION_ALLOCATE","Agent 3",8192,"0x00007fbe84277000",643,3219604395923867,3219604395924076
"MEMORY_ALLOCATION","MEMORY_ALLOCATION_ALLOCATE","Agent 3",8192,"0x00007fbe8428d000",649,3219604395935928,3219604395936566
"MEMORY_ALLOCATION","MEMORY_ALLOCATION_ALLOCATE","Agent 3",2048,"0x00007fbe8428f000",655,3219604395951655,3219604395951934
"MEMORY_ALLOCATION","MEMORY_ALLOCATION_ALLOCATE","Agent 3",2048,"0x00007fbe84290000",660,3219604395962636,3219604395963014
"MEMORY_ALLOCATION","MEMORY_ALLOCATION_FREE","",0,"0x00007fbe8428f000",665,3219604395981149,3219604395981387
"MEMORY_ALLOCATION","MEMORY_ALLOCATION_ALLOCATE","Agent 3",2048,"0x00007fbe8428f000",667,3219604395983156,3219604395983335
"MEMORY_ALLOCATION","MEMORY_ALLOCATION_FREE","",0,"0x00007fbe84290000",672,3219604396020485,3219604396020984
"MEMORY_ALLOCATION","MEMORY_ALLOCATION_FREE","",0,"0x00007fbe84279000",674,3219604396023067,3219604396023329
"MEMORY_ALLOCATION","MEMORY_ALLOCATION_FREE","",0,"0x00007fbe8427b000",676,3219604396024942,3219604396025195
"MEMORY_ALLOCATION","MEMORY_ALLOCATION_FREE","",0,"0x00007fbe8427a000",678,3219604396029031,3219604396029449
"MEMORY_ALLOCATION","MEMORY_ALLOCATION_FREE","",0,"0x00007fbe84275000",680,3219604396031086,3219604396031302
"MEMORY_ALLOCATION","MEMORY_ALLOCATION_FREE","",0,"0x00007fbe84274000",682,3219604396032879,3219604396033145
"MEMORY_ALLOCATION","MEMORY_ALLOCATION_FREE","",0,"0x00007fbe84273000",684,3219604396036562,3219604396037011
"MEMORY_ALLOCATION","MEMORY_ALLOCATION_ALLOCATE","Agent 3",2048,"0x00007fbe84279000",686,3219604396038695,3219604396039005
"MEMORY_ALLOCATION","MEMORY_ALLOCATION_FREE","",0,"0x00007fbe8428f000",691,3219604396057105,3219604396057514
"MEMORY_ALLOCATION","MEMORY_ALLOCATION_FREE","",0,"0x00007fbe8427e000",693,3219604396059465,3219604396059752
"MEMORY_ALLOCATION","MEMORY_ALLOCATION_ALLOCATE","Agent 3",2048,"0x00007fbe8427e000",695,3219604396061472,3219604396061685
"MEMORY_ALLOCATION","MEMORY_ALLOCATION_ALLOCATE","Agent 3",4096,"0x00007fbe8427a000",700,3219604396068981,3219604396069314
"MEMORY_ALLOCATION","MEMORY_ALLOCATION_ALLOCATE","Agent 3",4096,"0x00007fbe8427b000",705,3219604396081936,3219604396082215
"MEMORY_ALLOCATION","MEMORY_ALLOCATION_ALLOCATE","Agent 3",4096,"0x00007fbe84273000",710,3219604396102395,3219604396102874
"MEMORY_ALLOCATION","MEMORY_ALLOCATION_FREE","",0,"0x00007fbe8427b000",715,3219604396129588,3219604396130154
"MEMORY_ALLOCATION","MEMORY_ALLOCATION_FREE","",0,"0x00007fbe8427a000",717,3219604396132268,3219604396132615
"MEMORY_ALLOCATION","MEMORY_ALLOCATION_ALLOCATE","Agent 3",2048,"0x00007fbe84274000",719,3219604396135561,3219604396136045
"MEMORY_ALLOCATION","MEMORY_ALLOCATION_FREE","",0,"0x00007fbe84273000",724,3219604396195154,3219604396195512
"MEMORY_ALLOCATION","MEMORY_ALLOCATION_ALLOCATE","Agent 3",2048,"0x00007fbe84275000",726,3219604396197551,3219604396197791
"MEMORY_ALLOCATION","MEMORY_ALLOCATION_FREE","",0,"0x00007fbe84274000",731,3219604396217651,3219604396218103
"MEMORY_ALLOCATION","MEMORY_ALLOCATION_FREE","",0,"0x00007fbe8427e000",733,3219604396220337,3219604396220529
"MEMORY_ALLOCATION","MEMORY_ALLOCATION_FREE","",0,"0x00007fbe84279000",735,3219604396222216,3219604396222604
"MEMORY_ALLOCATION","MEMORY_ALLOCATION_FREE","",0,"0x00007fbe84276000",737,3219604396224491,3219604396224724
"MEMORY_ALLOCATION","MEMORY_ALLOCATION_ALLOCATE","Agent 3",2048,"0x00007fbe8427e000",739,3219604396226441,3219604396226607
"MEMORY_ALLOCATION","MEMORY_ALLOCATION_FREE","",0,"0x00007fbe84275000",744,3219604396244033,3219604396244527
"MEMORY_ALLOCATION","MEMORY_ALLOCATION_ALLOCATE","Agent 3",1024,"0x00007fbe84279000",746,3219604396247113,3219604396247400
"MEMORY_ALLOCATION","MEMORY_ALLOCATION_FREE","",0,"0x00007fbe8427e000",751,3219604396271958,3219604396272205
"MEMORY_ALLOCATION","MEMORY_ALLOCATION_FREE","",0,"0x00007fbe84272000",753,3219604396274305,3219604396274835
"MEMORY_ALLOCATION","MEMORY_ALLOCATION_FREE","",0,"0x00007fbe8428b000",771,3219604396370425,3219604396371122
"MEMORY_ALLOCATION","MEMORY_ALLOCATION_FREE","",0,"0x00007fbe8427c000",773,3219604396372884,3219604396373391
"MEMORY_ALLOCATION","MEMORY_ALLOCATION_FREE","",0,"0x00007fbe8428d000",775,3219604396375438,3219604396375894
"MEMORY_ALLOCATION","MEMORY_ALLOCATION_FREE","",0,"0x00007fbe84277000",777,3219604396377765,3219604396378205
"MEMORY_ALLOCATION","MEMORY_ALLOCATION_FREE","",0,"0x00007fbe84279000",781,3219604396396238,3219604396396710
"MEMORY_ALLOCATION","MEMORY_ALLOCATION_ALLOCATE","Agent 3",8,"0x00007fbe84272000",783,3219604396400039,3219604396400315
"MEMORY_ALLOCATION","MEMORY_ALLOCATION_FREE","",0,"0x00007fbe84272000",790,3219604396439620,3219604396440085
"MEMORY_ALLOCATION","MEMORY_ALLOCATION_ALLOCATE","Agent 3",8,"0x00007fbe84272000",792,3219604396444795,3219604396444985
"MEMORY_ALLOCATION","MEMORY_ALLOCATION_ALLOCATE","Agent 3",8,"0x00007fbe84273000",796,3219604396465589,3219604396465941
"MEMORY_ALLOCATION","MEMORY_ALLOCATION_ALLOCATE","Agent 3",8,"0x00007fbe84274000",800,3219604396486532,3219604396486917
"MEMORY_ALLOCATION","MEMORY_ALLOCATION_ALLOCATE","Agent 3",512,"0x00007fbe84275000",804,3219604396508007,3219604396508467
"MEMORY_ALLOCATION","MEMORY_ALLOCATION_ALLOCATE","Agent 3",512,"0x00007fbe84276000",809,3219604396516651,3219604396516937
"MEMORY_ALLOCATION","MEMORY_ALLOCATION_ALLOCATE","Agent 3",512,"0x00007fbe84277000",814,3219604396526441,3219604396526932
"MEMORY_ALLOCATION","MEMORY_ALLOCATION_ALLOCATE","Agent 3",256,"0x00007fbe84278000",819,3219604396535368,3219604396535770
"MEMORY_ALLOCATION","MEMORY_ALLOCATION_ALLOCATE","Agent 3",256,"0x00007fbe84279000",824,3219604396542804,3219604396543123
"MEMORY_ALLOCATION","MEMORY_ALLOCATION_ALLOCATE","Agent 3",512,"0x00007fbe8427a000",829,3219604396551767,3219604396552066
"MEMORY_ALLOCATION","MEMORY_ALLOCATION_ALLOCATE","Agent 3",256,"0x00007fbe8427b000",834,3219604396561147,3219604396561556
"MEMORY_ALLOCATION","MEMORY_ALLOCATION_ALLOCATE","Agent 3",512,"0x00007fbe8427c000",842,3219604396579977,3219604396580322
"MEMORY_ALLOCATION","MEMORY_ALLOCATION_ALLOCATE","Agent 3",512,"0x00007fbe8427d000",847,3219604396589859,3219604396590309
"MEMORY_ALLOCATION","MEMORY_ALLOCATION_FREE","",0,"0x00007fbe8427c000",852,3219604396618947,3219604396619305
"MEMORY_ALLOCATION","MEMORY_ALLOCATION_FREE","",0,"0x00007fbe8427b000",854,3219604396621417,3219604396621724
"MEMORY_ALLOCATION","MEMORY_ALLOCATION_FREE","",0,"0x00007fbe8427a000",856,3219604396623943,3219604396624283
"MEMORY_ALLOCATION","MEMORY_ALLOCATION_FREE","",0,"0x00007fbe84279000",858,3219604396625941,3219604396626365
"MEMORY_ALLOCATION","MEMORY_ALLOCATION_FREE","",0,"0x00007fbe84278000",860,3219604396627899,3219604396628156
"MEMORY_ALLOCATION","MEMORY_ALLOCATION_FREE","",0,"0x00007fbe84277000",862,3219604396631629,3219604396631932
"MEMORY_ALLOCATION","MEMORY_ALLOCATION_FREE","",0,"0x00007fbe84276000",864,3219604396633746,3219604396633989
"MEMORY_ALLOCATION","MEMORY_ALLOCATION_ALLOCATE","Agent 3",512,"0x00007fbe8427e000",866,3219604396635642,3219604396635839
"MEMORY_ALLOCATION","MEMORY_ALLOCATION_ALLOCATE","Agent 3",512,"0x00007fbe84276000",868,3219604396638749,3219604396638990
"MEMORY_ALLOCATION","MEMORY_ALLOCATION_ALLOCATE","Agent 3",1024,"0x00007fbe84277000",873,3219604396657255,3219604396657587
"MEMORY_ALLOCATION","MEMORY_ALLOCATION_ALLOCATE","Agent 3",1024,"0x00007fbe84278000",878,3219604396665931,3219604396666329
"MEMORY_ALLOCATION","MEMORY_ALLOCATION_ALLOCATE","Agent 3",1024,"0x00007fbe84279000",883,3219604396673607,3219604396674208
"MEMORY_ALLOCATION","MEMORY_ALLOCATION_FREE","",0,"0x00007fbe84278000",888,3219604396705155,3219604396705643
"MEMORY_ALLOCATION","MEMORY_ALLOCATION_FREE","",0,"0x00007fbe84277000",890,3219604396707627,3219604396707932
"MEMORY_ALLOCATION","MEMORY_ALLOCATION_ALLOCATE","Agent 3",512,"0x00007fbe84277000",892,3219604396709680,3219604396709868
"MEMORY_ALLOCATION","MEMORY_ALLOCATION_FREE","",0,"0x00007fbe84279000",897,3219604396744438,3219604396744873
"MEMORY_ALLOCATION","MEMORY_ALLOCATION_ALLOCATE","Agent 3",512,"0x00007fbe84278000",899,3219604396747002,3219604396747238
"MEMORY_ALLOCATION","MEMORY_ALLOCATION_FREE","",0,"0x00007fbe84277000",904,3219604396764773,3219604396765022
"MEMORY_ALLOCATION","MEMORY_ALLOCATION_FREE","",0,"0x00007fbe84276000",906,3219604396767034,3219604396767325
"MEMORY_ALLOCATION","MEMORY_ALLOCATION_FREE","",0,"0x00007fbe8427e000",908,3219604396768844,3219604396769112
"MEMORY_ALLOCATION","MEMORY_ALLOCATION_FREE","",0,"0x00007fbe8427d000",910,3219604396770657,3219604396771135
"MEMORY_ALLOCATION","MEMORY_ALLOCATION_FREE","",0,"0x00007fbe84275000",912,3219604396772815,3219604396773219
"MEMORY_ALLOCATION","MEMORY_ALLOCATION_ALLOCATE","Agent 3",512,"0x00007fbe84275000",914,3219604396775050,3219604396775273
"MEMORY_ALLOCATION","MEMORY_ALLOCATION_ALLOCATE","Agent 3",512,"0x00007fbe84276000",919,3219604396782877,3219604396783158
"MEMORY_ALLOCATION","MEMORY_ALLOCATION_ALLOCATE","Agent 3",256,"0x00007fbe84277000",924,3219604396790537,3219604396790761
"MEMORY_ALLOCATION","MEMORY_ALLOCATION_ALLOCATE","Agent 3",256,"0x00007fbe84279000",929,3219604396798044,3219604396798507
"MEMORY_ALLOCATION","MEMORY_ALLOCATION_ALLOCATE","Agent 3",512,"0x00007fbe8427a000",934,3219604396807737,3219604396808121
"MEMORY_ALLOCATION","MEMORY_ALLOCATION_ALLOCATE","Agent 3",256,"0x00007fbe8427b000",939,3219604396816117,3219604396816502
"MEMORY_ALLOCATION","MEMORY_ALLOCATION_ALLOCATE","Agent 3",512,"0x00007fbe8427c000",947,3219604396832812,3219604396833272
"MEMORY_ALLOCATION","MEMORY_ALLOCATION_ALLOCATE","Agent 3",512,"0x00007fbe8427d000",952,3219604396843185,3219604396843583
"MEMORY_ALLOCATION","MEMORY_ALLOCATION_FREE","",0,"0x00007fbe8427c000",957,3219604396870777,3219604396871117
"MEMORY_ALLOCATION","MEMORY_ALLOCATION_FREE","",0,"0x00007fbe8427b000",959,3219604396873226,3219604396873511
"MEMORY_ALLOCATION","MEMORY_ALLOCATION_FREE","",0,"0x00007fbe8427a000",961,3219604396876805,3219604396877119
"MEMORY_ALLOCATION","MEMORY_ALLOCATION_FREE","",0,"0x00007fbe84279000",963,3219604396878666,3219604396878983
"MEMORY_ALLOCATION","MEMORY_ALLOCATION_FREE","",0,"0x00007fbe84277000",965,3219604396880530,3219604396880773
"MEMORY_ALLOCATION","MEMORY_ALLOCATION_FREE","",0,"0x00007fbe84276000",967,3219604396882419,3219604396882715
"MEMORY_ALLOCATION","MEMORY_ALLOCATION_FREE","",0,"0x00007fbe84275000",969,3219604396884471,3219604396884757
"MEMORY_ALLOCATION","MEMORY_ALLOCATION_ALLOCATE","Agent 3",512,"0x00007fbe8427e000",971,3219604396886293,3219604396886496
"MEMORY_ALLOCATION","MEMORY_ALLOCATION_ALLOCATE","Agent 3",512,"0x00007fbe84275000",973,3219604396888340,3219604396888549
"MEMORY_ALLOCATION","MEMORY_ALLOCATION_ALLOCATE","Agent 3",1024,"0x00007fbe84276000",978,3219604396896904,3219604396897178
"MEMORY_ALLOCATION","MEMORY_ALLOCATION_ALLOCATE","Agent 3",1024,"0x00007fbe84277000",983,3219604396905767,3219604396906156
"MEMORY_ALLOCATION","MEMORY_ALLOCATION_ALLOCATE","Agent 3",1024,"0x00007fbe84279000",988,3219604396914433,3219604396914797
"MEMORY_ALLOCATION","MEMORY_ALLOCATION_FREE","",0,"0x00007fbe84277000",993,3219604396934780,3219604396935106
"MEMORY_ALLOCATION","MEMORY_ALLOCATION_FREE","",0,"0x00007fbe84276000",995,3219604396936947,3219604396937193
"MEMORY_ALLOCATION","MEMORY_ALLOCATION_ALLOCATE","Agent 3",512,"0x00007fbe84276000",997,3219604396938673,3219604396938853
"MEMORY_ALLOCATION","MEMORY_ALLOCATION_FREE","",0,"0x00007fbe84279000",1002,3219604396969437,3219604396969715
"MEMORY_ALLOCATION","MEMORY_ALLOCATION_ALLOCATE","Agent 3",512,"0x00007fbe84277000",1004,3219604396971773,3219604396971954
"MEMORY_ALLOCATION","MEMORY_ALLOCATION_FREE","",0,"0x00007fbe84276000",1009,3219604396989157,3219604396989379
"MEMORY_ALLOCATION","MEMORY_ALLOCATION_FREE","",0,"0x00007fbe84275000",1011,3219604396990916,3219604396991181
"MEMORY_ALLOCATION","MEMORY_ALLOCATION_FREE","",0,"0x00007fbe8427e000",1013,3219604396992841,3219604396993039
"MEMORY_ALLOCATION","MEMORY_ALLOCATION_FREE","",0,"0x00007fbe8427d000",1015,3219604396994623,3219604396995033
"MEMORY_ALLOCATION","MEMORY_ALLOCATION_FREE","",0,"0x00007fbe84278000",1017,3219604396996675,3219604396997019
"MEMORY_ALLOCATION","MEMORY_ALLOCATION_ALLOCATE","Agent 3",512,"0x00007fbe84275000",1019,3219604397000249,3219604397000481
"MEMORY_ALLOCATION","MEMORY_ALLOCATION_FREE","",0,"0x00007fbe84277000",1024,3219604397018097,3219604397018539
"MEMORY_ALLOCATION","MEMORY_ALLOCATION_ALLOCATE","Agent 3",2048,"0x00007fbe84276000",1026,3219604397020973,3219604397021197
"MEMORY_ALLOCATION","MEMORY_ALLOCATION_FREE","",0,"0x00007fbe84275000",1031,3219604397053038,3219604397053305
"MEMORY_ALLOCATION","MEMORY_ALLOCATION_FREE","",0,"0x00007fbe84274000",1033,3219604397055347,3219604397055572
"MEMORY_ALLOCATION","MEMORY_ALLOCATION_FREE","",0,"0x00007fbe84273000",1035,3219604397057284,3219604397057582
"MEMORY_ALLOCATION","MEMORY_ALLOCATION_FREE","",0,"0x00007fbe84272000",1037,3219604397059469,3219604397059927
"MEMORY_ALLOCATION","MEMORY_ALLOCATION_FREE","",0,"0x00007fbe84276000",1043,3219604397081964,3219604397082538
"MEMORY_ALLOCATION","MEMORY_ALLOCATION_ALLOCATE","Agent 3",8,"0x00007fbe84272000",1045,3219604397085096,3219604397085337
"MEMORY_ALLOCATION","MEMORY_ALLOCATION_FREE","",0,"0x00007fbe84272000",1052,3219604397127318,3219604397127671
"MEMORY_ALLOCATION","MEMORY_ALLOCATION_ALLOCATE","Agent 3",8,"0x00007fbe84272000",1054,3219604397131841,3219604397132064
"MEMORY_ALLOCATION","MEMORY_ALLOCATION_ALLOCATE","Agent 3",8,"0x00007fbe84273000",1058,3219604397181923,3219604397182631
"MEMORY_ALLOCATION","MEMORY_ALLOCATION_ALLOCATE","Agent 3",8,"0x00007fbe84274000",1062,3219604397213167,3219604397213657
"MEMORY_ALLOCATION","MEMORY_ALLOCATION_ALLOCATE","Agent 3",512,"0x00007fbe84275000",1066,3219604397234959,3219604397235481
"MEMORY_ALLOCATION","MEMORY_ALLOCATION_ALLOCATE","Agent 3",512,"0x00007fbe84276000",1071,3219604397243492,3219604397243863
"MEMORY_ALLOCATION","MEMORY_ALLOCATION_ALLOCATE","Agent 3",512,"0x00007fbe84277000",1076,3219604397261366,3219604397261882
"MEMORY_ALLOCATION","MEMORY_ALLOCATION_ALLOCATE","Agent 3",256,"0x00007fbe84278000",1081,3219604397269397,3219604397269844
"MEMORY_ALLOCATION","MEMORY_ALLOCATION_ALLOCATE","Agent 3",256,"0x00007fbe84279000",1086,3219604397277514,3219604397277929
"MEMORY_ALLOCATION","MEMORY_ALLOCATION_ALLOCATE","Agent 3",512,"0x00007fbe8427a000",1091,3219604397286776,3219604397287074
"MEMORY_ALLOCATION","MEMORY_ALLOCATION_ALLOCATE","Agent 3",256,"0x00007fbe8427b000",1096,3219604397294574,3219604397294962
"MEMORY_ALLOCATION","MEMORY_ALLOCATION_ALLOCATE","Agent 3",512,"0x00007fbe8427c000",1104,3219604397311093,3219604397311464
"MEMORY_ALLOCATION","MEMORY_ALLOCATION_ALLOCATE","Agent 3",512,"0x00007fbe8427d000",1109,3219604397320100,3219604397320423
"MEMORY_ALLOCATION","MEMORY_ALLOCATION_FREE","",0,"0x00007fbe8427c000",1114,3219604397348642,3219604397349139
"MEMORY_ALLOCATION","MEMORY_ALLOCATION_FREE","",0,"0x00007fbe8427b000",1116,3219604397351389,3219604397351694
"MEMORY_ALLOCATION","MEMORY_ALLOCATION_FREE","",0,"0x00007fbe8427a000",1118,3219604397353299,3219604397353548
"MEMORY_ALLOCATION","MEMORY_ALLOCATION_FREE","",0,"0x00007fbe84279000",1120,3219604397355269,3219604397355588
"MEMORY_ALLOCATION","MEMORY_ALLOCATION_FREE","",0,"0x00007fbe84278000",1122,3219604397357353,3219604397357638
"MEMORY_ALLOCATION","MEMORY_ALLOCATION_FREE","",0,"0x00007fbe84277000",1124,3219604397359224,3219604397359471
"MEMORY_ALLOCATION","MEMORY_ALLOCATION_FREE","",0,"0x00007fbe84276000",1126,3219604397361148,3219604397361403
"MEMORY_ALLOCATION","MEMORY_ALLOCATION_ALLOCATE","Agent 3",512,"0x00007fbe8427e000",1128,3219604397363015,3219604397363193
"MEMORY_ALLOCATION","MEMORY_ALLOCATION_ALLOCATE","Agent 3",512,"0x00007fbe84276000",1130,3219604397366456,3219604397366688
"MEMORY_ALLOCATION","MEMORY_ALLOCATION_ALLOCATE","Agent 3",1024,"0x00007fbe84277000",1135,3219604397374039,3219604397374284
"MEMORY_ALLOCATION","MEMORY_ALLOCATION_ALLOCATE","Agent 3",1024,"0x00007fbe84278000",1140,3219604397383279,3219604397383719
"MEMORY_ALLOCATION","MEMORY_ALLOCATION_ALLOCATE","Agent 3",1024,"0x00007fbe84279000",1145,3219604397391000,3219604397391282
"MEMORY_ALLOCATION","MEMORY_ALLOCATION_FREE","",0,"0x00007fbe84278000",1150,3219604397411846,3219604397412088
"MEMORY_ALLOCATION","MEMORY_ALLOCATION_FREE","",0,"0x00007fbe84277000",1152,3219604397413882,3219604397414116
"MEMORY_ALLOCATION","MEMORY_ALLOCATION_ALLOCATE","Agent 3",512,"0x00007fbe84277000",1154,3219604397416001,3219604397416191
"MEMORY_ALLOCATION","MEMORY_ALLOCATION_FREE","",0,"0x00007fbe84279000",1159,3219604397447106,3219604397447525
"MEMORY_ALLOCATION","MEMORY_ALLOCATION_ALLOCATE","Agent 3",512,"0x00007fbe84278000",1161,3219604397449420,3219604397449660
"MEMORY_ALLOCATION","MEMORY_ALLOCATION_FREE","",0,"0x00007fbe84277000",1166,3219604397466853,3219604397467103
"MEMORY_ALLOCATION","MEMORY_ALLOCATION_FREE","",0,"0x00007fbe84276000",1168,3219604397469014,3219604397469239
"MEMORY_ALLOCATION","MEMORY_ALLOCATION_FREE","",0,"0x00007fbe8427e000",1170,3219604397470745,3219604397470968
"MEMORY_ALLOCATION","MEMORY_ALLOCATION_FREE","",0,"0x00007fbe8427d000",1172,3219604397472447,3219604397472838
"MEMORY_ALLOCATION","MEMORY_ALLOCATION_FREE","",0,"0x00007fbe84275000",1174,3219604397474568,3219604397474943
"MEMORY_ALLOCATION","MEMORY_ALLOCATION_ALLOCATE","Agent 3",512,"0x00007fbe84275000",1176,3219604397476480,3219604397476718
"MEMORY_ALLOCATION","MEMORY_ALLOCATION_ALLOCATE","Agent 3",512,"0x00007fbe84276000",1181,3219604397484413,3219604397484656
"MEMORY_ALLOCATION","MEMORY_ALLOCATION_ALLOCATE","Agent 3",256,"0x00007fbe84277000",1186,3219604397492798,3219604397493067
"MEMORY_ALLOCATION","MEMORY_ALLOCATION_ALLOCATE","Agent 3",256,"0x00007fbe84279000",1191,3219604397500591,3219604397501030
"MEMORY_ALLOCATION","MEMORY_ALLOCATION_ALLOCATE","Agent 3",512,"0x00007fbe8427a000",1196,3219604397509455,3219604397509761
"MEMORY_ALLOCATION","MEMORY_ALLOCATION_ALLOCATE","Agent 3",256,"0x00007fbe8427b000",1201,3219604397517094,3219604397517410
"MEMORY_ALLOCATION","MEMORY_ALLOCATION_ALLOCATE","Agent 3",512,"0x00007fbe8427c000",1209,3219604397531227,3219604397532927
"MEMORY_ALLOCATION","MEMORY_ALLOCATION_ALLOCATE","Agent 3",512,"0x00007fbe8427d000",1214,3219604397540651,3219604397540971
"MEMORY_ALLOCATION","MEMORY_ALLOCATION_FREE","",0,"0x00007fbe8427c000",1219,3219604397567923,3219604397568173
"MEMORY_ALLOCATION","MEMORY_ALLOCATION_FREE","",0,"0x00007fbe8427b000",1221,3219604397570101,3219604397570339
"MEMORY_ALLOCATION","MEMORY_ALLOCATION_FREE","",0,"0x00007fbe8427a000",1223,3219604397572202,3219604397572459
"MEMORY_ALLOCATION","MEMORY_ALLOCATION_FREE","",0,"0x00007fbe84279000",1225,3219604397573995,3219604397574209
"MEMORY_ALLOCATION","MEMORY_ALLOCATION_FREE","",0,"0x00007fbe84277000",1227,3219604397575784,3219604397576006
"MEMORY_ALLOCATION","MEMORY_ALLOCATION_FREE","",0,"0x00007fbe84276000",1229,3219604397577694,3219604397577979
"MEMORY_ALLOCATION","MEMORY_ALLOCATION_FREE","",0,"0x00007fbe84275000",1231,3219604397579693,3219604397579920
"MEMORY_ALLOCATION","MEMORY_ALLOCATION_ALLOCATE","Agent 3",512,"0x00007fbe8427e000",1233,3219604397581464,3219604397581668
"MEMORY_ALLOCATION","MEMORY_ALLOCATION_ALLOCATE","Agent 3",512,"0x00007fbe84275000",1235,3219604397584697,3219604397584936
"MEMORY_ALLOCATION","MEMORY_ALLOCATION_ALLOCATE","Agent 3",1024,"0x00007fbe84276000",1240,3219604397593531,3219604397593861
"MEMORY_ALLOCATION","MEMORY_ALLOCATION_ALLOCATE","Agent 3",1024,"0x00007fbe84277000",1245,3219604397601513,3219604397601886
"MEMORY_ALLOCATION","MEMORY_ALLOCATION_ALLOCATE","Agent 3",1024,"0x00007fbe84279000",1250,3219604397609811,3219604397610326
"MEMORY_ALLOCATION","MEMORY_ALLOCATION_FREE","",0,"0x00007fbe84277000",1255,3219604397630773,3219604397631199
"MEMORY_ALLOCATION","MEMORY_ALLOCATION_FREE","",0,"0x00007fbe84276000",1257,3219604397633091,3219604397633311
"MEMORY_ALLOCATION","MEMORY_ALLOCATION_ALLOCATE","Agent 3",512,"0x00007fbe84276000",1259,3219604397634954,3219604397635153
"MEMORY_ALLOCATION","MEMORY_ALLOCATION_FREE","",0,"0x00007fbe84279000",1264,3219604397666175,3219604397666463
"MEMORY_ALLOCATION","MEMORY_ALLOCATION_ALLOCATE","Agent 3",512,"0x00007fbe84277000",1266,3219604397668328,3219604397668479
"MEMORY_ALLOCATION","MEMORY_ALLOCATION_FREE","",0,"0x00007fbe84276000",1271,3219604397685239,3219604397685465
"MEMORY_ALLOCATION","MEMORY_ALLOCATION_FREE","",0,"0x00007fbe84275000",1273,3219604397687198,3219604397687488
"MEMORY_ALLOCATION","MEMORY_ALLOCATION_FREE","",0,"0x00007fbe8427e000",1275,3219604397689095,3219604397689290
"MEMORY_ALLOCATION","MEMORY_ALLOCATION_FREE","",0,"0x00007fbe8427d000",1277,3219604397690718,3219604397691061
"MEMORY_ALLOCATION","MEMORY_ALLOCATION_FREE","",0,"0x00007fbe84278000",1279,3219604397692632,3219604397692955
"MEMORY_ALLOCATION","MEMORY_ALLOCATION_ALLOCATE","Agent 3",512,"0x00007fbe84275000",1281,3219604397694720,3219604397694959
"MEMORY_ALLOCATION","MEMORY_ALLOCATION_FREE","",0,"0x00007fbe84277000",1286,3219604397712172,3219604397712558
"MEMORY_ALLOCATION","MEMORY_ALLOCATION_ALLOCATE","Agent 3",2048,"0x00007fbe84276000",1288,3219604397714805,3219604397715054
"MEMORY_ALLOCATION","MEMORY_ALLOCATION_FREE","",0,"0x00007fbe84275000",1293,3219604397747949,3219604397748225
"MEMORY_ALLOCATION","MEMORY_ALLOCATION_FREE","",0,"0x00007fbe84274000",1295,3219604397750092,3219604397750305
"MEMORY_ALLOCATION","MEMORY_ALLOCATION_FREE","",0,"0x00007fbe84273000",1297,3219604397752189,3219604397752531
"MEMORY_ALLOCATION","MEMORY_ALLOCATION_FREE","",0,"0x00007fbe84272000",1299,3219604397754427,3219604397754798
"MEMORY_ALLOCATION","MEMORY_ALLOCATION_FREE","",0,"0x00007fbe84276000",1305,3219604397776184,3219604397776641
"MEMORY_ALLOCATION","MEMORY_ALLOCATION_ALLOCATE","Agent 3",8,"0x00007fbe84272000",1307,3219604397778957,3219604397779187
"MEMORY_ALLOCATION","MEMORY_ALLOCATION_FREE","",0,"0x00007fbe84272000",1314,3219604397814227,3219604397814502
"MEMORY_ALLOCATION","MEMORY_ALLOCATION_ALLOCATE","Agent 3",4,"0x00007fbe84272000",1328,3219604397841738,3219604397842005
"MEMORY_ALLOCATION","MEMORY_ALLOCATION_ALLOCATE","Agent 3",4,"0x00007fbe84273000",1332,3219604397862435,3219604397862784
"MEMORY_ALLOCATION","MEMORY_ALLOCATION_ALLOCATE","Agent 3",4,"0x00007fbe84274000",1336,3219604397882147,3219604397882468
"MEMORY_ALLOCATION","MEMORY_ALLOCATION_ALLOCATE","Agent 3",256,"0x00007fbe84275000",1340,3219604397901975,3219604397902340
"MEMORY_ALLOCATION","MEMORY_ALLOCATION_ALLOCATE","Agent 3",256,"0x00007fbe84276000",1345,3219604397910094,3219604397910569
"MEMORY_ALLOCATION","MEMORY_ALLOCATION_ALLOCATE","Agent 3",256,"0x00007fbe84277000",1350,3219604397919556,3219604397919893
"MEMORY_ALLOCATION","MEMORY_ALLOCATION_ALLOCATE","Agent 3",128,"0x00007fbe84278000",1355,3219604397927180,3219604397927579
"MEMORY_ALLOCATION","MEMORY_ALLOCATION_ALLOCATE","Agent 3",128,"0x00007fbe84279000",1360,3219604397934603,3219604397934930
"MEMORY_ALLOCATION","MEMORY_ALLOCATION_ALLOCATE","Agent 3",256,"0x00007fbe8427a000",1365,3219604397943283,3219604397943563
"MEMORY_ALLOCATION","MEMORY_ALLOCATION_ALLOCATE","Agent 3",128,"0x00007fbe8427b000",1370,3219604397952602,3219604397952920
"MEMORY_ALLOCATION","MEMORY_ALLOCATION_ALLOCATE","Agent 3",256,"0x00007fbe8427c000",1378,3219604397968355,3219604397968667
"MEMORY_ALLOCATION","MEMORY_ALLOCATION_ALLOCATE","Agent 3",256,"0x00007fbe8427d000",1383,3219604397977657,3219604397978002
"MEMORY_ALLOCATION","MEMORY_ALLOCATION_FREE","",0,"0x00007fbe8427c000",1388,3219604398007365,3219604398007730
"MEMORY_ALLOCATION","MEMORY_ALLOCATION_FREE","",0,"0x00007fbe8427b000",1390,3219604398010041,3219604398010280
"MEMORY_ALLOCATION","MEMORY_ALLOCATION_FREE","",0,"0x00007fbe8427a000",1392,3219604398014006,3219604398014244
"MEMORY_ALLOCATION","MEMORY_ALLOCATION_FREE","",0,"0x00007fbe84279000",1394,3219604398015943,3219604398016215
"MEMORY_ALLOCATION","MEMORY_ALLOCATION_FREE","",0,"0x00007fbe84278000",1396,3219604398018120,3219604398018415
"MEMORY_ALLOCATION","MEMORY_ALLOCATION_FREE","",0,"0x00007fbe84277000",1398,3219604398019895,3219604398020114
"MEMORY_ALLOCATION","MEMORY_ALLOCATION_FREE","",0,"0x00007fbe84276000",1400,3219604398021653,3219604398021861
"MEMORY_ALLOCATION","MEMORY_ALLOCATION_ALLOCATE","Agent 3",256,"0x00007fbe8427e000",1402,3219604398025573,3219604398025727
"MEMORY_ALLOCATION","MEMORY_ALLOCATION_ALLOCATE","Agent 3",256,"0x00007fbe84276000",1404,3219604398027552,3219604398027761
"MEMORY_ALLOCATION","MEMORY_ALLOCATION_ALLOCATE","Agent 3",512,"0x00007fbe84277000",1409,3219604398041609,3219604398041886
"MEMORY_ALLOCATION","MEMORY_ALLOCATION_ALLOCATE","Agent 3",512,"0x00007fbe84278000",1414,3219604398070165,3219604398070828
"MEMORY_ALLOCATION","MEMORY_ALLOCATION_ALLOCATE","Agent 3",512,"0x00007fbe84279000",1419,3219604398091955,3219604398092775
"MEMORY_ALLOCATION","MEMORY_ALLOCATION_FREE","",0,"0x00007fbe84278000",1424,3219604398115431,3219604398115796
"MEMORY_ALLOCATION","MEMORY_ALLOCATION_FREE","",0,"0x00007fbe84277000",1426,3219604398118154,3219604398118405
"MEMORY_ALLOCATION","MEMORY_ALLOCATION_ALLOCATE","Agent 3",256,"0x00007fbe84277000",1428,3219604398120260,3219604398120524
"MEMORY_ALLOCATION","MEMORY_ALLOCATION_FREE","",0,"0x00007fbe84279000",1433,3219604398151212,3219604398151560
"MEMORY_ALLOCATION","MEMORY_ALLOCATION_ALLOCATE","Agent 3",256,"0x00007fbe84278000",1435,3219604398153746,3219604398153979
"MEMORY_ALLOCATION","MEMORY_ALLOCATION_FREE","",0,"0x00007fbe84277000",1440,3219604398170940,3219604398171187
"MEMORY_ALLOCATION","MEMORY_ALLOCATION_FREE","",0,"0x00007fbe84276000",1442,3219604398173202,3219604398173418
"MEMORY_ALLOCATION","MEMORY_ALLOCATION_FREE","",0,"0x00007fbe8427e000",1444,3219604398175005,3219604398175231
"MEMORY_ALLOCATION","MEMORY_ALLOCATION_FREE","",0,"0x00007fbe8427d000",1446,3219604398176883,3219604398177245
"MEMORY_ALLOCATION","MEMORY_ALLOCATION_FREE","",0,"0x00007fbe84275000",1448,3219604398179041,3219604398179310
"MEMORY_ALLOCATION","MEMORY_ALLOCATION_ALLOCATE","Agent 3",256,"0x00007fbe84275000",1450,3219604398180970,3219604398181195
"MEMORY_ALLOCATION","MEMORY_ALLOCATION_ALLOCATE","Agent 3",256,"0x00007fbe84276000",1455,3219604398188433,3219604398188691
"MEMORY_ALLOCATION","MEMORY_ALLOCATION_ALLOCATE","Agent 3",128,"0x00007fbe84277000",1460,3219604398196326,3219604398196545
"MEMORY_ALLOCATION","MEMORY_ALLOCATION_ALLOCATE","Agent 3",128,"0x00007fbe84279000",1465,3219604398203560,3219604398203950
"MEMORY_ALLOCATION","MEMORY_ALLOCATION_ALLOCATE","Agent 3",256,"0x00007fbe8427a000",1470,3219604398213004,3219604398213487
"MEMORY_ALLOCATION","MEMORY_ALLOCATION_ALLOCATE","Agent 3",128,"0x00007fbe8427b000",1475,3219604398230952,3219604398231425
"MEMORY_ALLOCATION","MEMORY_ALLOCATION_ALLOCATE","Agent 3",256,"0x00007fbe8427c000",1483,3219604398254107,3219604398254606
"MEMORY_ALLOCATION","MEMORY_ALLOCATION_ALLOCATE","Agent 3",256,"0x00007fbe8427d000",1488,3219604398265349,3219604398265668
"MEMORY_ALLOCATION","MEMORY_ALLOCATION_FREE","",0,"0x00007fbe8427c000",1493,3219604398291992,3219604398292364
"MEMORY_ALLOCATION","MEMORY_ALLOCATION_FREE","",0,"0x00007fbe8427b000",1495,3219604398294461,3219604398294763
"MEMORY_ALLOCATION","MEMORY_ALLOCATION_FREE","",0,"0x00007fbe8427a000",1497,3219604398296450,3219604398296714
"MEMORY_ALLOCATION","MEMORY_ALLOCATION_FREE","",0,"0x00007fbe84279000",1499,3219604398298130,3219604398298319
"MEMORY_ALLOCATION","MEMORY_ALLOCATION_FREE","",0,"0x00007fbe84277000",1501,3219604398299852,3219604398300077
"MEMORY_ALLOCATION","MEMORY_ALLOCATION_FREE","",0,"0x00007fbe84276000",1503,3219604398301547,3219604398301797
"MEMORY_ALLOCATION","MEMORY_ALLOCATION_FREE","",0,"0x00007fbe84275000",1505,3219604398303377,3219604398303603
"MEMORY_ALLOCATION","MEMORY_ALLOCATION_ALLOCATE","Agent 3",256,"0x00007fbe8427e000",1507,3219604398305053,3219604398305234
"MEMORY_ALLOCATION","MEMORY_ALLOCATION_ALLOCATE","Agent 3",256,"0x00007fbe84275000",1509,3219604398308085,3219604398308263
"MEMORY_ALLOCATION","MEMORY_ALLOCATION_ALLOCATE","Agent 3",512,"0x00007fbe84276000",1514,3219604398316272,3219604398316563
"MEMORY_ALLOCATION","MEMORY_ALLOCATION_ALLOCATE","Agent 3",512,"0x00007fbe84277000",1519,3219604398324232,3219604398324528
"MEMORY_ALLOCATION","MEMORY_ALLOCATION_ALLOCATE","Agent 3",512,"0x00007fbe84279000",1524,3219604398332126,3219604398332488
"MEMORY_ALLOCATION","MEMORY_ALLOCATION_FREE","",0,"0x00007fbe84277000",1529,3219604398353348,3219604398353592
"MEMORY_ALLOCATION","MEMORY_ALLOCATION_FREE","",0,"0x00007fbe84276000",1531,3219604398356826,3219604398357072
"MEMORY_ALLOCATION","MEMORY_ALLOCATION_ALLOCATE","Agent 3",256,"0x00007fbe84276000",1533,3219604398358675,3219604398358915
"MEMORY_ALLOCATION","MEMORY_ALLOCATION_FREE","",0,"0x00007fbe84279000",1538,3219604398389891,3219604398390175
"MEMORY_ALLOCATION","MEMORY_ALLOCATION_ALLOCATE","Agent 3",256,"0x00007fbe84277000",1540,3219604398391976,3219604398392140
"MEMORY_ALLOCATION","MEMORY_ALLOCATION_FREE","",0,"0x00007fbe84276000",1545,3219604398409602,3219604398409822
"MEMORY_ALLOCATION","MEMORY_ALLOCATION_FREE","",0,"0x00007fbe84275000",1547,3219604398411640,3219604398411914
"MEMORY_ALLOCATION","MEMORY_ALLOCATION_FREE","",0,"0x00007fbe8427e000",1549,3219604398413474,3219604398413658
"MEMORY_ALLOCATION","MEMORY_ALLOCATION_FREE","",0,"0x00007fbe8427d000",1551,3219604398415252,3219604398415529
"MEMORY_ALLOCATION","MEMORY_ALLOCATION_FREE","",0,"0x00007fbe84278000",1553,3219604398417027,3219604398417263
"MEMORY_ALLOCATION","MEMORY_ALLOCATION_ALLOCATE","Agent 3",256,"0x00007fbe84275000",1555,3219604398418973,3219604398419195
"MEMORY_ALLOCATION","MEMORY_ALLOCATION_FREE","",0,"0x00007fbe84277000",1560,3219604398436674,3219604398437025
"MEMORY_ALLOCATION","MEMORY_ALLOCATION_ALLOCATE","Agent 3",1024,"0x00007fbe84276000",1562,3219604398439176,3219604398439422
"MEMORY_ALLOCATION","MEMORY_ALLOCATION_FREE","",0,"0x00007fbe84275000",1567,3219604398463290,3219604398463534
"MEMORY_ALLOCATION","MEMORY_ALLOCATION_FREE","",0,"0x00007fbe84274000",1569,3219604398465737,3219604398465921
"MEMORY_ALLOCATION","MEMORY_ALLOCATION_FREE","",0,"0x00007fbe84273000",1571,3219604398467577,3219604398467831
"MEMORY_ALLOCATION","MEMORY_ALLOCATION_FREE","",0,"0x00007fbe84272000",1573,3219604398469819,3219604398470184
"MEMORY_ALLOCATION","MEMORY_ALLOCATION_FREE","",0,"0x00007fbe84276000",1577,3219604398487234,3219604398487567
"MEMORY_ALLOCATION","MEMORY_ALLOCATION_ALLOCATE","Agent 3",48,"0x00007fbe84272000",1579,3219604398490698,3219604398490931
"MEMORY_ALLOCATION","MEMORY_ALLOCATION_ALLOCATE","Agent 3",3072,"0x00007fbe84273000",1583,3219604398510351,3219604398510653
"MEMORY_ALLOCATION","MEMORY_ALLOCATION_ALLOCATE","Agent 3",3072,"0x00007fbe84274000",1588,3219604398518123,3219604398518529
"MEMORY_ALLOCATION","MEMORY_ALLOCATION_ALLOCATE","Agent 3",3072,"0x00007fbe84275000",1593,3219604398526190,3219604398526610
"MEMORY_ALLOCATION","MEMORY_ALLOCATION_ALLOCATE","Agent 3",1536,"0x00007fbe84276000",1598,3219604398537744,3219604398538071
"MEMORY_ALLOCATION","MEMORY_ALLOCATION_ALLOCATE","Agent 3",1536,"0x00007fbe84277000",1603,3219604398545429,3219604398545917
"MEMORY_ALLOCATION","MEMORY_ALLOCATION_ALLOCATE","Agent 3",3072,"0x00007fbe84278000",1608,3219604398552896,3219604398553153
"MEMORY_ALLOCATION","MEMORY_ALLOCATION_ALLOCATE","Agent 3",1536,"0x00007fbe84279000",1613,3219604398562181,3219604398562523
"MEMORY_ALLOCATION","MEMORY_ALLOCATION_ALLOCATE","Agent 3",1536,"0x00007fbe8427a000",1618,3219604398570012,3219604398570234
"MEMORY_ALLOCATION","MEMORY_ALLOCATION_ALLOCATE","Agent 3",3072,"0x00007fbe8427b000",1623,3219604398578991,3219604398579329
"MEMORY_ALLOCATION","MEMORY_ALLOCATION_FREE","",0,"0x00007fbe84278000",1628,3219604398615438,3219604398615784
"MEMORY_ALLOCATION","MEMORY_ALLOCATION_ALLOCATE","Agent 3",1536,"0x00007fbe84278000",1630,3219604398619273,3219604398619540
"MEMORY_ALLOCATION","MEMORY_ALLOCATION_FREE","",0,"0x00007fbe84279000",1635,3219604398636901,3219604398637176
"MEMORY_ALLOCATION","MEMORY_ALLOCATION_ALLOCATE","Agent 3",8192,"0x00007fbe8427c000",1637,3219604398639311,3219604398639677
"MEMORY_ALLOCATION","MEMORY_ALLOCATION_ALLOCATE","Agent 3",8192,"0x00007fbe8428b000",1643,3219604398652846,3219604398653329
"MEMORY_ALLOCATION","MEMORY_ALLOCATION_ALLOCATE","Agent 3",3072,"0x00007fbe84279000",1649,3219604398665548,3219604398665831
"MEMORY_ALLOCATION","MEMORY_ALLOCATION_ALLOCATE","Agent 3",3072,"0x00007fbe8427e000",1654,3219604398675309,3219604398675551
"MEMORY_ALLOCATION","MEMORY_ALLOCATION_FREE","",0,"0x00007fbe84279000",1659,3219604398694932,3219604398695167
"MEMORY_ALLOCATION","MEMORY_ALLOCATION_ALLOCATE","Agent 3",3072,"0x00007fbe84279000",1661,3219604398697228,3219604398697380
"MEMORY_ALLOCATION","MEMORY_ALLOCATION_FREE","",0,"0x00007fbe8427e000",1666,3219604398728735,3219604398729016
"MEMORY_ALLOCATION","MEMORY_ALLOCATION_FREE","",0,"0x00007fbe8427a000",1668,3219604398730759,3219604398730984
"MEMORY_ALLOCATION","MEMORY_ALLOCATION_FREE","",0,"0x00007fbe84278000",1670,3219604398732916,3219604398733122
"MEMORY_ALLOCATION","MEMORY_ALLOCATION_FREE","",0,"0x00007fbe8427b000",1672,3219604398734766,3219604398735048
"MEMORY_ALLOCATION","MEMORY_ALLOCATION_FREE","",0,"0x00007fbe84277000",1674,3219604398736688,3219604398736982
"MEMORY_ALLOCATION","MEMORY_ALLOCATION_FREE","",0,"0x00007fbe84276000",1676,3219604398738453,3219604398738735
"MEMORY_ALLOCATION","MEMORY_ALLOCATION_FREE","",0,"0x00007fbe84275000",1678,3219604398740322,3219604398740608
"MEMORY_ALLOCATION","MEMORY_ALLOCATION_ALLOCATE","Agent 3",3072,"0x00007fbe8427e000",1680,3219604398742283,3219604398742540
"MEMORY_ALLOCATION","MEMORY_ALLOCATION_FREE","",0,"0x00007fbe84279000",1685,3219604398769215,3219604398769701
"MEMORY_ALLOCATION","MEMORY_ALLOCATION_FREE","",0,"0x00007fbe84274000",1687,3219604398771542,3219604398771809
"MEMORY_ALLOCATION","MEMORY_ALLOCATION_ALLOCATE","Agent 3",3072,"0x00007fbe84274000",1689,3219604398773523,3219604398773785
"MEMORY_ALLOCATION","MEMORY_ALLOCATION_ALLOCATE","Agent 3",6144,"0x00007fbe84275000",1694,3219604398783559,3219604398783871
"MEMORY_ALLOCATION","MEMORY_ALLOCATION_ALLOCATE","Agent 3",6144,"0x00007fbe84277000",1699,3219604398792127,3219604398792494
"MEMORY_ALLOCATION","MEMORY_ALLOCATION_ALLOCATE","Agent 3",6144,"0x00007fbe84279000",1704,3219604398800181,3219604398800524
"MEMORY_ALLOCATION","MEMORY_ALLOCATION_FREE","",0,"0x00007fbe84277000",1709,3219604398836759,3219604398837059
"MEMORY_ALLOCATION","MEMORY_ALLOCATION_FREE","",0,"0x00007fbe84275000",1711,3219604398839061,3219604398839387
"MEMORY_ALLOCATION","MEMORY_ALLOCATION_ALLOCATE","Agent 3",3072,"0x00007fbe8427b000",1713,3219604398841065,3219604398841338
"MEMORY_ALLOCATION","MEMORY_ALLOCATION_FREE","",0,"0x00007fbe84279000",1718,3219604398887046,3219604398887420
"MEMORY_ALLOCATION","MEMORY_ALLOCATION_ALLOCATE","Agent 3",3072,"0x00007fbe84275000",1720,3219604398889290,3219604398889549
"MEMORY_ALLOCATION","MEMORY_ALLOCATION_FREE","",0,"0x00007fbe8427b000",1725,3219604398905990,3219604398906294
"MEMORY_ALLOCATION","MEMORY_ALLOCATION_FREE","",0,"0x00007fbe84274000",1727,3219604398908250,3219604398908473
"MEMORY_ALLOCATION","MEMORY_ALLOCATION_FREE","",0,"0x00007fbe8427e000",1729,3219604398910145,3219604398910332
"MEMORY_ALLOCATION","MEMORY_ALLOCATION_FREE","",0,"0x00007fbe84273000",1731,3219604398912029,3219604398912349
"MEMORY_ALLOCATION","MEMORY_ALLOCATION_ALLOCATE","Agent 3",3072,"0x00007fbe8427e000",1733,3219604398914075,3219604398914310
"MEMORY_ALLOCATION","MEMORY_ALLOCATION_ALLOCATE","Agent 3",3072,"0x00007fbe84273000",1738,3219604398921736,3219604398921982
"MEMORY_ALLOCATION","MEMORY_ALLOCATION_ALLOCATE","Agent 3",1536,"0x00007fbe84274000",1743,3219604398930050,3219604398930283
"MEMORY_ALLOCATION","MEMORY_ALLOCATION_ALLOCATE","Agent 3",1536,"0x00007fbe84276000",1748,3219604398937419,3219604398937737
"MEMORY_ALLOCATION","MEMORY_ALLOCATION_ALLOCATE","Agent 3",3072,"0x00007fbe84277000",1753,3219604398947739,3219604398948099
"MEMORY_ALLOCATION","MEMORY_ALLOCATION_ALLOCATE","Agent 3",1536,"0x00007fbe84278000",1758,3219604398955745,3219604398956099
"MEMORY_ALLOCATION","MEMORY_ALLOCATION_ALLOCATE","Agent 3",1536,"0x00007fbe84279000",1763,3219604398968799,3219604398969139
"MEMORY_ALLOCATION","MEMORY_ALLOCATION_ALLOCATE","Agent 3",3072,"0x00007fbe8427a000",1768,3219604398988532,3219604398988792
"MEMORY_ALLOCATION","MEMORY_ALLOCATION_FREE","",0,"0x00007fbe84277000",1773,3219604399042772,3219604399043585
"MEMORY_ALLOCATION","MEMORY_ALLOCATION_ALLOCATE","Agent 3",1536,"0x00007fbe8427b000",1775,3219604399047378,3219604399047742
"MEMORY_ALLOCATION","MEMORY_ALLOCATION_FREE","",0,"0x00007fbe84278000",1780,3219604399065440,3219604399065838
"MEMORY_ALLOCATION","MEMORY_ALLOCATION_ALLOCATE","Agent 3",8192,"0x00007fbe84277000",1782,3219604399067880,3219604399068081
"MEMORY_ALLOCATION","MEMORY_ALLOCATION_ALLOCATE","Agent 3",8192,"0x00007fbe8428d000",1788,3219604399080458,3219604399080918
"MEMORY_ALLOCATION","MEMORY_ALLOCATION_ALLOCATE","Agent 3",3072,"0x00007fbe8428f000",1794,3219604399093646,3219604399095014
"MEMORY_ALLOCATION","MEMORY_ALLOCATION_ALLOCATE","Agent 3",3072,"0x00007fbe84290000",1799,3219604399103143,3219604399103655
"MEMORY_ALLOCATION","MEMORY_ALLOCATION_FREE","",0,"0x00007fbe8428f000",1804,3219604399123188,3219604399123429
"MEMORY_ALLOCATION","MEMORY_ALLOCATION_ALLOCATE","Agent 3",3072,"0x00007fbe8428f000",1806,3219604399125033,3219604399125171
"MEMORY_ALLOCATION","MEMORY_ALLOCATION_FREE","",0,"0x00007fbe84290000",1811,3219604399156804,3219604399157143
"MEMORY_ALLOCATION","MEMORY_ALLOCATION_FREE","",0,"0x00007fbe84279000",1813,3219604399158961,3219604399159335
"MEMORY_ALLOCATION","MEMORY_ALLOCATION_FREE","",0,"0x00007fbe8427b000",1815,3219604399161110,3219604399161346
"MEMORY_ALLOCATION","MEMORY_ALLOCATION_FREE","",0,"0x00007fbe8427a000",1817,3219604399163170,3219604399163490
"MEMORY_ALLOCATION","MEMORY_ALLOCATION_FREE","",0,"0x00007fbe84276000",1819,3219604399165241,3219604399165443
"MEMORY_ALLOCATION","MEMORY_ALLOCATION_FREE","",0,"0x00007fbe84274000",1821,3219604399167264,3219604399167816
"MEMORY_ALLOCATION","MEMORY_ALLOCATION_FREE","",0,"0x00007fbe84273000",1823,3219604399169672,3219604399170037
"MEMORY_ALLOCATION","MEMORY_ALLOCATION_ALLOCATE","Agent 3",3072,"0x00007fbe84276000",1825,3219604399171753,3219604399171915
"MEMORY_ALLOCATION","MEMORY_ALLOCATION_FREE","",0,"0x00007fbe8428f000",1830,3219604399189267,3219604399189705
"MEMORY_ALLOCATION","MEMORY_ALLOCATION_FREE","",0,"0x00007fbe8427e000",1832,3219604399191751,3219604399192287
"MEMORY_ALLOCATION","MEMORY_ALLOCATION_ALLOCATE","Agent 3",3072,"0x00007fbe8427e000",1834,3219604399193933,3219604399194137
"MEMORY_ALLOCATION","MEMORY_ALLOCATION_ALLOCATE","Agent 3",6144,"0x00007fbe84273000",1839,3219604399201301,3219604399201519
"MEMORY_ALLOCATION","MEMORY_ALLOCATION_ALLOCATE","Agent 3",6144,"0x00007fbe84279000",1844,3219604399209310,3219604399209570
"MEMORY_ALLOCATION","MEMORY_ALLOCATION_ALLOCATE","Agent 3",6144,"0x00007fbe8428f000",1849,3219604399216527,3219604399216938
"MEMORY_ALLOCATION","MEMORY_ALLOCATION_FREE","",0,"0x00007fbe84279000",1854,3219604399253487,3219604399253976
"MEMORY_ALLOCATION","MEMORY_ALLOCATION_FREE","",0,"0x00007fbe84273000",1856,3219604399256040,3219604399256323
"MEMORY_ALLOCATION","MEMORY_ALLOCATION_ALLOCATE","Agent 3",3072,"0x00007fbe84273000",1858,3219604399257996,3219604399258243
"MEMORY_ALLOCATION","MEMORY_ALLOCATION_FREE","",0,"0x00007fbe8428f000",1863,3219604399304791,3219604399305140
"MEMORY_ALLOCATION","MEMORY_ALLOCATION_ALLOCATE","Agent 3",3072,"0x00007fbe84274000",1865,3219604399308516,3219604399308758
"MEMORY_ALLOCATION","MEMORY_ALLOCATION_FREE","",0,"0x00007fbe84273000",1870,3219604399325673,3219604399325916
"MEMORY_ALLOCATION","MEMORY_ALLOCATION_FREE","",0,"0x00007fbe8427e000",1872,3219604399327746,3219604399327935
"MEMORY_ALLOCATION","MEMORY_ALLOCATION_FREE","",0,"0x00007fbe84276000",1874,3219604399329553,3219604399329760
"MEMORY_ALLOCATION","MEMORY_ALLOCATION_FREE","",0,"0x00007fbe84275000",1876,3219604399331469,3219604399331780
"MEMORY_ALLOCATION","MEMORY_ALLOCATION_ALLOCATE","Agent 3",3072,"0x00007fbe84273000",1878,3219604399333346,3219604399333547
"MEMORY_ALLOCATION","MEMORY_ALLOCATION_FREE","",0,"0x00007fbe84274000",1883,3219604399351232,3219604399351776
"MEMORY_ALLOCATION","MEMORY_ALLOCATION_ALLOCATE","Agent 3",1024,"0x00007fbe8427e000",1885,3219604399354048,3219604399354510
"MEMORY_ALLOCATION","MEMORY_ALLOCATION_FREE","",0,"0x00007fbe84273000",1890,3219604399378217,3219604399378575
"MEMORY_ALLOCATION","MEMORY_ALLOCATION_FREE","",0,"0x00007fbe84272000",1892,3219604399381132,3219604399381459
"MEMORY_ALLOCATION","MEMORY_ALLOCATION_FREE","",0,"0x00007fbe8428b000",1910,3219604399445052,3219604399445400
"MEMORY_ALLOCATION","MEMORY_ALLOCATION_FREE","",0,"0x00007fbe8427c000",1912,3219604399447251,3219604399447595
"MEMORY_ALLOCATION","MEMORY_ALLOCATION_FREE","",0,"0x00007fbe8428d000",1914,3219604399449757,3219604399450212
"MEMORY_ALLOCATION","MEMORY_ALLOCATION_FREE","",0,"0x00007fbe84277000",1916,3219604399452045,3219604399452426
"MEMORY_ALLOCATION","MEMORY_ALLOCATION_FREE","",0,"0x00007fbe8427e000",1920,3219604399470420,3219604399470768
"MEMORY_ALLOCATION","MEMORY_ALLOCATION_ALLOCATE","Agent 3",8,"0x00007fbe84272000",1922,3219604399473087,3219604399473351
"MEMORY_ALLOCATION","MEMORY_ALLOCATION_FREE","",0,"0x00007fbe84272000",1929,3219604399509190,3219604399509499
"MEMORY_ALLOCATION","MEMORY_ALLOCATION_ALLOCATE","Agent 3",4,"0x00007fbe84272000",1943,3219604399536744,3219604399537029
"MEMORY_ALLOCATION","MEMORY_ALLOCATION_ALLOCATE","Agent 3",4,"0x00007fbe84273000",1947,3219604399556743,3219604399557080
"MEMORY_ALLOCATION","MEMORY_ALLOCATION_ALLOCATE","Agent 3",4,"0x00007fbe84274000",1951,3219604399576108,3219604399576474
"MEMORY_ALLOCATION","MEMORY_ALLOCATION_ALLOCATE","Agent 3",256,"0x00007fbe84275000",1955,3219604399596446,3219604399597093
"MEMORY_ALLOCATION","MEMORY_ALLOCATION_ALLOCATE","Agent 3",256,"0x00007fbe84276000",1960,3219604399604294,3219604399604889
"MEMORY_ALLOCATION","MEMORY_ALLOCATION_ALLOCATE","Agent 3",256,"0x00007fbe84277000",1965,3219604399613824,3219604399614515
"MEMORY_ALLOCATION","MEMORY_ALLOCATION_ALLOCATE","Agent 3",128,"0x00007fbe84278000",1970,3219604399622613,3219604399623107
"MEMORY_ALLOCATION","MEMORY_ALLOCATION_ALLOCATE","Agent 3",128,"0x00007fbe84279000",1975,3219604399630145,3219604399630416
"MEMORY_ALLOCATION","MEMORY_ALLOCATION_ALLOCATE","Agent 3",256,"0x00007fbe8427a000",1980,3219604399638693,3219604399639010
"MEMORY_ALLOCATION","MEMORY_ALLOCATION_ALLOCATE","Agent 3",128,"0x00007fbe8427b000",1985,3219604399647248,3219604399647549
"MEMORY_ALLOCATION","MEMORY_ALLOCATION_ALLOCATE","Agent 3",256,"0x00007fbe8427c000",1993,3219604399665011,3219604399665309
"MEMORY_ALLOCATION","MEMORY_ALLOCATION_ALLOCATE","Agent 3",256,"0x00007fbe8427d000",1998,3219604399674193,3219604399674515
"MEMORY_ALLOCATION","MEMORY_ALLOCATION_FREE","",0,"0x00007fbe8427c000",2003,3219604399703088,3219604399703525
"MEMORY_ALLOCATION","MEMORY_ALLOCATION_FREE","",0,"0x00007fbe8427b000",2005,3219604399705839,3219604399706135
"MEMORY_ALLOCATION","MEMORY_ALLOCATION_FREE","",0,"0x00007fbe8427a000",2007,3219604399707864,3219604399708086
"MEMORY_ALLOCATION","MEMORY_ALLOCATION_FREE","",0,"0x00007fbe84279000",2009,3219604399709950,3219604399710300
"MEMORY_ALLOCATION","MEMORY_ALLOCATION_FREE","",0,"0x00007fbe84278000",2011,3219604399711842,3219604399712070
"MEMORY_ALLOCATION","MEMORY_ALLOCATION_FREE","",0,"0x00007fbe84277000",2013,3219604399713588,3219604399713914
"MEMORY_ALLOCATION","MEMORY_ALLOCATION_FREE","",0,"0x00007fbe84276000",2015,3219604399715846,3219604399716134
"MEMORY_ALLOCATION","MEMORY_ALLOCATION_ALLOCATE","Agent 3",256,"0x00007fbe8427e000",2017,3219604399719274,3219604399719430
"MEMORY_ALLOCATION","MEMORY_ALLOCATION_ALLOCATE","Agent 3",256,"0x00007fbe84276000",2019,3219604399721358,3219604399721582
"MEMORY_ALLOCATION","MEMORY_ALLOCATION_ALLOCATE","Agent 3",512,"0x00007fbe84277000",2024,3219604399730202,3219604399730440
"MEMORY_ALLOCATION","MEMORY_ALLOCATION_ALLOCATE","Agent 3",512,"0x00007fbe84278000",2029,3219604399738876,3219604399739223
"MEMORY_ALLOCATION","MEMORY_ALLOCATION_ALLOCATE","Agent 3",512,"0x00007fbe84279000",2034,3219604399747202,3219604399747511
"MEMORY_ALLOCATION","MEMORY_ALLOCATION_FREE","",0,"0x00007fbe84278000",2039,3219604399767835,3219604399768086
"MEMORY_ALLOCATION","MEMORY_ALLOCATION_FREE","",0,"0x00007fbe84277000",2041,3219604399770057,3219604399770317
"MEMORY_ALLOCATION","MEMORY_ALLOCATION_ALLOCATE","Agent 3",256,"0x00007fbe84277000",2043,3219604399772157,3219604399772351
"MEMORY_ALLOCATION","MEMORY_ALLOCATION_FREE","",0,"0x00007fbe84279000",2048,3219604399812276,3219604399812658
"MEMORY_ALLOCATION","MEMORY_ALLOCATION_ALLOCATE","Agent 3",256,"0x00007fbe84278000",2050,3219604399814837,3219604399815063
"MEMORY_ALLOCATION","MEMORY_ALLOCATION_FREE","",0,"0x00007fbe84277000",2055,3219604399833687,3219604399833927
"MEMORY_ALLOCATION","MEMORY_ALLOCATION_FREE","",0,"0x00007fbe84276000",2057,3219604399835734,3219604399835927
"MEMORY_ALLOCATION","MEMORY_ALLOCATION_FREE","",0,"0x00007fbe8427e000",2059,3219604399837465,3219604399837664
"MEMORY_ALLOCATION","MEMORY_ALLOCATION_FREE","",0,"0x00007fbe8427d000",2061,3219604399839395,3219604399839760
"MEMORY_ALLOCATION","MEMORY_ALLOCATION_FREE","",0,"0x00007fbe84275000",2063,3219604399841281,3219604399841541
"MEMORY_ALLOCATION","MEMORY_ALLOCATION_ALLOCATE","Agent 3",256,"0x00007fbe84275000",2065,3219604399843250,3219604399843483
"MEMORY_ALLOCATION","MEMORY_ALLOCATION_ALLOCATE","Agent 3",256,"0x00007fbe84276000",2070,3219604399851130,3219604399851394
"MEMORY_ALLOCATION","MEMORY_ALLOCATION_ALLOCATE","Agent 3",128,"0x00007fbe84277000",2075,3219604399858524,3219604399858810
"MEMORY_ALLOCATION","MEMORY_ALLOCATION_ALLOCATE","Agent 3",128,"0x00007fbe84279000",2080,3219604399865746,3219604399866114
"MEMORY_ALLOCATION","MEMORY_ALLOCATION_ALLOCATE","Agent 3",256,"0x00007fbe8427a000",2085,3219604399874781,3219604399875203
"MEMORY_ALLOCATION","MEMORY_ALLOCATION_ALLOCATE","Agent 3",128,"0x00007fbe8427b000",2090,3219604399883329,3219604399883632
"MEMORY_ALLOCATION","MEMORY_ALLOCATION_ALLOCATE","Agent 3",256,"0x00007fbe8427c000",2098,3219604399898937,3219604399899246
"MEMORY_ALLOCATION","MEMORY_ALLOCATION_ALLOCATE","Agent 3",256,"0x00007fbe8427d000",2103,3219604399912190,3219604399912517
"MEMORY_ALLOCATION","MEMORY_ALLOCATION_FREE","",0,"0x00007fbe8427c000",2108,3219604399941876,3219604399942110
"MEMORY_ALLOCATION","MEMORY_ALLOCATION_FREE","",0,"0x00007fbe8427b000",2110,3219604399946855,3219604399947062
"MEMORY_ALLOCATION","MEMORY_ALLOCATION_FREE","",0,"0x00007fbe8427a000",2112,3219604399948693,3219604399948939
"MEMORY_ALLOCATION","MEMORY_ALLOCATION_FREE","",0,"0x00007fbe84279000",2114,3219604399956771,3219604399957354
"MEMORY_ALLOCATION","MEMORY_ALLOCATION_FREE","",0,"0x00007fbe84277000",2116,3219604399959215,3219604399959569
"MEMORY_ALLOCATION","MEMORY_ALLOCATION_FREE","",0,"0x00007fbe84276000",2118,3219604399961252,3219604399961733
"MEMORY_ALLOCATION","MEMORY_ALLOCATION_FREE","",0,"0x00007fbe84275000",2120,3219604399963842,3219604399964135
"MEMORY_ALLOCATION","MEMORY_ALLOCATION_ALLOCATE","Agent 3",256,"0x00007fbe8427e000",2122,3219604399967175,3219604399967340
"MEMORY_ALLOCATION","MEMORY_ALLOCATION_ALLOCATE","Agent 3",256,"0x00007fbe84275000",2124,3219604399969045,3219604399969275
"MEMORY_ALLOCATION","MEMORY_ALLOCATION_ALLOCATE","Agent 3",512,"0x00007fbe84276000",2129,3219604399991575,3219604399991942
"MEMORY_ALLOCATION","MEMORY_ALLOCATION_ALLOCATE","Agent 3",512,"0x00007fbe84277000",2134,3219604400012635,3219604400013028
"MEMORY_ALLOCATION","MEMORY_ALLOCATION_ALLOCATE","Agent 3",512,"0x00007fbe84279000",2139,3219604400020879,3219604400021153
"MEMORY_ALLOCATION","MEMORY_ALLOCATION_FREE","",0,"0x00007fbe84277000",2144,3219604400041406,3219604400041690
"MEMORY_ALLOCATION","MEMORY_ALLOCATION_FREE","",0,"0x00007fbe84276000",2146,3219604400043894,3219604400044115
"MEMORY_ALLOCATION","MEMORY_ALLOCATION_ALLOCATE","Agent 3",256,"0x00007fbe84276000",2148,3219604400045994,3219604400046250
"MEMORY_ALLOCATION","MEMORY_ALLOCATION_FREE","",0,"0x00007fbe84279000",2153,3219604400078190,3219604400078572
"MEMORY_ALLOCATION","MEMORY_ALLOCATION_ALLOCATE","Agent 3",256,"0x00007fbe84277000",2155,3219604400080615,3219604400080805
"MEMORY_ALLOCATION","MEMORY_ALLOCATION_FREE","",0,"0x00007fbe84276000",2160,3219604400098721,3219604400099051
"MEMORY_ALLOCATION","MEMORY_ALLOCATION_FREE","",0,"0x00007fbe84275000",2162,3219604400101230,3219604400101626
"MEMORY_ALLOCATION","MEMORY_ALLOCATION_FREE","",0,"0x00007fbe8427e000",2164,3219604400103230,3219604400103734
"MEMORY_ALLOCATION","MEMORY_ALLOCATION_FREE","",0,"0x00007fbe8427d000",2166,3219604400105414,3219604400105718
"MEMORY_ALLOCATION","MEMORY_ALLOCATION_FREE","",0,"0x00007fbe84278000",2168,3219604400107525,3219604400107811
"MEMORY_ALLOCATION","MEMORY_ALLOCATION_ALLOCATE","Agent 3",256,"0x00007fbe84275000",2170,3219604400109964,3219604400110176
"MEMORY_ALLOCATION","MEMORY_ALLOCATION_FREE","",0,"0x00007fbe84277000",2175,3219604400128868,3219604400129220
"MEMORY_ALLOCATION","MEMORY_ALLOCATION_ALLOCATE","Agent 3",1024,"0x00007fbe84276000",2177,3219604400131603,3219604400131852
"MEMORY_ALLOCATION","MEMORY_ALLOCATION_FREE","",0,"0x00007fbe84275000",2182,3219604400155998,3219604400156252
"MEMORY_ALLOCATION","MEMORY_ALLOCATION_FREE","",0,"0x00007fbe84274000",2184,3219604400158074,3219604400158276
"MEMORY_ALLOCATION","MEMORY_ALLOCATION_FREE","",0,"0x00007fbe84273000",2186,3219604400160439,3219604400160934
"MEMORY_ALLOCATION","MEMORY_ALLOCATION_FREE","",0,"0x00007fbe84272000",2188,3219604400162640,3219604400162918
"MEMORY_ALLOCATION","MEMORY_ALLOCATION_FREE","",0,"0x00007fbe84276000",2192,3219604400180793,3219604400181134
"MEMORY_ALLOCATION","MEMORY_ALLOCATION_ALLOCATE","Agent 3",64,"0x00007fbe84272000",2194,3219604400183756,3219604400183993
"MEMORY_ALLOCATION","MEMORY_ALLOCATION_ALLOCATE","Agent 3",4096,"0x00007fbe84273000",2198,3219604400203675,3219604400203988
"MEMORY_ALLOCATION","MEMORY_ALLOCATION_ALLOCATE","Agent 3",4096,"0x00007fbe84274000",2203,3219604400210955,3219604400211181
"MEMORY_ALLOCATION","MEMORY_ALLOCATION_ALLOCATE","Agent 3",4096,"0x00007fbe84275000",2208,3219604400219130,3219604400219527
"MEMORY_ALLOCATION","MEMORY_ALLOCATION_ALLOCATE","Agent 3",2048,"0x00007fbe84276000",2213,3219604400228553,3219604400228881
"MEMORY_ALLOCATION","MEMORY_ALLOCATION_ALLOCATE","Agent 3",2048,"0x00007fbe84277000",2218,3219604400235834,3219604400236087
"MEMORY_ALLOCATION","MEMORY_ALLOCATION_ALLOCATE","Agent 3",4096,"0x00007fbe84278000",2223,3219604400243119,3219604400243389
"MEMORY_ALLOCATION","MEMORY_ALLOCATION_ALLOCATE","Agent 3",2048,"0x00007fbe84279000",2228,3219604400252188,3219604400252588
"MEMORY_ALLOCATION","MEMORY_ALLOCATION_ALLOCATE","Agent 3",2048,"0x00007fbe8427a000",2233,3219604400260360,3219604400260647
"MEMORY_ALLOCATION","MEMORY_ALLOCATION_ALLOCATE","Agent 3",4096,"0x00007fbe8427b000",2238,3219604400268042,3219604400268292
"MEMORY_ALLOCATION","MEMORY_ALLOCATION_FREE","",0,"0x00007fbe84278000",2243,3219604400291096,3219604400291457
"MEMORY_ALLOCATION","MEMORY_ALLOCATION_ALLOCATE","Agent 3",2048,"0x00007fbe84278000",2245,3219604400294713,3219604400294892
"MEMORY_ALLOCATION","MEMORY_ALLOCATION_FREE","",0,"0x00007fbe84279000",2250,3219604400313596,3219604400313917
"MEMORY_ALLOCATION","MEMORY_ALLOCATION_ALLOCATE","Agent 3",8192,"0x00007fbe8427c000",2252,3219604400316128,3219604400316547
"MEMORY_ALLOCATION","MEMORY_ALLOCATION_ALLOCATE","Agent 3",8192,"0x00007fbe8428b000",2258,3219604400338093,3219604400338935
"MEMORY_ALLOCATION","MEMORY_ALLOCATION_ALLOCATE","Agent 3",4096,"0x00007fbe84279000",2264,3219604400350724,3219604400350988
"MEMORY_ALLOCATION","MEMORY_ALLOCATION_ALLOCATE","Agent 3",4096,"0x00007fbe8427e000",2269,3219604400360123,3219604400360461
"MEMORY_ALLOCATION","MEMORY_ALLOCATION_FREE","",0,"0x00007fbe84279000",2274,3219604400379491,3219604400379747
"MEMORY_ALLOCATION","MEMORY_ALLOCATION_ALLOCATE","Agent 3",4096,"0x00007fbe84279000",2276,3219604400381699,3219604400381849
"MEMORY_ALLOCATION","MEMORY_ALLOCATION_FREE","",0,"0x00007fbe8427e000",2281,3219604400413558,3219604400413817
"MEMORY_ALLOCATION","MEMORY_ALLOCATION_FREE","",0,"0x00007fbe8427a000",2283,3219604400415559,3219604400415761
"MEMORY_ALLOCATION","MEMORY_ALLOCATION_FREE","",0,"0x00007fbe84278000",2285,3219604400417481,3219604400417674
"MEMORY_ALLOCATION","MEMORY_ALLOCATION_FREE","",0,"0x00007fbe8427b000",2287,3219604400419391,3219604400419638
"MEMORY_ALLOCATION","MEMORY_ALLOCATION_FREE","",0,"0x00007fbe84277000",2289,3219604400421407,3219604400421774
"MEMORY_ALLOCATION","MEMORY_ALLOCATION_FREE","",0,"0x00007fbe84276000",2291,3219604400423285,3219604400423627
"MEMORY_ALLOCATION","MEMORY_ALLOCATION_FREE","",0,"0x00007fbe84275000",2293,3219604400425271,3219604400425606
"MEMORY_ALLOCATION","MEMORY_ALLOCATION_ALLOCATE","Agent 3",4096,"0x00007fbe8427e000",2295,3219604400426983,3219604400427180
"MEMORY_ALLOCATION","MEMORY_ALLOCATION_FREE","",0,"0x00007fbe84279000",2300,3219604400444424,3219604400444824
"MEMORY_ALLOCATION","MEMORY_ALLOCATION_FREE","",0,"0x00007fbe84274000",2302,3219604400446593,3219604400446852
"MEMORY_ALLOCATION","MEMORY_ALLOCATION_ALLOCATE","Agent 3",4096,"0x00007fbe84274000",2304,3219604400448557,3219604400448766
"MEMORY_ALLOCATION","MEMORY_ALLOCATION_ALLOCATE","Agent 3",8192,"0x00007fbe84275000",2309,3219604400456070,3219604400456325
"MEMORY_ALLOCATION","MEMORY_ALLOCATION_ALLOCATE","Agent 3",8192,"0x00007fbe84277000",2314,3219604400464626,3219604400464944
"MEMORY_ALLOCATION","MEMORY_ALLOCATION_ALLOCATE","Agent 3",8192,"0x00007fbe84279000",2319,3219604400472757,3219604400473017
"MEMORY_ALLOCATION","MEMORY_ALLOCATION_FREE","",0,"0x00007fbe84277000",2324,3219604400509108,3219604400509339
"MEMORY_ALLOCATION","MEMORY_ALLOCATION_FREE","",0,"0x00007fbe84275000",2326,3219604400511002,3219604400511257
"MEMORY_ALLOCATION","MEMORY_ALLOCATION_ALLOCATE","Agent 3",4096,"0x00007fbe8427b000",2328,3219604400513191,3219604400513341
"MEMORY_ALLOCATION","MEMORY_ALLOCATION_FREE","",0,"0x00007fbe84279000",2333,3219604400558739,3219604400559246
"MEMORY_ALLOCATION","MEMORY_ALLOCATION_ALLOCATE","Agent 3",4096,"0x00007fbe84275000",2335,3219604400561255,3219604400561505
"MEMORY_ALLOCATION","MEMORY_ALLOCATION_FREE","",0,"0x00007fbe8427b000",2340,3219604400578080,3219604400578392
"MEMORY_ALLOCATION","MEMORY_ALLOCATION_FREE","",0,"0x00007fbe84274000",2342,3219604400580103,3219604400580303
"MEMORY_ALLOCATION","MEMORY_ALLOCATION_FREE","",0,"0x00007fbe8427e000",2344,3219604400582030,3219604400582223
"MEMORY_ALLOCATION","MEMORY_ALLOCATION_FREE","",0,"0x00007fbe84273000",2346,3219604400583874,3219604400584186
"MEMORY_ALLOCATION","MEMORY_ALLOCATION_ALLOCATE","Agent 3",4096,"0x00007fbe8427e000",2348,3219604400586014,3219604400586216
"MEMORY_ALLOCATION","MEMORY_ALLOCATION_ALLOCATE","Agent 3",4096,"0x00007fbe84273000",2353,3219604400593496,3219604400593748
"MEMORY_ALLOCATION","MEMORY_ALLOCATION_ALLOCATE","Agent 3",2048,"0x00007fbe84274000",2358,3219604400601149,3219604400601475
"MEMORY_ALLOCATION","MEMORY_ALLOCATION_ALLOCATE","Agent 3",2048,"0x00007fbe84276000",2363,3219604400609004,3219604400609262
"MEMORY_ALLOCATION","MEMORY_ALLOCATION_ALLOCATE","Agent 3",4096,"0x00007fbe84277000",2368,3219604400615943,3219604400616285
"MEMORY_ALLOCATION","MEMORY_ALLOCATION_ALLOCATE","Agent 3",2048,"0x00007fbe84278000",2373,3219604400624101,3219604400624435
"MEMORY_ALLOCATION","MEMORY_ALLOCATION_ALLOCATE","Agent 3",2048,"0x00007fbe84279000",2378,3219604400633647,3219604400634006
"MEMORY_ALLOCATION","MEMORY_ALLOCATION_ALLOCATE","Agent 3",4096,"0x00007fbe8427a000",2383,3219604400644950,3219604400645375
"MEMORY_ALLOCATION","MEMORY_ALLOCATION_FREE","",0,"0x00007fbe84277000",2388,3219604400669042,3219604400669470
"MEMORY_ALLOCATION","MEMORY_ALLOCATION_ALLOCATE","Agent 3",2048,"0x00007fbe8427b000",2390,3219604400687642,3219604400687832
"MEMORY_ALLOCATION","MEMORY_ALLOCATION_FREE","",0,"0x00007fbe84278000",2395,3219604400724609,3219604400724981
"MEMORY_ALLOCATION","MEMORY_ALLOCATION_ALLOCATE","Agent 3",8192,"0x00007fbe84277000",2397,3219604400726848,3219604400727035
"MEMORY_ALLOCATION","MEMORY_ALLOCATION_ALLOCATE","Agent 3",8192,"0x00007fbe8428d000",2403,3219604400740232,3219604400741517
"MEMORY_ALLOCATION","MEMORY_ALLOCATION_ALLOCATE","Agent 3",4096,"0x00007fbe8428f000",2409,3219604400754781,3219604400755807
"MEMORY_ALLOCATION","MEMORY_ALLOCATION_ALLOCATE","Agent 3",4096,"0x00007fbe84290000",2414,3219604400765543,3219604400766044
"MEMORY_ALLOCATION","MEMORY_ALLOCATION_FREE","",0,"0x00007fbe8428f000",2419,3219604400785111,3219604400785337
"MEMORY_ALLOCATION","MEMORY_ALLOCATION_ALLOCATE","Agent 3",4096,"0x00007fbe8428f000",2421,3219604400786807,3219604400786944
"MEMORY_ALLOCATION","MEMORY_ALLOCATION_FREE","",0,"0x00007fbe84290000",2426,3219604400818804,3219604400819101
"MEMORY_ALLOCATION","MEMORY_ALLOCATION_FREE","",0,"0x00007fbe84279000",2428,3219604400821100,3219604400821348
"MEMORY_ALLOCATION","MEMORY_ALLOCATION_FREE","",0,"0x00007fbe8427b000",2430,3219604400823299,3219604400823526
"MEMORY_ALLOCATION","MEMORY_ALLOCATION_FREE","",0,"0x00007fbe8427a000",2432,3219604400825322,3219604400825602
"MEMORY_ALLOCATION","MEMORY_ALLOCATION_FREE","",0,"0x00007fbe84276000",2434,3219604400827706,3219604400827911
"MEMORY_ALLOCATION","MEMORY_ALLOCATION_FREE","",0,"0x00007fbe84274000",2436,3219604400829434,3219604400829717
"MEMORY_ALLOCATION","MEMORY_ALLOCATION_FREE","",0,"0x00007fbe84273000",2438,3219604400831433,3219604400831770
"MEMORY_ALLOCATION","MEMORY_ALLOCATION_ALLOCATE","Agent 3",4096,"0x00007fbe84276000",2440,3219604400833137,3219604400833328
"MEMORY_ALLOCATION","MEMORY_ALLOCATION_FREE","",0,"0x00007fbe8428f000",2445,3219604400850551,3219604400850948
"MEMORY_ALLOCATION","MEMORY_ALLOCATION_FREE","",0,"0x00007fbe8427e000",2447,3219604400852746,3219604400852965
"MEMORY_ALLOCATION","MEMORY_ALLOCATION_ALLOCATE","Agent 3",4096,"0x00007fbe8427e000",2449,3219604400854458,3219604400854644
"MEMORY_ALLOCATION","MEMORY_ALLOCATION_ALLOCATE","Agent 3",8192,"0x00007fbe84273000",2454,3219604400864498,3219604400864751
"MEMORY_ALLOCATION","MEMORY_ALLOCATION_ALLOCATE","Agent 3",8192,"0x00007fbe84279000",2459,3219604400873046,3219604400873296
"MEMORY_ALLOCATION","MEMORY_ALLOCATION_ALLOCATE","Agent 3",8192,"0x00007fbe8428f000",2464,3219604400902953,3219604400903573
"MEMORY_ALLOCATION","MEMORY_ALLOCATION_FREE","",0,"0x00007fbe84279000",2469,3219604400953059,3219604400953697
"MEMORY_ALLOCATION","MEMORY_ALLOCATION_FREE","",0,"0x00007fbe84273000",2471,3219604400956186,3219604400956417
"MEMORY_ALLOCATION","MEMORY_ALLOCATION_ALLOCATE","Agent 3",4096,"0x00007fbe84273000",2473,3219604400958741,3219604400958973
"MEMORY_ALLOCATION","MEMORY_ALLOCATION_FREE","",0,"0x00007fbe8428f000",2478,3219604401004785,3219604401005133
"MEMORY_ALLOCATION","MEMORY_ALLOCATION_ALLOCATE","Agent 3",4096,"0x00007fbe84274000",2480,3219604401007527,3219604401007834
"MEMORY_ALLOCATION","MEMORY_ALLOCATION_FREE","",0,"0x00007fbe84273000",2485,3219604401025023,3219604401025319
"MEMORY_ALLOCATION","MEMORY_ALLOCATION_FREE","",0,"0x00007fbe8427e000",2487,3219604401027414,3219604401027548
"MEMORY_ALLOCATION","MEMORY_ALLOCATION_FREE","",0,"0x00007fbe84276000",2489,3219604401029105,3219604401029420
"MEMORY_ALLOCATION","MEMORY_ALLOCATION_FREE","",0,"0x00007fbe84275000",2491,3219604401031290,3219604401031619
"MEMORY_ALLOCATION","MEMORY_ALLOCATION_ALLOCATE","Agent 3",4096,"0x00007fbe84273000",2493,3219604401033658,3219604401033825
"MEMORY_ALLOCATION","MEMORY_ALLOCATION_FREE","",0,"0x00007fbe84274000",2498,3219604401051264,3219604401051611
"MEMORY_ALLOCATION","MEMORY_ALLOCATION_ALLOCATE","Agent 3",1024,"0x00007fbe8427e000",2500,3219604401053949,3219604401054153
"MEMORY_ALLOCATION","MEMORY_ALLOCATION_FREE","",0,"0x00007fbe84273000",2505,3219604401078128,3219604401078616
"MEMORY_ALLOCATION","MEMORY_ALLOCATION_FREE","",0,"0x00007fbe84272000",2507,3219604401080594,3219604401080969
"MEMORY_ALLOCATION","MEMORY_ALLOCATION_FREE","",0,"0x00007fbe8428b000",2525,3219604401143957,3219604401144320
"MEMORY_ALLOCATION","MEMORY_ALLOCATION_FREE","",0,"0x00007fbe8427c000",2527,3219604401146090,3219604401146443
"MEMORY_ALLOCATION","MEMORY_ALLOCATION_FREE","",0,"0x00007fbe8428d000",2529,3219604401148339,3219604401148763
"MEMORY_ALLOCATION","MEMORY_ALLOCATION_FREE","",0,"0x00007fbe84277000",2531,3219604401151603,3219604401151972
"MEMORY_ALLOCATION","MEMORY_ALLOCATION_FREE","",0,"0x00007fbe8427e000",2535,3219604401169389,3219604401169760
"MEMORY_ALLOCATION","MEMORY_ALLOCATION_ALLOCATE","Agent 3",8,"0x00007fbe84272000",2537,3219604401171960,3219604401172241
"MEMORY_ALLOCATION","MEMORY_ALLOCATION_FREE","",0,"0x00007fbe84272000",2544,3219604401207110,3219604401207414
"MEMORY_ALLOCATION","MEMORY_ALLOCATION_ALLOCATE","Agent 3",8,"0x00007fbe84272000",2546,3219604401209703,3219604401209910
"MEMORY_ALLOCATION","MEMORY_ALLOCATION_ALLOCATE","Agent 3",8,"0x00007fbe84273000",2550,3219604401230637,3219604401230926
"MEMORY_ALLOCATION","MEMORY_ALLOCATION_ALLOCATE","Agent 3",8,"0x00007fbe84274000",2554,3219604401250692,3219604401250976
"MEMORY_ALLOCATION","MEMORY_ALLOCATION_ALLOCATE","Agent 3",512,"0x00007fbe84275000",2558,3219604401274720,3219604401275098
"MEMORY_ALLOCATION","MEMORY_ALLOCATION_ALLOCATE","Agent 3",512,"0x00007fbe84276000",2563,3219604401283727,3219604401284256
"MEMORY_ALLOCATION","MEMORY_ALLOCATION_ALLOCATE","Agent 3",512,"0x00007fbe84277000",2568,3219604401292109,3219604401292489
"MEMORY_ALLOCATION","MEMORY_ALLOCATION_ALLOCATE","Agent 3",256,"0x00007fbe84278000",2573,3219604401300949,3219604401301347
"MEMORY_ALLOCATION","MEMORY_ALLOCATION_ALLOCATE","Agent 3",256,"0x00007fbe84279000",2578,3219604401309112,3219604401309405
"MEMORY_ALLOCATION","MEMORY_ALLOCATION_ALLOCATE","Agent 3",512,"0x00007fbe8427a000",2583,3219604401318039,3219604401318360
"MEMORY_ALLOCATION","MEMORY_ALLOCATION_ALLOCATE","Agent 3",256,"0x00007fbe8427b000",2588,3219604401325962,3219604401326284
"MEMORY_ALLOCATION","MEMORY_ALLOCATION_ALLOCATE","Agent 3",512,"0x00007fbe8427c000",2596,3219604401343339,3219604401343663
"MEMORY_ALLOCATION","MEMORY_ALLOCATION_ALLOCATE","Agent 3",512,"0x00007fbe8427d000",2601,3219604401351711,3219604401352052
"MEMORY_ALLOCATION","MEMORY_ALLOCATION_FREE","",0,"0x00007fbe8427c000",2606,3219604401380189,3219604401380493
"MEMORY_ALLOCATION","MEMORY_ALLOCATION_FREE","",0,"0x00007fbe8427b000",2608,3219604401382481,3219604401382722
"MEMORY_ALLOCATION","MEMORY_ALLOCATION_FREE","",0,"0x00007fbe8427a000",2610,3219604401384607,3219604401384844
"MEMORY_ALLOCATION","MEMORY_ALLOCATION_FREE","",0,"0x00007fbe84279000",2612,3219604401386494,3219604401386866
"MEMORY_ALLOCATION","MEMORY_ALLOCATION_FREE","",0,"0x00007fbe84278000",2614,3219604401388535,3219604401388828
"MEMORY_ALLOCATION","MEMORY_ALLOCATION_FREE","",0,"0x00007fbe84277000",2616,3219604401390331,3219604401390533
"MEMORY_ALLOCATION","MEMORY_ALLOCATION_FREE","",0,"0x00007fbe84276000",2618,3219604401392037,3219604401392270
"MEMORY_ALLOCATION","MEMORY_ALLOCATION_ALLOCATE","Agent 3",512,"0x00007fbe8427e000",2620,3219604401393826,3219604401393976
"MEMORY_ALLOCATION","MEMORY_ALLOCATION_ALLOCATE","Agent 3",512,"0x00007fbe84276000",2622,3219604401397413,3219604401397625
"MEMORY_ALLOCATION","MEMORY_ALLOCATION_ALLOCATE","Agent 3",1024,"0x00007fbe84277000",2627,3219604401406028,3219604401406294
"MEMORY_ALLOCATION","MEMORY_ALLOCATION_ALLOCATE","Agent 3",1024,"0x00007fbe84278000",2632,3219604401414348,3219604401414735
"MEMORY_ALLOCATION","MEMORY_ALLOCATION_ALLOCATE","Agent 3",1024,"0x00007fbe84279000",2637,3219604401431457,3219604401431803
"MEMORY_ALLOCATION","MEMORY_ALLOCATION_FREE","",0,"0x00007fbe84278000",2642,3219604401451854,3219604401452086
"MEMORY_ALLOCATION","MEMORY_ALLOCATION_FREE","",0,"0x00007fbe84277000",2644,3219604401453987,3219604401454240
"MEMORY_ALLOCATION","MEMORY_ALLOCATION_ALLOCATE","Agent 3",512,"0x00007fbe84277000",2646,3219604401455874,3219604401456062
"MEMORY_ALLOCATION","MEMORY_ALLOCATION_FREE","",0,"0x00007fbe84279000",2651,3219604401487254,3219604401487620
"MEMORY_ALLOCATION","MEMORY_ALLOCATION_ALLOCATE","Agent 3",512,"0x00007fbe84278000",2653,3219604401489645,3219604401489847
"MEMORY_ALLOCATION","MEMORY_ALLOCATION_FREE","",0,"0x00007fbe84277000",2658,3219604401506620,3219604401506863
"MEMORY_ALLOCATION","MEMORY_ALLOCATION_FREE","",0,"0x00007fbe84276000",2660,3219604401508647,3219604401508859
"MEMORY_ALLOCATION","MEMORY_ALLOCATION_FREE","",0,"0x00007fbe8427e000",2662,3219604401510478,3219604401510667
"MEMORY_ALLOCATION","MEMORY_ALLOCATION_FREE","",0,"0x00007fbe8427d000",2664,3219604401512292,3219604401512662
"MEMORY_ALLOCATION","MEMORY_ALLOCATION_FREE","",0,"0x00007fbe84275000",2666,3219604401514127,3219604401514387
"MEMORY_ALLOCATION","MEMORY_ALLOCATION_ALLOCATE","Agent 3",512,"0x00007fbe84275000",2668,3219604401516099,3219604401516276
"MEMORY_ALLOCATION","MEMORY_ALLOCATION_ALLOCATE","Agent 3",512,"0x00007fbe84276000",2673,3219604401523680,3219604401523916
"MEMORY_ALLOCATION","MEMORY_ALLOCATION_ALLOCATE","Agent 3",256,"0x00007fbe84277000",2678,3219604401531942,3219604401532148
"MEMORY_ALLOCATION","MEMORY_ALLOCATION_ALLOCATE","Agent 3",256,"0x00007fbe84279000",2683,3219604401539234,3219604401539647
"MEMORY_ALLOCATION","MEMORY_ALLOCATION_ALLOCATE","Agent 3",512,"0x00007fbe8427a000",2688,3219604401547905,3219604401548274
"MEMORY_ALLOCATION","MEMORY_ALLOCATION_ALLOCATE","Agent 3",256,"0x00007fbe8427b000",2693,3219604401556359,3219604401556719
"MEMORY_ALLOCATION","MEMORY_ALLOCATION_ALLOCATE","Agent 3",512,"0x00007fbe8427c000",2701,3219604401572012,3219604401572364
"MEMORY_ALLOCATION","MEMORY_ALLOCATION_ALLOCATE","Agent 3",512,"0x00007fbe8427d000",2706,3219604401581513,3219604401581847
"MEMORY_ALLOCATION","MEMORY_ALLOCATION_FREE","",0,"0x00007fbe8427c000",2711,3219604401608897,3219604401609227
"MEMORY_ALLOCATION","MEMORY_ALLOCATION_FREE","",0,"0x00007fbe8427b000",2713,3219604401611004,3219604401611251
"MEMORY_ALLOCATION","MEMORY_ALLOCATION_FREE","",0,"0x00007fbe8427a000",2715,3219604401612873,3219604401613050
"MEMORY_ALLOCATION","MEMORY_ALLOCATION_FREE","",0,"0x00007fbe84279000",2717,3219604401614544,3219604401614771
"MEMORY_ALLOCATION","MEMORY_ALLOCATION_FREE","",0,"0x00007fbe84277000",2719,3219604401616413,3219604401616599
"MEMORY_ALLOCATION","MEMORY_ALLOCATION_FREE","",0,"0x00007fbe84276000",2721,3219604401618100,3219604401618380
"MEMORY_ALLOCATION","MEMORY_ALLOCATION_FREE","",0,"0x00007fbe84275000",2723,3219604401619976,3219604401620195
"MEMORY_ALLOCATION","MEMORY_ALLOCATION_ALLOCATE","Agent 3",512,"0x00007fbe8427e000",2725,3219604401621607,3219604401621767
"MEMORY_ALLOCATION","MEMORY_ALLOCATION_ALLOCATE","Agent 3",512,"0x00007fbe84275000",2727,3219604401626226,3219604401626427
"MEMORY_ALLOCATION","MEMORY_ALLOCATION_ALLOCATE","Agent 3",1024,"0x00007fbe84276000",2732,3219604401634487,3219604401634816
"MEMORY_ALLOCATION","MEMORY_ALLOCATION_ALLOCATE","Agent 3",1024,"0x00007fbe84277000",2737,3219604401641810,3219604401643192
"MEMORY_ALLOCATION","MEMORY_ALLOCATION_ALLOCATE","Agent 3",1024,"0x00007fbe84279000",2742,3219604401651192,3219604401651632
"MEMORY_ALLOCATION","MEMORY_ALLOCATION_FREE","",0,"0x00007fbe84277000",2747,3219604401672156,3219604401672403
"MEMORY_ALLOCATION","MEMORY_ALLOCATION_FREE","",0,"0x00007fbe84276000",2749,3219604401674123,3219604401674338
"MEMORY_ALLOCATION","MEMORY_ALLOCATION_ALLOCATE","Agent 3",512,"0x00007fbe84276000",2751,3219604401676289,3219604401676488
"MEMORY_ALLOCATION","MEMORY_ALLOCATION_FREE","",0,"0x00007fbe84279000",2756,3219604401708063,3219604401708348
"MEMORY_ALLOCATION","MEMORY_ALLOCATION_ALLOCATE","Agent 3",512,"0x00007fbe84277000",2758,3219604401710246,3219604401710398
"MEMORY_ALLOCATION","MEMORY_ALLOCATION_FREE","",0,"0x00007fbe84276000",2763,3219604401727536,3219604401727870
"MEMORY_ALLOCATION","MEMORY_ALLOCATION_FREE","",0,"0x00007fbe84275000",2765,3219604401729675,3219604401729949
"MEMORY_ALLOCATION","MEMORY_ALLOCATION_FREE","",0,"0x00007fbe8427e000",2767,3219604401731583,3219604401731766
"MEMORY_ALLOCATION","MEMORY_ALLOCATION_FREE","",0,"0x00007fbe8427d000",2769,3219604401733298,3219604401733622
"MEMORY_ALLOCATION","MEMORY_ALLOCATION_FREE","",0,"0x00007fbe84278000",2771,3219604401735275,3219604401735502
"MEMORY_ALLOCATION","MEMORY_ALLOCATION_ALLOCATE","Agent 3",512,"0x00007fbe84275000",2773,3219604401736962,3219604401737188
"MEMORY_ALLOCATION","MEMORY_ALLOCATION_FREE","",0,"0x00007fbe84277000",2778,3219604401757315,3219604401757756
"MEMORY_ALLOCATION","MEMORY_ALLOCATION_ALLOCATE","Agent 3",2048,"0x00007fbe84276000",2780,3219604401759765,3219604401760013
"MEMORY_ALLOCATION","MEMORY_ALLOCATION_FREE","",0,"0x00007fbe84275000",2785,3219604401784095,3219604401784416
"MEMORY_ALLOCATION","MEMORY_ALLOCATION_FREE","",0,"0x00007fbe84274000",2787,3219604401786287,3219604401786495
"MEMORY_ALLOCATION","MEMORY_ALLOCATION_FREE","",0,"0x00007fbe84273000",2789,3219604401788166,3219604401788378
"MEMORY_ALLOCATION","MEMORY_ALLOCATION_FREE","",0,"0x00007fbe84272000",2791,3219604401790044,3219604401790337
"MEMORY_ALLOCATION","MEMORY_ALLOCATION_FREE","",0,"0x00007fbe84276000",2797,3219604401812064,3219604401812437
"MEMORY_ALLOCATION","MEMORY_ALLOCATION_ALLOCATE","Agent 3",8,"0x00007fbe84272000",2799,3219604401814624,3219604401814867
"MEMORY_ALLOCATION","MEMORY_ALLOCATION_FREE","",0,"0x00007fbe84272000",2806,3219604401873103,3219604401873453
"MEMORY_ALLOCATION","MEMORY_ALLOCATION_ALLOCATE","Agent 3",8,"0x00007fbe84272000",2808,3219604401878920,3219604401879180
"MEMORY_ALLOCATION","MEMORY_ALLOCATION_ALLOCATE","Agent 3",8,"0x00007fbe84273000",2812,3219604401923447,3219604401923816
"MEMORY_ALLOCATION","MEMORY_ALLOCATION_ALLOCATE","Agent 3",8,"0x00007fbe84274000",2816,3219604401943953,3219604401944267
"MEMORY_ALLOCATION","MEMORY_ALLOCATION_ALLOCATE","Agent 3",512,"0x00007fbe84275000",2820,3219604401964763,3219604401965129
"MEMORY_ALLOCATION","MEMORY_ALLOCATION_ALLOCATE","Agent 3",512,"0x00007fbe84276000",2825,3219604401972675,3219604401973023
"MEMORY_ALLOCATION","MEMORY_ALLOCATION_ALLOCATE","Agent 3",512,"0x00007fbe84277000",2830,3219604401981791,3219604401982139
"MEMORY_ALLOCATION","MEMORY_ALLOCATION_ALLOCATE","Agent 3",256,"0x00007fbe84278000",2835,3219604401990242,3219604401990723
"MEMORY_ALLOCATION","MEMORY_ALLOCATION_ALLOCATE","Agent 3",256,"0x00007fbe84279000",2840,3219604401997472,3219604401997794
"MEMORY_ALLOCATION","MEMORY_ALLOCATION_ALLOCATE","Agent 3",512,"0x00007fbe8427a000",2845,3219604402014818,3219604402015129
"MEMORY_ALLOCATION","MEMORY_ALLOCATION_ALLOCATE","Agent 3",256,"0x00007fbe8427b000",2850,3219604402022950,3219604402023207
"MEMORY_ALLOCATION","MEMORY_ALLOCATION_ALLOCATE","Agent 3",512,"0x00007fbe8427c000",2858,3219604402046807,3219604402047259
"MEMORY_ALLOCATION","MEMORY_ALLOCATION_ALLOCATE","Agent 3",512,"0x00007fbe8427d000",2863,3219604402055492,3219604402055841
"MEMORY_ALLOCATION","MEMORY_ALLOCATION_FREE","",0,"0x00007fbe8427c000",2868,3219604402083558,3219604402083858
"MEMORY_ALLOCATION","MEMORY_ALLOCATION_FREE","",0,"0x00007fbe8427b000",2870,3219604402086103,3219604402086398
"MEMORY_ALLOCATION","MEMORY_ALLOCATION_FREE","",0,"0x00007fbe8427a000",2872,3219604402088480,3219604402088831
"MEMORY_ALLOCATION","MEMORY_ALLOCATION_FREE","",0,"0x00007fbe84279000",2874,3219604402090240,3219604402090525
"MEMORY_ALLOCATION","MEMORY_ALLOCATION_FREE","",0,"0x00007fbe84278000",2876,3219604402091903,3219604402092194
"MEMORY_ALLOCATION","MEMORY_ALLOCATION_FREE","",0,"0x00007fbe84277000",2878,3219604402093621,3219604402093830
"MEMORY_ALLOCATION","MEMORY_ALLOCATION_FREE","",0,"0x00007fbe84276000",2880,3219604402095395,3219604402095630
"MEMORY_ALLOCATION","MEMORY_ALLOCATION_ALLOCATE","Agent 3",512,"0x00007fbe8427e000",2882,3219604402098594,3219604402098766
"MEMORY_ALLOCATION","MEMORY_ALLOCATION_ALLOCATE","Agent 3",512,"0x00007fbe84276000",2884,3219604402100304,3219604402100538
"MEMORY_ALLOCATION","MEMORY_ALLOCATION_ALLOCATE","Agent 3",1024,"0x00007fbe84277000",2889,3219604402108441,3219604402108722
"MEMORY_ALLOCATION","MEMORY_ALLOCATION_ALLOCATE","Agent 3",1024,"0x00007fbe84278000",2894,3219604402116465,3219604402116846
"MEMORY_ALLOCATION","MEMORY_ALLOCATION_ALLOCATE","Agent 3",1024,"0x00007fbe84279000",2899,3219604402126346,3219604402126786
"MEMORY_ALLOCATION","MEMORY_ALLOCATION_FREE","",0,"0x00007fbe84278000",2904,3219604402146738,3219604402146967
"MEMORY_ALLOCATION","MEMORY_ALLOCATION_FREE","",0,"0x00007fbe84277000",2906,3219604402148931,3219604402149156
"MEMORY_ALLOCATION","MEMORY_ALLOCATION_ALLOCATE","Agent 3",512,"0x00007fbe84277000",2908,3219604402150904,3219604402151118
"MEMORY_ALLOCATION","MEMORY_ALLOCATION_FREE","",0,"0x00007fbe84279000",2913,3219604402182129,3219604402182584
"MEMORY_ALLOCATION","MEMORY_ALLOCATION_ALLOCATE","Agent 3",512,"0x00007fbe84278000",2915,3219604402184420,3219604402184657
"MEMORY_ALLOCATION","MEMORY_ALLOCATION_FREE","",0,"0x00007fbe84277000",2920,3219604402201670,3219604402201881
"MEMORY_ALLOCATION","MEMORY_ALLOCATION_FREE","",0,"0x00007fbe84276000",2922,3219604402203677,3219604402203898
"MEMORY_ALLOCATION","MEMORY_ALLOCATION_FREE","",0,"0x00007fbe8427e000",2924,3219604402205483,3219604402205737
"MEMORY_ALLOCATION","MEMORY_ALLOCATION_FREE","",0,"0x00007fbe8427d000",2926,3219604402207642,3219604402208124
"MEMORY_ALLOCATION","MEMORY_ALLOCATION_FREE","",0,"0x00007fbe84275000",2928,3219604402209734,3219604402209993
"MEMORY_ALLOCATION","MEMORY_ALLOCATION_ALLOCATE","Agent 3",512,"0x00007fbe84275000",2930,3219604402211779,3219604402212013
"MEMORY_ALLOCATION","MEMORY_ALLOCATION_ALLOCATE","Agent 3",512,"0x00007fbe84276000",2935,3219604402219062,3219604402219275
"MEMORY_ALLOCATION","MEMORY_ALLOCATION_ALLOCATE","Agent 3",256,"0x00007fbe84277000",2940,3219604402226674,3219604402226905
"MEMORY_ALLOCATION","MEMORY_ALLOCATION_ALLOCATE","Agent 3",256,"0x00007fbe84279000",2945,3219604402233735,3219604402234038
"MEMORY_ALLOCATION","MEMORY_ALLOCATION_ALLOCATE","Agent 3",512,"0x00007fbe8427a000",2950,3219604402241644,3219604402241998
"MEMORY_ALLOCATION","MEMORY_ALLOCATION_ALLOCATE","Agent 3",256,"0x00007fbe8427b000",2955,3219604402249624,3219604402250001
"MEMORY_ALLOCATION","MEMORY_ALLOCATION_ALLOCATE","Agent 3",512,"0x00007fbe8427c000",2963,3219604402266504,3219604402266904
"MEMORY_ALLOCATION","MEMORY_ALLOCATION_ALLOCATE","Agent 3",512,"0x00007fbe8427d000",2968,3219604402274950,3219604402275248
"MEMORY_ALLOCATION","MEMORY_ALLOCATION_FREE","",0,"0x00007fbe8427c000",2973,3219604402302045,3219604402302297
"MEMORY_ALLOCATION","MEMORY_ALLOCATION_FREE","",0,"0x00007fbe8427b000",2975,3219604402304017,3219604402304240
"MEMORY_ALLOCATION","MEMORY_ALLOCATION_FREE","",0,"0x00007fbe8427a000",2977,3219604402305912,3219604402306052
"MEMORY_ALLOCATION","MEMORY_ALLOCATION_FREE","",0,"0x00007fbe84279000",2979,3219604402307435,3219604402307604
"MEMORY_ALLOCATION","MEMORY_ALLOCATION_FREE","",0,"0x00007fbe84277000",2981,3219604402309046,3219604402309231
"MEMORY_ALLOCATION","MEMORY_ALLOCATION_FREE","",0,"0x00007fbe84276000",2983,3219604402310715,3219604402310939
"MEMORY_ALLOCATION","MEMORY_ALLOCATION_FREE","",0,"0x00007fbe84275000",2985,3219604402312605,3219604402312797
"MEMORY_ALLOCATION","MEMORY_ALLOCATION_ALLOCATE","Agent 3",512,"0x00007fbe8427e000",2987,3219604402314432,3219604402314595
"MEMORY_ALLOCATION","MEMORY_ALLOCATION_ALLOCATE","Agent 3",512,"0x00007fbe84275000",2989,3219604402317613,3219604402317843
"MEMORY_ALLOCATION","MEMORY_ALLOCATION_ALLOCATE","Agent 3",1024,"0x00007fbe84276000",2994,3219604402325679,3219604402325947
"MEMORY_ALLOCATION","MEMORY_ALLOCATION_ALLOCATE","Agent 3",1024,"0x00007fbe84277000",2999,3219604402365198,3219604402365728
"MEMORY_ALLOCATION","MEMORY_ALLOCATION_ALLOCATE","Agent 3",1024,"0x00007fbe84279000",3004,3219604402444704,3219604402445071
"MEMORY_ALLOCATION","MEMORY_ALLOCATION_FREE","",0,"0x00007fbe84277000",3009,3219604402465754,3219604402466031
"MEMORY_ALLOCATION","MEMORY_ALLOCATION_FREE","",0,"0x00007fbe84276000",3011,3219604402468216,3219604402468417
"MEMORY_ALLOCATION","MEMORY_ALLOCATION_ALLOCATE","Agent 3",512,"0x00007fbe84276000",3013,3219604402470322,3219604402470500
"MEMORY_ALLOCATION","MEMORY_ALLOCATION_FREE","",0,"0x00007fbe84279000",3018,3219604402501281,3219604402501657
"MEMORY_ALLOCATION","MEMORY_ALLOCATION_ALLOCATE","Agent 3",512,"0x00007fbe84277000",3020,3219604402503540,3219604402503684
"MEMORY_ALLOCATION","MEMORY_ALLOCATION_FREE","",0,"0x00007fbe84276000",3025,3219604402521195,3219604402521478
"MEMORY_ALLOCATION","MEMORY_ALLOCATION_FREE","",0,"0x00007fbe84275000",3027,3219604402523480,3219604402523744
"MEMORY_ALLOCATION","MEMORY_ALLOCATION_FREE","",0,"0x00007fbe8427e000",3029,3219604402525244,3219604402525431
"MEMORY_ALLOCATION","MEMORY_ALLOCATION_FREE","",0,"0x00007fbe8427d000",3031,3219604402526972,3219604402527291
"MEMORY_ALLOCATION","MEMORY_ALLOCATION_FREE","",0,"0x00007fbe84278000",3033,3219604402528946,3219604402529253
"MEMORY_ALLOCATION","MEMORY_ALLOCATION_ALLOCATE","Agent 3",512,"0x00007fbe84275000",3035,3219604402531222,3219604402531455
"MEMORY_ALLOCATION","MEMORY_ALLOCATION_FREE","",0,"0x00007fbe84277000",3040,3219604402549465,3219604402549889
"MEMORY_ALLOCATION","MEMORY_ALLOCATION_ALLOCATE","Agent 3",2048,"0x00007fbe84276000",3042,3219604402552037,3219604402552263
"MEMORY_ALLOCATION","MEMORY_ALLOCATION_FREE","",0,"0x00007fbe84275000",3047,3219604402576100,3219604402576336
"MEMORY_ALLOCATION","MEMORY_ALLOCATION_FREE","",0,"0x00007fbe84274000",3049,3219604402578264,3219604402578449
"MEMORY_ALLOCATION","MEMORY_ALLOCATION_FREE","",0,"0x00007fbe84273000",3051,3219604402582014,3219604402582245
"MEMORY_ALLOCATION","MEMORY_ALLOCATION_FREE","",0,"0x00007fbe84272000",3053,3219604402583829,3219604402584196
"MEMORY_ALLOCATION","MEMORY_ALLOCATION_FREE","",0,"0x00007fbe84276000",3059,3219604402606385,3219604402606884
"MEMORY_ALLOCATION","MEMORY_ALLOCATION_ALLOCATE","Agent 3",8,"0x00007fbe84272000",3061,3219604402609483,3219604402609733
"MEMORY_ALLOCATION","MEMORY_ALLOCATION_FREE","",0,"0x00007fbe84272000",3068,3219604402654048,3219604402654299
"MEMORY_ALLOCATION","MEMORY_ALLOCATION_ALLOCATE","Agent 3",4,"0x00007fbe84272000",3082,3219604402680533,3219604402680808
"MEMORY_ALLOCATION","MEMORY_ALLOCATION_ALLOCATE","Agent 3",4,"0x00007fbe84273000",3086,3219604402701121,3219604402701438
"MEMORY_ALLOCATION","MEMORY_ALLOCATION_ALLOCATE","Agent 3",4,"0x00007fbe84274000",3090,3219604402721538,3219604402721875
"MEMORY_ALLOCATION","MEMORY_ALLOCATION_ALLOCATE","Agent 3",256,"0x00007fbe84275000",3094,3219604402741628,3219604402741994
"MEMORY_ALLOCATION","MEMORY_ALLOCATION_ALLOCATE","Agent 3",256,"0x00007fbe84276000",3099,3219604402749121,3219604402749421
"MEMORY_ALLOCATION","MEMORY_ALLOCATION_ALLOCATE","Agent 3",256,"0x00007fbe84277000",3104,3219604402757659,3219604402758020
"MEMORY_ALLOCATION","MEMORY_ALLOCATION_ALLOCATE","Agent 3",128,"0x00007fbe84278000",3109,3219604402766207,3219604402766552
"MEMORY_ALLOCATION","MEMORY_ALLOCATION_ALLOCATE","Agent 3",128,"0x00007fbe84279000",3114,3219604402773568,3219604402773921
"MEMORY_ALLOCATION","MEMORY_ALLOCATION_ALLOCATE","Agent 3",256,"0x00007fbe8427a000",3119,3219604402781614,3219604402781914
"MEMORY_ALLOCATION","MEMORY_ALLOCATION_ALLOCATE","Agent 3",128,"0x00007fbe8427b000",3124,3219604402789221,3219604402789647
"MEMORY_ALLOCATION","MEMORY_ALLOCATION_ALLOCATE","Agent 3",256,"0x00007fbe8427c000",3132,3219604402807325,3219604402807612
"MEMORY_ALLOCATION","MEMORY_ALLOCATION_ALLOCATE","Agent 3",256,"0x00007fbe8427d000",3137,3219604402817369,3219604402817692
"MEMORY_ALLOCATION","MEMORY_ALLOCATION_FREE","",0,"0x00007fbe8427c000",3142,3219604402846629,3219604402846945
"MEMORY_ALLOCATION","MEMORY_ALLOCATION_FREE","",0,"0x00007fbe8427b000",3144,3219604402849200,3219604402849493
"MEMORY_ALLOCATION","MEMORY_ALLOCATION_FREE","",0,"0x00007fbe8427a000",3146,3219604402851561,3219604402851853
"MEMORY_ALLOCATION","MEMORY_ALLOCATION_FREE","",0,"0x00007fbe84279000",3148,3219604402853472,3219604402853770
"MEMORY_ALLOCATION","MEMORY_ALLOCATION_FREE","",0,"0x00007fbe84278000",3150,3219604402855287,3219604402855513
"MEMORY_ALLOCATION","MEMORY_ALLOCATION_FREE","",0,"0x00007fbe84277000",3152,3219604402862300,3219604402862540
"MEMORY_ALLOCATION","MEMORY_ALLOCATION_FREE","",0,"0x00007fbe84276000",3154,3219604402864313,3219604402864622
"MEMORY_ALLOCATION","MEMORY_ALLOCATION_ALLOCATE","Agent 3",256,"0x00007fbe8427e000",3156,3219604402866110,3219604402866283
"MEMORY_ALLOCATION","MEMORY_ALLOCATION_ALLOCATE","Agent 3",256,"0x00007fbe84276000",3158,3219604402867969,3219604402868224
"MEMORY_ALLOCATION","MEMORY_ALLOCATION_ALLOCATE","Agent 3",512,"0x00007fbe84277000",3163,3219604402879905,3219604402880187
"MEMORY_ALLOCATION","MEMORY_ALLOCATION_ALLOCATE","Agent 3",512,"0x00007fbe84278000",3168,3219604402893506,3219604402893876
"MEMORY_ALLOCATION","MEMORY_ALLOCATION_ALLOCATE","Agent 3",512,"0x00007fbe84279000",3173,3219604402909721,3219604402910194
"MEMORY_ALLOCATION","MEMORY_ALLOCATION_FREE","",0,"0x00007fbe84278000",3178,3219604402939609,3219604402939883
"MEMORY_ALLOCATION","MEMORY_ALLOCATION_FREE","",0,"0x00007fbe84277000",3180,3219604402949443,3219604402949668
"MEMORY_ALLOCATION","MEMORY_ALLOCATION_ALLOCATE","Agent 3",256,"0x00007fbe84277000",3182,3219604402951447,3219604402951656
"MEMORY_ALLOCATION","MEMORY_ALLOCATION_FREE","",0,"0x00007fbe84279000",3187,3219604402983402,3219604402983873
"MEMORY_ALLOCATION","MEMORY_ALLOCATION_ALLOCATE","Agent 3",256,"0x00007fbe84278000",3189,3219604402985901,3219604402986178
"MEMORY_ALLOCATION","MEMORY_ALLOCATION_FREE","",0,"0x00007fbe84277000",3194,3219604403004437,3219604403004672
"MEMORY_ALLOCATION","MEMORY_ALLOCATION_FREE","",0,"0x00007fbe84276000",3196,3219604403006665,3219604403006940
"MEMORY_ALLOCATION","MEMORY_ALLOCATION_FREE","",0,"0x00007fbe8427e000",3198,3219604403008692,3219604403008892
"MEMORY_ALLOCATION","MEMORY_ALLOCATION_FREE","",0,"0x00007fbe8427d000",3200,3219604403010755,3219604403011086
"MEMORY_ALLOCATION","MEMORY_ALLOCATION_FREE","",0,"0x00007fbe84275000",3202,3219604403013173,3219604403013458
"MEMORY_ALLOCATION","MEMORY_ALLOCATION_ALLOCATE","Agent 3",256,"0x00007fbe84275000",3204,3219604403015325,3219604403015590
"MEMORY_ALLOCATION","MEMORY_ALLOCATION_ALLOCATE","Agent 3",256,"0x00007fbe84276000",3209,3219604403023343,3219604403023596
"MEMORY_ALLOCATION","MEMORY_ALLOCATION_ALLOCATE","Agent 3",128,"0x00007fbe84277000",3214,3219604403031299,3219604403031585
"MEMORY_ALLOCATION","MEMORY_ALLOCATION_ALLOCATE","Agent 3",128,"0x00007fbe84279000",3219,3219604403038880,3219604403039203
"MEMORY_ALLOCATION","MEMORY_ALLOCATION_ALLOCATE","Agent 3",256,"0x00007fbe8427a000",3224,3219604403055899,3219604403056325
"MEMORY_ALLOCATION","MEMORY_ALLOCATION_ALLOCATE","Agent 3",128,"0x00007fbe8427b000",3229,3219604403064593,3219604403064898
"MEMORY_ALLOCATION","MEMORY_ALLOCATION_ALLOCATE","Agent 3",256,"0x00007fbe8427c000",3237,3219604403079494,3219604403079951
"MEMORY_ALLOCATION","MEMORY_ALLOCATION_ALLOCATE","Agent 3",256,"0x00007fbe8427d000",3242,3219604403088072,3219604403088600
"MEMORY_ALLOCATION","MEMORY_ALLOCATION_FREE","",0,"0x00007fbe8427c000",3247,3219604403126029,3219604403126347
"MEMORY_ALLOCATION","MEMORY_ALLOCATION_FREE","",0,"0x00007fbe8427b000",3249,3219604403128091,3219604403128282
"MEMORY_ALLOCATION","MEMORY_ALLOCATION_FREE","",0,"0x00007fbe8427a000",3251,3219604403129905,3219604403130118
"MEMORY_ALLOCATION","MEMORY_ALLOCATION_FREE","",0,"0x00007fbe84279000",3253,3219604403131681,3219604403131878
"MEMORY_ALLOCATION","MEMORY_ALLOCATION_FREE","",0,"0x00007fbe84277000",3255,3219604403133366,3219604403133562
"MEMORY_ALLOCATION","MEMORY_ALLOCATION_FREE","",0,"0x00007fbe84276000",3257,3219604403135004,3219604403135234
"MEMORY_ALLOCATION","MEMORY_ALLOCATION_FREE","",0,"0x00007fbe84275000",3259,3219604403136801,3219604403136988
"MEMORY_ALLOCATION","MEMORY_ALLOCATION_ALLOCATE","Agent 3",256,"0x00007fbe8427e000",3261,3219604403139730,3219604403139900
"MEMORY_ALLOCATION","MEMORY_ALLOCATION_ALLOCATE","Agent 3",256,"0x00007fbe84275000",3263,3219604403141985,3219604403142154
"MEMORY_ALLOCATION","MEMORY_ALLOCATION_ALLOCATE","Agent 3",512,"0x00007fbe84276000",3268,3219604403150363,3219604403150647
"MEMORY_ALLOCATION","MEMORY_ALLOCATION_ALLOCATE","Agent 3",512,"0x00007fbe84277000",3273,3219604403159363,3219604403159842
"MEMORY_ALLOCATION","MEMORY_ALLOCATION_ALLOCATE","Agent 3",512,"0x00007fbe84279000",3278,3219604403167115,3219604403167357
"MEMORY_ALLOCATION","MEMORY_ALLOCATION_FREE","",0,"0x00007fbe84277000",3283,3219604403187765,3219604403188103
"MEMORY_ALLOCATION","MEMORY_ALLOCATION_FREE","",0,"0x00007fbe84276000",3285,3219604403189923,3219604403190123
"MEMORY_ALLOCATION","MEMORY_ALLOCATION_ALLOCATE","Agent 3",256,"0x00007fbe84276000",3287,3219604403191843,3219604403192022
"MEMORY_ALLOCATION","MEMORY_ALLOCATION_FREE","",0,"0x00007fbe84279000",3292,3219604403222696,3219604403223083
"MEMORY_ALLOCATION","MEMORY_ALLOCATION_ALLOCATE","Agent 3",256,"0x00007fbe84277000",3294,3219604403224863,3219604403225303
"MEMORY_ALLOCATION","MEMORY_ALLOCATION_FREE","",0,"0x00007fbe84276000",3299,3219604403242280,3219604403242662
"MEMORY_ALLOCATION","MEMORY_ALLOCATION_FREE","",0,"0x00007fbe84275000",3301,3219604403244407,3219604403244625
"MEMORY_ALLOCATION","MEMORY_ALLOCATION_FREE","",0,"0x00007fbe8427e000",3303,3219604403246087,3219604403246253
"MEMORY_ALLOCATION","MEMORY_ALLOCATION_FREE","",0,"0x00007fbe8427d000",3305,3219604403247721,3219604403248013
"MEMORY_ALLOCATION","MEMORY_ALLOCATION_FREE","",0,"0x00007fbe84278000",3307,3219604403249522,3219604403249729
"MEMORY_ALLOCATION","MEMORY_ALLOCATION_ALLOCATE","Agent 3",256,"0x00007fbe84275000",3309,3219604403251549,3219604403251801
"MEMORY_ALLOCATION","MEMORY_ALLOCATION_FREE","",0,"0x00007fbe84277000",3314,3219604403269023,3219604403269375
"MEMORY_ALLOCATION","MEMORY_ALLOCATION_ALLOCATE","Agent 3",1024,"0x00007fbe84276000",3316,3219604403271631,3219604403271856
"MEMORY_ALLOCATION","MEMORY_ALLOCATION_FREE","",0,"0x00007fbe84275000",3321,3219604403296404,3219604403296656
"MEMORY_ALLOCATION","MEMORY_ALLOCATION_FREE","",0,"0x00007fbe84274000",3323,3219604403298803,3219604403298995
"MEMORY_ALLOCATION","MEMORY_ALLOCATION_FREE","",0,"0x00007fbe84273000",3325,3219604403300813,3219604403301038
"MEMORY_ALLOCATION","MEMORY_ALLOCATION_FREE","",0,"0x00007fbe84272000",3327,3219604403302662,3219604403302944
"MEMORY_ALLOCATION","MEMORY_ALLOCATION_FREE","",0,"0x00007fbe84276000",3331,3219604403320776,3219604403321122
"MEMORY_ALLOCATION","MEMORY_ALLOCATION_ALLOCATE","Agent 3",16,"0x00007fbe84272000",3333,3219604403323509,3219604403323706
"MEMORY_ALLOCATION","MEMORY_ALLOCATION_ALLOCATE","Agent 3",1024,"0x00007fbe84273000",3337,3219604403342921,3219604403343194
"MEMORY_ALLOCATION","MEMORY_ALLOCATION_ALLOCATE","Agent 3",1024,"0x00007fbe84274000",3342,3219604403351120,3219604403351385
"MEMORY_ALLOCATION","MEMORY_ALLOCATION_ALLOCATE","Agent 3",1024,"0x00007fbe84275000",3347,3219604403358735,3219604403359173
"MEMORY_ALLOCATION","MEMORY_ALLOCATION_ALLOCATE","Agent 3",512,"0x00007fbe84276000",3352,3219604403375381,3219604403375744
"MEMORY_ALLOCATION","MEMORY_ALLOCATION_ALLOCATE","Agent 3",512,"0x00007fbe84277000",3357,3219604403382836,3219604403383131
"MEMORY_ALLOCATION","MEMORY_ALLOCATION_ALLOCATE","Agent 3",1024,"0x00007fbe84278000",3362,3219604403390957,3219604403391315
"MEMORY_ALLOCATION","MEMORY_ALLOCATION_ALLOCATE","Agent 3",512,"0x00007fbe84279000",3367,3219604403399264,3219604403399637
"MEMORY_ALLOCATION","MEMORY_ALLOCATION_ALLOCATE","Agent 3",512,"0x00007fbe8427a000",3372,3219604403407074,3219604403407357
"MEMORY_ALLOCATION","MEMORY_ALLOCATION_ALLOCATE","Agent 3",1024,"0x00007fbe8427b000",3377,3219604403414989,3219604403415276
"MEMORY_ALLOCATION","MEMORY_ALLOCATION_FREE","",0,"0x00007fbe84278000",3382,3219604403437159,3219604403437541
"MEMORY_ALLOCATION","MEMORY_ALLOCATION_ALLOCATE","Agent 3",512,"0x00007fbe84278000",3384,3219604403440863,3219604403441026
"MEMORY_ALLOCATION","MEMORY_ALLOCATION_FREE","",0,"0x00007fbe84279000",3389,3219604403458718,3219604403458980
"MEMORY_ALLOCATION","MEMORY_ALLOCATION_ALLOCATE","Agent 3",8192,"0x00007fbe8427c000",3391,3219604403460825,3219604403461281
"MEMORY_ALLOCATION","MEMORY_ALLOCATION_ALLOCATE","Agent 3",8192,"0x00007fbe8428b000",3397,3219604403473161,3219604403473531
"MEMORY_ALLOCATION","MEMORY_ALLOCATION_ALLOCATE","Agent 3",1024,"0x00007fbe84279000",3403,3219604403489725,3219604403490129
"MEMORY_ALLOCATION","MEMORY_ALLOCATION_ALLOCATE","Agent 3",1024,"0x00007fbe8427e000",3408,3219604403499709,3219604403499974
"MEMORY_ALLOCATION","MEMORY_ALLOCATION_FREE","",0,"0x00007fbe84279000",3413,3219604403518498,3219604403518732
"MEMORY_ALLOCATION","MEMORY_ALLOCATION_ALLOCATE","Agent 3",1024,"0x00007fbe84279000",3415,3219604403520414,3219604403520572
"MEMORY_ALLOCATION","MEMORY_ALLOCATION_FREE","",0,"0x00007fbe8427e000",3420,3219604403544377,3219604403544653
"MEMORY_ALLOCATION","MEMORY_ALLOCATION_FREE","",0,"0x00007fbe8427a000",3422,3219604403546259,3219604403546489
"MEMORY_ALLOCATION","MEMORY_ALLOCATION_FREE","",0,"0x00007fbe84278000",3424,3219604403547963,3219604403548186
"MEMORY_ALLOCATION","MEMORY_ALLOCATION_FREE","",0,"0x00007fbe8427b000",3426,3219604403549919,3219604403550190
"MEMORY_ALLOCATION","MEMORY_ALLOCATION_FREE","",0,"0x00007fbe84277000",3428,3219604403551799,3219604403552173
"MEMORY_ALLOCATION","MEMORY_ALLOCATION_FREE","",0,"0x00007fbe84276000",3430,3219604403553615,3219604403553873
"MEMORY_ALLOCATION","MEMORY_ALLOCATION_FREE","",0,"0x00007fbe84275000",3432,3219604403555513,3219604403555774
"MEMORY_ALLOCATION","MEMORY_ALLOCATION_ALLOCATE","Agent 3",1024,"0x00007fbe8427e000",3434,3219604403557556,3219604403557760
"MEMORY_ALLOCATION","MEMORY_ALLOCATION_FREE","",0,"0x00007fbe84279000",3439,3219604403574943,3219604403575344
"MEMORY_ALLOCATION","MEMORY_ALLOCATION_FREE","",0,"0x00007fbe84274000",3441,3219604403577270,3219604403577519
"MEMORY_ALLOCATION","MEMORY_ALLOCATION_ALLOCATE","Agent 3",1024,"0x00007fbe84274000",3443,3219604403579401,3219604403579625
"MEMORY_ALLOCATION","MEMORY_ALLOCATION_ALLOCATE","Agent 3",2048,"0x00007fbe84275000",3448,3219604403586912,3219604403587213
"MEMORY_ALLOCATION","MEMORY_ALLOCATION_ALLOCATE","Agent 3",2048,"0x00007fbe84276000",3453,3219604403594885,3219604403595336
"MEMORY_ALLOCATION","MEMORY_ALLOCATION_ALLOCATE","Agent 3",2048,"0x00007fbe84277000",3458,3219604403603455,3219604403603946
"MEMORY_ALLOCATION","MEMORY_ALLOCATION_FREE","",0,"0x00007fbe84276000",3463,3219604403630694,3219604403630975
"MEMORY_ALLOCATION","MEMORY_ALLOCATION_FREE","",0,"0x00007fbe84275000",3465,3219604403632746,3219604403632991
"MEMORY_ALLOCATION","MEMORY_ALLOCATION_ALLOCATE","Agent 3",1024,"0x00007fbe84275000",3467,3219604403634663,3219604403634906
"MEMORY_ALLOCATION","MEMORY_ALLOCATION_FREE","",0,"0x00007fbe84277000",3472,3219604403666224,3219604403666578
"MEMORY_ALLOCATION","MEMORY_ALLOCATION_ALLOCATE","Agent 3",1024,"0x00007fbe84276000",3474,3219604403668505,3219604403668744
"MEMORY_ALLOCATION","MEMORY_ALLOCATION_FREE","",0,"0x00007fbe84275000",3479,3219604403685914,3219604403686174
"MEMORY_ALLOCATION","MEMORY_ALLOCATION_FREE","",0,"0x00007fbe84274000",3481,3219604403688262,3219604403688520
"MEMORY_ALLOCATION","MEMORY_ALLOCATION_FREE","",0,"0x00007fbe8427e000",3483,3219604403690309,3219604403690566
"MEMORY_ALLOCATION","MEMORY_ALLOCATION_FREE","",0,"0x00007fbe84273000",3485,3219604403692307,3219604403692594
"MEMORY_ALLOCATION","MEMORY_ALLOCATION_ALLOCATE","Agent 3",1024,"0x00007fbe8427e000",3487,3219604403694238,3219604403694457
"MEMORY_ALLOCATION","MEMORY_ALLOCATION_ALLOCATE","Agent 3",1024,"0x00007fbe84273000",3492,3219604403701685,3219604403701932
"MEMORY_ALLOCATION","MEMORY_ALLOCATION_ALLOCATE","Agent 3",512,"0x00007fbe84274000",3497,3219604403709556,3219604403709892
"MEMORY_ALLOCATION","MEMORY_ALLOCATION_ALLOCATE","Agent 3",512,"0x00007fbe84275000",3502,3219604403720721,3219604403721008
"MEMORY_ALLOCATION","MEMORY_ALLOCATION_ALLOCATE","Agent 3",1024,"0x00007fbe84277000",3507,3219604403729843,3219604403731394
"MEMORY_ALLOCATION","MEMORY_ALLOCATION_ALLOCATE","Agent 3",512,"0x00007fbe84278000",3512,3219604403770703,3219604403771192
"MEMORY_ALLOCATION","MEMORY_ALLOCATION_ALLOCATE","Agent 3",512,"0x00007fbe84279000",3517,3219604403794387,3219604403794814
"MEMORY_ALLOCATION","MEMORY_ALLOCATION_ALLOCATE","Agent 3",1024,"0x00007fbe8427a000",3522,3219604403807075,3219604403807396
"MEMORY_ALLOCATION","MEMORY_ALLOCATION_FREE","",0,"0x00007fbe84277000",3527,3219604403830014,3219604403830364
"MEMORY_ALLOCATION","MEMORY_ALLOCATION_ALLOCATE","Agent 3",512,"0x00007fbe8427b000",3529,3219604403833553,3219604403833771
"MEMORY_ALLOCATION","MEMORY_ALLOCATION_FREE","",0,"0x00007fbe84278000",3534,3219604403851815,3219604403852171
"MEMORY_ALLOCATION","MEMORY_ALLOCATION_ALLOCATE","Agent 3",8192,"0x00007fbe84277000",3536,3219604403854070,3219604403854258
"MEMORY_ALLOCATION","MEMORY_ALLOCATION_ALLOCATE","Agent 3",8192,"0x00007fbe8428d000",3542,3219604403866050,3219604403866623
"MEMORY_ALLOCATION","MEMORY_ALLOCATION_ALLOCATE","Agent 3",1024,"0x00007fbe8428f000",3548,3219604403878933,3219604403879324
"MEMORY_ALLOCATION","MEMORY_ALLOCATION_ALLOCATE","Agent 3",1024,"0x00007fbe84290000",3553,3219604403888747,3219604403889143
"MEMORY_ALLOCATION","MEMORY_ALLOCATION_FREE","",0,"0x00007fbe8428f000",3558,3219604403907510,3219604403907856
"MEMORY_ALLOCATION","MEMORY_ALLOCATION_ALLOCATE","Agent 3",1024,"0x00007fbe8428f000",3560,3219604403909321,3219604403909469
"MEMORY_ALLOCATION","MEMORY_ALLOCATION_FREE","",0,"0x00007fbe84290000",3565,3219604403934035,3219604403934354
"MEMORY_ALLOCATION","MEMORY_ALLOCATION_FREE","",0,"0x00007fbe84279000",3567,3219604403936120,3219604403936369
"MEMORY_ALLOCATION","MEMORY_ALLOCATION_FREE","",0,"0x00007fbe8427b000",3569,3219604403938062,3219604403938287
"MEMORY_ALLOCATION","MEMORY_ALLOCATION_FREE","",0,"0x00007fbe8427a000",3571,3219604403940226,3219604403940542
"MEMORY_ALLOCATION","MEMORY_ALLOCATION_FREE","",0,"0x00007fbe84275000",3573,3219604403943853,3219604403944090
"MEMORY_ALLOCATION","MEMORY_ALLOCATION_FREE","",0,"0x00007fbe84274000",3575,3219604403945609,3219604403945869
"MEMORY_ALLOCATION","MEMORY_ALLOCATION_FREE","",0,"0x00007fbe84273000",3577,3219604403947400,3219604403947735
"MEMORY_ALLOCATION","MEMORY_ALLOCATION_ALLOCATE","Agent 3",1024,"0x00007fbe84279000",3579,3219604403949378,3219604403949595
"MEMORY_ALLOCATION","MEMORY_ALLOCATION_FREE","",0,"0x00007fbe8428f000",3584,3219604403966751,3219604403967106
"MEMORY_ALLOCATION","MEMORY_ALLOCATION_FREE","",0,"0x00007fbe8427e000",3586,3219604403968956,3219604403969232
"MEMORY_ALLOCATION","MEMORY_ALLOCATION_ALLOCATE","Agent 3",1024,"0x00007fbe8427e000",3588,3219604403970810,3219604403970979
"MEMORY_ALLOCATION","MEMORY_ALLOCATION_ALLOCATE","Agent 3",2048,"0x00007fbe8427a000",3593,3219604403978035,3219604403978313
"MEMORY_ALLOCATION","MEMORY_ALLOCATION_ALLOCATE","Agent 3",2048,"0x00007fbe8427b000",3598,3219604403985424,3219604403985619
"MEMORY_ALLOCATION","MEMORY_ALLOCATION_ALLOCATE","Agent 3",2048,"0x00007fbe84273000",3603,3219604403992702,3219604403993059
"MEMORY_ALLOCATION","MEMORY_ALLOCATION_FREE","",0,"0x00007fbe8427b000",3608,3219604404017411,3219604404017786
"MEMORY_ALLOCATION","MEMORY_ALLOCATION_FREE","",0,"0x00007fbe8427a000",3610,3219604404019758,3219604404020042
"MEMORY_ALLOCATION","MEMORY_ALLOCATION_ALLOCATE","Agent 3",1024,"0x00007fbe84274000",3612,3219604404021802,3219604404022065
"MEMORY_ALLOCATION","MEMORY_ALLOCATION_FREE","",0,"0x00007fbe84273000",3617,3219604404053862,3219604404054152
"MEMORY_ALLOCATION","MEMORY_ALLOCATION_ALLOCATE","Agent 3",1024,"0x00007fbe84275000",3619,3219604404056029,3219604404056241
"MEMORY_ALLOCATION","MEMORY_ALLOCATION_FREE","",0,"0x00007fbe84274000",3624,3219604404073512,3219604404073830
"MEMORY_ALLOCATION","MEMORY_ALLOCATION_FREE","",0,"0x00007fbe8427e000",3626,3219604404075834,3219604404076011
"MEMORY_ALLOCATION","MEMORY_ALLOCATION_FREE","",0,"0x00007fbe84279000",3628,3219604404077494,3219604404077799
"MEMORY_ALLOCATION","MEMORY_ALLOCATION_FREE","",0,"0x00007fbe84276000",3630,3219604404079619,3219604404079834
"MEMORY_ALLOCATION","MEMORY_ALLOCATION_ALLOCATE","Agent 3",1024,"0x00007fbe8427e000",3632,3219604404081334,3219604404081488
"MEMORY_ALLOCATION","MEMORY_ALLOCATION_FREE","",0,"0x00007fbe84275000",3637,3219604404098681,3219604404099116
"MEMORY_ALLOCATION","MEMORY_ALLOCATION_ALLOCATE","Agent 3",1024,"0x00007fbe84279000",3639,3219604404101588,3219604404101865
"MEMORY_ALLOCATION","MEMORY_ALLOCATION_FREE","",0,"0x00007fbe8427e000",3644,3219604404125983,3219604404126216
"MEMORY_ALLOCATION","MEMORY_ALLOCATION_FREE","",0,"0x00007fbe84272000",3646,3219604404128609,3219604404129038
"MEMORY_ALLOCATION","MEMORY_ALLOCATION_FREE","",0,"0x00007fbe8428b000",3664,3219604404192747,3219604404193097
"MEMORY_ALLOCATION","MEMORY_ALLOCATION_FREE","",0,"0x00007fbe8427c000",3666,3219604404195023,3219604404195564
"MEMORY_ALLOCATION","MEMORY_ALLOCATION_FREE","",0,"0x00007fbe8428d000",3668,3219604404197487,3219604404197900
"MEMORY_ALLOCATION","MEMORY_ALLOCATION_FREE","",0,"0x00007fbe84277000",3670,3219604404199587,3219604404199947
"MEMORY_ALLOCATION","MEMORY_ALLOCATION_FREE","",0,"0x00007fbe84279000",3674,3219604404217852,3219604404218187
"MEMORY_ALLOCATION","MEMORY_ALLOCATION_ALLOCATE","Agent 3",8,"0x00007fbe84272000",3676,3219604404220147,3219604404220424
"MEMORY_ALLOCATION","MEMORY_ALLOCATION_FREE","",0,"0x00007fbe84272000",3683,3219604404255306,3219604404255579
"MEMORY_ALLOCATION","MEMORY_ALLOCATION_ALLOCATE","Agent 3",4,"0x00007fbe84272000",3697,3219604404281759,3219604404282172
"MEMORY_ALLOCATION","MEMORY_ALLOCATION_ALLOCATE","Agent 3",4,"0x00007fbe84273000",3701,3219604404302226,3219604404302546
"MEMORY_ALLOCATION","MEMORY_ALLOCATION_ALLOCATE","Agent 3",4,"0x00007fbe84274000",3705,3219604404321222,3219604404321625
"MEMORY_ALLOCATION","MEMORY_ALLOCATION_ALLOCATE","Agent 3",256,"0x00007fbe84275000",3709,3219604404340711,3219604404341168
"MEMORY_ALLOCATION","MEMORY_ALLOCATION_ALLOCATE","Agent 3",256,"0x00007fbe84276000",3714,3219604404348598,3219604404348879
"MEMORY_ALLOCATION","MEMORY_ALLOCATION_ALLOCATE","Agent 3",256,"0x00007fbe84277000",3719,3219604404356769,3219604404357070
"MEMORY_ALLOCATION","MEMORY_ALLOCATION_ALLOCATE","Agent 3",128,"0x00007fbe84278000",3724,3219604404365499,3219604404365985
"MEMORY_ALLOCATION","MEMORY_ALLOCATION_ALLOCATE","Agent 3",128,"0x00007fbe84279000",3729,3219604404373445,3219604404373871
"MEMORY_ALLOCATION","MEMORY_ALLOCATION_ALLOCATE","Agent 3",256,"0x00007fbe8427a000",3734,3219604404382208,3219604404382619
"MEMORY_ALLOCATION","MEMORY_ALLOCATION_ALLOCATE","Agent 3",128,"0x00007fbe8427b000",3739,3219604404390456,3219604404390741
"MEMORY_ALLOCATION","MEMORY_ALLOCATION_ALLOCATE","Agent 3",256,"0x00007fbe8427c000",3747,3219604404407885,3219604404408171
"MEMORY_ALLOCATION","MEMORY_ALLOCATION_ALLOCATE","Agent 3",256,"0x00007fbe8427d000",3752,3219604404417310,3219604404417863
"MEMORY_ALLOCATION","MEMORY_ALLOCATION_FREE","",0,"0x00007fbe8427c000",3757,3219604404447000,3219604404447470
"MEMORY_ALLOCATION","MEMORY_ALLOCATION_FREE","",0,"0x00007fbe8427b000",3759,3219604404449394,3219604404449690
"MEMORY_ALLOCATION","MEMORY_ALLOCATION_FREE","",0,"0x00007fbe8427a000",3761,3219604404451337,3219604404451587
"MEMORY_ALLOCATION","MEMORY_ALLOCATION_FREE","",0,"0x00007fbe84279000",3763,3219604404454742,3219604404454999
"MEMORY_ALLOCATION","MEMORY_ALLOCATION_FREE","",0,"0x00007fbe84278000",3765,3219604404456642,3219604404456858
"MEMORY_ALLOCATION","MEMORY_ALLOCATION_FREE","",0,"0x00007fbe84277000",3767,3219604404458265,3219604404458495
"MEMORY_ALLOCATION","MEMORY_ALLOCATION_FREE","",0,"0x00007fbe84276000",3769,3219604404460187,3219604404460446
"MEMORY_ALLOCATION","MEMORY_ALLOCATION_ALLOCATE","Agent 3",256,"0x00007fbe8427e000",3771,3219604404463735,3219604404463891
"MEMORY_ALLOCATION","MEMORY_ALLOCATION_ALLOCATE","Agent 3",256,"0x00007fbe84276000",3773,3219604404465806,3219604404466012
"MEMORY_ALLOCATION","MEMORY_ALLOCATION_ALLOCATE","Agent 3",512,"0x00007fbe84277000",3778,3219604404475343,3219604404475601
"MEMORY_ALLOCATION","MEMORY_ALLOCATION_ALLOCATE","Agent 3",512,"0x00007fbe84278000",3783,3219604404483324,3219604404483673
"MEMORY_ALLOCATION","MEMORY_ALLOCATION_ALLOCATE","Agent 3",512,"0x00007fbe84279000",3788,3219604404490817,3219604404491238
"MEMORY_ALLOCATION","MEMORY_ALLOCATION_FREE","",0,"0x00007fbe84278000",3793,3219604404512716,3219604404512970
"MEMORY_ALLOCATION","MEMORY_ALLOCATION_FREE","",0,"0x00007fbe84277000",3795,3219604404514739,3219604404514977
"MEMORY_ALLOCATION","MEMORY_ALLOCATION_ALLOCATE","Agent 3",256,"0x00007fbe84277000",3797,3219604404516574,3219604404516796
"MEMORY_ALLOCATION","MEMORY_ALLOCATION_FREE","",0,"0x00007fbe84279000",3802,3219604404547811,3219604404548165
"MEMORY_ALLOCATION","MEMORY_ALLOCATION_ALLOCATE","Agent 3",256,"0x00007fbe84278000",3804,3219604404550042,3219604404550246
"MEMORY_ALLOCATION","MEMORY_ALLOCATION_FREE","",0,"0x00007fbe84277000",3809,3219604404566667,3219604404566912
"MEMORY_ALLOCATION","MEMORY_ALLOCATION_FREE","",0,"0x00007fbe84276000",3811,3219604404568723,3219604404568930
"MEMORY_ALLOCATION","MEMORY_ALLOCATION_FREE","",0,"0x00007fbe8427e000",3813,3219604404570511,3219604404570667
"MEMORY_ALLOCATION","MEMORY_ALLOCATION_FREE","",0,"0x00007fbe8427d000",3815,3219604404572219,3219604404572549
"MEMORY_ALLOCATION","MEMORY_ALLOCATION_FREE","",0,"0x00007fbe84275000",3817,3219604404574329,3219604404574555
"MEMORY_ALLOCATION","MEMORY_ALLOCATION_ALLOCATE","Agent 3",256,"0x00007fbe84275000",3819,3219604404576163,3219604404576341
"MEMORY_ALLOCATION","MEMORY_ALLOCATION_ALLOCATE","Agent 3",256,"0x00007fbe84276000",3824,3219604404583734,3219604404583983
"MEMORY_ALLOCATION","MEMORY_ALLOCATION_ALLOCATE","Agent 3",128,"0x00007fbe84277000",3829,3219604404591216,3219604404591476
"MEMORY_ALLOCATION","MEMORY_ALLOCATION_ALLOCATE","Agent 3",128,"0x00007fbe84279000",3834,3219604404608971,3219604404609269
"MEMORY_ALLOCATION","MEMORY_ALLOCATION_ALLOCATE","Agent 3",256,"0x00007fbe8427a000",3839,3219604404617075,3219604404617500
"MEMORY_ALLOCATION","MEMORY_ALLOCATION_ALLOCATE","Agent 3",128,"0x00007fbe8427b000",3844,3219604404625328,3219604404625903
"MEMORY_ALLOCATION","MEMORY_ALLOCATION_ALLOCATE","Agent 3",256,"0x00007fbe8427c000",3852,3219604404641900,3219604404642195
"MEMORY_ALLOCATION","MEMORY_ALLOCATION_ALLOCATE","Agent 3",256,"0x00007fbe8427d000",3857,3219604404655369,3219604404655882
"MEMORY_ALLOCATION","MEMORY_ALLOCATION_FREE","",0,"0x00007fbe8427c000",3862,3219604404707258,3219604404707920
"MEMORY_ALLOCATION","MEMORY_ALLOCATION_FREE","",0,"0x00007fbe8427b000",3864,3219604404710195,3219604404710536
"MEMORY_ALLOCATION","MEMORY_ALLOCATION_FREE","",0,"0x00007fbe8427a000",3866,3219604404712491,3219604404712772
"MEMORY_ALLOCATION","MEMORY_ALLOCATION_FREE","",0,"0x00007fbe84279000",3868,3219604404714722,3219604404714963
"MEMORY_ALLOCATION","MEMORY_ALLOCATION_FREE","",0,"0x00007fbe84277000",3870,3219604404716980,3219604404717340
"MEMORY_ALLOCATION","MEMORY_ALLOCATION_FREE","",0,"0x00007fbe84276000",3872,3219604404718983,3219604404719325
"MEMORY_ALLOCATION","MEMORY_ALLOCATION_FREE","",0,"0x00007fbe84275000",3874,3219604404720854,3219604404721029
"MEMORY_ALLOCATION","MEMORY_ALLOCATION_ALLOCATE","Agent 3",256,"0x00007fbe8427e000",3876,3219604404723082,3219604404723240
"MEMORY_ALLOCATION","MEMORY_ALLOCATION_ALLOCATE","Agent 3",256,"0x00007fbe84275000",3878,3219604404741696,3219604404741912
"MEMORY_ALLOCATION","MEMORY_ALLOCATION_ALLOCATE","Agent 3",512,"0x00007fbe84276000",3883,3219604404750788,3219604404751057
"MEMORY_ALLOCATION","MEMORY_ALLOCATION_ALLOCATE","Agent 3",512,"0x00007fbe84277000",3888,3219604404759350,3219604404759591
"MEMORY_ALLOCATION","MEMORY_ALLOCATION_ALLOCATE","Agent 3",512,"0x00007fbe84279000",3893,3219604404767099,3219604404767350
"MEMORY_ALLOCATION","MEMORY_ALLOCATION_FREE","",0,"0x00007fbe84277000",3898,3219604404787751,3219604404787991
"MEMORY_ALLOCATION","MEMORY_ALLOCATION_FREE","",0,"0x00007fbe84276000",3900,3219604404790044,3219604404790224
"MEMORY_ALLOCATION","MEMORY_ALLOCATION_ALLOCATE","Agent 3",256,"0x00007fbe84276000",3902,3219604404792042,3219604404792272
"MEMORY_ALLOCATION","MEMORY_ALLOCATION_FREE","",0,"0x00007fbe84279000",3907,3219604404823036,3219604404823290
"MEMORY_ALLOCATION","MEMORY_ALLOCATION_ALLOCATE","Agent 3",256,"0x00007fbe84277000",3909,3219604404825149,3219604404825307
"MEMORY_ALLOCATION","MEMORY_ALLOCATION_FREE","",0,"0x00007fbe84276000",3914,3219604404842640,3219604404842876
"MEMORY_ALLOCATION","MEMORY_ALLOCATION_FREE","",0,"0x00007fbe84275000",3916,3219604404844812,3219604404845041
"MEMORY_ALLOCATION","MEMORY_ALLOCATION_FREE","",0,"0x00007fbe8427e000",3918,3219604404846679,3219604404846853
"MEMORY_ALLOCATION","MEMORY_ALLOCATION_FREE","",0,"0x00007fbe8427d000",3920,3219604404850211,3219604404850516
"MEMORY_ALLOCATION","MEMORY_ALLOCATION_FREE","",0,"0x00007fbe84278000",3922,3219604404852431,3219604404852729
"MEMORY_ALLOCATION","MEMORY_ALLOCATION_ALLOCATE","Agent 3",256,"0x00007fbe84275000",3924,3219604404854859,3219604404855070
"MEMORY_ALLOCATION","MEMORY_ALLOCATION_FREE","",0,"0x00007fbe84277000",3929,3219604404872713,3219604404873026
"MEMORY_ALLOCATION","MEMORY_ALLOCATION_ALLOCATE","Agent 3",1024,"0x00007fbe84276000",3931,3219604404875020,3219604404875240
"MEMORY_ALLOCATION","MEMORY_ALLOCATION_FREE","",0,"0x00007fbe84275000",3936,3219604404898704,3219604404898937
"MEMORY_ALLOCATION","MEMORY_ALLOCATION_FREE","",0,"0x00007fbe84274000",3938,3219604404900877,3219604404901096
"MEMORY_ALLOCATION","MEMORY_ALLOCATION_FREE","",0,"0x00007fbe84273000",3940,3219604404902880,3219604404903077
"MEMORY_ALLOCATION","MEMORY_ALLOCATION_FREE","",0,"0x00007fbe84272000",3942,3219604404904760,3219604404905147
"MEMORY_ALLOCATION","MEMORY_ALLOCATION_FREE","",0,"0x00007fbe84276000",3946,3219604404922639,3219604404922980
"MEMORY_ALLOCATION","MEMORY_ALLOCATION_ALLOCATE","Agent 3",32,"0x00007fbe84272000",3948,3219604404925529,3219604404925792
"MEMORY_ALLOCATION","MEMORY_ALLOCATION_ALLOCATE","Agent 3",2048,"0x00007fbe84273000",3952,3219604404945025,3219604404945285
"MEMORY_ALLOCATION","MEMORY_ALLOCATION_ALLOCATE","Agent 3",2048,"0x00007fbe84274000",3957,3219604404952541,3219604404952799
"MEMORY_ALLOCATION","MEMORY_ALLOCATION_ALLOCATE","Agent 3",2048,"0x00007fbe84275000",3962,3219604404959933,3219604404960334
"MEMORY_ALLOCATION","MEMORY_ALLOCATION_ALLOCATE","Agent 3",1024,"0x00007fbe84276000",3967,3219604404968395,3219604404968701
"MEMORY_ALLOCATION","MEMORY_ALLOCATION_ALLOCATE","Agent 3",1024,"0x00007fbe84277000",3972,3219604404975850,3219604404976110
"MEMORY_ALLOCATION","MEMORY_ALLOCATION_ALLOCATE","Agent 3",2048,"0x00007fbe84278000",3977,3219604404983966,3219604404984315
"MEMORY_ALLOCATION","MEMORY_ALLOCATION_ALLOCATE","Agent 3",1024,"0x00007fbe84279000",3982,3219604404991869,3219604404992212
"MEMORY_ALLOCATION","MEMORY_ALLOCATION_ALLOCATE","Agent 3",1024,"0x00007fbe8427a000",3987,3219604404999307,3219604405007019
"MEMORY_ALLOCATION","MEMORY_ALLOCATION_ALLOCATE","Agent 3",2048,"0x00007fbe8427b000",3992,3219604405015388,3219604405015816
"MEMORY_ALLOCATION","MEMORY_ALLOCATION_FREE","",0,"0x00007fbe84278000",3997,3219604405037641,3219604405038071
"MEMORY_ALLOCATION","MEMORY_ALLOCATION_ALLOCATE","Agent 3",1024,"0x00007fbe84278000",3999,3219604405041309,3219604405041491
"MEMORY_ALLOCATION","MEMORY_ALLOCATION_FREE","",0,"0x00007fbe84279000",4004,3219604405059355,3219604405059618
"MEMORY_ALLOCATION","MEMORY_ALLOCATION_ALLOCATE","Agent 3",8192,"0x00007fbe8427c000",4006,3219604405061702,3219604405062223
"MEMORY_ALLOCATION","MEMORY_ALLOCATION_ALLOCATE","Agent 3",8192,"0x00007fbe8428b000",4012,3219604405073923,3219604405080027
"MEMORY_ALLOCATION","MEMORY_ALLOCATION_ALLOCATE","Agent 3",2048,"0x00007fbe84279000",4018,3219604405093518,3219604405093866
"MEMORY_ALLOCATION","MEMORY_ALLOCATION_ALLOCATE","Agent 3",2048,"0x00007fbe8427e000",4023,3219604405102258,3219604405102538
"MEMORY_ALLOCATION","MEMORY_ALLOCATION_FREE","",0,"0x00007fbe84279000",4028,3219604405140268,3219604405140664
"MEMORY_ALLOCATION","MEMORY_ALLOCATION_ALLOCATE","Agent 3",2048,"0x00007fbe84279000",4030,3219604405142462,3219604405142647
"MEMORY_ALLOCATION","MEMORY_ALLOCATION_FREE","",0,"0x00007fbe8427e000",4035,3219604405167487,3219604405167757
"MEMORY_ALLOCATION","MEMORY_ALLOCATION_FREE","",0,"0x00007fbe8427a000",4037,3219604405169637,3219604405169833
"MEMORY_ALLOCATION","MEMORY_ALLOCATION_FREE","",0,"0x00007fbe84278000",4039,3219604405171909,3219604405172138
"MEMORY_ALLOCATION","MEMORY_ALLOCATION_FREE","",0,"0x00007fbe8427b000",4041,3219604405174267,3219604405174542
"MEMORY_ALLOCATION","MEMORY_ALLOCATION_FREE","",0,"0x00007fbe84277000",4043,3219604405176290,3219604405176528
"MEMORY_ALLOCATION","MEMORY_ALLOCATION_FREE","",0,"0x00007fbe84276000",4045,3219604405177983,3219604405178267
"MEMORY_ALLOCATION","MEMORY_ALLOCATION_FREE","",0,"0x00007fbe84275000",4047,3219604405180169,3219604405180418
"MEMORY_ALLOCATION","MEMORY_ALLOCATION_ALLOCATE","Agent 3",2048,"0x00007fbe8427e000",4049,3219604405182033,3219604405182238
"MEMORY_ALLOCATION","MEMORY_ALLOCATION_FREE","",0,"0x00007fbe84279000",4054,3219604405199568,3219604405199944
"MEMORY_ALLOCATION","MEMORY_ALLOCATION_FREE","",0,"0x00007fbe84274000",4056,3219604405201835,3219604405202083
"MEMORY_ALLOCATION","MEMORY_ALLOCATION_ALLOCATE","Agent 3",2048,"0x00007fbe84274000",4058,3219604405203856,3219604405204054
"MEMORY_ALLOCATION","MEMORY_ALLOCATION_ALLOCATE","Agent 3",4096,"0x00007fbe84275000",4063,3219604405211974,3219604405212264
"MEMORY_ALLOCATION","MEMORY_ALLOCATION_ALLOCATE","Agent 3",4096,"0x00007fbe84276000",4068,3219604405219824,3219604405220174
"MEMORY_ALLOCATION","MEMORY_ALLOCATION_ALLOCATE","Agent 3",4096,"0x00007fbe84277000",4073,3219604405227777,3219604405228114
"MEMORY_ALLOCATION","MEMORY_ALLOCATION_FREE","",0,"0x00007fbe84276000",4078,3219604405248952,3219604405249305
"MEMORY_ALLOCATION","MEMORY_ALLOCATION_FREE","",0,"0x00007fbe84275000",4080,3219604405251089,3219604405251326
"MEMORY_ALLOCATION","MEMORY_ALLOCATION_ALLOCATE","Agent 3",2048,"0x00007fbe84275000",4082,3219604405252960,3219604405253166
"MEMORY_ALLOCATION","MEMORY_ALLOCATION_FREE","",0,"0x00007fbe84277000",4087,3219604405286611,3219604405286990
"MEMORY_ALLOCATION","MEMORY_ALLOCATION_ALLOCATE","Agent 3",2048,"0x00007fbe84276000",4089,3219604405288836,3219604405289043
"MEMORY_ALLOCATION","MEMORY_ALLOCATION_FREE","",0,"0x00007fbe84275000",4094,3219604405306289,3219604405306542
"MEMORY_ALLOCATION","MEMORY_ALLOCATION_FREE","",0,"0x00007fbe84274000",4096,3219604405308343,3219604405308576
"MEMORY_ALLOCATION","MEMORY_ALLOCATION_FREE","",0,"0x00007fbe8427e000",4098,3219604405310611,3219604405310815
"MEMORY_ALLOCATION","MEMORY_ALLOCATION_FREE","",0,"0x00007fbe84273000",4100,3219604405312616,3219604405312876
"MEMORY_ALLOCATION","MEMORY_ALLOCATION_ALLOCATE","Agent 3",2048,"0x00007fbe8427e000",4102,3219604405314699,3219604405314902
"MEMORY_ALLOCATION","MEMORY_ALLOCATION_ALLOCATE","Agent 3",2048,"0x00007fbe84273000",4107,3219604405322106,3219604405322337
"MEMORY_ALLOCATION","MEMORY_ALLOCATION_ALLOCATE","Agent 3",1024,"0x00007fbe84274000",4112,3219604405329709,3219604405329972
"MEMORY_ALLOCATION","MEMORY_ALLOCATION_ALLOCATE","Agent 3",1024,"0x00007fbe84275000",4117,3219604405336886,3219604405337149
"MEMORY_ALLOCATION","MEMORY_ALLOCATION_ALLOCATE","Agent 3",2048,"0x00007fbe84277000",4122,3219604405345181,3219604405345512
"MEMORY_ALLOCATION","MEMORY_ALLOCATION_ALLOCATE","Agent 3",1024,"0x00007fbe84278000",4127,3219604405352238,3219604405352619
"MEMORY_ALLOCATION","MEMORY_ALLOCATION_ALLOCATE","Agent 3",1024,"0x00007fbe84279000",4132,3219604405363126,3219604405363688
"MEMORY_ALLOCATION","MEMORY_ALLOCATION_ALLOCATE","Agent 3",2048,"0x00007fbe8427a000",4137,3219604405372124,3219604405372638
"MEMORY_ALLOCATION","MEMORY_ALLOCATION_FREE","",0,"0x00007fbe84277000",4142,3219604405398279,3219604405398650
"MEMORY_ALLOCATION","MEMORY_ALLOCATION_ALLOCATE","Agent 3",1024,"0x00007fbe8427b000",4144,3219604405407462,3219604405407918
"MEMORY_ALLOCATION","MEMORY_ALLOCATION_FREE","",0,"0x00007fbe84278000",4149,3219604405441861,3219604405442257
"MEMORY_ALLOCATION","MEMORY_ALLOCATION_ALLOCATE","Agent 3",8192,"0x00007fbe84277000",4151,3219604405444137,3219604405444309
"MEMORY_ALLOCATION","MEMORY_ALLOCATION_ALLOCATE","Agent 3",8192,"0x00007fbe8428d000",4157,3219604405455538,3219604405456111
"MEMORY_ALLOCATION","MEMORY_ALLOCATION_ALLOCATE","Agent 3",2048,"0x00007fbe8428f000",4163,3219604405468330,3219604405468687
"MEMORY_ALLOCATION","MEMORY_ALLOCATION_ALLOCATE","Agent 3",2048,"0x00007fbe84290000",4168,3219604405478673,3219604405479192
"MEMORY_ALLOCATION","MEMORY_ALLOCATION_FREE","",0,"0x00007fbe8428f000",4173,3219604405497240,3219604405497514
"MEMORY_ALLOCATION","MEMORY_ALLOCATION_ALLOCATE","Agent 3",2048,"0x00007fbe8428f000",4175,3219604405499107,3219604405499254
"MEMORY_ALLOCATION","MEMORY_ALLOCATION_FREE","",0,"0x00007fbe84290000",4180,3219604405523607,3219604405523965
"MEMORY_ALLOCATION","MEMORY_ALLOCATION_FREE","",0,"0x00007fbe84279000",4182,3219604405525711,3219604405526080
"MEMORY_ALLOCATION","MEMORY_ALLOCATION_FREE","",0,"0x00007fbe8427b000",4184,3219604405527872,3219604405528098
"MEMORY_ALLOCATION","MEMORY_ALLOCATION_FREE","",0,"0x00007fbe8427a000",4186,3219604405529542,3219604405529836
"MEMORY_ALLOCATION","MEMORY_ALLOCATION_FREE","",0,"0x00007fbe84275000",4188,3219604405531388,3219604405531644
"MEMORY_ALLOCATION","MEMORY_ALLOCATION_FREE","",0,"0x00007fbe84274000",4190,3219604405533188,3219604405533456
"MEMORY_ALLOCATION","MEMORY_ALLOCATION_FREE","",0,"0x00007fbe84273000",4192,3219604405535138,3219604405535433
"MEMORY_ALLOCATION","MEMORY_ALLOCATION_ALLOCATE","Agent 3",2048,"0x00007fbe84279000",4194,3219604405537235,3219604405537430
"MEMORY_ALLOCATION","MEMORY_ALLOCATION_FREE","",0,"0x00007fbe8428f000",4199,3219604405554344,3219604405554661
"MEMORY_ALLOCATION","MEMORY_ALLOCATION_FREE","",0,"0x00007fbe8427e000",4201,3219604405559672,3219604405559953
"MEMORY_ALLOCATION","MEMORY_ALLOCATION_ALLOCATE","Agent 3",2048,"0x00007fbe8427e000",4203,3219604405561689,3219604405561869
"MEMORY_ALLOCATION","MEMORY_ALLOCATION_ALLOCATE","Agent 3",4096,"0x00007fbe8427a000",4208,3219604405568906,3219604405569172
"MEMORY_ALLOCATION","MEMORY_ALLOCATION_ALLOCATE","Agent 3",4096,"0x00007fbe8427b000",4213,3219604405583940,3219604405584179
"MEMORY_ALLOCATION","MEMORY_ALLOCATION_ALLOCATE","Agent 3",4096,"0x00007fbe84273000",4218,3219604405616790,3219604405617646
"MEMORY_ALLOCATION","MEMORY_ALLOCATION_FREE","",0,"0x00007fbe8427b000",4223,3219604405664037,3219604405664692
"MEMORY_ALLOCATION","MEMORY_ALLOCATION_FREE","",0,"0x00007fbe8427a000",4225,3219604405667280,3219604405667595
"MEMORY_ALLOCATION","MEMORY_ALLOCATION_ALLOCATE","Agent 3",2048,"0x00007fbe84274000",4227,3219604405669943,3219604405670298
"MEMORY_ALLOCATION","MEMORY_ALLOCATION_FREE","",0,"0x00007fbe84273000",4232,3219604405701705,3219604405701970
"MEMORY_ALLOCATION","MEMORY_ALLOCATION_ALLOCATE","Agent 3",2048,"0x00007fbe84275000",4234,3219604405704345,3219604405704558
"MEMORY_ALLOCATION","MEMORY_ALLOCATION_FREE","",0,"0x00007fbe84274000",4239,3219604405721800,3219604405722214
"MEMORY_ALLOCATION","MEMORY_ALLOCATION_FREE","",0,"0x00007fbe8427e000",4241,3219604405724348,3219604405724519
"MEMORY_ALLOCATION","MEMORY_ALLOCATION_FREE","",0,"0x00007fbe84279000",4243,3219604405726380,3219604405726850
"MEMORY_ALLOCATION","MEMORY_ALLOCATION_FREE","",0,"0x00007fbe84276000",4245,3219604405728523,3219604405728739
"MEMORY_ALLOCATION","MEMORY_ALLOCATION_ALLOCATE","Agent 3",2048,"0x00007fbe8427e000",4247,3219604405730889,3219604405731044
"MEMORY_ALLOCATION","MEMORY_ALLOCATION_FREE","",0,"0x00007fbe84275000",4252,3219604405759711,3219604405760132
"MEMORY_ALLOCATION","MEMORY_ALLOCATION_ALLOCATE","Agent 3",1024,"0x00007fbe84279000",4254,3219604405762764,3219604405763100
"MEMORY_ALLOCATION","MEMORY_ALLOCATION_FREE","",0,"0x00007fbe8427e000",4259,3219604405787459,3219604405787692
"MEMORY_ALLOCATION","MEMORY_ALLOCATION_FREE","",0,"0x00007fbe84272000",4261,3219604405789701,3219604405790035
"MEMORY_ALLOCATION","MEMORY_ALLOCATION_FREE","",0,"0x00007fbe8428b000",4279,3219604405845572,3219604405845923
"MEMORY_ALLOCATION","MEMORY_ALLOCATION_FREE","",0,"0x00007fbe8427c000",4281,3219604405847846,3219604405848229
"MEMORY_ALLOCATION","MEMORY_ALLOCATION_FREE","",0,"0x00007fbe8428d000",4283,3219604405850097,3219604405850496
"MEMORY_ALLOCATION","MEMORY_ALLOCATION_FREE","",0,"0x00007fbe84277000",4285,3219604405853243,3219604405853582
"MEMORY_ALLOCATION","MEMORY_ALLOCATION_FREE","",0,"0x00007fbe84279000",4289,3219604405870939,3219604405871303
"MEMORY_ALLOCATION","MEMORY_ALLOCATION_ALLOCATE","Agent 3",8,"0x00007fbe84272000",4291,3219604405873348,3219604405873563
"MEMORY_ALLOCATION","MEMORY_ALLOCATION_FREE","",0,"0x00007fbe84272000",4298,3219604405908956,3219604405909230
"MEMORY_ALLOCATION","MEMORY_ALLOCATION_ALLOCATE","Agent 3",8,"0x00007fbe84272000",4300,3219604405911703,3219604405911890
"MEMORY_ALLOCATION","MEMORY_ALLOCATION_ALLOCATE","Agent 3",8,"0x00007fbe84273000",4304,3219604405932383,3219604405932666
"MEMORY_ALLOCATION","MEMORY_ALLOCATION_ALLOCATE","Agent 3",8,"0x00007fbe84274000",4308,3219604405952627,3219604405952895
"MEMORY_ALLOCATION","MEMORY_ALLOCATION_ALLOCATE","Agent 3",512,"0x00007fbe84275000",4312,3219604405972529,3219604405972904
"MEMORY_ALLOCATION","MEMORY_ALLOCATION_ALLOCATE","Agent 3",512,"0x00007fbe84276000",4317,3219604405980493,3219604405980772
"MEMORY_ALLOCATION","MEMORY_ALLOCATION_ALLOCATE","Agent 3",512,"0x00007fbe84277000",4322,3219604405988782,3219604405989375
"MEMORY_ALLOCATION","MEMORY_ALLOCATION_ALLOCATE","Agent 3",256,"0x00007fbe84278000",4327,3219604405996479,3219604405996766
"MEMORY_ALLOCATION","MEMORY_ALLOCATION_ALLOCATE","Agent 3",256,"0x00007fbe84279000",4332,3219604406003316,3219604406003593
"MEMORY_ALLOCATION","MEMORY_ALLOCATION_ALLOCATE","Agent 3",512,"0x00007fbe8427a000",4337,3219604406012220,3219604406012489
"MEMORY_ALLOCATION","MEMORY_ALLOCATION_ALLOCATE","Agent 3",256,"0x00007fbe8427b000",4342,3219604406020327,3219604406020615
"MEMORY_ALLOCATION","MEMORY_ALLOCATION_ALLOCATE","Agent 3",512,"0x00007fbe8427c000",4350,3219604406035438,3219604406035817
"MEMORY_ALLOCATION","MEMORY_ALLOCATION_ALLOCATE","Agent 3",512,"0x00007fbe8427d000",4355,3219604406045324,3219604406045671
"MEMORY_ALLOCATION","MEMORY_ALLOCATION_FREE","",0,"0x00007fbe8427c000",4360,3219604406073184,3219604406073470
"MEMORY_ALLOCATION","MEMORY_ALLOCATION_FREE","",0,"0x00007fbe8427b000",4362,3219604406075101,3219604406075321
"MEMORY_ALLOCATION","MEMORY_ALLOCATION_FREE","",0,"0x00007fbe8427a000",4364,3219604406077364,3219604406077575
"MEMORY_ALLOCATION","MEMORY_ALLOCATION_FREE","",0,"0x00007fbe84279000",4366,3219604406079168,3219604406079419
"MEMORY_ALLOCATION","MEMORY_ALLOCATION_FREE","",0,"0x00007fbe84278000",4368,3219604406080911,3219604406081122
"MEMORY_ALLOCATION","MEMORY_ALLOCATION_FREE","",0,"0x00007fbe84277000",4370,3219604406082571,3219604406082842
"MEMORY_ALLOCATION","MEMORY_ALLOCATION_FREE","",0,"0x00007fbe84276000",4372,3219604406084398,3219604406084606
"MEMORY_ALLOCATION","MEMORY_ALLOCATION_ALLOCATE","Agent 3",512,"0x00007fbe8427e000",4374,3219604406086044,3219604406086217
"MEMORY_ALLOCATION","MEMORY_ALLOCATION_ALLOCATE","Agent 3",512,"0x00007fbe84276000",4376,3219604406089584,3219604406089773
"MEMORY_ALLOCATION","MEMORY_ALLOCATION_ALLOCATE","Agent 3",1024,"0x00007fbe84277000",4381,3219604406098414,3219604406098698
"MEMORY_ALLOCATION","MEMORY_ALLOCATION_ALLOCATE","Agent 3",1024,"0x00007fbe84278000",4386,3219604406106848,3219604406107345
"MEMORY_ALLOCATION","MEMORY_ALLOCATION_ALLOCATE","Agent 3",1024,"0x00007fbe84279000",4391,3219604406114653,3219604406115086
"MEMORY_ALLOCATION","MEMORY_ALLOCATION_FREE","",0,"0x00007fbe84278000",4396,3219604406135875,3219604406136212
"MEMORY_ALLOCATION","MEMORY_ALLOCATION_FREE","",0,"0x00007fbe84277000",4398,3219604406138270,3219604406138507
"MEMORY_ALLOCATION","MEMORY_ALLOCATION_ALLOCATE","Agent 3",512,"0x00007fbe84277000",4400,3219604406140151,3219604406140334
"MEMORY_ALLOCATION","MEMORY_ALLOCATION_FREE","",0,"0x00007fbe84279000",4405,3219604406172397,3219604406172742
"MEMORY_ALLOCATION","MEMORY_ALLOCATION_ALLOCATE","Agent 3",512,"0x00007fbe84278000",4407,3219604406174575,3219604406174775
"MEMORY_ALLOCATION","MEMORY_ALLOCATION_FREE","",0,"0x00007fbe84277000",4412,3219604406192234,3219604406192479
"MEMORY_ALLOCATION","MEMORY_ALLOCATION_FREE","",0,"0x00007fbe84276000",4414,3219604406194496,3219604406194697
"MEMORY_ALLOCATION","MEMORY_ALLOCATION_FREE","",0,"0x00007fbe8427e000",4416,3219604406196284,3219604406196442
"MEMORY_ALLOCATION","MEMORY_ALLOCATION_FREE","",0,"0x00007fbe8427d000",4418,3219604406198490,3219604406198813
"MEMORY_ALLOCATION","MEMORY_ALLOCATION_FREE","",0,"0x00007fbe84275000",4420,3219604406200289,3219604406200526
"MEMORY_ALLOCATION","MEMORY_ALLOCATION_ALLOCATE","Agent 3",512,"0x00007fbe84275000",4422,3219604406202343,3219604406202565
"MEMORY_ALLOCATION","MEMORY_ALLOCATION_ALLOCATE","Agent 3",512,"0x00007fbe84276000",4427,3219604406219584,3219604406219837
"MEMORY_ALLOCATION","MEMORY_ALLOCATION_ALLOCATE","Agent 3",256,"0x00007fbe84277000",4432,3219604406228780,3219604406229008
"MEMORY_ALLOCATION","MEMORY_ALLOCATION_ALLOCATE","Agent 3",256,"0x00007fbe84279000",4437,3219604406236186,3219604406236474
"MEMORY_ALLOCATION","MEMORY_ALLOCATION_ALLOCATE","Agent 3",512,"0x00007fbe8427a000",4442,3219604406244082,3219604406244369
"MEMORY_ALLOCATION","MEMORY_ALLOCATION_ALLOCATE","Agent 3",256,"0x00007fbe8427b000",4447,3219604406251500,3219604406251793
"MEMORY_ALLOCATION","MEMORY_ALLOCATION_ALLOCATE","Agent 3",512,"0x00007fbe8427c000",4455,3219604406265742,3219604406266448
"MEMORY_ALLOCATION","MEMORY_ALLOCATION_ALLOCATE","Agent 3",512,"0x00007fbe8427d000",4460,3219604406276166,3219604406276543
"MEMORY_ALLOCATION","MEMORY_ALLOCATION_FREE","",0,"0x00007fbe8427c000",4465,3219604406303033,3219604406303400
"MEMORY_ALLOCATION","MEMORY_ALLOCATION_FREE","",0,"0x00007fbe8427b000",4467,3219604406305134,3219604406305346
"MEMORY_ALLOCATION","MEMORY_ALLOCATION_FREE","",0,"0x00007fbe8427a000",4469,3219604406307133,3219604406307426
"MEMORY_ALLOCATION","MEMORY_ALLOCATION_FREE","",0,"0x00007fbe84279000",4471,3219604406308989,3219604406309296
"MEMORY_ALLOCATION","MEMORY_ALLOCATION_FREE","",0,"0x00007fbe84277000",4473,3219604406310735,3219604406311003
"MEMORY_ALLOCATION","MEMORY_ALLOCATION_FREE","",0,"0x00007fbe84276000",4475,3219604406312598,3219604406312830
"MEMORY_ALLOCATION","MEMORY_ALLOCATION_FREE","",0,"0x00007fbe84275000",4477,3219604406314351,3219604406314546
"MEMORY_ALLOCATION","MEMORY_ALLOCATION_ALLOCATE","Agent 3",512,"0x00007fbe8427e000",4479,3219604406315957,3219604406316112
"MEMORY_ALLOCATION","MEMORY_ALLOCATION_ALLOCATE","Agent 3",512,"0x00007fbe84275000",4481,3219604406319635,3219604406319896
"MEMORY_ALLOCATION","MEMORY_ALLOCATION_ALLOCATE","Agent 3",1024,"0x00007fbe84276000",4486,3219604406328052,3219604406328338
"MEMORY_ALLOCATION","MEMORY_ALLOCATION_ALLOCATE","Agent 3",1024,"0x00007fbe84277000",4491,3219604406336622,3219604406336897
"MEMORY_ALLOCATION","MEMORY_ALLOCATION_ALLOCATE","Agent 3",1024,"0x00007fbe84279000",4496,3219604406344424,3219604406344691
"MEMORY_ALLOCATION","MEMORY_ALLOCATION_FREE","",0,"0x00007fbe84277000",4501,3219604406365114,3219604406365357
"MEMORY_ALLOCATION","MEMORY_ALLOCATION_FREE","",0,"0x00007fbe84276000",4503,3219604406367493,3219604406367718
"MEMORY_ALLOCATION","MEMORY_ALLOCATION_ALLOCATE","Agent 3",512,"0x00007fbe84276000",4505,3219604406369368,3219604406369543
"MEMORY_ALLOCATION","MEMORY_ALLOCATION_FREE","",0,"0x00007fbe84279000",4510,3219604406399615,3219604406399941
"MEMORY_ALLOCATION","MEMORY_ALLOCATION_ALLOCATE","Agent 3",512,"0x00007fbe84277000",4512,3219604406401871,3219604406402073
"MEMORY_ALLOCATION","MEMORY_ALLOCATION_FREE","",0,"0x00007fbe84276000",4517,3219604406419027,3219604406419301
"MEMORY_ALLOCATION","MEMORY_ALLOCATION_FREE","",0,"0x00007fbe84275000",4519,3219604406421166,3219604406421394
"MEMORY_ALLOCATION","MEMORY_ALLOCATION_FREE","",0,"0x00007fbe8427e000",4521,3219604406422778,3219604406422941
"MEMORY_ALLOCATION","MEMORY_ALLOCATION_FREE","",0,"0x00007fbe8427d000",4523,3219604406424454,3219604406424779
"MEMORY_ALLOCATION","MEMORY_ALLOCATION_FREE","",0,"0x00007fbe84278000",4525,3219604406426327,3219604406426598
"MEMORY_ALLOCATION","MEMORY_ALLOCATION_ALLOCATE","Agent 3",512,"0x00007fbe84275000",4527,3219604406428173,3219604406428368
"MEMORY_ALLOCATION","MEMORY_ALLOCATION_FREE","",0,"0x00007fbe84277000",4532,3219604406445960,3219604406446268
"MEMORY_ALLOCATION","MEMORY_ALLOCATION_ALLOCATE","Agent 3",2048,"0x00007fbe84276000",4534,3219604406448582,3219604406448763
"MEMORY_ALLOCATION","MEMORY_ALLOCATION_FREE","",0,"0x00007fbe84275000",4539,3219604406473427,3219604406473658
"MEMORY_ALLOCATION","MEMORY_ALLOCATION_FREE","",0,"0x00007fbe84274000",4541,3219604406475531,3219604406475737
"MEMORY_ALLOCATION","MEMORY_ALLOCATION_FREE","",0,"0x00007fbe84273000",4543,3219604406477312,3219604406477521
"MEMORY_ALLOCATION","MEMORY_ALLOCATION_FREE","",0,"0x00007fbe84272000",4545,3219604406479531,3219604406479784
"MEMORY_ALLOCATION","MEMORY_ALLOCATION_FREE","",0,"0x00007fbe84276000",4551,3219604406502906,3219604406503193
"MEMORY_ALLOCATION","MEMORY_ALLOCATION_ALLOCATE","Agent 3",8,"0x00007fbe84272000",4553,3219604406506263,3219604406506470
"MEMORY_ALLOCATION","MEMORY_ALLOCATION_FREE","",0,"0x00007fbe84272000",4560,3219604406575164,3219604406575563
"MEMORY_ALLOCATION","MEMORY_ALLOCATION_ALLOCATE","Agent 3",8,"0x00007fbe84272000",4562,3219604406579993,3219604406580233
"MEMORY_ALLOCATION","MEMORY_ALLOCATION_ALLOCATE","Agent 3",8,"0x00007fbe84273000",4566,3219604406613088,3219604406613351
"MEMORY_ALLOCATION","MEMORY_ALLOCATION_ALLOCATE","Agent 3",8,"0x00007fbe84274000",4570,3219604406633591,3219604406633842
"MEMORY_ALLOCATION","MEMORY_ALLOCATION_ALLOCATE","Agent 3",512,"0x00007fbe84275000",4574,3219604406654027,3219604406654365
"MEMORY_ALLOCATION","MEMORY_ALLOCATION_ALLOCATE","Agent 3",512,"0x00007fbe84276000",4579,3219604406662441,3219604406662843
"MEMORY_ALLOCATION","MEMORY_ALLOCATION_ALLOCATE","Agent 3",512,"0x00007fbe84277000",4584,3219604406670224,3219604406670563
"MEMORY_ALLOCATION","MEMORY_ALLOCATION_ALLOCATE","Agent 3",256,"0x00007fbe84278000",4589,3219604406678517,3219604406678829
"MEMORY_ALLOCATION","MEMORY_ALLOCATION_ALLOCATE","Agent 3",256,"0x00007fbe84279000",4594,3219604406685942,3219604406686248
"MEMORY_ALLOCATION","MEMORY_ALLOCATION_ALLOCATE","Agent 3",512,"0x00007fbe8427a000",4599,3219604406696440,3219604406696940
"MEMORY_ALLOCATION","MEMORY_ALLOCATION_ALLOCATE","Agent 3",256,"0x00007fbe8427b000",4604,3219604406705887,3219604406706353
"MEMORY_ALLOCATION","MEMORY_ALLOCATION_ALLOCATE","Agent 3",512,"0x00007fbe8427c000",4612,3219604406721979,3219604406722298
"MEMORY_ALLOCATION","MEMORY_ALLOCATION_ALLOCATE","Agent 3",512,"0x00007fbe8427d000",4617,3219604406739098,3219604406739455
"MEMORY_ALLOCATION","MEMORY_ALLOCATION_FREE","",0,"0x00007fbe8427c000",4622,3219604406767996,3219604406768257
"MEMORY_ALLOCATION","MEMORY_ALLOCATION_FREE","",0,"0x00007fbe8427b000",4624,3219604406769954,3219604406770141
"MEMORY_ALLOCATION","MEMORY_ALLOCATION_FREE","",0,"0x00007fbe8427a000",4626,3219604406771725,3219604406771934
"MEMORY_ALLOCATION","MEMORY_ALLOCATION_FREE","",0,"0x00007fbe84279000",4628,3219604406773341,3219604406773545
"MEMORY_ALLOCATION","MEMORY_ALLOCATION_FREE","",0,"0x00007fbe84278000",4630,3219604406775048,3219604406775233
"MEMORY_ALLOCATION","MEMORY_ALLOCATION_FREE","",0,"0x00007fbe84277000",4632,3219604406776687,3219604406776947
"MEMORY_ALLOCATION","MEMORY_ALLOCATION_FREE","",0,"0x00007fbe84276000",4634,3219604406778493,3219604406778698
"MEMORY_ALLOCATION","MEMORY_ALLOCATION_ALLOCATE","Agent 3",512,"0x00007fbe8427e000",4636,3219604406780045,3219604406780201
"MEMORY_ALLOCATION","MEMORY_ALLOCATION_ALLOCATE","Agent 3",512,"0x00007fbe84276000",4638,3219604406783334,3219604406783526
"MEMORY_ALLOCATION","MEMORY_ALLOCATION_ALLOCATE","Agent 3",1024,"0x00007fbe84277000",4643,3219604406791601,3219604406791881
"MEMORY_ALLOCATION","MEMORY_ALLOCATION_ALLOCATE","Agent 3",1024,"0x00007fbe84278000",4648,3219604406800261,3219604406800650
"MEMORY_ALLOCATION","MEMORY_ALLOCATION_ALLOCATE","Agent 3",1024,"0x00007fbe84279000",4653,3219604406807974,3219604406808366
"MEMORY_ALLOCATION","MEMORY_ALLOCATION_FREE","",0,"0x00007fbe84278000",4658,3219604406828975,3219604406829232
"MEMORY_ALLOCATION","MEMORY_ALLOCATION_FREE","",0,"0x00007fbe84277000",4660,3219604406831101,3219604406831301
"MEMORY_ALLOCATION","MEMORY_ALLOCATION_ALLOCATE","Agent 3",512,"0x00007fbe84277000",4662,3219604406832932,3219604406833115
"MEMORY_ALLOCATION","MEMORY_ALLOCATION_FREE","",0,"0x00007fbe84279000",4667,3219604406864588,3219604406864924
"MEMORY_ALLOCATION","MEMORY_ALLOCATION_ALLOCATE","Agent 3",512,"0x00007fbe84278000",4669,3219604406866872,3219604406867072
"MEMORY_ALLOCATION","MEMORY_ALLOCATION_FREE","",0,"0x00007fbe84277000",4674,3219604406884113,3219604406884356
"MEMORY_ALLOCATION","MEMORY_ALLOCATION_FREE","",0,"0x00007fbe84276000",4676,3219604406886221,3219604406886395
"MEMORY_ALLOCATION","MEMORY_ALLOCATION_FREE","",0,"0x00007fbe8427e000",4678,3219604406887799,3219604406887951
"MEMORY_ALLOCATION","MEMORY_ALLOCATION_FREE","",0,"0x00007fbe8427d000",4680,3219604406889396,3219604406889699
"MEMORY_ALLOCATION","MEMORY_ALLOCATION_FREE","",0,"0x00007fbe84275000",4682,3219604406891242,3219604406891454
"MEMORY_ALLOCATION","MEMORY_ALLOCATION_ALLOCATE","Agent 3",512,"0x00007fbe84275000",4684,3219604406892909,3219604406893129
"MEMORY_ALLOCATION","MEMORY_ALLOCATION_ALLOCATE","Agent 3",512,"0x00007fbe84276000",4689,3219604406900228,3219604406900453
"MEMORY_ALLOCATION","MEMORY_ALLOCATION_ALLOCATE","Agent 3",256,"0x00007fbe84277000",4694,3219604406908073,3219604406908302
"MEMORY_ALLOCATION","MEMORY_ALLOCATION_ALLOCATE","Agent 3",256,"0x00007fbe84279000",4699,3219604406915016,3219604406915424
"MEMORY_ALLOCATION","MEMORY_ALLOCATION_ALLOCATE","Agent 3",512,"0x00007fbe8427a000",4704,3219604406923044,3219604406923353
"MEMORY_ALLOCATION","MEMORY_ALLOCATION_ALLOCATE","Agent 3",256,"0x00007fbe8427b000",4709,3219604406930735,3219604406931140
"MEMORY_ALLOCATION","MEMORY_ALLOCATION_ALLOCATE","Agent 3",512,"0x00007fbe8427c000",4717,3219604406947215,3219604406947682
"MEMORY_ALLOCATION","MEMORY_ALLOCATION_ALLOCATE","Agent 3",512,"0x00007fbe8427d000",4722,3219604406955944,3219604406956252
"MEMORY_ALLOCATION","MEMORY_ALLOCATION_FREE","",0,"0x00007fbe8427c000",4727,3219604406983114,3219604406983357
"MEMORY_ALLOCATION","MEMORY_ALLOCATION_FREE","",0,"0x00007fbe8427b000",4729,3219604406985380,3219604406985567
"MEMORY_ALLOCATION","MEMORY_ALLOCATION_FREE","",0,"0x00007fbe8427a000",4731,3219604406987550,3219604406987757
"MEMORY_ALLOCATION","MEMORY_ALLOCATION_FREE","",0,"0x00007fbe84279000",4733,3219604406989179,3219604406989409
"MEMORY_ALLOCATION","MEMORY_ALLOCATION_FREE","",0,"0x00007fbe84277000",4735,3219604406990844,3219604406991003
"MEMORY_ALLOCATION","MEMORY_ALLOCATION_FREE","",0,"0x00007fbe84276000",4737,3219604406992497,3219604406992705
"MEMORY_ALLOCATION","MEMORY_ALLOCATION_FREE","",0,"0x00007fbe84275000",4739,3219604406994505,3219604406994694
"MEMORY_ALLOCATION","MEMORY_ALLOCATION_ALLOCATE","Agent 3",512,"0x00007fbe8427e000",4741,3219604406996188,3219604406996348
"MEMORY_ALLOCATION","MEMORY_ALLOCATION_ALLOCATE","Agent 3",512,"0x00007fbe84275000",4743,3219604406999185,3219604406999361
"MEMORY_ALLOCATION","MEMORY_ALLOCATION_ALLOCATE","Agent 3",1024,"0x00007fbe84276000",4748,3219604407007163,3219604407007458
"MEMORY_ALLOCATION","MEMORY_ALLOCATION_ALLOCATE","Agent 3",1024,"0x00007fbe84277000",4753,3219604407015679,3219604407015938
"MEMORY_ALLOCATION","MEMORY_ALLOCATION_ALLOCATE","Agent 3",1024,"0x00007fbe84279000",4758,3219604407023453,3219604407023772
"MEMORY_ALLOCATION","MEMORY_ALLOCATION_FREE","",0,"0x00007fbe84277000",4763,3219604407043938,3219604407044178
"MEMORY_ALLOCATION","MEMORY_ALLOCATION_FREE","",0,"0x00007fbe84276000",4765,3219604407047612,3219604407047808
"MEMORY_ALLOCATION","MEMORY_ALLOCATION_ALLOCATE","Agent 3",512,"0x00007fbe84276000",4767,3219604407049400,3219604407049598
"MEMORY_ALLOCATION","MEMORY_ALLOCATION_FREE","",0,"0x00007fbe84279000",4772,3219604407080282,3219604407080547
"MEMORY_ALLOCATION","MEMORY_ALLOCATION_ALLOCATE","Agent 3",512,"0x00007fbe84277000",4774,3219604407082596,3219604407082749
"MEMORY_ALLOCATION","MEMORY_ALLOCATION_FREE","",0,"0x00007fbe84276000",4779,3219604407099668,3219604407099918
"MEMORY_ALLOCATION","MEMORY_ALLOCATION_FREE","",0,"0x00007fbe84275000",4781,3219604407101580,3219604407101840
"MEMORY_ALLOCATION","MEMORY_ALLOCATION_FREE","",0,"0x00007fbe8427e000",4783,3219604407103284,3219604407103447
"MEMORY_ALLOCATION","MEMORY_ALLOCATION_FREE","",0,"0x00007fbe8427d000",4785,3219604407104974,3219604407105258
"MEMORY_ALLOCATION","MEMORY_ALLOCATION_FREE","",0,"0x00007fbe84278000",4787,3219604407106901,3219604407107111
"MEMORY_ALLOCATION","MEMORY_ALLOCATION_ALLOCATE","Agent 3",512,"0x00007fbe84275000",4789,3219604407108734,3219604407108931
"MEMORY_ALLOCATION","MEMORY_ALLOCATION_FREE","",0,"0x00007fbe84277000",4794,3219604407125974,3219604407126270
"MEMORY_ALLOCATION","MEMORY_ALLOCATION_ALLOCATE","Agent 3",2048,"0x00007fbe84276000",4796,3219604407128307,3219604407128523
"MEMORY_ALLOCATION","MEMORY_ALLOCATION_FREE","",0,"0x00007fbe84275000",4801,3219604407152397,3219604407152715
"MEMORY_ALLOCATION","MEMORY_ALLOCATION_FREE","",0,"0x00007fbe84274000",4803,3219604407154544,3219604407154750
"MEMORY_ALLOCATION","MEMORY_ALLOCATION_FREE","",0,"0x00007fbe84273000",4805,3219604407156345,3219604407156530
"MEMORY_ALLOCATION","MEMORY_ALLOCATION_FREE","",0,"0x00007fbe84272000",4807,3219604407158264,3219604407158483
"MEMORY_ALLOCATION","MEMORY_ALLOCATION_FREE","",0,"0x00007fbe84276000",4813,3219604407179830,3219604407180165
"MEMORY_ALLOCATION","MEMORY_ALLOCATION_ALLOCATE","Agent 3",8,"0x00007fbe84272000",4815,3219604407182358,3219604407182577
"MEMORY_ALLOCATION","MEMORY_ALLOCATION_FREE","",0,"0x00007fbe84272000",4822,3219604407218116,3219604407218337
"MEMORY_ALLOCATION","MEMORY_ALLOCATION_ALLOCATE","Agent 3",4,"0x00007fbe84272000",4836,3219604407252498,3219604407252729
"MEMORY_ALLOCATION","MEMORY_ALLOCATION_ALLOCATE","Agent 3",4,"0x00007fbe84273000",4840,3219604407272602,3219604407272892
"MEMORY_ALLOCATION","MEMORY_ALLOCATION_ALLOCATE","Agent 3",4,"0x00007fbe84274000",4844,3219604407292447,3219604407292775
"MEMORY_ALLOCATION","MEMORY_ALLOCATION_ALLOCATE","Agent 3",256,"0x00007fbe84275000",4848,3219604407312595,3219604407312966
"MEMORY_ALLOCATION","MEMORY_ALLOCATION_ALLOCATE","Agent 3",256,"0x00007fbe84276000",4853,3219604407320849,3219604407321134
"MEMORY_ALLOCATION","MEMORY_ALLOCATION_ALLOCATE","Agent 3",256,"0x00007fbe84277000",4858,3219604407328872,3219604407329195
"MEMORY_ALLOCATION","MEMORY_ALLOCATION_ALLOCATE","Agent 3",128,"0x00007fbe84278000",4863,3219604407336521,3219604407336812
"MEMORY_ALLOCATION","MEMORY_ALLOCATION_ALLOCATE","Agent 3",128,"0x00007fbe84279000",4868,3219604407343835,3219604407344206
"MEMORY_ALLOCATION","MEMORY_ALLOCATION_ALLOCATE","Agent 3",256,"0x00007fbe8427a000",4873,3219604407351912,3219604407352243
"MEMORY_ALLOCATION","MEMORY_ALLOCATION_ALLOCATE","Agent 3",128,"0x00007fbe8427b000",4878,3219604407360039,3219604407360378
"MEMORY_ALLOCATION","MEMORY_ALLOCATION_ALLOCATE","Agent 3",256,"0x00007fbe8427c000",4886,3219604407376126,3219604407376623
"MEMORY_ALLOCATION","MEMORY_ALLOCATION_ALLOCATE","Agent 3",256,"0x00007fbe8427d000",4891,3219604407386677,3219604407386983
"MEMORY_ALLOCATION","MEMORY_ALLOCATION_FREE","",0,"0x00007fbe8427c000",4896,3219604407414995,3219604407415324
"MEMORY_ALLOCATION","MEMORY_ALLOCATION_FREE","",0,"0x00007fbe8427b000",4898,3219604407417619,3219604407417806
"MEMORY_ALLOCATION","MEMORY_ALLOCATION_FREE","",0,"0x00007fbe8427a000",4900,3219604407421453,3219604407421642
"MEMORY_ALLOCATION","MEMORY_ALLOCATION_FREE","",0,"0x00007fbe84279000",4902,3219604407426866,3219604407427152
"MEMORY_ALLOCATION","MEMORY_ALLOCATION_FREE","",0,"0x00007fbe84278000",4904,3219604407429129,3219604407429320
"MEMORY_ALLOCATION","MEMORY_ALLOCATION_FREE","",0,"0x00007fbe84277000",4906,3219604407430925,3219604407431136
"MEMORY_ALLOCATION","MEMORY_ALLOCATION_FREE","",0,"0x00007fbe84276000",4908,3219604407432578,3219604407433087
"MEMORY_ALLOCATION","MEMORY_ALLOCATION_ALLOCATE","Agent 3",256,"0x00007fbe8427e000",4910,3219604407434686,3219604407434846
"MEMORY_ALLOCATION","MEMORY_ALLOCATION_ALLOCATE","Agent 3",256,"0x00007fbe84276000",4912,3219604407436719,3219604407436906
"MEMORY_ALLOCATION","MEMORY_ALLOCATION_ALLOCATE","Agent 3",512,"0x00007fbe84277000",4917,3219604407451757,3219604407452035
"MEMORY_ALLOCATION","MEMORY_ALLOCATION_ALLOCATE","Agent 3",512,"0x00007fbe84278000",4922,3219604407467113,3219604407467741
"MEMORY_ALLOCATION","MEMORY_ALLOCATION_ALLOCATE","Agent 3",512,"0x00007fbe84279000",4927,3219604407486285,3219604407486943
"MEMORY_ALLOCATION","MEMORY_ALLOCATION_FREE","",0,"0x00007fbe84278000",4932,3219604407513103,3219604407513420
"MEMORY_ALLOCATION","MEMORY_ALLOCATION_FREE","",0,"0x00007fbe84277000",4934,3219604407515473,3219604407515765
"MEMORY_ALLOCATION","MEMORY_ALLOCATION_ALLOCATE","Agent 3",256,"0x00007fbe84277000",4936,3219604407517596,3219604407517862
"MEMORY_ALLOCATION","MEMORY_ALLOCATION_FREE","",0,"0x00007fbe84279000",4941,3219604407550424,3219604407550846
"MEMORY_ALLOCATION","MEMORY_ALLOCATION_ALLOCATE","Agent 3",256,"0x00007fbe84278000",4943,3219604407552713,3219604407552960
"MEMORY_ALLOCATION","MEMORY_ALLOCATION_FREE","",0,"0x00007fbe84277000",4948,3219604407569886,3219604407570128
"MEMORY_ALLOCATION","MEMORY_ALLOCATION_FREE","",0,"0x00007fbe84276000",4950,3219604407572204,3219604407572480
"MEMORY_ALLOCATION","MEMORY_ALLOCATION_FREE","",0,"0x00007fbe8427e000",4952,3219604407574035,3219604407574199
"MEMORY_ALLOCATION","MEMORY_ALLOCATION_FREE","",0,"0x00007fbe8427d000",4954,3219604407575946,3219604407576230
"MEMORY_ALLOCATION","MEMORY_ALLOCATION_FREE","",0,"0x00007fbe84275000",4956,3219604407577833,3219604407578039
"MEMORY_ALLOCATION","MEMORY_ALLOCATION_ALLOCATE","Agent 3",256,"0x00007fbe84275000",4958,3219604407579646,3219604407579833
"MEMORY_ALLOCATION","MEMORY_ALLOCATION_ALLOCATE","Agent 3",256,"0x00007fbe84276000",4963,3219604407587365,3219604407587615
"MEMORY_ALLOCATION","MEMORY_ALLOCATION_ALLOCATE","Agent 3",128,"0x00007fbe84277000",4968,3219604407595383,3219604407595615
"MEMORY_ALLOCATION","MEMORY_ALLOCATION_ALLOCATE","Agent 3",128,"0x00007fbe84279000",4973,3219604407602948,3219604407603404
"MEMORY_ALLOCATION","MEMORY_ALLOCATION_ALLOCATE","Agent 3",256,"0x00007fbe8427a000",4978,3219604407611266,3219604407611670
"MEMORY_ALLOCATION","MEMORY_ALLOCATION_ALLOCATE","Agent 3",128,"0x00007fbe8427b000",4983,3219604407619547,3219604407619986
"MEMORY_ALLOCATION","MEMORY_ALLOCATION_ALLOCATE","Agent 3",256,"0x00007fbe8427c000",4991,3219604407636528,3219604407636825
"MEMORY_ALLOCATION","MEMORY_ALLOCATION_ALLOCATE","Agent 3",256,"0x00007fbe8427d000",4996,3219604407646366,3219604407646761
"MEMORY_ALLOCATION","MEMORY_ALLOCATION_FREE","",0,"0x00007fbe8427c000",5001,3219604407674025,3219604407674427
"MEMORY_ALLOCATION","MEMORY_ALLOCATION_FREE","",0,"0x00007fbe8427b000",5003,3219604407676169,3219604407676432
"MEMORY_ALLOCATION","MEMORY_ALLOCATION_FREE","",0,"0x00007fbe8427a000",5005,3219604407678486,3219604407678669
"MEMORY_ALLOCATION","MEMORY_ALLOCATION_FREE","",0,"0x00007fbe84279000",5007,3219604407680146,3219604407680349
"MEMORY_ALLOCATION","MEMORY_ALLOCATION_FREE","",0,"0x00007fbe84277000",5009,3219604407681805,3219604407682018
"MEMORY_ALLOCATION","MEMORY_ALLOCATION_FREE","",0,"0x00007fbe84276000",5011,3219604407683539,3219604407683751
"MEMORY_ALLOCATION","MEMORY_ALLOCATION_FREE","",0,"0x00007fbe84275000",5013,3219604407685202,3219604407685443
"MEMORY_ALLOCATION","MEMORY_ALLOCATION_ALLOCATE","Agent 3",256,"0x00007fbe8427e000",5015,3219604407687054,3219604407687209
"MEMORY_ALLOCATION","MEMORY_ALLOCATION_ALLOCATE","Agent 3",256,"0x00007fbe84275000",5017,3219604407690519,3219604407690696
"MEMORY_ALLOCATION","MEMORY_ALLOCATION_ALLOCATE","Agent 3",512,"0x00007fbe84276000",5022,3219604407698662,3219604407698935
"MEMORY_ALLOCATION","MEMORY_ALLOCATION_ALLOCATE","Agent 3",512,"0x00007fbe84277000",5027,3219604407707083,3219604407707274
"MEMORY_ALLOCATION","MEMORY_ALLOCATION_ALLOCATE","Agent 3",512,"0x00007fbe84279000",5032,3219604407714578,3219604407714801
"MEMORY_ALLOCATION","MEMORY_ALLOCATION_FREE","",0,"0x00007fbe84277000",5037,3219604407741736,3219604407741984
"MEMORY_ALLOCATION","MEMORY_ALLOCATION_FREE","",0,"0x00007fbe84276000",5039,3219604407743764,3219604407743971
"MEMORY_ALLOCATION","MEMORY_ALLOCATION_ALLOCATE","Agent 3",256,"0x00007fbe84276000",5041,3219604407745834,3219604407746055
"MEMORY_ALLOCATION","MEMORY_ALLOCATION_FREE","",0,"0x00007fbe84279000",5046,3219604407777103,3219604407777353
"MEMORY_ALLOCATION","MEMORY_ALLOCATION_ALLOCATE","Agent 3",256,"0x00007fbe84277000",5048,3219604407779138,3219604407779288
"MEMORY_ALLOCATION","MEMORY_ALLOCATION_FREE","",0,"0x00007fbe84276000",5053,3219604407796464,3219604407796699
"MEMORY_ALLOCATION","MEMORY_ALLOCATION_FREE","",0,"0x00007fbe84275000",5055,3219604407798444,3219604407798649
"MEMORY_ALLOCATION","MEMORY_ALLOCATION_FREE","",0,"0x00007fbe8427e000",5057,3219604407800421,3219604407800537
"MEMORY_ALLOCATION","MEMORY_ALLOCATION_FREE","",0,"0x00007fbe8427d000",5059,3219604407802086,3219604407802351
"MEMORY_ALLOCATION","MEMORY_ALLOCATION_FREE","",0,"0x00007fbe84278000",5061,3219604407803978,3219604407804188
"MEMORY_ALLOCATION","MEMORY_ALLOCATION_ALLOCATE","Agent 3",256,"0x00007fbe84275000",5063,3219604407806020,3219604407806189
"MEMORY_ALLOCATION","MEMORY_ALLOCATION_FREE","",0,"0x00007fbe84277000",5068,3219604407823424,3219604407823698
"MEMORY_ALLOCATION","MEMORY_ALLOCATION_ALLOCATE","Agent 3",1024,"0x00007fbe84276000",5070,3219604407825711,3219604407825923
"MEMORY_ALLOCATION","MEMORY_ALLOCATION_FREE","",0,"0x00007fbe84275000",5075,3219604407849523,3219604407849716
"MEMORY_ALLOCATION","MEMORY_ALLOCATION_FREE","",0,"0x00007fbe84274000",5077,3219604407851390,3219604407851583
"MEMORY_ALLOCATION","MEMORY_ALLOCATION_FREE","",0,"0x00007fbe84273000",5079,3219604407853156,3219604407853354
"MEMORY_ALLOCATION","MEMORY_ALLOCATION_FREE","",0,"0x00007fbe84272000",5081,3219604407855165,3219604407855435
"MEMORY_ALLOCATION","MEMORY_ALLOCATION_FREE","",0,"0x00007fbe84276000",5085,3219604407872159,3219604407872441
"MEMORY_ALLOCATION","MEMORY_ALLOCATION_ALLOCATE","Agent 3",48,"0x00007fbe84272000",5087,3219604407874938,3219604407875138
"MEMORY_ALLOCATION","MEMORY_ALLOCATION_ALLOCATE","Agent 3",3072,"0x00007fbe84273000",5091,3219604407894303,3219604407894554
"MEMORY_ALLOCATION","MEMORY_ALLOCATION_ALLOCATE","Agent 3",3072,"0x00007fbe84274000",5096,3219604407906864,3219604407907121
"MEMORY_ALLOCATION","MEMORY_ALLOCATION_ALLOCATE","Agent 3",3072,"0x00007fbe84275000",5101,3219604407915405,3219604407915833
"MEMORY_ALLOCATION","MEMORY_ALLOCATION_ALLOCATE","Agent 3",1536,"0x00007fbe84276000",5106,3219604407924656,3219604407925001
"MEMORY_ALLOCATION","MEMORY_ALLOCATION_ALLOCATE","Agent 3",1536,"0x00007fbe84277000",5111,3219604407932242,3219604407932612
"MEMORY_ALLOCATION","MEMORY_ALLOCATION_ALLOCATE","Agent 3",3072,"0x00007fbe84278000",5116,3219604407944838,3219604407945392
"MEMORY_ALLOCATION","MEMORY_ALLOCATION_ALLOCATE","Agent 3",1536,"0x00007fbe84279000",5121,3219604408033651,3219604408034124
"MEMORY_ALLOCATION","MEMORY_ALLOCATION_ALLOCATE","Agent 3",1536,"0x00007fbe8427a000",5126,3219604408042543,3219604408042964
"MEMORY_ALLOCATION","MEMORY_ALLOCATION_ALLOCATE","Agent 3",3072,"0x00007fbe8427b000",5131,3219604408050585,3219604408050990
"MEMORY_ALLOCATION","MEMORY_ALLOCATION_FREE","",0,"0x00007fbe84278000",5136,3219604408073354,3219604408073767
"MEMORY_ALLOCATION","MEMORY_ALLOCATION_ALLOCATE","Agent 3",1536,"0x00007fbe84278000",5138,3219604408077591,3219604408077801
"MEMORY_ALLOCATION","MEMORY_ALLOCATION_FREE","",0,"0x00007fbe84279000",5143,3219604408095601,3219604408095860
"MEMORY_ALLOCATION","MEMORY_ALLOCATION_ALLOCATE","Agent 3",8192,"0x00007fbe8427c000",5145,3219604408097786,3219604408098193
"MEMORY_ALLOCATION","MEMORY_ALLOCATION_ALLOCATE","Agent 3",8192,"0x00007fbe8428b000",5151,3219604408109923,3219604408110366
"MEMORY_ALLOCATION","MEMORY_ALLOCATION_ALLOCATE","Agent 3",3072,"0x00007fbe84279000",5157,3219604408128326,3219604408128558
"MEMORY_ALLOCATION","MEMORY_ALLOCATION_ALLOCATE","Agent 3",3072,"0x00007fbe8427e000",5162,3219604408138098,3219604408138489
"MEMORY_ALLOCATION","MEMORY_ALLOCATION_FREE","",0,"0x00007fbe84279000",5167,3219604408156920,3219604408157221
"MEMORY_ALLOCATION","MEMORY_ALLOCATION_ALLOCATE","Agent 3",3072,"0x00007fbe84279000",5169,3219604408158780,3219604408158933
"MEMORY_ALLOCATION","MEMORY_ALLOCATION_FREE","",0,"0x00007fbe8427e000",5174,3219604408183415,3219604408183683
"MEMORY_ALLOCATION","MEMORY_ALLOCATION_FREE","",0,"0x00007fbe8427a000",5176,3219604408185867,3219604408186094
"MEMORY_ALLOCATION","MEMORY_ALLOCATION_FREE","",0,"0x00007fbe84278000",5178,3219604408187925,3219604408188137
"MEMORY_ALLOCATION","MEMORY_ALLOCATION_FREE","",0,"0x00007fbe8427b000",5180,3219604408189767,3219604408190068
"MEMORY_ALLOCATION","MEMORY_ALLOCATION_FREE","",0,"0x00007fbe84277000",5182,3219604408192140,3219604408192413
"MEMORY_ALLOCATION","MEMORY_ALLOCATION_FREE","",0,"0x00007fbe84276000",5184,3219604408194347,3219604408194653
"MEMORY_ALLOCATION","MEMORY_ALLOCATION_FREE","",0,"0x00007fbe84275000",5186,3219604408196613,3219604408196859
"MEMORY_ALLOCATION","MEMORY_ALLOCATION_ALLOCATE","Agent 3",3072,"0x00007fbe8427e000",5188,3219604408198454,3219604408198705
"MEMORY_ALLOCATION","MEMORY_ALLOCATION_FREE","",0,"0x00007fbe84279000",5193,3219604408216120,3219604408216493
"MEMORY_ALLOCATION","MEMORY_ALLOCATION_FREE","",0,"0x00007fbe84274000",5195,3219604408218567,3219604408218811
"MEMORY_ALLOCATION","MEMORY_ALLOCATION_ALLOCATE","Agent 3",3072,"0x00007fbe84274000",5197,3219604408220413,3219604408220626
"MEMORY_ALLOCATION","MEMORY_ALLOCATION_ALLOCATE","Agent 3",6144,"0x00007fbe84275000",5202,3219604408228014,3219604408228334
"MEMORY_ALLOCATION","MEMORY_ALLOCATION_ALLOCATE","Agent 3",6144,"0x00007fbe84277000",5207,3219604408235492,3219604408235862
"MEMORY_ALLOCATION","MEMORY_ALLOCATION_ALLOCATE","Agent 3",6144,"0x00007fbe84279000",5212,3219604408243099,3219604408243590
"MEMORY_ALLOCATION","MEMORY_ALLOCATION_FREE","",0,"0x00007fbe84277000",5217,3219604408265302,3219604408265572
"MEMORY_ALLOCATION","MEMORY_ALLOCATION_FREE","",0,"0x00007fbe84275000",5219,3219604408267619,3219604408267890
"MEMORY_ALLOCATION","MEMORY_ALLOCATION_ALLOCATE","Agent 3",3072,"0x00007fbe8427b000",5221,3219604408269896,3219604408270070
"MEMORY_ALLOCATION","MEMORY_ALLOCATION_FREE","",0,"0x00007fbe84279000",5226,3219604408301798,3219604408302088
"MEMORY_ALLOCATION","MEMORY_ALLOCATION_ALLOCATE","Agent 3",3072,"0x00007fbe84275000",5228,3219604408304093,3219604408304324
"MEMORY_ALLOCATION","MEMORY_ALLOCATION_FREE","",0,"0x00007fbe8427b000",5233,3219604408321337,3219604408321586
"MEMORY_ALLOCATION","MEMORY_ALLOCATION_FREE","",0,"0x00007fbe84274000",5235,3219604408323566,3219604408323772
"MEMORY_ALLOCATION","MEMORY_ALLOCATION_FREE","",0,"0x00007fbe8427e000",5237,3219604408325532,3219604408325741
"MEMORY_ALLOCATION","MEMORY_ALLOCATION_FREE","",0,"0x00007fbe84273000",5239,3219604408327475,3219604408327776
"MEMORY_ALLOCATION","MEMORY_ALLOCATION_ALLOCATE","Agent 3",3072,"0x00007fbe8427e000",5241,3219604408329301,3219604408329508
"MEMORY_ALLOCATION","MEMORY_ALLOCATION_ALLOCATE","Agent 3",3072,"0x00007fbe84273000",5246,3219604408336665,3219604408336883
"MEMORY_ALLOCATION","MEMORY_ALLOCATION_ALLOCATE","Agent 3",1536,"0x00007fbe84274000",5251,3219604408355876,3219604408356189
"MEMORY_ALLOCATION","MEMORY_ALLOCATION_ALLOCATE","Agent 3",1536,"0x00007fbe84276000",5256,3219604408363261,3219604408363523
"MEMORY_ALLOCATION","MEMORY_ALLOCATION_ALLOCATE","Agent 3",3072,"0x00007fbe84277000",5261,3219604408373662,3219604408374116
"MEMORY_ALLOCATION","MEMORY_ALLOCATION_ALLOCATE","Agent 3",1536,"0x00007fbe84278000",5266,3219604408393416,3219604408394155
"MEMORY_ALLOCATION","MEMORY_ALLOCATION_ALLOCATE","Agent 3",1536,"0x00007fbe84279000",5271,3219604408429662,3219604408430425
"MEMORY_ALLOCATION","MEMORY_ALLOCATION_ALLOCATE","Agent 3",3072,"0x00007fbe8427a000",5276,3219604408450916,3219604408451304
"MEMORY_ALLOCATION","MEMORY_ALLOCATION_FREE","",0,"0x00007fbe84277000",5281,3219604408473506,3219604408473821
"MEMORY_ALLOCATION","MEMORY_ALLOCATION_ALLOCATE","Agent 3",1536,"0x00007fbe8427b000",5283,3219604408476977,3219604408477158
"MEMORY_ALLOCATION","MEMORY_ALLOCATION_FREE","",0,"0x00007fbe84278000",5288,3219604408494694,3219604408495055
"MEMORY_ALLOCATION","MEMORY_ALLOCATION_ALLOCATE","Agent 3",8192,"0x00007fbe84277000",5290,3219604408497228,3219604408497408
"MEMORY_ALLOCATION","MEMORY_ALLOCATION_ALLOCATE","Agent 3",8192,"0x00007fbe8428d000",5296,3219604408509453,3219604408510472
"MEMORY_ALLOCATION","MEMORY_ALLOCATION_ALLOCATE","Agent 3",3072,"0x00007fbe8428f000",5302,3219604408523504,3219604408523783
"MEMORY_ALLOCATION","MEMORY_ALLOCATION_ALLOCATE","Agent 3",3072,"0x00007fbe84290000",5307,3219604408534216,3219604408534570
"MEMORY_ALLOCATION","MEMORY_ALLOCATION_FREE","",0,"0x00007fbe8428f000",5312,3219604408553821,3219604408554059
"MEMORY_ALLOCATION","MEMORY_ALLOCATION_ALLOCATE","Agent 3",3072,"0x00007fbe8428f000",5314,3219604408556013,3219604408556150
"MEMORY_ALLOCATION","MEMORY_ALLOCATION_FREE","",0,"0x00007fbe84290000",5319,3219604408579475,3219604408579790
"MEMORY_ALLOCATION","MEMORY_ALLOCATION_FREE","",0,"0x00007fbe84279000",5321,3219604408581943,3219604408582198
"MEMORY_ALLOCATION","MEMORY_ALLOCATION_FREE","",0,"0x00007fbe8427b000",5323,3219604408583982,3219604408584238
"MEMORY_ALLOCATION","MEMORY_ALLOCATION_FREE","",0,"0x00007fbe8427a000",5325,3219604408585679,3219604408585983
"MEMORY_ALLOCATION","MEMORY_ALLOCATION_FREE","",0,"0x00007fbe84276000",5327,3219604408587676,3219604408587886
"MEMORY_ALLOCATION","MEMORY_ALLOCATION_FREE","",0,"0x00007fbe84274000",5329,3219604408589403,3219604408589604
"MEMORY_ALLOCATION","MEMORY_ALLOCATION_FREE","",0,"0x00007fbe84273000",5331,3219604408591285,3219604408591574
"MEMORY_ALLOCATION","MEMORY_ALLOCATION_ALLOCATE","Agent 3",3072,"0x00007fbe84276000",5333,3219604408592996,3219604408593194
"MEMORY_ALLOCATION","MEMORY_ALLOCATION_FREE","",0,"0x00007fbe8428f000",5338,3219604408610712,3219604408611129
"MEMORY_ALLOCATION","MEMORY_ALLOCATION_FREE","",0,"0x00007fbe8427e000",5340,3219604408613032,3219604408613359
"MEMORY_ALLOCATION","MEMORY_ALLOCATION_ALLOCATE","Agent 3",3072,"0x00007fbe8427e000",5342,3219604408614985,3219604408615139
"MEMORY_ALLOCATION","MEMORY_ALLOCATION_ALLOCATE","Agent 3",6144,"0x00007fbe84273000",5347,3219604408622369,3219604408622589
"MEMORY_ALLOCATION","MEMORY_ALLOCATION_ALLOCATE","Agent 3",6144,"0x00007fbe84279000",5352,3219604408630289,3219604408630549
"MEMORY_ALLOCATION","MEMORY_ALLOCATION_ALLOCATE","Agent 3",6144,"0x00007fbe8428f000",5357,3219604408637239,3219604408637638
"MEMORY_ALLOCATION","MEMORY_ALLOCATION_FREE","",0,"0x00007fbe84279000",5362,3219604408658815,3219604408659112
"MEMORY_ALLOCATION","MEMORY_ALLOCATION_FREE","",0,"0x00007fbe84273000",5364,3219604408661542,3219604408661707
"MEMORY_ALLOCATION","MEMORY_ALLOCATION_ALLOCATE","Agent 3",3072,"0x00007fbe84273000",5366,3219604408663229,3219604408663466
"MEMORY_ALLOCATION","MEMORY_ALLOCATION_FREE","",0,"0x00007fbe8428f000",5371,3219604408695063,3219604408695389
"MEMORY_ALLOCATION","MEMORY_ALLOCATION_ALLOCATE","Agent 3",3072,"0x00007fbe84274000",5373,3219604408697395,3219604408697648
"MEMORY_ALLOCATION","MEMORY_ALLOCATION_FREE","",0,"0x00007fbe84273000",5378,3219604408714533,3219604408714794
"MEMORY_ALLOCATION","MEMORY_ALLOCATION_FREE","",0,"0x00007fbe8427e000",5380,3219604408716785,3219604408716936
"MEMORY_ALLOCATION","MEMORY_ALLOCATION_FREE","",0,"0x00007fbe84276000",5382,3219604408718469,3219604408718702
"MEMORY_ALLOCATION","MEMORY_ALLOCATION_FREE","",0,"0x00007fbe84275000",5384,3219604408720342,3219604408720611
"MEMORY_ALLOCATION","MEMORY_ALLOCATION_ALLOCATE","Agent 3",3072,"0x00007fbe84273000",5386,3219604408722170,3219604408722336
"MEMORY_ALLOCATION","MEMORY_ALLOCATION_FREE","",0,"0x00007fbe84274000",5391,3219604408739686,3219604408739995
"MEMORY_ALLOCATION","MEMORY_ALLOCATION_ALLOCATE","Agent 3",1024,"0x00007fbe8427e000",5393,3219604408742021,3219604408742208
"MEMORY_ALLOCATION","MEMORY_ALLOCATION_FREE","",0,"0x00007fbe84273000",5398,3219604408766153,3219604408766525
"MEMORY_ALLOCATION","MEMORY_ALLOCATION_FREE","",0,"0x00007fbe84272000",5400,3219604408768934,3219604408769311
"MEMORY_ALLOCATION","MEMORY_ALLOCATION_FREE","",0,"0x00007fbe8428b000",5418,3219604408824614,3219604408824906
"MEMORY_ALLOCATION","MEMORY_ALLOCATION_FREE","",0,"0x00007fbe8427c000",5420,3219604408826979,3219604408827330
"MEMORY_ALLOCATION","MEMORY_ALLOCATION_FREE","",0,"0x00007fbe8428d000",5422,3219604408829453,3219604408829845
"MEMORY_ALLOCATION","MEMORY_ALLOCATION_FREE","",0,"0x00007fbe84277000",5424,3219604408831374,3219604408831737
"MEMORY_ALLOCATION","MEMORY_ALLOCATION_FREE","",0,"0x00007fbe8427e000",5428,3219604408858651,3219604408858922
"MEMORY_ALLOCATION","MEMORY_ALLOCATION_ALLOCATE","Agent 3",8,"0x00007fbe84272000",5430,3219604408860953,3219604408861176
"MEMORY_ALLOCATION","MEMORY_ALLOCATION_FREE","",0,"0x00007fbe84272000",5437,3219604408896842,3219604408897119
"MEMORY_ALLOCATION","MEMORY_ALLOCATION_ALLOCATE","Agent 3",8,"0x00007fbe84272000",5439,3219604408899789,3219604408899996
"MEMORY_ALLOCATION","MEMORY_ALLOCATION_ALLOCATE","Agent 3",8,"0x00007fbe84273000",5443,3219604408920696,3219604408921046
"MEMORY_ALLOCATION","MEMORY_ALLOCATION_ALLOCATE","Agent 3",8,"0x00007fbe84274000",5447,3219604408941281,3219604408941563
"MEMORY_ALLOCATION","MEMORY_ALLOCATION_ALLOCATE","Agent 3",512,"0x00007fbe84275000",5451,3219604408961272,3219604408961642
"MEMORY_ALLOCATION","MEMORY_ALLOCATION_ALLOCATE","Agent 3",512,"0x00007fbe84276000",5456,3219604408969412,3219604408969682
"MEMORY_ALLOCATION","MEMORY_ALLOCATION_ALLOCATE","Agent 3",512,"0x00007fbe84277000",5461,3219604408977559,3219604408977904
"MEMORY_ALLOCATION","MEMORY_ALLOCATION_ALLOCATE","Agent 3",256,"0x00007fbe84278000",5466,3219604408985659,3219604408985958
"MEMORY_ALLOCATION","MEMORY_ALLOCATION_ALLOCATE","Agent 3",256,"0x00007fbe84279000",5471,3219604408993348,3219604408993611
"MEMORY_ALLOCATION","MEMORY_ALLOCATION_ALLOCATE","Agent 3",512,"0x00007fbe8427a000",5476,3219604409001180,3219604409001483
"MEMORY_ALLOCATION","MEMORY_ALLOCATION_ALLOCATE","Agent 3",256,"0x00007fbe8427b000",5481,3219604409011705,3219604409012087
"MEMORY_ALLOCATION","MEMORY_ALLOCATION_ALLOCATE","Agent 3",512,"0x00007fbe8427c000",5489,3219604409027996,3219604409028459
"MEMORY_ALLOCATION","MEMORY_ALLOCATION_ALLOCATE","Agent 3",512,"0x00007fbe8427d000",5494,3219604409037021,3219604409037349
"MEMORY_ALLOCATION","MEMORY_ALLOCATION_FREE","",0,"0x00007fbe8427c000",5499,3219604409065293,3219604409065686
"MEMORY_ALLOCATION","MEMORY_ALLOCATION_FREE","",0,"0x00007fbe8427b000",5501,3219604409067375,3219604409067675
"MEMORY_ALLOCATION","MEMORY_ALLOCATION_FREE","",0,"0x00007fbe8427a000",5503,3219604409069638,3219604409069951
"MEMORY_ALLOCATION","MEMORY_ALLOCATION_FREE","",0,"0x00007fbe84279000",5505,3219604409071548,3219604409071850
"MEMORY_ALLOCATION","MEMORY_ALLOCATION_FREE","",0,"0x00007fbe84278000",5507,3219604409073445,3219604409073634
"MEMORY_ALLOCATION","MEMORY_ALLOCATION_FREE","",0,"0x00007fbe84277000",5509,3219604409075204,3219604409075426
"MEMORY_ALLOCATION","MEMORY_ALLOCATION_FREE","",0,"0x00007fbe84276000",5511,3219604409076924,3219604409077104
"MEMORY_ALLOCATION","MEMORY_ALLOCATION_ALLOCATE","Agent 3",512,"0x00007fbe8427e000",5513,3219604409078731,3219604409078908
"MEMORY_ALLOCATION","MEMORY_ALLOCATION_ALLOCATE","Agent 3",512,"0x00007fbe84276000",5515,3219604409081959,3219604409082155
"MEMORY_ALLOCATION","MEMORY_ALLOCATION_ALLOCATE","Agent 3",1024,"0x00007fbe84277000",5520,3219604409090704,3219604409090931
"MEMORY_ALLOCATION","MEMORY_ALLOCATION_ALLOCATE","Agent 3",1024,"0x00007fbe84278000",5525,3219604409098518,3219604409099004
"MEMORY_ALLOCATION","MEMORY_ALLOCATION_ALLOCATE","Agent 3",1024,"0x00007fbe84279000",5530,3219604409111985,3219604409112372
"MEMORY_ALLOCATION","MEMORY_ALLOCATION_FREE","",0,"0x00007fbe84278000",5535,3219604409130977,3219604409131304
"MEMORY_ALLOCATION","MEMORY_ALLOCATION_FREE","",0,"0x00007fbe84277000",5537,3219604409133203,3219604409133418
"MEMORY_ALLOCATION","MEMORY_ALLOCATION_ALLOCATE","Agent 3",512,"0x00007fbe84277000",5539,3219604409134995,3219604409135227
"MEMORY_ALLOCATION","MEMORY_ALLOCATION_FREE","",0,"0x00007fbe84279000",5544,3219604409165479,3219604409165830
"MEMORY_ALLOCATION","MEMORY_ALLOCATION_ALLOCATE","Agent 3",512,"0x00007fbe84278000",5546,3219604409167753,3219604409167971
"MEMORY_ALLOCATION","MEMORY_ALLOCATION_FREE","",0,"0x00007fbe84277000",5551,3219604409185253,3219604409185497
"MEMORY_ALLOCATION","MEMORY_ALLOCATION_FREE","",0,"0x00007fbe84276000",5553,3219604409187335,3219604409187542
"MEMORY_ALLOCATION","MEMORY_ALLOCATION_FREE","",0,"0x00007fbe8427e000",5555,3219604409189386,3219604409189533
"MEMORY_ALLOCATION","MEMORY_ALLOCATION_FREE","",0,"0x00007fbe8427d000",5557,3219604409191543,3219604409191889
"MEMORY_ALLOCATION","MEMORY_ALLOCATION_FREE","",0,"0x00007fbe84275000",5559,3219604409193800,3219604409194090
"MEMORY_ALLOCATION","MEMORY_ALLOCATION_ALLOCATE","Agent 3",512,"0x00007fbe84275000",5561,3219604409195739,3219604409195925
"MEMORY_ALLOCATION","MEMORY_ALLOCATION_ALLOCATE","Agent 3",512,"0x00007fbe84276000",5566,3219604409203201,3219604409203418
"MEMORY_ALLOCATION","MEMORY_ALLOCATION_ALLOCATE","Agent 3",256,"0x00007fbe84277000",5571,3219604409211300,3219604409211529
"MEMORY_ALLOCATION","MEMORY_ALLOCATION_ALLOCATE","Agent 3",256,"0x00007fbe84279000",5576,3219604409218940,3219604409219325
"MEMORY_ALLOCATION","MEMORY_ALLOCATION_ALLOCATE","Agent 3",512,"0x00007fbe8427a000",5581,3219604409229131,3219604409229526
"MEMORY_ALLOCATION","MEMORY_ALLOCATION_ALLOCATE","Agent 3",256,"0x00007fbe8427b000",5586,3219604409237357,3219604409237626
"MEMORY_ALLOCATION","MEMORY_ALLOCATION_ALLOCATE","Agent 3",512,"0x00007fbe8427c000",5594,3219604409252790,3219604409253058
"MEMORY_ALLOCATION","MEMORY_ALLOCATION_ALLOCATE","Agent 3",512,"0x00007fbe8427d000",5599,3219604409261575,3219604409261889
"MEMORY_ALLOCATION","MEMORY_ALLOCATION_FREE","",0,"0x00007fbe8427c000",5604,3219604409297829,3219604409298082
"MEMORY_ALLOCATION","MEMORY_ALLOCATION_FREE","",0,"0x00007fbe8427b000",5606,3219604409300189,3219604409300397
"MEMORY_ALLOCATION","MEMORY_ALLOCATION_FREE","",0,"0x00007fbe8427a000",5608,3219604409304494,3219604409304710
"MEMORY_ALLOCATION","MEMORY_ALLOCATION_FREE","",0,"0x00007fbe84279000",5610,3219604409306231,3219604409306498
"MEMORY_ALLOCATION","MEMORY_ALLOCATION_FREE","",0,"0x00007fbe84277000",5612,3219604409308049,3219604409308216
"MEMORY_ALLOCATION","MEMORY_ALLOCATION_FREE","",0,"0x00007fbe84276000",5614,3219604409309798,3219604409310113
"MEMORY_ALLOCATION","MEMORY_ALLOCATION_FREE","",0,"0x00007fbe84275000",5616,3219604409311703,3219604409312021
"MEMORY_ALLOCATION","MEMORY_ALLOCATION_ALLOCATE","Agent 3",512,"0x00007fbe8427e000",5618,3219604409314245,3219604409314409
"MEMORY_ALLOCATION","MEMORY_ALLOCATION_ALLOCATE","Agent 3",512,"0x00007fbe84275000",5620,3219604409324382,3219604409324576
"MEMORY_ALLOCATION","MEMORY_ALLOCATION_ALLOCATE","Agent 3",1024,"0x00007fbe84276000",5625,3219604409352394,3219604409352695
"MEMORY_ALLOCATION","MEMORY_ALLOCATION_ALLOCATE","Agent 3",1024,"0x00007fbe84277000",5630,3219604409370325,3219604409370595
"MEMORY_ALLOCATION","MEMORY_ALLOCATION_ALLOCATE","Agent 3",1024,"0x00007fbe84279000",5635,3219604409378099,3219604409378331
"MEMORY_ALLOCATION","MEMORY_ALLOCATION_FREE","",0,"0x00007fbe84277000",5640,3219604409400067,3219604409400270
"MEMORY_ALLOCATION","MEMORY_ALLOCATION_FREE","",0,"0x00007fbe84276000",5642,3219604409402219,3219604409402418
"MEMORY_ALLOCATION","MEMORY_ALLOCATION_ALLOCATE","Agent 3",512,"0x00007fbe84276000",5644,3219604409404104,3219604409404325
"MEMORY_ALLOCATION","MEMORY_ALLOCATION_FREE","",0,"0x00007fbe84279000",5649,3219604409435334,3219604409435581
"MEMORY_ALLOCATION","MEMORY_ALLOCATION_ALLOCATE","Agent 3",512,"0x00007fbe84277000",5651,3219604409437947,3219604409438100
"MEMORY_ALLOCATION","MEMORY_ALLOCATION_FREE","",0,"0x00007fbe84276000",5656,3219604409455216,3219604409455446
"MEMORY_ALLOCATION","MEMORY_ALLOCATION_FREE","",0,"0x00007fbe84275000",5658,3219604409457341,3219604409457566
"MEMORY_ALLOCATION","MEMORY_ALLOCATION_FREE","",0,"0x00007fbe8427e000",5660,3219604409459154,3219604409459267
"MEMORY_ALLOCATION","MEMORY_ALLOCATION_FREE","",0,"0x00007fbe8427d000",5662,3219604409460687,3219604409460958
"MEMORY_ALLOCATION","MEMORY_ALLOCATION_FREE","",0,"0x00007fbe84278000",5664,3219604409462556,3219604409462788
"MEMORY_ALLOCATION","MEMORY_ALLOCATION_ALLOCATE","Agent 3",512,"0x00007fbe84275000",5666,3219604409464594,3219604409464797
"MEMORY_ALLOCATION","MEMORY_ALLOCATION_FREE","",0,"0x00007fbe84277000",5671,3219604409481850,3219604409482138
"MEMORY_ALLOCATION","MEMORY_ALLOCATION_ALLOCATE","Agent 3",2048,"0x00007fbe84276000",5673,3219604409484108,3219604409484325
"MEMORY_ALLOCATION","MEMORY_ALLOCATION_FREE","",0,"0x00007fbe84275000",5678,3219604409508019,3219604409508303
"MEMORY_ALLOCATION","MEMORY_ALLOCATION_FREE","",0,"0x00007fbe84274000",5680,3219604409510752,3219604409510948
"MEMORY_ALLOCATION","MEMORY_ALLOCATION_FREE","",0,"0x00007fbe84273000",5682,3219604409512744,3219604409512947
"MEMORY_ALLOCATION","MEMORY_ALLOCATION_FREE","",0,"0x00007fbe84272000",5684,3219604409514655,3219604409514874
"MEMORY_ALLOCATION","MEMORY_ALLOCATION_FREE","",0,"0x00007fbe84276000",5690,3219604409536730,3219604409536997
"MEMORY_ALLOCATION","MEMORY_ALLOCATION_ALLOCATE","Agent 3",8,"0x00007fbe84272000",5692,3219604409539542,3219604409539732
"MEMORY_ALLOCATION","MEMORY_ALLOCATION_FREE","",0,"0x00007fbe84272000",5699,3219604409575282,3219604409575499
"MEMORY_ALLOCATION","MEMORY_ALLOCATION_ALLOCATE","Agent 3",4,"0x00007fbe84272000",5713,3219604409602100,3219604409602433
"MEMORY_ALLOCATION","MEMORY_ALLOCATION_ALLOCATE","Agent 3",4,"0x00007fbe84273000",5717,3219604409621833,3219604409622184
"MEMORY_ALLOCATION","MEMORY_ALLOCATION_ALLOCATE","Agent 3",4,"0x00007fbe84274000",5721,3219604409641621,3219604409641912
"MEMORY_ALLOCATION","MEMORY_ALLOCATION_ALLOCATE","Agent 3",256,"0x00007fbe84275000",5725,3219604409661029,3219604409661412
"MEMORY_ALLOCATION","MEMORY_ALLOCATION_ALLOCATE","Agent 3",256,"0x00007fbe84276000",5730,3219604409668448,3219604409668674
"MEMORY_ALLOCATION","MEMORY_ALLOCATION_ALLOCATE","Agent 3",256,"0x00007fbe84277000",5735,3219604409676866,3219604409677322
"MEMORY_ALLOCATION","MEMORY_ALLOCATION_ALLOCATE","Agent 3",128,"0x00007fbe84278000",5740,3219604409684973,3219604409685308
"MEMORY_ALLOCATION","MEMORY_ALLOCATION_ALLOCATE","Agent 3",128,"0x00007fbe84279000",5745,3219604409693148,3219604409693449
"MEMORY_ALLOCATION","MEMORY_ALLOCATION_ALLOCATE","Agent 3",256,"0x00007fbe8427a000",5750,3219604409702058,3219604409702366
"MEMORY_ALLOCATION","MEMORY_ALLOCATION_ALLOCATE","Agent 3",128,"0x00007fbe8427b000",5755,3219604409710110,3219604409710429
"MEMORY_ALLOCATION","MEMORY_ALLOCATION_ALLOCATE","Agent 3",256,"0x00007fbe8427c000",5763,3219604409725599,3219604409725903
"MEMORY_ALLOCATION","MEMORY_ALLOCATION_ALLOCATE","Agent 3",256,"0x00007fbe8427d000",5768,3219604409734103,3219604409734577
"MEMORY_ALLOCATION","MEMORY_ALLOCATION_FREE","",0,"0x00007fbe8427c000",5773,3219604409763751,3219604409764261
"MEMORY_ALLOCATION","MEMORY_ALLOCATION_FREE","",0,"0x00007fbe8427b000",5775,3219604409766557,3219604409766773
"MEMORY_ALLOCATION","MEMORY_ALLOCATION_FREE","",0,"0x00007fbe8427a000",5777,3219604409769098,3219604409769282
"MEMORY_ALLOCATION","MEMORY_ALLOCATION_FREE","",0,"0x00007fbe84279000",5779,3219604409770968,3219604409771329
"MEMORY_ALLOCATION","MEMORY_ALLOCATION_FREE","",0,"0x00007fbe84278000",5781,3219604409773071,3219604409773310
"MEMORY_ALLOCATION","MEMORY_ALLOCATION_FREE","",0,"0x00007fbe84277000",5783,3219604409774809,3219604409775025
"MEMORY_ALLOCATION","MEMORY_ALLOCATION_FREE","",0,"0x00007fbe84276000",5785,3219604409776612,3219604409777037
"MEMORY_ALLOCATION","MEMORY_ALLOCATION_ALLOCATE","Agent 3",256,"0x00007fbe8427e000",5787,3219604409778536,3219604409778697
"MEMORY_ALLOCATION","MEMORY_ALLOCATION_ALLOCATE","Agent 3",256,"0x00007fbe84276000",5789,3219604409781969,3219604409782177
"MEMORY_ALLOCATION","MEMORY_ALLOCATION_ALLOCATE","Agent 3",512,"0x00007fbe84277000",5794,3219604409790195,3219604409790451
"MEMORY_ALLOCATION","MEMORY_ALLOCATION_ALLOCATE","Agent 3",512,"0x00007fbe84278000",5799,3219604409798124,3219604409798520
"MEMORY_ALLOCATION","MEMORY_ALLOCATION_ALLOCATE","Agent 3",512,"0x00007fbe84279000",5804,3219604409805533,3219604409805831
"MEMORY_ALLOCATION","MEMORY_ALLOCATION_FREE","",0,"0x00007fbe84278000",5809,3219604409827047,3219604409827294
"MEMORY_ALLOCATION","MEMORY_ALLOCATION_FREE","",0,"0x00007fbe84277000",5811,3219604409829375,3219604409829596
"MEMORY_ALLOCATION","MEMORY_ALLOCATION_ALLOCATE","Agent 3",256,"0x00007fbe84277000",5813,3219604409831203,3219604409831404
"MEMORY_ALLOCATION","MEMORY_ALLOCATION_FREE","",0,"0x00007fbe84279000",5818,3219604409870981,3219604409871379
"MEMORY_ALLOCATION","MEMORY_ALLOCATION_ALLOCATE","Agent 3",256,"0x00007fbe84278000",5820,3219604409873332,3219604409873548
"MEMORY_ALLOCATION","MEMORY_ALLOCATION_FREE","",0,"0x00007fbe84277000",5825,3219604409890613,3219604409890864
"MEMORY_ALLOCATION","MEMORY_ALLOCATION_FREE","",0,"0x00007fbe84276000",5827,3219604409892556,3219604409892838
"MEMORY_ALLOCATION","MEMORY_ALLOCATION_FREE","",0,"0x00007fbe8427e000",5829,3219604409894334,3219604409894499
"MEMORY_ALLOCATION","MEMORY_ALLOCATION_FREE","",0,"0x00007fbe8427d000",5831,3219604409896172,3219604409896543
"MEMORY_ALLOCATION","MEMORY_ALLOCATION_FREE","",0,"0x00007fbe84275000",5833,3219604409898092,3219604409898314
"MEMORY_ALLOCATION","MEMORY_ALLOCATION_ALLOCATE","Agent 3",256,"0x00007fbe84275000",5835,3219604409899973,3219604409900204
"MEMORY_ALLOCATION","MEMORY_ALLOCATION_ALLOCATE","Agent 3",256,"0x00007fbe84276000",5840,3219604409907783,3219604409907999
"MEMORY_ALLOCATION","MEMORY_ALLOCATION_ALLOCATE","Agent 3",128,"0x00007fbe84277000",5845,3219604409915168,3219604409915390
"MEMORY_ALLOCATION","MEMORY_ALLOCATION_ALLOCATE","Agent 3",128,"0x00007fbe84279000",5850,3219604409922907,3219604409923296
"MEMORY_ALLOCATION","MEMORY_ALLOCATION_ALLOCATE","Agent 3",256,"0x00007fbe8427a000",5855,3219604409931232,3219604409931629
"MEMORY_ALLOCATION","MEMORY_ALLOCATION_ALLOCATE","Agent 3",128,"0x00007fbe8427b000",5860,3219604409939786,3219604409940135
"MEMORY_ALLOCATION","MEMORY_ALLOCATION_ALLOCATE","Agent 3",256,"0x00007fbe8427c000",5868,3219604409954845,3219604409955169
"MEMORY_ALLOCATION","MEMORY_ALLOCATION_ALLOCATE","Agent 3",256,"0x00007fbe8427d000",5873,3219604409963789,3219604409964135
"MEMORY_ALLOCATION","MEMORY_ALLOCATION_FREE","",0,"0x00007fbe8427c000",5878,3219604409990851,3219604409991200
"MEMORY_ALLOCATION","MEMORY_ALLOCATION_FREE","",0,"0x00007fbe8427b000",5880,3219604409994480,3219604409994671
"MEMORY_ALLOCATION","MEMORY_ALLOCATION_FREE","",0,"0x00007fbe8427a000",5882,3219604409996375,3219604409996535
"MEMORY_ALLOCATION","MEMORY_ALLOCATION_FREE","",0,"0x00007fbe84279000",5884,3219604409997989,3219604409998189
"MEMORY_ALLOCATION","MEMORY_ALLOCATION_FREE","",0,"0x00007fbe84277000",5886,3219604409999613,3219604409999783
"MEMORY_ALLOCATION","MEMORY_ALLOCATION_FREE","",0,"0x00007fbe84276000",5888,3219604410001274,3219604410001589
"MEMORY_ALLOCATION","MEMORY_ALLOCATION_FREE","",0,"0x00007fbe84275000",5890,3219604410003442,3219604410003675
"MEMORY_ALLOCATION","MEMORY_ALLOCATION_ALLOCATE","Agent 3",256,"0x00007fbe8427e000",5892,3219604410005196,3219604410005361
"MEMORY_ALLOCATION","MEMORY_ALLOCATION_ALLOCATE","Agent 3",256,"0x00007fbe84275000",5894,3219604410007151,3219604410007325
"MEMORY_ALLOCATION","MEMORY_ALLOCATION_ALLOCATE","Agent 3",512,"0x00007fbe84276000",5899,3219604410015162,3219604410015457
"MEMORY_ALLOCATION","MEMORY_ALLOCATION_ALLOCATE","Agent 3",512,"0x00007fbe84277000",5904,3219604410023747,3219604410024059
"MEMORY_ALLOCATION","MEMORY_ALLOCATION_ALLOCATE","Agent 3",512,"0x00007fbe84279000",5909,3219604410031481,3219604410031785
"MEMORY_ALLOCATION","MEMORY_ALLOCATION_FREE","",0,"0x00007fbe84277000",5914,3219604410052435,3219604410052694
"MEMORY_ALLOCATION","MEMORY_ALLOCATION_FREE","",0,"0x00007fbe84276000",5916,3219604410054556,3219604410054747
"MEMORY_ALLOCATION","MEMORY_ALLOCATION_ALLOCATE","Agent 3",256,"0x00007fbe84276000",5918,3219604410056514,3219604410056730
"MEMORY_ALLOCATION","MEMORY_ALLOCATION_FREE","",0,"0x00007fbe84279000",5923,3219604410088174,3219604410088454
"MEMORY_ALLOCATION","MEMORY_ALLOCATION_ALLOCATE","Agent 3",256,"0x00007fbe84277000",5925,3219604410090295,3219604410090484
"MEMORY_ALLOCATION","MEMORY_ALLOCATION_FREE","",0,"0x00007fbe84276000",5930,3219604410107598,3219604410107822
"MEMORY_ALLOCATION","MEMORY_ALLOCATION_FREE","",0,"0x00007fbe84275000",5932,3219604410109365,3219604410109621
"MEMORY_ALLOCATION","MEMORY_ALLOCATION_FREE","",0,"0x00007fbe8427e000",5934,3219604410111434,3219604410111630
"MEMORY_ALLOCATION","MEMORY_ALLOCATION_FREE","",0,"0x00007fbe8427d000",5936,3219604410113157,3219604410113457
"MEMORY_ALLOCATION","MEMORY_ALLOCATION_FREE","",0,"0x00007fbe84278000",5938,3219604410114993,3219604410115226
"MEMORY_ALLOCATION","MEMORY_ALLOCATION_ALLOCATE","Agent 3",256,"0x00007fbe84275000",5940,3219604410116927,3219604410117143
"MEMORY_ALLOCATION","MEMORY_ALLOCATION_FREE","",0,"0x00007fbe84277000",5945,3219604410134336,3219604410134669
"MEMORY_ALLOCATION","MEMORY_ALLOCATION_ALLOCATE","Agent 3",1024,"0x00007fbe84276000",5947,3219604410136730,3219604410136924
"MEMORY_ALLOCATION","MEMORY_ALLOCATION_FREE","",0,"0x00007fbe84275000",5952,3219604410160858,3219604410161101
"MEMORY_ALLOCATION","MEMORY_ALLOCATION_FREE","",0,"0x00007fbe84274000",5954,3219604410163331,3219604410163701
"MEMORY_ALLOCATION","MEMORY_ALLOCATION_FREE","",0,"0x00007fbe84273000",5956,3219604410165840,3219604410166137
"MEMORY_ALLOCATION","MEMORY_ALLOCATION_FREE","",0,"0x00007fbe84272000",5958,3219604410168507,3219604410168830
"MEMORY_ALLOCATION","MEMORY_ALLOCATION_FREE","",0,"0x00007fbe84276000",5962,3219604410196719,3219604410197178
"MEMORY_ALLOCATION","MEMORY_ALLOCATION_ALLOCATE","Agent 3",64,"0x00007fbe84272000",5964,3219604410201567,3219604410201896
"MEMORY_ALLOCATION","MEMORY_ALLOCATION_ALLOCATE","Agent 3",4096,"0x00007fbe84273000",5968,3219604410240832,3219604410241121
"MEMORY_ALLOCATION","MEMORY_ALLOCATION_ALLOCATE","Agent 3",4096,"0x00007fbe84274000",5973,3219604410248868,3219604410249174
"MEMORY_ALLOCATION","MEMORY_ALLOCATION_ALLOCATE","Agent 3",4096,"0x00007fbe84275000",5978,3219604410257512,3219604410257936
"MEMORY_ALLOCATION","MEMORY_ALLOCATION_ALLOCATE","Agent 3",2048,"0x00007fbe84276000",5983,3219604410265632,3219604410265933
"MEMORY_ALLOCATION","MEMORY_ALLOCATION_ALLOCATE","Agent 3",2048,"0x00007fbe84277000",5988,3219604410272961,3219604410273257
"MEMORY_ALLOCATION","MEMORY_ALLOCATION_ALLOCATE","Agent 3",4096,"0x00007fbe84278000",5993,3219604410281333,3219604410281659
"MEMORY_ALLOCATION","MEMORY_ALLOCATION_ALLOCATE","Agent 3",2048,"0x00007fbe84279000",5998,3219604410289522,3219604410289859
"MEMORY_ALLOCATION","MEMORY_ALLOCATION_ALLOCATE","Agent 3",2048,"0x00007fbe8427a000",6003,3219604410303427,3219604410303729
"MEMORY_ALLOCATION","MEMORY_ALLOCATION_ALLOCATE","Agent 3",4096,"0x00007fbe8427b000",6008,3219604410311467,3219604410311768
"MEMORY_ALLOCATION","MEMORY_ALLOCATION_FREE","",0,"0x00007fbe84278000",6013,3219604410332721,3219604410333008
"MEMORY_ALLOCATION","MEMORY_ALLOCATION_ALLOCATE","Agent 3",2048,"0x00007fbe84278000",6015,3219604410336358,3219604410336538
"MEMORY_ALLOCATION","MEMORY_ALLOCATION_FREE","",0,"0x00007fbe84279000",6020,3219604410354431,3219604410354683
"MEMORY_ALLOCATION","MEMORY_ALLOCATION_ALLOCATE","Agent 3",8192,"0x00007fbe8427c000",6022,3219604410356721,3219604410357117
"MEMORY_ALLOCATION","MEMORY_ALLOCATION_ALLOCATE","Agent 3",8192,"0x00007fbe8428b000",6028,3219604410378103,3219604410378456
"MEMORY_ALLOCATION","MEMORY_ALLOCATION_ALLOCATE","Agent 3",4096,"0x00007fbe84279000",6034,3219604410389862,3219604410390091
"MEMORY_ALLOCATION","MEMORY_ALLOCATION_ALLOCATE","Agent 3",4096,"0x00007fbe8427e000",6039,3219604410406276,3219604410406629
"MEMORY_ALLOCATION","MEMORY_ALLOCATION_FREE","",0,"0x00007fbe84279000",6044,3219604410425549,3219604410425833
"MEMORY_ALLOCATION","MEMORY_ALLOCATION_ALLOCATE","Agent 3",4096,"0x00007fbe84279000",6046,3219604410427672,3219604410427822
"MEMORY_ALLOCATION","MEMORY_ALLOCATION_FREE","",0,"0x00007fbe8427e000",6051,3219604410452418,3219604410452677
"MEMORY_ALLOCATION","MEMORY_ALLOCATION_FREE","",0,"0x00007fbe8427a000",6053,3219604410454349,3219604410454553
"MEMORY_ALLOCATION","MEMORY_ALLOCATION_FREE","",0,"0x00007fbe84278000",6055,3219604410456284,3219604410456496
"MEMORY_ALLOCATION","MEMORY_ALLOCATION_FREE","",0,"0x00007fbe8427b000",6057,3219604410458253,3219604410458522
"MEMORY_ALLOCATION","MEMORY_ALLOCATION_FREE","",0,"0x00007fbe84277000",6059,3219604410460184,3219604410460424
"MEMORY_ALLOCATION","MEMORY_ALLOCATION_FREE","",0,"0x00007fbe84276000",6061,3219604410461983,3219604410462231
"MEMORY_ALLOCATION","MEMORY_ALLOCATION_FREE","",0,"0x00007fbe84275000",6063,3219604410463744,3219604410463989
"MEMORY_ALLOCATION","MEMORY_ALLOCATION_ALLOCATE","Agent 3",4096,"0x00007fbe8427e000",6065,3219604410465722,3219604410465941
"MEMORY_ALLOCATION","MEMORY_ALLOCATION_FREE","",0,"0x00007fbe84279000",6070,3219604410483421,3219604410483804
"MEMORY_ALLOCATION","MEMORY_ALLOCATION_FREE","",0,"0x00007fbe84274000",6072,3219604410485635,3219604410485926
"MEMORY_ALLOCATION","MEMORY_ALLOCATION_ALLOCATE","Agent 3",4096,"0x00007fbe84274000",6074,3219604410487752,3219604410487972
"MEMORY_ALLOCATION","MEMORY_ALLOCATION_ALLOCATE","Agent 3",8192,"0x00007fbe84275000",6079,3219604410495060,3219604410495354
"MEMORY_ALLOCATION","MEMORY_ALLOCATION_ALLOCATE","Agent 3",8192,"0x00007fbe84277000",6084,3219604410502634,3219604410502931
"MEMORY_ALLOCATION","MEMORY_ALLOCATION_ALLOCATE","Agent 3",8192,"0x00007fbe84279000",6089,3219604410510268,3219604410510613
"MEMORY_ALLOCATION","MEMORY_ALLOCATION_FREE","",0,"0x00007fbe84277000",6094,3219604410532421,3219604410532662
"MEMORY_ALLOCATION","MEMORY_ALLOCATION_FREE","",0,"0x00007fbe84275000",6096,3219604410534724,3219604410534997
"MEMORY_ALLOCATION","MEMORY_ALLOCATION_ALLOCATE","Agent 3",4096,"0x00007fbe8427b000",6098,3219604410537020,3219604410537202
"MEMORY_ALLOCATION","MEMORY_ALLOCATION_FREE","",0,"0x00007fbe84279000",6103,3219604410568421,3219604410568756
"MEMORY_ALLOCATION","MEMORY_ALLOCATION_ALLOCATE","Agent 3",4096,"0x00007fbe84275000",6105,3219604410570449,3219604410570696
"MEMORY_ALLOCATION","MEMORY_ALLOCATION_FREE","",0,"0x00007fbe8427b000",6110,3219604410587676,3219604410587960
"MEMORY_ALLOCATION","MEMORY_ALLOCATION_FREE","",0,"0x00007fbe84274000",6112,3219604410589816,3219604410590026
"MEMORY_ALLOCATION","MEMORY_ALLOCATION_FREE","",0,"0x00007fbe8427e000",6114,3219604410591759,3219604410591971
"MEMORY_ALLOCATION","MEMORY_ALLOCATION_FREE","",0,"0x00007fbe84273000",6116,3219604410593456,3219604410593756
"MEMORY_ALLOCATION","MEMORY_ALLOCATION_ALLOCATE","Agent 3",4096,"0x00007fbe8427e000",6118,3219604410595640,3219604410595839
"MEMORY_ALLOCATION","MEMORY_ALLOCATION_ALLOCATE","Agent 3",4096,"0x00007fbe84273000",6123,3219604410602743,3219604410602987
"MEMORY_ALLOCATION","MEMORY_ALLOCATION_ALLOCATE","Agent 3",2048,"0x00007fbe84274000",6128,3219604410610016,3219604410610248
"MEMORY_ALLOCATION","MEMORY_ALLOCATION_ALLOCATE","Agent 3",2048,"0x00007fbe84276000",6133,3219604410617579,3219604410617906
"MEMORY_ALLOCATION","MEMORY_ALLOCATION_ALLOCATE","Agent 3",4096,"0x00007fbe84277000",6138,3219604410625300,3219604410625640
"MEMORY_ALLOCATION","MEMORY_ALLOCATION_ALLOCATE","Agent 3",2048,"0x00007fbe84278000",6143,3219604410633431,3219604410633786
"MEMORY_ALLOCATION","MEMORY_ALLOCATION_ALLOCATE","Agent 3",2048,"0x00007fbe84279000",6148,3219604410642488,3219604410642882
"MEMORY_ALLOCATION","MEMORY_ALLOCATION_ALLOCATE","Agent 3",4096,"0x00007fbe8427a000",6153,3219604410650861,3219604410651388
"MEMORY_ALLOCATION","MEMORY_ALLOCATION_FREE","",0,"0x00007fbe84277000",6158,3219604410672686,3219604410673050
"MEMORY_ALLOCATION","MEMORY_ALLOCATION_ALLOCATE","Agent 3",2048,"0x00007fbe8427b000",6160,3219604410676475,3219604410676658
"MEMORY_ALLOCATION","MEMORY_ALLOCATION_FREE","",0,"0x00007fbe84278000",6165,3219604410694908,3219604410695234
"MEMORY_ALLOCATION","MEMORY_ALLOCATION_ALLOCATE","Agent 3",8192,"0x00007fbe84277000",6167,3219604410697459,3219604410697606
"MEMORY_ALLOCATION","MEMORY_ALLOCATION_ALLOCATE","Agent 3",8192,"0x00007fbe8428d000",6173,3219604410709322,3219604410709786
"MEMORY_ALLOCATION","MEMORY_ALLOCATION_ALLOCATE","Agent 3",4096,"0x00007fbe8428f000",6179,3219604410722486,3219604410722866
"MEMORY_ALLOCATION","MEMORY_ALLOCATION_ALLOCATE","Agent 3",4096,"0x00007fbe84290000",6184,3219604410731334,3219604410731674
"MEMORY_ALLOCATION","MEMORY_ALLOCATION_FREE","",0,"0x00007fbe8428f000",6189,3219604410751354,3219604410751605
"MEMORY_ALLOCATION","MEMORY_ALLOCATION_ALLOCATE","Agent 3",4096,"0x00007fbe8428f000",6191,3219604410764414,3219604410764695
"MEMORY_ALLOCATION","MEMORY_ALLOCATION_FREE","",0,"0x00007fbe84290000",6196,3219604410821605,3219604410822014
"MEMORY_ALLOCATION","MEMORY_ALLOCATION_FREE","",0,"0x00007fbe84279000",6198,3219604410823569,3219604410823801
"MEMORY_ALLOCATION","MEMORY_ALLOCATION_FREE","",0,"0x00007fbe8427b000",6200,3219604410825416,3219604410825621
"MEMORY_ALLOCATION","MEMORY_ALLOCATION_FREE","",0,"0x00007fbe8427a000",6202,3219604410827613,3219604410827960
"MEMORY_ALLOCATION","MEMORY_ALLOCATION_FREE","",0,"0x00007fbe84276000",6204,3219604410829751,3219604410829951
"MEMORY_ALLOCATION","MEMORY_ALLOCATION_FREE","",0,"0x00007fbe84274000",6206,3219604410831691,3219604410832030
"MEMORY_ALLOCATION","MEMORY_ALLOCATION_FREE","",0,"0x00007fbe84273000",6208,3219604410833874,3219604410834211
"MEMORY_ALLOCATION","MEMORY_ALLOCATION_ALLOCATE","Agent 3",4096,"0x00007fbe84276000",6210,3219604410836066,3219604410836235
"MEMORY_ALLOCATION","MEMORY_ALLOCATION_FREE","",0,"0x00007fbe8428f000",6215,3219604410853633,3219604410854082
"MEMORY_ALLOCATION","MEMORY_ALLOCATION_FREE","",0,"0x00007fbe8427e000",6217,3219604410855932,3219604410856150
"MEMORY_ALLOCATION","MEMORY_ALLOCATION_ALLOCATE","Agent 3",4096,"0x00007fbe8427e000",6219,3219604410857915,3219604410858074
"MEMORY_ALLOCATION","MEMORY_ALLOCATION_ALLOCATE","Agent 3",8192,"0x00007fbe84273000",6224,3219604410865187,3219604410865395
"MEMORY_ALLOCATION","MEMORY_ALLOCATION_ALLOCATE","Agent 3",8192,"0x00007fbe84279000",6229,3219604410873574,3219604410873814
"MEMORY_ALLOCATION","MEMORY_ALLOCATION_ALLOCATE","Agent 3",8192,"0x00007fbe8428f000",6234,3219604410890746,3219604410891176
"MEMORY_ALLOCATION","MEMORY_ALLOCATION_FREE","",0,"0x00007fbe84279000",6239,3219604410911233,3219604410911534
"MEMORY_ALLOCATION","MEMORY_ALLOCATION_FREE","",0,"0x00007fbe84273000",6241,3219604410913715,3219604410913986
"MEMORY_ALLOCATION","MEMORY_ALLOCATION_ALLOCATE","Agent 3",4096,"0x00007fbe84273000",6243,3219604410915727,3219604410915978
"MEMORY_ALLOCATION","MEMORY_ALLOCATION_FREE","",0,"0x00007fbe8428f000",6248,3219604410947365,3219604410947778
"MEMORY_ALLOCATION","MEMORY_ALLOCATION_ALLOCATE","Agent 3",4096,"0x00007fbe84274000",6250,3219604410949552,3219604410949818
"MEMORY_ALLOCATION","MEMORY_ALLOCATION_FREE","",0,"0x00007fbe84273000",6255,3219604410967019,3219604410967270
"MEMORY_ALLOCATION","MEMORY_ALLOCATION_FREE","",0,"0x00007fbe8427e000",6257,3219604410969270,3219604410969465
"MEMORY_ALLOCATION","MEMORY_ALLOCATION_FREE","",0,"0x00007fbe84276000",6259,3219604410971332,3219604410971559
"MEMORY_ALLOCATION","MEMORY_ALLOCATION_FREE","",0,"0x00007fbe84275000",6261,3219604410973237,3219604410973515
"MEMORY_ALLOCATION","MEMORY_ALLOCATION_ALLOCATE","Agent 3",4096,"0x00007fbe84273000",6263,3219604410975446,3219604410975603
"MEMORY_ALLOCATION","MEMORY_ALLOCATION_FREE","",0,"0x00007fbe84274000",6268,3219604410993051,3219604410993476
"MEMORY_ALLOCATION","MEMORY_ALLOCATION_ALLOCATE","Agent 3",1024,"0x00007fbe8427e000",6270,3219604410995559,3219604410995745
"MEMORY_ALLOCATION","MEMORY_ALLOCATION_FREE","",0,"0x00007fbe84273000",6275,3219604411019552,3219604411019983
"MEMORY_ALLOCATION","MEMORY_ALLOCATION_FREE","",0,"0x00007fbe84272000",6277,3219604411022089,3219604411022450
"MEMORY_ALLOCATION","MEMORY_ALLOCATION_FREE","",0,"0x00007fbe8428b000",6295,3219604411077392,3219604411077704
"MEMORY_ALLOCATION","MEMORY_ALLOCATION_FREE","",0,"0x00007fbe8427c000",6297,3219604411079544,3219604411079868
"MEMORY_ALLOCATION","MEMORY_ALLOCATION_FREE","",0,"0x00007fbe8428d000",6299,3219604411081642,3219604411082012
"MEMORY_ALLOCATION","MEMORY_ALLOCATION_FREE","",0,"0x00007fbe84277000",6301,3219604411087042,3219604411087470
"MEMORY_ALLOCATION","MEMORY_ALLOCATION_FREE","",0,"0x00007fbe8427e000",6305,3219604411104907,3219604411105278
"MEMORY_ALLOCATION","MEMORY_ALLOCATION_ALLOCATE","Agent 3",8,"0x00007fbe84272000",6307,3219604411108752,3219604411109007
"MEMORY_ALLOCATION","MEMORY_ALLOCATION_FREE","",0,"0x00007fbe84272000",6314,3219604411188448,3219604411188970
"MEMORY_ALLOCATION","MEMORY_ALLOCATION_ALLOCATE","Agent 3",4,"0x00007fbe84272000",6328,3219604411216321,3219604411216781
"MEMORY_ALLOCATION","MEMORY_ALLOCATION_ALLOCATE","Agent 3",4,"0x00007fbe84273000",6332,3219604411244398,3219604411244930
"MEMORY_ALLOCATION","MEMORY_ALLOCATION_ALLOCATE","Agent 3",4,"0x00007fbe84274000",6336,3219604411264225,3219604411264782
"MEMORY_ALLOCATION","MEMORY_ALLOCATION_ALLOCATE","Agent 3",256,"0x00007fbe84275000",6340,3219604411284842,3219604411285218
"MEMORY_ALLOCATION","MEMORY_ALLOCATION_ALLOCATE","Agent 3",256,"0x00007fbe84276000",6345,3219604411293216,3219604411293699
"MEMORY_ALLOCATION","MEMORY_ALLOCATION_ALLOCATE","Agent 3",256,"0x00007fbe84277000",6350,3219604411301741,3219604411302124
"MEMORY_ALLOCATION","MEMORY_ALLOCATION_ALLOCATE","Agent 3",128,"0x00007fbe84278000",6355,3219604411310405,3219604411310709
"MEMORY_ALLOCATION","MEMORY_ALLOCATION_ALLOCATE","Agent 3",128,"0x00007fbe84279000",6360,3219604411317596,3219604411317905
"MEMORY_ALLOCATION","MEMORY_ALLOCATION_ALLOCATE","Agent 3",256,"0x00007fbe8427a000",6365,3219604411325642,3219604411325916
"MEMORY_ALLOCATION","MEMORY_ALLOCATION_ALLOCATE","Agent 3",128,"0x00007fbe8427b000",6370,3219604411333251,3219604411333555
"MEMORY_ALLOCATION","MEMORY_ALLOCATION_ALLOCATE","Agent 3",256,"0x00007fbe8427c000",6378,3219604411350098,3219604411350397
"MEMORY_ALLOCATION","MEMORY_ALLOCATION_ALLOCATE","Agent 3",256,"0x00007fbe8427d000",6383,3219604411367828,3219604411368120
"MEMORY_ALLOCATION","MEMORY_ALLOCATION_FREE","",0,"0x00007fbe8427c000",6388,3219604411396895,3219604411397495
"MEMORY_ALLOCATION","MEMORY_ALLOCATION_FREE","",0,"0x00007fbe8427b000",6390,3219604411399510,3219604411399854
"MEMORY_ALLOCATION","MEMORY_ALLOCATION_FREE","",0,"0x00007fbe8427a000",6392,3219604411402084,3219604411402341
"MEMORY_ALLOCATION","MEMORY_ALLOCATION_FREE","",0,"0x00007fbe84279000",6394,3219604411404087,3219604411404423
"MEMORY_ALLOCATION","MEMORY_ALLOCATION_FREE","",0,"0x00007fbe84278000",6396,3219604411406252,3219604411406522
"MEMORY_ALLOCATION","MEMORY_ALLOCATION_FREE","",0,"0x00007fbe84277000",6398,3219604411408050,3219604411408309
"MEMORY_ALLOCATION","MEMORY_ALLOCATION_FREE","",0,"0x00007fbe84276000",6400,3219604411409901,3219604411410165
"MEMORY_ALLOCATION","MEMORY_ALLOCATION_ALLOCATE","Agent 3",256,"0x00007fbe8427e000",6402,3219604411413585,3219604411413748
"MEMORY_ALLOCATION","MEMORY_ALLOCATION_ALLOCATE","Agent 3",256,"0x00007fbe84276000",6404,3219604411415528,3219604411415833
"MEMORY_ALLOCATION","MEMORY_ALLOCATION_ALLOCATE","Agent 3",512,"0x00007fbe84277000",6409,3219604411424831,3219604411425054
"MEMORY_ALLOCATION","MEMORY_ALLOCATION_ALLOCATE","Agent 3",512,"0x00007fbe84278000",6414,3219604411433224,3219604411433632
"MEMORY_ALLOCATION","MEMORY_ALLOCATION_ALLOCATE","Agent 3",512,"0x00007fbe84279000",6419,3219604411441045,3219604411441367
"MEMORY_ALLOCATION","MEMORY_ALLOCATION_FREE","",0,"0x00007fbe84278000",6424,3219604411462132,3219604411462426
"MEMORY_ALLOCATION","MEMORY_ALLOCATION_FREE","",0,"0x00007fbe84277000",6426,3219604411464387,3219604411464620
"MEMORY_ALLOCATION","MEMORY_ALLOCATION_ALLOCATE","Agent 3",256,"0x00007fbe84277000",6428,3219604411466255,3219604411466424
"MEMORY_ALLOCATION","MEMORY_ALLOCATION_FREE","",0,"0x00007fbe84279000",6433,3219604411497600,3219604411497923
"MEMORY_ALLOCATION","MEMORY_ALLOCATION_ALLOCATE","Agent 3",256,"0x00007fbe84278000",6435,3219604411499780,3219604411499998
"MEMORY_ALLOCATION","MEMORY_ALLOCATION_FREE","",0,"0x00007fbe84277000",6440,3219604411517286,3219604411517497
"MEMORY_ALLOCATION","MEMORY_ALLOCATION_FREE","",0,"0x00007fbe84276000",6442,3219604411519524,3219604411519735
"MEMORY_ALLOCATION","MEMORY_ALLOCATION_FREE","",0,"0x00007fbe8427e000",6444,3219604411521530,3219604411521710
"MEMORY_ALLOCATION","MEMORY_ALLOCATION_FREE","",0,"0x00007fbe8427d000",6446,3219604411523333,3219604411523694
"MEMORY_ALLOCATION","MEMORY_ALLOCATION_FREE","",0,"0x00007fbe84275000",6448,3219604411525096,3219604411525340
"MEMORY_ALLOCATION","MEMORY_ALLOCATION_ALLOCATE","Agent 3",256,"0x00007fbe84275000",6450,3219604411527232,3219604411527445
"MEMORY_ALLOCATION","MEMORY_ALLOCATION_ALLOCATE","Agent 3",256,"0x00007fbe84276000",6455,3219604411535351,3219604411535579
"MEMORY_ALLOCATION","MEMORY_ALLOCATION_ALLOCATE","Agent 3",128,"0x00007fbe84277000",6460,3219604411542853,3219604411543116
"MEMORY_ALLOCATION","MEMORY_ALLOCATION_ALLOCATE","Agent 3",128,"0x00007fbe84279000",6465,3219604411550750,3219604411551124
"MEMORY_ALLOCATION","MEMORY_ALLOCATION_ALLOCATE","Agent 3",256,"0x00007fbe8427a000",6470,3219604411561279,3219604411561524
"MEMORY_ALLOCATION","MEMORY_ALLOCATION_ALLOCATE","Agent 3",128,"0x00007fbe8427b000",6475,3219604411569053,3219604411569395
"MEMORY_ALLOCATION","MEMORY_ALLOCATION_ALLOCATE","Agent 3",256,"0x00007fbe8427c000",6483,3219604411583791,3219604411584088
"MEMORY_ALLOCATION","MEMORY_ALLOCATION_ALLOCATE","Agent 3",256,"0x00007fbe8427d000",6488,3219604411595499,3219604411595840
"MEMORY_ALLOCATION","MEMORY_ALLOCATION_FREE","",0,"0x00007fbe8427c000",6493,3219604411623549,3219604411624025
"MEMORY_ALLOCATION","MEMORY_ALLOCATION_FREE","",0,"0x00007fbe8427b000",6495,3219604411625800,3219604411626030
"MEMORY_ALLOCATION","MEMORY_ALLOCATION_FREE","",0,"0x00007fbe8427a000",6497,3219604411627838,3219604411628062
"MEMORY_ALLOCATION","MEMORY_ALLOCATION_FREE","",0,"0x00007fbe84279000",6499,3219604411629438,3219604411629797
"MEMORY_ALLOCATION","MEMORY_ALLOCATION_FREE","",0,"0x00007fbe84277000",6501,3219604411631524,3219604411631665
"MEMORY_ALLOCATION","MEMORY_ALLOCATION_FREE","",0,"0x00007fbe84276000",6503,3219604411633263,3219604411633508
"MEMORY_ALLOCATION","MEMORY_ALLOCATION_FREE","",0,"0x00007fbe84275000",6505,3219604411635232,3219604411635439
"MEMORY_ALLOCATION","MEMORY_ALLOCATION_ALLOCATE","Agent 3",256,"0x00007fbe8427e000",6507,3219604411636858,3219604411637032
"MEMORY_ALLOCATION","MEMORY_ALLOCATION_ALLOCATE","Agent 3",256,"0x00007fbe84275000",6509,3219604411640016,3219604411640188
"MEMORY_ALLOCATION","MEMORY_ALLOCATION_ALLOCATE","Agent 3",512,"0x00007fbe84276000",6514,3219604411647997,3219604411648250
"MEMORY_ALLOCATION","MEMORY_ALLOCATION_ALLOCATE","Agent 3",512,"0x00007fbe84277000",6519,3219604411656375,3219604411656658
"MEMORY_ALLOCATION","MEMORY_ALLOCATION_ALLOCATE","Agent 3",512,"0x00007fbe84279000",6524,3219604411663839,3219604411664252
"MEMORY_ALLOCATION","MEMORY_ALLOCATION_FREE","",0,"0x00007fbe84277000",6529,3219604411687816,3219604411688125
"MEMORY_ALLOCATION","MEMORY_ALLOCATION_FREE","",0,"0x00007fbe84276000",6531,3219604411689994,3219604411690207
"MEMORY_ALLOCATION","MEMORY_ALLOCATION_ALLOCATE","Agent 3",256,"0x00007fbe84276000",6533,3219604411692111,3219604411692345
"MEMORY_ALLOCATION","MEMORY_ALLOCATION_FREE","",0,"0x00007fbe84279000",6538,3219604411723736,3219604411724018
"MEMORY_ALLOCATION","MEMORY_ALLOCATION_ALLOCATE","Agent 3",256,"0x00007fbe84277000",6540,3219604411726035,3219604411726212
"MEMORY_ALLOCATION","MEMORY_ALLOCATION_FREE","",0,"0x00007fbe84276000",6545,3219604411743443,3219604411743668
"MEMORY_ALLOCATION","MEMORY_ALLOCATION_FREE","",0,"0x00007fbe84275000",6547,3219604411745625,3219604411745859
"MEMORY_ALLOCATION","MEMORY_ALLOCATION_FREE","",0,"0x00007fbe8427e000",6549,3219604411747434,3219604411747587
"MEMORY_ALLOCATION","MEMORY_ALLOCATION_FREE","",0,"0x00007fbe8427d000",6551,3219604411749105,3219604411749397
"MEMORY_ALLOCATION","MEMORY_ALLOCATION_FREE","",0,"0x00007fbe84278000",6553,3219604411750940,3219604411751170
"MEMORY_ALLOCATION","MEMORY_ALLOCATION_ALLOCATE","Agent 3",256,"0x00007fbe84275000",6555,3219604411752908,3219604411753117
"MEMORY_ALLOCATION","MEMORY_ALLOCATION_FREE","",0,"0x00007fbe84277000",6560,3219604411772617,3219604411772962
"MEMORY_ALLOCATION","MEMORY_ALLOCATION_ALLOCATE","Agent 3",1024,"0x00007fbe84276000",6562,3219604411775155,3219604411775366
"MEMORY_ALLOCATION","MEMORY_ALLOCATION_FREE","",0,"0x00007fbe84275000",6567,3219604411799002,3219604411799251
"MEMORY_ALLOCATION","MEMORY_ALLOCATION_FREE","",0,"0x00007fbe84274000",6569,3219604411801413,3219604411801650
"MEMORY_ALLOCATION","MEMORY_ALLOCATION_FREE","",0,"0x00007fbe84273000",6571,3219604411803487,3219604411803712
"MEMORY_ALLOCATION","MEMORY_ALLOCATION_FREE","",0,"0x00007fbe84272000",6573,3219604411805318,3219604411805604
"MEMORY_ALLOCATION","MEMORY_ALLOCATION_FREE","",0,"0x00007fbe84276000",6577,3219604411822438,3219604411822724
"MEMORY_ALLOCATION","MEMORY_ALLOCATION_ALLOCATE","Agent 3",8,"0x00007fbe84272000",6579,3219604411825447,3219604411825683
"MEMORY_ALLOCATION","MEMORY_ALLOCATION_FREE","",0,"0x00007fbe84272000",6586,3219604411861155,3219604411861433
"MEMORY_ALLOCATION","MEMORY_ALLOCATION_ALLOCATE","Agent 3",4,"0x00007fbe84272000",6588,3219604411863515,3219604411863738
"MEMORY_ALLOCATION","MEMORY_ALLOCATION_ALLOCATE","Agent 3",4,"0x00007fbe84273000",6592,3219604411883230,3219604411883528
"MEMORY_ALLOCATION","MEMORY_ALLOCATION_ALLOCATE","Agent 3",4,"0x00007fbe84274000",6596,3219604411902941,3219604411903294
"MEMORY_ALLOCATION","MEMORY_ALLOCATION_ALLOCATE","Agent 3",256,"0x00007fbe84275000",6600,3219604411922469,3219604411922864
"MEMORY_ALLOCATION","MEMORY_ALLOCATION_ALLOCATE","Agent 3",256,"0x00007fbe84276000",6605,3219604411930561,3219604411930842
"MEMORY_ALLOCATION","MEMORY_ALLOCATION_ALLOCATE","Agent 3",256,"0x00007fbe84277000",6610,3219604411947221,3219604411947655
"MEMORY_ALLOCATION","MEMORY_ALLOCATION_ALLOCATE","Agent 3",128,"0x00007fbe84278000",6615,3219604411954876,3219604411955169
"MEMORY_ALLOCATION","MEMORY_ALLOCATION_ALLOCATE","Agent 3",128,"0x00007fbe84279000",6620,3219604411962695,3219604411963284
"MEMORY_ALLOCATION","MEMORY_ALLOCATION_ALLOCATE","Agent 3",256,"0x00007fbe8427a000",6625,3219604411971602,3219604411971895
"MEMORY_ALLOCATION","MEMORY_ALLOCATION_ALLOCATE","Agent 3",128,"0x00007fbe8427b000",6630,3219604411980305,3219604411980627
"MEMORY_ALLOCATION","MEMORY_ALLOCATION_ALLOCATE","Agent 3",256,"0x00007fbe8427c000",6638,3219604411996405,3219604411996693
"MEMORY_ALLOCATION","MEMORY_ALLOCATION_ALLOCATE","Agent 3",256,"0x00007fbe8427d000",6643,3219604412015796,3219604412016196
"MEMORY_ALLOCATION","MEMORY_ALLOCATION_FREE","",0,"0x00007fbe8427c000",6648,3219604412044794,3219604412045286
"MEMORY_ALLOCATION","MEMORY_ALLOCATION_FREE","",0,"0x00007fbe8427b000",6650,3219604412047378,3219604412047678
"MEMORY_ALLOCATION","MEMORY_ALLOCATION_FREE","",0,"0x00007fbe8427a000",6652,3219604412052766,3219604412053019
"MEMORY_ALLOCATION","MEMORY_ALLOCATION_FREE","",0,"0x00007fbe84279000",6654,3219604412054738,3219604412055024
"MEMORY_ALLOCATION","MEMORY_ALLOCATION_FREE","",0,"0x00007fbe84278000",6656,3219604412056819,3219604412057063
"MEMORY_ALLOCATION","MEMORY_ALLOCATION_FREE","",0,"0x00007fbe84277000",6658,3219604412058819,3219604412059015
"MEMORY_ALLOCATION","MEMORY_ALLOCATION_FREE","",0,"0x00007fbe84276000",6660,3219604412060937,3219604412061276
"MEMORY_ALLOCATION","MEMORY_ALLOCATION_ALLOCATE","Agent 3",256,"0x00007fbe8427e000",6662,3219604412065721,3219604412065894
"MEMORY_ALLOCATION","MEMORY_ALLOCATION_ALLOCATE","Agent 3",256,"0x00007fbe84276000",6664,3219604412069937,3219604412070152
"MEMORY_ALLOCATION","MEMORY_ALLOCATION_ALLOCATE","Agent 3",512,"0x00007fbe84277000",6669,3219604412089896,3219604412090150
"MEMORY_ALLOCATION","MEMORY_ALLOCATION_ALLOCATE","Agent 3",512,"0x00007fbe84278000",6674,3219604412110240,3219604412111349
"MEMORY_ALLOCATION","MEMORY_ALLOCATION_ALLOCATE","Agent 3",512,"0x00007fbe84279000",6679,3219604412127240,3219604412127734
"MEMORY_ALLOCATION","MEMORY_ALLOCATION_FREE","",0,"0x00007fbe84278000",6684,3219604412147845,3219604412148086
"MEMORY_ALLOCATION","MEMORY_ALLOCATION_FREE","",0,"0x00007fbe84277000",6686,3219604412150381,3219604412150603
"MEMORY_ALLOCATION","MEMORY_ALLOCATION_ALLOCATE","Agent 3",256,"0x00007fbe84277000",6688,3219604412152329,3219604412152514
"MEMORY_ALLOCATION","MEMORY_ALLOCATION_FREE","",0,"0x00007fbe84279000",6693,3219604412183847,3219604412184151
"MEMORY_ALLOCATION","MEMORY_ALLOCATION_ALLOCATE","Agent 3",256,"0x00007fbe84278000",6695,3219604412185962,3219604412186200
"MEMORY_ALLOCATION","MEMORY_ALLOCATION_FREE","",0,"0x00007fbe84277000",6700,3219604412203165,3219604412203410
"MEMORY_ALLOCATION","MEMORY_ALLOCATION_FREE","",0,"0x00007fbe84276000",6702,3219604412205234,3219604412205453
"MEMORY_ALLOCATION","MEMORY_ALLOCATION_FREE","",0,"0x00007fbe8427e000",6704,3219604412207003,3219604412207205
"MEMORY_ALLOCATION","MEMORY_ALLOCATION_FREE","",0,"0x00007fbe8427d000",6706,3219604412209014,3219604412209348
"MEMORY_ALLOCATION","MEMORY_ALLOCATION_FREE","",0,"0x00007fbe84275000",6708,3219604412211096,3219604412211323
"MEMORY_ALLOCATION","MEMORY_ALLOCATION_ALLOCATE","Agent 3",256,"0x00007fbe84275000",6710,3219604412213000,3219604412213225
"MEMORY_ALLOCATION","MEMORY_ALLOCATION_ALLOCATE","Agent 3",256,"0x00007fbe84276000",6715,3219604412220440,3219604412220688
"MEMORY_ALLOCATION","MEMORY_ALLOCATION_ALLOCATE","Agent 3",128,"0x00007fbe84277000",6720,3219604412228184,3219604412228411
"MEMORY_ALLOCATION","MEMORY_ALLOCATION_ALLOCATE","Agent 3",128,"0x00007fbe84279000",6725,3219604412235906,3219604412236319
"MEMORY_ALLOCATION","MEMORY_ALLOCATION_ALLOCATE","Agent 3",256,"0x00007fbe8427a000",6730,3219604412244753,3219604412245072
"MEMORY_ALLOCATION","MEMORY_ALLOCATION_ALLOCATE","Agent 3",128,"0x00007fbe8427b000",6735,3219604412252622,3219604412253073
"MEMORY_ALLOCATION","MEMORY_ALLOCATION_ALLOCATE","Agent 3",256,"0x00007fbe8427c000",6743,3219604412274613,3219604412275013
"MEMORY_ALLOCATION","MEMORY_ALLOCATION_ALLOCATE","Agent 3",256,"0x00007fbe8427d000",6748,3219604412283332,3219604412283596
"MEMORY_ALLOCATION","MEMORY_ALLOCATION_FREE","",0,"0x00007fbe8427c000",6753,3219604412311101,3219604412311686
"MEMORY_ALLOCATION","MEMORY_ALLOCATION_FREE","",0,"0x00007fbe8427b000",6755,3219604412313533,3219604412313713
"MEMORY_ALLOCATION","MEMORY_ALLOCATION_FREE","",0,"0x00007fbe8427a000",6757,3219604412315477,3219604412315666
"MEMORY_ALLOCATION","MEMORY_ALLOCATION_FREE","",0,"0x00007fbe84279000",6759,3219604412317090,3219604412317552
"MEMORY_ALLOCATION","MEMORY_ALLOCATION_FREE","",0,"0x00007fbe84277000",6761,3219604412318979,3219604412319247
"MEMORY_ALLOCATION","MEMORY_ALLOCATION_FREE","",0,"0x00007fbe84276000",6763,3219604412320655,3219604412320913
"MEMORY_ALLOCATION","MEMORY_ALLOCATION_FREE","",0,"0x00007fbe84275000",6765,3219604412322501,3219604412322695
"MEMORY_ALLOCATION","MEMORY_ALLOCATION_ALLOCATE","Agent 3",256,"0x00007fbe8427e000",6767,3219604412324128,3219604412324306
"MEMORY_ALLOCATION","MEMORY_ALLOCATION_ALLOCATE","Agent 3",256,"0x00007fbe84275000",6769,3219604412327482,3219604412327659
"MEMORY_ALLOCATION","MEMORY_ALLOCATION_ALLOCATE","Agent 3",512,"0x00007fbe84276000",6774,3219604412335286,3219604412335585
"MEMORY_ALLOCATION","MEMORY_ALLOCATION_ALLOCATE","Agent 3",512,"0x00007fbe84277000",6779,3219604412343867,3219604412344074
"MEMORY_ALLOCATION","MEMORY_ALLOCATION_ALLOCATE","Agent 3",512,"0x00007fbe84279000",6784,3219604412351558,3219604412351812
"MEMORY_ALLOCATION","MEMORY_ALLOCATION_FREE","",0,"0x00007fbe84277000",6789,3219604412372543,3219604412372778
"MEMORY_ALLOCATION","MEMORY_ALLOCATION_FREE","",0,"0x00007fbe84276000",6791,3219604412374845,3219604412375037
"MEMORY_ALLOCATION","MEMORY_ALLOCATION_ALLOCATE","Agent 3",256,"0x00007fbe84276000",6793,3219604412376760,3219604412376935
"MEMORY_ALLOCATION","MEMORY_ALLOCATION_FREE","",0,"0x00007fbe84279000",6798,3219604412408043,3219604412408347
"MEMORY_ALLOCATION","MEMORY_ALLOCATION_ALLOCATE","Agent 3",256,"0x00007fbe84277000",6800,3219604412410085,3219604412410283
"MEMORY_ALLOCATION","MEMORY_ALLOCATION_FREE","",0,"0x00007fbe84276000",6805,3219604412427149,3219604412427372
"MEMORY_ALLOCATION","MEMORY_ALLOCATION_FREE","",0,"0x00007fbe84275000",6807,3219604412429228,3219604412429453
"MEMORY_ALLOCATION","MEMORY_ALLOCATION_FREE","",0,"0x00007fbe8427e000",6809,3219604412430967,3219604412431125
"MEMORY_ALLOCATION","MEMORY_ALLOCATION_FREE","",0,"0x00007fbe8427d000",6811,3219604412432815,3219604412433101
"MEMORY_ALLOCATION","MEMORY_ALLOCATION_FREE","",0,"0x00007fbe84278000",6813,3219604412434555,3219604412434772
"MEMORY_ALLOCATION","MEMORY_ALLOCATION_ALLOCATE","Agent 3",256,"0x00007fbe84275000",6815,3219604412436453,3219604412436669
"MEMORY_ALLOCATION","MEMORY_ALLOCATION_FREE","",0,"0x00007fbe84277000",6820,3219604412454385,3219604412454656
"MEMORY_ALLOCATION","MEMORY_ALLOCATION_ALLOCATE","Agent 3",1024,"0x00007fbe84276000",6822,3219604412456537,3219604412456742
"MEMORY_ALLOCATION","MEMORY_ALLOCATION_FREE","",0,"0x00007fbe84275000",6827,3219604412480790,3219604412481037
"MEMORY_ALLOCATION","MEMORY_ALLOCATION_FREE","",0,"0x00007fbe84274000",6829,3219604412482770,3219604412482985
"MEMORY_ALLOCATION","MEMORY_ALLOCATION_FREE","",0,"0x00007fbe84273000",6831,3219604412484630,3219604412484820
"MEMORY_ALLOCATION","MEMORY_ALLOCATION_FREE","",0,"0x00007fbe84272000",6833,3219604412486443,3219604412486761
"MEMORY_ALLOCATION","MEMORY_ALLOCATION_FREE","",0,"0x00007fbe84276000",6837,3219604412513214,3219604412513511
"MEMORY_ALLOCATION","MEMORY_ALLOCATION_ALLOCATE","Agent 3",8,"0x00007fbe84272000",6839,3219604412516048,3219604412516255
"MEMORY_ALLOCATION","MEMORY_ALLOCATION_FREE","",0,"0x00007fbe84272000",6846,3219604412550898,3219604412551136
"MEMORY_ALLOCATION","MEMORY_ALLOCATION_ALLOCATE","Agent 3",4,"0x00007fbe84272000",6848,3219604412553486,3219604412553689
"MEMORY_ALLOCATION","MEMORY_ALLOCATION_ALLOCATE","Agent 3",4,"0x00007fbe84273000",6852,3219604412573871,3219604412574180
"MEMORY_ALLOCATION","MEMORY_ALLOCATION_ALLOCATE","Agent 3",4,"0x00007fbe84274000",6856,3219604412593699,3219604412594015
"MEMORY_ALLOCATION","MEMORY_ALLOCATION_ALLOCATE","Agent 3",256,"0x00007fbe84275000",6860,3219604412629643,3219604412630087
"MEMORY_ALLOCATION","MEMORY_ALLOCATION_ALLOCATE","Agent 3",256,"0x00007fbe84276000",6865,3219604412638199,3219604412638528
"MEMORY_ALLOCATION","MEMORY_ALLOCATION_ALLOCATE","Agent 3",256,"0x00007fbe84277000",6870,3219604412648625,3219604412649017
"MEMORY_ALLOCATION","MEMORY_ALLOCATION_ALLOCATE","Agent 3",128,"0x00007fbe84278000",6875,3219604412658938,3219604412659325
"MEMORY_ALLOCATION","MEMORY_ALLOCATION_ALLOCATE","Agent 3",128,"0x00007fbe84279000",6880,3219604412667415,3219604412667724
"MEMORY_ALLOCATION","MEMORY_ALLOCATION_ALLOCATE","Agent 3",256,"0x00007fbe8427a000",6885,3219604412676257,3219604412676647
"MEMORY_ALLOCATION","MEMORY_ALLOCATION_ALLOCATE","Agent 3",128,"0x00007fbe8427b000",6890,3219604412685050,3219604412685469
"MEMORY_ALLOCATION","MEMORY_ALLOCATION_ALLOCATE","Agent 3",256,"0x00007fbe8427c000",6898,3219604412701326,3219604412701640
"MEMORY_ALLOCATION","MEMORY_ALLOCATION_ALLOCATE","Agent 3",256,"0x00007fbe8427d000",6903,3219604412710338,3219604412710671
"MEMORY_ALLOCATION","MEMORY_ALLOCATION_FREE","",0,"0x00007fbe8427c000",6908,3219604412738304,3219604412738644
"MEMORY_ALLOCATION","MEMORY_ALLOCATION_FREE","",0,"0x00007fbe8427b000",6910,3219604412741132,3219604412741414
"MEMORY_ALLOCATION","MEMORY_ALLOCATION_FREE","",0,"0x00007fbe8427a000",6912,3219604412743437,3219604412743659
"MEMORY_ALLOCATION","MEMORY_ALLOCATION_FREE","",0,"0x00007fbe84279000",6914,3219604412747836,3219604412748066
"MEMORY_ALLOCATION","MEMORY_ALLOCATION_FREE","",0,"0x00007fbe84278000",6916,3219604412750020,3219604412750221
"MEMORY_ALLOCATION","MEMORY_ALLOCATION_FREE","",0,"0x00007fbe84277000",6918,3219604412752042,3219604412752286
"MEMORY_ALLOCATION","MEMORY_ALLOCATION_FREE","",0,"0x00007fbe84276000",6920,3219604412753989,3219604412754230
"MEMORY_ALLOCATION","MEMORY_ALLOCATION_ALLOCATE","Agent 3",256,"0x00007fbe8427e000",6922,3219604412756027,3219604412756224
"MEMORY_ALLOCATION","MEMORY_ALLOCATION_ALLOCATE","Agent 3",256,"0x00007fbe84276000",6924,3219604412758394,3219604412758694
"MEMORY_ALLOCATION","MEMORY_ALLOCATION_ALLOCATE","Agent 3",512,"0x00007fbe84277000",6929,3219604412768584,3219604412768901
"MEMORY_ALLOCATION","MEMORY_ALLOCATION_ALLOCATE","Agent 3",512,"0x00007fbe84278000",6934,3219604412779638,3219604412780054
"MEMORY_ALLOCATION","MEMORY_ALLOCATION_ALLOCATE","Agent 3",512,"0x00007fbe84279000",6939,3219604412788809,3219604412789224
"MEMORY_ALLOCATION","MEMORY_ALLOCATION_FREE","",0,"0x00007fbe84278000",6944,3219604412809634,3219604412809900
"MEMORY_ALLOCATION","MEMORY_ALLOCATION_FREE","",0,"0x00007fbe84277000",6946,3219604412811771,3219604412811980
"MEMORY_ALLOCATION","MEMORY_ALLOCATION_ALLOCATE","Agent 3",256,"0x00007fbe84277000",6948,3219604412814134,3219604412814365
"MEMORY_ALLOCATION","MEMORY_ALLOCATION_FREE","",0,"0x00007fbe84279000",6953,3219604412846594,3219604412846930
"MEMORY_ALLOCATION","MEMORY_ALLOCATION_ALLOCATE","Agent 3",256,"0x00007fbe84278000",6955,3219604412849188,3219604412849481
"MEMORY_ALLOCATION","MEMORY_ALLOCATION_FREE","",0,"0x00007fbe84277000",6960,3219604412867028,3219604412867293
"MEMORY_ALLOCATION","MEMORY_ALLOCATION_FREE","",0,"0x00007fbe84276000",6962,3219604412869251,3219604412869494
"MEMORY_ALLOCATION","MEMORY_ALLOCATION_FREE","",0,"0x00007fbe8427e000",6964,3219604412871126,3219604412871333
"MEMORY_ALLOCATION","MEMORY_ALLOCATION_FREE","",0,"0x00007fbe8427d000",6966,3219604412872986,3219604412873320
"MEMORY_ALLOCATION","MEMORY_ALLOCATION_FREE","",0,"0x00007fbe84275000",6968,3219604412875147,3219604412875379
"MEMORY_ALLOCATION","MEMORY_ALLOCATION_ALLOCATE","Agent 3",256,"0x00007fbe84275000",6970,3219604412877236,3219604412877477
"MEMORY_ALLOCATION","MEMORY_ALLOCATION_ALLOCATE","Agent 3",256,"0x00007fbe84276000",6975,3219604412885925,3219604412886182
"MEMORY_ALLOCATION","MEMORY_ALLOCATION_ALLOCATE","Agent 3",128,"0x00007fbe84277000",6980,3219604412894953,3219604412895209
"MEMORY_ALLOCATION","MEMORY_ALLOCATION_ALLOCATE","Agent 3",128,"0x00007fbe84279000",6985,3219604412903342,3219604412903754
"MEMORY_ALLOCATION","MEMORY_ALLOCATION_ALLOCATE","Agent 3",256,"0x00007fbe8427a000",6990,3219604412912838,3219604412913161
"MEMORY_ALLOCATION","MEMORY_ALLOCATION_ALLOCATE","Agent 3",128,"0x00007fbe8427b000",6995,3219604412921497,3219604412921856
"MEMORY_ALLOCATION","MEMORY_ALLOCATION_ALLOCATE","Agent 3",256,"0x00007fbe8427c000",7003,3219604412940218,3219604412940682
"MEMORY_ALLOCATION","MEMORY_ALLOCATION_ALLOCATE","Agent 3",256,"0x00007fbe8427d000",7008,3219604412954485,3219604412954811
"MEMORY_ALLOCATION","MEMORY_ALLOCATION_FREE","",0,"0x00007fbe8427c000",7013,3219604412996630,3219604412997043
"MEMORY_ALLOCATION","MEMORY_ALLOCATION_FREE","",0,"0x00007fbe8427b000",7015,3219604412999229,3219604412999575
"MEMORY_ALLOCATION","MEMORY_ALLOCATION_FREE","",0,"0x00007fbe8427a000",7017,3219604413002718,3219604413002950
"MEMORY_ALLOCATION","MEMORY_ALLOCATION_FREE","",0,"0x00007fbe84279000",7019,3219604413005108,3219604413005699
"MEMORY_ALLOCATION","MEMORY_ALLOCATION_FREE","",0,"0x00007fbe84277000",7021,3219604413007880,3219604413008208
"MEMORY_ALLOCATION","MEMORY_ALLOCATION_FREE","",0,"0x00007fbe84276000",7023,3219604413010335,3219604413010624
"MEMORY_ALLOCATION","MEMORY_ALLOCATION_FREE","",0,"0x00007fbe84275000",7025,3219604413013293,3219604413013602
"MEMORY_ALLOCATION","MEMORY_ALLOCATION_ALLOCATE","Agent 3",256,"0x00007fbe8427e000",7027,3219604413016212,3219604413016415
"MEMORY_ALLOCATION","MEMORY_ALLOCATION_ALLOCATE","Agent 3",256,"0x00007fbe84275000",7029,3219604413018270,3219604413018565
"MEMORY_ALLOCATION","MEMORY_ALLOCATION_ALLOCATE","Agent 3",512,"0x00007fbe84276000",7034,3219604413051251,3219604413051558
"MEMORY_ALLOCATION","MEMORY_ALLOCATION_ALLOCATE","Agent 3",512,"0x00007fbe84277000",7039,3219604413070218,3219604413070531
"MEMORY_ALLOCATION","MEMORY_ALLOCATION_ALLOCATE","Agent 3",512,"0x00007fbe84279000",7044,3219604413078519,3219604413078735
"MEMORY_ALLOCATION","MEMORY_ALLOCATION_FREE","",0,"0x00007fbe84277000",7049,3219604413099301,3219604413099527
"MEMORY_ALLOCATION","MEMORY_ALLOCATION_FREE","",0,"0x00007fbe84276000",7051,3219604413101551,3219604413101763
"MEMORY_ALLOCATION","MEMORY_ALLOCATION_ALLOCATE","Agent 3",256,"0x00007fbe84276000",7053,3219604413103480,3219604413103730
"MEMORY_ALLOCATION","MEMORY_ALLOCATION_FREE","",0,"0x00007fbe84279000",7058,3219604413143237,3219604413143617
"MEMORY_ALLOCATION","MEMORY_ALLOCATION_ALLOCATE","Agent 3",256,"0x00007fbe84277000",7060,3219604413145952,3219604413146166
"MEMORY_ALLOCATION","MEMORY_ALLOCATION_FREE","",0,"0x00007fbe84276000",7065,3219604413163631,3219604413163887
"MEMORY_ALLOCATION","MEMORY_ALLOCATION_FREE","",0,"0x00007fbe84275000",7067,3219604413165997,3219604413166230
"MEMORY_ALLOCATION","MEMORY_ALLOCATION_FREE","",0,"0x00007fbe8427e000",7069,3219604413167993,3219604413168173
"MEMORY_ALLOCATION","MEMORY_ALLOCATION_FREE","",0,"0x00007fbe8427d000",7071,3219604413170158,3219604413170456
"MEMORY_ALLOCATION","MEMORY_ALLOCATION_FREE","",0,"0x00007fbe84278000",7073,3219604413172520,3219604413172773
"MEMORY_ALLOCATION","MEMORY_ALLOCATION_ALLOCATE","Agent 3",256,"0x00007fbe84275000",7075,3219604413174974,3219604413175218
"MEMORY_ALLOCATION","MEMORY_ALLOCATION_FREE","",0,"0x00007fbe84277000",7080,3219604413193284,3219604413193666
"MEMORY_ALLOCATION","MEMORY_ALLOCATION_ALLOCATE","Agent 3",1024,"0x00007fbe84276000",7082,3219604413195791,3219604413196026
"MEMORY_ALLOCATION","MEMORY_ALLOCATION_FREE","",0,"0x00007fbe84275000",7087,3219604413219895,3219604413220195
"MEMORY_ALLOCATION","MEMORY_ALLOCATION_FREE","",0,"0x00007fbe84274000",7089,3219604413222554,3219604413222791
"MEMORY_ALLOCATION","MEMORY_ALLOCATION_FREE","",0,"0x00007fbe84273000",7091,3219604413225023,3219604413225218
"MEMORY_ALLOCATION","MEMORY_ALLOCATION_FREE","",0,"0x00007fbe84272000",7093,3219604413227054,3219604413227353
"MEMORY_ALLOCATION","MEMORY_ALLOCATION_FREE","",0,"0x00007fbe84276000",7097,3219604413245545,3219604413245860
"MEMORY_ALLOCATION","MEMORY_ALLOCATION_ALLOCATE","Agent 3",8,"0x00007fbe84272000",7099,3219604413248667,3219604413248846
"MEMORY_ALLOCATION","MEMORY_ALLOCATION_FREE","",0,"0x00007fbe84272000",7106,3219604413285656,3219604413285926
"MEMORY_ALLOCATION","MEMORY_ALLOCATION_FREE","",0,"0x00007fbe84271000",7120,3219604413325624,3219604413326120
"MEMORY_ALLOCATION","MEMORY_ALLOCATION_FREE","",0,"0x00007fbe8427f000",7122,3219604413328481,3219604413329009
"MEMORY_ALLOCATION","MEMORY_ALLOCATION_FREE","",0,"0x00007fbe8426d000",7124,3219604413331006,3219604413331291
"MEMORY_ALLOCATION","MEMORY_ALLOCATION_FREE","",0,"0x00007fbe84287000",7126,3219604413333647,3219604413334046
"MEMORY_ALLOCATION","MEMORY_ALLOCATION_FREE","",0,"0x00007fbe84283000",7128,3219604413336097,3219604413336715
"MEMORY_ALLOCATION","MEMORY_ALLOCATION_ALLOCATE","Agent 3",16,"0x00007fbe8426d000",7132,3219604413364502,3219604413364860
"MEMORY_ALLOCATION","MEMORY_ALLOCATION_ALLOCATE","Agent 3",1024,"0x00007fbe8426e000",7136,3219604413384575,3219604413384943
"MEMORY_ALLOCATION","MEMORY_ALLOCATION_ALLOCATE","Agent 3",1024,"0x00007fbe8426f000",7141,3219604413393548,3219604413393955
"MEMORY_ALLOCATION","MEMORY_ALLOCATION_ALLOCATE","Agent 3",1024,"0x00007fbe84270000",7146,3219604413402581,3219604413402968
"MEMORY_ALLOCATION","MEMORY_ALLOCATION_ALLOCATE","Agent 3",512,"0x00007fbe84271000",7151,3219604413412435,3219604413413037
"MEMORY_ALLOCATION","MEMORY_ALLOCATION_ALLOCATE","Agent 3",512,"0x00007fbe84272000",7156,3219604413421211,3219604413421709
"MEMORY_ALLOCATION","MEMORY_ALLOCATION_ALLOCATE","Agent 3",1024,"0x00007fbe84273000",7161,3219604413430783,3219604413431400
"MEMORY_ALLOCATION","MEMORY_ALLOCATION_ALLOCATE","Agent 3",512,"0x00007fbe84274000",7166,3219604413440716,3219604413441294
"MEMORY_ALLOCATION","MEMORY_ALLOCATION_ALLOCATE","Agent 3",512,"0x00007fbe84275000",7171,3219604413450248,3219604413450974
"MEMORY_ALLOCATION","MEMORY_ALLOCATION_ALLOCATE","Agent 3",1024,"0x00007fbe84276000",7176,3219604413467818,3219604413468420
"MEMORY_ALLOCATION","MEMORY_ALLOCATION_FREE","",0,"0x00007fbe84273000",7181,3219604413493983,3219604413494419
"MEMORY_ALLOCATION","MEMORY_ALLOCATION_ALLOCATE","Agent 3",512,"0x00007fbe84273000",7183,3219604413497479,3219604413497667
"MEMORY_ALLOCATION","MEMORY_ALLOCATION_FREE","",0,"0x00007fbe84274000",7188,3219604413516548,3219604413516819
"MEMORY_ALLOCATION","MEMORY_ALLOCATION_ALLOCATE","Agent 3",8192,"0x00007fbe84277000",7190,3219604413518951,3219604413519427
"MEMORY_ALLOCATION","MEMORY_ALLOCATION_ALLOCATE","Agent 3",8192,"0x00007fbe84279000",7196,3219604413531789,3219604413532921
"MEMORY_ALLOCATION","MEMORY_ALLOCATION_ALLOCATE","Agent 3",1024,"0x00007fbe84274000",7202,3219604413545888,3219604413547214
"MEMORY_ALLOCATION","MEMORY_ALLOCATION_ALLOCATE","Agent 3",1024,"0x00007fbe8427b000",7207,3219604413556581,3219604413557028
"MEMORY_ALLOCATION","MEMORY_ALLOCATION_FREE","",0,"0x00007fbe84274000",7212,3219604413576233,3219604413576648
"MEMORY_ALLOCATION","MEMORY_ALLOCATION_ALLOCATE","Agent 3",1024,"0x00007fbe84274000",7214,3219604413578632,3219604413578846
"MEMORY_ALLOCATION","MEMORY_ALLOCATION_FREE","",0,"0x00007fbe8427b000",7219,3219604413603516,3219604413603883
"MEMORY_ALLOCATION","MEMORY_ALLOCATION_FREE","",0,"0x00007fbe84275000",7221,3219604413606026,3219604413606334
"MEMORY_ALLOCATION","MEMORY_ALLOCATION_FREE","",0,"0x00007fbe84273000",7223,3219604413608541,3219604413608784
"MEMORY_ALLOCATION","MEMORY_ALLOCATION_FREE","",0,"0x00007fbe84276000",7225,3219604413610626,3219604413611021
"MEMORY_ALLOCATION","MEMORY_ALLOCATION_FREE","",0,"0x00007fbe84272000",7227,3219604413612927,3219604413613269
"MEMORY_ALLOCATION","MEMORY_ALLOCATION_FREE","",0,"0x00007fbe84271000",7229,3219604413615113,3219604413615442
"MEMORY_ALLOCATION","MEMORY_ALLOCATION_FREE","",0,"0x00007fbe84270000",7231,3219604413617284,3219604413617607
"MEMORY_ALLOCATION","MEMORY_ALLOCATION_ALLOCATE","Agent 3",1024,"0x00007fbe84275000",7233,3219604413619635,3219604413619931
"MEMORY_ALLOCATION","MEMORY_ALLOCATION_FREE","",0,"0x00007fbe84274000",7238,3219604413648719,3219604413649170
"MEMORY_ALLOCATION","MEMORY_ALLOCATION_FREE","",0,"0x00007fbe8426f000",7240,3219604413651430,3219604413651813
"MEMORY_ALLOCATION","MEMORY_ALLOCATION_ALLOCATE","Agent 3",1024,"0x00007fbe84276000",7242,3219604413653832,3219604413654038
"MEMORY_ALLOCATION","MEMORY_ALLOCATION_ALLOCATE","Agent 3",2048,"0x00007fbe8426f000",7247,3219604413662862,3219604413663188
"MEMORY_ALLOCATION","MEMORY_ALLOCATION_ALLOCATE","Agent 3",2048,"0x00007fbe84270000",7252,3219604413672654,3219604413673057
"MEMORY_ALLOCATION","MEMORY_ALLOCATION_ALLOCATE","Agent 3",2048,"0x00007fbe84271000",7257,3219604413680945,3219604413681369
"MEMORY_ALLOCATION","MEMORY_ALLOCATION_FREE","",0,"0x00007fbe84270000",7262,3219604413701821,3219604413702108
"MEMORY_ALLOCATION","MEMORY_ALLOCATION_FREE","",0,"0x00007fbe8426f000",7264,3219604413704183,3219604413704492
"MEMORY_ALLOCATION","MEMORY_ALLOCATION_ALLOCATE","Agent 3",1024,"0x00007fbe8426f000",7266,3219604413706211,3219604413706505
"MEMORY_ALLOCATION","MEMORY_ALLOCATION_FREE","",0,"0x00007fbe84271000",7271,3219604413738958,3219604413739400
"MEMORY_ALLOCATION","MEMORY_ALLOCATION_ALLOCATE","Agent 3",1024,"0x00007fbe84270000",7273,3219604413741773,3219604413742061
"MEMORY_ALLOCATION","MEMORY_ALLOCATION_FREE","",0,"0x00007fbe8426f000",7278,3219604413758377,3219604413758803
"MEMORY_ALLOCATION","MEMORY_ALLOCATION_FREE","",0,"0x00007fbe84276000",7280,3219604413761271,3219604413761531
"MEMORY_ALLOCATION","MEMORY_ALLOCATION_FREE","",0,"0x00007fbe84275000",7282,3219604413763354,3219604413763845
"MEMORY_ALLOCATION","MEMORY_ALLOCATION_FREE","",0,"0x00007fbe8426e000",7284,3219604413765583,3219604413765924
"MEMORY_ALLOCATION","MEMORY_ALLOCATION_ALLOCATE","Agent 3",1024,"0x00007fbe8426e000",7286,3219604413767803,3219604413768099
"MEMORY_ALLOCATION","MEMORY_ALLOCATION_ALLOCATE","Agent 3",1024,"0x00007fbe8426f000",7291,3219604413777194,3219604413777474
"MEMORY_ALLOCATION","MEMORY_ALLOCATION_ALLOCATE","Agent 3",512,"0x00007fbe84271000",7296,3219604413786994,3219604413787480
"MEMORY_ALLOCATION","MEMORY_ALLOCATION_ALLOCATE","Agent 3",512,"0x00007fbe84272000",7301,3219604413794797,3219604413795474
"MEMORY_ALLOCATION","MEMORY_ALLOCATION_ALLOCATE","Agent 3",1024,"0x00007fbe84273000",7306,3219604413806236,3219604413806754
"MEMORY_ALLOCATION","MEMORY_ALLOCATION_ALLOCATE","Agent 3",512,"0x00007fbe84274000",7311,3219604413816514,3219604413816878
"MEMORY_ALLOCATION","MEMORY_ALLOCATION_ALLOCATE","Agent 3",512,"0x00007fbe84275000",7316,3219604413827513,3219604413827953
"MEMORY_ALLOCATION","MEMORY_ALLOCATION_ALLOCATE","Agent 3",1024,"0x00007fbe84276000",7321,3219604413837398,3219604413837720
"MEMORY_ALLOCATION","MEMORY_ALLOCATION_FREE","",0,"0x00007fbe84273000",7326,3219604413861336,3219604413861729
"MEMORY_ALLOCATION","MEMORY_ALLOCATION_ALLOCATE","Agent 3",512,"0x00007fbe84273000",7328,3219604413865180,3219604413865401
"MEMORY_ALLOCATION","MEMORY_ALLOCATION_FREE","",0,"0x00007fbe84274000",7333,3219604413884452,3219604413884807
"MEMORY_ALLOCATION","MEMORY_ALLOCATION_ALLOCATE","Agent 3",8192,"0x00007fbe8427b000",7335,3219604413887073,3219604413887416
"MEMORY_ALLOCATION","MEMORY_ALLOCATION_ALLOCATE","Agent 3",8192,"0x00007fbe8427d000",7341,3219604413902877,3219604413903336
"MEMORY_ALLOCATION","MEMORY_ALLOCATION_ALLOCATE","Agent 3",1024,"0x00007fbe84274000",7347,3219604413915939,3219604413916264
"MEMORY_ALLOCATION","MEMORY_ALLOCATION_ALLOCATE","Agent 3",1024,"0x00007fbe8427f000",7352,3219604413929361,3219604413929798
"MEMORY_ALLOCATION","MEMORY_ALLOCATION_FREE","",0,"0x00007fbe84274000",7357,3219604413949687,3219604413949938
"MEMORY_ALLOCATION","MEMORY_ALLOCATION_ALLOCATE","Agent 3",1024,"0x00007fbe84274000",7359,3219604413955615,3219604413955955
"MEMORY_ALLOCATION","MEMORY_ALLOCATION_FREE","",0,"0x00007fbe8427f000",7364,3219604413993302,3219604413993755
"MEMORY_ALLOCATION","MEMORY_ALLOCATION_FREE","",0,"0x00007fbe84275000",7366,3219604413996002,3219604413996408
"MEMORY_ALLOCATION","MEMORY_ALLOCATION_FREE","",0,"0x00007fbe84273000",7368,3219604413998202,3219604413998494
"MEMORY_ALLOCATION","MEMORY_ALLOCATION_FREE","",0,"0x00007fbe84276000",7370,3219604414001372,3219604414001776
"MEMORY_ALLOCATION","MEMORY_ALLOCATION_FREE","",0,"0x00007fbe84272000",7372,3219604414003741,3219604414004175
"MEMORY_ALLOCATION","MEMORY_ALLOCATION_FREE","",0,"0x00007fbe84271000",7374,3219604414006247,3219604414006521
"MEMORY_ALLOCATION","MEMORY_ALLOCATION_FREE","",0,"0x00007fbe8426f000",7376,3219604414008720,3219604414009174
"MEMORY_ALLOCATION","MEMORY_ALLOCATION_ALLOCATE","Agent 3",1024,"0x00007fbe8426f000",7378,3219604414011065,3219604414011331
"MEMORY_ALLOCATION","MEMORY_ALLOCATION_FREE","",0,"0x00007fbe84274000",7383,3219604414046000,3219604414047621
"MEMORY_ALLOCATION","MEMORY_ALLOCATION_FREE","",0,"0x00007fbe8426e000",7385,3219604414050239,3219604414050524
"MEMORY_ALLOCATION","MEMORY_ALLOCATION_ALLOCATE","Agent 3",1024,"0x00007fbe8426e000",7387,3219604414052876,3219604414053134
"MEMORY_ALLOCATION","MEMORY_ALLOCATION_ALLOCATE","Agent 3",2048,"0x00007fbe84271000",7392,3219604414061257,3219604414061557
"MEMORY_ALLOCATION","MEMORY_ALLOCATION_ALLOCATE","Agent 3",2048,"0x00007fbe84272000",7397,3219604414069452,3219604414069768
"MEMORY_ALLOCATION","MEMORY_ALLOCATION_ALLOCATE","Agent 3",2048,"0x00007fbe84273000",7402,3219604414078320,3219604414078668
"MEMORY_ALLOCATION","MEMORY_ALLOCATION_FREE","",0,"0x00007fbe84272000",7407,3219604414099498,3219604414099765
"MEMORY_ALLOCATION","MEMORY_ALLOCATION_FREE","",0,"0x00007fbe84271000",7409,3219604414102089,3219604414102474
"MEMORY_ALLOCATION","MEMORY_ALLOCATION_ALLOCATE","Agent 3",1024,"0x00007fbe84271000",7411,3219604414104666,3219604414104921
"MEMORY_ALLOCATION","MEMORY_ALLOCATION_FREE","",0,"0x00007fbe84273000",7416,3219604414136513,3219604414137040
"MEMORY_ALLOCATION","MEMORY_ALLOCATION_ALLOCATE","Agent 3",1024,"0x00007fbe84272000",7418,3219604414139132,3219604414139341
"MEMORY_ALLOCATION","MEMORY_ALLOCATION_FREE","",0,"0x00007fbe84271000",7423,3219604414157353,3219604414158750
"MEMORY_ALLOCATION","MEMORY_ALLOCATION_FREE","",0,"0x00007fbe8426e000",7425,3219604414161639,3219604414161890
"MEMORY_ALLOCATION","MEMORY_ALLOCATION_FREE","",0,"0x00007fbe8426f000",7427,3219604414163732,3219604414164141
"MEMORY_ALLOCATION","MEMORY_ALLOCATION_FREE","",0,"0x00007fbe84270000",7429,3219604414165900,3219604414166407
"MEMORY_ALLOCATION","MEMORY_ALLOCATION_ALLOCATE","Agent 3",1024,"0x00007fbe84273000",7431,3219604414168265,3219604414168460
"MEMORY_ALLOCATION","MEMORY_ALLOCATION_FREE","",0,"0x00007fbe84272000",7436,3219604414186575,3219604414188112
"MEMORY_ALLOCATION","MEMORY_ALLOCATION_ALLOCATE","Agent 3",1024,"0x00007fbe84274000",7438,3219604414190760,3219604414190983
"MEMORY_ALLOCATION","MEMORY_ALLOCATION_FREE","",0,"0x00007fbe84273000",7443,3219604414214427,3219604414214776
"MEMORY_ALLOCATION","MEMORY_ALLOCATION_FREE","",0,"0x00007fbe8426d000",7445,3219604414216997,3219604414217325
"MEMORY_ALLOCATION","MEMORY_ALLOCATION_ALLOCATE","Agent 3",16384,"0x00007fbe8426d000",7447,3219604414219313,3219604414219620
"MEMORY_ALLOCATION","MEMORY_ALLOCATION_ALLOCATE","Agent 3",16384,"0x00007fbe8427f000",7449,3219604414222132,3219604414222387
"MEMORY_ALLOCATION","MEMORY_ALLOCATION_ALLOCATE","Agent 3",16384,"0x00007fbe84283000",7459,3219604414256166,3219604414256863
"MEMORY_ALLOCATION","MEMORY_ALLOCATION_ALLOCATE","Agent 3",16384,"0x00007fbe84287000",7461,3219604414259409,3219604414259746
"MEMORY_ALLOCATION","MEMORY_ALLOCATION_FREE","",0,"0x00007fbe84279000",7471,3219604414297277,3219604414297563
"MEMORY_ALLOCATION","MEMORY_ALLOCATION_FREE","",0,"0x00007fbe84277000",7473,3219604414299994,3219604414300417
"MEMORY_ALLOCATION","MEMORY_ALLOCATION_FREE","",0,"0x00007fbe8427d000",7475,3219604414302626,3219604414303020
"MEMORY_ALLOCATION","MEMORY_ALLOCATION_FREE","",0,"0x00007fbe8427b000",7477,3219604414304924,3219604414305394
"MEMORY_ALLOCATION","MEMORY_ALLOCATION_ALLOCATE","Agent 3",2048,"0x00007fbe84271000",7479,3219604414307299,3219604414307580
"MEMORY_ALLOCATION","MEMORY_ALLOCATION_FREE","",0,"0x00007fbe84274000",7483,3219604414327038,3219604414328390
"MEMORY_ALLOCATION","MEMORY_ALLOCATION_ALLOCATE","Agent 3",32,"0x00007fbe84272000",7485,3219604414331153,3219604414331433
"MEMORY_ALLOCATION","MEMORY_ALLOCATION_ALLOCATE","Agent 3",2048,"0x00007fbe84273000",7489,3219604414351515,3219604414351879
"MEMORY_ALLOCATION","MEMORY_ALLOCATION_ALLOCATE","Agent 3",2048,"0x00007fbe84274000",7494,3219604414359590,3219604414359923
"MEMORY_ALLOCATION","MEMORY_ALLOCATION_ALLOCATE","Agent 3",2048,"0x00007fbe84275000",7499,3219604414368803,3219604414369660
"MEMORY_ALLOCATION","MEMORY_ALLOCATION_ALLOCATE","Agent 3",1024,"0x00007fbe84276000",7504,3219604414378498,3219604414378802
"MEMORY_ALLOCATION","MEMORY_ALLOCATION_ALLOCATE","Agent 3",1024,"0x00007fbe84277000",7509,3219604414386590,3219604414386953
"MEMORY_ALLOCATION","MEMORY_ALLOCATION_ALLOCATE","Agent 3",2048,"0x00007fbe84278000",7514,3219604414395854,3219604414396219
"MEMORY_ALLOCATION","MEMORY_ALLOCATION_ALLOCATE","Agent 3",1024,"0x00007fbe84279000",7519,3219604414404374,3219604414404776
"MEMORY_ALLOCATION","MEMORY_ALLOCATION_ALLOCATE","Agent 3",1024,"0x00007fbe8427a000",7524,3219604414414378,3219604414414718
"MEMORY_ALLOCATION","MEMORY_ALLOCATION_ALLOCATE","Agent 3",2048,"0x00007fbe8427b000",7529,3219604414423330,3219604414423821
"MEMORY_ALLOCATION","MEMORY_ALLOCATION_FREE","",0,"0x00007fbe84278000",7534,3219604414447005,3219604414447366
"MEMORY_ALLOCATION","MEMORY_ALLOCATION_ALLOCATE","Agent 3",1024,"0x00007fbe84278000",7536,3219604414450837,3219604414451067
"MEMORY_ALLOCATION","MEMORY_ALLOCATION_FREE","",0,"0x00007fbe84279000",7541,3219604414469790,3219604414471004
"MEMORY_ALLOCATION","MEMORY_ALLOCATION_ALLOCATE","Agent 3",8192,"0x00007fbe8427c000",7543,3219604414473680,3219604414474309
"MEMORY_ALLOCATION","MEMORY_ALLOCATION_ALLOCATE","Agent 3",8192,"0x00007fbe8428b000",7549,3219604414488704,3219604414489174
"MEMORY_ALLOCATION","MEMORY_ALLOCATION_ALLOCATE","Agent 3",2048,"0x00007fbe84279000",7555,3219604414504977,3219604414505420
"MEMORY_ALLOCATION","MEMORY_ALLOCATION_ALLOCATE","Agent 3",2048,"0x00007fbe8427e000",7560,3219604414514291,3219604414514632
"MEMORY_ALLOCATION","MEMORY_ALLOCATION_FREE","",0,"0x00007fbe84279000",7565,3219604414534376,3219604414534611
"MEMORY_ALLOCATION","MEMORY_ALLOCATION_ALLOCATE","Agent 3",2048,"0x00007fbe84279000",7567,3219604414536906,3219604414537079
"MEMORY_ALLOCATION","MEMORY_ALLOCATION_FREE","",0,"0x00007fbe8427e000",7572,3219604414561448,3219604414561736
"MEMORY_ALLOCATION","MEMORY_ALLOCATION_FREE","",0,"0x00007fbe8427a000",7574,3219604414563917,3219604414564163
"MEMORY_ALLOCATION","MEMORY_ALLOCATION_FREE","",0,"0x00007fbe84278000",7576,3219604414566182,3219604414566417
"MEMORY_ALLOCATION","MEMORY_ALLOCATION_FREE","",0,"0x00007fbe8427b000",7578,3219604414568208,3219604414568556
"MEMORY_ALLOCATION","MEMORY_ALLOCATION_FREE","",0,"0x00007fbe84277000",7580,3219604414570544,3219604414570846
"MEMORY_ALLOCATION","MEMORY_ALLOCATION_FREE","",0,"0x00007fbe84276000",7582,3219604414572650,3219604414573024
"MEMORY_ALLOCATION","MEMORY_ALLOCATION_FREE","",0,"0x00007fbe84275000",7584,3219604414574843,3219604414575128
"MEMORY_ALLOCATION","MEMORY_ALLOCATION_ALLOCATE","Agent 3",2048,"0x00007fbe8427e000",7586,3219604414576700,3219604414576940
"MEMORY_ALLOCATION","MEMORY_ALLOCATION_FREE","",0,"0x00007fbe84279000",7591,3219604414595709,3219604414596920
"MEMORY_ALLOCATION","MEMORY_ALLOCATION_FREE","",0,"0x00007fbe84274000",7593,3219604414599188,3219604414599486
"MEMORY_ALLOCATION","MEMORY_ALLOCATION_ALLOCATE","Agent 3",2048,"0x00007fbe84274000",7595,3219604414601512,3219604414601792
"MEMORY_ALLOCATION","MEMORY_ALLOCATION_ALLOCATE","Agent 3",4096,"0x00007fbe84275000",7600,3219604414609709,3219604414610067
"MEMORY_ALLOCATION","MEMORY_ALLOCATION_ALLOCATE","Agent 3",4096,"0x00007fbe84276000",7605,3219604414619398,3219604414619797
"MEMORY_ALLOCATION","MEMORY_ALLOCATION_ALLOCATE","Agent 3",4096,"0x00007fbe84277000",7610,3219604414628050,3219604414628485
"MEMORY_ALLOCATION","MEMORY_ALLOCATION_FREE","",0,"0x00007fbe84276000",7615,3219604414649331,3219604414649610
"MEMORY_ALLOCATION","MEMORY_ALLOCATION_FREE","",0,"0x00007fbe84275000",7617,3219604414652230,3219604414652508
"MEMORY_ALLOCATION","MEMORY_ALLOCATION_ALLOCATE","Agent 3",2048,"0x00007fbe84275000",7619,3219604414654628,3219604414654880
"MEMORY_ALLOCATION","MEMORY_ALLOCATION_FREE","",0,"0x00007fbe84277000",7624,3219604414697967,3219604414698394
"MEMORY_ALLOCATION","MEMORY_ALLOCATION_ALLOCATE","Agent 3",2048,"0x00007fbe84276000",7626,3219604414700578,3219604414700796
"MEMORY_ALLOCATION","MEMORY_ALLOCATION_FREE","",0,"0x00007fbe84275000",7631,3219604414718272,3219604414719508
"MEMORY_ALLOCATION","MEMORY_ALLOCATION_FREE","",0,"0x00007fbe84274000",7633,3219604414722002,3219604414722280
"MEMORY_ALLOCATION","MEMORY_ALLOCATION_FREE","",0,"0x00007fbe8427e000",7635,3219604414724080,3219604414724514
"MEMORY_ALLOCATION","MEMORY_ALLOCATION_FREE","",0,"0x00007fbe84273000",7637,3219604414726481,3219604414726947
"MEMORY_ALLOCATION","MEMORY_ALLOCATION_ALLOCATE","Agent 3",2048,"0x00007fbe8427e000",7639,3219604414728764,3219604414729027
"MEMORY_ALLOCATION","MEMORY_ALLOCATION_ALLOCATE","Agent 3",2048,"0x00007fbe84273000",7644,3219604414739147,3219604414739515
"MEMORY_ALLOCATION","MEMORY_ALLOCATION_ALLOCATE","Agent 3",1024,"0x00007fbe84274000",7649,3219604414747290,3219604414747633
"MEMORY_ALLOCATION","MEMORY_ALLOCATION_ALLOCATE","Agent 3",1024,"0x00007fbe84275000",7654,3219604414803184,3219604414803544
"MEMORY_ALLOCATION","MEMORY_ALLOCATION_ALLOCATE","Agent 3",2048,"0x00007fbe84277000",7659,3219604414843583,3219604414843983
"MEMORY_ALLOCATION","MEMORY_ALLOCATION_ALLOCATE","Agent 3",1024,"0x00007fbe84278000",7664,3219604414852141,3219604414852576
"MEMORY_ALLOCATION","MEMORY_ALLOCATION_ALLOCATE","Agent 3",1024,"0x00007fbe84279000",7669,3219604414862639,3219604414863106
"MEMORY_ALLOCATION","MEMORY_ALLOCATION_ALLOCATE","Agent 3",2048,"0x00007fbe8427a000",7674,3219604414871866,3219604414872280
"MEMORY_ALLOCATION","MEMORY_ALLOCATION_FREE","",0,"0x00007fbe84277000",7679,3219604414896405,3219604414896712
"MEMORY_ALLOCATION","MEMORY_ALLOCATION_ALLOCATE","Agent 3",1024,"0x00007fbe8427b000",7681,3219604414900413,3219604414900645
"MEMORY_ALLOCATION","MEMORY_ALLOCATION_FREE","",0,"0x00007fbe84278000",7686,3219604414918986,3219604414920317
"MEMORY_ALLOCATION","MEMORY_ALLOCATION_ALLOCATE","Agent 3",8192,"0x00007fbe84277000",7688,3219604414922729,3219604414922987
"MEMORY_ALLOCATION","MEMORY_ALLOCATION_ALLOCATE","Agent 3",8192,"0x00007fbe8428d000",7694,3219604414935315,3219604414936102
"MEMORY_ALLOCATION","MEMORY_ALLOCATION_ALLOCATE","Agent 3",2048,"0x00007fbe8428f000",7700,3219604414948847,3219604414949274
"MEMORY_ALLOCATION","MEMORY_ALLOCATION_ALLOCATE","Agent 3",2048,"0x00007fbe84290000",7705,3219604414959425,3219604414959844
"MEMORY_ALLOCATION","MEMORY_ALLOCATION_FREE","",0,"0x00007fbe8428f000",7710,3219604414980325,3219604414980623
"MEMORY_ALLOCATION","MEMORY_ALLOCATION_ALLOCATE","Agent 3",2048,"0x00007fbe8428f000",7712,3219604414983112,3219604414983287
"MEMORY_ALLOCATION","MEMORY_ALLOCATION_FREE","",0,"0x00007fbe84290000",7717,3219604415018725,3219604415019405
"MEMORY_ALLOCATION","MEMORY_ALLOCATION_FREE","",0,"0x00007fbe84279000",7719,3219604415022236,3219604415022566
"MEMORY_ALLOCATION","MEMORY_ALLOCATION_FREE","",0,"0x00007fbe8427b000",7721,3219604415024720,3219604415024989
"MEMORY_ALLOCATION","MEMORY_ALLOCATION_FREE","",0,"0x00007fbe8427a000",7723,3219604415028418,3219604415028886
"MEMORY_ALLOCATION","MEMORY_ALLOCATION_FREE","",0,"0x00007fbe84275000",7725,3219604415031421,3219604415032024
"MEMORY_ALLOCATION","MEMORY_ALLOCATION_FREE","",0,"0x00007fbe84274000",7727,3219604415034056,3219604415034381
"MEMORY_ALLOCATION","MEMORY_ALLOCATION_FREE","",0,"0x00007fbe84273000",7729,3219604415036743,3219604415037056
"MEMORY_ALLOCATION","MEMORY_ALLOCATION_ALLOCATE","Agent 3",2048,"0x00007fbe84279000",7731,3219604415039089,3219604415039431
"MEMORY_ALLOCATION","MEMORY_ALLOCATION_FREE","",0,"0x00007fbe8428f000",7736,3219604415072786,3219604415073197
"MEMORY_ALLOCATION","MEMORY_ALLOCATION_FREE","",0,"0x00007fbe8427e000",7738,3219604415075571,3219604415075892
"MEMORY_ALLOCATION","MEMORY_ALLOCATION_ALLOCATE","Agent 3",2048,"0x00007fbe8427e000",7740,3219604415077950,3219604415078159
"MEMORY_ALLOCATION","MEMORY_ALLOCATION_ALLOCATE","Agent 3",4096,"0x00007fbe8427a000",7745,3219604415086635,3219604415086917
"MEMORY_ALLOCATION","MEMORY_ALLOCATION_ALLOCATE","Agent 3",4096,"0x00007fbe8427b000",7750,3219604415095451,3219604415095724
"MEMORY_ALLOCATION","MEMORY_ALLOCATION_ALLOCATE","Agent 3",4096,"0x00007fbe84273000",7755,3219604415103478,3219604415103783
"MEMORY_ALLOCATION","MEMORY_ALLOCATION_FREE","",0,"0x00007fbe8427b000",7760,3219604415124913,3219604415125197
"MEMORY_ALLOCATION","MEMORY_ALLOCATION_FREE","",0,"0x00007fbe8427a000",7762,3219604415127331,3219604415127633
"MEMORY_ALLOCATION","MEMORY_ALLOCATION_ALLOCATE","Agent 3",2048,"0x00007fbe84274000",7764,3219604415129568,3219604415129846
"MEMORY_ALLOCATION","MEMORY_ALLOCATION_FREE","",0,"0x00007fbe84273000",7769,3219604415161469,3219604415161797
"MEMORY_ALLOCATION","MEMORY_ALLOCATION_ALLOCATE","Agent 3",2048,"0x00007fbe84275000",7771,3219604415164060,3219604415164300
"MEMORY_ALLOCATION","MEMORY_ALLOCATION_FREE","",0,"0x00007fbe84274000",7776,3219604415182297,3219604415182711
"MEMORY_ALLOCATION","MEMORY_ALLOCATION_FREE","",0,"0x00007fbe8427e000",7778,3219604415184837,3219604415185065
"MEMORY_ALLOCATION","MEMORY_ALLOCATION_FREE","",0,"0x00007fbe84279000",7780,3219604415186751,3219604415187223
"MEMORY_ALLOCATION","MEMORY_ALLOCATION_FREE","",0,"0x00007fbe84276000",7782,3219604415188982,3219604415189251
"MEMORY_ALLOCATION","MEMORY_ALLOCATION_ALLOCATE","Agent 3",2048,"0x00007fbe8427e000",7784,3219604415191099,3219604415191303
"MEMORY_ALLOCATION","MEMORY_ALLOCATION_FREE","",0,"0x00007fbe84275000",7789,3219604415208920,3219604415209428
"MEMORY_ALLOCATION","MEMORY_ALLOCATION_ALLOCATE","Agent 3",1024,"0x00007fbe84279000",7791,3219604415211803,3219604415212108
"MEMORY_ALLOCATION","MEMORY_ALLOCATION_FREE","",0,"0x00007fbe8427e000",7796,3219604415236164,3219604415236454
"MEMORY_ALLOCATION","MEMORY_ALLOCATION_FREE","",0,"0x00007fbe84272000",7798,3219604415238825,3219604415239229
"MEMORY_ALLOCATION","MEMORY_ALLOCATION_FREE","",0,"0x00007fbe8428b000",7816,3219604415306496,3219604415306979
"MEMORY_ALLOCATION","MEMORY_ALLOCATION_FREE","",0,"0x00007fbe8427c000",7818,3219604415309056,3219604415309494
"MEMORY_ALLOCATION","MEMORY_ALLOCATION_FREE","",0,"0x00007fbe8428d000",7820,3219604415311492,3219604415311957
"MEMORY_ALLOCATION","MEMORY_ALLOCATION_FREE","",0,"0x00007fbe84277000",7822,3219604415314072,3219604415314480
"MEMORY_ALLOCATION","MEMORY_ALLOCATION_FREE","",0,"0x00007fbe84279000",7826,3219604415332931,3219604415333394
"MEMORY_ALLOCATION","MEMORY_ALLOCATION_ALLOCATE","Agent 3",8,"0x00007fbe84272000",7828,3219604415335616,3219604415335889
"MEMORY_ALLOCATION","MEMORY_ALLOCATION_FREE","",0,"0x00007fbe84272000",7835,3219604415371544,3219604415371860
"MEMORY_ALLOCATION","MEMORY_ALLOCATION_ALLOCATE","Agent 3",8,"0x00007fbe84272000",7837,3219604415374513,3219604415374740
"MEMORY_ALLOCATION","MEMORY_ALLOCATION_ALLOCATE","Agent 3",8,"0x00007fbe84273000",7841,3219604415395456,3219604415395706
"MEMORY_ALLOCATION","MEMORY_ALLOCATION_ALLOCATE","Agent 3",8,"0x00007fbe84274000",7845,3219604415415483,3219604415415771
"MEMORY_ALLOCATION","MEMORY_ALLOCATION_ALLOCATE","Agent 3",512,"0x00007fbe84275000",7849,3219604415436135,3219604415436522
"MEMORY_ALLOCATION","MEMORY_ALLOCATION_ALLOCATE","Agent 3",512,"0x00007fbe84276000",7854,3219604415444222,3219604415444574
"MEMORY_ALLOCATION","MEMORY_ALLOCATION_ALLOCATE","Agent 3",512,"0x00007fbe84277000",7859,3219604415453348,3219604415453755
"MEMORY_ALLOCATION","MEMORY_ALLOCATION_ALLOCATE","Agent 3",256,"0x00007fbe84278000",7864,3219604415463117,3219604415463547
"MEMORY_ALLOCATION","MEMORY_ALLOCATION_ALLOCATE","Agent 3",256,"0x00007fbe84279000",7869,3219604415471641,3219604415471997
"MEMORY_ALLOCATION","MEMORY_ALLOCATION_ALLOCATE","Agent 3",512,"0x00007fbe8427a000",7874,3219604415481350,3219604415481833
"MEMORY_ALLOCATION","MEMORY_ALLOCATION_ALLOCATE","Agent 3",256,"0x00007fbe8427b000",7879,3219604415490415,3219604415490762
"MEMORY_ALLOCATION","MEMORY_ALLOCATION_ALLOCATE","Agent 3",512,"0x00007fbe8427c000",7887,3219604415512972,3219604415513377
"MEMORY_ALLOCATION","MEMORY_ALLOCATION_ALLOCATE","Agent 3",512,"0x00007fbe8427d000",7892,3219604415522328,3219604415522779
"MEMORY_ALLOCATION","MEMORY_ALLOCATION_FREE","",0,"0x00007fbe8427c000",7897,3219604415552078,3219604415552459
"MEMORY_ALLOCATION","MEMORY_ALLOCATION_FREE","",0,"0x00007fbe8427b000",7899,3219604415554554,3219604415554893
"MEMORY_ALLOCATION","MEMORY_ALLOCATION_FREE","",0,"0x00007fbe8427a000",7901,3219604415557057,3219604415557312
"MEMORY_ALLOCATION","MEMORY_ALLOCATION_FREE","",0,"0x00007fbe84279000",7903,3219604415559220,3219604415559513
"MEMORY_ALLOCATION","MEMORY_ALLOCATION_FREE","",0,"0x00007fbe84278000",7905,3219604415561438,3219604415561913
"MEMORY_ALLOCATION","MEMORY_ALLOCATION_FREE","",0,"0x00007fbe84277000",7907,3219604415563609,3219604415563942
"MEMORY_ALLOCATION","MEMORY_ALLOCATION_FREE","",0,"0x00007fbe84276000",7909,3219604415565657,3219604415566013
"MEMORY_ALLOCATION","MEMORY_ALLOCATION_ALLOCATE","Agent 3",512,"0x00007fbe8427e000",7911,3219604415567795,3219604415567991
"MEMORY_ALLOCATION","MEMORY_ALLOCATION_ALLOCATE","Agent 3",512,"0x00007fbe84276000",7913,3219604415571247,3219604415571493
"MEMORY_ALLOCATION","MEMORY_ALLOCATION_ALLOCATE","Agent 3",1024,"0x00007fbe84277000",7918,3219604415580047,3219604415580324
"MEMORY_ALLOCATION","MEMORY_ALLOCATION_ALLOCATE","Agent 3",1024,"0x00007fbe84278000",7923,3219604415588560,3219604415588996
"MEMORY_ALLOCATION","MEMORY_ALLOCATION_ALLOCATE","Agent 3",1024,"0x00007fbe84279000",7928,3219604415596821,3219604415597130
"MEMORY_ALLOCATION","MEMORY_ALLOCATION_FREE","",0,"0x00007fbe84278000",7933,3219604415617953,3219604415618216
"MEMORY_ALLOCATION","MEMORY_ALLOCATION_FREE","",0,"0x00007fbe84277000",7935,3219604415620628,3219604415620899
"MEMORY_ALLOCATION","MEMORY_ALLOCATION_ALLOCATE","Agent 3",512,"0x00007fbe84277000",7937,3219604415622845,3219604415623140
"MEMORY_ALLOCATION","MEMORY_ALLOCATION_FREE","",0,"0x00007fbe84279000",7942,3219604415655075,3219604415655479
"MEMORY_ALLOCATION","MEMORY_ALLOCATION_ALLOCATE","Agent 3",512,"0x00007fbe84278000",7944,3219604415657668,3219604415657949
"MEMORY_ALLOCATION","MEMORY_ALLOCATION_FREE","",0,"0x00007fbe84277000",7949,3219604415675758,3219604415676038
"MEMORY_ALLOCATION","MEMORY_ALLOCATION_FREE","",0,"0x00007fbe84276000",7951,3219604415678095,3219604415678356
"MEMORY_ALLOCATION","MEMORY_ALLOCATION_FREE","",0,"0x00007fbe8427e000",7953,3219604415680117,3219604415680340
"MEMORY_ALLOCATION","MEMORY_ALLOCATION_FREE","",0,"0x00007fbe8427d000",7955,3219604415682303,3219604415682738
"MEMORY_ALLOCATION","MEMORY_ALLOCATION_FREE","",0,"0x00007fbe84275000",7957,3219604415684601,3219604415684877
"MEMORY_ALLOCATION","MEMORY_ALLOCATION_ALLOCATE","Agent 3",512,"0x00007fbe84275000",7959,3219604415686991,3219604415687211
"MEMORY_ALLOCATION","MEMORY_ALLOCATION_ALLOCATE","Agent 3",512,"0x00007fbe84276000",7964,3219604415694850,3219604415695163
"MEMORY_ALLOCATION","MEMORY_ALLOCATION_ALLOCATE","Agent 3",256,"0x00007fbe84277000",7969,3219604415702946,3219604415703194
"MEMORY_ALLOCATION","MEMORY_ALLOCATION_ALLOCATE","Agent 3",256,"0x00007fbe84279000",7974,3219604415710306,3219604415710746
"MEMORY_ALLOCATION","MEMORY_ALLOCATION_ALLOCATE","Agent 3",512,"0x00007fbe8427a000",7979,3219604415721259,3219604415722682
"MEMORY_ALLOCATION","MEMORY_ALLOCATION_ALLOCATE","Agent 3",256,"0x00007fbe8427b000",7984,3219604415732217,3219604415733814
"MEMORY_ALLOCATION","MEMORY_ALLOCATION_ALLOCATE","Agent 3",512,"0x00007fbe8427c000",7992,3219604415749757,3219604415750187
"MEMORY_ALLOCATION","MEMORY_ALLOCATION_ALLOCATE","Agent 3",512,"0x00007fbe8427d000",7997,3219604415769612,3219604415770056
"MEMORY_ALLOCATION","MEMORY_ALLOCATION_FREE","",0,"0x00007fbe8427c000",8002,3219604415799842,3219604415800256
"MEMORY_ALLOCATION","MEMORY_ALLOCATION_FREE","",0,"0x00007fbe8427b000",8004,3219604415802664,3219604415802984
"MEMORY_ALLOCATION","MEMORY_ALLOCATION_FREE","",0,"0x00007fbe8427a000",8006,3219604415804929,3219604415805211
"MEMORY_ALLOCATION","MEMORY_ALLOCATION_FREE","",0,"0x00007fbe84279000",8008,3219604415806790,3219604415807168
"MEMORY_ALLOCATION","MEMORY_ALLOCATION_FREE","",0,"0x00007fbe84277000",8010,3219604415808845,3219604415809162
"MEMORY_ALLOCATION","MEMORY_ALLOCATION_FREE","",0,"0x00007fbe84276000",8012,3219604415810784,3219604415811060
"MEMORY_ALLOCATION","MEMORY_ALLOCATION_FREE","",0,"0x00007fbe84275000",8014,3219604415812909,3219604415813170
"MEMORY_ALLOCATION","MEMORY_ALLOCATION_ALLOCATE","Agent 3",512,"0x00007fbe8427e000",8016,3219604415814811,3219604415815082
"MEMORY_ALLOCATION","MEMORY_ALLOCATION_ALLOCATE","Agent 3",512,"0x00007fbe84275000",8018,3219604415818246,3219604415818450
"MEMORY_ALLOCATION","MEMORY_ALLOCATION_ALLOCATE","Agent 3",1024,"0x00007fbe84276000",8023,3219604415827130,3219604415827481
"MEMORY_ALLOCATION","MEMORY_ALLOCATION_ALLOCATE","Agent 3",1024,"0x00007fbe84277000",8028,3219604415835593,3219604415835937
"MEMORY_ALLOCATION","MEMORY_ALLOCATION_ALLOCATE","Agent 3",1024,"0x00007fbe84279000",8033,3219604415843573,3219604415844004
"MEMORY_ALLOCATION","MEMORY_ALLOCATION_FREE","",0,"0x00007fbe84277000",8038,3219604415864819,3219604415865056
"MEMORY_ALLOCATION","MEMORY_ALLOCATION_FREE","",0,"0x00007fbe84276000",8040,3219604415867051,3219604415867346
"MEMORY_ALLOCATION","MEMORY_ALLOCATION_ALLOCATE","Agent 3",512,"0x00007fbe84276000",8042,3219604415869225,3219604415869483
"MEMORY_ALLOCATION","MEMORY_ALLOCATION_FREE","",0,"0x00007fbe84279000",8047,3219604415900544,3219604415900930
"MEMORY_ALLOCATION","MEMORY_ALLOCATION_ALLOCATE","Agent 3",512,"0x00007fbe84277000",8049,3219604415903096,3219604415903308
"MEMORY_ALLOCATION","MEMORY_ALLOCATION_FREE","",0,"0x00007fbe84276000",8054,3219604415922994,3219604415923278
"MEMORY_ALLOCATION","MEMORY_ALLOCATION_FREE","",0,"0x00007fbe84275000",8056,3219604415925769,3219604415926108
"MEMORY_ALLOCATION","MEMORY_ALLOCATION_FREE","",0,"0x00007fbe8427e000",8058,3219604415927920,3219604415928155
"MEMORY_ALLOCATION","MEMORY_ALLOCATION_FREE","",0,"0x00007fbe8427d000",8060,3219604415929902,3219604415930310
"MEMORY_ALLOCATION","MEMORY_ALLOCATION_FREE","",0,"0x00007fbe84278000",8062,3219604415933367,3219604415933698
"MEMORY_ALLOCATION","MEMORY_ALLOCATION_ALLOCATE","Agent 3",512,"0x00007fbe84275000",8064,3219604415936158,3219604415936443
"MEMORY_ALLOCATION","MEMORY_ALLOCATION_FREE","",0,"0x00007fbe84277000",8069,3219604415967388,3219604415967833
"MEMORY_ALLOCATION","MEMORY_ALLOCATION_ALLOCATE","Agent 3",2048,"0x00007fbe84276000",8071,3219604415991980,3219604415992478
"MEMORY_ALLOCATION","MEMORY_ALLOCATION_FREE","",0,"0x00007fbe84275000",8076,3219604416030741,3219604416031149
"MEMORY_ALLOCATION","MEMORY_ALLOCATION_FREE","",0,"0x00007fbe84274000",8078,3219604416033872,3219604416034156
"MEMORY_ALLOCATION","MEMORY_ALLOCATION_FREE","",0,"0x00007fbe84273000",8080,3219604416036038,3219604416036368
"MEMORY_ALLOCATION","MEMORY_ALLOCATION_FREE","",0,"0x00007fbe84272000",8082,3219604416038289,3219604416038744
"MEMORY_ALLOCATION","MEMORY_ALLOCATION_FREE","",0,"0x00007fbe84276000",8088,3219604416062091,3219604416062454
"MEMORY_ALLOCATION","MEMORY_ALLOCATION_ALLOCATE","Agent 3",8,"0x00007fbe84272000",8090,3219604416065545,3219604416065845
"MEMORY_ALLOCATION","MEMORY_ALLOCATION_FREE","",0,"0x00007fbe84272000",8097,3219604416103104,3219604416103411
"MEMORY_ALLOCATION","MEMORY_ALLOCATION_ALLOCATE","Agent 3",8,"0x00007fbe84272000",8099,3219604416106235,3219604416106482
"MEMORY_ALLOCATION","MEMORY_ALLOCATION_ALLOCATE","Agent 3",8,"0x00007fbe84273000",8103,3219604416127378,3219604416127688
"MEMORY_ALLOCATION","MEMORY_ALLOCATION_ALLOCATE","Agent 3",8,"0x00007fbe84274000",8107,3219604416148240,3219604416148550
"MEMORY_ALLOCATION","MEMORY_ALLOCATION_ALLOCATE","Agent 3",512,"0x00007fbe84275000",8111,3219604416169184,3219604416169675
"MEMORY_ALLOCATION","MEMORY_ALLOCATION_ALLOCATE","Agent 3",512,"0x00007fbe84276000",8116,3219604416177361,3219604416177705
"MEMORY_ALLOCATION","MEMORY_ALLOCATION_ALLOCATE","Agent 3",512,"0x00007fbe84277000",8121,3219604416187803,3219604416188195
"MEMORY_ALLOCATION","MEMORY_ALLOCATION_ALLOCATE","Agent 3",256,"0x00007fbe84278000",8126,3219604416196808,3219604416197247
"MEMORY_ALLOCATION","MEMORY_ALLOCATION_ALLOCATE","Agent 3",256,"0x00007fbe84279000",8131,3219604416205103,3219604416205573
"MEMORY_ALLOCATION","MEMORY_ALLOCATION_ALLOCATE","Agent 3",512,"0x00007fbe8427a000",8136,3219604416214841,3219604416215187
"MEMORY_ALLOCATION","MEMORY_ALLOCATION_ALLOCATE","Agent 3",256,"0x00007fbe8427b000",8141,3219604416226732,3219604416228484
"MEMORY_ALLOCATION","MEMORY_ALLOCATION_ALLOCATE","Agent 3",512,"0x00007fbe8427c000",8149,3219604416243743,3219604416244111
"MEMORY_ALLOCATION","MEMORY_ALLOCATION_ALLOCATE","Agent 3",512,"0x00007fbe8427d000",8154,3219604416252883,3219604416253298
"MEMORY_ALLOCATION","MEMORY_ALLOCATION_FREE","",0,"0x00007fbe8427c000",8159,3219604416282552,3219604416282936
"MEMORY_ALLOCATION","MEMORY_ALLOCATION_FREE","",0,"0x00007fbe8427b000",8161,3219604416285286,3219604416285600
"MEMORY_ALLOCATION","MEMORY_ALLOCATION_FREE","",0,"0x00007fbe8427a000",8163,3219604416287298,3219604416287553
"MEMORY_ALLOCATION","MEMORY_ALLOCATION_FREE","",0,"0x00007fbe84279000",8165,3219604416289309,3219604416289562
"MEMORY_ALLOCATION","MEMORY_ALLOCATION_FREE","",0,"0x00007fbe84278000",8167,3219604416291337,3219604416291672
"MEMORY_ALLOCATION","MEMORY_ALLOCATION_FREE","",0,"0x00007fbe84277000",8169,3219604416293409,3219604416293687
"MEMORY_ALLOCATION","MEMORY_ALLOCATION_FREE","",0,"0x00007fbe84276000",8171,3219604416295439,3219604416295671
"MEMORY_ALLOCATION","MEMORY_ALLOCATION_ALLOCATE","Agent 3",512,"0x00007fbe8427e000",8173,3219604416297457,3219604416297666
"MEMORY_ALLOCATION","MEMORY_ALLOCATION_ALLOCATE","Agent 3",512,"0x00007fbe84276000",8175,3219604416300979,3219604416301250
"MEMORY_ALLOCATION","MEMORY_ALLOCATION_ALLOCATE","Agent 3",1024,"0x00007fbe84277000",8180,3219604416309692,3219604416310044
"MEMORY_ALLOCATION","MEMORY_ALLOCATION_ALLOCATE","Agent 3",1024,"0x00007fbe84278000",8185,3219604416318205,3219604416318608
"MEMORY_ALLOCATION","MEMORY_ALLOCATION_ALLOCATE","Agent 3",1024,"0x00007fbe84279000",8190,3219604416326646,3219604416326943
"MEMORY_ALLOCATION","MEMORY_ALLOCATION_FREE","",0,"0x00007fbe84278000",8195,3219604416347462,3219604416347863
"MEMORY_ALLOCATION","MEMORY_ALLOCATION_FREE","",0,"0x00007fbe84277000",8197,3219604416349956,3219604416350202
"MEMORY_ALLOCATION","MEMORY_ALLOCATION_ALLOCATE","Agent 3",512,"0x00007fbe84277000",8199,3219604416352151,3219604416352419
"MEMORY_ALLOCATION","MEMORY_ALLOCATION_FREE","",0,"0x00007fbe84279000",8204,3219604416384073,3219604416384471
"MEMORY_ALLOCATION","MEMORY_ALLOCATION_ALLOCATE","Agent 3",512,"0x00007fbe84278000",8206,3219604416386478,3219604416386722
"MEMORY_ALLOCATION","MEMORY_ALLOCATION_FREE","",0,"0x00007fbe84277000",8211,3219604416414960,3219604416415243
"MEMORY_ALLOCATION","MEMORY_ALLOCATION_FREE","",0,"0x00007fbe84276000",8213,3219604416417330,3219604416417564
"MEMORY_ALLOCATION","MEMORY_ALLOCATION_FREE","",0,"0x00007fbe8427e000",8215,3219604416419337,3219604416419556
"MEMORY_ALLOCATION","MEMORY_ALLOCATION_FREE","",0,"0x00007fbe8427d000",8217,3219604416421192,3219604416421575
"MEMORY_ALLOCATION","MEMORY_ALLOCATION_FREE","",0,"0x00007fbe84275000",8219,3219604416423224,3219604416423519
"MEMORY_ALLOCATION","MEMORY_ALLOCATION_ALLOCATE","Agent 3",512,"0x00007fbe84275000",8221,3219604416425393,3219604416425653
"MEMORY_ALLOCATION","MEMORY_ALLOCATION_ALLOCATE","Agent 3",512,"0x00007fbe84276000",8226,3219604416433672,3219604416434002
"MEMORY_ALLOCATION","MEMORY_ALLOCATION_ALLOCATE","Agent 3",256,"0x00007fbe84277000",8231,3219604416441625,3219604416441834
"MEMORY_ALLOCATION","MEMORY_ALLOCATION_ALLOCATE","Agent 3",256,"0x00007fbe84279000",8236,3219604416449982,3219604416450427
"MEMORY_ALLOCATION","MEMORY_ALLOCATION_ALLOCATE","Agent 3",512,"0x00007fbe8427a000",8241,3219604416459044,3219604416459435
"MEMORY_ALLOCATION","MEMORY_ALLOCATION_ALLOCATE","Agent 3",256,"0x00007fbe8427b000",8246,3219604416467470,3219604416467830
"MEMORY_ALLOCATION","MEMORY_ALLOCATION_ALLOCATE","Agent 3",512,"0x00007fbe8427c000",8254,3219604416483164,3219604416483531
"MEMORY_ALLOCATION","MEMORY_ALLOCATION_ALLOCATE","Agent 3",512,"0x00007fbe8427d000",8259,3219604416494384,3219604416494795
"MEMORY_ALLOCATION","MEMORY_ALLOCATION_FREE","",0,"0x00007fbe8427c000",8264,3219604416525279,3219604416525606
"MEMORY_ALLOCATION","MEMORY_ALLOCATION_FREE","",0,"0x00007fbe8427b000",8266,3219604416527681,3219604416527946
"MEMORY_ALLOCATION","MEMORY_ALLOCATION_FREE","",0,"0x00007fbe8427a000",8268,3219604416530411,3219604416530699
"MEMORY_ALLOCATION","MEMORY_ALLOCATION_FREE","",0,"0x00007fbe84279000",8270,3219604416532379,3219604416532634
"MEMORY_ALLOCATION","MEMORY_ALLOCATION_FREE","",0,"0x00007fbe84277000",8272,3219604416534436,3219604416534703
"MEMORY_ALLOCATION","MEMORY_ALLOCATION_FREE","",0,"0x00007fbe84276000",8274,3219604416536536,3219604416536802
"MEMORY_ALLOCATION","MEMORY_ALLOCATION_FREE","",0,"0x00007fbe84275000",8276,3219604416538835,3219604416539076
"MEMORY_ALLOCATION","MEMORY_ALLOCATION_ALLOCATE","Agent 3",512,"0x00007fbe8427e000",8278,3219604416541403,3219604416541688
"MEMORY_ALLOCATION","MEMORY_ALLOCATION_ALLOCATE","Agent 3",512,"0x00007fbe84275000",8280,3219604416544774,3219604416545038
"MEMORY_ALLOCATION","MEMORY_ALLOCATION_ALLOCATE","Agent 3",1024,"0x00007fbe84276000",8285,3219604416595331,3219604416595726
"MEMORY_ALLOCATION","MEMORY_ALLOCATION_ALLOCATE","Agent 3",1024,"0x00007fbe84277000",8290,3219604416604684,3219604416604994
"MEMORY_ALLOCATION","MEMORY_ALLOCATION_ALLOCATE","Agent 3",1024,"0x00007fbe84279000",8295,3219604416612791,3219604416613151
"MEMORY_ALLOCATION","MEMORY_ALLOCATION_FREE","",0,"0x00007fbe84277000",8300,3219604416633855,3219604416634095
"MEMORY_ALLOCATION","MEMORY_ALLOCATION_FREE","",0,"0x00007fbe84276000",8302,3219604416636222,3219604416636555
"MEMORY_ALLOCATION","MEMORY_ALLOCATION_ALLOCATE","Agent 3",512,"0x00007fbe84276000",8304,3219604416638573,3219604416638853
"MEMORY_ALLOCATION","MEMORY_ALLOCATION_FREE","",0,"0x00007fbe84279000",8309,3219604416670015,3219604416670347
"MEMORY_ALLOCATION","MEMORY_ALLOCATION_ALLOCATE","Agent 3",512,"0x00007fbe84277000",8311,3219604416672340,3219604416672574
"MEMORY_ALLOCATION","MEMORY_ALLOCATION_FREE","",0,"0x00007fbe84276000",8316,3219604416689764,3219604416690035
"MEMORY_ALLOCATION","MEMORY_ALLOCATION_FREE","",0,"0x00007fbe84275000",8318,3219604416692110,3219604416692413
"MEMORY_ALLOCATION","MEMORY_ALLOCATION_FREE","",0,"0x00007fbe8427e000",8320,3219604416694102,3219604416694329
"MEMORY_ALLOCATION","MEMORY_ALLOCATION_FREE","",0,"0x00007fbe8427d000",8322,3219604416696124,3219604416696475
"MEMORY_ALLOCATION","MEMORY_ALLOCATION_FREE","",0,"0x00007fbe84278000",8324,3219604416698156,3219604416698442
"MEMORY_ALLOCATION","MEMORY_ALLOCATION_ALLOCATE","Agent 3",512,"0x00007fbe84275000",8326,3219604416700370,3219604416700617
"MEMORY_ALLOCATION","MEMORY_ALLOCATION_FREE","",0,"0x00007fbe84277000",8331,3219604416718942,3219604416719602
"MEMORY_ALLOCATION","MEMORY_ALLOCATION_ALLOCATE","Agent 3",2048,"0x00007fbe84276000",8333,3219604416721887,3219604416722274
"MEMORY_ALLOCATION","MEMORY_ALLOCATION_FREE","",0,"0x00007fbe84275000",8338,3219604416747186,3219604416747594
"MEMORY_ALLOCATION","MEMORY_ALLOCATION_FREE","",0,"0x00007fbe84274000",8340,3219604416749690,3219604416749947
"MEMORY_ALLOCATION","MEMORY_ALLOCATION_FREE","",0,"0x00007fbe84273000",8342,3219604416752090,3219604416752406
"MEMORY_ALLOCATION","MEMORY_ALLOCATION_FREE","",0,"0x00007fbe84272000",8344,3219604416754231,3219604416754589
"MEMORY_ALLOCATION","MEMORY_ALLOCATION_FREE","",0,"0x00007fbe84276000",8350,3219604416777599,3219604416777972
"MEMORY_ALLOCATION","MEMORY_ALLOCATION_ALLOCATE","Agent 3",8,"0x00007fbe84272000",8352,3219604416780689,3219604416780917
"MEMORY_ALLOCATION","MEMORY_ALLOCATION_FREE","",0,"0x00007fbe84272000",8359,3219604416816850,3219604416817133
"MEMORY_ALLOCATION","MEMORY_ALLOCATION_ALLOCATE","Agent 3",4,"0x00007fbe84272000",8373,3219604416845093,3219604416845391
"MEMORY_ALLOCATION","MEMORY_ALLOCATION_ALLOCATE","Agent 3",4,"0x00007fbe84273000",8377,3219604416865166,3219604416865517
"MEMORY_ALLOCATION","MEMORY_ALLOCATION_ALLOCATE","Agent 3",4,"0x00007fbe84274000",8381,3219604416884790,3219604416885144
"MEMORY_ALLOCATION","MEMORY_ALLOCATION_ALLOCATE","Agent 3",256,"0x00007fbe84275000",8385,3219604416905809,3219604416906211
"MEMORY_ALLOCATION","MEMORY_ALLOCATION_ALLOCATE","Agent 3",256,"0x00007fbe84276000",8390,3219604416913891,3219604416914284
"MEMORY_ALLOCATION","MEMORY_ALLOCATION_ALLOCATE","Agent 3",256,"0x00007fbe84277000",8395,3219604416925692,3219604416926116
"MEMORY_ALLOCATION","MEMORY_ALLOCATION_ALLOCATE","Agent 3",128,"0x00007fbe84278000",8400,3219604416937105,3219604416937475
"MEMORY_ALLOCATION","MEMORY_ALLOCATION_ALLOCATE","Agent 3",128,"0x00007fbe84279000",8405,3219604416960215,3219604416960905
"MEMORY_ALLOCATION","MEMORY_ALLOCATION_ALLOCATE","Agent 3",256,"0x00007fbe8427a000",8410,3219604416977799,3219604416978318
"MEMORY_ALLOCATION","MEMORY_ALLOCATION_ALLOCATE","Agent 3",128,"0x00007fbe8427b000",8415,3219604416999116,3219604416999484
"MEMORY_ALLOCATION","MEMORY_ALLOCATION_ALLOCATE","Agent 3",256,"0x00007fbe8427c000",8423,3219604417046838,3219604417047334
"MEMORY_ALLOCATION","MEMORY_ALLOCATION_ALLOCATE","Agent 3",256,"0x00007fbe8427d000",8428,3219604417056586,3219604417056959
"MEMORY_ALLOCATION","MEMORY_ALLOCATION_FREE","",0,"0x00007fbe8427c000",8433,3219604417087518,3219604417088063
"MEMORY_ALLOCATION","MEMORY_ALLOCATION_FREE","",0,"0x00007fbe8427b000",8435,3219604417090453,3219604417090781
"MEMORY_ALLOCATION","MEMORY_ALLOCATION_FREE","",0,"0x00007fbe8427a000",8437,3219604417093150,3219604417093490
"MEMORY_ALLOCATION","MEMORY_ALLOCATION_FREE","",0,"0x00007fbe84279000",8439,3219604417095464,3219604417095694
"MEMORY_ALLOCATION","MEMORY_ALLOCATION_FREE","",0,"0x00007fbe84278000",8441,3219604417097477,3219604417097830
"MEMORY_ALLOCATION","MEMORY_ALLOCATION_FREE","",0,"0x00007fbe84277000",8443,3219604417099737,3219604417100062
"MEMORY_ALLOCATION","MEMORY_ALLOCATION_FREE","",0,"0x00007fbe84276000",8445,3219604417101748,3219604417101976
"MEMORY_ALLOCATION","MEMORY_ALLOCATION_ALLOCATE","Agent 3",256,"0x00007fbe8427e000",8447,3219604417111553,3219604417112003
"MEMORY_ALLOCATION","MEMORY_ALLOCATION_ALLOCATE","Agent 3",256,"0x00007fbe84276000",8449,3219604417114376,3219604417114605
"MEMORY_ALLOCATION","MEMORY_ALLOCATION_ALLOCATE","Agent 3",512,"0x00007fbe84277000",8454,3219604417124685,3219604417125023
"MEMORY_ALLOCATION","MEMORY_ALLOCATION_ALLOCATE","Agent 3",512,"0x00007fbe84278000",8459,3219604417133518,3219604417133886
"MEMORY_ALLOCATION","MEMORY_ALLOCATION_ALLOCATE","Agent 3",512,"0x00007fbe84279000",8464,3219604417141757,3219604417142160
"MEMORY_ALLOCATION","MEMORY_ALLOCATION_FREE","",0,"0x00007fbe84278000",8469,3219604417162866,3219604417163308
"MEMORY_ALLOCATION","MEMORY_ALLOCATION_FREE","",0,"0x00007fbe84277000",8471,3219604417165511,3219604417165694
"MEMORY_ALLOCATION","MEMORY_ALLOCATION_ALLOCATE","Agent 3",256,"0x00007fbe84277000",8473,3219604417167657,3219604417167902
"MEMORY_ALLOCATION","MEMORY_ALLOCATION_FREE","",0,"0x00007fbe84279000",8478,3219604417200472,3219604417200918
"MEMORY_ALLOCATION","MEMORY_ALLOCATION_ALLOCATE","Agent 3",256,"0x00007fbe84278000",8480,3219604417203137,3219604417203382
"MEMORY_ALLOCATION","MEMORY_ALLOCATION_FREE","",0,"0x00007fbe84277000",8485,3219604417221444,3219604417221708
"MEMORY_ALLOCATION","MEMORY_ALLOCATION_FREE","",0,"0x00007fbe84276000",8487,3219604417223878,3219604417224117
"MEMORY_ALLOCATION","MEMORY_ALLOCATION_FREE","",0,"0x00007fbe8427e000",8489,3219604417225832,3219604417226045
"MEMORY_ALLOCATION","MEMORY_ALLOCATION_FREE","",0,"0x00007fbe8427d000",8491,3219604417227822,3219604417228136
"MEMORY_ALLOCATION","MEMORY_ALLOCATION_FREE","",0,"0x00007fbe84275000",8493,3219604417229984,3219604417230248
"MEMORY_ALLOCATION","MEMORY_ALLOCATION_ALLOCATE","Agent 3",256,"0x00007fbe84275000",8495,3219604417232550,3219604417232810
"MEMORY_ALLOCATION","MEMORY_ALLOCATION_ALLOCATE","Agent 3",256,"0x00007fbe84276000",8500,3219604417241507,3219604417241800
"MEMORY_ALLOCATION","MEMORY_ALLOCATION_ALLOCATE","Agent 3",128,"0x00007fbe84277000",8505,3219604417249720,3219604417249969
"MEMORY_ALLOCATION","MEMORY_ALLOCATION_ALLOCATE","Agent 3",128,"0x00007fbe84279000",8510,3219604417257459,3219604417257823
"MEMORY_ALLOCATION","MEMORY_ALLOCATION_ALLOCATE","Agent 3",256,"0x00007fbe8427a000",8515,3219604417266250,3219604417266719
"MEMORY_ALLOCATION","MEMORY_ALLOCATION_ALLOCATE","Agent 3",128,"0x00007fbe8427b000",8520,3219604417274928,3219604417275342
"MEMORY_ALLOCATION","MEMORY_ALLOCATION_ALLOCATE","Agent 3",256,"0x00007fbe8427c000",8528,3219604417290732,3219604417291225
"MEMORY_ALLOCATION","MEMORY_ALLOCATION_ALLOCATE","Agent 3",256,"0x00007fbe8427d000",8533,3219604417301401,3219604417301754
"MEMORY_ALLOCATION","MEMORY_ALLOCATION_FREE","",0,"0x00007fbe8427c000",8538,3219604417330681,3219604417331089
"MEMORY_ALLOCATION","MEMORY_ALLOCATION_FREE","",0,"0x00007fbe8427b000",8540,3219604417333295,3219604417333496
"MEMORY_ALLOCATION","MEMORY_ALLOCATION_FREE","",0,"0x00007fbe8427a000",8542,3219604417335358,3219604417335689
"MEMORY_ALLOCATION","MEMORY_ALLOCATION_FREE","",0,"0x00007fbe84279000",8544,3219604417337429,3219604417337663
"MEMORY_ALLOCATION","MEMORY_ALLOCATION_FREE","",0,"0x00007fbe84277000",8546,3219604417339300,3219604417339553
"MEMORY_ALLOCATION","MEMORY_ALLOCATION_FREE","",0,"0x00007fbe84276000",8548,3219604417341214,3219604417341463
"MEMORY_ALLOCATION","MEMORY_ALLOCATION_FREE","",0,"0x00007fbe84275000",8550,3219604417343184,3219604417343392
"MEMORY_ALLOCATION","MEMORY_ALLOCATION_ALLOCATE","Agent 3",256,"0x00007fbe8427e000",8552,3219604417345001,3219604417345245
"MEMORY_ALLOCATION","MEMORY_ALLOCATION_ALLOCATE","Agent 3",256,"0x00007fbe84275000",8554,3219604417348730,3219604417348984
"MEMORY_ALLOCATION","MEMORY_ALLOCATION_ALLOCATE","Agent 3",512,"0x00007fbe84276000",8559,3219604417357284,3219604417357626
"MEMORY_ALLOCATION","MEMORY_ALLOCATION_ALLOCATE","Agent 3",512,"0x00007fbe84277000",8564,3219604417365511,3219604417365805
"MEMORY_ALLOCATION","MEMORY_ALLOCATION_ALLOCATE","Agent 3",512,"0x00007fbe84279000",8569,3219604417373418,3219604417373755
"MEMORY_ALLOCATION","MEMORY_ALLOCATION_FREE","",0,"0x00007fbe84277000",8574,3219604417395088,3219604417395329
"MEMORY_ALLOCATION","MEMORY_ALLOCATION_FREE","",0,"0x00007fbe84276000",8576,3219604417397335,3219604417397606
"MEMORY_ALLOCATION","MEMORY_ALLOCATION_ALLOCATE","Agent 3",256,"0x00007fbe84276000",8578,3219604417399572,3219604417399828
"MEMORY_ALLOCATION","MEMORY_ALLOCATION_FREE","",0,"0x00007fbe84279000",8583,3219604417431322,3219604417431654
"MEMORY_ALLOCATION","MEMORY_ALLOCATION_ALLOCATE","Agent 3",256,"0x00007fbe84277000",8585,3219604417433773,3219604417433956
"MEMORY_ALLOCATION","MEMORY_ALLOCATION_FREE","",0,"0x00007fbe84276000",8590,3219604417451191,3219604417451436
"MEMORY_ALLOCATION","MEMORY_ALLOCATION_FREE","",0,"0x00007fbe84275000",8592,3219604417453620,3219604417453903
"MEMORY_ALLOCATION","MEMORY_ALLOCATION_FREE","",0,"0x00007fbe8427e000",8594,3219604417455704,3219604417455947
"MEMORY_ALLOCATION","MEMORY_ALLOCATION_FREE","",0,"0x00007fbe8427d000",8596,3219604417457645,3219604417458008
"MEMORY_ALLOCATION","MEMORY_ALLOCATION_FREE","",0,"0x00007fbe84278000",8598,3219604417459868,3219604417460134
"MEMORY_ALLOCATION","MEMORY_ALLOCATION_ALLOCATE","Agent 3",256,"0x00007fbe84275000",8600,3219604417462045,3219604417462309
"MEMORY_ALLOCATION","MEMORY_ALLOCATION_FREE","",0,"0x00007fbe84277000",8605,3219604417480703,3219604417481034
"MEMORY_ALLOCATION","MEMORY_ALLOCATION_ALLOCATE","Agent 3",1024,"0x00007fbe84276000",8607,3219604417483303,3219604417483559
"MEMORY_ALLOCATION","MEMORY_ALLOCATION_FREE","",0,"0x00007fbe84275000",8612,3219604417508261,3219604417508574
"MEMORY_ALLOCATION","MEMORY_ALLOCATION_FREE","",0,"0x00007fbe84274000",8614,3219604417510499,3219604417510738
"MEMORY_ALLOCATION","MEMORY_ALLOCATION_FREE","",0,"0x00007fbe84273000",8616,3219604417512544,3219604417512779
"MEMORY_ALLOCATION","MEMORY_ALLOCATION_FREE","",0,"0x00007fbe84272000",8618,3219604417514548,3219604417514789
"MEMORY_ALLOCATION","MEMORY_ALLOCATION_FREE","",0,"0x00007fbe84276000",8622,3219604417532284,3219604417532662
"MEMORY_ALLOCATION","MEMORY_ALLOCATION_ALLOCATE","Agent 3",48,"0x00007fbe84272000",8624,3219604417535567,3219604417535807
"MEMORY_ALLOCATION","MEMORY_ALLOCATION_ALLOCATE","Agent 3",3072,"0x00007fbe84273000",8628,3219604417555906,3219604417556211
"MEMORY_ALLOCATION","MEMORY_ALLOCATION_ALLOCATE","Agent 3",3072,"0x00007fbe84274000",8633,3219604417574007,3219604417574314
"MEMORY_ALLOCATION","MEMORY_ALLOCATION_ALLOCATE","Agent 3",3072,"0x00007fbe84275000",8638,3219604417582441,3219604417583059
"MEMORY_ALLOCATION","MEMORY_ALLOCATION_ALLOCATE","Agent 3",1536,"0x00007fbe84276000",8643,3219604417591882,3219604417592341
"MEMORY_ALLOCATION","MEMORY_ALLOCATION_ALLOCATE","Agent 3",1536,"0x00007fbe84277000",8648,3219604417600281,3219604417600585
"MEMORY_ALLOCATION","MEMORY_ALLOCATION_ALLOCATE","Agent 3",3072,"0x00007fbe84278000",8653,3219604417609093,3219604417609428
"MEMORY_ALLOCATION","MEMORY_ALLOCATION_ALLOCATE","Agent 3",1536,"0x00007fbe84279000",8658,3219604417618275,3219604417618661
"MEMORY_ALLOCATION","MEMORY_ALLOCATION_ALLOCATE","Agent 3",1536,"0x00007fbe8427a000",8663,3219604417629246,3219604417629685
"MEMORY_ALLOCATION","MEMORY_ALLOCATION_ALLOCATE","Agent 3",3072,"0x00007fbe8427b000",8668,3219604417639195,3219604417639600
"MEMORY_ALLOCATION","MEMORY_ALLOCATION_FREE","",0,"0x00007fbe84278000",8673,3219604417660913,3219604417661240
"MEMORY_ALLOCATION","MEMORY_ALLOCATION_ALLOCATE","Agent 3",1536,"0x00007fbe84278000",8675,3219604417664550,3219604417664791
"MEMORY_ALLOCATION","MEMORY_ALLOCATION_FREE","",0,"0x00007fbe84279000",8680,3219604417683025,3219604417683309
"MEMORY_ALLOCATION","MEMORY_ALLOCATION_ALLOCATE","Agent 3",8192,"0x00007fbe8427c000",8682,3219604417685567,3219604417685972
"MEMORY_ALLOCATION","MEMORY_ALLOCATION_ALLOCATE","Agent 3",8192,"0x00007fbe8428b000",8688,3219604417697903,3219604417698291
"MEMORY_ALLOCATION","MEMORY_ALLOCATION_ALLOCATE","Agent 3",3072,"0x00007fbe84279000",8694,3219604417711806,3219604417712425
"MEMORY_ALLOCATION","MEMORY_ALLOCATION_ALLOCATE","Agent 3",3072,"0x00007fbe8427e000",8699,3219604417721024,3219604417721369
"MEMORY_ALLOCATION","MEMORY_ALLOCATION_FREE","",0,"0x00007fbe84279000",8704,3219604417742173,3219604417742461
"MEMORY_ALLOCATION","MEMORY_ALLOCATION_ALLOCATE","Agent 3",3072,"0x00007fbe84279000",8706,3219604417744205,3219604417744399
"MEMORY_ALLOCATION","MEMORY_ALLOCATION_FREE","",0,"0x00007fbe8427e000",8711,3219604417770201,3219604417770474
"MEMORY_ALLOCATION","MEMORY_ALLOCATION_FREE","",0,"0x00007fbe8427a000",8713,3219604417772240,3219604417772478
"MEMORY_ALLOCATION","MEMORY_ALLOCATION_FREE","",0,"0x00007fbe84278000",8715,3219604417774342,3219604417774598
"MEMORY_ALLOCATION","MEMORY_ALLOCATION_FREE","",0,"0x00007fbe8427b000",8717,3219604417776407,3219604417776744
"MEMORY_ALLOCATION","MEMORY_ALLOCATION_FREE","",0,"0x00007fbe84277000",8719,3219604417778589,3219604417778906
"MEMORY_ALLOCATION","MEMORY_ALLOCATION_FREE","",0,"0x00007fbe84276000",8721,3219604417780600,3219604417780928
"MEMORY_ALLOCATION","MEMORY_ALLOCATION_FREE","",0,"0x00007fbe84275000",8723,3219604417783024,3219604417783320
"MEMORY_ALLOCATION","MEMORY_ALLOCATION_ALLOCATE","Agent 3",3072,"0x00007fbe8427e000",8725,3219604417784980,3219604417785248
"MEMORY_ALLOCATION","MEMORY_ALLOCATION_FREE","",0,"0x00007fbe84279000",8730,3219604417804503,3219604417804937
"MEMORY_ALLOCATION","MEMORY_ALLOCATION_FREE","",0,"0x00007fbe84274000",8732,3219604417807100,3219604417807405
"MEMORY_ALLOCATION","MEMORY_ALLOCATION_ALLOCATE","Agent 3",3072,"0x00007fbe84274000",8734,3219604417809396,3219604417809634
"MEMORY_ALLOCATION","MEMORY_ALLOCATION_ALLOCATE","Agent 3",6144,"0x00007fbe84275000",8739,3219604417817590,3219604417817961
"MEMORY_ALLOCATION","MEMORY_ALLOCATION_ALLOCATE","Agent 3",6144,"0x00007fbe84277000",8744,3219604417828742,3219604417829197
"MEMORY_ALLOCATION","MEMORY_ALLOCATION_ALLOCATE","Agent 3",6144,"0x00007fbe84279000",8749,3219604417837679,3219604417838127
"MEMORY_ALLOCATION","MEMORY_ALLOCATION_FREE","",0,"0x00007fbe84277000",8754,3219604417860317,3219604417860614
"MEMORY_ALLOCATION","MEMORY_ALLOCATION_FREE","",0,"0x00007fbe84275000",8756,3219604417862938,3219604417863260
"MEMORY_ALLOCATION","MEMORY_ALLOCATION_ALLOCATE","Agent 3",3072,"0x00007fbe8427b000",8758,3219604417866790,3219604417866993
"MEMORY_ALLOCATION","MEMORY_ALLOCATION_FREE","",0,"0x00007fbe84279000",8763,3219604417906800,3219604417907224
"MEMORY_ALLOCATION","MEMORY_ALLOCATION_ALLOCATE","Agent 3",3072,"0x00007fbe84275000",8765,3219604417909973,3219604417910185
"MEMORY_ALLOCATION","MEMORY_ALLOCATION_FREE","",0,"0x00007fbe8427b000",8770,3219604417931695,3219604417932079
"MEMORY_ALLOCATION","MEMORY_ALLOCATION_FREE","",0,"0x00007fbe84274000",8772,3219604417934195,3219604417934446
"MEMORY_ALLOCATION","MEMORY_ALLOCATION_FREE","",0,"0x00007fbe8427e000",8774,3219604417936435,3219604417936715
"MEMORY_ALLOCATION","MEMORY_ALLOCATION_FREE","",0,"0x00007fbe84273000",8776,3219604417938780,3219604417939146
"MEMORY_ALLOCATION","MEMORY_ALLOCATION_ALLOCATE","Agent 3",3072,"0x00007fbe8427e000",8778,3219604417941080,3219604417941346
"MEMORY_ALLOCATION","MEMORY_ALLOCATION_ALLOCATE","Agent 3",3072,"0x00007fbe84273000",8783,3219604417949407,3219604417949706
"MEMORY_ALLOCATION","MEMORY_ALLOCATION_ALLOCATE","Agent 3",1536,"0x00007fbe84274000",8788,3219604417956995,3219604417957280
"MEMORY_ALLOCATION","MEMORY_ALLOCATION_ALLOCATE","Agent 3",1536,"0x00007fbe84276000",8793,3219604417965310,3219604417965802
"MEMORY_ALLOCATION","MEMORY_ALLOCATION_ALLOCATE","Agent 3",3072,"0x00007fbe84277000",8798,3219604417973530,3219604417973927
"MEMORY_ALLOCATION","MEMORY_ALLOCATION_ALLOCATE","Agent 3",1536,"0x00007fbe84278000",8803,3219604417983200,3219604417983586
"MEMORY_ALLOCATION","MEMORY_ALLOCATION_ALLOCATE","Agent 3",1536,"0x00007fbe84279000",8808,3219604417993270,3219604417993680
"MEMORY_ALLOCATION","MEMORY_ALLOCATION_ALLOCATE","Agent 3",3072,"0x00007fbe8427a000",8813,3219604418001801,3219604418002169
"MEMORY_ALLOCATION","MEMORY_ALLOCATION_FREE","",0,"0x00007fbe84277000",8818,3219604418025958,3219604418026341
"MEMORY_ALLOCATION","MEMORY_ALLOCATION_ALLOCATE","Agent 3",1536,"0x00007fbe8427b000",8820,3219604418029565,3219604418029800
"MEMORY_ALLOCATION","MEMORY_ALLOCATION_FREE","",0,"0x00007fbe84278000",8825,3219604418057765,3219604418058175
"MEMORY_ALLOCATION","MEMORY_ALLOCATION_ALLOCATE","Agent 3",8192,"0x00007fbe84277000",8827,3219604418060133,3219604418060335
"MEMORY_ALLOCATION","MEMORY_ALLOCATION_ALLOCATE","Agent 3",8192,"0x00007fbe8428d000",8833,3219604418072026,3219604418072438
"MEMORY_ALLOCATION","MEMORY_ALLOCATION_ALLOCATE","Agent 3",3072,"0x00007fbe8428f000",8839,3219604418084604,3219604418085035
"MEMORY_ALLOCATION","MEMORY_ALLOCATION_ALLOCATE","Agent 3",3072,"0x00007fbe84290000",8844,3219604418094605,3219604418095109
"MEMORY_ALLOCATION","MEMORY_ALLOCATION_FREE","",0,"0x00007fbe8428f000",8849,3219604418114802,3219604418115089
"MEMORY_ALLOCATION","MEMORY_ALLOCATION_ALLOCATE","Agent 3",3072,"0x00007fbe8428f000",8851,3219604418116777,3219604418116956
"MEMORY_ALLOCATION","MEMORY_ALLOCATION_FREE","",0,"0x00007fbe84290000",8856,3219604418141567,3219604418141968
"MEMORY_ALLOCATION","MEMORY_ALLOCATION_FREE","",0,"0x00007fbe84279000",8858,3219604418143722,3219604418143932
"MEMORY_ALLOCATION","MEMORY_ALLOCATION_FREE","",0,"0x00007fbe8427b000",8860,3219604418145760,3219604418145998
"MEMORY_ALLOCATION","MEMORY_ALLOCATION_FREE","",0,"0x00007fbe8427a000",8862,3219604418147847,3219604418148227
"MEMORY_ALLOCATION","MEMORY_ALLOCATION_FREE","",0,"0x00007fbe84276000",8864,3219604418149983,3219604418150190
"MEMORY_ALLOCATION","MEMORY_ALLOCATION_FREE","",0,"0x00007fbe84274000",8866,3219604418151825,3219604418152090
"MEMORY_ALLOCATION","MEMORY_ALLOCATION_FREE","",0,"0x00007fbe84273000",8868,3219604418153713,3219604418154027
"MEMORY_ALLOCATION","MEMORY_ALLOCATION_ALLOCATE","Agent 3",3072,"0x00007fbe84276000",8870,3219604418155819,3219604418156081
"MEMORY_ALLOCATION","MEMORY_ALLOCATION_FREE","",0,"0x00007fbe8428f000",8875,3219604418173932,3219604418174377
"MEMORY_ALLOCATION","MEMORY_ALLOCATION_FREE","",0,"0x00007fbe8427e000",8877,3219604418176305,3219604418176552
"MEMORY_ALLOCATION","MEMORY_ALLOCATION_ALLOCATE","Agent 3",3072,"0x00007fbe8427e000",8879,3219604418178313,3219604418178510
"MEMORY_ALLOCATION","MEMORY_ALLOCATION_ALLOCATE","Agent 3",6144,"0x00007fbe84273000",8884,3219604418205223,3219604418205572
"MEMORY_ALLOCATION","MEMORY_ALLOCATION_ALLOCATE","Agent 3",6144,"0x00007fbe84279000",8889,3219604418224143,3219604418224613
"MEMORY_ALLOCATION","MEMORY_ALLOCATION_ALLOCATE","Agent 3",6144,"0x00007fbe8428f000",8894,3219604418236944,3219604418237641
"MEMORY_ALLOCATION","MEMORY_ALLOCATION_FREE","",0,"0x00007fbe84279000",8899,3219604418258149,3219604418258632
"MEMORY_ALLOCATION","MEMORY_ALLOCATION_FREE","",0,"0x00007fbe84273000",8901,3219604418261703,3219604418262025
"MEMORY_ALLOCATION","MEMORY_ALLOCATION_ALLOCATE","Agent 3",3072,"0x00007fbe84273000",8903,3219604418265356,3219604418265699
"MEMORY_ALLOCATION","MEMORY_ALLOCATION_FREE","",0,"0x00007fbe8428f000",8908,3219604418299376,3219604418299779
"MEMORY_ALLOCATION","MEMORY_ALLOCATION_ALLOCATE","Agent 3",3072,"0x00007fbe84274000",8910,3219604418302310,3219604418302565
"MEMORY_ALLOCATION","MEMORY_ALLOCATION_FREE","",0,"0x00007fbe84273000",8915,3219604418320721,3219604418321083
"MEMORY_ALLOCATION","MEMORY_ALLOCATION_FREE","",0,"0x00007fbe8427e000",8917,3219604418323203,3219604418323433
"MEMORY_ALLOCATION","MEMORY_ALLOCATION_FREE","",0,"0x00007fbe84276000",8919,3219604418325313,3219604418325631
"MEMORY_ALLOCATION","MEMORY_ALLOCATION_FREE","",0,"0x00007fbe84275000",8921,3219604418327630,3219604418328016
"MEMORY_ALLOCATION","MEMORY_ALLOCATION_ALLOCATE","Agent 3",3072,"0x00007fbe84273000",8923,3219604418329954,3219604418330166
"MEMORY_ALLOCATION","MEMORY_ALLOCATION_FREE","",0,"0x00007fbe84274000",8928,3219604418347994,3219604418348393
"MEMORY_ALLOCATION","MEMORY_ALLOCATION_ALLOCATE","Agent 3",1024,"0x00007fbe8427e000",8930,3219604418350921,3219604418351236
"MEMORY_ALLOCATION","MEMORY_ALLOCATION_FREE","",0,"0x00007fbe84273000",8935,3219604418375113,3219604418375569
"MEMORY_ALLOCATION","MEMORY_ALLOCATION_FREE","",0,"0x00007fbe84272000",8937,3219604418377958,3219604418378338
"MEMORY_ALLOCATION","MEMORY_ALLOCATION_FREE","",0,"0x00007fbe8428b000",8955,3219604418437260,3219604418437611
"MEMORY_ALLOCATION","MEMORY_ALLOCATION_FREE","",0,"0x00007fbe8427c000",8957,3219604418439617,3219604418440025
"MEMORY_ALLOCATION","MEMORY_ALLOCATION_FREE","",0,"0x00007fbe8428d000",8959,3219604418442150,3219604418442714
"MEMORY_ALLOCATION","MEMORY_ALLOCATION_FREE","",0,"0x00007fbe84277000",8961,3219604418445538,3219604418446038
"MEMORY_ALLOCATION","MEMORY_ALLOCATION_FREE","",0,"0x00007fbe8427e000",8965,3219604418464093,3219604418464441
"MEMORY_ALLOCATION","MEMORY_ALLOCATION_ALLOCATE","Agent 3",8,"0x00007fbe84272000",8967,3219604418466762,3219604418467018
"MEMORY_ALLOCATION","MEMORY_ALLOCATION_FREE","",0,"0x00007fbe84272000",8974,3219604418503142,3219604418503488
"MEMORY_ALLOCATION","MEMORY_ALLOCATION_ALLOCATE","Agent 3",4,"0x00007fbe84272000",8988,3219604418533429,3219604418533741
"MEMORY_ALLOCATION","MEMORY_ALLOCATION_ALLOCATE","Agent 3",4,"0x00007fbe84273000",8992,3219604418566271,3219604418566598
"MEMORY_ALLOCATION","MEMORY_ALLOCATION_ALLOCATE","Agent 3",4,"0x00007fbe84274000",8996,3219604418586131,3219604418586471
"MEMORY_ALLOCATION","MEMORY_ALLOCATION_ALLOCATE","Agent 3",256,"0x00007fbe84275000",9000,3219604418607784,3219604418608149
"MEMORY_ALLOCATION","MEMORY_ALLOCATION_ALLOCATE","Agent 3",256,"0x00007fbe84276000",9005,3219604418616945,3219604418617527
"MEMORY_ALLOCATION","MEMORY_ALLOCATION_ALLOCATE","Agent 3",256,"0x00007fbe84277000",9010,3219604418626608,3219604418627041
"MEMORY_ALLOCATION","MEMORY_ALLOCATION_ALLOCATE","Agent 3",128,"0x00007fbe84278000",9015,3219604418637542,3219604418637918
"MEMORY_ALLOCATION","MEMORY_ALLOCATION_ALLOCATE","Agent 3",128,"0x00007fbe84279000",9020,3219604418648354,3219604418648799
"MEMORY_ALLOCATION","MEMORY_ALLOCATION_ALLOCATE","Agent 3",256,"0x00007fbe8427a000",9025,3219604418659782,3219604418660261
"MEMORY_ALLOCATION","MEMORY_ALLOCATION_ALLOCATE","Agent 3",128,"0x00007fbe8427b000",9030,3219604418669908,3219604418670368
"MEMORY_ALLOCATION","MEMORY_ALLOCATION_ALLOCATE","Agent 3",256,"0x00007fbe8427c000",9038,3219604418691781,3219604418692195
"MEMORY_ALLOCATION","MEMORY_ALLOCATION_ALLOCATE","Agent 3",256,"0x00007fbe8427d000",9043,3219604418701327,3219604418701832
"MEMORY_ALLOCATION","MEMORY_ALLOCATION_FREE","",0,"0x00007fbe8427c000",9048,3219604418732146,3219604418732612
"MEMORY_ALLOCATION","MEMORY_ALLOCATION_FREE","",0,"0x00007fbe8427b000",9050,3219604418735006,3219604418735425
"MEMORY_ALLOCATION","MEMORY_ALLOCATION_FREE","",0,"0x00007fbe8427a000",9052,3219604418739125,3219604418739395
"MEMORY_ALLOCATION","MEMORY_ALLOCATION_FREE","",0,"0x00007fbe84279000",9054,3219604418741306,3219604418741607
"MEMORY_ALLOCATION","MEMORY_ALLOCATION_FREE","",0,"0x00007fbe84278000",9056,3219604418743679,3219604418743967
"MEMORY_ALLOCATION","MEMORY_ALLOCATION_FREE","",0,"0x00007fbe84277000",9058,3219604418745833,3219604418746248
"MEMORY_ALLOCATION","MEMORY_ALLOCATION_FREE","",0,"0x00007fbe84276000",9060,3219604418748158,3219604418748434
"MEMORY_ALLOCATION","MEMORY_ALLOCATION_ALLOCATE","Agent 3",256,"0x00007fbe8427e000",9062,3219604418750220,3219604418750452
"MEMORY_ALLOCATION","MEMORY_ALLOCATION_ALLOCATE","Agent 3",256,"0x00007fbe84276000",9064,3219604418752699,3219604418752964
"MEMORY_ALLOCATION","MEMORY_ALLOCATION_ALLOCATE","Agent 3",512,"0x00007fbe84277000",9069,3219604418763069,3219604418763403
"MEMORY_ALLOCATION","MEMORY_ALLOCATION_ALLOCATE","Agent 3",512,"0x00007fbe84278000",9074,3219604418774650,3219604418775098
"MEMORY_ALLOCATION","MEMORY_ALLOCATION_ALLOCATE","Agent 3",512,"0x00007fbe84279000",9079,3219604418785214,3219604418785601
"MEMORY_ALLOCATION","MEMORY_ALLOCATION_FREE","",0,"0x00007fbe84278000",9084,3219604418807220,3219604418807543
"MEMORY_ALLOCATION","MEMORY_ALLOCATION_FREE","",0,"0x00007fbe84277000",9086,3219604418809534,3219604418809829
"MEMORY_ALLOCATION","MEMORY_ALLOCATION_ALLOCATE","Agent 3",256,"0x00007fbe84277000",9088,3219604418811909,3219604418812173
"MEMORY_ALLOCATION","MEMORY_ALLOCATION_FREE","",0,"0x00007fbe84279000",9093,3219604418844091,3219604418844441
"MEMORY_ALLOCATION","MEMORY_ALLOCATION_ALLOCATE","Agent 3",256,"0x00007fbe84278000",9095,3219604418846549,3219604418846860
"MEMORY_ALLOCATION","MEMORY_ALLOCATION_FREE","",0,"0x00007fbe84277000",9100,3219604418864712,3219604418865008
"MEMORY_ALLOCATION","MEMORY_ALLOCATION_FREE","",0,"0x00007fbe84276000",9102,3219604418870420,3219604418870665
"MEMORY_ALLOCATION","MEMORY_ALLOCATION_FREE","",0,"0x00007fbe8427e000",9104,3219604418872457,3219604418872641
"MEMORY_ALLOCATION","MEMORY_ALLOCATION_FREE","",0,"0x00007fbe8427d000",9106,3219604418874513,3219604418874866
"MEMORY_ALLOCATION","MEMORY_ALLOCATION_FREE","",0,"0x00007fbe84275000",9108,3219604418876769,3219604418877032
"MEMORY_ALLOCATION","MEMORY_ALLOCATION_ALLOCATE","Agent 3",256,"0x00007fbe84275000",9110,3219604418878907,3219604418879164
"MEMORY_ALLOCATION","MEMORY_ALLOCATION_ALLOCATE","Agent 3",256,"0x00007fbe84276000",9115,3219604418923331,3219604418923860
"MEMORY_ALLOCATION","MEMORY_ALLOCATION_ALLOCATE","Agent 3",128,"0x00007fbe84277000",9120,3219604418950968,3219604418951244
"MEMORY_ALLOCATION","MEMORY_ALLOCATION_ALLOCATE","Agent 3",128,"0x00007fbe84279000",9125,3219604418959702,3219604418960105
"MEMORY_ALLOCATION","MEMORY_ALLOCATION_ALLOCATE","Agent 3",256,"0x00007fbe8427a000",9130,3219604418969186,3219604418969572
"MEMORY_ALLOCATION","MEMORY_ALLOCATION_ALLOCATE","Agent 3",128,"0x00007fbe8427b000",9135,3219604418978738,3219604418979198
"MEMORY_ALLOCATION","MEMORY_ALLOCATION_ALLOCATE","Agent 3",256,"0x00007fbe8427c000",9143,3219604418995583,3219604418996105
"MEMORY_ALLOCATION","MEMORY_ALLOCATION_ALLOCATE","Agent 3",256,"0x00007fbe8427d000",9148,3219604419006095,3219604419006511
"MEMORY_ALLOCATION","MEMORY_ALLOCATION_FREE","",0,"0x00007fbe8427c000",9153,3219604419033944,3219604419034432
"MEMORY_ALLOCATION","MEMORY_ALLOCATION_FREE","",0,"0x00007fbe8427b000",9155,3219604419037018,3219604419037387
"MEMORY_ALLOCATION","MEMORY_ALLOCATION_FREE","",0,"0x00007fbe8427a000",9157,3219604419039989,3219604419040271
"MEMORY_ALLOCATION","MEMORY_ALLOCATION_FREE","",0,"0x00007fbe84279000",9159,3219604419041984,3219604419042367
"MEMORY_ALLOCATION","MEMORY_ALLOCATION_FREE","",0,"0x00007fbe84277000",9161,3219604419044084,3219604419044484
"MEMORY_ALLOCATION","MEMORY_ALLOCATION_FREE","",0,"0x00007fbe84276000",9163,3219604419046601,3219604419046872
"MEMORY_ALLOCATION","MEMORY_ALLOCATION_FREE","",0,"0x00007fbe84275000",9165,3219604419049049,3219604419049278
"MEMORY_ALLOCATION","MEMORY_ALLOCATION_ALLOCATE","Agent 3",256,"0x00007fbe8427e000",9167,3219604419051004,3219604419051241
"MEMORY_ALLOCATION","MEMORY_ALLOCATION_ALLOCATE","Agent 3",256,"0x00007fbe84275000",9169,3219604419054939,3219604419055258
"MEMORY_ALLOCATION","MEMORY_ALLOCATION_ALLOCATE","Agent 3",512,"0x00007fbe84276000",9174,3219604419064361,3219604419064718
"MEMORY_ALLOCATION","MEMORY_ALLOCATION_ALLOCATE","Agent 3",512,"0x00007fbe84277000",9179,3219604419073026,3219604419073335
"MEMORY_ALLOCATION","MEMORY_ALLOCATION_ALLOCATE","Agent 3",512,"0x00007fbe84279000",9184,3219604419081697,3219604419082063
"MEMORY_ALLOCATION","MEMORY_ALLOCATION_FREE","",0,"0x00007fbe84277000",9189,3219604419102524,3219604419102768
"MEMORY_ALLOCATION","MEMORY_ALLOCATION_FREE","",0,"0x00007fbe84276000",9191,3219604419104943,3219604419105237
"MEMORY_ALLOCATION","MEMORY_ALLOCATION_ALLOCATE","Agent 3",256,"0x00007fbe84276000",9193,3219604419107206,3219604419107473
"MEMORY_ALLOCATION","MEMORY_ALLOCATION_FREE","",0,"0x00007fbe84279000",9198,3219604419150503,3219604419150816
"MEMORY_ALLOCATION","MEMORY_ALLOCATION_ALLOCATE","Agent 3",256,"0x00007fbe84277000",9200,3219604419153599,3219604419153817
"MEMORY_ALLOCATION","MEMORY_ALLOCATION_FREE","",0,"0x00007fbe84276000",9205,3219604419171417,3219604419171684
"MEMORY_ALLOCATION","MEMORY_ALLOCATION_FREE","",0,"0x00007fbe84275000",9207,3219604419173768,3219604419174043
"MEMORY_ALLOCATION","MEMORY_ALLOCATION_FREE","",0,"0x00007fbe8427e000",9209,3219604419175880,3219604419176130
"MEMORY_ALLOCATION","MEMORY_ALLOCATION_FREE","",0,"0x00007fbe8427d000",9211,3219604419178154,3219604419178462
"MEMORY_ALLOCATION","MEMORY_ALLOCATION_FREE","",0,"0x00007fbe84278000",9213,3219604419180473,3219604419180728
"MEMORY_ALLOCATION","MEMORY_ALLOCATION_ALLOCATE","Agent 3",256,"0x00007fbe84275000",9215,3219604419182725,3219604419183005
"MEMORY_ALLOCATION","MEMORY_ALLOCATION_FREE","",0,"0x00007fbe84277000",9220,3219604419201362,3219604419201687
"MEMORY_ALLOCATION","MEMORY_ALLOCATION_ALLOCATE","Agent 3",1024,"0x00007fbe84276000",9222,3219604419204349,3219604419204640
"MEMORY_ALLOCATION","MEMORY_ALLOCATION_FREE","",0,"0x00007fbe84275000",9227,3219604419228509,3219604419228839
"MEMORY_ALLOCATION","MEMORY_ALLOCATION_FREE","",0,"0x00007fbe84274000",9229,3219604419231077,3219604419231290
"MEMORY_ALLOCATION","MEMORY_ALLOCATION_FREE","",0,"0x00007fbe84273000",9231,3219604419233272,3219604419233529
"MEMORY_ALLOCATION","MEMORY_ALLOCATION_FREE","",0,"0x00007fbe84272000",9233,3219604419235479,3219604419235762
"MEMORY_ALLOCATION","MEMORY_ALLOCATION_FREE","",0,"0x00007fbe84276000",9237,3219604419253961,3219604419254287
"MEMORY_ALLOCATION","MEMORY_ALLOCATION_ALLOCATE","Agent 3",64,"0x00007fbe84272000",9239,3219604419257441,3219604419257805
"MEMORY_ALLOCATION","MEMORY_ALLOCATION_ALLOCATE","Agent 3",4096,"0x00007fbe84273000",9243,3219604419277820,3219604419278104
"MEMORY_ALLOCATION","MEMORY_ALLOCATION_ALLOCATE","Agent 3",4096,"0x00007fbe84274000",9248,3219604419286261,3219604419286540
"MEMORY_ALLOCATION","MEMORY_ALLOCATION_ALLOCATE","Agent 3",4096,"0x00007fbe84275000",9253,3219604419294700,3219604419295086
"MEMORY_ALLOCATION","MEMORY_ALLOCATION_ALLOCATE","Agent 3",2048,"0x00007fbe84276000",9258,3219604419304673,3219604419305334
"MEMORY_ALLOCATION","MEMORY_ALLOCATION_ALLOCATE","Agent 3",2048,"0x00007fbe84277000",9263,3219604419315639,3219604419316274
"MEMORY_ALLOCATION","MEMORY_ALLOCATION_ALLOCATE","Agent 3",4096,"0x00007fbe84278000",9268,3219604419327694,3219604419328276
"MEMORY_ALLOCATION","MEMORY_ALLOCATION_ALLOCATE","Agent 3",2048,"0x00007fbe84279000",9273,3219604419341914,3219604419342481
"MEMORY_ALLOCATION","MEMORY_ALLOCATION_ALLOCATE","Agent 3",2048,"0x00007fbe8427a000",9278,3219604419353495,3219604419353861
"MEMORY_ALLOCATION","MEMORY_ALLOCATION_ALLOCATE","Agent 3",4096,"0x00007fbe8427b000",9283,3219604419366305,3219604419366755
"MEMORY_ALLOCATION","MEMORY_ALLOCATION_FREE","",0,"0x00007fbe84278000",9288,3219604419390699,3219604419391062
"MEMORY_ALLOCATION","MEMORY_ALLOCATION_ALLOCATE","Agent 3",2048,"0x00007fbe84278000",9290,3219604419394960,3219604419395204
"MEMORY_ALLOCATION","MEMORY_ALLOCATION_FREE","",0,"0x00007fbe84279000",9295,3219604419413922,3219604419414228
"MEMORY_ALLOCATION","MEMORY_ALLOCATION_ALLOCATE","Agent 3",8192,"0x00007fbe8427c000",9297,3219604419416988,3219604419417443
"MEMORY_ALLOCATION","MEMORY_ALLOCATION_ALLOCATE","Agent 3",8192,"0x00007fbe8428b000",9303,3219604419430389,3219604419431009
"MEMORY_ALLOCATION","MEMORY_ALLOCATION_ALLOCATE","Agent 3",4096,"0x00007fbe84279000",9309,3219604419444136,3219604419444480
"MEMORY_ALLOCATION","MEMORY_ALLOCATION_ALLOCATE","Agent 3",4096,"0x00007fbe8427e000",9314,3219604419455993,3219604419456337
"MEMORY_ALLOCATION","MEMORY_ALLOCATION_FREE","",0,"0x00007fbe84279000",9319,3219604419477786,3219604419478089
"MEMORY_ALLOCATION","MEMORY_ALLOCATION_ALLOCATE","Agent 3",4096,"0x00007fbe84279000",9321,3219604419479946,3219604419480178
"MEMORY_ALLOCATION","MEMORY_ALLOCATION_FREE","",0,"0x00007fbe8427e000",9326,3219604419505521,3219604419505879
"MEMORY_ALLOCATION","MEMORY_ALLOCATION_FREE","",0,"0x00007fbe8427a000",9328,3219604419507876,3219604419508132
"MEMORY_ALLOCATION","MEMORY_ALLOCATION_FREE","",0,"0x00007fbe84278000",9330,3219604419510132,3219604419510404
"MEMORY_ALLOCATION","MEMORY_ALLOCATION_FREE","",0,"0x00007fbe8427b000",9332,3219604419512416,3219604419512778
"MEMORY_ALLOCATION","MEMORY_ALLOCATION_FREE","",0,"0x00007fbe84277000",9334,3219604419514732,3219604419515070
"MEMORY_ALLOCATION","MEMORY_ALLOCATION_FREE","",0,"0x00007fbe84276000",9336,3219604419516835,3219604419517159
"MEMORY_ALLOCATION","MEMORY_ALLOCATION_FREE","",0,"0x00007fbe84275000",9338,3219604419518947,3219604419519285
"MEMORY_ALLOCATION","MEMORY_ALLOCATION_ALLOCATE","Agent 3",4096,"0x00007fbe8427e000",9340,3219604419521273,3219604419521547
"MEMORY_ALLOCATION","MEMORY_ALLOCATION_FREE","",0,"0x00007fbe84279000",9345,3219604419540496,3219604419540945
"MEMORY_ALLOCATION","MEMORY_ALLOCATION_FREE","",0,"0x00007fbe84274000",9347,3219604419543310,3219604419543631
"MEMORY_ALLOCATION","MEMORY_ALLOCATION_ALLOCATE","Agent 3",4096,"0x00007fbe84274000",9349,3219604419545827,3219604419546122
"MEMORY_ALLOCATION","MEMORY_ALLOCATION_ALLOCATE","Agent 3",8192,"0x00007fbe84275000",9354,3219604419554798,3219604419555205
"MEMORY_ALLOCATION","MEMORY_ALLOCATION_ALLOCATE","Agent 3",8192,"0x00007fbe84277000",9359,3219604419565006,3219604419565378
"MEMORY_ALLOCATION","MEMORY_ALLOCATION_ALLOCATE","Agent 3",8192,"0x00007fbe84279000",9364,3219604419574072,3219604419574472
"MEMORY_ALLOCATION","MEMORY_ALLOCATION_FREE","",0,"0x00007fbe84277000",9369,3219604419595258,3219604419595549
"MEMORY_ALLOCATION","MEMORY_ALLOCATION_FREE","",0,"0x00007fbe84275000",9371,3219604419597659,3219604419598045
"MEMORY_ALLOCATION","MEMORY_ALLOCATION_ALLOCATE","Agent 3",4096,"0x00007fbe8427b000",9373,3219604419600369,3219604419600579
"MEMORY_ALLOCATION","MEMORY_ALLOCATION_FREE","",0,"0x00007fbe84279000",9378,3219604419632749,3219604419633223
"MEMORY_ALLOCATION","MEMORY_ALLOCATION_ALLOCATE","Agent 3",4096,"0x00007fbe84275000",9380,3219604419635346,3219604419635591
"MEMORY_ALLOCATION","MEMORY_ALLOCATION_FREE","",0,"0x00007fbe8427b000",9385,3219604419653538,3219604419653883
"MEMORY_ALLOCATION","MEMORY_ALLOCATION_FREE","",0,"0x00007fbe84274000",9387,3219604419655938,3219604419656189
"MEMORY_ALLOCATION","MEMORY_ALLOCATION_FREE","",0,"0x00007fbe8427e000",9389,3219604419658184,3219604419658497
"MEMORY_ALLOCATION","MEMORY_ALLOCATION_FREE","",0,"0x00007fbe84273000",9391,3219604419660490,3219604419660881
"MEMORY_ALLOCATION","MEMORY_ALLOCATION_ALLOCATE","Agent 3",4096,"0x00007fbe8427e000",9393,3219604419663039,3219604419663291
"MEMORY_ALLOCATION","MEMORY_ALLOCATION_ALLOCATE","Agent 3",4096,"0x00007fbe84273000",9398,3219604419671586,3219604419671925
"MEMORY_ALLOCATION","MEMORY_ALLOCATION_ALLOCATE","Agent 3",2048,"0x00007fbe84274000",9403,3219604419682672,3219604419682957
"MEMORY_ALLOCATION","MEMORY_ALLOCATION_ALLOCATE","Agent 3",2048,"0x00007fbe84276000",9408,3219604419702812,3219604419703227
"MEMORY_ALLOCATION","MEMORY_ALLOCATION_ALLOCATE","Agent 3",4096,"0x00007fbe84277000",9413,3219604419711132,3219604419711474
"MEMORY_ALLOCATION","MEMORY_ALLOCATION_ALLOCATE","Agent 3",2048,"0x00007fbe84278000",9418,3219604419720763,3219604419721468
"MEMORY_ALLOCATION","MEMORY_ALLOCATION_ALLOCATE","Agent 3",2048,"0x00007fbe84279000",9423,3219604419733240,3219604419733749
"MEMORY_ALLOCATION","MEMORY_ALLOCATION_ALLOCATE","Agent 3",4096,"0x00007fbe8427a000",9428,3219604419743211,3219604419743604
"MEMORY_ALLOCATION","MEMORY_ALLOCATION_FREE","",0,"0x00007fbe84277000",9433,3219604419766027,3219604419766349
"MEMORY_ALLOCATION","MEMORY_ALLOCATION_ALLOCATE","Agent 3",2048,"0x00007fbe8427b000",9435,3219604419769684,3219604419769917
"MEMORY_ALLOCATION","MEMORY_ALLOCATION_FREE","",0,"0x00007fbe84278000",9440,3219604419791641,3219604419792025
"MEMORY_ALLOCATION","MEMORY_ALLOCATION_ALLOCATE","Agent 3",8192,"0x00007fbe84277000",9442,3219604419794357,3219604419794582
"MEMORY_ALLOCATION","MEMORY_ALLOCATION_ALLOCATE","Agent 3",8192,"0x00007fbe8428d000",9448,3219604419806910,3219604419808636
"MEMORY_ALLOCATION","MEMORY_ALLOCATION_ALLOCATE","Agent 3",4096,"0x00007fbe8428f000",9454,3219604419827987,3219604419828467
"MEMORY_ALLOCATION","MEMORY_ALLOCATION_ALLOCATE","Agent 3",4096,"0x00007fbe84290000",9459,3219604419898617,3219604419899456
"MEMORY_ALLOCATION","MEMORY_ALLOCATION_FREE","",0,"0x00007fbe8428f000",9464,3219604419929755,3219604419930163
"MEMORY_ALLOCATION","MEMORY_ALLOCATION_ALLOCATE","Agent 3",4096,"0x00007fbe8428f000",9466,3219604419932344,3219604419932550
"MEMORY_ALLOCATION","MEMORY_ALLOCATION_FREE","",0,"0x00007fbe84290000",9471,3219604419957588,3219604419958049
"MEMORY_ALLOCATION","MEMORY_ALLOCATION_FREE","",0,"0x00007fbe84279000",9473,3219604419960376,3219604419960680
"MEMORY_ALLOCATION","MEMORY_ALLOCATION_FREE","",0,"0x00007fbe8427b000",9475,3219604419962906,3219604419963339
"MEMORY_ALLOCATION","MEMORY_ALLOCATION_FREE","",0,"0x00007fbe8427a000",9477,3219604419965773,3219604419966122
"MEMORY_ALLOCATION","MEMORY_ALLOCATION_FREE","",0,"0x00007fbe84276000",9479,3219604419968431,3219604419968757
"MEMORY_ALLOCATION","MEMORY_ALLOCATION_FREE","",0,"0x00007fbe84274000",9481,3219604419970878,3219604419971221
"MEMORY_ALLOCATION","MEMORY_ALLOCATION_FREE","",0,"0x00007fbe84273000",9483,3219604419973378,3219604419973693
"MEMORY_ALLOCATION","MEMORY_ALLOCATION_ALLOCATE","Agent 3",4096,"0x00007fbe84276000",9485,3219604419975496,3219604419975728
"MEMORY_ALLOCATION","MEMORY_ALLOCATION_FREE","",0,"0x00007fbe8428f000",9490,3219604419994314,3219604419994655
"MEMORY_ALLOCATION","MEMORY_ALLOCATION_FREE","",0,"0x00007fbe8427e000",9492,3219604419997087,3219604419997328
"MEMORY_ALLOCATION","MEMORY_ALLOCATION_ALLOCATE","Agent 3",4096,"0x00007fbe8427e000",9494,3219604420008580,3219604420009050
"MEMORY_ALLOCATION","MEMORY_ALLOCATION_ALLOCATE","Agent 3",8192,"0x00007fbe84273000",9499,3219604420018797,3219604420019067
"MEMORY_ALLOCATION","MEMORY_ALLOCATION_ALLOCATE","Agent 3",8192,"0x00007fbe84279000",9504,3219604420027480,3219604420027810
"MEMORY_ALLOCATION","MEMORY_ALLOCATION_ALLOCATE","Agent 3",8192,"0x00007fbe8428f000",9509,3219604420035571,3219604420036044
"MEMORY_ALLOCATION","MEMORY_ALLOCATION_FREE","",0,"0x00007fbe84279000",9514,3219604420057254,3219604420057695
"MEMORY_ALLOCATION","MEMORY_ALLOCATION_FREE","",0,"0x00007fbe84273000",9516,3219604420060051,3219604420060307
"MEMORY_ALLOCATION","MEMORY_ALLOCATION_ALLOCATE","Agent 3",4096,"0x00007fbe84273000",9518,3219604420062190,3219604420062491
"MEMORY_ALLOCATION","MEMORY_ALLOCATION_FREE","",0,"0x00007fbe8428f000",9523,3219604420094167,3219604420094552
"MEMORY_ALLOCATION","MEMORY_ALLOCATION_ALLOCATE","Agent 3",4096,"0x00007fbe84274000",9525,3219604420096943,3219604420097159
"MEMORY_ALLOCATION","MEMORY_ALLOCATION_FREE","",0,"0x00007fbe84273000",9530,3219604420115937,3219604420116252
"MEMORY_ALLOCATION","MEMORY_ALLOCATION_FREE","",0,"0x00007fbe8427e000",9532,3219604420118461,3219604420118691
"MEMORY_ALLOCATION","MEMORY_ALLOCATION_FREE","",0,"0x00007fbe84276000",9534,3219604420120508,3219604420120825
"MEMORY_ALLOCATION","MEMORY_ALLOCATION_FREE","",0,"0x00007fbe84275000",9536,3219604420122550,3219604420122914
"MEMORY_ALLOCATION","MEMORY_ALLOCATION_ALLOCATE","Agent 3",4096,"0x00007fbe84273000",9538,3219604420125010,3219604420125237
"MEMORY_ALLOCATION","MEMORY_ALLOCATION_FREE","",0,"0x00007fbe84274000",9543,3219604420143990,3219604420144429
"MEMORY_ALLOCATION","MEMORY_ALLOCATION_ALLOCATE","Agent 3",1024,"0x00007fbe8427e000",9545,3219604420147136,3219604420147343
"MEMORY_ALLOCATION","MEMORY_ALLOCATION_FREE","",0,"0x00007fbe84273000",9550,3219604420172577,3219604420173143
"MEMORY_ALLOCATION","MEMORY_ALLOCATION_FREE","",0,"0x00007fbe84272000",9552,3219604420175351,3219604420175717
"MEMORY_ALLOCATION","MEMORY_ALLOCATION_FREE","",0,"0x00007fbe8428b000",9570,3219604420235319,3219604420235656
"MEMORY_ALLOCATION","MEMORY_ALLOCATION_FREE","",0,"0x00007fbe8427c000",9572,3219604420237830,3219604420238240
"MEMORY_ALLOCATION","MEMORY_ALLOCATION_FREE","",0,"0x00007fbe8428d000",9574,3219604420240488,3219604420241025
"MEMORY_ALLOCATION","MEMORY_ALLOCATION_FREE","",0,"0x00007fbe84277000",9576,3219604420242922,3219604420243340
"MEMORY_ALLOCATION","MEMORY_ALLOCATION_FREE","",0,"0x00007fbe8427e000",9580,3219604420262304,3219604420262662
"MEMORY_ALLOCATION","MEMORY_ALLOCATION_ALLOCATE","Agent 3",8,"0x00007fbe84272000",9582,3219604420265235,3219604420265509
"MEMORY_ALLOCATION","MEMORY_ALLOCATION_FREE","",0,"0x00007fbe84272000",9589,3219604420313335,3219604420313682
"MEMORY_ALLOCATION","MEMORY_ALLOCATION_ALLOCATE","Agent 3",8,"0x00007fbe84272000",9591,3219604420316685,3219604420316902
"MEMORY_ALLOCATION","MEMORY_ALLOCATION_ALLOCATE","Agent 3",8,"0x00007fbe84273000",9595,3219604420337874,3219604420338348
"MEMORY_ALLOCATION","MEMORY_ALLOCATION_ALLOCATE","Agent 3",8,"0x00007fbe84274000",9599,3219604420359058,3219604420359448
"MEMORY_ALLOCATION","MEMORY_ALLOCATION_ALLOCATE","Agent 3",512,"0x00007fbe84275000",9603,3219604420381867,3219604420382560
"MEMORY_ALLOCATION","MEMORY_ALLOCATION_ALLOCATE","Agent 3",512,"0x00007fbe84276000",9608,3219604420393546,3219604420394190
"MEMORY_ALLOCATION","MEMORY_ALLOCATION_ALLOCATE","Agent 3",512,"0x00007fbe84277000",9613,3219604420405561,3219604420406204
"MEMORY_ALLOCATION","MEMORY_ALLOCATION_ALLOCATE","Agent 3",256,"0x00007fbe84278000",9618,3219604420418886,3219604420419331
"MEMORY_ALLOCATION","MEMORY_ALLOCATION_ALLOCATE","Agent 3",256,"0x00007fbe84279000",9623,3219604420431810,3219604420432195
"MEMORY_ALLOCATION","MEMORY_ALLOCATION_ALLOCATE","Agent 3",512,"0x00007fbe8427a000",9628,3219604420441484,3219604420441760
"MEMORY_ALLOCATION","MEMORY_ALLOCATION_ALLOCATE","Agent 3",256,"0x00007fbe8427b000",9633,3219604420450766,3219604420451201
"MEMORY_ALLOCATION","MEMORY_ALLOCATION_ALLOCATE","Agent 3",512,"0x00007fbe8427c000",9641,3219604420469079,3219604420469566
"MEMORY_ALLOCATION","MEMORY_ALLOCATION_ALLOCATE","Agent 3",512,"0x00007fbe8427d000",9646,3219604420478582,3219604420479049
"MEMORY_ALLOCATION","MEMORY_ALLOCATION_FREE","",0,"0x00007fbe8427c000",9651,3219604420507752,3219604420508078
"MEMORY_ALLOCATION","MEMORY_ALLOCATION_FREE","",0,"0x00007fbe8427b000",9653,3219604420510507,3219604420510829
"MEMORY_ALLOCATION","MEMORY_ALLOCATION_FREE","",0,"0x00007fbe8427a000",9655,3219604420514613,3219604420514871
"MEMORY_ALLOCATION","MEMORY_ALLOCATION_FREE","",0,"0x00007fbe84279000",9657,3219604420516723,3219604420516974
"MEMORY_ALLOCATION","MEMORY_ALLOCATION_FREE","",0,"0x00007fbe84278000",9659,3219604420518826,3219604420519104
"MEMORY_ALLOCATION","MEMORY_ALLOCATION_FREE","",0,"0x00007fbe84277000",9661,3219604420520956,3219604420521248
"MEMORY_ALLOCATION","MEMORY_ALLOCATION_FREE","",0,"0x00007fbe84276000",9663,3219604420523385,3219604420523672
"MEMORY_ALLOCATION","MEMORY_ALLOCATION_ALLOCATE","Agent 3",512,"0x00007fbe8427e000",9665,3219604420526034,3219604420526232
"MEMORY_ALLOCATION","MEMORY_ALLOCATION_ALLOCATE","Agent 3",512,"0x00007fbe84276000",9667,3219604420528415,3219604420528645
"MEMORY_ALLOCATION","MEMORY_ALLOCATION_ALLOCATE","Agent 3",1024,"0x00007fbe84277000",9672,3219604420538371,3219604420538671
"MEMORY_ALLOCATION","MEMORY_ALLOCATION_ALLOCATE","Agent 3",1024,"0x00007fbe84278000",9677,3219604420547761,3219604420548194
"MEMORY_ALLOCATION","MEMORY_ALLOCATION_ALLOCATE","Agent 3",1024,"0x00007fbe84279000",9682,3219604420556844,3219604420557179
"MEMORY_ALLOCATION","MEMORY_ALLOCATION_FREE","",0,"0x00007fbe84278000",9687,3219604420577541,3219604420577821
"MEMORY_ALLOCATION","MEMORY_ALLOCATION_FREE","",0,"0x00007fbe84277000",9689,3219604420580034,3219604420580319
"MEMORY_ALLOCATION","MEMORY_ALLOCATION_ALLOCATE","Agent 3",512,"0x00007fbe84277000",9691,3219604420582085,3219604420582348
"MEMORY_ALLOCATION","MEMORY_ALLOCATION_FREE","",0,"0x00007fbe84279000",9696,3219604420614376,3219604420614795
"MEMORY_ALLOCATION","MEMORY_ALLOCATION_ALLOCATE","Agent 3",512,"0x00007fbe84278000",9698,3219604420617163,3219604420617459
"MEMORY_ALLOCATION","MEMORY_ALLOCATION_FREE","",0,"0x00007fbe84277000",9703,3219604420634868,3219604420635159
"MEMORY_ALLOCATION","MEMORY_ALLOCATION_FREE","",0,"0x00007fbe84276000",9705,3219604420637265,3219604420637502
"MEMORY_ALLOCATION","MEMORY_ALLOCATION_FREE","",0,"0x00007fbe8427e000",9707,3219604420639428,3219604420639635
"MEMORY_ALLOCATION","MEMORY_ALLOCATION_FREE","",0,"0x00007fbe8427d000",9709,3219604420641647,3219604420642031
"MEMORY_ALLOCATION","MEMORY_ALLOCATION_FREE","",0,"0x00007fbe84275000",9711,3219604420643951,3219604420644272
"MEMORY_ALLOCATION","MEMORY_ALLOCATION_ALLOCATE","Agent 3",512,"0x00007fbe84275000",9713,3219604420646287,3219604420646474
"MEMORY_ALLOCATION","MEMORY_ALLOCATION_ALLOCATE","Agent 3",512,"0x00007fbe84276000",9718,3219604420655433,3219604420655797
"MEMORY_ALLOCATION","MEMORY_ALLOCATION_ALLOCATE","Agent 3",256,"0x00007fbe84277000",9723,3219604420664048,3219604420664344
"MEMORY_ALLOCATION","MEMORY_ALLOCATION_ALLOCATE","Agent 3",256,"0x00007fbe84279000",9728,3219604420672582,3219604420672924
"MEMORY_ALLOCATION","MEMORY_ALLOCATION_ALLOCATE","Agent 3",512,"0x00007fbe8427a000",9733,3219604420688073,3219604420688498
"MEMORY_ALLOCATION","MEMORY_ALLOCATION_ALLOCATE","Agent 3",256,"0x00007fbe8427b000",9738,3219604420696606,3219604420696919
"MEMORY_ALLOCATION","MEMORY_ALLOCATION_ALLOCATE","Agent 3",512,"0x00007fbe8427c000",9746,3219604420713663,3219604420714072
"MEMORY_ALLOCATION","MEMORY_ALLOCATION_ALLOCATE","Agent 3",512,"0x00007fbe8427d000",9751,3219604420723865,3219604420724368
"MEMORY_ALLOCATION","MEMORY_ALLOCATION_FREE","",0,"0x00007fbe8427c000",9756,3219604420753481,3219604420753784
"MEMORY_ALLOCATION","MEMORY_ALLOCATION_FREE","",0,"0x00007fbe8427b000",9758,3219604420756064,3219604420756297
"MEMORY_ALLOCATION","MEMORY_ALLOCATION_FREE","",0,"0x00007fbe8427a000",9760,3219604420759642,3219604420759917
"MEMORY_ALLOCATION","MEMORY_ALLOCATION_FREE","",0,"0x00007fbe84279000",9762,3219604420761662,3219604420761914
"MEMORY_ALLOCATION","MEMORY_ALLOCATION_FREE","",0,"0x00007fbe84277000",9764,3219604420763746,3219604420763986
"MEMORY_ALLOCATION","MEMORY_ALLOCATION_FREE","",0,"0x00007fbe84276000",9766,3219604420765767,3219604420766038
"MEMORY_ALLOCATION","MEMORY_ALLOCATION_FREE","",0,"0x00007fbe84275000",9768,3219604420767800,3219604420768026
"MEMORY_ALLOCATION","MEMORY_ALLOCATION_ALLOCATE","Agent 3",512,"0x00007fbe8427e000",9770,3219604420769954,3219604420770208
"MEMORY_ALLOCATION","MEMORY_ALLOCATION_ALLOCATE","Agent 3",512,"0x00007fbe84275000",9772,3219604420772326,3219604420772557
"MEMORY_ALLOCATION","MEMORY_ALLOCATION_ALLOCATE","Agent 3",1024,"0x00007fbe84276000",9777,3219604420781934,3219604420782290
"MEMORY_ALLOCATION","MEMORY_ALLOCATION_ALLOCATE","Agent 3",1024,"0x00007fbe84277000",9782,3219604420794107,3219604420794436
"MEMORY_ALLOCATION","MEMORY_ALLOCATION_ALLOCATE","Agent 3",1024,"0x00007fbe84279000",9787,3219604420815509,3219604420815919
"MEMORY_ALLOCATION","MEMORY_ALLOCATION_FREE","",0,"0x00007fbe84277000",9792,3219604420836220,3219604420836466
"MEMORY_ALLOCATION","MEMORY_ALLOCATION_FREE","",0,"0x00007fbe84276000",9794,3219604420838694,3219604420839013
"MEMORY_ALLOCATION","MEMORY_ALLOCATION_ALLOCATE","Agent 3",512,"0x00007fbe84276000",9796,3219604420840939,3219604420841229
"MEMORY_ALLOCATION","MEMORY_ALLOCATION_FREE","",0,"0x00007fbe84279000",9801,3219604420872683,3219604420872985
"MEMORY_ALLOCATION","MEMORY_ALLOCATION_ALLOCATE","Agent 3",512,"0x00007fbe84277000",9803,3219604420899972,3219604420900591
"MEMORY_ALLOCATION","MEMORY_ALLOCATION_FREE","",0,"0x00007fbe84276000",9808,3219604420938065,3219604420938456
"MEMORY_ALLOCATION","MEMORY_ALLOCATION_FREE","",0,"0x00007fbe84275000",9810,3219604420940838,3219604420941165
"MEMORY_ALLOCATION","MEMORY_ALLOCATION_FREE","",0,"0x00007fbe8427e000",9812,3219604420942996,3219604420943244
"MEMORY_ALLOCATION","MEMORY_ALLOCATION_FREE","",0,"0x00007fbe8427d000",9814,3219604420945310,3219604420945689
"MEMORY_ALLOCATION","MEMORY_ALLOCATION_FREE","",0,"0x00007fbe84278000",9816,3219604420947912,3219604420948138
"MEMORY_ALLOCATION","MEMORY_ALLOCATION_ALLOCATE","Agent 3",512,"0x00007fbe84275000",9818,3219604420950386,3219604420950657
"MEMORY_ALLOCATION","MEMORY_ALLOCATION_FREE","",0,"0x00007fbe84277000",9823,3219604420968752,3219604420969083
"MEMORY_ALLOCATION","MEMORY_ALLOCATION_ALLOCATE","Agent 3",2048,"0x00007fbe84276000",9825,3219604420971543,3219604420971806
"MEMORY_ALLOCATION","MEMORY_ALLOCATION_FREE","",0,"0x00007fbe84275000",9830,3219604420996475,3219604420996775
"MEMORY_ALLOCATION","MEMORY_ALLOCATION_FREE","",0,"0x00007fbe84274000",9832,3219604420999238,3219604420999489
"MEMORY_ALLOCATION","MEMORY_ALLOCATION_FREE","",0,"0x00007fbe84273000",9834,3219604421001668,3219604421001902
"MEMORY_ALLOCATION","MEMORY_ALLOCATION_FREE","",0,"0x00007fbe84272000",9836,3219604421003956,3219604421004231
"MEMORY_ALLOCATION","MEMORY_ALLOCATION_FREE","",0,"0x00007fbe84276000",9842,3219604421028338,3219604421028691
"MEMORY_ALLOCATION","MEMORY_ALLOCATION_ALLOCATE","Agent 3",8,"0x00007fbe84272000",9844,3219604421031789,3219604421032055
"MEMORY_ALLOCATION","MEMORY_ALLOCATION_FREE","",0,"0x00007fbe84272000",9851,3219604421069895,3219604421070234
"MEMORY_ALLOCATION","MEMORY_ALLOCATION_ALLOCATE","Agent 3",8,"0x00007fbe84272000",9853,3219604421072801,3219604421073004
"MEMORY_ALLOCATION","MEMORY_ALLOCATION_ALLOCATE","Agent 3",8,"0x00007fbe84273000",9857,3219604421094693,3219604421095010
"MEMORY_ALLOCATION","MEMORY_ALLOCATION_ALLOCATE","Agent 3",8,"0x00007fbe84274000",9861,3219604421118257,3219604421118855
"MEMORY_ALLOCATION","MEMORY_ALLOCATION_ALLOCATE","Agent 3",512,"0x00007fbe84275000",9865,3219604421140796,3219604421141194
"MEMORY_ALLOCATION","MEMORY_ALLOCATION_ALLOCATE","Agent 3",512,"0x00007fbe84276000",9870,3219604421150083,3219604421150422
"MEMORY_ALLOCATION","MEMORY_ALLOCATION_ALLOCATE","Agent 3",512,"0x00007fbe84277000",9875,3219604421160228,3219604421160560
"MEMORY_ALLOCATION","MEMORY_ALLOCATION_ALLOCATE","Agent 3",256,"0x00007fbe84278000",9880,3219604421169625,3219604421169990
"MEMORY_ALLOCATION","MEMORY_ALLOCATION_ALLOCATE","Agent 3",256,"0x00007fbe84279000",9885,3219604421178848,3219604421179197
"MEMORY_ALLOCATION","MEMORY_ALLOCATION_ALLOCATE","Agent 3",512,"0x00007fbe8427a000",9890,3219604421188939,3219604421189349
"MEMORY_ALLOCATION","MEMORY_ALLOCATION_ALLOCATE","Agent 3",256,"0x00007fbe8427b000",9895,3219604421202679,3219604421203082
"MEMORY_ALLOCATION","MEMORY_ALLOCATION_ALLOCATE","Agent 3",512,"0x00007fbe8427c000",9903,3219604421217882,3219604421218241
"MEMORY_ALLOCATION","MEMORY_ALLOCATION_ALLOCATE","Agent 3",512,"0x00007fbe8427d000",9908,3219604421228782,3219604421229258
"MEMORY_ALLOCATION","MEMORY_ALLOCATION_FREE","",0,"0x00007fbe8427c000",9913,3219604421259409,3219604421259837
"MEMORY_ALLOCATION","MEMORY_ALLOCATION_FREE","",0,"0x00007fbe8427b000",9915,3219604421262231,3219604421262473
"MEMORY_ALLOCATION","MEMORY_ALLOCATION_FREE","",0,"0x00007fbe8427a000",9917,3219604421264630,3219604421264896
"MEMORY_ALLOCATION","MEMORY_ALLOCATION_FREE","",0,"0x00007fbe84279000",9919,3219604421266840,3219604421267098
"MEMORY_ALLOCATION","MEMORY_ALLOCATION_FREE","",0,"0x00007fbe84278000",9921,3219604421268981,3219604421269375
"MEMORY_ALLOCATION","MEMORY_ALLOCATION_FREE","",0,"0x00007fbe84277000",9923,3219604421271184,3219604421271468
"MEMORY_ALLOCATION","MEMORY_ALLOCATION_FREE","",0,"0x00007fbe84276000",9925,3219604421273314,3219604421273599
"MEMORY_ALLOCATION","MEMORY_ALLOCATION_ALLOCATE","Agent 3",512,"0x00007fbe8427e000",9927,3219604421275360,3219604421275566
"MEMORY_ALLOCATION","MEMORY_ALLOCATION_ALLOCATE","Agent 3",512,"0x00007fbe84276000",9929,3219604421279372,3219604421279596
"MEMORY_ALLOCATION","MEMORY_ALLOCATION_ALLOCATE","Agent 3",1024,"0x00007fbe84277000",9934,3219604421288613,3219604421288888
"MEMORY_ALLOCATION","MEMORY_ALLOCATION_ALLOCATE","Agent 3",1024,"0x00007fbe84278000",9939,3219604421297294,3219604421297700
"MEMORY_ALLOCATION","MEMORY_ALLOCATION_ALLOCATE","Agent 3",1024,"0x00007fbe84279000",9944,3219604421305481,3219604421305864
"MEMORY_ALLOCATION","MEMORY_ALLOCATION_FREE","",0,"0x00007fbe84278000",9949,3219604421326181,3219604421326469
"MEMORY_ALLOCATION","MEMORY_ALLOCATION_FREE","",0,"0x00007fbe84277000",9951,3219604421328595,3219604421328834
"MEMORY_ALLOCATION","MEMORY_ALLOCATION_ALLOCATE","Agent 3",512,"0x00007fbe84277000",9953,3219604421331030,3219604421331286
"MEMORY_ALLOCATION","MEMORY_ALLOCATION_FREE","",0,"0x00007fbe84279000",9958,3219604421362884,3219604421363306
"MEMORY_ALLOCATION","MEMORY_ALLOCATION_ALLOCATE","Agent 3",512,"0x00007fbe84278000",9960,3219604421365474,3219604421365737
"MEMORY_ALLOCATION","MEMORY_ALLOCATION_FREE","",0,"0x00007fbe84277000",9965,3219604421383034,3219604421383421
"MEMORY_ALLOCATION","MEMORY_ALLOCATION_FREE","",0,"0x00007fbe84276000",9967,3219604421385445,3219604421385752
"MEMORY_ALLOCATION","MEMORY_ALLOCATION_FREE","",0,"0x00007fbe8427e000",9969,3219604421387519,3219604421387733
"MEMORY_ALLOCATION","MEMORY_ALLOCATION_FREE","",0,"0x00007fbe8427d000",9971,3219604421389681,3219604421390037
"MEMORY_ALLOCATION","MEMORY_ALLOCATION_FREE","",0,"0x00007fbe84275000",9973,3219604421392041,3219604421392268
"MEMORY_ALLOCATION","MEMORY_ALLOCATION_ALLOCATE","Agent 3",512,"0x00007fbe84275000",9975,3219604421394215,3219604421394474
"MEMORY_ALLOCATION","MEMORY_ALLOCATION_ALLOCATE","Agent 3",512,"0x00007fbe84276000",9980,3219604421402667,3219604421403034
"MEMORY_ALLOCATION","MEMORY_ALLOCATION_ALLOCATE","Agent 3",256,"0x00007fbe84277000",9985,3219604421411127,3219604421411387
"MEMORY_ALLOCATION","MEMORY_ALLOCATION_ALLOCATE","Agent 3",256,"0x00007fbe84279000",9990,3219604421419369,3219604421419737
"MEMORY_ALLOCATION","MEMORY_ALLOCATION_ALLOCATE","Agent 3",512,"0x00007fbe8427a000",9995,3219604421439620,3219604421440127
"MEMORY_ALLOCATION","MEMORY_ALLOCATION_ALLOCATE","Agent 3",256,"0x00007fbe8427b000",10000,3219604421448728,3219604421449074
"MEMORY_ALLOCATION","MEMORY_ALLOCATION_ALLOCATE","Agent 3",512,"0x00007fbe8427c000",10008,3219604421465240,3219604421465706
"MEMORY_ALLOCATION","MEMORY_ALLOCATION_ALLOCATE","Agent 3",512,"0x00007fbe8427d000",10013,3219604421475126,3219604421475767
"MEMORY_ALLOCATION","MEMORY_ALLOCATION_FREE","",0,"0x00007fbe8427c000",10018,3219604421505258,3219604421505534
"MEMORY_ALLOCATION","MEMORY_ALLOCATION_FREE","",0,"0x00007fbe8427b000",10020,3219604421507831,3219604421508062
"MEMORY_ALLOCATION","MEMORY_ALLOCATION_FREE","",0,"0x00007fbe8427a000",10022,3219604421511239,3219604421511485
"MEMORY_ALLOCATION","MEMORY_ALLOCATION_FREE","",0,"0x00007fbe84279000",10024,3219604421513218,3219604421513447
"MEMORY_ALLOCATION","MEMORY_ALLOCATION_FREE","",0,"0x00007fbe84277000",10026,3219604421515184,3219604421515426
"MEMORY_ALLOCATION","MEMORY_ALLOCATION_FREE","",0,"0x00007fbe84276000",10028,3219604421517197,3219604421517446
"MEMORY_ALLOCATION","MEMORY_ALLOCATION_FREE","",0,"0x00007fbe84275000",10030,3219604421519299,3219604421519561
"MEMORY_ALLOCATION","MEMORY_ALLOCATION_ALLOCATE","Agent 3",512,"0x00007fbe8427e000",10032,3219604421521396,3219604421521619
"MEMORY_ALLOCATION","MEMORY_ALLOCATION_ALLOCATE","Agent 3",512,"0x00007fbe84275000",10034,3219604421523824,3219604421524034
"MEMORY_ALLOCATION","MEMORY_ALLOCATION_ALLOCATE","Agent 3",1024,"0x00007fbe84276000",10039,3219604421533192,3219604421533545
"MEMORY_ALLOCATION","MEMORY_ALLOCATION_ALLOCATE","Agent 3",1024,"0x00007fbe84277000",10044,3219604421541832,3219604421542153
"MEMORY_ALLOCATION","MEMORY_ALLOCATION_ALLOCATE","Agent 3",1024,"0x00007fbe84279000",10049,3219604421550705,3219604421551119
"MEMORY_ALLOCATION","MEMORY_ALLOCATION_FREE","",0,"0x00007fbe84277000",10054,3219604421571815,3219604421572051
"MEMORY_ALLOCATION","MEMORY_ALLOCATION_FREE","",0,"0x00007fbe84276000",10056,3219604421573992,3219604421574261
"MEMORY_ALLOCATION","MEMORY_ALLOCATION_ALLOCATE","Agent 3",512,"0x00007fbe84276000",10058,3219604421576609,3219604421576855
"MEMORY_ALLOCATION","MEMORY_ALLOCATION_FREE","",0,"0x00007fbe84279000",10063,3219604421608737,3219604421609005
"MEMORY_ALLOCATION","MEMORY_ALLOCATION_ALLOCATE","Agent 3",512,"0x00007fbe84277000",10065,3219604421611105,3219604421611302
"MEMORY_ALLOCATION","MEMORY_ALLOCATION_FREE","",0,"0x00007fbe84276000",10070,3219604421628754,3219604421629026
"MEMORY_ALLOCATION","MEMORY_ALLOCATION_FREE","",0,"0x00007fbe84275000",10072,3219604421631093,3219604421631409
"MEMORY_ALLOCATION","MEMORY_ALLOCATION_FREE","",0,"0x00007fbe8427e000",10074,3219604421633385,3219604421633631
"MEMORY_ALLOCATION","MEMORY_ALLOCATION_FREE","",0,"0x00007fbe8427d000",10076,3219604421635504,3219604421635802
"MEMORY_ALLOCATION","MEMORY_ALLOCATION_FREE","",0,"0x00007fbe84278000",10078,3219604421637632,3219604421637871
"MEMORY_ALLOCATION","MEMORY_ALLOCATION_ALLOCATE","Agent 3",512,"0x00007fbe84275000",10080,3219604421639736,3219604421640006
"MEMORY_ALLOCATION","MEMORY_ALLOCATION_FREE","",0,"0x00007fbe84277000",10085,3219604421658598,3219604421658961
"MEMORY_ALLOCATION","MEMORY_ALLOCATION_ALLOCATE","Agent 3",2048,"0x00007fbe84276000",10087,3219604421661422,3219604421661702
"MEMORY_ALLOCATION","MEMORY_ALLOCATION_FREE","",0,"0x00007fbe84275000",10092,3219604421686834,3219604421687118
"MEMORY_ALLOCATION","MEMORY_ALLOCATION_FREE","",0,"0x00007fbe84274000",10094,3219604421689181,3219604421689418
"MEMORY_ALLOCATION","MEMORY_ALLOCATION_FREE","",0,"0x00007fbe84273000",10096,3219604421691254,3219604421691511
"MEMORY_ALLOCATION","MEMORY_ALLOCATION_FREE","",0,"0x00007fbe84272000",10098,3219604421693377,3219604421693624
"MEMORY_ALLOCATION","MEMORY_ALLOCATION_FREE","",0,"0x00007fbe84276000",10104,3219604421717875,3219604421718205
"MEMORY_ALLOCATION","MEMORY_ALLOCATION_ALLOCATE","Agent 3",8,"0x00007fbe84272000",10106,3219604421720564,3219604421720812
"MEMORY_ALLOCATION","MEMORY_ALLOCATION_FREE","",0,"0x00007fbe84272000",10113,3219604421757562,3219604421757864
"MEMORY_ALLOCATION","MEMORY_ALLOCATION_ALLOCATE","Agent 3",4,"0x00007fbe84272000",10127,3219604421788255,3219604421788661
"MEMORY_ALLOCATION","MEMORY_ALLOCATION_ALLOCATE","Agent 3",4,"0x00007fbe84273000",10131,3219604421812795,3219604421813127
"MEMORY_ALLOCATION","MEMORY_ALLOCATION_ALLOCATE","Agent 3",4,"0x00007fbe84274000",10135,3219604421833234,3219604421833658
"MEMORY_ALLOCATION","MEMORY_ALLOCATION_ALLOCATE","Agent 3",256,"0x00007fbe84275000",10139,3219604421854363,3219604421854937
"MEMORY_ALLOCATION","MEMORY_ALLOCATION_ALLOCATE","Agent 3",256,"0x00007fbe84276000",10144,3219604421863370,3219604421863685
"MEMORY_ALLOCATION","MEMORY_ALLOCATION_ALLOCATE","Agent 3",256,"0x00007fbe84277000",10149,3219604421884407,3219604421884919
"MEMORY_ALLOCATION","MEMORY_ALLOCATION_ALLOCATE","Agent 3",128,"0x00007fbe84278000",10154,3219604421897046,3219604421897398
"MEMORY_ALLOCATION","MEMORY_ALLOCATION_ALLOCATE","Agent 3",128,"0x00007fbe84279000",10159,3219604421945967,3219604421946992
"MEMORY_ALLOCATION","MEMORY_ALLOCATION_ALLOCATE","Agent 3",256,"0x00007fbe8427a000",10164,3219604421974872,3219604421975264
"MEMORY_ALLOCATION","MEMORY_ALLOCATION_ALLOCATE","Agent 3",128,"0x00007fbe8427b000",10169,3219604421987388,3219604421988157
"MEMORY_ALLOCATION","MEMORY_ALLOCATION_ALLOCATE","Agent 3",256,"0x00007fbe8427c000",10177,3219604422015602,3219604422017513
"MEMORY_ALLOCATION","MEMORY_ALLOCATION_ALLOCATE","Agent 3",256,"0x00007fbe8427d000",10182,3219604422028139,3219604422028605
"MEMORY_ALLOCATION","MEMORY_ALLOCATION_FREE","",0,"0x00007fbe8427c000",10187,3219604422060220,3219604422060793
"MEMORY_ALLOCATION","MEMORY_ALLOCATION_FREE","",0,"0x00007fbe8427b000",10189,3219604422063299,3219604422063569
"MEMORY_ALLOCATION","MEMORY_ALLOCATION_FREE","",0,"0x00007fbe8427a000",10191,3219604422066206,3219604422066579
"MEMORY_ALLOCATION","MEMORY_ALLOCATION_FREE","",0,"0x00007fbe84279000",10193,3219604422068510,3219604422068796
"MEMORY_ALLOCATION","MEMORY_ALLOCATION_FREE","",0,"0x00007fbe84278000",10195,3219604422070750,3219604422071073
"MEMORY_ALLOCATION","MEMORY_ALLOCATION_FREE","",0,"0x00007fbe84277000",10197,3219604422072993,3219604422073290
"MEMORY_ALLOCATION","MEMORY_ALLOCATION_FREE","",0,"0x00007fbe84276000",10199,3219604422077156,3219604422077410
"MEMORY_ALLOCATION","MEMORY_ALLOCATION_ALLOCATE","Agent 3",256,"0x00007fbe8427e000",10201,3219604422079658,3219604422079857
"MEMORY_ALLOCATION","MEMORY_ALLOCATION_ALLOCATE","Agent 3",256,"0x00007fbe84276000",10203,3219604422083843,3219604422084153
"MEMORY_ALLOCATION","MEMORY_ALLOCATION_ALLOCATE","Agent 3",512,"0x00007fbe84277000",10208,3219604422094336,3219604422094680
"MEMORY_ALLOCATION","MEMORY_ALLOCATION_ALLOCATE","Agent 3",512,"0x00007fbe84278000",10213,3219604422140895,3219604422141381
"MEMORY_ALLOCATION","MEMORY_ALLOCATION_ALLOCATE","Agent 3",512,"0x00007fbe84279000",10218,3219604422255695,3219604422256286
"MEMORY_ALLOCATION","MEMORY_ALLOCATION_FREE","",0,"0x00007fbe84278000",10223,3219604422275811,3219604422276156
"MEMORY_ALLOCATION","MEMORY_ALLOCATION_FREE","",0,"0x00007fbe84277000",10225,3219604422278667,3219604422279111
"MEMORY_ALLOCATION","MEMORY_ALLOCATION_ALLOCATE","Agent 3",256,"0x00007fbe84277000",10227,3219604422281194,3219604422281545
"MEMORY_ALLOCATION","MEMORY_ALLOCATION_FREE","",0,"0x00007fbe84279000",10232,3219604422313636,3219604422314092
"MEMORY_ALLOCATION","MEMORY_ALLOCATION_ALLOCATE","Agent 3",256,"0x00007fbe84278000",10234,3219604422316245,3219604422316539
"MEMORY_ALLOCATION","MEMORY_ALLOCATION_FREE","",0,"0x00007fbe84277000",10239,3219604422334742,3219604422335048
"MEMORY_ALLOCATION","MEMORY_ALLOCATION_FREE","",0,"0x00007fbe84276000",10241,3219604422337265,3219604422337578
"MEMORY_ALLOCATION","MEMORY_ALLOCATION_FREE","",0,"0x00007fbe8427e000",10243,3219604422339716,3219604422340018
"MEMORY_ALLOCATION","MEMORY_ALLOCATION_FREE","",0,"0x00007fbe8427d000",10245,3219604422342318,3219604422342670
"MEMORY_ALLOCATION","MEMORY_ALLOCATION_FREE","",0,"0x00007fbe84275000",10247,3219604422345282,3219604422345524
"MEMORY_ALLOCATION","MEMORY_ALLOCATION_ALLOCATE","Agent 3",256,"0x00007fbe84275000",10249,3219604422347647,3219604422347899
"MEMORY_ALLOCATION","MEMORY_ALLOCATION_ALLOCATE","Agent 3",256,"0x00007fbe84276000",10254,3219604422357121,3219604422357431
"MEMORY_ALLOCATION","MEMORY_ALLOCATION_ALLOCATE","Agent 3",128,"0x00007fbe84277000",10259,3219604422366568,3219604422366801
"MEMORY_ALLOCATION","MEMORY_ALLOCATION_ALLOCATE","Agent 3",128,"0x00007fbe84279000",10264,3219604422375105,3219604422375513
"MEMORY_ALLOCATION","MEMORY_ALLOCATION_ALLOCATE","Agent 3",256,"0x00007fbe8427a000",10269,3219604422384686,3219604422385132
"MEMORY_ALLOCATION","MEMORY_ALLOCATION_ALLOCATE","Agent 3",128,"0x00007fbe8427b000",10274,3219604422393733,3219604422394095
"MEMORY_ALLOCATION","MEMORY_ALLOCATION_ALLOCATE","Agent 3",256,"0x00007fbe8427c000",10282,3219604422410974,3219604422411537
"MEMORY_ALLOCATION","MEMORY_ALLOCATION_ALLOCATE","Agent 3",256,"0x00007fbe8427d000",10287,3219604422429547,3219604422430044
"MEMORY_ALLOCATION","MEMORY_ALLOCATION_FREE","",0,"0x00007fbe8427c000",10292,3219604422457945,3219604422458318
"MEMORY_ALLOCATION","MEMORY_ALLOCATION_FREE","",0,"0x00007fbe8427b000",10294,3219604422460497,3219604422460726
"MEMORY_ALLOCATION","MEMORY_ALLOCATION_FREE","",0,"0x00007fbe8427a000",10296,3219604422462927,3219604422463181
"MEMORY_ALLOCATION","MEMORY_ALLOCATION_FREE","",0,"0x00007fbe84279000",10298,3219604422464896,3219604422465116
"MEMORY_ALLOCATION","MEMORY_ALLOCATION_FREE","",0,"0x00007fbe84277000",10300,3219604422466708,3219604422466939
"MEMORY_ALLOCATION","MEMORY_ALLOCATION_FREE","",0,"0x00007fbe84276000",10302,3219604422468591,3219604422468851
"MEMORY_ALLOCATION","MEMORY_ALLOCATION_FREE","",0,"0x00007fbe84275000",10304,3219604422470623,3219604422470892
"MEMORY_ALLOCATION","MEMORY_ALLOCATION_ALLOCATE","Agent 3",256,"0x00007fbe8427e000",10306,3219604422472535,3219604422472736
"MEMORY_ALLOCATION","MEMORY_ALLOCATION_ALLOCATE","Agent 3",256,"0x00007fbe84275000",10308,3219604422476108,3219604422476316
"MEMORY_ALLOCATION","MEMORY_ALLOCATION_ALLOCATE","Agent 3",512,"0x00007fbe84276000",10313,3219604422484743,3219604422485068
"MEMORY_ALLOCATION","MEMORY_ALLOCATION_ALLOCATE","Agent 3",512,"0x00007fbe84277000",10318,3219604422493013,3219604422493354
"MEMORY_ALLOCATION","MEMORY_ALLOCATION_ALLOCATE","Agent 3",512,"0x00007fbe84279000",10323,3219604422501141,3219604422501400
"MEMORY_ALLOCATION","MEMORY_ALLOCATION_FREE","",0,"0x00007fbe84277000",10328,3219604422521957,3219604422522199
"MEMORY_ALLOCATION","MEMORY_ALLOCATION_FREE","",0,"0x00007fbe84276000",10330,3219604422524213,3219604422524450
"MEMORY_ALLOCATION","MEMORY_ALLOCATION_ALLOCATE","Agent 3",256,"0x00007fbe84276000",10332,3219604422526208,3219604422526463
"MEMORY_ALLOCATION","MEMORY_ALLOCATION_FREE","",0,"0x00007fbe84279000",10337,3219604422557859,3219604422558317
"MEMORY_ALLOCATION","MEMORY_ALLOCATION_ALLOCATE","Agent 3",256,"0x00007fbe84277000",10339,3219604422613358,3219604422613822
"MEMORY_ALLOCATION","MEMORY_ALLOCATION_FREE","",0,"0x00007fbe84276000",10344,3219604422634924,3219604422635242
"MEMORY_ALLOCATION","MEMORY_ALLOCATION_FREE","",0,"0x00007fbe84275000",10346,3219604422637507,3219604422637773
"MEMORY_ALLOCATION","MEMORY_ALLOCATION_FREE","",0,"0x00007fbe8427e000",10348,3219604422639728,3219604422639957
"MEMORY_ALLOCATION","MEMORY_ALLOCATION_FREE","",0,"0x00007fbe8427d000",10350,3219604422641647,3219604422641942
"MEMORY_ALLOCATION","MEMORY_ALLOCATION_FREE","",0,"0x00007fbe84278000",10352,3219604422643737,3219604422643970
"MEMORY_ALLOCATION","MEMORY_ALLOCATION_ALLOCATE","Agent 3",256,"0x00007fbe84275000",10354,3219604422645980,3219604422646233
"MEMORY_ALLOCATION","MEMORY_ALLOCATION_FREE","",0,"0x00007fbe84277000",10359,3219604422664704,3219604422665096
"MEMORY_ALLOCATION","MEMORY_ALLOCATION_ALLOCATE","Agent 3",1024,"0x00007fbe84276000",10361,3219604422667112,3219604422667371
"MEMORY_ALLOCATION","MEMORY_ALLOCATION_FREE","",0,"0x00007fbe84275000",10366,3219604422692042,3219604422692287
"MEMORY_ALLOCATION","MEMORY_ALLOCATION_FREE","",0,"0x00007fbe84274000",10368,3219604422694496,3219604422694776
"MEMORY_ALLOCATION","MEMORY_ALLOCATION_FREE","",0,"0x00007fbe84273000",10370,3219604422697146,3219604422697371
"MEMORY_ALLOCATION","MEMORY_ALLOCATION_FREE","",0,"0x00007fbe84272000",10372,3219604422699381,3219604422699630
"MEMORY_ALLOCATION","MEMORY_ALLOCATION_FREE","",0,"0x00007fbe84276000",10376,3219604422718079,3219604422718394
"MEMORY_ALLOCATION","MEMORY_ALLOCATION_ALLOCATE","Agent 3",16,"0x00007fbe84272000",10378,3219604422721669,3219604422721914
"MEMORY_ALLOCATION","MEMORY_ALLOCATION_ALLOCATE","Agent 3",1024,"0x00007fbe84273000",10382,3219604422742443,3219604422742761
"MEMORY_ALLOCATION","MEMORY_ALLOCATION_ALLOCATE","Agent 3",1024,"0x00007fbe84274000",10387,3219604422750992,3219604422751269
"MEMORY_ALLOCATION","MEMORY_ALLOCATION_ALLOCATE","Agent 3",1024,"0x00007fbe84275000",10392,3219604422760157,3219604422760567
"MEMORY_ALLOCATION","MEMORY_ALLOCATION_ALLOCATE","Agent 3",512,"0x00007fbe84276000",10397,3219604422769574,3219604422769993
"MEMORY_ALLOCATION","MEMORY_ALLOCATION_ALLOCATE","Agent 3",512,"0x00007fbe84277000",10402,3219604422777505,3219604422777838
"MEMORY_ALLOCATION","MEMORY_ALLOCATION_ALLOCATE","Agent 3",1024,"0x00007fbe84278000",10407,3219604422797006,3219604422797369
"MEMORY_ALLOCATION","MEMORY_ALLOCATION_ALLOCATE","Agent 3",512,"0x00007fbe84279000",10412,3219604422806383,3219604422806816
"MEMORY_ALLOCATION","MEMORY_ALLOCATION_ALLOCATE","Agent 3",512,"0x00007fbe8427a000",10417,3219604422815558,3219604422815892
"MEMORY_ALLOCATION","MEMORY_ALLOCATION_ALLOCATE","Agent 3",1024,"0x00007fbe8427b000",10422,3219604422825060,3219604422825458
"MEMORY_ALLOCATION","MEMORY_ALLOCATION_FREE","",0,"0x00007fbe84278000",10427,3219604422851526,3219604422851838
"MEMORY_ALLOCATION","MEMORY_ALLOCATION_ALLOCATE","Agent 3",512,"0x00007fbe84278000",10429,3219604422855054,3219604422855281
"MEMORY_ALLOCATION","MEMORY_ALLOCATION_FREE","",0,"0x00007fbe84279000",10434,3219604422873841,3219604422874139
"MEMORY_ALLOCATION","MEMORY_ALLOCATION_ALLOCATE","Agent 3",8192,"0x00007fbe8427c000",10436,3219604422876560,3219604422877113
"MEMORY_ALLOCATION","MEMORY_ALLOCATION_ALLOCATE","Agent 3",8192,"0x00007fbe8428b000",10442,3219604422889010,3219604422890385
"MEMORY_ALLOCATION","MEMORY_ALLOCATION_ALLOCATE","Agent 3",1024,"0x00007fbe84279000",10448,3219604422903117,3219604422903446
"MEMORY_ALLOCATION","MEMORY_ALLOCATION_ALLOCATE","Agent 3",1024,"0x00007fbe8427e000",10453,3219604422912640,3219604422912985
"MEMORY_ALLOCATION","MEMORY_ALLOCATION_FREE","",0,"0x00007fbe84279000",10458,3219604422934339,3219604422934753
"MEMORY_ALLOCATION","MEMORY_ALLOCATION_ALLOCATE","Agent 3",1024,"0x00007fbe84279000",10460,3219604422936622,3219604422936850
"MEMORY_ALLOCATION","MEMORY_ALLOCATION_FREE","",0,"0x00007fbe8427e000",10465,3219604422961840,3219604422962166
"MEMORY_ALLOCATION","MEMORY_ALLOCATION_FREE","",0,"0x00007fbe8427a000",10467,3219604422963986,3219604422964239
"MEMORY_ALLOCATION","MEMORY_ALLOCATION_FREE","",0,"0x00007fbe84278000",10469,3219604422966238,3219604422966482
"MEMORY_ALLOCATION","MEMORY_ALLOCATION_FREE","",0,"0x00007fbe8427b000",10471,3219604422968452,3219604422968747
"MEMORY_ALLOCATION","MEMORY_ALLOCATION_FREE","",0,"0x00007fbe84277000",10473,3219604422970522,3219604422970844
"MEMORY_ALLOCATION","MEMORY_ALLOCATION_FREE","",0,"0x00007fbe84276000",10475,3219604422972564,3219604422972871
"MEMORY_ALLOCATION","MEMORY_ALLOCATION_FREE","",0,"0x00007fbe84275000",10477,3219604422974896,3219604422975182
"MEMORY_ALLOCATION","MEMORY_ALLOCATION_ALLOCATE","Agent 3",1024,"0x00007fbe8427e000",10479,3219604422976711,3219604422976927
"MEMORY_ALLOCATION","MEMORY_ALLOCATION_FREE","",0,"0x00007fbe84279000",10484,3219604422994905,3219604422995316
"MEMORY_ALLOCATION","MEMORY_ALLOCATION_FREE","",0,"0x00007fbe84274000",10486,3219604422997432,3219604422997725
"MEMORY_ALLOCATION","MEMORY_ALLOCATION_ALLOCATE","Agent 3",1024,"0x00007fbe84274000",10488,3219604422999651,3219604422999903
"MEMORY_ALLOCATION","MEMORY_ALLOCATION_ALLOCATE","Agent 3",2048,"0x00007fbe84275000",10493,3219604423007852,3219604423008226
"MEMORY_ALLOCATION","MEMORY_ALLOCATION_ALLOCATE","Agent 3",2048,"0x00007fbe84276000",10498,3219604423016112,3219604423016480
"MEMORY_ALLOCATION","MEMORY_ALLOCATION_ALLOCATE","Agent 3",2048,"0x00007fbe84277000",10503,3219604423027451,3219604423027903
"MEMORY_ALLOCATION","MEMORY_ALLOCATION_FREE","",0,"0x00007fbe84276000",10508,3219604423046709,3219604423047080
"MEMORY_ALLOCATION","MEMORY_ALLOCATION_FREE","",0,"0x00007fbe84275000",10510,3219604423049574,3219604423049884
"MEMORY_ALLOCATION","MEMORY_ALLOCATION_ALLOCATE","Agent 3",1024,"0x00007fbe84275000",10512,3219604423067777,3219604423068042
"MEMORY_ALLOCATION","MEMORY_ALLOCATION_FREE","",0,"0x00007fbe84277000",10517,3219604423123600,3219604423124057
"MEMORY_ALLOCATION","MEMORY_ALLOCATION_ALLOCATE","Agent 3",1024,"0x00007fbe84276000",10519,3219604423126106,3219604423126366
"MEMORY_ALLOCATION","MEMORY_ALLOCATION_FREE","",0,"0x00007fbe84275000",10524,3219604423144079,3219604423144391
"MEMORY_ALLOCATION","MEMORY_ALLOCATION_FREE","",0,"0x00007fbe84274000",10526,3219604423146844,3219604423147092
"MEMORY_ALLOCATION","MEMORY_ALLOCATION_FREE","",0,"0x00007fbe8427e000",10528,3219604423149389,3219604423149684
"MEMORY_ALLOCATION","MEMORY_ALLOCATION_FREE","",0,"0x00007fbe84273000",10530,3219604423151840,3219604423152291
"MEMORY_ALLOCATION","MEMORY_ALLOCATION_ALLOCATE","Agent 3",1024,"0x00007fbe8427e000",10532,3219604423154326,3219604423154557
"MEMORY_ALLOCATION","MEMORY_ALLOCATION_ALLOCATE","Agent 3",1024,"0x00007fbe84273000",10537,3219604423162471,3219604423162756
"MEMORY_ALLOCATION","MEMORY_ALLOCATION_ALLOCATE","Agent 3",512,"0x00007fbe84274000",10542,3219604423170736,3219604423171040
"MEMORY_ALLOCATION","MEMORY_ALLOCATION_ALLOCATE","Agent 3",512,"0x00007fbe84275000",10547,3219604423178784,3219604423179149
"MEMORY_ALLOCATION","MEMORY_ALLOCATION_ALLOCATE","Agent 3",1024,"0x00007fbe84277000",10552,3219604423187923,3219604423188242
"MEMORY_ALLOCATION","MEMORY_ALLOCATION_ALLOCATE","Agent 3",512,"0x00007fbe84278000",10557,3219604423196354,3219604423196776
"MEMORY_ALLOCATION","MEMORY_ALLOCATION_ALLOCATE","Agent 3",512,"0x00007fbe84279000",10562,3219604423209756,3219604423210104
"MEMORY_ALLOCATION","MEMORY_ALLOCATION_ALLOCATE","Agent 3",1024,"0x00007fbe8427a000",10567,3219604423220325,3219604423220750
"MEMORY_ALLOCATION","MEMORY_ALLOCATION_FREE","",0,"0x00007fbe84277000",10572,3219604423244159,3219604423244522
"MEMORY_ALLOCATION","MEMORY_ALLOCATION_ALLOCATE","Agent 3",512,"0x00007fbe8427b000",10574,3219604423247580,3219604423247857
"MEMORY_ALLOCATION","MEMORY_ALLOCATION_FREE","",0,"0x00007fbe84278000",10579,3219604423266413,3219604423266782
"MEMORY_ALLOCATION","MEMORY_ALLOCATION_ALLOCATE","Agent 3",8192,"0x00007fbe84277000",10581,3219604423268836,3219604423269086
"MEMORY_ALLOCATION","MEMORY_ALLOCATION_ALLOCATE","Agent 3",8192,"0x00007fbe8428d000",10587,3219604423281307,3219604423281796
"MEMORY_ALLOCATION","MEMORY_ALLOCATION_ALLOCATE","Agent 3",1024,"0x00007fbe8428f000",10593,3219604423304613,3219604423304961
"MEMORY_ALLOCATION","MEMORY_ALLOCATION_ALLOCATE","Agent 3",1024,"0x00007fbe84290000",10598,3219604423314021,3219604423314432
"MEMORY_ALLOCATION","MEMORY_ALLOCATION_FREE","",0,"0x00007fbe8428f000",10603,3219604423335000,3219604423335364
"MEMORY_ALLOCATION","MEMORY_ALLOCATION_ALLOCATE","Agent 3",1024,"0x00007fbe8428f000",10605,3219604423337085,3219604423337264
"MEMORY_ALLOCATION","MEMORY_ALLOCATION_FREE","",0,"0x00007fbe84290000",10610,3219604423361992,3219604423362348
"MEMORY_ALLOCATION","MEMORY_ALLOCATION_FREE","",0,"0x00007fbe84279000",10612,3219604423364354,3219604423364600
"MEMORY_ALLOCATION","MEMORY_ALLOCATION_FREE","",0,"0x00007fbe8427b000",10614,3219604423366567,3219604423366834
"MEMORY_ALLOCATION","MEMORY_ALLOCATION_FREE","",0,"0x00007fbe8427a000",10616,3219604423368987,3219604423369354
"MEMORY_ALLOCATION","MEMORY_ALLOCATION_FREE","",0,"0x00007fbe84275000",10618,3219604423371258,3219604423371609
"MEMORY_ALLOCATION","MEMORY_ALLOCATION_FREE","",0,"0x00007fbe84274000",10620,3219604423373300,3219604423373561
"MEMORY_ALLOCATION","MEMORY_ALLOCATION_FREE","",0,"0x00007fbe84273000",10622,3219604423375475,3219604423375807
"MEMORY_ALLOCATION","MEMORY_ALLOCATION_ALLOCATE","Agent 3",1024,"0x00007fbe84279000",10624,3219604423377350,3219604423377667
"MEMORY_ALLOCATION","MEMORY_ALLOCATION_FREE","",0,"0x00007fbe8428f000",10629,3219604423395657,3219604423396066
"MEMORY_ALLOCATION","MEMORY_ALLOCATION_FREE","",0,"0x00007fbe8427e000",10631,3219604423398244,3219604423398580
"MEMORY_ALLOCATION","MEMORY_ALLOCATION_ALLOCATE","Agent 3",1024,"0x00007fbe8427e000",10633,3219604423400396,3219604423400658
"MEMORY_ALLOCATION","MEMORY_ALLOCATION_ALLOCATE","Agent 3",2048,"0x00007fbe8427a000",10638,3219604423408588,3219604423408940
"MEMORY_ALLOCATION","MEMORY_ALLOCATION_ALLOCATE","Agent 3",2048,"0x00007fbe8427b000",10643,3219604423419415,3219604423419672
"MEMORY_ALLOCATION","MEMORY_ALLOCATION_ALLOCATE","Agent 3",2048,"0x00007fbe84273000",10648,3219604423427600,3219604423427938
"MEMORY_ALLOCATION","MEMORY_ALLOCATION_FREE","",0,"0x00007fbe8427b000",10653,3219604423448459,3219604423448746
"MEMORY_ALLOCATION","MEMORY_ALLOCATION_FREE","",0,"0x00007fbe8427a000",10655,3219604423451113,3219604423451448
"MEMORY_ALLOCATION","MEMORY_ALLOCATION_ALLOCATE","Agent 3",1024,"0x00007fbe84274000",10657,3219604423453575,3219604423453857
"MEMORY_ALLOCATION","MEMORY_ALLOCATION_FREE","",0,"0x00007fbe84273000",10662,3219604423485423,3219604423485779
"MEMORY_ALLOCATION","MEMORY_ALLOCATION_ALLOCATE","Agent 3",1024,"0x00007fbe84275000",10664,3219604423488193,3219604423488416
"MEMORY_ALLOCATION","MEMORY_ALLOCATION_FREE","",0,"0x00007fbe84274000",10669,3219604423505539,3219604423505973
"MEMORY_ALLOCATION","MEMORY_ALLOCATION_FREE","",0,"0x00007fbe8427e000",10671,3219604423507982,3219604423508193
"MEMORY_ALLOCATION","MEMORY_ALLOCATION_FREE","",0,"0x00007fbe84279000",10673,3219604423509973,3219604423510356
"MEMORY_ALLOCATION","MEMORY_ALLOCATION_FREE","",0,"0x00007fbe84276000",10675,3219604423512399,3219604423512646
"MEMORY_ALLOCATION","MEMORY_ALLOCATION_ALLOCATE","Agent 3",1024,"0x00007fbe8427e000",10677,3219604423514375,3219604423514617
"MEMORY_ALLOCATION","MEMORY_ALLOCATION_FREE","",0,"0x00007fbe84275000",10682,3219604423532362,3219604423532907
"MEMORY_ALLOCATION","MEMORY_ALLOCATION_ALLOCATE","Agent 3",1024,"0x00007fbe84279000",10684,3219604423535281,3219604423535558
"MEMORY_ALLOCATION","MEMORY_ALLOCATION_FREE","",0,"0x00007fbe8427e000",10689,3219604423559832,3219604423560141
"MEMORY_ALLOCATION","MEMORY_ALLOCATION_FREE","",0,"0x00007fbe84272000",10691,3219604423562342,3219604423562740
"MEMORY_ALLOCATION","MEMORY_ALLOCATION_FREE","",0,"0x00007fbe8428b000",10709,3219604423620326,3219604423620690
"MEMORY_ALLOCATION","MEMORY_ALLOCATION_FREE","",0,"0x00007fbe8427c000",10711,3219604423623012,3219604423623492
"MEMORY_ALLOCATION","MEMORY_ALLOCATION_FREE","",0,"0x00007fbe8428d000",10713,3219604423625595,3219604423626016
"MEMORY_ALLOCATION","MEMORY_ALLOCATION_FREE","",0,"0x00007fbe84277000",10715,3219604423628090,3219604423628745
"MEMORY_ALLOCATION","MEMORY_ALLOCATION_FREE","",0,"0x00007fbe84279000",10719,3219604423647586,3219604423647998
"MEMORY_ALLOCATION","MEMORY_ALLOCATION_ALLOCATE","Agent 3",8,"0x00007fbe84272000",10721,3219604423650301,3219604423650568
"MEMORY_ALLOCATION","MEMORY_ALLOCATION_FREE","",0,"0x00007fbe84272000",10728,3219604423686770,3219604423687155
"MEMORY_ALLOCATION","MEMORY_ALLOCATION_ALLOCATE","Agent 3",4,"0x00007fbe84272000",10742,3219604423715994,3219604423716343
"MEMORY_ALLOCATION","MEMORY_ALLOCATION_ALLOCATE","Agent 3",4,"0x00007fbe84273000",10746,3219604423737071,3219604423737384
"MEMORY_ALLOCATION","MEMORY_ALLOCATION_ALLOCATE","Agent 3",4,"0x00007fbe84274000",10750,3219604423756829,3219604423757171
"MEMORY_ALLOCATION","MEMORY_ALLOCATION_ALLOCATE","Agent 3",256,"0x00007fbe84275000",10754,3219604423776991,3219604423777381
"MEMORY_ALLOCATION","MEMORY_ALLOCATION_ALLOCATE","Agent 3",256,"0x00007fbe84276000",10759,3219604423785858,3219604423786175
"MEMORY_ALLOCATION","MEMORY_ALLOCATION_ALLOCATE","Agent 3",256,"0x00007fbe84277000",10764,3219604423804423,3219604423804804
"MEMORY_ALLOCATION","MEMORY_ALLOCATION_ALLOCATE","Agent 3",128,"0x00007fbe84278000",10769,3219604423814863,3219604423815243
"MEMORY_ALLOCATION","MEMORY_ALLOCATION_ALLOCATE","Agent 3",128,"0x00007fbe84279000",10774,3219604423824138,3219604423824523
"MEMORY_ALLOCATION","MEMORY_ALLOCATION_ALLOCATE","Agent 3",256,"0x00007fbe8427a000",10779,3219604423842718,3219604423843243
"MEMORY_ALLOCATION","MEMORY_ALLOCATION_ALLOCATE","Agent 3",128,"0x00007fbe8427b000",10784,3219604423852672,3219604423853003
"MEMORY_ALLOCATION","MEMORY_ALLOCATION_ALLOCATE","Agent 3",256,"0x00007fbe8427c000",10792,3219604423872289,3219604423872745
"MEMORY_ALLOCATION","MEMORY_ALLOCATION_ALLOCATE","Agent 3",256,"0x00007fbe8427d000",10797,3219604423883160,3219604423883655
"MEMORY_ALLOCATION","MEMORY_ALLOCATION_FREE","",0,"0x00007fbe8427c000",10802,3219604423915543,3219604423915893
"MEMORY_ALLOCATION","MEMORY_ALLOCATION_FREE","",0,"0x00007fbe8427b000",10804,3219604423918139,3219604423918469
"MEMORY_ALLOCATION","MEMORY_ALLOCATION_FREE","",0,"0x00007fbe8427a000",10806,3219604423921260,3219604423921631
"MEMORY_ALLOCATION","MEMORY_ALLOCATION_FREE","",0,"0x00007fbe84279000",10808,3219604423923670,3219604423923955
"MEMORY_ALLOCATION","MEMORY_ALLOCATION_FREE","",0,"0x00007fbe84278000",10810,3219604423925854,3219604423926186
"MEMORY_ALLOCATION","MEMORY_ALLOCATION_FREE","",0,"0x00007fbe84277000",10812,3219604423927969,3219604423928277
"MEMORY_ALLOCATION","MEMORY_ALLOCATION_FREE","",0,"0x00007fbe84276000",10814,3219604423930279,3219604423930578
"MEMORY_ALLOCATION","MEMORY_ALLOCATION_ALLOCATE","Agent 3",256,"0x00007fbe8427e000",10816,3219604423932177,3219604423932393
"MEMORY_ALLOCATION","MEMORY_ALLOCATION_ALLOCATE","Agent 3",256,"0x00007fbe84276000",10818,3219604423935658,3219604423935946
"MEMORY_ALLOCATION","MEMORY_ALLOCATION_ALLOCATE","Agent 3",512,"0x00007fbe84277000",10823,3219604423945249,3219604423945589
"MEMORY_ALLOCATION","MEMORY_ALLOCATION_ALLOCATE","Agent 3",512,"0x00007fbe84278000",10828,3219604423953885,3219604423954402
"MEMORY_ALLOCATION","MEMORY_ALLOCATION_ALLOCATE","Agent 3",512,"0x00007fbe84279000",10833,3219604423962204,3219604423962552
"MEMORY_ALLOCATION","MEMORY_ALLOCATION_FREE","",0,"0x00007fbe84278000",10838,3219604423983076,3219604423983668
"MEMORY_ALLOCATION","MEMORY_ALLOCATION_FREE","",0,"0x00007fbe84277000",10840,3219604423985539,3219604423985846
"MEMORY_ALLOCATION","MEMORY_ALLOCATION_ALLOCATE","Agent 3",256,"0x00007fbe84277000",10842,3219604423987812,3219604423988036
"MEMORY_ALLOCATION","MEMORY_ALLOCATION_FREE","",0,"0x00007fbe84279000",10847,3219604424020544,3219604424021136
"MEMORY_ALLOCATION","MEMORY_ALLOCATION_ALLOCATE","Agent 3",256,"0x00007fbe84278000",10849,3219604424023713,3219604424024008
"MEMORY_ALLOCATION","MEMORY_ALLOCATION_FREE","",0,"0x00007fbe84277000",10854,3219604424044253,3219604424044551
"MEMORY_ALLOCATION","MEMORY_ALLOCATION_FREE","",0,"0x00007fbe84276000",10856,3219604424046874,3219604424047173
"MEMORY_ALLOCATION","MEMORY_ALLOCATION_FREE","",0,"0x00007fbe8427e000",10858,3219604424049101,3219604424049321
"MEMORY_ALLOCATION","MEMORY_ALLOCATION_FREE","",0,"0x00007fbe8427d000",10860,3219604424051389,3219604424051917
"MEMORY_ALLOCATION","MEMORY_ALLOCATION_FREE","",0,"0x00007fbe84275000",10862,3219604424053815,3219604424054189
"MEMORY_ALLOCATION","MEMORY_ALLOCATION_ALLOCATE","Agent 3",256,"0x00007fbe84275000",10864,3219604424069187,3219604424069420
"MEMORY_ALLOCATION","MEMORY_ALLOCATION_ALLOCATE","Agent 3",256,"0x00007fbe84276000",10869,3219604424099571,3219604424100001
"MEMORY_ALLOCATION","MEMORY_ALLOCATION_ALLOCATE","Agent 3",128,"0x00007fbe84277000",10874,3219604424107768,3219604424108026
"MEMORY_ALLOCATION","MEMORY_ALLOCATION_ALLOCATE","Agent 3",128,"0x00007fbe84279000",10879,3219604424115628,3219604424116059
"MEMORY_ALLOCATION","MEMORY_ALLOCATION_ALLOCATE","Agent 3",256,"0x00007fbe8427a000",10884,3219604424125351,3219604424125738
"MEMORY_ALLOCATION","MEMORY_ALLOCATION_ALLOCATE","Agent 3",128,"0x00007fbe8427b000",10889,3219604424134033,3219604424134449
"MEMORY_ALLOCATION","MEMORY_ALLOCATION_ALLOCATE","Agent 3",256,"0x00007fbe8427c000",10897,3219604424150850,3219604424151333
"MEMORY_ALLOCATION","MEMORY_ALLOCATION_ALLOCATE","Agent 3",256,"0x00007fbe8427d000",10902,3219604424160973,3219604424161355
"MEMORY_ALLOCATION","MEMORY_ALLOCATION_FREE","",0,"0x00007fbe8427c000",10907,3219604424189522,3219604424189937
"MEMORY_ALLOCATION","MEMORY_ALLOCATION_FREE","",0,"0x00007fbe8427b000",10909,3219604424191943,3219604424192239
"MEMORY_ALLOCATION","MEMORY_ALLOCATION_FREE","",0,"0x00007fbe8427a000",10911,3219604424194083,3219604424194388
"MEMORY_ALLOCATION","MEMORY_ALLOCATION_FREE","",0,"0x00007fbe84279000",10913,3219604424196111,3219604424196359
"MEMORY_ALLOCATION","MEMORY_ALLOCATION_FREE","",0,"0x00007fbe84277000",10915,3219604424198004,3219604424198287
"MEMORY_ALLOCATION","MEMORY_ALLOCATION_FREE","",0,"0x00007fbe84276000",10917,3219604424200064,3219604424200379
"MEMORY_ALLOCATION","MEMORY_ALLOCATION_FREE","",0,"0x00007fbe84275000",10919,3219604424202140,3219604424202407
"MEMORY_ALLOCATION","MEMORY_ALLOCATION_ALLOCATE","Agent 3",256,"0x00007fbe8427e000",10921,3219604424204246,3219604424204464
"MEMORY_ALLOCATION","MEMORY_ALLOCATION_ALLOCATE","Agent 3",256,"0x00007fbe84275000",10923,3219604424207586,3219604424207823
"MEMORY_ALLOCATION","MEMORY_ALLOCATION_ALLOCATE","Agent 3",512,"0x00007fbe84276000",10928,3219604424216037,3219604424216375
"MEMORY_ALLOCATION","MEMORY_ALLOCATION_ALLOCATE","Agent 3",512,"0x00007fbe84277000",10933,3219604424224455,3219604424224772
"MEMORY_ALLOCATION","MEMORY_ALLOCATION_ALLOCATE","Agent 3",512,"0x00007fbe84279000",10938,3219604424232213,3219604424232516
"MEMORY_ALLOCATION","MEMORY_ALLOCATION_FREE","",0,"0x00007fbe84277000",10943,3219604424253184,3219604424253452
"MEMORY_ALLOCATION","MEMORY_ALLOCATION_FREE","",0,"0x00007fbe84276000",10945,3219604424255742,3219604424256119
"MEMORY_ALLOCATION","MEMORY_ALLOCATION_ALLOCATE","Agent 3",256,"0x00007fbe84276000",10947,3219604424258111,3219604424258354
"MEMORY_ALLOCATION","MEMORY_ALLOCATION_FREE","",0,"0x00007fbe84279000",10952,3219604424289946,3219604424290351
"MEMORY_ALLOCATION","MEMORY_ALLOCATION_ALLOCATE","Agent 3",256,"0x00007fbe84277000",10954,3219604424292174,3219604424292461
"MEMORY_ALLOCATION","MEMORY_ALLOCATION_FREE","",0,"0x00007fbe84276000",10959,3219604424310353,3219604424310618
"MEMORY_ALLOCATION","MEMORY_ALLOCATION_FREE","",0,"0x00007fbe84275000",10961,3219604424312521,3219604424312817
"MEMORY_ALLOCATION","MEMORY_ALLOCATION_FREE","",0,"0x00007fbe8427e000",10963,3219604424314587,3219604424314808
"MEMORY_ALLOCATION","MEMORY_ALLOCATION_FREE","",0,"0x00007fbe8427d000",10965,3219604424316445,3219604424316808
"MEMORY_ALLOCATION","MEMORY_ALLOCATION_FREE","",0,"0x00007fbe84278000",10967,3219604424318418,3219604424318710
"MEMORY_ALLOCATION","MEMORY_ALLOCATION_ALLOCATE","Agent 3",256,"0x00007fbe84275000",10969,3219604424320536,3219604424320761
"MEMORY_ALLOCATION","MEMORY_ALLOCATION_FREE","",0,"0x00007fbe84277000",10974,3219604424338738,3219604424339118
"MEMORY_ALLOCATION","MEMORY_ALLOCATION_ALLOCATE","Agent 3",1024,"0x00007fbe84276000",10976,3219604424341245,3219604424341519
"MEMORY_ALLOCATION","MEMORY_ALLOCATION_FREE","",0,"0x00007fbe84275000",10981,3219604424365884,3219604424366177
"MEMORY_ALLOCATION","MEMORY_ALLOCATION_FREE","",0,"0x00007fbe84274000",10983,3219604424368270,3219604424368506
"MEMORY_ALLOCATION","MEMORY_ALLOCATION_FREE","",0,"0x00007fbe84273000",10985,3219604424370370,3219604424370745
"MEMORY_ALLOCATION","MEMORY_ALLOCATION_FREE","",0,"0x00007fbe84272000",10987,3219604424372528,3219604424372884
"MEMORY_ALLOCATION","MEMORY_ALLOCATION_FREE","",0,"0x00007fbe84276000",10991,3219604424401589,3219604424401944
"MEMORY_ALLOCATION","MEMORY_ALLOCATION_ALLOCATE","Agent 3",32,"0x00007fbe84272000",10993,3219604424404968,3219604424405254
"MEMORY_ALLOCATION","MEMORY_ALLOCATION_ALLOCATE","Agent 3",2048,"0x00007fbe84273000",10997,3219604424425140,3219604424425482
"MEMORY_ALLOCATION","MEMORY_ALLOCATION_ALLOCATE","Agent 3",2048,"0x00007fbe84274000",11002,3219604424433174,3219604424433397
"MEMORY_ALLOCATION","MEMORY_ALLOCATION_ALLOCATE","Agent 3",2048,"0x00007fbe84275000",11007,3219604424443297,3219604424443725
"MEMORY_ALLOCATION","MEMORY_ALLOCATION_ALLOCATE","Agent 3",1024,"0x00007fbe84276000",11012,3219604424452369,3219604424452804
"MEMORY_ALLOCATION","MEMORY_ALLOCATION_ALLOCATE","Agent 3",1024,"0x00007fbe84277000",11017,3219604424460391,3219604424460664
"MEMORY_ALLOCATION","MEMORY_ALLOCATION_ALLOCATE","Agent 3",2048,"0x00007fbe84278000",11022,3219604424468880,3219604424469460
"MEMORY_ALLOCATION","MEMORY_ALLOCATION_ALLOCATE","Agent 3",1024,"0x00007fbe84279000",11027,3219604424477571,3219604424478038
"MEMORY_ALLOCATION","MEMORY_ALLOCATION_ALLOCATE","Agent 3",1024,"0x00007fbe8427a000",11032,3219604424486966,3219604424487251
"MEMORY_ALLOCATION","MEMORY_ALLOCATION_ALLOCATE","Agent 3",2048,"0x00007fbe8427b000",11037,3219604424495509,3219604424495906
"MEMORY_ALLOCATION","MEMORY_ALLOCATION_FREE","",0,"0x00007fbe84278000",11042,3219604424520034,3219604424520708
"MEMORY_ALLOCATION","MEMORY_ALLOCATION_ALLOCATE","Agent 3",1024,"0x00007fbe84278000",11044,3219604424524109,3219604424524345
"MEMORY_ALLOCATION","MEMORY_ALLOCATION_FREE","",0,"0x00007fbe84279000",11049,3219604424543973,3219604424544272
"MEMORY_ALLOCATION","MEMORY_ALLOCATION_ALLOCATE","Agent 3",8192,"0x00007fbe8427c000",11051,3219604424546279,3219604424546663
"MEMORY_ALLOCATION","MEMORY_ALLOCATION_ALLOCATE","Agent 3",8192,"0x00007fbe8428b000",11057,3219604424558651,3219604424559300
"MEMORY_ALLOCATION","MEMORY_ALLOCATION_ALLOCATE","Agent 3",2048,"0x00007fbe84279000",11063,3219604424571275,3219604424571494
"MEMORY_ALLOCATION","MEMORY_ALLOCATION_ALLOCATE","Agent 3",2048,"0x00007fbe8427e000",11068,3219604424581708,3219604424582122
"MEMORY_ALLOCATION","MEMORY_ALLOCATION_FREE","",0,"0x00007fbe84279000",11073,3219604424601189,3219604424601475
"MEMORY_ALLOCATION","MEMORY_ALLOCATION_ALLOCATE","Agent 3",2048,"0x00007fbe84279000",11075,3219604424603176,3219604424603335
"MEMORY_ALLOCATION","MEMORY_ALLOCATION_FREE","",0,"0x00007fbe8427e000",11080,3219604424628467,3219604424628754
"MEMORY_ALLOCATION","MEMORY_ALLOCATION_FREE","",0,"0x00007fbe8427a000",11082,3219604424630674,3219604424630924
"MEMORY_ALLOCATION","MEMORY_ALLOCATION_FREE","",0,"0x00007fbe84278000",11084,3219604424632902,3219604424633148
"MEMORY_ALLOCATION","MEMORY_ALLOCATION_FREE","",0,"0x00007fbe8427b000",11086,3219604424634963,3219604424635263
"MEMORY_ALLOCATION","MEMORY_ALLOCATION_FREE","",0,"0x00007fbe84277000",11088,3219604424637183,3219604424637513
"MEMORY_ALLOCATION","MEMORY_ALLOCATION_FREE","",0,"0x00007fbe84276000",11090,3219604424639227,3219604424639536
"MEMORY_ALLOCATION","MEMORY_ALLOCATION_FREE","",0,"0x00007fbe84275000",11092,3219604424641247,3219604424641523
"MEMORY_ALLOCATION","MEMORY_ALLOCATION_ALLOCATE","Agent 3",2048,"0x00007fbe8427e000",11094,3219604424643336,3219604424643576
"MEMORY_ALLOCATION","MEMORY_ALLOCATION_FREE","",0,"0x00007fbe84279000",11099,3219604424661863,3219604424662340
"MEMORY_ALLOCATION","MEMORY_ALLOCATION_FREE","",0,"0x00007fbe84274000",11101,3219604424664261,3219604424664556
"MEMORY_ALLOCATION","MEMORY_ALLOCATION_ALLOCATE","Agent 3",2048,"0x00007fbe84274000",11103,3219604424666478,3219604424666722
"MEMORY_ALLOCATION","MEMORY_ALLOCATION_ALLOCATE","Agent 3",4096,"0x00007fbe84275000",11108,3219604424674467,3219604424674809
"MEMORY_ALLOCATION","MEMORY_ALLOCATION_ALLOCATE","Agent 3",4096,"0x00007fbe84276000",11113,3219604424682807,3219604424683187
"MEMORY_ALLOCATION","MEMORY_ALLOCATION_ALLOCATE","Agent 3",4096,"0x00007fbe84277000",11118,3219604424690586,3219604424691000
"MEMORY_ALLOCATION","MEMORY_ALLOCATION_FREE","",0,"0x00007fbe84276000",11123,3219604424712385,3219604424712752
"MEMORY_ALLOCATION","MEMORY_ALLOCATION_FREE","",0,"0x00007fbe84275000",11125,3219604424714998,3219604424715281
"MEMORY_ALLOCATION","MEMORY_ALLOCATION_ALLOCATE","Agent 3",2048,"0x00007fbe84275000",11127,3219604424717152,3219604424717393
"MEMORY_ALLOCATION","MEMORY_ALLOCATION_FREE","",0,"0x00007fbe84277000",11132,3219604424749299,3219604424750009
"MEMORY_ALLOCATION","MEMORY_ALLOCATION_ALLOCATE","Agent 3",2048,"0x00007fbe84276000",11134,3219604424752084,3219604424752361
"MEMORY_ALLOCATION","MEMORY_ALLOCATION_FREE","",0,"0x00007fbe84275000",11139,3219604424770615,3219604424771068
"MEMORY_ALLOCATION","MEMORY_ALLOCATION_FREE","",0,"0x00007fbe84274000",11141,3219604424773061,3219604424773307
"MEMORY_ALLOCATION","MEMORY_ALLOCATION_FREE","",0,"0x00007fbe8427e000",11143,3219604424775126,3219604424775421
"MEMORY_ALLOCATION","MEMORY_ALLOCATION_FREE","",0,"0x00007fbe84273000",11145,3219604424777286,3219604424777642
"MEMORY_ALLOCATION","MEMORY_ALLOCATION_ALLOCATE","Agent 3",2048,"0x00007fbe8427e000",11147,3219604424779483,3219604424779672
"MEMORY_ALLOCATION","MEMORY_ALLOCATION_ALLOCATE","Agent 3",2048,"0x00007fbe84273000",11152,3219604424787426,3219604424787723
"MEMORY_ALLOCATION","MEMORY_ALLOCATION_ALLOCATE","Agent 3",1024,"0x00007fbe84274000",11157,3219604424795144,3219604424795447
"MEMORY_ALLOCATION","MEMORY_ALLOCATION_ALLOCATE","Agent 3",1024,"0x00007fbe84275000",11162,3219604424805160,3219604424805518
"MEMORY_ALLOCATION","MEMORY_ALLOCATION_ALLOCATE","Agent 3",2048,"0x00007fbe84277000",11167,3219604424813549,3219604424813890
"MEMORY_ALLOCATION","MEMORY_ALLOCATION_ALLOCATE","Agent 3",1024,"0x00007fbe84278000",11172,3219604424821873,3219604424822239
"MEMORY_ALLOCATION","MEMORY_ALLOCATION_ALLOCATE","Agent 3",1024,"0x00007fbe84279000",11177,3219604424831406,3219604424831901
"MEMORY_ALLOCATION","MEMORY_ALLOCATION_ALLOCATE","Agent 3",2048,"0x00007fbe8427a000",11182,3219604424850286,3219604424850754
"MEMORY_ALLOCATION","MEMORY_ALLOCATION_FREE","",0,"0x00007fbe84277000",11187,3219604424876454,3219604424876772
"MEMORY_ALLOCATION","MEMORY_ALLOCATION_ALLOCATE","Agent 3",1024,"0x00007fbe8427b000",11189,3219604424879830,3219604424879994
"MEMORY_ALLOCATION","MEMORY_ALLOCATION_FREE","",0,"0x00007fbe84278000",11194,3219604424898701,3219604424899093
"MEMORY_ALLOCATION","MEMORY_ALLOCATION_ALLOCATE","Agent 3",8192,"0x00007fbe84277000",11196,3219604424901275,3219604424901470
"MEMORY_ALLOCATION","MEMORY_ALLOCATION_ALLOCATE","Agent 3",8192,"0x00007fbe8428d000",11202,3219604424915816,3219604424916142
"MEMORY_ALLOCATION","MEMORY_ALLOCATION_ALLOCATE","Agent 3",2048,"0x00007fbe8428f000",11208,3219604424950120,3219604424950987
"MEMORY_ALLOCATION","MEMORY_ALLOCATION_ALLOCATE","Agent 3",2048,"0x00007fbe84290000",11213,3219604424992088,3219604424992559
"MEMORY_ALLOCATION","MEMORY_ALLOCATION_FREE","",0,"0x00007fbe8428f000",11218,3219604425012564,3219604425012841
"MEMORY_ALLOCATION","MEMORY_ALLOCATION_ALLOCATE","Agent 3",2048,"0x00007fbe8428f000",11220,3219604425014872,3219604425015046
"MEMORY_ALLOCATION","MEMORY_ALLOCATION_FREE","",0,"0x00007fbe84290000",11225,3219604425039516,3219604425039867
"MEMORY_ALLOCATION","MEMORY_ALLOCATION_FREE","",0,"0x00007fbe84279000",11227,3219604425042178,3219604425042406
"MEMORY_ALLOCATION","MEMORY_ALLOCATION_FREE","",0,"0x00007fbe8427b000",11229,3219604425044648,3219604425044894
"MEMORY_ALLOCATION","MEMORY_ALLOCATION_FREE","",0,"0x00007fbe8427a000",11231,3219604425047036,3219604425047385
"MEMORY_ALLOCATION","MEMORY_ALLOCATION_FREE","",0,"0x00007fbe84275000",11233,3219604425049289,3219604425049496
"MEMORY_ALLOCATION","MEMORY_ALLOCATION_FREE","",0,"0x00007fbe84274000",11235,3219604425051389,3219604425051664
"MEMORY_ALLOCATION","MEMORY_ALLOCATION_FREE","",0,"0x00007fbe84273000",11237,3219604425053474,3219604425053812
"MEMORY_ALLOCATION","MEMORY_ALLOCATION_ALLOCATE","Agent 3",2048,"0x00007fbe84279000",11239,3219604425055896,3219604425056154
"MEMORY_ALLOCATION","MEMORY_ALLOCATION_FREE","",0,"0x00007fbe8428f000",11244,3219604425074115,3219604425074461
"MEMORY_ALLOCATION","MEMORY_ALLOCATION_FREE","",0,"0x00007fbe8427e000",11246,3219604425076792,3219604425077077
"MEMORY_ALLOCATION","MEMORY_ALLOCATION_ALLOCATE","Agent 3",2048,"0x00007fbe8427e000",11248,3219604425079123,3219604425079300
"MEMORY_ALLOCATION","MEMORY_ALLOCATION_ALLOCATE","Agent 3",4096,"0x00007fbe8427a000",11253,3219604425088035,3219604425088313
"MEMORY_ALLOCATION","MEMORY_ALLOCATION_ALLOCATE","Agent 3",4096,"0x00007fbe8427b000",11258,3219604425097058,3219604425097269
"MEMORY_ALLOCATION","MEMORY_ALLOCATION_ALLOCATE","Agent 3",4096,"0x00007fbe84273000",11263,3219604425104677,3219604425110345
"MEMORY_ALLOCATION","MEMORY_ALLOCATION_FREE","",0,"0x00007fbe8427b000",11268,3219604425130214,3219604425130550
"MEMORY_ALLOCATION","MEMORY_ALLOCATION_FREE","",0,"0x00007fbe8427a000",11270,3219604425132702,3219604425133033
"MEMORY_ALLOCATION","MEMORY_ALLOCATION_ALLOCATE","Agent 3",2048,"0x00007fbe84274000",11272,3219604425135305,3219604425135618
"MEMORY_ALLOCATION","MEMORY_ALLOCATION_FREE","",0,"0x00007fbe84273000",11277,3219604425167484,3219604425167762
"MEMORY_ALLOCATION","MEMORY_ALLOCATION_ALLOCATE","Agent 3",2048,"0x00007fbe84275000",11279,3219604425169951,3219604425170183
"MEMORY_ALLOCATION","MEMORY_ALLOCATION_FREE","",0,"0x00007fbe84274000",11284,3219604425187465,3219604425187927
"MEMORY_ALLOCATION","MEMORY_ALLOCATION_FREE","",0,"0x00007fbe8427e000",11286,3219604425190084,3219604425190313
"MEMORY_ALLOCATION","MEMORY_ALLOCATION_FREE","",0,"0x00007fbe84279000",11288,3219604425192067,3219604425192410
"MEMORY_ALLOCATION","MEMORY_ALLOCATION_FREE","",0,"0x00007fbe84276000",11290,3219604425194360,3219604425194587
"MEMORY_ALLOCATION","MEMORY_ALLOCATION_ALLOCATE","Agent 3",2048,"0x00007fbe8427e000",11292,3219604425196508,3219604425196716
"MEMORY_ALLOCATION","MEMORY_ALLOCATION_FREE","",0,"0x00007fbe84275000",11297,3219604425215865,3219604425216359
"MEMORY_ALLOCATION","MEMORY_ALLOCATION_ALLOCATE","Agent 3",1024,"0x00007fbe84279000",11299,3219604425219025,3219604425219314
"MEMORY_ALLOCATION","MEMORY_ALLOCATION_FREE","",0,"0x00007fbe8427e000",11304,3219604425244215,3219604425244492
"MEMORY_ALLOCATION","MEMORY_ALLOCATION_FREE","",0,"0x00007fbe84272000",11306,3219604425246875,3219604425247278
"MEMORY_ALLOCATION","MEMORY_ALLOCATION_FREE","",0,"0x00007fbe8428b000",11324,3219604425308250,3219604425308701
"MEMORY_ALLOCATION","MEMORY_ALLOCATION_FREE","",0,"0x00007fbe8427c000",11326,3219604425310842,3219604425311289
"MEMORY_ALLOCATION","MEMORY_ALLOCATION_FREE","",0,"0x00007fbe8428d000",11328,3219604425313271,3219604425313722
"MEMORY_ALLOCATION","MEMORY_ALLOCATION_FREE","",0,"0x00007fbe84277000",11330,3219604425316508,3219604425316853
"MEMORY_ALLOCATION","MEMORY_ALLOCATION_FREE","",0,"0x00007fbe84279000",11334,3219604425334780,3219604425335147
"MEMORY_ALLOCATION","MEMORY_ALLOCATION_ALLOCATE","Agent 3",8,"0x00007fbe84272000",11336,3219604425337522,3219604425337920
"MEMORY_ALLOCATION","MEMORY_ALLOCATION_FREE","",0,"0x00007fbe84272000",11343,3219604425373767,3219604425374099
"MEMORY_ALLOCATION","MEMORY_ALLOCATION_ALLOCATE","Agent 3",8,"0x00007fbe84272000",11345,3219604425376772,3219604425377004
"MEMORY_ALLOCATION","MEMORY_ALLOCATION_ALLOCATE","Agent 3",8,"0x00007fbe84273000",11349,3219604425397951,3219604425398260
"MEMORY_ALLOCATION","MEMORY_ALLOCATION_ALLOCATE","Agent 3",8,"0x00007fbe84274000",11353,3219604425418440,3219604425418651
"MEMORY_ALLOCATION","MEMORY_ALLOCATION_ALLOCATE","Agent 3",512,"0x00007fbe84275000",11357,3219604425448882,3219604425449252
"MEMORY_ALLOCATION","MEMORY_ALLOCATION_ALLOCATE","Agent 3",512,"0x00007fbe84276000",11362,3219604425457477,3219604425457979
"MEMORY_ALLOCATION","MEMORY_ALLOCATION_ALLOCATE","Agent 3",512,"0x00007fbe84277000",11367,3219604425466474,3219604425466826
"MEMORY_ALLOCATION","MEMORY_ALLOCATION_ALLOCATE","Agent 3",256,"0x00007fbe84278000",11372,3219604425474782,3219604425475162
"MEMORY_ALLOCATION","MEMORY_ALLOCATION_ALLOCATE","Agent 3",256,"0x00007fbe84279000",11377,3219604425484339,3219604425484721
"MEMORY_ALLOCATION","MEMORY_ALLOCATION_ALLOCATE","Agent 3",512,"0x00007fbe8427a000",11382,3219604425493471,3219604425493776
"MEMORY_ALLOCATION","MEMORY_ALLOCATION_ALLOCATE","Agent 3",256,"0x00007fbe8427b000",11387,3219604425502226,3219604425502912
"MEMORY_ALLOCATION","MEMORY_ALLOCATION_ALLOCATE","Agent 3",512,"0x00007fbe8427c000",11395,3219604425521006,3219604425521408
"MEMORY_ALLOCATION","MEMORY_ALLOCATION_ALLOCATE","Agent 3",512,"0x00007fbe8427d000",11400,3219604425529714,3219604425530491
"MEMORY_ALLOCATION","MEMORY_ALLOCATION_FREE","",0,"0x00007fbe8427c000",11405,3219604425560239,3219604425560520
"MEMORY_ALLOCATION","MEMORY_ALLOCATION_FREE","",0,"0x00007fbe8427b000",11407,3219604425562593,3219604425562904
"MEMORY_ALLOCATION","MEMORY_ALLOCATION_FREE","",0,"0x00007fbe8427a000",11409,3219604425564905,3219604425565175
"MEMORY_ALLOCATION","MEMORY_ALLOCATION_FREE","",0,"0x00007fbe84279000",11411,3219604425567083,3219604425567369
"MEMORY_ALLOCATION","MEMORY_ALLOCATION_FREE","",0,"0x00007fbe84278000",11413,3219604425569398,3219604425569726
"MEMORY_ALLOCATION","MEMORY_ALLOCATION_FREE","",0,"0x00007fbe84277000",11415,3219604425571518,3219604425571813
"MEMORY_ALLOCATION","MEMORY_ALLOCATION_FREE","",0,"0x00007fbe84276000",11417,3219604425573612,3219604425573886
"MEMORY_ALLOCATION","MEMORY_ALLOCATION_ALLOCATE","Agent 3",512,"0x00007fbe8427e000",11419,3219604425575681,3219604425575901
"MEMORY_ALLOCATION","MEMORY_ALLOCATION_ALLOCATE","Agent 3",512,"0x00007fbe84276000",11421,3219604425579218,3219604425579473
"MEMORY_ALLOCATION","MEMORY_ALLOCATION_ALLOCATE","Agent 3",1024,"0x00007fbe84277000",11426,3219604425587821,3219604425588118
"MEMORY_ALLOCATION","MEMORY_ALLOCATION_ALLOCATE","Agent 3",1024,"0x00007fbe84278000",11431,3219604425596201,3219604425596678
"MEMORY_ALLOCATION","MEMORY_ALLOCATION_ALLOCATE","Agent 3",1024,"0x00007fbe84279000",11436,3219604425604443,3219604425604780
"MEMORY_ALLOCATION","MEMORY_ALLOCATION_FREE","",0,"0x00007fbe84278000",11441,3219604425625268,3219604425625548
"MEMORY_ALLOCATION","MEMORY_ALLOCATION_FREE","",0,"0x00007fbe84277000",11443,3219604425627658,3219604425627923
"MEMORY_ALLOCATION","MEMORY_ALLOCATION_ALLOCATE","Agent 3",512,"0x00007fbe84277000",11445,3219604425629915,3219604425630174
"MEMORY_ALLOCATION","MEMORY_ALLOCATION_FREE","",0,"0x00007fbe84279000",11450,3219604425661949,3219604425662436
"MEMORY_ALLOCATION","MEMORY_ALLOCATION_ALLOCATE","Agent 3",512,"0x00007fbe84278000",11452,3219604425664447,3219604425664763
"MEMORY_ALLOCATION","MEMORY_ALLOCATION_FREE","",0,"0x00007fbe84277000",11457,3219604425682350,3219604425682620
"MEMORY_ALLOCATION","MEMORY_ALLOCATION_FREE","",0,"0x00007fbe84276000",11459,3219604425684816,3219604425685062
"MEMORY_ALLOCATION","MEMORY_ALLOCATION_FREE","",0,"0x00007fbe8427e000",11461,3219604425686825,3219604425687114
"MEMORY_ALLOCATION","MEMORY_ALLOCATION_FREE","",0,"0x00007fbe8427d000",11463,3219604425688812,3219604425689234
"MEMORY_ALLOCATION","MEMORY_ALLOCATION_FREE","",0,"0x00007fbe84275000",11465,3219604425691169,3219604425691466
"MEMORY_ALLOCATION","MEMORY_ALLOCATION_ALLOCATE","Agent 3",512,"0x00007fbe84275000",11467,3219604425693191,3219604425693439
"MEMORY_ALLOCATION","MEMORY_ALLOCATION_ALLOCATE","Agent 3",512,"0x00007fbe84276000",11472,3219604425701470,3219604425701752
"MEMORY_ALLOCATION","MEMORY_ALLOCATION_ALLOCATE","Agent 3",256,"0x00007fbe84277000",11477,3219604425708934,3219604425709151
"MEMORY_ALLOCATION","MEMORY_ALLOCATION_ALLOCATE","Agent 3",256,"0x00007fbe84279000",11482,3219604425717164,3219604425717574
"MEMORY_ALLOCATION","MEMORY_ALLOCATION_ALLOCATE","Agent 3",512,"0x00007fbe8427a000",11487,3219604425725745,3219604425726079
"MEMORY_ALLOCATION","MEMORY_ALLOCATION_ALLOCATE","Agent 3",256,"0x00007fbe8427b000",11492,3219604425733672,3219604425734099
"MEMORY_ALLOCATION","MEMORY_ALLOCATION_ALLOCATE","Agent 3",512,"0x00007fbe8427c000",11500,3219604425751030,3219604425751877
"MEMORY_ALLOCATION","MEMORY_ALLOCATION_ALLOCATE","Agent 3",512,"0x00007fbe8427d000",11505,3219604425760824,3219604425761276
"MEMORY_ALLOCATION","MEMORY_ALLOCATION_FREE","",0,"0x00007fbe8427c000",11510,3219604425789223,3219604425789556
"MEMORY_ALLOCATION","MEMORY_ALLOCATION_FREE","",0,"0x00007fbe8427b000",11512,3219604425791443,3219604425791699
"MEMORY_ALLOCATION","MEMORY_ALLOCATION_FREE","",0,"0x00007fbe8427a000",11514,3219604425795003,3219604425795289
"MEMORY_ALLOCATION","MEMORY_ALLOCATION_FREE","",0,"0x00007fbe84279000",11516,3219604425796983,3219604425797229
"MEMORY_ALLOCATION","MEMORY_ALLOCATION_FREE","",0,"0x00007fbe84277000",11518,3219604425798840,3219604425799166
"MEMORY_ALLOCATION","MEMORY_ALLOCATION_FREE","",0,"0x00007fbe84276000",11520,3219604425800819,3219604425801101
"MEMORY_ALLOCATION","MEMORY_ALLOCATION_FREE","",0,"0x00007fbe84275000",11522,3219604425803049,3219604425803326
"MEMORY_ALLOCATION","MEMORY_ALLOCATION_ALLOCATE","Agent 3",512,"0x00007fbe8427e000",11524,3219604425804954,3219604425805200
"MEMORY_ALLOCATION","MEMORY_ALLOCATION_ALLOCATE","Agent 3",512,"0x00007fbe84275000",11526,3219604425807221,3219604425807508
"MEMORY_ALLOCATION","MEMORY_ALLOCATION_ALLOCATE","Agent 3",1024,"0x00007fbe84276000",11531,3219604425816436,3219604425816751
"MEMORY_ALLOCATION","MEMORY_ALLOCATION_ALLOCATE","Agent 3",1024,"0x00007fbe84277000",11536,3219604425825076,3219604425825370
"MEMORY_ALLOCATION","MEMORY_ALLOCATION_ALLOCATE","Agent 3",1024,"0x00007fbe84279000",11541,3219604425833574,3219604425833928
"MEMORY_ALLOCATION","MEMORY_ALLOCATION_FREE","",0,"0x00007fbe84277000",11546,3219604425854493,3219604425854731
"MEMORY_ALLOCATION","MEMORY_ALLOCATION_FREE","",0,"0x00007fbe84276000",11548,3219604425856838,3219604425857136
"MEMORY_ALLOCATION","MEMORY_ALLOCATION_ALLOCATE","Agent 3",512,"0x00007fbe84276000",11550,3219604425858977,3219604425859268
"MEMORY_ALLOCATION","MEMORY_ALLOCATION_FREE","",0,"0x00007fbe84279000",11555,3219604425894801,3219604425895090
"MEMORY_ALLOCATION","MEMORY_ALLOCATION_ALLOCATE","Agent 3",512,"0x00007fbe84277000",11557,3219604425901731,3219604425901922
"MEMORY_ALLOCATION","MEMORY_ALLOCATION_FREE","",0,"0x00007fbe84276000",11562,3219604425953173,3219604425953630
"MEMORY_ALLOCATION","MEMORY_ALLOCATION_FREE","",0,"0x00007fbe84275000",11564,3219604425955278,3219604425955554
"MEMORY_ALLOCATION","MEMORY_ALLOCATION_FREE","",0,"0x00007fbe8427e000",11566,3219604425957883,3219604425958112
"MEMORY_ALLOCATION","MEMORY_ALLOCATION_FREE","",0,"0x00007fbe8427d000",11568,3219604425960123,3219604425960497
"MEMORY_ALLOCATION","MEMORY_ALLOCATION_FREE","",0,"0x00007fbe84278000",11570,3219604425962198,3219604425962497
"MEMORY_ALLOCATION","MEMORY_ALLOCATION_ALLOCATE","Agent 3",512,"0x00007fbe84275000",11572,3219604425964548,3219604425964775
"MEMORY_ALLOCATION","MEMORY_ALLOCATION_FREE","",0,"0x00007fbe84277000",11577,3219604425993111,3219604425993487
"MEMORY_ALLOCATION","MEMORY_ALLOCATION_ALLOCATE","Agent 3",2048,"0x00007fbe84276000",11579,3219604425995820,3219604425996080
"MEMORY_ALLOCATION","MEMORY_ALLOCATION_FREE","",0,"0x00007fbe84275000",11584,3219604426019941,3219604426020214
"MEMORY_ALLOCATION","MEMORY_ALLOCATION_FREE","",0,"0x00007fbe84274000",11586,3219604426022508,3219604426022760
"MEMORY_ALLOCATION","MEMORY_ALLOCATION_FREE","",0,"0x00007fbe84273000",11588,3219604426024874,3219604426025149
"MEMORY_ALLOCATION","MEMORY_ALLOCATION_FREE","",0,"0x00007fbe84272000",11590,3219604426027448,3219604426027753
"MEMORY_ALLOCATION","MEMORY_ALLOCATION_FREE","",0,"0x00007fbe84276000",11596,3219604426052085,3219604426052411
"MEMORY_ALLOCATION","MEMORY_ALLOCATION_ALLOCATE","Agent 3",8,"0x00007fbe84272000",11598,3219604426055319,3219604426055561
"MEMORY_ALLOCATION","MEMORY_ALLOCATION_FREE","",0,"0x00007fbe84272000",11605,3219604426090885,3219604426091176
"MEMORY_ALLOCATION","MEMORY_ALLOCATION_ALLOCATE","Agent 3",8,"0x00007fbe84272000",11607,3219604426093903,3219604426094140
"MEMORY_ALLOCATION","MEMORY_ALLOCATION_ALLOCATE","Agent 3",8,"0x00007fbe84273000",11611,3219604426114781,3219604426115082
"MEMORY_ALLOCATION","MEMORY_ALLOCATION_ALLOCATE","Agent 3",8,"0x00007fbe84274000",11615,3219604426134941,3219604426135253
"MEMORY_ALLOCATION","MEMORY_ALLOCATION_ALLOCATE","Agent 3",512,"0x00007fbe84275000",11619,3219604426155932,3219604426156313
"MEMORY_ALLOCATION","MEMORY_ALLOCATION_ALLOCATE","Agent 3",512,"0x00007fbe84276000",11624,3219604426164048,3219604426164480
"MEMORY_ALLOCATION","MEMORY_ALLOCATION_ALLOCATE","Agent 3",512,"0x00007fbe84277000",11629,3219604426172030,3219604426172538
"MEMORY_ALLOCATION","MEMORY_ALLOCATION_ALLOCATE","Agent 3",256,"0x00007fbe84278000",11634,3219604426180580,3219604426180900
"MEMORY_ALLOCATION","MEMORY_ALLOCATION_ALLOCATE","Agent 3",256,"0x00007fbe84279000",11639,3219604426188909,3219604426189211
"MEMORY_ALLOCATION","MEMORY_ALLOCATION_ALLOCATE","Agent 3",512,"0x00007fbe8427a000",11644,3219604426199531,3219604426199855
"MEMORY_ALLOCATION","MEMORY_ALLOCATION_ALLOCATE","Agent 3",256,"0x00007fbe8427b000",11649,3219604426209663,3219604426211391
"MEMORY_ALLOCATION","MEMORY_ALLOCATION_ALLOCATE","Agent 3",512,"0x00007fbe8427c000",11657,3219604426227137,3219604426227799
"MEMORY_ALLOCATION","MEMORY_ALLOCATION_ALLOCATE","Agent 3",512,"0x00007fbe8427d000",11662,3219604426236052,3219604426236509
"MEMORY_ALLOCATION","MEMORY_ALLOCATION_FREE","",0,"0x00007fbe8427c000",11667,3219604426265245,3219604426265701
"MEMORY_ALLOCATION","MEMORY_ALLOCATION_FREE","",0,"0x00007fbe8427b000",11669,3219604426268091,3219604426268379
"MEMORY_ALLOCATION","MEMORY_ALLOCATION_FREE","",0,"0x00007fbe8427a000",11671,3219604426270514,3219604426270854
"MEMORY_ALLOCATION","MEMORY_ALLOCATION_FREE","",0,"0x00007fbe84279000",11673,3219604426272525,3219604426272817
"MEMORY_ALLOCATION","MEMORY_ALLOCATION_FREE","",0,"0x00007fbe84278000",11675,3219604426274601,3219604426274874
"MEMORY_ALLOCATION","MEMORY_ALLOCATION_FREE","",0,"0x00007fbe84277000",11677,3219604426276576,3219604426276934
"MEMORY_ALLOCATION","MEMORY_ALLOCATION_FREE","",0,"0x00007fbe84276000",11679,3219604426278670,3219604426278981
"MEMORY_ALLOCATION","MEMORY_ALLOCATION_ALLOCATE","Agent 3",512,"0x00007fbe8427e000",11681,3219604426280755,3219604426280971
"MEMORY_ALLOCATION","MEMORY_ALLOCATION_ALLOCATE","Agent 3",512,"0x00007fbe84276000",11683,3219604426284508,3219604426284753
"MEMORY_ALLOCATION","MEMORY_ALLOCATION_ALLOCATE","Agent 3",1024,"0x00007fbe84277000",11688,3219604426292880,3219604426293190
"MEMORY_ALLOCATION","MEMORY_ALLOCATION_ALLOCATE","Agent 3",1024,"0x00007fbe84278000",11693,3219604426301211,3219604426301668
"MEMORY_ALLOCATION","MEMORY_ALLOCATION_ALLOCATE","Agent 3",1024,"0x00007fbe84279000",11698,3219604426309471,3219604426309900
"MEMORY_ALLOCATION","MEMORY_ALLOCATION_FREE","",0,"0x00007fbe84278000",11703,3219604426330376,3219604426330717
"MEMORY_ALLOCATION","MEMORY_ALLOCATION_FREE","",0,"0x00007fbe84277000",11705,3219604426332664,3219604426332925
"MEMORY_ALLOCATION","MEMORY_ALLOCATION_ALLOCATE","Agent 3",512,"0x00007fbe84277000",11707,3219604426334711,3219604426334943
"MEMORY_ALLOCATION","MEMORY_ALLOCATION_FREE","",0,"0x00007fbe84279000",11712,3219604426366448,3219604426366897
"MEMORY_ALLOCATION","MEMORY_ALLOCATION_ALLOCATE","Agent 3",512,"0x00007fbe84278000",11714,3219604426369011,3219604426369277
"MEMORY_ALLOCATION","MEMORY_ALLOCATION_FREE","",0,"0x00007fbe84277000",11719,3219604426386637,3219604426386989
"MEMORY_ALLOCATION","MEMORY_ALLOCATION_FREE","",0,"0x00007fbe84276000",11721,3219604426389112,3219604426389361
"MEMORY_ALLOCATION","MEMORY_ALLOCATION_FREE","",0,"0x00007fbe8427e000",11723,3219604426390982,3219604426391190
"MEMORY_ALLOCATION","MEMORY_ALLOCATION_FREE","",0,"0x00007fbe8427d000",11725,3219604426392942,3219604426393334
"MEMORY_ALLOCATION","MEMORY_ALLOCATION_FREE","",0,"0x00007fbe84275000",11727,3219604426395132,3219604426395387
"MEMORY_ALLOCATION","MEMORY_ALLOCATION_ALLOCATE","Agent 3",512,"0x00007fbe84275000",11729,3219604426397200,3219604426397435
"MEMORY_ALLOCATION","MEMORY_ALLOCATION_ALLOCATE","Agent 3",512,"0x00007fbe84276000",11734,3219604426405118,3219604426405398
"MEMORY_ALLOCATION","MEMORY_ALLOCATION_ALLOCATE","Agent 3",256,"0x00007fbe84277000",11739,3219604426413637,3219604426413872
"MEMORY_ALLOCATION","MEMORY_ALLOCATION_ALLOCATE","Agent 3",256,"0x00007fbe84279000",11744,3219604426421597,3219604426421949
"MEMORY_ALLOCATION","MEMORY_ALLOCATION_ALLOCATE","Agent 3",512,"0x00007fbe8427a000",11749,3219604426430359,3219604426430741
"MEMORY_ALLOCATION","MEMORY_ALLOCATION_ALLOCATE","Agent 3",256,"0x00007fbe8427b000",11754,3219604426439081,3219604426439622
"MEMORY_ALLOCATION","MEMORY_ALLOCATION_ALLOCATE","Agent 3",512,"0x00007fbe8427c000",11762,3219604426455511,3219604426455975
"MEMORY_ALLOCATION","MEMORY_ALLOCATION_ALLOCATE","Agent 3",512,"0x00007fbe8427d000",11767,3219604426475191,3219604426475614
"MEMORY_ALLOCATION","MEMORY_ALLOCATION_FREE","",0,"0x00007fbe8427c000",11772,3219604426504365,3219604426504732
"MEMORY_ALLOCATION","MEMORY_ALLOCATION_FREE","",0,"0x00007fbe8427b000",11774,3219604426506617,3219604426506867
"MEMORY_ALLOCATION","MEMORY_ALLOCATION_FREE","",0,"0x00007fbe8427a000",11776,3219604426508774,3219604426509049
"MEMORY_ALLOCATION","MEMORY_ALLOCATION_FREE","",0,"0x00007fbe84279000",11778,3219604426512104,3219604426512349
"MEMORY_ALLOCATION","MEMORY_ALLOCATION_FREE","",0,"0x00007fbe84277000",11780,3219604426513953,3219604426514203
"MEMORY_ALLOCATION","MEMORY_ALLOCATION_FREE","",0,"0x00007fbe84276000",11782,3219604426515958,3219604426516277
"MEMORY_ALLOCATION","MEMORY_ALLOCATION_FREE","",0,"0x00007fbe84275000",11784,3219604426518208,3219604426518467
"MEMORY_ALLOCATION","MEMORY_ALLOCATION_ALLOCATE","Agent 3",512,"0x00007fbe8427e000",11786,3219604426520557,3219604426520785
"MEMORY_ALLOCATION","MEMORY_ALLOCATION_ALLOCATE","Agent 3",512,"0x00007fbe84275000",11788,3219604426522984,3219604426523195
"MEMORY_ALLOCATION","MEMORY_ALLOCATION_ALLOCATE","Agent 3",1024,"0x00007fbe84276000",11793,3219604426532075,3219604426532424
"MEMORY_ALLOCATION","MEMORY_ALLOCATION_ALLOCATE","Agent 3",1024,"0x00007fbe84277000",11798,3219604426540568,3219604426540883
"MEMORY_ALLOCATION","MEMORY_ALLOCATION_ALLOCATE","Agent 3",1024,"0x00007fbe84279000",11803,3219604426549237,3219604426549633
"MEMORY_ALLOCATION","MEMORY_ALLOCATION_FREE","",0,"0x00007fbe84277000",11808,3219604426570573,3219604426570838
"MEMORY_ALLOCATION","MEMORY_ALLOCATION_FREE","",0,"0x00007fbe84276000",11810,3219604426572747,3219604426573014
"MEMORY_ALLOCATION","MEMORY_ALLOCATION_ALLOCATE","Agent 3",512,"0x00007fbe84276000",11812,3219604426574995,3219604426575277
"MEMORY_ALLOCATION","MEMORY_ALLOCATION_FREE","",0,"0x00007fbe84279000",11817,3219604426607252,3219604426607541
"MEMORY_ALLOCATION","MEMORY_ALLOCATION_ALLOCATE","Agent 3",512,"0x00007fbe84277000",11819,3219604426609585,3219604426609780
"MEMORY_ALLOCATION","MEMORY_ALLOCATION_FREE","",0,"0x00007fbe84276000",11824,3219604426626855,3219604426627090
"MEMORY_ALLOCATION","MEMORY_ALLOCATION_FREE","",0,"0x00007fbe84275000",11826,3219604426628802,3219604426629091
"MEMORY_ALLOCATION","MEMORY_ALLOCATION_FREE","",0,"0x00007fbe8427e000",11828,3219604426630822,3219604426631020
"MEMORY_ALLOCATION","MEMORY_ALLOCATION_FREE","",0,"0x00007fbe8427d000",11830,3219604426632858,3219604426633226
"MEMORY_ALLOCATION","MEMORY_ALLOCATION_FREE","",0,"0x00007fbe84278000",11832,3219604426635147,3219604426635406
"MEMORY_ALLOCATION","MEMORY_ALLOCATION_ALLOCATE","Agent 3",512,"0x00007fbe84275000",11834,3219604426637150,3219604426637373
"MEMORY_ALLOCATION","MEMORY_ALLOCATION_FREE","",0,"0x00007fbe84277000",11839,3219604426655288,3219604426655695
"MEMORY_ALLOCATION","MEMORY_ALLOCATION_ALLOCATE","Agent 3",2048,"0x00007fbe84276000",11841,3219604426658234,3219604426658498
"MEMORY_ALLOCATION","MEMORY_ALLOCATION_FREE","",0,"0x00007fbe84275000",11846,3219604426682581,3219604426682869
"MEMORY_ALLOCATION","MEMORY_ALLOCATION_FREE","",0,"0x00007fbe84274000",11848,3219604426684867,3219604426685101
"MEMORY_ALLOCATION","MEMORY_ALLOCATION_FREE","",0,"0x00007fbe84273000",11850,3219604426686966,3219604426687297
"MEMORY_ALLOCATION","MEMORY_ALLOCATION_FREE","",0,"0x00007fbe84272000",11852,3219604426689203,3219604426689474
"MEMORY_ALLOCATION","MEMORY_ALLOCATION_FREE","",0,"0x00007fbe84276000",11858,3219604426711567,3219604426711877
"MEMORY_ALLOCATION","MEMORY_ALLOCATION_ALLOCATE","Agent 3",8,"0x00007fbe84272000",11860,3219604426714350,3219604426714584
"MEMORY_ALLOCATION","MEMORY_ALLOCATION_FREE","",0,"0x00007fbe84272000",11867,3219604426750445,3219604426750806
"MEMORY_ALLOCATION","MEMORY_ALLOCATION_ALLOCATE","Agent 3",4,"0x00007fbe84272000",11881,3219604426779206,3219604426779525
"MEMORY_ALLOCATION","MEMORY_ALLOCATION_ALLOCATE","Agent 3",4,"0x00007fbe84273000",11885,3219604426800043,3219604426800343
"MEMORY_ALLOCATION","MEMORY_ALLOCATION_ALLOCATE","Agent 3",4,"0x00007fbe84274000",11889,3219604426820184,3219604426820538
"MEMORY_ALLOCATION","MEMORY_ALLOCATION_ALLOCATE","Agent 3",256,"0x00007fbe84275000",11893,3219604426840616,3219604426840953
"MEMORY_ALLOCATION","MEMORY_ALLOCATION_ALLOCATE","Agent 3",256,"0x00007fbe84276000",11898,3219604426849207,3219604426849553
"MEMORY_ALLOCATION","MEMORY_ALLOCATION_ALLOCATE","Agent 3",256,"0x00007fbe84277000",11903,3219604426863351,3219604426863728
"MEMORY_ALLOCATION","MEMORY_ALLOCATION_ALLOCATE","Agent 3",128,"0x00007fbe84278000",11908,3219604426873772,3219604426874448
"MEMORY_ALLOCATION","MEMORY_ALLOCATION_ALLOCATE","Agent 3",128,"0x00007fbe84279000",11913,3219604426905661,3219604426906543
"MEMORY_ALLOCATION","MEMORY_ALLOCATION_ALLOCATE","Agent 3",256,"0x00007fbe8427a000",11918,3219604426938892,3219604426939254
"MEMORY_ALLOCATION","MEMORY_ALLOCATION_ALLOCATE","Agent 3",128,"0x00007fbe8427b000",11923,3219604426948959,3219604426949365
"MEMORY_ALLOCATION","MEMORY_ALLOCATION_ALLOCATE","Agent 3",256,"0x00007fbe8427c000",11931,3219604426969680,3219604426970112
"MEMORY_ALLOCATION","MEMORY_ALLOCATION_ALLOCATE","Agent 3",256,"0x00007fbe8427d000",11936,3219604426980328,3219604426980771
"MEMORY_ALLOCATION","MEMORY_ALLOCATION_FREE","",0,"0x00007fbe8427c000",11941,3219604427011279,3219604427011746
"MEMORY_ALLOCATION","MEMORY_ALLOCATION_FREE","",0,"0x00007fbe8427b000",11943,3219604427014556,3219604427014925
"MEMORY_ALLOCATION","MEMORY_ALLOCATION_FREE","",0,"0x00007fbe8427a000",11945,3219604427017005,3219604427017263
"MEMORY_ALLOCATION","MEMORY_ALLOCATION_FREE","",0,"0x00007fbe84279000",11947,3219604427019146,3219604427019387
"MEMORY_ALLOCATION","MEMORY_ALLOCATION_FREE","",0,"0x00007fbe84278000",11949,3219604427021292,3219604427021654
"MEMORY_ALLOCATION","MEMORY_ALLOCATION_FREE","",0,"0x00007fbe84277000",11951,3219604427023504,3219604427023815
"MEMORY_ALLOCATION","MEMORY_ALLOCATION_FREE","",0,"0x00007fbe84276000",11953,3219604427025727,3219604427026120
"MEMORY_ALLOCATION","MEMORY_ALLOCATION_ALLOCATE","Agent 3",256,"0x00007fbe8427e000",11955,3219604427027879,3219604427028051
"MEMORY_ALLOCATION","MEMORY_ALLOCATION_ALLOCATE","Agent 3",256,"0x00007fbe84276000",11957,3219604427031584,3219604427031821
"MEMORY_ALLOCATION","MEMORY_ALLOCATION_ALLOCATE","Agent 3",512,"0x00007fbe84277000",11962,3219604427040863,3219604427041171
"MEMORY_ALLOCATION","MEMORY_ALLOCATION_ALLOCATE","Agent 3",512,"0x00007fbe84278000",11967,3219604427059496,3219604427060046
"MEMORY_ALLOCATION","MEMORY_ALLOCATION_ALLOCATE","Agent 3",512,"0x00007fbe84279000",11972,3219604427070198,3219604427070635
"MEMORY_ALLOCATION","MEMORY_ALLOCATION_FREE","",0,"0x00007fbe84278000",11977,3219604427090945,3219604427091277
"MEMORY_ALLOCATION","MEMORY_ALLOCATION_FREE","",0,"0x00007fbe84277000",11979,3219604427093208,3219604427093427
"MEMORY_ALLOCATION","MEMORY_ALLOCATION_ALLOCATE","Agent 3",256,"0x00007fbe84277000",11981,3219604427095185,3219604427095413
"MEMORY_ALLOCATION","MEMORY_ALLOCATION_FREE","",0,"0x00007fbe84279000",11986,3219604427127536,3219604427127895
"MEMORY_ALLOCATION","MEMORY_ALLOCATION_ALLOCATE","Agent 3",256,"0x00007fbe84278000",11988,3219604427130015,3219604427130257
"MEMORY_ALLOCATION","MEMORY_ALLOCATION_FREE","",0,"0x00007fbe84277000",11993,3219604427147362,3219604427147637
"MEMORY_ALLOCATION","MEMORY_ALLOCATION_FREE","",0,"0x00007fbe84276000",11995,3219604427149657,3219604427149885
"MEMORY_ALLOCATION","MEMORY_ALLOCATION_FREE","",0,"0x00007fbe8427e000",11997,3219604427151740,3219604427151906
"MEMORY_ALLOCATION","MEMORY_ALLOCATION_FREE","",0,"0x00007fbe8427d000",11999,3219604427153695,3219604427154031
"MEMORY_ALLOCATION","MEMORY_ALLOCATION_FREE","",0,"0x00007fbe84275000",12001,3219604427155943,3219604427156167
"MEMORY_ALLOCATION","MEMORY_ALLOCATION_ALLOCATE","Agent 3",256,"0x00007fbe84275000",12003,3219604427157987,3219604427158249
"MEMORY_ALLOCATION","MEMORY_ALLOCATION_ALLOCATE","Agent 3",256,"0x00007fbe84276000",12008,3219604427165932,3219604427166217
"MEMORY_ALLOCATION","MEMORY_ALLOCATION_ALLOCATE","Agent 3",128,"0x00007fbe84277000",12013,3219604427173925,3219604427174162
"MEMORY_ALLOCATION","MEMORY_ALLOCATION_ALLOCATE","Agent 3",128,"0x00007fbe84279000",12018,3219604427181898,3219604427182434
"MEMORY_ALLOCATION","MEMORY_ALLOCATION_ALLOCATE","Agent 3",256,"0x00007fbe8427a000",12023,3219604427191422,3219604427191760
"MEMORY_ALLOCATION","MEMORY_ALLOCATION_ALLOCATE","Agent 3",128,"0x00007fbe8427b000",12028,3219604427199662,3219604427200049
"MEMORY_ALLOCATION","MEMORY_ALLOCATION_ALLOCATE","Agent 3",256,"0x00007fbe8427c000",12036,3219604427215919,3219604427216330
"MEMORY_ALLOCATION","MEMORY_ALLOCATION_ALLOCATE","Agent 3",256,"0x00007fbe8427d000",12041,3219604427225536,3219604427225893
"MEMORY_ALLOCATION","MEMORY_ALLOCATION_FREE","",0,"0x00007fbe8427c000",12046,3219604427252294,3219604427252600
"MEMORY_ALLOCATION","MEMORY_ALLOCATION_FREE","",0,"0x00007fbe8427b000",12048,3219604427254561,3219604427254804
"MEMORY_ALLOCATION","MEMORY_ALLOCATION_FREE","",0,"0x00007fbe8427a000",12050,3219604427256632,3219604427256892
"MEMORY_ALLOCATION","MEMORY_ALLOCATION_FREE","",0,"0x00007fbe84279000",12052,3219604427258529,3219604427258770
"MEMORY_ALLOCATION","MEMORY_ALLOCATION_FREE","",0,"0x00007fbe84277000",12054,3219604427260445,3219604427260714
"MEMORY_ALLOCATION","MEMORY_ALLOCATION_FREE","",0,"0x00007fbe84276000",12056,3219604427262376,3219604427262639
"MEMORY_ALLOCATION","MEMORY_ALLOCATION_FREE","",0,"0x00007fbe84275000",12058,3219604427264337,3219604427264586
"MEMORY_ALLOCATION","MEMORY_ALLOCATION_ALLOCATE","Agent 3",256,"0x00007fbe8427e000",12060,3219604427266253,3219604427266471
"MEMORY_ALLOCATION","MEMORY_ALLOCATION_ALLOCATE","Agent 3",256,"0x00007fbe84275000",12062,3219604427269638,3219604427269863
"MEMORY_ALLOCATION","MEMORY_ALLOCATION_ALLOCATE","Agent 3",512,"0x00007fbe84276000",12067,3219604427277904,3219604427278248
"MEMORY_ALLOCATION","MEMORY_ALLOCATION_ALLOCATE","Agent 3",512,"0x00007fbe84277000",12072,3219604427285829,3219604427286139
"MEMORY_ALLOCATION","MEMORY_ALLOCATION_ALLOCATE","Agent 3",512,"0x00007fbe84279000",12077,3219604427294543,3219604427294991
"MEMORY_ALLOCATION","MEMORY_ALLOCATION_FREE","",0,"0x00007fbe84277000",12082,3219604427315358,3219604427315624
"MEMORY_ALLOCATION","MEMORY_ALLOCATION_FREE","",0,"0x00007fbe84276000",12084,3219604427317536,3219604427317784
"MEMORY_ALLOCATION","MEMORY_ALLOCATION_ALLOCATE","Agent 3",256,"0x00007fbe84276000",12086,3219604427319434,3219604427319664
"MEMORY_ALLOCATION","MEMORY_ALLOCATION_FREE","",0,"0x00007fbe84279000",12091,3219604427351826,3219604427352051
"MEMORY_ALLOCATION","MEMORY_ALLOCATION_ALLOCATE","Agent 3",256,"0x00007fbe84277000",12093,3219604427353936,3219604427354124
"MEMORY_ALLOCATION","MEMORY_ALLOCATION_FREE","",0,"0x00007fbe84276000",12098,3219604427371445,3219604427371674
"MEMORY_ALLOCATION","MEMORY_ALLOCATION_FREE","",0,"0x00007fbe84275000",12100,3219604427373581,3219604427373866
"MEMORY_ALLOCATION","MEMORY_ALLOCATION_FREE","",0,"0x00007fbe8427e000",12102,3219604427375560,3219604427375771
"MEMORY_ALLOCATION","MEMORY_ALLOCATION_FREE","",0,"0x00007fbe8427d000",12104,3219604427377580,3219604427377897
"MEMORY_ALLOCATION","MEMORY_ALLOCATION_FREE","",0,"0x00007fbe84278000",12106,3219604427379520,3219604427379767
"MEMORY_ALLOCATION","MEMORY_ALLOCATION_ALLOCATE","Agent 3",256,"0x00007fbe84275000",12108,3219604427381650,3219604427381862
"MEMORY_ALLOCATION","MEMORY_ALLOCATION_FREE","",0,"0x00007fbe84277000",12113,3219604427399596,3219604427399965
"MEMORY_ALLOCATION","MEMORY_ALLOCATION_ALLOCATE","Agent 3",1024,"0x00007fbe84276000",12115,3219604427402168,3219604427402430
"MEMORY_ALLOCATION","MEMORY_ALLOCATION_FREE","",0,"0x00007fbe84275000",12120,3219604427426697,3219604427427057
"MEMORY_ALLOCATION","MEMORY_ALLOCATION_FREE","",0,"0x00007fbe84274000",12122,3219604427429143,3219604427429339
"MEMORY_ALLOCATION","MEMORY_ALLOCATION_FREE","",0,"0x00007fbe84273000",12124,3219604427431241,3219604427431554
"MEMORY_ALLOCATION","MEMORY_ALLOCATION_FREE","",0,"0x00007fbe84272000",12126,3219604427433507,3219604427433748
"MEMORY_ALLOCATION","MEMORY_ALLOCATION_FREE","",0,"0x00007fbe84276000",12130,3219604427450974,3219604427451290
"MEMORY_ALLOCATION","MEMORY_ALLOCATION_ALLOCATE","Agent 3",48,"0x00007fbe84272000",12132,3219604427454074,3219604427454315
"MEMORY_ALLOCATION","MEMORY_ALLOCATION_ALLOCATE","Agent 3",3072,"0x00007fbe84273000",12136,3219604427474558,3219604427474848
"MEMORY_ALLOCATION","MEMORY_ALLOCATION_ALLOCATE","Agent 3",3072,"0x00007fbe84274000",12141,3219604427482957,3219604427483236
"MEMORY_ALLOCATION","MEMORY_ALLOCATION_ALLOCATE","Agent 3",3072,"0x00007fbe84275000",12146,3219604427493586,3219604427494185
"MEMORY_ALLOCATION","MEMORY_ALLOCATION_ALLOCATE","Agent 3",1536,"0x00007fbe84276000",12151,3219604427512126,3219604427512666
"MEMORY_ALLOCATION","MEMORY_ALLOCATION_ALLOCATE","Agent 3",1536,"0x00007fbe84277000",12156,3219604427520187,3219604427520513
"MEMORY_ALLOCATION","MEMORY_ALLOCATION_ALLOCATE","Agent 3",3072,"0x00007fbe84278000",12161,3219604427529367,3219604427529722
"MEMORY_ALLOCATION","MEMORY_ALLOCATION_ALLOCATE","Agent 3",1536,"0x00007fbe84279000",12166,3219604427538284,3219604427538663
"MEMORY_ALLOCATION","MEMORY_ALLOCATION_ALLOCATE","Agent 3",1536,"0x00007fbe8427a000",12171,3219604427548231,3219604427548784
"MEMORY_ALLOCATION","MEMORY_ALLOCATION_ALLOCATE","Agent 3",3072,"0x00007fbe8427b000",12176,3219604427557539,3219604427557978
"MEMORY_ALLOCATION","MEMORY_ALLOCATION_FREE","",0,"0x00007fbe84278000",12181,3219604427590992,3219604427591327
"MEMORY_ALLOCATION","MEMORY_ALLOCATION_ALLOCATE","Agent 3",1536,"0x00007fbe84278000",12183,3219604427594925,3219604427595103
"MEMORY_ALLOCATION","MEMORY_ALLOCATION_FREE","",0,"0x00007fbe84279000",12188,3219604427613543,3219604427613846
"MEMORY_ALLOCATION","MEMORY_ALLOCATION_ALLOCATE","Agent 3",8192,"0x00007fbe8427c000",12190,3219604427616037,3219604427616393
"MEMORY_ALLOCATION","MEMORY_ALLOCATION_ALLOCATE","Agent 3",8192,"0x00007fbe8428b000",12196,3219604427631959,3219604427632385
"MEMORY_ALLOCATION","MEMORY_ALLOCATION_ALLOCATE","Agent 3",3072,"0x00007fbe84279000",12202,3219604427644920,3219604427645264
"MEMORY_ALLOCATION","MEMORY_ALLOCATION_ALLOCATE","Agent 3",3072,"0x00007fbe8427e000",12207,3219604427654810,3219604427655223
"MEMORY_ALLOCATION","MEMORY_ALLOCATION_FREE","",0,"0x00007fbe84279000",12212,3219604427675290,3219604427675567
"MEMORY_ALLOCATION","MEMORY_ALLOCATION_ALLOCATE","Agent 3",3072,"0x00007fbe84279000",12214,3219604427677989,3219604427678160
"MEMORY_ALLOCATION","MEMORY_ALLOCATION_FREE","",0,"0x00007fbe8427e000",12219,3219604427702706,3219604427702974
"MEMORY_ALLOCATION","MEMORY_ALLOCATION_FREE","",0,"0x00007fbe8427a000",12221,3219604427704826,3219604427705066
"MEMORY_ALLOCATION","MEMORY_ALLOCATION_FREE","",0,"0x00007fbe84278000",12223,3219604427707244,3219604427707459
"MEMORY_ALLOCATION","MEMORY_ALLOCATION_FREE","",0,"0x00007fbe8427b000",12225,3219604427709289,3219604427709611
"MEMORY_ALLOCATION","MEMORY_ALLOCATION_FREE","",0,"0x00007fbe84277000",12227,3219604427711537,3219604427711807
"MEMORY_ALLOCATION","MEMORY_ALLOCATION_FREE","",0,"0x00007fbe84276000",12229,3219604427713504,3219604427713771
"MEMORY_ALLOCATION","MEMORY_ALLOCATION_FREE","",0,"0x00007fbe84275000",12231,3219604427715591,3219604427715827
"MEMORY_ALLOCATION","MEMORY_ALLOCATION_ALLOCATE","Agent 3",3072,"0x00007fbe8427e000",12233,3219604427717619,3219604427717902
"MEMORY_ALLOCATION","MEMORY_ALLOCATION_FREE","",0,"0x00007fbe84279000",12238,3219604427736429,3219604427736857
"MEMORY_ALLOCATION","MEMORY_ALLOCATION_FREE","",0,"0x00007fbe84274000",12240,3219604427738679,3219604427738953
"MEMORY_ALLOCATION","MEMORY_ALLOCATION_ALLOCATE","Agent 3",3072,"0x00007fbe84274000",12242,3219604427740948,3219604427741227
"MEMORY_ALLOCATION","MEMORY_ALLOCATION_ALLOCATE","Agent 3",6144,"0x00007fbe84275000",12247,3219604427749929,3219604427750240
"MEMORY_ALLOCATION","MEMORY_ALLOCATION_ALLOCATE","Agent 3",6144,"0x00007fbe84277000",12252,3219604427763798,3219604427764162
"MEMORY_ALLOCATION","MEMORY_ALLOCATION_ALLOCATE","Agent 3",6144,"0x00007fbe84279000",12257,3219604427771598,3219604427771976
"MEMORY_ALLOCATION","MEMORY_ALLOCATION_FREE","",0,"0x00007fbe84277000",12262,3219604427794701,3219604427794978
"MEMORY_ALLOCATION","MEMORY_ALLOCATION_FREE","",0,"0x00007fbe84275000",12264,3219604427797160,3219604427797499
"MEMORY_ALLOCATION","MEMORY_ALLOCATION_ALLOCATE","Agent 3",3072,"0x00007fbe8427b000",12266,3219604427803804,3219604427804110
"MEMORY_ALLOCATION","MEMORY_ALLOCATION_FREE","",0,"0x00007fbe84279000",12271,3219604427864243,3219604427865005
"MEMORY_ALLOCATION","MEMORY_ALLOCATION_ALLOCATE","Agent 3",3072,"0x00007fbe84275000",12273,3219604427867199,3219604427867408
"MEMORY_ALLOCATION","MEMORY_ALLOCATION_FREE","",0,"0x00007fbe8427b000",12278,3219604427885638,3219604427885970
"MEMORY_ALLOCATION","MEMORY_ALLOCATION_FREE","",0,"0x00007fbe84274000",12280,3219604427888149,3219604427888370
"MEMORY_ALLOCATION","MEMORY_ALLOCATION_FREE","",0,"0x00007fbe8427e000",12282,3219604427890283,3219604427890522
"MEMORY_ALLOCATION","MEMORY_ALLOCATION_FREE","",0,"0x00007fbe84273000",12284,3219604427892359,3219604427892762
"MEMORY_ALLOCATION","MEMORY_ALLOCATION_ALLOCATE","Agent 3",3072,"0x00007fbe8427e000",12286,3219604427894520,3219604427894734
"MEMORY_ALLOCATION","MEMORY_ALLOCATION_ALLOCATE","Agent 3",3072,"0x00007fbe84273000",12291,3219604427902784,3219604427903078
"MEMORY_ALLOCATION","MEMORY_ALLOCATION_ALLOCATE","Agent 3",1536,"0x00007fbe84274000",12296,3219604427911285,3219604427911569
"MEMORY_ALLOCATION","MEMORY_ALLOCATION_ALLOCATE","Agent 3",1536,"0x00007fbe84276000",12301,3219604427919634,3219604427919915
"MEMORY_ALLOCATION","MEMORY_ALLOCATION_ALLOCATE","Agent 3",3072,"0x00007fbe84277000",12306,3219604427928099,3219604427928454
"MEMORY_ALLOCATION","MEMORY_ALLOCATION_ALLOCATE","Agent 3",1536,"0x00007fbe84278000",12311,3219604427936890,3219604427937514
"MEMORY_ALLOCATION","MEMORY_ALLOCATION_ALLOCATE","Agent 3",1536,"0x00007fbe84279000",12316,3219604427948044,3219604427948534
"MEMORY_ALLOCATION","MEMORY_ALLOCATION_ALLOCATE","Agent 3",3072,"0x00007fbe8427a000",12321,3219604427957308,3219604427957684
"MEMORY_ALLOCATION","MEMORY_ALLOCATION_FREE","",0,"0x00007fbe84277000",12326,3219604427979982,3219604427980333
"MEMORY_ALLOCATION","MEMORY_ALLOCATION_ALLOCATE","Agent 3",1536,"0x00007fbe8427b000",12328,3219604427983976,3219604427984451
"MEMORY_ALLOCATION","MEMORY_ALLOCATION_FREE","",0,"0x00007fbe84278000",12333,3219604428011452,3219604428011981
"MEMORY_ALLOCATION","MEMORY_ALLOCATION_ALLOCATE","Agent 3",8192,"0x00007fbe84277000",12335,3219604428014748,3219604428015002
"MEMORY_ALLOCATION","MEMORY_ALLOCATION_ALLOCATE","Agent 3",8192,"0x00007fbe8428d000",12341,3219604428027489,3219604428027865
"MEMORY_ALLOCATION","MEMORY_ALLOCATION_ALLOCATE","Agent 3",3072,"0x00007fbe8428f000",12347,3219604428042156,3219604428042736
"MEMORY_ALLOCATION","MEMORY_ALLOCATION_ALLOCATE","Agent 3",3072,"0x00007fbe84290000",12352,3219604428052271,3219604428052725
"MEMORY_ALLOCATION","MEMORY_ALLOCATION_FREE","",0,"0x00007fbe8428f000",12357,3219604428073452,3219604428073734
"MEMORY_ALLOCATION","MEMORY_ALLOCATION_ALLOCATE","Agent 3",3072,"0x00007fbe8428f000",12359,3219604428075504,3219604428075724
"MEMORY_ALLOCATION","MEMORY_ALLOCATION_FREE","",0,"0x00007fbe84290000",12364,3219604428100821,3219604428101195
"MEMORY_ALLOCATION","MEMORY_ALLOCATION_FREE","",0,"0x00007fbe84279000",12366,3219604428103172,3219604428103420
"MEMORY_ALLOCATION","MEMORY_ALLOCATION_FREE","",0,"0x00007fbe8427b000",12368,3219604428105481,3219604428105735
"MEMORY_ALLOCATION","MEMORY_ALLOCATION_FREE","",0,"0x00007fbe8427a000",12370,3219604428107640,3219604428107980
"MEMORY_ALLOCATION","MEMORY_ALLOCATION_FREE","",0,"0x00007fbe84276000",12372,3219604428109935,3219604428110160
"MEMORY_ALLOCATION","MEMORY_ALLOCATION_FREE","",0,"0x00007fbe84274000",12374,3219604428111834,3219604428112083
"MEMORY_ALLOCATION","MEMORY_ALLOCATION_FREE","",0,"0x00007fbe84273000",12376,3219604428113862,3219604428114185
"MEMORY_ALLOCATION","MEMORY_ALLOCATION_ALLOCATE","Agent 3",3072,"0x00007fbe84276000",12378,3219604428116006,3219604428116252
"MEMORY_ALLOCATION","MEMORY_ALLOCATION_FREE","",0,"0x00007fbe8428f000",12383,3219604428145076,3219604428145446
"MEMORY_ALLOCATION","MEMORY_ALLOCATION_FREE","",0,"0x00007fbe8427e000",12385,3219604428147435,3219604428147683
"MEMORY_ALLOCATION","MEMORY_ALLOCATION_ALLOCATE","Agent 3",3072,"0x00007fbe8427e000",12387,3219604428149447,3219604428149687
"MEMORY_ALLOCATION","MEMORY_ALLOCATION_ALLOCATE","Agent 3",6144,"0x00007fbe84273000",12392,3219604428157694,3219604428157946
"MEMORY_ALLOCATION","MEMORY_ALLOCATION_ALLOCATE","Agent 3",6144,"0x00007fbe84279000",12397,3219604428169075,3219604428169556
"MEMORY_ALLOCATION","MEMORY_ALLOCATION_ALLOCATE","Agent 3",6144,"0x00007fbe8428f000",12402,3219604428177677,3219604428178192
"MEMORY_ALLOCATION","MEMORY_ALLOCATION_FREE","",0,"0x00007fbe84279000",12407,3219604428198533,3219604428198868
"MEMORY_ALLOCATION","MEMORY_ALLOCATION_FREE","",0,"0x00007fbe84273000",12409,3219604428200991,3219604428201252
"MEMORY_ALLOCATION","MEMORY_ALLOCATION_ALLOCATE","Agent 3",3072,"0x00007fbe84273000",12411,3219604428202942,3219604428203193
"MEMORY_ALLOCATION","MEMORY_ALLOCATION_FREE","",0,"0x00007fbe8428f000",12416,3219604428248357,3219604428248732
"MEMORY_ALLOCATION","MEMORY_ALLOCATION_ALLOCATE","Agent 3",3072,"0x00007fbe84274000",12418,3219604428251039,3219604428251375
"MEMORY_ALLOCATION","MEMORY_ALLOCATION_FREE","",0,"0x00007fbe84273000",12423,3219604428287157,3219604428287465
"MEMORY_ALLOCATION","MEMORY_ALLOCATION_FREE","",0,"0x00007fbe8427e000",12425,3219604428289565,3219604428289766
"MEMORY_ALLOCATION","MEMORY_ALLOCATION_FREE","",0,"0x00007fbe84276000",12427,3219604428291691,3219604428292000
"MEMORY_ALLOCATION","MEMORY_ALLOCATION_FREE","",0,"0x00007fbe84275000",12429,3219604428293873,3219604428294217
"MEMORY_ALLOCATION","MEMORY_ALLOCATION_ALLOCATE","Agent 3",3072,"0x00007fbe84273000",12431,3219604428295953,3219604428296189
"MEMORY_ALLOCATION","MEMORY_ALLOCATION_FREE","",0,"0x00007fbe84274000",12436,3219604428314238,3219604428314618
"MEMORY_ALLOCATION","MEMORY_ALLOCATION_ALLOCATE","Agent 3",1024,"0x00007fbe8427e000",12438,3219604428317058,3219604428317273
"MEMORY_ALLOCATION","MEMORY_ALLOCATION_FREE","",0,"0x00007fbe84273000",12443,3219604428341598,3219604428342060
"MEMORY_ALLOCATION","MEMORY_ALLOCATION_FREE","",0,"0x00007fbe84272000",12445,3219604428344213,3219604428344605
"MEMORY_ALLOCATION","MEMORY_ALLOCATION_FREE","",0,"0x00007fbe8428b000",12463,3219604428402773,3219604428403080
"MEMORY_ALLOCATION","MEMORY_ALLOCATION_FREE","",0,"0x00007fbe8427c000",12465,3219604428405440,3219604428405854
"MEMORY_ALLOCATION","MEMORY_ALLOCATION_FREE","",0,"0x00007fbe8428d000",12467,3219604428408078,3219604428408430
"MEMORY_ALLOCATION","MEMORY_ALLOCATION_FREE","",0,"0x00007fbe84277000",12469,3219604428410370,3219604428410709
"MEMORY_ALLOCATION","MEMORY_ALLOCATION_FREE","",0,"0x00007fbe8427e000",12473,3219604428429409,3219604428429746
"MEMORY_ALLOCATION","MEMORY_ALLOCATION_ALLOCATE","Agent 3",8,"0x00007fbe84272000",12475,3219604428431988,3219604428432247
"MEMORY_ALLOCATION","MEMORY_ALLOCATION_FREE","",0,"0x00007fbe84272000",12482,3219604428468823,3219604428469103
"MEMORY_ALLOCATION","MEMORY_ALLOCATION_ALLOCATE","Agent 3",8,"0x00007fbe84272000",12484,3219604428471761,3219604428471969
"MEMORY_ALLOCATION","MEMORY_ALLOCATION_ALLOCATE","Agent 3",8,"0x00007fbe84273000",12488,3219604428492675,3219604428492981
"MEMORY_ALLOCATION","MEMORY_ALLOCATION_ALLOCATE","Agent 3",8,"0x00007fbe84274000",12492,3219604428513159,3219604428513585
"MEMORY_ALLOCATION","MEMORY_ALLOCATION_ALLOCATE","Agent 3",512,"0x00007fbe84275000",12496,3219604428534095,3219604428534469
"MEMORY_ALLOCATION","MEMORY_ALLOCATION_ALLOCATE","Agent 3",512,"0x00007fbe84276000",12501,3219604428542363,3219604428542749
"MEMORY_ALLOCATION","MEMORY_ALLOCATION_ALLOCATE","Agent 3",512,"0x00007fbe84277000",12506,3219604428555576,3219604428556018
"MEMORY_ALLOCATION","MEMORY_ALLOCATION_ALLOCATE","Agent 3",256,"0x00007fbe84278000",12511,3219604428564285,3219604428564687
"MEMORY_ALLOCATION","MEMORY_ALLOCATION_ALLOCATE","Agent 3",256,"0x00007fbe84279000",12516,3219604428572838,3219604428573335
"MEMORY_ALLOCATION","MEMORY_ALLOCATION_ALLOCATE","Agent 3",512,"0x00007fbe8427a000",12521,3219604428581815,3219604428582162
"MEMORY_ALLOCATION","MEMORY_ALLOCATION_ALLOCATE","Agent 3",256,"0x00007fbe8427b000",12526,3219604428590049,3219604428590355
"MEMORY_ALLOCATION","MEMORY_ALLOCATION_ALLOCATE","Agent 3",512,"0x00007fbe8427c000",12534,3219604428607662,3219604428608043
"MEMORY_ALLOCATION","MEMORY_ALLOCATION_ALLOCATE","Agent 3",512,"0x00007fbe8427d000",12539,3219604428617507,3219604428617908
"MEMORY_ALLOCATION","MEMORY_ALLOCATION_FREE","",0,"0x00007fbe8427c000",12544,3219604428656093,3219604428656447
"MEMORY_ALLOCATION","MEMORY_ALLOCATION_FREE","",0,"0x00007fbe8427b000",12546,3219604428660730,3219604428661036
"MEMORY_ALLOCATION","MEMORY_ALLOCATION_FREE","",0,"0x00007fbe8427a000",12548,3219604428663239,3219604428663503
"MEMORY_ALLOCATION","MEMORY_ALLOCATION_FREE","",0,"0x00007fbe84279000",12550,3219604428665204,3219604428665478
"MEMORY_ALLOCATION","MEMORY_ALLOCATION_FREE","",0,"0x00007fbe84278000",12552,3219604428667212,3219604428667514
"MEMORY_ALLOCATION","MEMORY_ALLOCATION_FREE","",0,"0x00007fbe84277000",12554,3219604428669213,3219604428669461
"MEMORY_ALLOCATION","MEMORY_ALLOCATION_FREE","",0,"0x00007fbe84276000",12556,3219604428671275,3219604428671539
"MEMORY_ALLOCATION","MEMORY_ALLOCATION_ALLOCATE","Agent 3",512,"0x00007fbe8427e000",12558,3219604428673302,3219604428673507
"MEMORY_ALLOCATION","MEMORY_ALLOCATION_ALLOCATE","Agent 3",512,"0x00007fbe84276000",12560,3219604428675157,3219604428675406
"MEMORY_ALLOCATION","MEMORY_ALLOCATION_ALLOCATE","Agent 3",1024,"0x00007fbe84277000",12565,3219604428684126,3219604428684407
"MEMORY_ALLOCATION","MEMORY_ALLOCATION_ALLOCATE","Agent 3",1024,"0x00007fbe84278000",12570,3219604428695017,3219604428695518
"MEMORY_ALLOCATION","MEMORY_ALLOCATION_ALLOCATE","Agent 3",1024,"0x00007fbe84279000",12575,3219604428716520,3219604428716954
"MEMORY_ALLOCATION","MEMORY_ALLOCATION_FREE","",0,"0x00007fbe84278000",12580,3219604428737038,3219604428737360
"MEMORY_ALLOCATION","MEMORY_ALLOCATION_FREE","",0,"0x00007fbe84277000",12582,3219604428739349,3219604428739602
"MEMORY_ALLOCATION","MEMORY_ALLOCATION_ALLOCATE","Agent 3",512,"0x00007fbe84277000",12584,3219604428741667,3219604428741907
"MEMORY_ALLOCATION","MEMORY_ALLOCATION_FREE","",0,"0x00007fbe84279000",12589,3219604428772733,3219604428773099
"MEMORY_ALLOCATION","MEMORY_ALLOCATION_ALLOCATE","Agent 3",512,"0x00007fbe84278000",12591,3219604428775068,3219604428775340
"MEMORY_ALLOCATION","MEMORY_ALLOCATION_FREE","",0,"0x00007fbe84277000",12596,3219604428793164,3219604428793444
"MEMORY_ALLOCATION","MEMORY_ALLOCATION_FREE","",0,"0x00007fbe84276000",12598,3219604428795586,3219604428795814
"MEMORY_ALLOCATION","MEMORY_ALLOCATION_FREE","",0,"0x00007fbe8427e000",12600,3219604428797680,3219604428797851
"MEMORY_ALLOCATION","MEMORY_ALLOCATION_FREE","",0,"0x00007fbe8427d000",12602,3219604428801449,3219604428801813
"MEMORY_ALLOCATION","MEMORY_ALLOCATION_FREE","",0,"0x00007fbe84275000",12604,3219604428803538,3219604428803829
"MEMORY_ALLOCATION","MEMORY_ALLOCATION_ALLOCATE","Agent 3",512,"0x00007fbe84275000",12606,3219604428805725,3219604428805972
"MEMORY_ALLOCATION","MEMORY_ALLOCATION_ALLOCATE","Agent 3",512,"0x00007fbe84276000",12611,3219604428817327,3219604428817633
"MEMORY_ALLOCATION","MEMORY_ALLOCATION_ALLOCATE","Agent 3",256,"0x00007fbe84277000",12616,3219604428873179,3219604428873466
"MEMORY_ALLOCATION","MEMORY_ALLOCATION_ALLOCATE","Agent 3",256,"0x00007fbe84279000",12621,3219604428881718,3219604428882039
"MEMORY_ALLOCATION","MEMORY_ALLOCATION_ALLOCATE","Agent 3",512,"0x00007fbe8427a000",12626,3219604428892213,3219604428892565
"MEMORY_ALLOCATION","MEMORY_ALLOCATION_ALLOCATE","Agent 3",256,"0x00007fbe8427b000",12631,3219604428901112,3219604428901621
"MEMORY_ALLOCATION","MEMORY_ALLOCATION_ALLOCATE","Agent 3",512,"0x00007fbe8427c000",12639,3219604428918135,3219604428918606
"MEMORY_ALLOCATION","MEMORY_ALLOCATION_ALLOCATE","Agent 3",512,"0x00007fbe8427d000",12644,3219604428927527,3219604428927988
"MEMORY_ALLOCATION","MEMORY_ALLOCATION_FREE","",0,"0x00007fbe8427c000",12649,3219604428956776,3219604428957065
"MEMORY_ALLOCATION","MEMORY_ALLOCATION_FREE","",0,"0x00007fbe8427b000",12651,3219604428959085,3219604428959454
"MEMORY_ALLOCATION","MEMORY_ALLOCATION_FREE","",0,"0x00007fbe8427a000",12653,3219604428961651,3219604428961936
"MEMORY_ALLOCATION","MEMORY_ALLOCATION_FREE","",0,"0x00007fbe84279000",12655,3219604428963629,3219604428963884
"MEMORY_ALLOCATION","MEMORY_ALLOCATION_FREE","",0,"0x00007fbe84277000",12657,3219604428965441,3219604428965667
"MEMORY_ALLOCATION","MEMORY_ALLOCATION_FREE","",0,"0x00007fbe84276000",12659,3219604428967389,3219604428967598
"MEMORY_ALLOCATION","MEMORY_ALLOCATION_FREE","",0,"0x00007fbe84275000",12661,3219604428969343,3219604428969589
"MEMORY_ALLOCATION","MEMORY_ALLOCATION_ALLOCATE","Agent 3",512,"0x00007fbe8427e000",12663,3219604428971279,3219604428971524
"MEMORY_ALLOCATION","MEMORY_ALLOCATION_ALLOCATE","Agent 3",512,"0x00007fbe84275000",12665,3219604428974785,3219604428975021
"MEMORY_ALLOCATION","MEMORY_ALLOCATION_ALLOCATE","Agent 3",1024,"0x00007fbe84276000",12670,3219604428983498,3219604428983816
"MEMORY_ALLOCATION","MEMORY_ALLOCATION_ALLOCATE","Agent 3",1024,"0x00007fbe84277000",12675,3219604428994676,3219604428994987
"MEMORY_ALLOCATION","MEMORY_ALLOCATION_ALLOCATE","Agent 3",1024,"0x00007fbe84279000",12680,3219604429013260,3219604429013738
"MEMORY_ALLOCATION","MEMORY_ALLOCATION_FREE","",0,"0x00007fbe84277000",12685,3219604429033687,3219604429034041
"MEMORY_ALLOCATION","MEMORY_ALLOCATION_FREE","",0,"0x00007fbe84276000",12687,3219604429036015,3219604429036296
"MEMORY_ALLOCATION","MEMORY_ALLOCATION_ALLOCATE","Agent 3",512,"0x00007fbe84276000",12689,3219604429038341,3219604429038578
"MEMORY_ALLOCATION","MEMORY_ALLOCATION_FREE","",0,"0x00007fbe84279000",12694,3219604429070099,3219604429070393
"MEMORY_ALLOCATION","MEMORY_ALLOCATION_ALLOCATE","Agent 3",512,"0x00007fbe84277000",12696,3219604429072620,3219604429072815
"MEMORY_ALLOCATION","MEMORY_ALLOCATION_FREE","",0,"0x00007fbe84276000",12701,3219604429090717,3219604429090943
"MEMORY_ALLOCATION","MEMORY_ALLOCATION_FREE","",0,"0x00007fbe84275000",12703,3219604429092885,3219604429093183
"MEMORY_ALLOCATION","MEMORY_ALLOCATION_FREE","",0,"0x00007fbe8427e000",12705,3219604429094907,3219604429095129
"MEMORY_ALLOCATION","MEMORY_ALLOCATION_FREE","",0,"0x00007fbe8427d000",12707,3219604429097010,3219604429097307
"MEMORY_ALLOCATION","MEMORY_ALLOCATION_FREE","",0,"0x00007fbe84278000",12709,3219604429099210,3219604429099486
"MEMORY_ALLOCATION","MEMORY_ALLOCATION_ALLOCATE","Agent 3",512,"0x00007fbe84275000",12711,3219604429101387,3219604429101642
"MEMORY_ALLOCATION","MEMORY_ALLOCATION_FREE","",0,"0x00007fbe84277000",12716,3219604429124943,3219604429125443
"MEMORY_ALLOCATION","MEMORY_ALLOCATION_ALLOCATE","Agent 3",2048,"0x00007fbe84276000",12718,3219604429127942,3219604429128238
"MEMORY_ALLOCATION","MEMORY_ALLOCATION_FREE","",0,"0x00007fbe84275000",12723,3219604429153199,3219604429153476
"MEMORY_ALLOCATION","MEMORY_ALLOCATION_FREE","",0,"0x00007fbe84274000",12725,3219604429155614,3219604429155807
"MEMORY_ALLOCATION","MEMORY_ALLOCATION_FREE","",0,"0x00007fbe84273000",12727,3219604429157665,3219604429157907
"MEMORY_ALLOCATION","MEMORY_ALLOCATION_FREE","",0,"0x00007fbe84272000",12729,3219604429159683,3219604429159917
"MEMORY_ALLOCATION","MEMORY_ALLOCATION_FREE","",0,"0x00007fbe84276000",12735,3219604429183521,3219604429183829
"MEMORY_ALLOCATION","MEMORY_ALLOCATION_ALLOCATE","Agent 3",8,"0x00007fbe84272000",12737,3219604429186564,3219604429186812
"MEMORY_ALLOCATION","MEMORY_ALLOCATION_FREE","",0,"0x00007fbe84272000",12744,3219604429226055,3219604429226368
"MEMORY_ALLOCATION","MEMORY_ALLOCATION_ALLOCATE","Agent 3",4,"0x00007fbe84272000",12758,3219604429311049,3219604429311306
"MEMORY_ALLOCATION","MEMORY_ALLOCATION_ALLOCATE","Agent 3",4,"0x00007fbe84273000",12762,3219604429342280,3219604429342579
"MEMORY_ALLOCATION","MEMORY_ALLOCATION_ALLOCATE","Agent 3",4,"0x00007fbe84274000",12766,3219604429362902,3219604429363240
"MEMORY_ALLOCATION","MEMORY_ALLOCATION_ALLOCATE","Agent 3",256,"0x00007fbe84275000",12770,3219604429383960,3219604429384354
"MEMORY_ALLOCATION","MEMORY_ALLOCATION_ALLOCATE","Agent 3",256,"0x00007fbe84276000",12775,3219604429392462,3219604429392928
"MEMORY_ALLOCATION","MEMORY_ALLOCATION_ALLOCATE","Agent 3",256,"0x00007fbe84277000",12780,3219604429401865,3219604429402380
"MEMORY_ALLOCATION","MEMORY_ALLOCATION_ALLOCATE","Agent 3",128,"0x00007fbe84278000",12785,3219604429412137,3219604429412538
"MEMORY_ALLOCATION","MEMORY_ALLOCATION_ALLOCATE","Agent 3",128,"0x00007fbe84279000",12790,3219604429420230,3219604429420748
"MEMORY_ALLOCATION","MEMORY_ALLOCATION_ALLOCATE","Agent 3",256,"0x00007fbe8427a000",12795,3219604429434162,3219604429434828
"MEMORY_ALLOCATION","MEMORY_ALLOCATION_ALLOCATE","Agent 3",128,"0x00007fbe8427b000",12800,3219604429444168,3219604429444614
"MEMORY_ALLOCATION","MEMORY_ALLOCATION_ALLOCATE","Agent 3",256,"0x00007fbe8427c000",12808,3219604429461293,3219604429461699
"MEMORY_ALLOCATION","MEMORY_ALLOCATION_ALLOCATE","Agent 3",256,"0x00007fbe8427d000",12813,3219604429470585,3219604429470968
"MEMORY_ALLOCATION","MEMORY_ALLOCATION_FREE","",0,"0x00007fbe8427c000",12818,3219604429501007,3219604429501554
"MEMORY_ALLOCATION","MEMORY_ALLOCATION_FREE","",0,"0x00007fbe8427b000",12820,3219604429503808,3219604429504202
"MEMORY_ALLOCATION","MEMORY_ALLOCATION_FREE","",0,"0x00007fbe8427a000",12822,3219604429506814,3219604429507142
"MEMORY_ALLOCATION","MEMORY_ALLOCATION_FREE","",0,"0x00007fbe84279000",12824,3219604429509034,3219604429509299
"MEMORY_ALLOCATION","MEMORY_ALLOCATION_FREE","",0,"0x00007fbe84278000",12826,3219604429511015,3219604429511286
"MEMORY_ALLOCATION","MEMORY_ALLOCATION_FREE","",0,"0x00007fbe84277000",12828,3219604429512971,3219604429513217
"MEMORY_ALLOCATION","MEMORY_ALLOCATION_FREE","",0,"0x00007fbe84276000",12830,3219604429514918,3219604429515149
"MEMORY_ALLOCATION","MEMORY_ALLOCATION_ALLOCATE","Agent 3",256,"0x00007fbe8427e000",12832,3219604429516739,3219604429516908
"MEMORY_ALLOCATION","MEMORY_ALLOCATION_ALLOCATE","Agent 3",256,"0x00007fbe84276000",12834,3219604429520182,3219604429520479
"MEMORY_ALLOCATION","MEMORY_ALLOCATION_ALLOCATE","Agent 3",512,"0x00007fbe84277000",12839,3219604429529673,3219604429530000
"MEMORY_ALLOCATION","MEMORY_ALLOCATION_ALLOCATE","Agent 3",512,"0x00007fbe84278000",12844,3219604429538546,3219604429538919
"MEMORY_ALLOCATION","MEMORY_ALLOCATION_ALLOCATE","Agent 3",512,"0x00007fbe84279000",12849,3219604429547047,3219604429547346
"MEMORY_ALLOCATION","MEMORY_ALLOCATION_FREE","",0,"0x00007fbe84278000",12854,3219604429567791,3219604429568155
"MEMORY_ALLOCATION","MEMORY_ALLOCATION_FREE","",0,"0x00007fbe84277000",12856,3219604429570303,3219604429570531
"MEMORY_ALLOCATION","MEMORY_ALLOCATION_ALLOCATE","Agent 3",256,"0x00007fbe84277000",12858,3219604429572438,3219604429572653
"MEMORY_ALLOCATION","MEMORY_ALLOCATION_FREE","",0,"0x00007fbe84279000",12863,3219604429603523,3219604429603985
"MEMORY_ALLOCATION","MEMORY_ALLOCATION_ALLOCATE","Agent 3",256,"0x00007fbe84278000",12865,3219604429606226,3219604429606465
"MEMORY_ALLOCATION","MEMORY_ALLOCATION_FREE","",0,"0x00007fbe84277000",12870,3219604429624020,3219604429624283
"MEMORY_ALLOCATION","MEMORY_ALLOCATION_FREE","",0,"0x00007fbe84276000",12872,3219604429626221,3219604429626445
"MEMORY_ALLOCATION","MEMORY_ALLOCATION_FREE","",0,"0x00007fbe8427e000",12874,3219604429628237,3219604429628433
"MEMORY_ALLOCATION","MEMORY_ALLOCATION_FREE","",0,"0x00007fbe8427d000",12876,3219604429630083,3219604429630438
"MEMORY_ALLOCATION","MEMORY_ALLOCATION_FREE","",0,"0x00007fbe84275000",12878,3219604429632402,3219604429632675
"MEMORY_ALLOCATION","MEMORY_ALLOCATION_ALLOCATE","Agent 3",256,"0x00007fbe84275000",12880,3219604429634525,3219604429634778
"MEMORY_ALLOCATION","MEMORY_ALLOCATION_ALLOCATE","Agent 3",256,"0x00007fbe84276000",12885,3219604429642905,3219604429643226
"MEMORY_ALLOCATION","MEMORY_ALLOCATION_ALLOCATE","Agent 3",128,"0x00007fbe84277000",12890,3219604429651103,3219604429651360
"MEMORY_ALLOCATION","MEMORY_ALLOCATION_ALLOCATE","Agent 3",128,"0x00007fbe84279000",12895,3219604429658991,3219604429659391
"MEMORY_ALLOCATION","MEMORY_ALLOCATION_ALLOCATE","Agent 3",256,"0x00007fbe8427a000",12900,3219604429668078,3219604429668391
"MEMORY_ALLOCATION","MEMORY_ALLOCATION_ALLOCATE","Agent 3",128,"0x00007fbe8427b000",12905,3219604429677092,3219604429677427
"MEMORY_ALLOCATION","MEMORY_ALLOCATION_ALLOCATE","Agent 3",256,"0x00007fbe8427c000",12913,3219604429692792,3219604429693178
"MEMORY_ALLOCATION","MEMORY_ALLOCATION_ALLOCATE","Agent 3",256,"0x00007fbe8427d000",12918,3219604429702425,3219604429702891
"MEMORY_ALLOCATION","MEMORY_ALLOCATION_FREE","",0,"0x00007fbe8427c000",12923,3219604429731109,3219604429731457
"MEMORY_ALLOCATION","MEMORY_ALLOCATION_FREE","",0,"0x00007fbe8427b000",12925,3219604429733507,3219604429733747
"MEMORY_ALLOCATION","MEMORY_ALLOCATION_FREE","",0,"0x00007fbe8427a000",12927,3219604429736217,3219604429736465
"MEMORY_ALLOCATION","MEMORY_ALLOCATION_FREE","",0,"0x00007fbe84279000",12929,3219604429739798,3219604429740117
"MEMORY_ALLOCATION","MEMORY_ALLOCATION_FREE","",0,"0x00007fbe84277000",12931,3219604429741797,3219604429742142
"MEMORY_ALLOCATION","MEMORY_ALLOCATION_FREE","",0,"0x00007fbe84276000",12933,3219604429743977,3219604429744193
"MEMORY_ALLOCATION","MEMORY_ALLOCATION_FREE","",0,"0x00007fbe84275000",12935,3219604429745812,3219604429746053
"MEMORY_ALLOCATION","MEMORY_ALLOCATION_ALLOCATE","Agent 3",256,"0x00007fbe8427e000",12937,3219604429747636,3219604429747856
"MEMORY_ALLOCATION","MEMORY_ALLOCATION_ALLOCATE","Agent 3",256,"0x00007fbe84275000",12939,3219604429749542,3219604429749751
"MEMORY_ALLOCATION","MEMORY_ALLOCATION_ALLOCATE","Agent 3",512,"0x00007fbe84276000",12944,3219604429757668,3219604429758003
"MEMORY_ALLOCATION","MEMORY_ALLOCATION_ALLOCATE","Agent 3",512,"0x00007fbe84277000",12949,3219604429766373,3219604429766681
"MEMORY_ALLOCATION","MEMORY_ALLOCATION_ALLOCATE","Agent 3",512,"0x00007fbe84279000",12954,3219604429782556,3219604429782877
"MEMORY_ALLOCATION","MEMORY_ALLOCATION_FREE","",0,"0x00007fbe84277000",12959,3219604429849273,3219604429849655
"MEMORY_ALLOCATION","MEMORY_ALLOCATION_FREE","",0,"0x00007fbe84276000",12961,3219604429851801,3219604429852086
"MEMORY_ALLOCATION","MEMORY_ALLOCATION_ALLOCATE","Agent 3",256,"0x00007fbe84276000",12963,3219604429854369,3219604429854630
"MEMORY_ALLOCATION","MEMORY_ALLOCATION_FREE","",0,"0x00007fbe84279000",12968,3219604429896799,3219604429897079
"MEMORY_ALLOCATION","MEMORY_ALLOCATION_ALLOCATE","Agent 3",256,"0x00007fbe84277000",12970,3219604429899289,3219604429899495
"MEMORY_ALLOCATION","MEMORY_ALLOCATION_FREE","",0,"0x00007fbe84276000",12975,3219604429917384,3219604429917608
"MEMORY_ALLOCATION","MEMORY_ALLOCATION_FREE","",0,"0x00007fbe84275000",12977,3219604429919789,3219604429920145
"MEMORY_ALLOCATION","MEMORY_ALLOCATION_FREE","",0,"0x00007fbe8427e000",12979,3219604429921994,3219604429922296
"MEMORY_ALLOCATION","MEMORY_ALLOCATION_FREE","",0,"0x00007fbe8427d000",12981,3219604429924040,3219604429924334
"MEMORY_ALLOCATION","MEMORY_ALLOCATION_FREE","",0,"0x00007fbe84278000",12983,3219604429926229,3219604429926483
"MEMORY_ALLOCATION","MEMORY_ALLOCATION_ALLOCATE","Agent 3",256,"0x00007fbe84275000",12985,3219604429928377,3219604429928602
"MEMORY_ALLOCATION","MEMORY_ALLOCATION_FREE","",0,"0x00007fbe84277000",12990,3219604429946871,3219604429947195
"MEMORY_ALLOCATION","MEMORY_ALLOCATION_ALLOCATE","Agent 3",1024,"0x00007fbe84276000",12992,3219604429949502,3219604429949751
"MEMORY_ALLOCATION","MEMORY_ALLOCATION_FREE","",0,"0x00007fbe84275000",12997,3219604429974258,3219604429974556
"MEMORY_ALLOCATION","MEMORY_ALLOCATION_FREE","",0,"0x00007fbe84274000",12999,3219604429976784,3219604429977020
"MEMORY_ALLOCATION","MEMORY_ALLOCATION_FREE","",0,"0x00007fbe84273000",13001,3219604429979134,3219604429979367
"MEMORY_ALLOCATION","MEMORY_ALLOCATION_FREE","",0,"0x00007fbe84272000",13003,3219604429981459,3219604429981689
"MEMORY_ALLOCATION","MEMORY_ALLOCATION_FREE","",0,"0x00007fbe84276000",13007,3219604430000041,3219604430000344
"MEMORY_ALLOCATION","MEMORY_ALLOCATION_ALLOCATE","Agent 3",64,"0x00007fbe84272000",13009,3219604430003309,3219604430003542
"MEMORY_ALLOCATION","MEMORY_ALLOCATION_ALLOCATE","Agent 3",4096,"0x00007fbe84273000",13013,3219604430023255,3219604430023554
"MEMORY_ALLOCATION","MEMORY_ALLOCATION_ALLOCATE","Agent 3",4096,"0x00007fbe84274000",13018,3219604430031596,3219604430031880
"MEMORY_ALLOCATION","MEMORY_ALLOCATION_ALLOCATE","Agent 3",4096,"0x00007fbe84275000",13023,3219604430039825,3219604430040276
"MEMORY_ALLOCATION","MEMORY_ALLOCATION_ALLOCATE","Agent 3",2048,"0x00007fbe84276000",13028,3219604430050454,3219604430050832
"MEMORY_ALLOCATION","MEMORY_ALLOCATION_ALLOCATE","Agent 3",2048,"0x00007fbe84277000",13033,3219604430058623,3219604430058938
"MEMORY_ALLOCATION","MEMORY_ALLOCATION_ALLOCATE","Agent 3",4096,"0x00007fbe84278000",13038,3219604430067368,3219604430067809
"MEMORY_ALLOCATION","MEMORY_ALLOCATION_ALLOCATE","Agent 3",2048,"0x00007fbe84279000",13043,3219604430076527,3219604430076910
"MEMORY_ALLOCATION","MEMORY_ALLOCATION_ALLOCATE","Agent 3",2048,"0x00007fbe8427a000",13048,3219604430087455,3219604430087901
"MEMORY_ALLOCATION","MEMORY_ALLOCATION_ALLOCATE","Agent 3",4096,"0x00007fbe8427b000",13053,3219604430096045,3219604430096487
"MEMORY_ALLOCATION","MEMORY_ALLOCATION_FREE","",0,"0x00007fbe84278000",13058,3219604430119620,3219604430119988
"MEMORY_ALLOCATION","MEMORY_ALLOCATION_ALLOCATE","Agent 3",2048,"0x00007fbe84278000",13060,3219604430123621,3219604430123863
"MEMORY_ALLOCATION","MEMORY_ALLOCATION_FREE","",0,"0x00007fbe84279000",13065,3219604430142531,3219604430142827
"MEMORY_ALLOCATION","MEMORY_ALLOCATION_ALLOCATE","Agent 3",8192,"0x00007fbe8427c000",13067,3219604430145107,3219604430145507
"MEMORY_ALLOCATION","MEMORY_ALLOCATION_ALLOCATE","Agent 3",8192,"0x00007fbe8428b000",13073,3219604430160523,3219604430160884
"MEMORY_ALLOCATION","MEMORY_ALLOCATION_ALLOCATE","Agent 3",4096,"0x00007fbe84279000",13079,3219604430172889,3219604430173181
"MEMORY_ALLOCATION","MEMORY_ALLOCATION_ALLOCATE","Agent 3",4096,"0x00007fbe8427e000",13084,3219604430191105,3219604430191594
"MEMORY_ALLOCATION","MEMORY_ALLOCATION_FREE","",0,"0x00007fbe84279000",13089,3219604430211662,3219604430211997
"MEMORY_ALLOCATION","MEMORY_ALLOCATION_ALLOCATE","Agent 3",4096,"0x00007fbe84279000",13091,3219604430213816,3219604430213989
"MEMORY_ALLOCATION","MEMORY_ALLOCATION_FREE","",0,"0x00007fbe8427e000",13096,3219604430238759,3219604430239044
"MEMORY_ALLOCATION","MEMORY_ALLOCATION_FREE","",0,"0x00007fbe8427a000",13098,3219604430241075,3219604430241307
"MEMORY_ALLOCATION","MEMORY_ALLOCATION_FREE","",0,"0x00007fbe84278000",13100,3219604430243366,3219604430243576
"MEMORY_ALLOCATION","MEMORY_ALLOCATION_FREE","",0,"0x00007fbe8427b000",13102,3219604430245495,3219604430245766
"MEMORY_ALLOCATION","MEMORY_ALLOCATION_FREE","",0,"0x00007fbe84277000",13104,3219604430247459,3219604430247750
"MEMORY_ALLOCATION","MEMORY_ALLOCATION_FREE","",0,"0x00007fbe84276000",13106,3219604430249426,3219604430249706
"MEMORY_ALLOCATION","MEMORY_ALLOCATION_FREE","",0,"0x00007fbe84275000",13108,3219604430251380,3219604430251624
"MEMORY_ALLOCATION","MEMORY_ALLOCATION_ALLOCATE","Agent 3",4096,"0x00007fbe8427e000",13110,3219604430253391,3219604430253613
"MEMORY_ALLOCATION","MEMORY_ALLOCATION_FREE","",0,"0x00007fbe84279000",13115,3219604430271664,3219604430272093
"MEMORY_ALLOCATION","MEMORY_ALLOCATION_FREE","",0,"0x00007fbe84274000",13117,3219604430274085,3219604430274361
"MEMORY_ALLOCATION","MEMORY_ALLOCATION_ALLOCATE","Agent 3",4096,"0x00007fbe84274000",13119,3219604430276332,3219604430276590
"MEMORY_ALLOCATION","MEMORY_ALLOCATION_ALLOCATE","Agent 3",8192,"0x00007fbe84275000",13124,3219604430284488,3219604430284908
"MEMORY_ALLOCATION","MEMORY_ALLOCATION_ALLOCATE","Agent 3",8192,"0x00007fbe84277000",13129,3219604430293416,3219604430293748
"MEMORY_ALLOCATION","MEMORY_ALLOCATION_ALLOCATE","Agent 3",8192,"0x00007fbe84279000",13134,3219604430301638,3219604430302031
"MEMORY_ALLOCATION","MEMORY_ALLOCATION_FREE","",0,"0x00007fbe84277000",13139,3219604430322900,3219604430323165
"MEMORY_ALLOCATION","MEMORY_ALLOCATION_FREE","",0,"0x00007fbe84275000",13141,3219604430325197,3219604430325525
"MEMORY_ALLOCATION","MEMORY_ALLOCATION_ALLOCATE","Agent 3",4096,"0x00007fbe8427b000",13143,3219604430327370,3219604430327559
"MEMORY_ALLOCATION","MEMORY_ALLOCATION_FREE","",0,"0x00007fbe84279000",13148,3219604430359590,3219604430360048
"MEMORY_ALLOCATION","MEMORY_ALLOCATION_ALLOCATE","Agent 3",4096,"0x00007fbe84275000",13150,3219604430361973,3219604430362207
"MEMORY_ALLOCATION","MEMORY_ALLOCATION_FREE","",0,"0x00007fbe8427b000",13155,3219604430379558,3219604430379891
"MEMORY_ALLOCATION","MEMORY_ALLOCATION_FREE","",0,"0x00007fbe84274000",13157,3219604430381905,3219604430382118
"MEMORY_ALLOCATION","MEMORY_ALLOCATION_FREE","",0,"0x00007fbe8427e000",13159,3219604430383925,3219604430384153
"MEMORY_ALLOCATION","MEMORY_ALLOCATION_FREE","",0,"0x00007fbe84273000",13161,3219604430385860,3219604430386198
"MEMORY_ALLOCATION","MEMORY_ALLOCATION_ALLOCATE","Agent 3",4096,"0x00007fbe8427e000",13163,3219604430388056,3219604430388274
"MEMORY_ALLOCATION","MEMORY_ALLOCATION_ALLOCATE","Agent 3",4096,"0x00007fbe84273000",13168,3219604430396413,3219604430396690
"MEMORY_ALLOCATION","MEMORY_ALLOCATION_ALLOCATE","Agent 3",2048,"0x00007fbe84274000",13173,3219604430404575,3219604430404859
"MEMORY_ALLOCATION","MEMORY_ALLOCATION_ALLOCATE","Agent 3",2048,"0x00007fbe84276000",13178,3219604430422525,3219604430422815
"MEMORY_ALLOCATION","MEMORY_ALLOCATION_ALLOCATE","Agent 3",4096,"0x00007fbe84277000",13183,3219604430431733,3219604430432104
"MEMORY_ALLOCATION","MEMORY_ALLOCATION_ALLOCATE","Agent 3",2048,"0x00007fbe84278000",13188,3219604430442582,3219604430443057
"MEMORY_ALLOCATION","MEMORY_ALLOCATION_ALLOCATE","Agent 3",2048,"0x00007fbe84279000",13193,3219604430451939,3219604430452295
"MEMORY_ALLOCATION","MEMORY_ALLOCATION_ALLOCATE","Agent 3",4096,"0x00007fbe8427a000",13198,3219604430460964,3219604430461448
"MEMORY_ALLOCATION","MEMORY_ALLOCATION_FREE","",0,"0x00007fbe84277000",13203,3219604430483551,3219604430484049
"MEMORY_ALLOCATION","MEMORY_ALLOCATION_ALLOCATE","Agent 3",2048,"0x00007fbe8427b000",13205,3219604430487400,3219604430487665
"MEMORY_ALLOCATION","MEMORY_ALLOCATION_FREE","",0,"0x00007fbe84278000",13210,3219604430506145,3219604430506512
"MEMORY_ALLOCATION","MEMORY_ALLOCATION_ALLOCATE","Agent 3",8192,"0x00007fbe84277000",13212,3219604430508888,3219604430509121
"MEMORY_ALLOCATION","MEMORY_ALLOCATION_ALLOCATE","Agent 3",8192,"0x00007fbe8428d000",13218,3219604430521666,3219604430522056
"MEMORY_ALLOCATION","MEMORY_ALLOCATION_ALLOCATE","Agent 3",4096,"0x00007fbe8428f000",13224,3219604430535171,3219604430536852
"MEMORY_ALLOCATION","MEMORY_ALLOCATION_ALLOCATE","Agent 3",4096,"0x00007fbe84290000",13229,3219604430545165,3219604430545533
"MEMORY_ALLOCATION","MEMORY_ALLOCATION_FREE","",0,"0x00007fbe8428f000",13234,3219604430565413,3219604430565802
"MEMORY_ALLOCATION","MEMORY_ALLOCATION_ALLOCATE","Agent 3",4096,"0x00007fbe8428f000",13236,3219604430567822,3219604430568039
"MEMORY_ALLOCATION","MEMORY_ALLOCATION_FREE","",0,"0x00007fbe84290000",13241,3219604430592251,3219604430592663
"MEMORY_ALLOCATION","MEMORY_ALLOCATION_FREE","",0,"0x00007fbe84279000",13243,3219604430594658,3219604430594906
"MEMORY_ALLOCATION","MEMORY_ALLOCATION_FREE","",0,"0x00007fbe8427b000",13245,3219604430596795,3219604430597043
"MEMORY_ALLOCATION","MEMORY_ALLOCATION_FREE","",0,"0x00007fbe8427a000",13247,3219604430598983,3219604430599296
"MEMORY_ALLOCATION","MEMORY_ALLOCATION_FREE","",0,"0x00007fbe84276000",13249,3219604430601489,3219604430601719
"MEMORY_ALLOCATION","MEMORY_ALLOCATION_FREE","",0,"0x00007fbe84274000",13251,3219604430603577,3219604430603829
"MEMORY_ALLOCATION","MEMORY_ALLOCATION_FREE","",0,"0x00007fbe84273000",13253,3219604430605448,3219604430605768
"MEMORY_ALLOCATION","MEMORY_ALLOCATION_ALLOCATE","Agent 3",4096,"0x00007fbe84276000",13255,3219604430607540,3219604430607813
"MEMORY_ALLOCATION","MEMORY_ALLOCATION_FREE","",0,"0x00007fbe8428f000",13260,3219604430625980,3219604430626423
"MEMORY_ALLOCATION","MEMORY_ALLOCATION_FREE","",0,"0x00007fbe8427e000",13262,3219604430628362,3219604430628606
"MEMORY_ALLOCATION","MEMORY_ALLOCATION_ALLOCATE","Agent 3",4096,"0x00007fbe8427e000",13264,3219604430630381,3219604430630557
"MEMORY_ALLOCATION","MEMORY_ALLOCATION_ALLOCATE","Agent 3",8192,"0x00007fbe84273000",13269,3219604430638591,3219604430638851
"MEMORY_ALLOCATION","MEMORY_ALLOCATION_ALLOCATE","Agent 3",8192,"0x00007fbe84279000",13274,3219604430649953,3219604430650309
"MEMORY_ALLOCATION","MEMORY_ALLOCATION_ALLOCATE","Agent 3",8192,"0x00007fbe8428f000",13279,3219604430659540,3219604430659986
"MEMORY_ALLOCATION","MEMORY_ALLOCATION_FREE","",0,"0x00007fbe84279000",13284,3219604430680616,3219604430680926
"MEMORY_ALLOCATION","MEMORY_ALLOCATION_FREE","",0,"0x00007fbe84273000",13286,3219604430683041,3219604430683278
"MEMORY_ALLOCATION","MEMORY_ALLOCATION_ALLOCATE","Agent 3",4096,"0x00007fbe84273000",13288,3219604430684989,3219604430685266
"MEMORY_ALLOCATION","MEMORY_ALLOCATION_FREE","",0,"0x00007fbe8428f000",13293,3219604430716931,3219604430717292
"MEMORY_ALLOCATION","MEMORY_ALLOCATION_ALLOCATE","Agent 3",4096,"0x00007fbe84274000",13295,3219604430719365,3219604430719591
"MEMORY_ALLOCATION","MEMORY_ALLOCATION_FREE","",0,"0x00007fbe84273000",13300,3219604430737661,3219604430737954
"MEMORY_ALLOCATION","MEMORY_ALLOCATION_FREE","",0,"0x00007fbe8427e000",13302,3219604430742010,3219604430742243
"MEMORY_ALLOCATION","MEMORY_ALLOCATION_FREE","",0,"0x00007fbe84276000",13304,3219604430744064,3219604430744389
"MEMORY_ALLOCATION","MEMORY_ALLOCATION_FREE","",0,"0x00007fbe84275000",13306,3219604430746059,3219604430746440
"MEMORY_ALLOCATION","MEMORY_ALLOCATION_ALLOCATE","Agent 3",4096,"0x00007fbe84273000",13308,3219604430748199,3219604430748430
"MEMORY_ALLOCATION","MEMORY_ALLOCATION_FREE","",0,"0x00007fbe84274000",13313,3219604430785324,3219604430785852
"MEMORY_ALLOCATION","MEMORY_ALLOCATION_ALLOCATE","Agent 3",1024,"0x00007fbe8427e000",13315,3219604430788834,3219604430789052
"MEMORY_ALLOCATION","MEMORY_ALLOCATION_FREE","",0,"0x00007fbe84273000",13320,3219604430834719,3219604430835151
"MEMORY_ALLOCATION","MEMORY_ALLOCATION_FREE","",0,"0x00007fbe84272000",13322,3219604430837494,3219604430837848
"MEMORY_ALLOCATION","MEMORY_ALLOCATION_FREE","",0,"0x00007fbe8428b000",13340,3219604430901494,3219604430901856
"MEMORY_ALLOCATION","MEMORY_ALLOCATION_FREE","",0,"0x00007fbe8427c000",13342,3219604430904155,3219604430904508
"MEMORY_ALLOCATION","MEMORY_ALLOCATION_FREE","",0,"0x00007fbe8428d000",13344,3219604430906615,3219604430906979
"MEMORY_ALLOCATION","MEMORY_ALLOCATION_FREE","",0,"0x00007fbe84277000",13346,3219604430908879,3219604430909245
"MEMORY_ALLOCATION","MEMORY_ALLOCATION_FREE","",0,"0x00007fbe8427e000",13350,3219604430927742,3219604430928087
"MEMORY_ALLOCATION","MEMORY_ALLOCATION_ALLOCATE","Agent 3",8,"0x00007fbe84272000",13352,3219604430930392,3219604430930636
"MEMORY_ALLOCATION","MEMORY_ALLOCATION_FREE","",0,"0x00007fbe84272000",13359,3219604430977410,3219604430977693
"MEMORY_ALLOCATION","MEMORY_ALLOCATION_ALLOCATE","Agent 3",4,"0x00007fbe84272000",13373,3219604431004313,3219604431004652
"MEMORY_ALLOCATION","MEMORY_ALLOCATION_ALLOCATE","Agent 3",4,"0x00007fbe84273000",13377,3219604431025247,3219604431025644
"MEMORY_ALLOCATION","MEMORY_ALLOCATION_ALLOCATE","Agent 3",4,"0x00007fbe84274000",13381,3219604431045221,3219604431045577
"MEMORY_ALLOCATION","MEMORY_ALLOCATION_ALLOCATE","Agent 3",256,"0x00007fbe84275000",13385,3219604431065464,3219604431065834
"MEMORY_ALLOCATION","MEMORY_ALLOCATION_ALLOCATE","Agent 3",256,"0x00007fbe84276000",13390,3219604431073659,3219604431074264
"MEMORY_ALLOCATION","MEMORY_ALLOCATION_ALLOCATE","Agent 3",256,"0x00007fbe84277000",13395,3219604431082470,3219604431082812
"MEMORY_ALLOCATION","MEMORY_ALLOCATION_ALLOCATE","Agent 3",128,"0x00007fbe84278000",13400,3219604431090753,3219604431091187
"MEMORY_ALLOCATION","MEMORY_ALLOCATION_ALLOCATE","Agent 3",128,"0x00007fbe84279000",13405,3219604431098849,3219604431099252
"MEMORY_ALLOCATION","MEMORY_ALLOCATION_ALLOCATE","Agent 3",256,"0x00007fbe8427a000",13410,3219604431109989,3219604431110373
"MEMORY_ALLOCATION","MEMORY_ALLOCATION_ALLOCATE","Agent 3",128,"0x00007fbe8427b000",13415,3219604431118297,3219604431118628
"MEMORY_ALLOCATION","MEMORY_ALLOCATION_ALLOCATE","Agent 3",256,"0x00007fbe8427c000",13423,3219604431137201,3219604431137594
"MEMORY_ALLOCATION","MEMORY_ALLOCATION_ALLOCATE","Agent 3",256,"0x00007fbe8427d000",13428,3219604431148007,3219604431148438
"MEMORY_ALLOCATION","MEMORY_ALLOCATION_FREE","",0,"0x00007fbe8427c000",13433,3219604431178402,3219604431178876
"MEMORY_ALLOCATION","MEMORY_ALLOCATION_FREE","",0,"0x00007fbe8427b000",13435,3219604431181114,3219604431181469
"MEMORY_ALLOCATION","MEMORY_ALLOCATION_FREE","",0,"0x00007fbe8427a000",13437,3219604431183801,3219604431184091
"MEMORY_ALLOCATION","MEMORY_ALLOCATION_FREE","",0,"0x00007fbe84279000",13439,3219604431185953,3219604431186188
"MEMORY_ALLOCATION","MEMORY_ALLOCATION_FREE","",0,"0x00007fbe84278000",13441,3219604431188107,3219604431188406
"MEMORY_ALLOCATION","MEMORY_ALLOCATION_FREE","",0,"0x00007fbe84277000",13443,3219604431189993,3219604431190268
"MEMORY_ALLOCATION","MEMORY_ALLOCATION_FREE","",0,"0x00007fbe84276000",13445,3219604431192107,3219604431192511
"MEMORY_ALLOCATION","MEMORY_ALLOCATION_ALLOCATE","Agent 3",256,"0x00007fbe8427e000",13447,3219604431194237,3219604431194417
"MEMORY_ALLOCATION","MEMORY_ALLOCATION_ALLOCATE","Agent 3",256,"0x00007fbe84276000",13449,3219604431197849,3219604431198099
"MEMORY_ALLOCATION","MEMORY_ALLOCATION_ALLOCATE","Agent 3",512,"0x00007fbe84277000",13454,3219604431207269,3219604431207574
"MEMORY_ALLOCATION","MEMORY_ALLOCATION_ALLOCATE","Agent 3",512,"0x00007fbe84278000",13459,3219604431217516,3219604431217882
"MEMORY_ALLOCATION","MEMORY_ALLOCATION_ALLOCATE","Agent 3",512,"0x00007fbe84279000",13464,3219604431225643,3219604431225940
"MEMORY_ALLOCATION","MEMORY_ALLOCATION_FREE","",0,"0x00007fbe84278000",13469,3219604431246682,3219604431246949
"MEMORY_ALLOCATION","MEMORY_ALLOCATION_FREE","",0,"0x00007fbe84277000",13471,3219604431248963,3219604431249242
"MEMORY_ALLOCATION","MEMORY_ALLOCATION_ALLOCATE","Agent 3",256,"0x00007fbe84277000",13473,3219604431251049,3219604431251261
"MEMORY_ALLOCATION","MEMORY_ALLOCATION_FREE","",0,"0x00007fbe84279000",13478,3219604431282834,3219604431283201
"MEMORY_ALLOCATION","MEMORY_ALLOCATION_ALLOCATE","Agent 3",256,"0x00007fbe84278000",13480,3219604431285366,3219604431285637
"MEMORY_ALLOCATION","MEMORY_ALLOCATION_FREE","",0,"0x00007fbe84277000",13485,3219604431303570,3219604431303855
"MEMORY_ALLOCATION","MEMORY_ALLOCATION_FREE","",0,"0x00007fbe84276000",13487,3219604431305807,3219604431306061
"MEMORY_ALLOCATION","MEMORY_ALLOCATION_FREE","",0,"0x00007fbe8427e000",13489,3219604431307763,3219604431307945
"MEMORY_ALLOCATION","MEMORY_ALLOCATION_FREE","",0,"0x00007fbe8427d000",13491,3219604431309635,3219604431310081
"MEMORY_ALLOCATION","MEMORY_ALLOCATION_FREE","",0,"0x00007fbe84275000",13493,3219604431311892,3219604431312250
"MEMORY_ALLOCATION","MEMORY_ALLOCATION_ALLOCATE","Agent 3",256,"0x00007fbe84275000",13495,3219604431314032,3219604431314251
"MEMORY_ALLOCATION","MEMORY_ALLOCATION_ALLOCATE","Agent 3",256,"0x00007fbe84276000",13500,3219604431322216,3219604431322550
"MEMORY_ALLOCATION","MEMORY_ALLOCATION_ALLOCATE","Agent 3",128,"0x00007fbe84277000",13505,3219604431330346,3219604431330591
"MEMORY_ALLOCATION","MEMORY_ALLOCATION_ALLOCATE","Agent 3",128,"0x00007fbe84279000",13510,3219604431338241,3219604431338577
"MEMORY_ALLOCATION","MEMORY_ALLOCATION_ALLOCATE","Agent 3",256,"0x00007fbe8427a000",13515,3219604431347273,3219604431347819
"MEMORY_ALLOCATION","MEMORY_ALLOCATION_ALLOCATE","Agent 3",128,"0x00007fbe8427b000",13520,3219604431355825,3219604431356445
"MEMORY_ALLOCATION","MEMORY_ALLOCATION_ALLOCATE","Agent 3",256,"0x00007fbe8427c000",13528,3219604431371809,3219604431372214
"MEMORY_ALLOCATION","MEMORY_ALLOCATION_ALLOCATE","Agent 3",256,"0x00007fbe8427d000",13533,3219604431391054,3219604431391490
"MEMORY_ALLOCATION","MEMORY_ALLOCATION_FREE","",0,"0x00007fbe8427c000",13538,3219604431419777,3219604431420295
"MEMORY_ALLOCATION","MEMORY_ALLOCATION_FREE","",0,"0x00007fbe8427b000",13540,3219604431422301,3219604431422605
"MEMORY_ALLOCATION","MEMORY_ALLOCATION_FREE","",0,"0x00007fbe8427a000",13542,3219604431424528,3219604431424815
"MEMORY_ALLOCATION","MEMORY_ALLOCATION_FREE","",0,"0x00007fbe84279000",13544,3219604431426441,3219604431426663
"MEMORY_ALLOCATION","MEMORY_ALLOCATION_FREE","",0,"0x00007fbe84277000",13546,3219604431428407,3219604431428715
"MEMORY_ALLOCATION","MEMORY_ALLOCATION_FREE","",0,"0x00007fbe84276000",13548,3219604431430420,3219604431430687
"MEMORY_ALLOCATION","MEMORY_ALLOCATION_FREE","",0,"0x00007fbe84275000",13550,3219604431432597,3219604431432849
"MEMORY_ALLOCATION","MEMORY_ALLOCATION_ALLOCATE","Agent 3",256,"0x00007fbe8427e000",13552,3219604431434747,3219604431434994
"MEMORY_ALLOCATION","MEMORY_ALLOCATION_ALLOCATE","Agent 3",256,"0x00007fbe84275000",13554,3219604431438309,3219604431438538
"MEMORY_ALLOCATION","MEMORY_ALLOCATION_ALLOCATE","Agent 3",512,"0x00007fbe84276000",13559,3219604431446520,3219604431446787
"MEMORY_ALLOCATION","MEMORY_ALLOCATION_ALLOCATE","Agent 3",512,"0x00007fbe84277000",13564,3219604431454746,3219604431455040
"MEMORY_ALLOCATION","MEMORY_ALLOCATION_ALLOCATE","Agent 3",512,"0x00007fbe84279000",13569,3219604431463229,3219604431463526
"MEMORY_ALLOCATION","MEMORY_ALLOCATION_FREE","",0,"0x00007fbe84277000",13574,3219604431483889,3219604431484144
"MEMORY_ALLOCATION","MEMORY_ALLOCATION_FREE","",0,"0x00007fbe84276000",13576,3219604431486338,3219604431486644
"MEMORY_ALLOCATION","MEMORY_ALLOCATION_ALLOCATE","Agent 3",256,"0x00007fbe84276000",13578,3219604431488366,3219604431488609
"MEMORY_ALLOCATION","MEMORY_ALLOCATION_FREE","",0,"0x00007fbe84279000",13583,3219604431520359,3219604431520632
"MEMORY_ALLOCATION","MEMORY_ALLOCATION_ALLOCATE","Agent 3",256,"0x00007fbe84277000",13585,3219604431522628,3219604431522825
"MEMORY_ALLOCATION","MEMORY_ALLOCATION_FREE","",0,"0x00007fbe84276000",13590,3219604431540599,3219604431540862
"MEMORY_ALLOCATION","MEMORY_ALLOCATION_FREE","",0,"0x00007fbe84275000",13592,3219604431542757,3219604431543067
"MEMORY_ALLOCATION","MEMORY_ALLOCATION_FREE","",0,"0x00007fbe8427e000",13594,3219604431544764,3219604431545014
"MEMORY_ALLOCATION","MEMORY_ALLOCATION_FREE","",0,"0x00007fbe8427d000",13596,3219604431546606,3219604431547025
"MEMORY_ALLOCATION","MEMORY_ALLOCATION_FREE","",0,"0x00007fbe84278000",13598,3219604431548618,3219604431548899
"MEMORY_ALLOCATION","MEMORY_ALLOCATION_ALLOCATE","Agent 3",256,"0x00007fbe84275000",13600,3219604431550822,3219604431551068
"MEMORY_ALLOCATION","MEMORY_ALLOCATION_FREE","",0,"0x00007fbe84277000",13605,3219604431569489,3219604431569893
"MEMORY_ALLOCATION","MEMORY_ALLOCATION_ALLOCATE","Agent 3",1024,"0x00007fbe84276000",13607,3219604431572152,3219604431572374
"MEMORY_ALLOCATION","MEMORY_ALLOCATION_FREE","",0,"0x00007fbe84275000",13612,3219604431596315,3219604431596598
"MEMORY_ALLOCATION","MEMORY_ALLOCATION_FREE","",0,"0x00007fbe84274000",13614,3219604431598585,3219604431598815
"MEMORY_ALLOCATION","MEMORY_ALLOCATION_FREE","",0,"0x00007fbe84273000",13616,3219604431600685,3219604431601002
"MEMORY_ALLOCATION","MEMORY_ALLOCATION_FREE","",0,"0x00007fbe84272000",13618,3219604431602833,3219604431603152
"MEMORY_ALLOCATION","MEMORY_ALLOCATION_FREE","",0,"0x00007fbe84276000",13622,3219604431620782,3219604431621156
"MEMORY_ALLOCATION","MEMORY_ALLOCATION_ALLOCATE","Agent 3",8,"0x00007fbe84272000",13624,3219604431623391,3219604431623631
"MEMORY_ALLOCATION","MEMORY_ALLOCATION_FREE","",0,"0x00007fbe84272000",13631,3219604431659530,3219604431659807
"MEMORY_ALLOCATION","MEMORY_ALLOCATION_ALLOCATE","Agent 3",4,"0x00007fbe84272000",13633,3219604431662238,3219604431662444
"MEMORY_ALLOCATION","MEMORY_ALLOCATION_ALLOCATE","Agent 3",4,"0x00007fbe84273000",13637,3219604431682855,3219604431683137
"MEMORY_ALLOCATION","MEMORY_ALLOCATION_ALLOCATE","Agent 3",4,"0x00007fbe84274000",13641,3219604431702650,3219604431703001
"MEMORY_ALLOCATION","MEMORY_ALLOCATION_ALLOCATE","Agent 3",256,"0x00007fbe84275000",13645,3219604431723224,3219604431723631
"MEMORY_ALLOCATION","MEMORY_ALLOCATION_ALLOCATE","Agent 3",256,"0x00007fbe84276000",13650,3219604431731586,3219604431731899
"MEMORY_ALLOCATION","MEMORY_ALLOCATION_ALLOCATE","Agent 3",256,"0x00007fbe84277000",13655,3219604431741624,3219604431742011
"MEMORY_ALLOCATION","MEMORY_ALLOCATION_ALLOCATE","Agent 3",128,"0x00007fbe84278000",13660,3219604431769078,3219604431769792
"MEMORY_ALLOCATION","MEMORY_ALLOCATION_ALLOCATE","Agent 3",128,"0x00007fbe84279000",13665,3219604431795648,3219604431796029
"MEMORY_ALLOCATION","MEMORY_ALLOCATION_ALLOCATE","Agent 3",256,"0x00007fbe8427a000",13670,3219604431809903,3219604431810443
"MEMORY_ALLOCATION","MEMORY_ALLOCATION_ALLOCATE","Agent 3",128,"0x00007fbe8427b000",13675,3219604431822175,3219604431822541
"MEMORY_ALLOCATION","MEMORY_ALLOCATION_ALLOCATE","Agent 3",256,"0x00007fbe8427c000",13683,3219604431840555,3219604431842228
"MEMORY_ALLOCATION","MEMORY_ALLOCATION_ALLOCATE","Agent 3",256,"0x00007fbe8427d000",13688,3219604431851143,3219604431851518
"MEMORY_ALLOCATION","MEMORY_ALLOCATION_FREE","",0,"0x00007fbe8427c000",13693,3219604431878836,3219604431879209
"MEMORY_ALLOCATION","MEMORY_ALLOCATION_FREE","",0,"0x00007fbe8427b000",13695,3219604431881509,3219604431881792
"MEMORY_ALLOCATION","MEMORY_ALLOCATION_FREE","",0,"0x00007fbe8427a000",13697,3219604431885631,3219604431885895
"MEMORY_ALLOCATION","MEMORY_ALLOCATION_FREE","",0,"0x00007fbe84279000",13699,3219604431887570,3219604431887793
"MEMORY_ALLOCATION","MEMORY_ALLOCATION_FREE","",0,"0x00007fbe84278000",13701,3219604431889417,3219604431889708
"MEMORY_ALLOCATION","MEMORY_ALLOCATION_FREE","",0,"0x00007fbe84277000",13703,3219604431891309,3219604431891573
"MEMORY_ALLOCATION","MEMORY_ALLOCATION_FREE","",0,"0x00007fbe84276000",13705,3219604431893264,3219604431893526
"MEMORY_ALLOCATION","MEMORY_ALLOCATION_ALLOCATE","Agent 3",256,"0x00007fbe8427e000",13707,3219604431895114,3219604431895278
"MEMORY_ALLOCATION","MEMORY_ALLOCATION_ALLOCATE","Agent 3",256,"0x00007fbe84276000",13709,3219604431897014,3219604431897247
"MEMORY_ALLOCATION","MEMORY_ALLOCATION_ALLOCATE","Agent 3",512,"0x00007fbe84277000",13714,3219604431905675,3219604431905966
"MEMORY_ALLOCATION","MEMORY_ALLOCATION_ALLOCATE","Agent 3",512,"0x00007fbe84278000",13719,3219604431913175,3219604431913594
"MEMORY_ALLOCATION","MEMORY_ALLOCATION_ALLOCATE","Agent 3",512,"0x00007fbe84279000",13724,3219604431921821,3219604431922202
"MEMORY_ALLOCATION","MEMORY_ALLOCATION_FREE","",0,"0x00007fbe84278000",13729,3219604431942463,3219604431942874
"MEMORY_ALLOCATION","MEMORY_ALLOCATION_FREE","",0,"0x00007fbe84277000",13731,3219604431944787,3219604431945050
"MEMORY_ALLOCATION","MEMORY_ALLOCATION_ALLOCATE","Agent 3",256,"0x00007fbe84277000",13733,3219604431947197,3219604431947395
"MEMORY_ALLOCATION","MEMORY_ALLOCATION_FREE","",0,"0x00007fbe84279000",13738,3219604431978001,3219604431978536
"MEMORY_ALLOCATION","MEMORY_ALLOCATION_ALLOCATE","Agent 3",256,"0x00007fbe84278000",13740,3219604431980262,3219604431980500
"MEMORY_ALLOCATION","MEMORY_ALLOCATION_FREE","",0,"0x00007fbe84277000",13745,3219604431997979,3219604431998454
"MEMORY_ALLOCATION","MEMORY_ALLOCATION_FREE","",0,"0x00007fbe84276000",13747,3219604432008652,3219604432008999
"MEMORY_ALLOCATION","MEMORY_ALLOCATION_FREE","",0,"0x00007fbe8427e000",13749,3219604432010720,3219604432010913
"MEMORY_ALLOCATION","MEMORY_ALLOCATION_FREE","",0,"0x00007fbe8427d000",13751,3219604432012801,3219604432013268
"MEMORY_ALLOCATION","MEMORY_ALLOCATION_FREE","",0,"0x00007fbe84275000",13753,3219604432014861,3219604432015153
"MEMORY_ALLOCATION","MEMORY_ALLOCATION_ALLOCATE","Agent 3",256,"0x00007fbe84275000",13755,3219604432017229,3219604432017488
"MEMORY_ALLOCATION","MEMORY_ALLOCATION_ALLOCATE","Agent 3",256,"0x00007fbe84276000",13760,3219604432035417,3219604432035745
"MEMORY_ALLOCATION","MEMORY_ALLOCATION_ALLOCATE","Agent 3",128,"0x00007fbe84277000",13765,3219604432043431,3219604432043700
"MEMORY_ALLOCATION","MEMORY_ALLOCATION_ALLOCATE","Agent 3",128,"0x00007fbe84279000",13770,3219604432050893,3219604432051267
"MEMORY_ALLOCATION","MEMORY_ALLOCATION_ALLOCATE","Agent 3",256,"0x00007fbe8427a000",13775,3219604432060838,3219604432061339
"MEMORY_ALLOCATION","MEMORY_ALLOCATION_ALLOCATE","Agent 3",128,"0x00007fbe8427b000",13780,3219604432069580,3219604432070188
"MEMORY_ALLOCATION","MEMORY_ALLOCATION_ALLOCATE","Agent 3",256,"0x00007fbe8427c000",13788,3219604432086904,3219604432087278
"MEMORY_ALLOCATION","MEMORY_ALLOCATION_ALLOCATE","Agent 3",256,"0x00007fbe8427d000",13793,3219604432095820,3219604432096207
"MEMORY_ALLOCATION","MEMORY_ALLOCATION_FREE","",0,"0x00007fbe8427c000",13798,3219604432123706,3219604432124224
"MEMORY_ALLOCATION","MEMORY_ALLOCATION_FREE","",0,"0x00007fbe8427b000",13800,3219604432126367,3219604432126590
"MEMORY_ALLOCATION","MEMORY_ALLOCATION_FREE","",0,"0x00007fbe8427a000",13802,3219604432128183,3219604432128439
"MEMORY_ALLOCATION","MEMORY_ALLOCATION_FREE","",0,"0x00007fbe84279000",13804,3219604432129989,3219604432130287
"MEMORY_ALLOCATION","MEMORY_ALLOCATION_FREE","",0,"0x00007fbe84277000",13806,3219604432131945,3219604432132187
"MEMORY_ALLOCATION","MEMORY_ALLOCATION_FREE","",0,"0x00007fbe84276000",13808,3219604432133842,3219604432134085
"MEMORY_ALLOCATION","MEMORY_ALLOCATION_FREE","",0,"0x00007fbe84275000",13810,3219604432135793,3219604432136023
"MEMORY_ALLOCATION","MEMORY_ALLOCATION_ALLOCATE","Agent 3",256,"0x00007fbe8427e000",13812,3219604432137587,3219604432137832
"MEMORY_ALLOCATION","MEMORY_ALLOCATION_ALLOCATE","Agent 3",256,"0x00007fbe84275000",13814,3219604432140928,3219604432141147
"MEMORY_ALLOCATION","MEMORY_ALLOCATION_ALLOCATE","Agent 3",512,"0x00007fbe84276000",13819,3219604432149322,3219604432149636
"MEMORY_ALLOCATION","MEMORY_ALLOCATION_ALLOCATE","Agent 3",512,"0x00007fbe84277000",13824,3219604432157812,3219604432158056
"MEMORY_ALLOCATION","MEMORY_ALLOCATION_ALLOCATE","Agent 3",512,"0x00007fbe84279000",13829,3219604432165692,3219604432166039
"MEMORY_ALLOCATION","MEMORY_ALLOCATION_FREE","",0,"0x00007fbe84277000",13834,3219604432186473,3219604432186697
"MEMORY_ALLOCATION","MEMORY_ALLOCATION_FREE","",0,"0x00007fbe84276000",13836,3219604432188856,3219604432189152
"MEMORY_ALLOCATION","MEMORY_ALLOCATION_ALLOCATE","Agent 3",256,"0x00007fbe84276000",13838,3219604432190875,3219604432191128
"MEMORY_ALLOCATION","MEMORY_ALLOCATION_FREE","",0,"0x00007fbe84279000",13843,3219604432221841,3219604432222123
"MEMORY_ALLOCATION","MEMORY_ALLOCATION_ALLOCATE","Agent 3",256,"0x00007fbe84277000",13845,3219604432224244,3219604432224459
"MEMORY_ALLOCATION","MEMORY_ALLOCATION_FREE","",0,"0x00007fbe84276000",13850,3219604432241908,3219604432242175
"MEMORY_ALLOCATION","MEMORY_ALLOCATION_FREE","",0,"0x00007fbe84275000",13852,3219604432244263,3219604432244544
"MEMORY_ALLOCATION","MEMORY_ALLOCATION_FREE","",0,"0x00007fbe8427e000",13854,3219604432246186,3219604432246431
"MEMORY_ALLOCATION","MEMORY_ALLOCATION_FREE","",0,"0x00007fbe8427d000",13856,3219604432248193,3219604432248553
"MEMORY_ALLOCATION","MEMORY_ALLOCATION_FREE","",0,"0x00007fbe84278000",13858,3219604432250208,3219604432250499
"MEMORY_ALLOCATION","MEMORY_ALLOCATION_ALLOCATE","Agent 3",256,"0x00007fbe84275000",13860,3219604432252291,3219604432252518
"MEMORY_ALLOCATION","MEMORY_ALLOCATION_FREE","",0,"0x00007fbe84277000",13865,3219604432270144,3219604432270514
"MEMORY_ALLOCATION","MEMORY_ALLOCATION_ALLOCATE","Agent 3",1024,"0x00007fbe84276000",13867,3219604432272717,3219604432272957
"MEMORY_ALLOCATION","MEMORY_ALLOCATION_FREE","",0,"0x00007fbe84275000",13872,3219604432297267,3219604432297545
"MEMORY_ALLOCATION","MEMORY_ALLOCATION_FREE","",0,"0x00007fbe84274000",13874,3219604432299517,3219604432299758
"MEMORY_ALLOCATION","MEMORY_ALLOCATION_FREE","",0,"0x00007fbe84273000",13876,3219604432301551,3219604432301830
"MEMORY_ALLOCATION","MEMORY_ALLOCATION_FREE","",0,"0x00007fbe84272000",13878,3219604432303609,3219604432303924
"MEMORY_ALLOCATION","MEMORY_ALLOCATION_FREE","",0,"0x00007fbe84276000",13882,3219604432321454,3219604432321828
"MEMORY_ALLOCATION","MEMORY_ALLOCATION_ALLOCATE","Agent 3",8,"0x00007fbe84272000",13884,3219604432324378,3219604432324608
"MEMORY_ALLOCATION","MEMORY_ALLOCATION_FREE","",0,"0x00007fbe84272000",13891,3219604432360450,3219604432360728
"MEMORY_ALLOCATION","MEMORY_ALLOCATION_ALLOCATE","Agent 3",4,"0x00007fbe84272000",13893,3219604432362925,3219604432363130
"MEMORY_ALLOCATION","MEMORY_ALLOCATION_ALLOCATE","Agent 3",4,"0x00007fbe84273000",13897,3219604432382913,3219604432383328
"MEMORY_ALLOCATION","MEMORY_ALLOCATION_ALLOCATE","Agent 3",4,"0x00007fbe84274000",13901,3219604432403403,3219604432403690
"MEMORY_ALLOCATION","MEMORY_ALLOCATION_ALLOCATE","Agent 3",256,"0x00007fbe84275000",13905,3219604432423684,3219604432424075
"MEMORY_ALLOCATION","MEMORY_ALLOCATION_ALLOCATE","Agent 3",256,"0x00007fbe84276000",13910,3219604432432273,3219604432432564
"MEMORY_ALLOCATION","MEMORY_ALLOCATION_ALLOCATE","Agent 3",256,"0x00007fbe84277000",13915,3219604432442730,3219604432443125
"MEMORY_ALLOCATION","MEMORY_ALLOCATION_ALLOCATE","Agent 3",128,"0x00007fbe84278000",13920,3219604432451615,3219604432451946
"MEMORY_ALLOCATION","MEMORY_ALLOCATION_ALLOCATE","Agent 3",128,"0x00007fbe84279000",13925,3219604432459420,3219604432459769
"MEMORY_ALLOCATION","MEMORY_ALLOCATION_ALLOCATE","Agent 3",256,"0x00007fbe8427a000",13930,3219604432475313,3219604432475677
"MEMORY_ALLOCATION","MEMORY_ALLOCATION_ALLOCATE","Agent 3",128,"0x00007fbe8427b000",13935,3219604432485053,3219604432485438
"MEMORY_ALLOCATION","MEMORY_ALLOCATION_ALLOCATE","Agent 3",256,"0x00007fbe8427c000",13943,3219604432501461,3219604432501839
"MEMORY_ALLOCATION","MEMORY_ALLOCATION_ALLOCATE","Agent 3",256,"0x00007fbe8427d000",13948,3219604432510521,3219604432510960
"MEMORY_ALLOCATION","MEMORY_ALLOCATION_FREE","",0,"0x00007fbe8427c000",13953,3219604432549317,3219604432549723
"MEMORY_ALLOCATION","MEMORY_ALLOCATION_FREE","",0,"0x00007fbe8427b000",13955,3219604432552075,3219604432552403
"MEMORY_ALLOCATION","MEMORY_ALLOCATION_FREE","",0,"0x00007fbe8427a000",13957,3219604432555911,3219604432556131
"MEMORY_ALLOCATION","MEMORY_ALLOCATION_FREE","",0,"0x00007fbe84279000",13959,3219604432557862,3219604432558057
"MEMORY_ALLOCATION","MEMORY_ALLOCATION_FREE","",0,"0x00007fbe84278000",13961,3219604432559748,3219604432559976
"MEMORY_ALLOCATION","MEMORY_ALLOCATION_FREE","",0,"0x00007fbe84277000",13963,3219604432561626,3219604432561871
"MEMORY_ALLOCATION","MEMORY_ALLOCATION_FREE","",0,"0x00007fbe84276000",13965,3219604432563762,3219604432564008
"MEMORY_ALLOCATION","MEMORY_ALLOCATION_ALLOCATE","Agent 3",256,"0x00007fbe8427e000",13967,3219604432565725,3219604432565887
"MEMORY_ALLOCATION","MEMORY_ALLOCATION_ALLOCATE","Agent 3",256,"0x00007fbe84276000",13969,3219604432567952,3219604432568205
"MEMORY_ALLOCATION","MEMORY_ALLOCATION_ALLOCATE","Agent 3",512,"0x00007fbe84277000",13974,3219604432576742,3219604432577042
"MEMORY_ALLOCATION","MEMORY_ALLOCATION_ALLOCATE","Agent 3",512,"0x00007fbe84278000",13979,3219604432585306,3219604432585659
"MEMORY_ALLOCATION","MEMORY_ALLOCATION_ALLOCATE","Agent 3",512,"0x00007fbe84279000",13984,3219604432593608,3219604432593980
"MEMORY_ALLOCATION","MEMORY_ALLOCATION_FREE","",0,"0x00007fbe84278000",13989,3219604432614288,3219604432614516
"MEMORY_ALLOCATION","MEMORY_ALLOCATION_FREE","",0,"0x00007fbe84277000",13991,3219604432616462,3219604432616683
"MEMORY_ALLOCATION","MEMORY_ALLOCATION_ALLOCATE","Agent 3",256,"0x00007fbe84277000",13993,3219604432618549,3219604432618765
"MEMORY_ALLOCATION","MEMORY_ALLOCATION_FREE","",0,"0x00007fbe84279000",13998,3219604432650840,3219604432651173
"MEMORY_ALLOCATION","MEMORY_ALLOCATION_ALLOCATE","Agent 3",256,"0x00007fbe84278000",14000,3219604432653172,3219604432653397
"MEMORY_ALLOCATION","MEMORY_ALLOCATION_FREE","",0,"0x00007fbe84277000",14005,3219604432673004,3219604432673236
"MEMORY_ALLOCATION","MEMORY_ALLOCATION_FREE","",0,"0x00007fbe84276000",14007,3219604432675414,3219604432675709
"MEMORY_ALLOCATION","MEMORY_ALLOCATION_FREE","",0,"0x00007fbe8427e000",14009,3219604432677372,3219604432677570
"MEMORY_ALLOCATION","MEMORY_ALLOCATION_FREE","",0,"0x00007fbe8427d000",14011,3219604432679606,3219604432680133
"MEMORY_ALLOCATION","MEMORY_ALLOCATION_FREE","",0,"0x00007fbe84275000",14013,3219604432697444,3219604432697908
"MEMORY_ALLOCATION","MEMORY_ALLOCATION_ALLOCATE","Agent 3",256,"0x00007fbe84275000",14015,3219604432700706,3219604432701080
"MEMORY_ALLOCATION","MEMORY_ALLOCATION_ALLOCATE","Agent 3",256,"0x00007fbe84276000",14020,3219604432738279,3219604432738547
"MEMORY_ALLOCATION","MEMORY_ALLOCATION_ALLOCATE","Agent 3",128,"0x00007fbe84277000",14025,3219604432746137,3219604432746478
"MEMORY_ALLOCATION","MEMORY_ALLOCATION_ALLOCATE","Agent 3",128,"0x00007fbe84279000",14030,3219604432754476,3219604432754804
"MEMORY_ALLOCATION","MEMORY_ALLOCATION_ALLOCATE","Agent 3",256,"0x00007fbe8427a000",14035,3219604432763371,3219604432763707
"MEMORY_ALLOCATION","MEMORY_ALLOCATION_ALLOCATE","Agent 3",128,"0x00007fbe8427b000",14040,3219604432771652,3219604432772026
"MEMORY_ALLOCATION","MEMORY_ALLOCATION_ALLOCATE","Agent 3",256,"0x00007fbe8427c000",14048,3219604432791462,3219604432791833
"MEMORY_ALLOCATION","MEMORY_ALLOCATION_ALLOCATE","Agent 3",256,"0x00007fbe8427d000",14053,3219604432800225,3219604432800579
"MEMORY_ALLOCATION","MEMORY_ALLOCATION_FREE","",0,"0x00007fbe8427c000",14058,3219604432826745,3219604432827205
"MEMORY_ALLOCATION","MEMORY_ALLOCATION_FREE","",0,"0x00007fbe8427b000",14060,3219604432829009,3219604432829364
"MEMORY_ALLOCATION","MEMORY_ALLOCATION_FREE","",0,"0x00007fbe8427a000",14062,3219604432831165,3219604432831462
"MEMORY_ALLOCATION","MEMORY_ALLOCATION_FREE","",0,"0x00007fbe84279000",14064,3219604432832990,3219604432833224
"MEMORY_ALLOCATION","MEMORY_ALLOCATION_FREE","",0,"0x00007fbe84277000",14066,3219604432835073,3219604432835316
"MEMORY_ALLOCATION","MEMORY_ALLOCATION_FREE","",0,"0x00007fbe84276000",14068,3219604432837114,3219604432837366
"MEMORY_ALLOCATION","MEMORY_ALLOCATION_FREE","",0,"0x00007fbe84275000",14070,3219604432839535,3219604432839778
"MEMORY_ALLOCATION","MEMORY_ALLOCATION_ALLOCATE","Agent 3",256,"0x00007fbe8427e000",14072,3219604432841767,3219604432841958
"MEMORY_ALLOCATION","MEMORY_ALLOCATION_ALLOCATE","Agent 3",256,"0x00007fbe84275000",14074,3219604432844901,3219604432845113
"MEMORY_ALLOCATION","MEMORY_ALLOCATION_ALLOCATE","Agent 3",512,"0x00007fbe84276000",14079,3219604432853428,3219604432853680
"MEMORY_ALLOCATION","MEMORY_ALLOCATION_ALLOCATE","Agent 3",512,"0x00007fbe84277000",14084,3219604432862172,3219604432862534
"MEMORY_ALLOCATION","MEMORY_ALLOCATION_ALLOCATE","Agent 3",512,"0x00007fbe84279000",14089,3219604432870439,3219604432870754
"MEMORY_ALLOCATION","MEMORY_ALLOCATION_FREE","",0,"0x00007fbe84277000",14094,3219604432891106,3219604432891342
"MEMORY_ALLOCATION","MEMORY_ALLOCATION_FREE","",0,"0x00007fbe84276000",14096,3219604432893793,3219604432894077
"MEMORY_ALLOCATION","MEMORY_ALLOCATION_ALLOCATE","Agent 3",256,"0x00007fbe84276000",14098,3219604432895965,3219604432896219
"MEMORY_ALLOCATION","MEMORY_ALLOCATION_FREE","",0,"0x00007fbe84279000",14103,3219604432928242,3219604432928542
"MEMORY_ALLOCATION","MEMORY_ALLOCATION_ALLOCATE","Agent 3",256,"0x00007fbe84277000",14105,3219604432930458,3219604432930654
"MEMORY_ALLOCATION","MEMORY_ALLOCATION_FREE","",0,"0x00007fbe84276000",14110,3219604432948051,3219604432948319
"MEMORY_ALLOCATION","MEMORY_ALLOCATION_FREE","",0,"0x00007fbe84275000",14112,3219604432950358,3219604432950584
"MEMORY_ALLOCATION","MEMORY_ALLOCATION_FREE","",0,"0x00007fbe8427e000",14114,3219604432952475,3219604432952678
"MEMORY_ALLOCATION","MEMORY_ALLOCATION_FREE","",0,"0x00007fbe8427d000",14116,3219604432954544,3219604432954889
"MEMORY_ALLOCATION","MEMORY_ALLOCATION_FREE","",0,"0x00007fbe84278000",14118,3219604432956500,3219604432956769
"MEMORY_ALLOCATION","MEMORY_ALLOCATION_ALLOCATE","Agent 3",256,"0x00007fbe84275000",14120,3219604432958656,3219604432958887
"MEMORY_ALLOCATION","MEMORY_ALLOCATION_FREE","",0,"0x00007fbe84277000",14125,3219604432976409,3219604432976761
"MEMORY_ALLOCATION","MEMORY_ALLOCATION_ALLOCATE","Agent 3",1024,"0x00007fbe84276000",14127,3219604432979044,3219604432979291
"MEMORY_ALLOCATION","MEMORY_ALLOCATION_FREE","",0,"0x00007fbe84275000",14132,3219604433003094,3219604433003338
"MEMORY_ALLOCATION","MEMORY_ALLOCATION_FREE","",0,"0x00007fbe84274000",14134,3219604433005323,3219604433005530
"MEMORY_ALLOCATION","MEMORY_ALLOCATION_FREE","",0,"0x00007fbe84273000",14136,3219604433007479,3219604433007687
"MEMORY_ALLOCATION","MEMORY_ALLOCATION_FREE","",0,"0x00007fbe84272000",14138,3219604433009890,3219604433010180
"MEMORY_ALLOCATION","MEMORY_ALLOCATION_FREE","",0,"0x00007fbe84276000",14142,3219604433027564,3219604433027916
"MEMORY_ALLOCATION","MEMORY_ALLOCATION_ALLOCATE","Agent 3",8,"0x00007fbe84272000",14144,3219604433030469,3219604433030679
"MEMORY_ALLOCATION","MEMORY_ALLOCATION_FREE","",0,"0x00007fbe84272000",14151,3219604433065864,3219604433066146
"MEMORY_ALLOCATION","MEMORY_ALLOCATION_FREE","",0,"0x00007fbe84271000",14165,3219604433101930,3219604433102328
"MEMORY_ALLOCATION","MEMORY_ALLOCATION_FREE","",0,"0x00007fbe8427f000",14167,3219604433104331,3219604433104763
"MEMORY_ALLOCATION","MEMORY_ALLOCATION_FREE","",0,"0x00007fbe8426d000",14169,3219604433113025,3219604433113568
"MEMORY_ALLOCATION","MEMORY_ALLOCATION_FREE","",0,"0x00007fbe84287000",14171,3219604433115768,3219604433116119
"MEMORY_ALLOCATION","MEMORY_ALLOCATION_FREE","",0,"0x00007fbe84283000",14173,3219604433118060,3219604433118595
"MEMORY_ALLOCATION","MEMORY_ALLOCATION_FREE","",0,"0x00007fbe8425d000",14177,3219604433151334,3219604433151723
"MEMORY_ALLOCATION","MEMORY_ALLOCATION_FREE","",0,"0x00007fbe8425c000",14179,3219604433154312,3219604433154708
"MEMORY_ALLOCATION","MEMORY_ALLOCATION_FREE","",0,"0x00007fbe8422e000",14181,3219604433157091,3219604433157682
"MEMORY_ALLOCATION","MEMORY_ALLOCATION_FREE","",0,"0x00007fbe84226000",14183,3219604433159716,3219604433160103
"MEMORY_ALLOCATION","MEMORY_ALLOCATION_FREE","",0,"0x00007fbe8421e000",14185,3219604433162262,3219604433162671
"MEMORY_ALLOCATION","MEMORY_ALLOCATION_FREE","",0,"0x00007fbe8421d000",14187,3219604433164867,3219604433165206
"MEMORY_ALLOCATION","MEMORY_ALLOCATION_FREE","",0,"0x00007fbe84219000",14189,3219604433167403,3219604433167829
"MEMORY_ALLOCATION","MEMORY_ALLOCATION_FREE","",0,"0x00007fbe84217000",14191,3219604433169976,3219604433170349
"MEMORY_ALLOCATION","MEMORY_ALLOCATION_FREE","",0,"0x00007fbe84215000",14193,3219604433172439,3219604433172704
"MEMORY_ALLOCATION","MEMORY_ALLOCATION_FREE","",0,"0x00007fbe84211000",14195,3219604433174617,3219604433174851
"MEMORY_ALLOCATION","MEMORY_ALLOCATION_FREE","",0,"0x00007fbe84210000",14197,3219604433176790,3219604433177122
"MEMORY_ALLOCATION","MEMORY_ALLOCATION_FREE","",0,"0x00007fbe84254000",14199,3219604433179471,3219604433179742
"MEMORY_ALLOCATION","MEMORY_ALLOCATION_FREE","",0,"0x00007fbe8424c000",14201,3219604433181702,3219604433182096
"MEMORY_ALLOCATION","MEMORY_ALLOCATION_FREE","",0,"0x00007fbe84244000",14203,3219604433183981,3219604433184213
"MEMORY_ALLOCATION","MEMORY_ALLOCATION_FREE","",0,"0x00007fbe84243000",14205,3219604433186082,3219604433186476
"MEMORY_ALLOCATION","MEMORY_ALLOCATION_FREE","",0,"0x00007fbe8423f000",14207,3219604433188510,3219604433188748
"MEMORY_ALLOCATION","MEMORY_ALLOCATION_FREE","",0,"0x00007fbe8423d000",14209,3219604433190862,3219604433191282
"MEMORY_ALLOCATION","MEMORY_ALLOCATION_FREE","",0,"0x00007fbe8423b000",14211,3219604433193267,3219604433193599
"MEMORY_ALLOCATION","MEMORY_ALLOCATION_FREE","",0,"0x00007fbe84237000",14213,3219604433195609,3219604433195877
"MEMORY_ALLOCATION","MEMORY_ALLOCATION_FREE","",0,"0x00007fbe84236000",14215,3219604433198030,3219604433198544
"MEMORY_ALLOCATION","MEMORY_ALLOCATION_FREE","",0,"0x00007fbe84200000",14217,3219604433200413,3219604433200905
