"Kind","Agent_Id","Queue_Id","Stream_Id","Thread_Id","Dispatch_Id","Kernel_Id","Kernel_Name","Correlation_Id","Start_Timestamp","End_Timestamp","LDS_Block_Size","Scratch_Size","VGPR_Count","Accum_VGPR_Count","SGPR_Count","Workgroup_Size_X","Workgroup_Size_Y","Workgroup_Size_Z","Grid_Size_X","Grid_Size_Y","Grid_Size_Z"
"KERNEL_DISPATCH","Agent 3",1,0,2659141,1,9,"__amd_rocclr_copyBuffer",9,3219604384988999,3219604384995414,0,0,16,0,32,512,1,1,512,1,1
"KERNEL_DISPATCH","Agent 3",1,0,2659141,2,9,"__amd_rocclr_copyBuffer",13,3219604385019887,3219604385024537,0,0,16,0,32,512,1,1,1024,1,1
"KERNEL_DISPATCH","Agent 3",1,0,2659141,3,9,"__amd_rocclr_copyBuffer",17,3219604385043007,3219604385047257,0,0,16,0,32,512,1,1,512,1,1
"KERNEL_DISPATCH","Agent 3",1,0,2659141,4,9,"__amd_rocclr_copyBuffer",21,3219604385065935,3219604385070105,0,0,16,0,32,512,1,1,512,1,1
"KERNEL_DISPATCH","Agent 3",1,0,2659141,5,9,"__amd_rocclr_copyBuffer",25,3219604385091075,3219604385095806,0,0,16,0,32,512,1,1,1024,1,1
"KERNEL_DISPATCH","Agent 3",1,0,2659141,6,9,"__amd_rocclr_copyBuffer",29,3219604385119862,3219604385123350,0,0,16,0,32,512,1,1,512,1,1
"KERNEL_DISPATCH","Agent 3",1,0,2659141,7,9,"__amd_rocclr_copyBuffer",45,3219604385215205,3219604385219375,0,0,16,0,32,512,1,1,512,1,1
"KERNEL_DISPATCH","Agent 3",1,0,2659141,8,9,"__amd_rocclr_copyBuffer",49,3219604385242284,3219604385247215,0,0,16,0,32,512,1,1,1024,1,1
"KERNEL_DISPATCH","Agent 3",1,0,2659141,9,9,"__amd_rocclr_copyBuffer",53,3219604385266467,3219604385271118,0,0,16,0,32,512,1,1,512,1,1
"KERNEL_DISPATCH","Agent 3",1,0,2659141,10,9,"__amd_rocclr_copyBuffer",57,3219604385290401,3219604385294651,0,0,16,0,32,512,1,1,512,1,1
"KERNEL_DISPATCH","Agent 3",1,0,2659141,11,9,"__amd_rocclr_copyBuffer",61,3219604385314891,3219604385319822,0,0,16,0,32,512,1,1,1024,1,1
"KERNEL_DISPATCH","Agent 3",1,0,2659141,12,9,"__amd_rocclr_copyBuffer",65,3219604385338722,3219604385342610,0,0,16,0,32,512,1,1,512,1,1
"KERNEL_DISPATCH","Agent 3",1,0,2659141,13,9,"__amd_rocclr_copyBuffer",81,3219604385429284,3219604385433293,0,0,16,0,32,512,1,1,512,1,1
"KERNEL_DISPATCH","Agent 3",1,0,2659141,14,9,"__amd_rocclr_copyBuffer",89,3219604385497602,3219604385501691,0,0,16,0,32,512,1,1,512,1,1
"KERNEL_DISPATCH","Agent 3",1,0,2659141,15,92,"microllm::ops::hip::(anonymous namespace)::embedding_kernel(float const*, int const*, float*, long, long, long)",93,3219604393933081,3219604393937932,0,0,16,0,32,256,1,1,256,1,1
"KERNEL_DISPATCH","Agent 3",1,0,2659141,16,102,"microllm::ops::hip::(anonymous namespace)::rms_norm_kernel(float const*, float const*, float*, long, long, float)",98,3219604393955592,3219604393959160,1024,0,12,4,32,256,1,1,1024,1,1
"KERNEL_DISPATCH","Agent 3",1,0,2659141,17,65,"void microllm::ops::hip::(anonymous namespace)::matmul_typed_kernel<float>(float const*, float const*, float*, long, long, long, long)",103,3219604393970109,3219604393987188,0,0,16,0,48,256,1,1,256,1,1
"KERNEL_DISPATCH","Agent 3",1,0,2659141,18,65,"void microllm::ops::hip::(anonymous namespace)::matmul_typed_kernel<float>(float const*, float const*, float*, long, long, long, long)",108,3219604393987222,3219604394005624,0,0,16,0,48,256,1,1,256,1,1
"KERNEL_DISPATCH","Agent 3",1,0,2659141,19,65,"void microllm::ops::hip::(anonymous namespace)::matmul_typed_kernel<float>(float const*, float const*, float*, long, long, long, long)",113,3219604394005642,3219604394020716,0,0,16,0,48,256,1,1,256,1,1
"KERNEL_DISPATCH","Agent 3",1,0,2659141,20,138,"microllm::runtime::detail::(anonymous namespace)::strided_copy_kernel(std::byte*, std::byte const*, unsigned long, long, microllm::runtime::detail::(anonymous namespace)::Layout)",118,3219604394330213,3219604394334262,0,0,20,4,48,256,1,1,256,1,1
"KERNEL_DISPATCH","Agent 3",1,0,2659141,21,138,"microllm::runtime::detail::(anonymous namespace)::strided_copy_kernel(std::byte*, std::byte const*, unsigned long, long, microllm::runtime::detail::(anonymous namespace)::Layout)",123,3219604394345299,3219604394348666,0,0,20,4,48,256,1,1,256,1,1
"KERNEL_DISPATCH","Agent 3",1,0,2659141,22,138,"microllm::runtime::detail::(anonymous namespace)::strided_copy_kernel(std::byte*, std::byte const*, unsigned long, long, microllm::runtime::detail::(anonymous namespace)::Layout)",128,3219604394354516,3219604394358004,0,0,20,4,48,256,1,1,256,1,1
"KERNEL_DISPATCH","Agent 3",1,0,2659141,23,76,"microllm::ops::hip::(anonymous namespace)::rope_kernel(float const*, float*, long, long, long, long, long, float)",133,3219604394365841,3219604394369128,0,0,28,4,48,256,1,1,256,1,1
"KERNEL_DISPATCH","Agent 3",1,0,2659141,24,76,"microllm::ops::hip::(anonymous namespace)::rope_kernel(float const*, float*, long, long, long, long, long, float)",140,3219604394427009,3219604394430015,0,0,28,4,48,256,1,1,256,1,1
"KERNEL_DISPATCH","Agent 3",1,0,2659141,25,9,"__amd_rocclr_copyBuffer",147,3219604394454611,3219604394456094,0,0,16,0,32,512,1,1,512,1,1
"KERNEL_DISPATCH","Agent 3",1,0,2659141,26,9,"__amd_rocclr_copyBuffer",149,3219604394459480,3219604394461044,0,0,16,0,32,512,1,1,512,1,1
"KERNEL_DISPATCH","Agent 3",1,0,2659141,27,9,"__amd_rocclr_copyBuffer",153,3219604394468843,3219604394470206,0,0,16,0,32,512,1,1,512,1,1
"KERNEL_DISPATCH","Agent 3",1,0,2659141,28,9,"__amd_rocclr_copyBuffer",155,3219604394473793,3219604394475157,0,0,16,0,32,512,1,1,512,1,1
"KERNEL_DISPATCH","Agent 3",1,0,2659141,29,135,"microllm::ops::hip::(anonymous namespace)::causal_gqa_attention_kernel(float const*, float const*, float const*, float*, float*, long, long, long, long, long, long, float)",159,3219604394487422,3219604394494999,1024,0,24,0,64,256,1,1,4096,1,1
"KERNEL_DISPATCH","Agent 3",1,0,2659141,30,138,"microllm::runtime::detail::(anonymous namespace)::strided_copy_kernel(std::byte*, std::byte const*, unsigned long, long, microllm::runtime::detail::(anonymous namespace)::Layout)",164,3219604394498234,3219604394501803,0,0,20,4,48,256,1,1,256,1,1
"KERNEL_DISPATCH","Agent 3",1,0,2659141,31,65,"void microllm::ops::hip::(anonymous namespace)::matmul_typed_kernel<float>(float const*, float const*, float*, long, long, long, long)",171,3219604394521732,3219604394538410,0,0,16,0,48,256,1,1,256,1,1
"KERNEL_DISPATCH","Agent 3",1,0,2659141,32,95,"void microllm::ops::hip::(anonymous namespace)::add_typed_kernel<float>(float const*, float const*, float*, long)",190,3219604394573911,3219604394577078,0,0,8,0,32,256,1,1,256,1,1
"KERNEL_DISPATCH","Agent 3",1,0,2659141,33,102,"microllm::ops::hip::(anonymous namespace)::rms_norm_kernel(float const*, float const*, float*, long, long, float)",199,3219604394598162,3219604394601289,1024,0,12,4,32,256,1,1,1024,1,1
"KERNEL_DISPATCH","Agent 3",1,0,2659141,34,65,"void microllm::ops::hip::(anonymous namespace)::matmul_typed_kernel<float>(float const*, float const*, float*, long, long, long, long)",204,3219604394606235,3219604394630049,0,0,16,0,48,256,1,1,512,1,1
"KERNEL_DISPATCH","Agent 3",1,0,2659141,35,65,"void microllm::ops::hip::(anonymous namespace)::matmul_typed_kernel<float>(float const*, float const*, float*, long, long, long, long)",209,3219604394630168,3219604394653982,0,0,16,0,48,256,1,1,512,1,1
"KERNEL_DISPATCH","Agent 3",1,0,2659141,36,75,"void microllm::ops::hip::(anonymous namespace)::swiglu_typed_kernel<float>(float const*, float const*, float*, long)",214,3219604394654058,3219604394657466,0,0,12,4,32,256,1,1,512,1,1
"KERNEL_DISPATCH","Agent 3",1,0,2659141,37,65,"void microllm::ops::hip::(anonymous namespace)::matmul_typed_kernel<float>(float const*, float const*, float*, long, long, long, long)",223,3219604394677266,3219604394723612,0,0,16,0,48,256,1,1,256,1,1
"KERNEL_DISPATCH","Agent 3",1,0,2659141,38,95,"void microllm::ops::hip::(anonymous namespace)::add_typed_kernel<float>(float const*, float const*, float*, long)",230,3219604394745134,3219604394747339,0,0,8,0,32,256,1,1,256,1,1
"KERNEL_DISPATCH","Agent 3",1,0,2659141,39,102,"microllm::ops::hip::(anonymous namespace)::rms_norm_kernel(float const*, float const*, float*, long, long, float)",243,3219604394772290,3219604394775177,1024,0,12,4,32,256,1,1,1024,1,1
"KERNEL_DISPATCH","Agent 3",1,0,2659141,40,65,"void microllm::ops::hip::(anonymous namespace)::matmul_typed_kernel<float>(float const*, float const*, float*, long, long, long, long)",248,3219604394778998,3219604394796799,0,0,16,0,48,256,1,1,256,1,1
"KERNEL_DISPATCH","Agent 3",1,0,2659141,41,65,"void microllm::ops::hip::(anonymous namespace)::matmul_typed_kernel<float>(float const*, float const*, float*, long, long, long, long)",253,3219604394796874,3219604394811267,0,0,16,0,48,256,1,1,256,1,1
"KERNEL_DISPATCH","Agent 3",1,0,2659141,42,65,"void microllm::ops::hip::(anonymous namespace)::matmul_typed_kernel<float>(float const*, float const*, float*, long, long, long, long)",258,3219604394811250,3219604394829692,0,0,16,0,48,256,1,1,256,1,1
"KERNEL_DISPATCH","Agent 3",1,0,2659141,43,138,"microllm::runtime::detail::(anonymous namespace)::strided_copy_kernel(std::byte*, std::byte const*, unsigned long, long, microllm::runtime::detail::(anonymous namespace)::Layout)",263,3219604394829765,3219604394833895,0,0,20,4,48,256,1,1,256,1,1
"KERNEL_DISPATCH","Agent 3",1,0,2659141,44,138,"microllm::runtime::detail::(anonymous namespace)::strided_copy_kernel(std::byte*, std::byte const*, unsigned long, long, microllm::runtime::detail::(anonymous namespace)::Layout)",268,3219604394833825,3219604394837754,0,0,20,4,48,256,1,1,256,1,1
"KERNEL_DISPATCH","Agent 3",1,0,2659141,45,138,"microllm::runtime::detail::(anonymous namespace)::strided_copy_kernel(std::byte*, std::byte const*, unsigned long, long, microllm::runtime::detail::(anonymous namespace)::Layout)",273,3219604394837735,3219604394841704,0,0,20,4,48,256,1,1,256,1,1
"KERNEL_DISPATCH","Agent 3",1,0,2659141,46,76,"microllm::ops::hip::(anonymous namespace)::rope_kernel(float const*, float*, long, long, long, long, long, float)",278,3219604394841744,3219604394845272,0,0,28,4,48,256,1,1,256,1,1
"KERNEL_DISPATCH","Agent 3",1,0,2659141,47,76,"microllm::ops::hip::(anonymous namespace)::rope_kernel(float const*, float*, long, long, long, long, long, float)",285,3219604394867427,3219604394870353,0,0,28,4,48,256,1,1,256,1,1
"KERNEL_DISPATCH","Agent 3",1,0,2659141,48,9,"__amd_rocclr_copyBuffer",292,3219604394888260,3219604394890024,0,0,16,0,32,512,1,1,512,1,1
"KERNEL_DISPATCH","Agent 3",1,0,2659141,49,9,"__amd_rocclr_copyBuffer",294,3219604394893508,3219604394894230,0,0,16,0,32,512,1,1,512,1,1
"KERNEL_DISPATCH","Agent 3",1,0,2659141,50,9,"__amd_rocclr_copyBuffer",298,3219604394900146,3219604394901630,0,0,16,0,32,512,1,1,512,1,1
"KERNEL_DISPATCH","Agent 3",1,0,2659141,51,9,"__amd_rocclr_copyBuffer",300,3219604394905062,3219604394906626,0,0,16,0,32,512,1,1,512,1,1
"KERNEL_DISPATCH","Agent 3",1,0,2659141,52,135,"microllm::ops::hip::(anonymous namespace)::causal_gqa_attention_kernel(float const*, float const*, float const*, float*, float*, long, long, long, long, long, long, float)",304,3219604394915336,3219604394921470,1024,0,24,0,64,256,1,1,4096,1,1
"KERNEL_DISPATCH","Agent 3",1,0,2659141,53,138,"microllm::runtime::detail::(anonymous namespace)::strided_copy_kernel(std::byte*, std::byte const*, unsigned long, long, microllm::runtime::detail::(anonymous namespace)::Layout)",309,3219604394933145,3219604394936191,0,0,20,4,48,256,1,1,256,1,1
"KERNEL_DISPATCH","Agent 3",1,0,2659141,54,65,"void microllm::ops::hip::(anonymous namespace)::matmul_typed_kernel<float>(float const*, float const*, float*, long, long, long, long)",316,3219604394953597,3219604394970636,0,0,16,0,48,256,1,1,256,1,1
"KERNEL_DISPATCH","Agent 3",1,0,2659141,55,95,"void microllm::ops::hip::(anonymous namespace)::add_typed_kernel<float>(float const*, float const*, float*, long)",335,3219604395001057,3219604395003863,0,0,8,0,32,256,1,1,256,1,1
"KERNEL_DISPATCH","Agent 3",1,0,2659141,56,102,"microllm::ops::hip::(anonymous namespace)::rms_norm_kernel(float const*, float const*, float*, long, long, float)",344,3219604395024641,3219604395027848,1024,0,12,4,32,256,1,1,1024,1,1
"KERNEL_DISPATCH","Agent 3",1,0,2659141,57,65,"void microllm::ops::hip::(anonymous namespace)::matmul_typed_kernel<float>(float const*, float const*, float*, long, long, long, long)",349,3219604395032107,3219604395056683,0,0,16,0,48,256,1,1,512,1,1
"KERNEL_DISPATCH","Agent 3",1,0,2659141,58,65,"void microllm::ops::hip::(anonymous namespace)::matmul_typed_kernel<float>(float const*, float const*, float*, long, long, long, long)",354,3219604395056648,3219604395080142,0,0,16,0,48,256,1,1,512,1,1
"KERNEL_DISPATCH","Agent 3",1,0,2659141,59,75,"void microllm::ops::hip::(anonymous namespace)::swiglu_typed_kernel<float>(float const*, float const*, float*, long)",359,3219604395080044,3219604395083532,0,0,12,4,32,256,1,1,512,1,1
"KERNEL_DISPATCH","Agent 3",1,0,2659141,60,65,"void microllm::ops::hip::(anonymous namespace)::matmul_typed_kernel<float>(float const*, float const*, float*, long, long, long, long)",368,3219604395103507,3219604395149853,0,0,16,0,48,256,1,1,256,1,1
"KERNEL_DISPATCH","Agent 3",1,0,2659141,61,95,"void microllm::ops::hip::(anonymous namespace)::add_typed_kernel<float>(float const*, float const*, float*, long)",375,3219604395168650,3219604395171657,0,0,8,0,32,256,1,1,256,1,1
"KERNEL_DISPATCH","Agent 3",1,0,2659141,62,102,"microllm::ops::hip::(anonymous namespace)::rms_norm_kernel(float const*, float const*, float*, long, long, float)",388,3219604395196692,3219604395199739,1024,0,12,4,32,256,1,1,1024,1,1
"KERNEL_DISPATCH","Agent 3",1,0,2659141,63,65,"void microllm::ops::hip::(anonymous namespace)::matmul_typed_kernel<float>(float const*, float const*, float*, long, long, long, long)",395,3219604395217658,3219604395241393,0,0,16,0,48,256,1,1,256,1,1
"KERNEL_DISPATCH","Agent 3",1,0,2659141,64,9,"__amd_rocclr_copyBuffer",406,3219604395265181,3219604395266544,0,0,16,0,32,512,1,1,512,1,1
"KERNEL_DISPATCH","Agent 3",1,0,2659141,65,9,"__amd_rocclr_copyBuffer",408,3219604395269853,3219604395270936,0,0,16,0,32,512,1,1,512,1,1
"KERNEL_DISPATCH","Agent 3",1,0,2659141,66,9,"__amd_rocclr_copyBuffer",410,3219604395274811,3219604395276254,0,0,16,0,32,512,1,1,512,1,1
"KERNEL_DISPATCH","Agent 3",1,0,2659141,67,9,"__amd_rocclr_copyBuffer",412,3219604395280098,3219604395281661,0,0,16,0,32,512,1,1,512,1,1
"KERNEL_DISPATCH","Agent 3",1,0,2659141,68,9,"__amd_rocclr_copyBuffer",418,3219604395292519,3219604395293882,0,0,16,0,32,512,1,1,512,1,1
"KERNEL_DISPATCH","Agent 3",1,0,2659141,69,9,"__amd_rocclr_copyBuffer",420,3219604395297217,3219604395298059,0,0,16,0,32,512,1,1,512,1,1
"KERNEL_DISPATCH","Agent 3",1,0,2659141,70,9,"__amd_rocclr_copyBuffer",422,3219604395306086,3219604395307369,0,0,16,0,32,512,1,1,512,1,1
"KERNEL_DISPATCH","Agent 3",1,0,2659141,71,9,"__amd_rocclr_copyBuffer",424,3219604395310786,3219604395313392,0,0,16,0,32,512,1,1,512,1,1
"KERNEL_DISPATCH","Agent 3",1,0,2659141,72,9,"__amd_rocclr_copyBuffer",436,3219604395340593,3219604395342477,0,0,16,0,32,512,1,1,512,1,1
"KERNEL_DISPATCH","Agent 3",1,0,2659141,73,9,"__amd_rocclr_copyBuffer",442,3219604395364356,3219604395367644,0,0,16,0,32,512,1,1,512,1,1
"KERNEL_DISPATCH","Agent 3",1,0,2659141,74,92,"microllm::ops::hip::(anonymous namespace)::embedding_kernel(float const*, int const*, float*, long, long, long)",446,3219604395385117,3219604395387723,0,0,16,0,32,256,1,1,512,1,1
"KERNEL_DISPATCH","Agent 3",1,0,2659141,75,102,"microllm::ops::hip::(anonymous namespace)::rms_norm_kernel(float const*, float const*, float*, long, long, float)",451,3219604395392352,3219604395396000,1024,0,12,4,32,256,1,1,2048,1,1
"KERNEL_DISPATCH","Agent 3",1,0,2659141,76,65,"void microllm::ops::hip::(anonymous namespace)::matmul_typed_kernel<float>(float const*, float const*, float*, long, long, long, long)",456,3219604395400654,3219604395417773,0,0,16,0,48,256,1,1,512,1,1
"KERNEL_DISPATCH","Agent 3",1,0,2659141,77,65,"void microllm::ops::hip::(anonymous namespace)::matmul_typed_kernel<float>(float const*, float const*, float*, long, long, long, long)",461,3219604395417834,3219604395435955,0,0,16,0,48,256,1,1,256,1,1
"KERNEL_DISPATCH","Agent 3",1,0,2659141,78,65,"void microllm::ops::hip::(anonymous namespace)::matmul_typed_kernel<float>(float const*, float const*, float*, long, long, long, long)",466,3219604395435904,3219604395450938,0,0,16,0,48,256,1,1,256,1,1
"KERNEL_DISPATCH","Agent 3",1,0,2659141,79,138,"microllm::runtime::detail::(anonymous namespace)::strided_copy_kernel(std::byte*, std::byte const*, unsigned long, long, microllm::runtime::detail::(anonymous namespace)::Layout)",471,3219604395450995,3219604395454965,0,0,20,4,48,256,1,1,512,1,1
"KERNEL_DISPATCH","Agent 3",1,0,2659141,80,138,"microllm::runtime::detail::(anonymous namespace)::strided_copy_kernel(std::byte*, std::byte const*, unsigned long, long, microllm::runtime::detail::(anonymous namespace)::Layout)",476,3219604395454963,3219604395458891,0,0,20,4,48,256,1,1,256,1,1
"KERNEL_DISPATCH","Agent 3",1,0,2659141,81,138,"microllm::runtime::detail::(anonymous namespace)::strided_copy_kernel(std::byte*, std::byte const*, unsigned long, long, microllm::runtime::detail::(anonymous namespace)::Layout)",481,3219604395458950,3219604395462960,0,0,20,4,48,256,1,1,256,1,1
"KERNEL_DISPATCH","Agent 3",1,0,2659141,82,76,"microllm::ops::hip::(anonymous namespace)::rope_kernel(float const*, float*, long, long, long, long, long, float)",486,3219604395462966,3219604395466494,0,0,28,4,48,256,1,1,256,1,1
"KERNEL_DISPATCH","Agent 3",1,0,2659141,83,76,"microllm::ops::hip::(anonymous namespace)::rope_kernel(float const*, float*, long, long, long, long, long, float)",493,3219604395490652,3219604395493378,0,0,28,4,48,256,1,1,256,1,1
"KERNEL_DISPATCH","Agent 3",1,0,2659141,84,9,"__amd_rocclr_copyBuffer",500,3219604395512172,3219604395513335,0,0,16,0,32,512,1,1,512,1,1
"KERNEL_DISPATCH","Agent 3",1,0,2659141,85,9,"__amd_rocclr_copyBuffer",502,3219604395525784,3219604395527148,0,0,16,0,32,512,1,1,512,1,1
"KERNEL_DISPATCH","Agent 3",1,0,2659141,86,9,"__amd_rocclr_copyBuffer",506,3219604395535023,3219604395536506,0,0,16,0,32,512,1,1,512,1,1
"KERNEL_DISPATCH","Agent 3",1,0,2659141,87,9,"__amd_rocclr_copyBuffer",508,3219604395540157,3219604395541360,0,0,16,0,32,512,1,1,512,1,1
"KERNEL_DISPATCH","Agent 3",1,0,2659141,88,135,"microllm::ops::hip::(anonymous namespace)::causal_gqa_attention_kernel(float const*, float const*, float const*, float*, float*, long, long, long, long, long, long, float)",512,3219604395549319,3219604395555453,1024,0,24,0,64,256,1,1,8192,1,1
"KERNEL_DISPATCH","Agent 3",1,0,2659141,89,138,"microllm::runtime::detail::(anonymous namespace)::strided_copy_kernel(std::byte*, std::byte const*, unsigned long, long, microllm::runtime::detail::(anonymous namespace)::Layout)",517,3219604395558644,3219604395561490,0,0,20,4,48,256,1,1,512,1,1
"KERNEL_DISPATCH","Agent 3",1,0,2659141,90,65,"void microllm::ops::hip::(anonymous namespace)::matmul_typed_kernel<float>(float const*, float const*, float*, long, long, long, long)",524,3219604395580965,3219604395597924,0,0,16,0,48,256,1,1,512,1,1
"KERNEL_DISPATCH","Agent 3",1,0,2659141,91,95,"void microllm::ops::hip::(anonymous namespace)::add_typed_kernel<float>(float const*, float const*, float*, long)",543,3219604395629338,3219604395632104,0,0,8,0,32,256,1,1,512,1,1
"KERNEL_DISPATCH","Agent 3",1,0,2659141,92,102,"microllm::ops::hip::(anonymous namespace)::rms_norm_kernel(float const*, float const*, float*, long, long, float)",552,3219604395651513,3219604395654399,1024,0,12,4,32,256,1,1,2048,1,1
"KERNEL_DISPATCH","Agent 3",1,0,2659141,93,65,"void microllm::ops::hip::(anonymous namespace)::matmul_typed_kernel<float>(float const*, float const*, float*, long, long, long, long)",557,3219604395658992,3219604395676191,0,0,16,0,48,256,1,1,1024,1,1
"KERNEL_DISPATCH","Agent 3",1,0,2659141,94,65,"void microllm::ops::hip::(anonymous namespace)::matmul_typed_kernel<float>(float const*, float const*, float*, long, long, long, long)",562,3219604395675969,3219604395692407,0,0,16,0,48,256,1,1,1024,1,1
"KERNEL_DISPATCH","Agent 3",1,0,2659141,95,75,"void microllm::ops::hip::(anonymous namespace)::swiglu_typed_kernel<float>(float const*, float const*, float*, long)",567,3219604395692624,3219604395696032,0,0,12,4,32,256,1,1,1024,1,1
"KERNEL_DISPATCH","Agent 3",1,0,2659141,96,65,"void microllm::ops::hip::(anonymous namespace)::matmul_typed_kernel<float>(float const*, float const*, float*, long, long, long, long)",576,3219604395715719,3219604395748233,0,0,16,0,48,256,1,1,512,1,1
"KERNEL_DISPATCH","Agent 3",1,0,2659141,97,95,"void microllm::ops::hip::(anonymous namespace)::add_typed_kernel<float>(float const*, float const*, float*, long)",583,3219604395765840,3219604395767885,0,0,8,0,32,256,1,1,512,1,1
"KERNEL_DISPATCH","Agent 3",1,0,2659141,98,102,"microllm::ops::hip::(anonymous namespace)::rms_norm_kernel(float const*, float const*, float*, long, long, float)",596,3219604395803212,3219604395806379,1024,0,12,4,32,256,1,1,2048,1,1
"KERNEL_DISPATCH","Agent 3",1,0,2659141,99,65,"void microllm::ops::hip::(anonymous namespace)::matmul_typed_kernel<float>(float const*, float const*, float*, long, long, long, long)",601,3219604395820991,3219604395838551,0,0,16,0,48,256,1,1,512,1,1
"KERNEL_DISPATCH","Agent 3",1,0,2659141,100,65,"void microllm::ops::hip::(anonymous namespace)::matmul_typed_kernel<float>(float const*, float const*, float*, long, long, long, long)",606,3219604395838569,3219604395847430,0,0,16,0,48,256,1,1,256,1,1
"KERNEL_DISPATCH","Agent 3",1,0,2659141,101,65,"void microllm::ops::hip::(anonymous namespace)::matmul_typed_kernel<float>(float const*, float const*, float*, long, long, long, long)",611,3219604395847503,3219604395855922,0,0,16,0,48,256,1,1,256,1,1
"KERNEL_DISPATCH","Agent 3",1,0,2659141,102,138,"microllm::runtime::detail::(anonymous namespace)::strided_copy_kernel(std::byte*, std::byte const*, unsigned long, long, microllm::runtime::detail::(anonymous namespace)::Layout)",616,3219604395855904,3219604395860795,0,0,20,4,48,256,1,1,512,1,1
"KERNEL_DISPATCH","Agent 3",1,0,2659141,103,138,"microllm::runtime::detail::(anonymous namespace)::strided_copy_kernel(std::byte*, std::byte const*, unsigned long, long, microllm::runtime::detail::(anonymous namespace)::Layout)",621,3219604395860770,3219604395864258,0,0,20,4,48,256,1,1,256,1,1
"KERNEL_DISPATCH","Agent 3",1,0,2659141,104,138,"microllm::runtime::detail::(anonymous namespace)::strided_copy_kernel(std::byte*, std::byte const*, unsigned long, long, microllm::runtime::detail::(anonymous namespace)::Layout)",626,3219604395876016,3219604395879223,0,0,20,4,48,256,1,1,256,1,1
"KERNEL_DISPATCH","Agent 3",1,0,2659141,105,76,"microllm::ops::hip::(anonymous namespace)::rope_kernel(float const*, float*, long, long, long, long, long, float)",631,3219604395887776,3219604395890863,0,0,28,4,48,256,1,1,256,1,1
"KERNEL_DISPATCH","Agent 3",1,0,2659141,106,76,"microllm::ops::hip::(anonymous namespace)::rope_kernel(float const*, float*, long, long, long, long, long, float)",638,3219604395913749,3219604395916435,0,0,28,4,48,256,1,1,256,1,1
"KERNEL_DISPATCH","Agent 3",1,0,2659141,107,9,"__amd_rocclr_copyBuffer",645,3219604395934077,3219604395935520,0,0,16,0,32,512,1,1,512,1,1
"KERNEL_DISPATCH","Agent 3",1,0,2659141,108,9,"__amd_rocclr_copyBuffer",647,3219604395938980,3219604395940183,0,0,16,0,32,512,1,1,512,1,1
"KERNEL_DISPATCH","Agent 3",1,0,2659141,109,9,"__amd_rocclr_copyBuffer",651,3219604395947212,3219604395948615,0,0,16,0,32,512,1,1,512,1,1
"KERNEL_DISPATCH","Agent 3",1,0,2659141,110,9,"__amd_rocclr_copyBuffer",653,3219604395956359,3219604395957161,0,0,16,0,32,512,1,1,512,1,1
"KERNEL_DISPATCH","Agent 3",1,0,2659141,111,135,"microllm::ops::hip::(anonymous namespace)::causal_gqa_attention_kernel(float const*, float const*, float const*, float*, float*, long, long, long, long, long, long, float)",657,3219604395964917,3219604395970971,1024,0,24,0,64,256,1,1,8192,1,1
"KERNEL_DISPATCH","Agent 3",1,0,2659141,112,138,"microllm::runtime::detail::(anonymous namespace)::strided_copy_kernel(std::byte*, std::byte const*, unsigned long, long, microllm::runtime::detail::(anonymous namespace)::Layout)",662,3219604395974185,3219604395975789,0,0,20,4,48,256,1,1,512,1,1
"KERNEL_DISPATCH","Agent 3",1,0,2659141,113,65,"void microllm::ops::hip::(anonymous namespace)::matmul_typed_kernel<float>(float const*, float const*, float*, long, long, long, long)",669,3219604395993195,3219604396010675,0,0,16,0,48,256,1,1,512,1,1
"KERNEL_DISPATCH","Agent 3",1,0,2659141,114,95,"void microllm::ops::hip::(anonymous namespace)::add_typed_kernel<float>(float const*, float const*, float*, long)",688,3219604396049563,3219604396052088,0,0,8,0,32,256,1,1,512,1,1
"KERNEL_DISPATCH","Agent 3",1,0,2659141,115,102,"microllm::ops::hip::(anonymous namespace)::rms_norm_kernel(float const*, float const*, float*, long, long, float)",697,3219604396071211,3219604396074459,1024,0,12,4,32,256,1,1,2048,1,1
"KERNEL_DISPATCH","Agent 3",1,0,2659141,116,65,"void microllm::ops::hip::(anonymous namespace)::matmul_typed_kernel<float>(float const*, float const*, float*, long, long, long, long)",702,3219604396084065,3219604396100984,0,0,16,0,48,256,1,1,1024,1,1
"KERNEL_DISPATCH","Agent 3",1,0,2659141,117,65,"void microllm::ops::hip::(anonymous namespace)::matmul_typed_kernel<float>(float const*, float const*, float*, long, long, long, long)",707,3219604396104242,3219604396121080,0,0,16,0,48,256,1,1,1024,1,1
"KERNEL_DISPATCH","Agent 3",1,0,2659141,118,75,"void microllm::ops::hip::(anonymous namespace)::swiglu_typed_kernel<float>(float const*, float const*, float*, long)",712,3219604396121010,3219604396124538,0,0,12,4,32,256,1,1,1024,1,1
"KERNEL_DISPATCH","Agent 3",1,0,2659141,119,65,"void microllm::ops::hip::(anonymous namespace)::matmul_typed_kernel<float>(float const*, float const*, float*, long, long, long, long)",721,3219604396158059,3219604396190293,0,0,16,0,48,256,1,1,512,1,1
"KERNEL_DISPATCH","Agent 3",1,0,2659141,120,95,"void microllm::ops::hip::(anonymous namespace)::add_typed_kernel<float>(float const*, float const*, float*, long)",728,3219604396210230,3219604396212876,0,0,8,0,32,256,1,1,512,1,1
"KERNEL_DISPATCH","Agent 3",1,0,2659141,121,102,"microllm::ops::hip::(anonymous namespace)::rms_norm_kernel(float const*, float const*, float*, long, long, float)",741,3219604396236170,3219604396239338,1024,0,12,4,32,256,1,1,2048,1,1
"KERNEL_DISPATCH","Agent 3",1,0,2659141,122,65,"void microllm::ops::hip::(anonymous namespace)::matmul_typed_kernel<float>(float const*, float const*, float*, long, long, long, long)",748,3219604396257139,3219604396267162,0,0,16,0,48,256,1,1,256,1,1
"KERNEL_DISPATCH","Agent 3",1,0,2659141,123,9,"__amd_rocclr_copyBuffer",755,3219604396285845,3219604396287489,0,0,16,0,32,512,1,1,512,1,1
"KERNEL_DISPATCH","Agent 3",1,0,2659141,124,9,"__amd_rocclr_copyBuffer",757,3219604396290915,3219604396291878,0,0,16,0,32,512,1,1,512,1,1
"KERNEL_DISPATCH","Agent 3",1,0,2659141,125,9,"__amd_rocclr_copyBuffer",759,3219604396295255,3219604396296899,0,0,16,0,32,512,1,1,512,1,1
"KERNEL_DISPATCH","Agent 3",1,0,2659141,126,9,"__amd_rocclr_copyBuffer",761,3219604396300697,3219604396302341,0,0,16,0,32,512,1,1,512,1,1
"KERNEL_DISPATCH","Agent 3",1,0,2659141,127,9,"__amd_rocclr_copyBuffer",763,3219604396308829,3219604396310553,0,0,16,0,32,512,1,1,512,1,1
"KERNEL_DISPATCH","Agent 3",1,0,2659141,128,9,"__amd_rocclr_copyBuffer",765,3219604396317825,3219604396319469,0,0,16,0,32,512,1,1,512,1,1
"KERNEL_DISPATCH","Agent 3",1,0,2659141,129,9,"__amd_rocclr_copyBuffer",767,3219604396323010,3219604396324373,0,0,16,0,32,512,1,1,512,1,1
"KERNEL_DISPATCH","Agent 3",1,0,2659141,130,9,"__amd_rocclr_copyBuffer",769,3219604396327904,3219604396330710,0,0,16,0,32,512,1,1,512,1,1
"KERNEL_DISPATCH","Agent 3",1,0,2659141,131,9,"__amd_rocclr_copyBuffer",779,3219604396389361,3219604396391285,0,0,16,0,32,512,1,1,512,1,1
"KERNEL_DISPATCH","Agent 3",1,0,2659141,132,86,"microllm::ops::hip::(anonymous namespace)::argmax_last_dim_kernel(float const*, int*, long, long)",785,3219604396412320,3219604396416289,4096,0,12,4,32,256,1,1,512,1,1
"KERNEL_DISPATCH","Agent 3",1,0,2659141,133,9,"__amd_rocclr_copyBuffer",788,3219604396420470,3219604396426564,0,0,16,0,32,512,1,1,512,1,1
"KERNEL_DISPATCH","Agent 3",1,0,2659141,134,9,"__amd_rocclr_copyBuffer",794,3219604396455945,3219604396460114,0,0,16,0,32,512,1,1,512,1,1
"KERNEL_DISPATCH","Agent 3",1,0,2659141,135,9,"__amd_rocclr_copyBuffer",798,3219604396477346,3219604396481555,0,0,16,0,32,512,1,1,512,1,1
"KERNEL_DISPATCH","Agent 3",1,0,2659141,136,9,"__amd_rocclr_copyBuffer",802,3219604396498493,3219604396502783,0,0,16,0,32,512,1,1,512,1,1
"KERNEL_DISPATCH","Agent 3",1,0,2659141,137,92,"microllm::ops::hip::(anonymous namespace)::embedding_kernel(float const*, int const*, float*, long, long, long)",806,3219604396518964,3219604396521489,0,0,16,0,32,256,1,1,256,1,1
"KERNEL_DISPATCH","Agent 3",1,0,2659141,138,102,"microllm::ops::hip::(anonymous namespace)::rms_norm_kernel(float const*, float const*, float*, long, long, float)",811,3219604396527539,3219604396530145,1024,0,12,4,32,256,1,1,512,1,1
"KERNEL_DISPATCH","Agent 3",1,0,2659141,139,65,"void microllm::ops::hip::(anonymous namespace)::matmul_typed_kernel<float>(float const*, float const*, float*, long, long, long, long)",816,3219604396537225,3219604396546526,0,0,16,0,48,256,1,1,256,1,1
"KERNEL_DISPATCH","Agent 3",1,0,2659141,140,65,"void microllm::ops::hip::(anonymous namespace)::matmul_typed_kernel<float>(float const*, float const*, float*, long, long, long, long)",821,3219604396546593,3219604396554972,0,0,16,0,48,256,1,1,256,1,1
"KERNEL_DISPATCH","Agent 3",1,0,2659141,141,65,"void microllm::ops::hip::(anonymous namespace)::matmul_typed_kernel<float>(float const*, float const*, float*, long, long, long, long)",826,3219604396554940,3219604396564121,0,0,16,0,48,256,1,1,256,1,1
"KERNEL_DISPATCH","Agent 3",1,0,2659141,142,134,"microllm::ops::hip::(anonymous namespace)::rope_positions_kernel(float const*, int const*, float*, long, long, long, float)",831,3219604396564192,3219604396567640,0,0,28,4,48,256,1,1,256,1,1
"KERNEL_DISPATCH","Agent 3",1,0,2659141,143,134,"microllm::ops::hip::(anonymous namespace)::rope_positions_kernel(float const*, int const*, float*, long, long, long, float)",836,3219604396571690,3219604396574056,0,0,28,4,48,256,1,1,256,1,1
"KERNEL_DISPATCH","Agent 3",1,0,2659141,144,110,"void microllm::ops::hip::(anonymous namespace)::kv_cache_store_pair_positions_kernel<float>(float const*, float const*, int const*, int const*, float*, float*, long, long, long, long, long, long)",839,3219604396581500,3219604396584226,0,0,20,4,48,256,1,1,256,1,1
"KERNEL_DISPATCH","Agent 3",1,0,2659141,145,78,"void microllm::ops::hip::(anonymous namespace)::cached_attention_fused_positions_kernel<float>(float const*, float const*, float const*, int const*, int const*, float*, long, long, long, long, long, long, long, long, float)",844,3219604396592123,3219604396600582,1024,0,52,4,64,256,1,1,2048,1,1
"KERNEL_DISPATCH","Agent 3",1,0,2659141,146,65,"void microllm::ops::hip::(anonymous namespace)::matmul_typed_kernel<float>(float const*, float const*, float*, long, long, long, long)",849,3219604396600429,3219604396608889,0,0,16,0,48,256,1,1,256,1,1
"KERNEL_DISPATCH","Agent 3",1,0,2659141,147,123,"void microllm::ops::hip::(anonymous namespace)::add_rms_norm_kernel<256u>(float const*, float const*, float const*, float*, float*, long, long, float)",870,3219604396659775,3219604396662782,1024,0,16,0,32,256,1,1,512,1,1
"KERNEL_DISPATCH","Agent 3",1,0,2659141,148,65,"void microllm::ops::hip::(anonymous namespace)::matmul_typed_kernel<float>(float const*, float const*, float*, long, long, long, long)",875,3219604396667776,3219604396677478,0,0,16,0,48,256,1,1,256,1,1
"KERNEL_DISPATCH","Agent 3",1,0,2659141,149,65,"void microllm::ops::hip::(anonymous namespace)::matmul_typed_kernel<float>(float const*, float const*, float*, long, long, long, long)",880,3219604396685917,3219604396696502,0,0,16,0,48,256,1,1,256,1,1
"KERNEL_DISPATCH","Agent 3",1,0,2659141,150,75,"void microllm::ops::hip::(anonymous namespace)::swiglu_typed_kernel<float>(float const*, float const*, float*, long)",885,3219604396688137,3219604396699964,0,0,12,4,32,256,1,1,256,1,1
"KERNEL_DISPATCH","Agent 3",1,0,2659141,151,65,"void microllm::ops::hip::(anonymous namespace)::matmul_typed_kernel<float>(float const*, float const*, float*, long, long, long, long)",894,3219604396719632,3219604396735829,0,0,16,0,48,256,1,1,256,1,1
"KERNEL_DISPATCH","Agent 3",1,0,2659141,152,95,"void microllm::ops::hip::(anonymous namespace)::add_typed_kernel<float>(float const*, float const*, float*, long)",901,3219604396757499,3219604396759985,0,0,8,0,32,256,1,1,256,1,1
"KERNEL_DISPATCH","Agent 3",1,0,2659141,153,102,"microllm::ops::hip::(anonymous namespace)::rms_norm_kernel(float const*, float const*, float*, long, long, float)",916,3219604396785406,3219604396787932,1024,0,12,4,32,256,1,1,512,1,1
"KERNEL_DISPATCH","Agent 3",1,0,2659141,154,65,"void microllm::ops::hip::(anonymous namespace)::matmul_typed_kernel<float>(float const*, float const*, float*, long, long, long, long)",921,3219604396792529,3219604396802232,0,0,16,0,48,256,1,1,256,1,1
"KERNEL_DISPATCH","Agent 3",1,0,2659141,155,65,"void microllm::ops::hip::(anonymous namespace)::matmul_typed_kernel<float>(float const*, float const*, float*, long, long, long, long)",926,3219604396802150,3219604396810649,0,0,16,0,48,256,1,1,256,1,1
"KERNEL_DISPATCH","Agent 3",1,0,2659141,156,65,"void microllm::ops::hip::(anonymous namespace)::matmul_typed_kernel<float>(float const*, float const*, float*, long, long, long, long)",931,3219604396810748,3219604396819648,0,0,16,0,48,256,1,1,256,1,1
"KERNEL_DISPATCH","Agent 3",1,0,2659141,157,134,"microllm::ops::hip::(anonymous namespace)::rope_positions_kernel(float const*, int const*, float*, long, long, long, float)",936,3219604396819999,3219604396823407,0,0,28,4,48,256,1,1,256,1,1
"KERNEL_DISPATCH","Agent 3",1,0,2659141,158,134,"microllm::ops::hip::(anonymous namespace)::rope_positions_kernel(float const*, int const*, float*, long, long, long, float)",941,3219604396826112,3219604396828357,0,0,28,4,48,256,1,1,256,1,1
"KERNEL_DISPATCH","Agent 3",1,0,2659141,159,110,"void microllm::ops::hip::(anonymous namespace)::kv_cache_store_pair_positions_kernel<float>(float const*, float const*, int const*, int const*, float*, float*, long, long, long, long, long, long)",944,3219604396835076,3219604396837481,0,0,20,4,48,256,1,1,256,1,1
"KERNEL_DISPATCH","Agent 3",1,0,2659141,160,78,"void microllm::ops::hip::(anonymous namespace)::cached_attention_fused_positions_kernel<float>(float const*, float const*, float const*, int const*, int const*, float*, long, long, long, long, long, long, long, long, float)",949,3219604396844575,3219604396852873,1024,0,52,4,64,256,1,1,2048,1,1
"KERNEL_DISPATCH","Agent 3",1,0,2659141,161,65,"void microllm::ops::hip::(anonymous namespace)::matmul_typed_kernel<float>(float const*, float const*, float*, long, long, long, long)",954,3219604396852914,3219604396862055,0,0,16,0,48,256,1,1,256,1,1
"KERNEL_DISPATCH","Agent 3",1,0,2659141,162,123,"void microllm::ops::hip::(anonymous namespace)::add_rms_norm_kernel<256u>(float const*, float const*, float const*, float*, float*, long, long, float)",975,3219604396899177,3219604396902465,1024,0,16,0,32,256,1,1,512,1,1
"KERNEL_DISPATCH","Agent 3",1,0,2659141,163,65,"void microllm::ops::hip::(anonymous namespace)::matmul_typed_kernel<float>(float const*, float const*, float*, long, long, long, long)",980,3219604396907545,3219604396917808,0,0,16,0,48,256,1,1,256,1,1
"KERNEL_DISPATCH","Agent 3",1,0,2659141,164,65,"void microllm::ops::hip::(anonymous namespace)::matmul_typed_kernel<float>(float const*, float const*, float*, long, long, long, long)",985,3219604396917680,3219604396926140,0,0,16,0,48,256,1,1,256,1,1
"KERNEL_DISPATCH","Agent 3",1,0,2659141,165,75,"void microllm::ops::hip::(anonymous namespace)::swiglu_typed_kernel<float>(float const*, float const*, float*, long)",990,3219604396926259,3219604396929707,0,0,12,4,32,256,1,1,256,1,1
"KERNEL_DISPATCH","Agent 3",1,0,2659141,166,65,"void microllm::ops::hip::(anonymous namespace)::matmul_typed_kernel<float>(float const*, float const*, float*, long, long, long, long)",999,3219604396948295,3219604396964693,0,0,16,0,48,256,1,1,256,1,1
"KERNEL_DISPATCH","Agent 3",1,0,2659141,167,95,"void microllm::ops::hip::(anonymous namespace)::add_typed_kernel<float>(float const*, float const*, float*, long)",1006,3219604396981978,3219604396984544,0,0,8,0,32,256,1,1,256,1,1
"KERNEL_DISPATCH","Agent 3",1,0,2659141,168,102,"microllm::ops::hip::(anonymous namespace)::rms_norm_kernel(float const*, float const*, float*, long, long, float)",1021,3219604397010719,3219604397013365,1024,0,12,4,32,256,1,1,512,1,1
"KERNEL_DISPATCH","Agent 3",1,0,2659141,169,65,"void microllm::ops::hip::(anonymous namespace)::matmul_typed_kernel<float>(float const*, float const*, float*, long, long, long, long)",1028,3219604397031180,3219604397048218,0,0,16,0,48,256,1,1,512,1,1
"KERNEL_DISPATCH","Agent 3",1,0,2659141,170,9,"__amd_rocclr_copyBuffer",1039,3219604397070625,3219604397072429,0,0,16,0,32,512,1,1,512,1,1
"KERNEL_DISPATCH","Agent 3",1,0,2659141,171,9,"__amd_rocclr_copyBuffer",1041,3219604397075724,3219604397076886,0,0,16,0,32,512,1,1,512,1,1
"KERNEL_DISPATCH","Agent 3",1,0,2659141,172,86,"microllm::ops::hip::(anonymous namespace)::argmax_last_dim_kernel(float const*, int*, long, long)",1047,3219604397095364,3219604397099052,4096,0,12,4,32,256,1,1,512,1,1
"KERNEL_DISPATCH","Agent 3",1,0,2659141,173,9,"__amd_rocclr_copyBuffer",1050,3219604397104459,3219604397109190,0,0,16,0,32,512,1,1,512,1,1
"KERNEL_DISPATCH","Agent 3",1,0,2659141,174,9,"__amd_rocclr_copyBuffer",1056,3219604397146955,3219604397151446,0,0,16,0,32,512,1,1,512,1,1
"KERNEL_DISPATCH","Agent 3",1,0,2659141,175,9,"__amd_rocclr_copyBuffer",1060,3219604397203760,3219604397208130,0,0,16,0,32,512,1,1,512,1,1
"KERNEL_DISPATCH","Agent 3",1,0,2659141,176,9,"__amd_rocclr_copyBuffer",1064,3219604397225150,3219604397229680,0,0,16,0,32,512,1,1,512,1,1
"KERNEL_DISPATCH","Agent 3",1,0,2659141,177,92,"microllm::ops::hip::(anonymous namespace)::embedding_kernel(float const*, int const*, float*, long, long, long)",1068,3219604397245557,3219604397248002,0,0,16,0,32,256,1,1,256,1,1
"KERNEL_DISPATCH","Agent 3",1,0,2659141,178,102,"microllm::ops::hip::(anonymous namespace)::rms_norm_kernel(float const*, float const*, float*, long, long, float)",1073,3219604397263743,3219604397266349,1024,0,12,4,32,256,1,1,512,1,1
"KERNEL_DISPATCH","Agent 3",1,0,2659141,179,65,"void microllm::ops::hip::(anonymous namespace)::matmul_typed_kernel<float>(float const*, float const*, float*, long, long, long, long)",1078,3219604397271400,3219604397280662,0,0,16,0,48,256,1,1,256,1,1
"KERNEL_DISPATCH","Agent 3",1,0,2659141,180,65,"void microllm::ops::hip::(anonymous namespace)::matmul_typed_kernel<float>(float const*, float const*, float*, long, long, long, long)",1083,3219604397280895,3219604397289314,0,0,16,0,48,256,1,1,256,1,1
"KERNEL_DISPATCH","Agent 3",1,0,2659141,181,65,"void microllm::ops::hip::(anonymous namespace)::matmul_typed_kernel<float>(float const*, float const*, float*, long, long, long, long)",1088,3219604397289281,3219604397297820,0,0,16,0,48,256,1,1,256,1,1
"KERNEL_DISPATCH","Agent 3",1,0,2659141,182,134,"microllm::ops::hip::(anonymous namespace)::rope_positions_kernel(float const*, int const*, float*, long, long, long, float)",1093,3219604397297895,3219604397301303,0,0,28,4,48,256,1,1,256,1,1
"KERNEL_DISPATCH","Agent 3",1,0,2659141,183,134,"microllm::ops::hip::(anonymous namespace)::rope_positions_kernel(float const*, int const*, float*, long, long, long, float)",1098,3219604397305163,3219604397307609,0,0,28,4,48,256,1,1,256,1,1
"KERNEL_DISPATCH","Agent 3",1,0,2659141,184,110,"void microllm::ops::hip::(anonymous namespace)::kv_cache_store_pair_positions_kernel<float>(float const*, float const*, int const*, int const*, float*, float*, long, long, long, long, long, long)",1101,3219604397312787,3219604397315112,0,0,20,4,48,256,1,1,256,1,1
"KERNEL_DISPATCH","Agent 3",1,0,2659141,185,78,"void microllm::ops::hip::(anonymous namespace)::cached_attention_fused_positions_kernel<float>(float const*, float const*, float const*, int const*, int const*, float*, long, long, long, long, long, long, long, long, float)",1106,3219604397322339,3219604397330798,1024,0,52,4,64,256,1,1,2048,1,1
"KERNEL_DISPATCH","Agent 3",1,0,2659141,186,65,"void microllm::ops::hip::(anonymous namespace)::matmul_typed_kernel<float>(float const*, float const*, float*, long, long, long, long)",1111,3219604397330615,3219604397339395,0,0,16,0,48,256,1,1,256,1,1
"KERNEL_DISPATCH","Agent 3",1,0,2659141,187,123,"void microllm::ops::hip::(anonymous namespace)::add_rms_norm_kernel<256u>(float const*, float const*, float const*, float*, float*, long, long, float)",1132,3219604397376631,3219604397379718,1024,0,16,0,32,256,1,1,512,1,1
"KERNEL_DISPATCH","Agent 3",1,0,2659141,188,65,"void microllm::ops::hip::(anonymous namespace)::matmul_typed_kernel<float>(float const*, float const*, float*, long, long, long, long)",1137,3219604397384383,3219604397394566,0,0,16,0,48,256,1,1,256,1,1
"KERNEL_DISPATCH","Agent 3",1,0,2659141,189,65,"void microllm::ops::hip::(anonymous namespace)::matmul_typed_kernel<float>(float const*, float const*, float*, long, long, long, long)",1142,3219604397394498,3219604397403198,0,0,16,0,48,256,1,1,256,1,1
"KERNEL_DISPATCH","Agent 3",1,0,2659141,190,75,"void microllm::ops::hip::(anonymous namespace)::swiglu_typed_kernel<float>(float const*, float const*, float*, long)",1147,3219604397403237,3219604397406685,0,0,12,4,32,256,1,1,256,1,1
"KERNEL_DISPATCH","Agent 3",1,0,2659141,191,65,"void microllm::ops::hip::(anonymous namespace)::matmul_typed_kernel<float>(float const*, float const*, float*, long, long, long, long)",1156,3219604397425573,3219604397442211,0,0,16,0,48,256,1,1,256,1,1
"KERNEL_DISPATCH","Agent 3",1,0,2659141,192,95,"void microllm::ops::hip::(anonymous namespace)::add_typed_kernel<float>(float const*, float const*, float*, long)",1163,3219604397459585,3219604397462151,0,0,8,0,32,256,1,1,256,1,1
"KERNEL_DISPATCH","Agent 3",1,0,2659141,193,102,"microllm::ops::hip::(anonymous namespace)::rms_norm_kernel(float const*, float const*, float*, long, long, float)",1178,3219604397487290,3219604397489696,1024,0,12,4,32,256,1,1,512,1,1
"KERNEL_DISPATCH","Agent 3",1,0,2659141,194,65,"void microllm::ops::hip::(anonymous namespace)::matmul_typed_kernel<float>(float const*, float const*, float*, long, long, long, long)",1183,3219604397495386,3219604397505289,0,0,16,0,48,256,1,1,256,1,1
"KERNEL_DISPATCH","Agent 3",1,0,2659141,195,65,"void microllm::ops::hip::(anonymous namespace)::matmul_typed_kernel<float>(float const*, float const*, float*, long, long, long, long)",1188,3219604397505315,3219604397513894,0,0,16,0,48,256,1,1,256,1,1
"KERNEL_DISPATCH","Agent 3",1,0,2659141,196,65,"void microllm::ops::hip::(anonymous namespace)::matmul_typed_kernel<float>(float const*, float const*, float*, long, long, long, long)",1193,3219604397513902,3219604397522722,0,0,16,0,48,256,1,1,256,1,1
"KERNEL_DISPATCH","Agent 3",1,0,2659141,197,134,"microllm::ops::hip::(anonymous namespace)::rope_positions_kernel(float const*, int const*, float*, long, long, long, float)",1198,3219604397522589,3219604397527400,0,0,28,4,48,256,1,1,256,1,1
"KERNEL_DISPATCH","Agent 3",1,0,2659141,198,134,"microllm::ops::hip::(anonymous namespace)::rope_positions_kernel(float const*, int const*, float*, long, long, long, float)",1203,3219604397527540,3219604397530908,0,0,28,4,48,256,1,1,256,1,1
"KERNEL_DISPATCH","Agent 3",1,0,2659141,199,110,"void microllm::ops::hip::(anonymous namespace)::kv_cache_store_pair_positions_kernel<float>(float const*, float const*, int const*, int const*, float*, float*, long, long, long, long, long, long)",1206,3219604397534063,3219604397535827,0,0,20,4,48,256,1,1,256,1,1
"KERNEL_DISPATCH","Agent 3",1,0,2659141,200,78,"void microllm::ops::hip::(anonymous namespace)::cached_attention_fused_positions_kernel<float>(float const*, float const*, float const*, int const*, int const*, float*, long, long, long, long, long, long, long, long, float)",1211,3219604397542935,3219604397550873,1024,0,52,4,64,256,1,1,2048,1,1
"KERNEL_DISPATCH","Agent 3",1,0,2659141,201,65,"void microllm::ops::hip::(anonymous namespace)::matmul_typed_kernel<float>(float const*, float const*, float*, long, long, long, long)",1216,3219604397551024,3219604397559884,0,0,16,0,48,256,1,1,256,1,1
"KERNEL_DISPATCH","Agent 3",1,0,2659141,202,123,"void microllm::ops::hip::(anonymous namespace)::add_rms_norm_kernel<256u>(float const*, float const*, float const*, float*, float*, long, long, float)",1237,3219604397595826,3219604397598553,1024,0,16,0,32,256,1,1,512,1,1
"KERNEL_DISPATCH","Agent 3",1,0,2659141,203,65,"void microllm::ops::hip::(anonymous namespace)::matmul_typed_kernel<float>(float const*, float const*, float*, long, long, long, long)",1242,3219604397603530,3219604397613433,0,0,16,0,48,256,1,1,256,1,1
"KERNEL_DISPATCH","Agent 3",1,0,2659141,204,65,"void microllm::ops::hip::(anonymous namespace)::matmul_typed_kernel<float>(float const*, float const*, float*, long, long, long, long)",1247,3219604397613321,3219604397622020,0,0,16,0,48,256,1,1,256,1,1
"KERNEL_DISPATCH","Agent 3",1,0,2659141,205,75,"void microllm::ops::hip::(anonymous namespace)::swiglu_typed_kernel<float>(float const*, float const*, float*, long)",1252,3219604397622014,3219604397625542,0,0,12,4,32,256,1,1,256,1,1
"KERNEL_DISPATCH","Agent 3",1,0,2659141,206,65,"void microllm::ops::hip::(anonymous namespace)::matmul_typed_kernel<float>(float const*, float const*, float*, long, long, long, long)",1261,3219604397644556,3219604397661355,0,0,16,0,48,256,1,1,256,1,1
"KERNEL_DISPATCH","Agent 3",1,0,2659141,207,95,"void microllm::ops::hip::(anonymous namespace)::add_typed_kernel<float>(float const*, float const*, float*, long)",1268,3219604397678141,3219604397680506,0,0,8,0,32,256,1,1,256,1,1
"KERNEL_DISPATCH","Agent 3",1,0,2659141,208,102,"microllm::ops::hip::(anonymous namespace)::rms_norm_kernel(float const*, float const*, float*, long, long, float)",1283,3219604397704616,3219604397707382,1024,0,12,4,32,256,1,1,512,1,1
"KERNEL_DISPATCH","Agent 3",1,0,2659141,209,65,"void microllm::ops::hip::(anonymous namespace)::matmul_typed_kernel<float>(float const*, float const*, float*, long, long, long, long)",1290,3219604397733363,3219604397743105,0,0,16,0,48,256,1,1,512,1,1
"KERNEL_DISPATCH","Agent 3",1,0,2659141,210,9,"__amd_rocclr_copyBuffer",1301,3219604397764857,3219604397766621,0,0,16,0,32,512,1,1,512,1,1
"KERNEL_DISPATCH","Agent 3",1,0,2659141,211,9,"__amd_rocclr_copyBuffer",1303,3219604397769857,3219604397771180,0,0,16,0,32,512,1,1,512,1,1
"KERNEL_DISPATCH","Agent 3",1,0,2659141,212,86,"microllm::ops::hip::(anonymous namespace)::argmax_last_dim_kernel(float const*, int*, long, long)",1309,3219604397789013,3219604397792702,4096,0,12,4,32,256,1,1,512,1,1
"KERNEL_DISPATCH","Agent 3",1,0,2659141,213,9,"__amd_rocclr_copyBuffer",1312,3219604397796946,3219604397801757,0,0,16,0,32,512,1,1,512,1,1
"KERNEL_DISPATCH","Agent 3",1,0,2659141,214,101,"void microllm::ops::hip::(anonymous namespace)::fill_typed_kernel<float>(float*, long, float)",1316,3219604397825857,3219604397828504,0,0,4,4,16,256,1,1,2048,1,1
"KERNEL_DISPATCH","Agent 3",1,0,2659141,215,101,"void microllm::ops::hip::(anonymous namespace)::fill_typed_kernel<float>(float*, long, float)",1319,3219604397831745,3219604397832827,0,0,4,4,16,256,1,1,2048,1,1
"KERNEL_DISPATCH","Agent 3",1,0,2659141,216,101,"void microllm::ops::hip::(anonymous namespace)::fill_typed_kernel<float>(float*, long, float)",1322,3219604397836426,3219604397838351,0,0,4,4,16,256,1,1,2048,1,1
"KERNEL_DISPATCH","Agent 3",1,0,2659141,217,101,"void microllm::ops::hip::(anonymous namespace)::fill_typed_kernel<float>(float*, long, float)",1325,3219604397842241,3219604397844045,0,0,4,4,16,256,1,1,2048,1,1
"KERNEL_DISPATCH","Agent 3",1,0,2659141,218,9,"__amd_rocclr_copyBuffer",1330,3219604397852965,3219604397856854,0,0,16,0,32,512,1,1,512,1,1
"KERNEL_DISPATCH","Agent 3",1,0,2659141,219,9,"__amd_rocclr_copyBuffer",1334,3219604397873417,3219604397877186,0,0,16,0,32,512,1,1,512,1,1
"KERNEL_DISPATCH","Agent 3",1,0,2659141,220,9,"__amd_rocclr_copyBuffer",1338,3219604397892779,3219604397897029,0,0,16,0,32,512,1,1,512,1,1
"KERNEL_DISPATCH","Agent 3",1,0,2659141,221,92,"microllm::ops::hip::(anonymous namespace)::embedding_kernel(float const*, int const*, float*, long, long, long)",1342,3219604397912199,3219604397914404,0,0,16,0,32,256,1,1,256,1,1
"KERNEL_DISPATCH","Agent 3",1,0,2659141,222,102,"microllm::ops::hip::(anonymous namespace)::rms_norm_kernel(float const*, float const*, float*, long, long, float)",1347,3219604397921300,3219604397924226,1024,0,12,4,32,256,1,1,256,1,1
"KERNEL_DISPATCH","Agent 3",1,0,2659141,223,65,"void microllm::ops::hip::(anonymous namespace)::matmul_typed_kernel<float>(float const*, float const*, float*, long, long, long, long)",1352,3219604397928999,3219604397938220,0,0,16,0,48,256,1,1,256,1,1
"KERNEL_DISPATCH","Agent 3",1,0,2659141,224,65,"void microllm::ops::hip::(anonymous namespace)::matmul_typed_kernel<float>(float const*, float const*, float*, long, long, long, long)",1357,3219604397938129,3219604397946869,0,0,16,0,48,256,1,1,256,1,1
"KERNEL_DISPATCH","Agent 3",1,0,2659141,225,65,"void microllm::ops::hip::(anonymous namespace)::matmul_typed_kernel<float>(float const*, float const*, float*, long, long, long, long)",1362,3219604397946901,3219604397955922,0,0,16,0,48,256,1,1,256,1,1
"KERNEL_DISPATCH","Agent 3",1,0,2659141,226,134,"microllm::ops::hip::(anonymous namespace)::rope_positions_kernel(float const*, int const*, float*, long, long, long, float)",1367,3219604397956050,3219604397959458,0,0,28,4,48,256,1,1,256,1,1
"KERNEL_DISPATCH","Agent 3",1,0,2659141,227,134,"microllm::ops::hip::(anonymous namespace)::rope_positions_kernel(float const*, int const*, float*, long, long, long, float)",1372,3219604397963344,3219604397965789,0,0,28,4,48,256,1,1,256,1,1
"KERNEL_DISPATCH","Agent 3",1,0,2659141,228,110,"void microllm::ops::hip::(anonymous namespace)::kv_cache_store_pair_positions_kernel<float>(float const*, float const*, int const*, int const*, float*, float*, long, long, long, long, long, long)",1375,3219604397969840,3219604397972286,0,0,20,4,48,256,1,1,256,1,1
"KERNEL_DISPATCH","Agent 3",1,0,2659141,229,78,"void microllm::ops::hip::(anonymous namespace)::cached_attention_fused_positions_kernel<float>(float const*, float const*, float const*, int const*, int const*, float*, long, long, long, long, long, long, long, long, float)",1380,3219604397979863,3219604397988643,1024,0,52,4,64,256,1,1,1024,1,1
"KERNEL_DISPATCH","Agent 3",1,0,2659141,230,65,"void microllm::ops::hip::(anonymous namespace)::matmul_typed_kernel<float>(float const*, float const*, float*, long, long, long, long)",1385,3219604397988678,3219604397997539,0,0,16,0,48,256,1,1,256,1,1
"KERNEL_DISPATCH","Agent 3",1,0,2659141,231,123,"void microllm::ops::hip::(anonymous namespace)::add_rms_norm_kernel<256u>(float const*, float const*, float const*, float*, float*, long, long, float)",1406,3219604398039188,3219604398042035,1024,0,16,0,32,256,1,1,256,1,1
"KERNEL_DISPATCH","Agent 3",1,0,2659141,232,65,"void microllm::ops::hip::(anonymous namespace)::matmul_typed_kernel<float>(float const*, float const*, float*, long, long, long, long)",1411,3219604398069738,3219604398079400,0,0,16,0,48,256,1,1,256,1,1
"KERNEL_DISPATCH","Agent 3",1,0,2659141,233,65,"void microllm::ops::hip::(anonymous namespace)::matmul_typed_kernel<float>(float const*, float const*, float*, long, long, long, long)",1416,3219604398094335,3219604398103436,0,0,16,0,48,256,1,1,256,1,1
"KERNEL_DISPATCH","Agent 3",1,0,2659141,234,75,"void microllm::ops::hip::(anonymous namespace)::swiglu_typed_kernel<float>(float const*, float const*, float*, long)",1421,3219604398106783,3219604398109830,0,0,12,4,32,256,1,1,256,1,1
"KERNEL_DISPATCH","Agent 3",1,0,2659141,235,65,"void microllm::ops::hip::(anonymous namespace)::matmul_typed_kernel<float>(float const*, float const*, float*, long, long, long, long)",1430,3219604398130093,3219604398146450,0,0,16,0,48,256,1,1,256,1,1
"KERNEL_DISPATCH","Agent 3",1,0,2659141,236,95,"void microllm::ops::hip::(anonymous namespace)::add_typed_kernel<float>(float const*, float const*, float*, long)",1437,3219604398163748,3219604398166193,0,0,8,0,32,256,1,1,256,1,1
"KERNEL_DISPATCH","Agent 3",1,0,2659141,237,102,"microllm::ops::hip::(anonymous namespace)::rms_norm_kernel(float const*, float const*, float*, long, long, float)",1452,3219604398191014,3219604398193460,1024,0,12,4,32,256,1,1,256,1,1
"KERNEL_DISPATCH","Agent 3",1,0,2659141,238,65,"void microllm::ops::hip::(anonymous namespace)::matmul_typed_kernel<float>(float const*, float const*, float*, long, long, long, long)",1457,3219604398198046,3219604398207267,0,0,16,0,48,256,1,1,256,1,1
"KERNEL_DISPATCH","Agent 3",1,0,2659141,239,65,"void microllm::ops::hip::(anonymous namespace)::matmul_typed_kernel<float>(float const*, float const*, float*, long, long, long, long)",1462,3219604398207296,3219604398215916,0,0,16,0,48,256,1,1,256,1,1
"KERNEL_DISPATCH","Agent 3",1,0,2659141,240,65,"void microllm::ops::hip::(anonymous namespace)::matmul_typed_kernel<float>(float const*, float const*, float*, long, long, long, long)",1467,3219604398215938,3219604398224197,0,0,16,0,48,256,1,1,256,1,1
"KERNEL_DISPATCH","Agent 3",1,0,2659141,241,134,"microllm::ops::hip::(anonymous namespace)::rope_positions_kernel(float const*, int const*, float*, long, long, long, float)",1472,3219604398233094,3219604398235700,0,0,28,4,48,256,1,1,256,1,1
"KERNEL_DISPATCH","Agent 3",1,0,2659141,242,134,"microllm::ops::hip::(anonymous namespace)::rope_positions_kernel(float const*, int const*, float*, long, long, long, float)",1477,3219604398241440,3219604398243886,0,0,28,4,48,256,1,1,256,1,1
"KERNEL_DISPATCH","Agent 3",1,0,2659141,243,110,"void microllm::ops::hip::(anonymous namespace)::kv_cache_store_pair_positions_kernel<float>(float const*, float const*, int const*, int const*, float*, float*, long, long, long, long, long, long)",1480,3219604398247992,3219604398250237,0,0,20,4,48,256,1,1,256,1,1
"KERNEL_DISPATCH","Agent 3",1,0,2659141,244,78,"void microllm::ops::hip::(anonymous namespace)::cached_attention_fused_positions_kernel<float>(float const*, float const*, float const*, int const*, int const*, float*, long, long, long, long, long, long, long, long, float)",1485,3219604398267128,3219604398275307,1024,0,52,4,64,256,1,1,1024,1,1
"KERNEL_DISPATCH","Agent 3",1,0,2659141,245,65,"void microllm::ops::hip::(anonymous namespace)::matmul_typed_kernel<float>(float const*, float const*, float*, long, long, long, long)",1490,3219604398275226,3219604398283565,0,0,16,0,48,256,1,1,256,1,1
"KERNEL_DISPATCH","Agent 3",1,0,2659141,246,123,"void microllm::ops::hip::(anonymous namespace)::add_rms_norm_kernel<256u>(float const*, float const*, float const*, float*, float*, long, long, float)",1511,3219604398319053,3219604398321859,1024,0,16,0,32,256,1,1,256,1,1
"KERNEL_DISPATCH","Agent 3",1,0,2659141,247,65,"void microllm::ops::hip::(anonymous namespace)::matmul_typed_kernel<float>(float const*, float const*, float*, long, long, long, long)",1516,3219604398326531,3219604398336033,0,0,16,0,48,256,1,1,256,1,1
"KERNEL_DISPATCH","Agent 3",1,0,2659141,248,65,"void microllm::ops::hip::(anonymous namespace)::matmul_typed_kernel<float>(float const*, float const*, float*, long, long, long, long)",1521,3219604398336045,3219604398344745,0,0,16,0,48,256,1,1,256,1,1
"KERNEL_DISPATCH","Agent 3",1,0,2659141,249,75,"void microllm::ops::hip::(anonymous namespace)::swiglu_typed_kernel<float>(float const*, float const*, float*, long)",1526,3219604398344757,3219604398348204,0,0,12,4,32,256,1,1,256,1,1
"KERNEL_DISPATCH","Agent 3",1,0,2659141,250,65,"void microllm::ops::hip::(anonymous namespace)::matmul_typed_kernel<float>(float const*, float const*, float*, long, long, long, long)",1535,3219604398368294,3219604398385253,0,0,16,0,48,256,1,1,256,1,1
"KERNEL_DISPATCH","Agent 3",1,0,2659141,251,95,"void microllm::ops::hip::(anonymous namespace)::add_typed_kernel<float>(float const*, float const*, float*, long)",1542,3219604398401941,3219604398404908,0,0,8,0,32,256,1,1,256,1,1
"KERNEL_DISPATCH","Agent 3",1,0,2659141,252,102,"microllm::ops::hip::(anonymous namespace)::rms_norm_kernel(float const*, float const*, float*, long, long, float)",1557,3219604398429142,3219604398431988,1024,0,12,4,32,256,1,1,256,1,1
"KERNEL_DISPATCH","Agent 3",1,0,2659141,253,65,"void microllm::ops::hip::(anonymous namespace)::matmul_typed_kernel<float>(float const*, float const*, float*, long, long, long, long)",1564,3219604398448932,3219604398458474,0,0,16,0,48,256,1,1,256,1,1
"KERNEL_DISPATCH","Agent 3",1,0,2659141,254,9,"__amd_rocclr_copyBuffer",1575,3219604398480370,3219604398482414,0,0,16,0,32,512,1,1,512,1,1
"KERNEL_DISPATCH","Agent 3",1,0,2659141,255,9,"__amd_rocclr_copyBuffer",1581,3219604398502087,3219604398505495,0,0,16,0,32,512,1,1,512,1,1
"KERNEL_DISPATCH","Agent 3",1,0,2659141,256,92,"microllm::ops::hip::(anonymous namespace)::embedding_kernel(float const*, int const*, float*, long, long, long)",1585,3219604398520541,3219604398522986,0,0,16,0,32,256,1,1,768,1,1
"KERNEL_DISPATCH","Agent 3",1,0,2659141,257,102,"microllm::ops::hip::(anonymous namespace)::rms_norm_kernel(float const*, float const*, float*, long, long, float)",1590,3219604398528144,3219604398531191,1024,0,12,4,32,256,1,1,3072,1,1
"KERNEL_DISPATCH","Agent 3",1,0,2659141,258,65,"void microllm::ops::hip::(anonymous namespace)::matmul_typed_kernel<float>(float const*, float const*, float*, long, long, long, long)",1595,3219604398539699,3219604398557179,0,0,16,0,48,256,1,1,768,1,1
"KERNEL_DISPATCH","Agent 3",1,0,2659141,259,65,"void microllm::ops::hip::(anonymous namespace)::matmul_typed_kernel<float>(float const*, float const*, float*, long, long, long, long)",1600,3219604398557169,3219604398576213,0,0,16,0,48,256,1,1,512,1,1
"KERNEL_DISPATCH","Agent 3",1,0,2659141,260,65,"void microllm::ops::hip::(anonymous namespace)::matmul_typed_kernel<float>(float const*, float const*, float*, long, long, long, long)",1605,3219604398576244,3219604398591038,0,0,16,0,48,256,1,1,512,1,1
"KERNEL_DISPATCH","Agent 3",1,0,2659141,261,138,"microllm::runtime::detail::(anonymous namespace)::strided_copy_kernel(std::byte*, std::byte const*, unsigned long, long, microllm::runtime::detail::(anonymous namespace)::Layout)",1610,3219604398590960,3219604398594969,0,0,20,4,48,256,1,1,768,1,1
"KERNEL_DISPATCH","Agent 3",1,0,2659141,262,138,"microllm::runtime::detail::(anonymous namespace)::strided_copy_kernel(std::byte*, std::byte const*, unsigned long, long, microllm::runtime::detail::(anonymous namespace)::Layout)",1615,3219604398595090,3219604398599019,0,0,20,4,48,256,1,1,512,1,1
"KERNEL_DISPATCH","Agent 3",1,0,2659141,263,138,"microllm::runtime::detail::(anonymous namespace)::strided_copy_kernel(std::byte*, std::byte const*, unsigned long, long, microllm::runtime::detail::(anonymous namespace)::Layout)",1620,3219604398598946,3219604398602875,0,0,20,4,48,256,1,1,512,1,1
"KERNEL_DISPATCH","Agent 3",1,0,2659141,264,76,"microllm::ops::hip::(anonymous namespace)::rope_kernel(float const*, float*, long, long, long, long, long, float)",1625,3219604398602806,3219604398606294,0,0,28,4,48,256,1,1,512,1,1
"KERNEL_DISPATCH","Agent 3",1,0,2659141,265,76,"microllm::ops::hip::(anonymous namespace)::rope_kernel(float const*, float*, long, long, long, long, long, float)",1632,3219604398629206,3219604398631972,0,0,28,4,48,256,1,1,256,1,1
"KERNEL_DISPATCH","Agent 3",1,0,2659141,266,9,"__amd_rocclr_copyBuffer",1639,3219604398649675,3219604398651158,0,0,16,0,32,512,1,1,512,1,1
"KERNEL_DISPATCH","Agent 3",1,0,2659141,267,9,"__amd_rocclr_copyBuffer",1641,3219604398654518,3219604398655640,0,0,16,0,32,512,1,1,512,1,1
"KERNEL_DISPATCH","Agent 3",1,0,2659141,268,9,"__amd_rocclr_copyBuffer",1645,3219604398663899,3219604398665784,0,0,16,0,32,512,1,1,512,1,1
"KERNEL_DISPATCH","Agent 3",1,0,2659141,269,9,"__amd_rocclr_copyBuffer",1647,3219604398669204,3219604398669926,0,0,16,0,32,512,1,1,512,1,1
"KERNEL_DISPATCH","Agent 3",1,0,2659141,270,135,"microllm::ops::hip::(anonymous namespace)::causal_gqa_attention_kernel(float const*, float const*, float const*, float*, float*, long, long, long, long, long, long, float)",1651,3219604398677826,3219604398686125,1024,0,24,0,64,256,1,1,12288,1,1
"KERNEL_DISPATCH","Agent 3",1,0,2659141,271,138,"microllm::runtime::detail::(anonymous namespace)::strided_copy_kernel(std::byte*, std::byte const*, unsigned long, long, microllm::runtime::detail::(anonymous namespace)::Layout)",1656,3219604398686109,3219604398689677,0,0,20,4,48,256,1,1,768,1,1
"KERNEL_DISPATCH","Agent 3",1,0,2659141,272,65,"void microllm::ops::hip::(anonymous namespace)::matmul_typed_kernel<float>(float const*, float const*, float*, long, long, long, long)",1663,3219604398707004,3219604398723762,0,0,16,0,48,256,1,1,768,1,1
"KERNEL_DISPATCH","Agent 3",1,0,2659141,273,95,"void microllm::ops::hip::(anonymous namespace)::add_typed_kernel<float>(float const*, float const*, float*, long)",1682,3219604398761113,3219604398764521,0,0,8,0,32,256,1,1,768,1,1
"KERNEL_DISPATCH","Agent 3",1,0,2659141,274,102,"microllm::ops::hip::(anonymous namespace)::rms_norm_kernel(float const*, float const*, float*, long, long, float)",1691,3219604398786258,3219604398788864,1024,0,12,4,32,256,1,1,3072,1,1
"KERNEL_DISPATCH","Agent 3",1,0,2659141,275,65,"void microllm::ops::hip::(anonymous namespace)::matmul_typed_kernel<float>(float const*, float const*, float*, long, long, long, long)",1696,3219604398793443,3219604398810803,0,0,16,0,48,256,1,1,1536,1,1
"KERNEL_DISPATCH","Agent 3",1,0,2659141,276,65,"void microllm::ops::hip::(anonymous namespace)::matmul_typed_kernel<float>(float const*, float const*, float*, long, long, long, long)",1701,3219604398810879,3219604398827918,0,0,16,0,48,256,1,1,1536,1,1
"KERNEL_DISPATCH","Agent 3",1,0,2659141,277,75,"void microllm::ops::hip::(anonymous namespace)::swiglu_typed_kernel<float>(float const*, float const*, float*, long)",1706,3219604398827849,3219604398831658,0,0,12,4,32,256,1,1,1536,1,1
"KERNEL_DISPATCH","Agent 3",1,0,2659141,278,65,"void microllm::ops::hip::(anonymous namespace)::matmul_typed_kernel<float>(float const*, float const*, float*, long, long, long, long)",1715,3219604398850825,3219604398882216,0,0,16,0,48,256,1,1,768,1,1
"KERNEL_DISPATCH","Agent 3",1,0,2659141,279,95,"void microllm::ops::hip::(anonymous namespace)::add_typed_kernel<float>(float const*, float const*, float*, long)",1722,3219604398899130,3219604398901335,0,0,8,0,32,256,1,1,768,1,1
"KERNEL_DISPATCH","Agent 3",1,0,2659141,280,102,"microllm::ops::hip::(anonymous namespace)::rms_norm_kernel(float const*, float const*, float*, long, long, float)",1735,3219604398924244,3219604398926971,1024,0,12,4,32,256,1,1,3072,1,1
"KERNEL_DISPATCH","Agent 3",1,0,2659141,281,65,"void microllm::ops::hip::(anonymous namespace)::matmul_typed_kernel<float>(float const*, float const*, float*, long, long, long, long)",1740,3219604398931385,3219604398947582,0,0,16,0,48,256,1,1,768,1,1
"KERNEL_DISPATCH","Agent 3",1,0,2659141,282,65,"void microllm::ops::hip::(anonymous namespace)::matmul_typed_kernel<float>(float const*, float const*, float*, long, long, long, long)",1745,3219604398947525,3219604398962399,0,0,16,0,48,256,1,1,512,1,1
"KERNEL_DISPATCH","Agent 3",1,0,2659141,283,65,"void microllm::ops::hip::(anonymous namespace)::matmul_typed_kernel<float>(float const*, float const*, float*, long, long, long, long)",1750,3219604398962471,3219604398980472,0,0,16,0,48,256,1,1,512,1,1
"KERNEL_DISPATCH","Agent 3",1,0,2659141,285,138,"microllm::runtime::detail::(anonymous namespace)::strided_copy_kernel(std::byte*, std::byte const*, unsigned long, long, microllm::runtime::detail::(anonymous namespace)::Layout)",1760,3219604398986252,3219604398989579,0,0,20,4,48,256,1,1,512,1,1
"KERNEL_DISPATCH","Agent 3",1,0,2659141,284,138,"microllm::runtime::detail::(anonymous namespace)::strided_copy_kernel(std::byte*, std::byte const*, unsigned long, long, microllm::runtime::detail::(anonymous namespace)::Layout)",1755,3219604398987613,3219604398991542,0,0,20,4,48,256,1,1,768,1,1
"KERNEL_DISPATCH","Agent 3",1,0,2659141,286,138,"microllm::runtime::detail::(anonymous namespace)::strided_copy_kernel(std::byte*, std::byte const*, unsigned long, long, microllm::runtime::detail::(anonymous namespace)::Layout)",1765,3219604398991107,3219604398992951,0,0,20,4,48,256,1,1,512,1,1
"KERNEL_DISPATCH","Agent 3",1,0,2659141,287,76,"microllm::ops::hip::(anonymous namespace)::rope_kernel(float const*, float*, long, long, long, long, long, float)",1770,3219604399029253,3219604399033423,0,0,28,4,48,256,1,1,512,1,1
"KERNEL_DISPATCH","Agent 3",1,0,2659141,288,76,"microllm::ops::hip::(anonymous namespace)::rope_kernel(float const*, float*, long, long, long, long, long, float)",1777,3219604399057977,3219604399060623,0,0,28,4,48,256,1,1,256,1,1
"KERNEL_DISPATCH","Agent 3",1,0,2659141,289,9,"__amd_rocclr_copyBuffer",1784,3219604399078640,3219604399080284,0,0,16,0,32,512,1,1,512,1,1
"KERNEL_DISPATCH","Agent 3",1,0,2659141,290,9,"__amd_rocclr_copyBuffer",1786,3219604399083690,3219604399084692,0,0,16,0,32,512,1,1,512,1,1
"KERNEL_DISPATCH","Agent 3",1,0,2659141,291,9,"__amd_rocclr_copyBuffer",1790,3219604399091700,3219604399093183,0,0,16,0,32,512,1,1,512,1,1
"KERNEL_DISPATCH","Agent 3",1,0,2659141,292,9,"__amd_rocclr_copyBuffer",1792,3219604399096797,3219604399098561,0,0,16,0,32,512,1,1,512,1,1
"KERNEL_DISPATCH","Agent 3",1,0,2659141,293,135,"microllm::ops::hip::(anonymous namespace)::causal_gqa_attention_kernel(float const*, float const*, float const*, float*, float*, long, long, long, long, long, long, float)",1796,3219604399105540,3219604399111994,1024,0,24,0,64,256,1,1,12288,1,1
"KERNEL_DISPATCH","Agent 3",1,0,2659141,294,138,"microllm::runtime::detail::(anonymous namespace)::strided_copy_kernel(std::byte*, std::byte const*, unsigned long, long, microllm::runtime::detail::(anonymous namespace)::Layout)",1801,3219604399115192,3219604399118038,0,0,20,4,48,256,1,1,768,1,1
"KERNEL_DISPATCH","Agent 3",1,0,2659141,295,65,"void microllm::ops::hip::(anonymous namespace)::matmul_typed_kernel<float>(float const*, float const*, float*, long, long, long, long)",1808,3219604399135887,3219604399151884,0,0,16,0,48,256,1,1,768,1,1
"KERNEL_DISPATCH","Agent 3",1,0,2659141,296,95,"void microllm::ops::hip::(anonymous namespace)::add_typed_kernel<float>(float const*, float const*, float*, long)",1827,3219604399181778,3219604399184464,0,0,8,0,32,256,1,1,768,1,1
"KERNEL_DISPATCH","Agent 3",1,0,2659141,297,102,"microllm::ops::hip::(anonymous namespace)::rms_norm_kernel(float const*, float const*, float*, long, long, float)",1836,3219604399204033,3219604399207120,1024,0,12,4,32,256,1,1,3072,1,1
"KERNEL_DISPATCH","Agent 3",1,0,2659141,298,65,"void microllm::ops::hip::(anonymous namespace)::matmul_typed_kernel<float>(float const*, float const*, float*, long, long, long, long)",1841,3219604399210681,3219604399228321,0,0,16,0,48,256,1,1,1536,1,1
"KERNEL_DISPATCH","Agent 3",1,0,2659141,299,65,"void microllm::ops::hip::(anonymous namespace)::matmul_typed_kernel<float>(float const*, float const*, float*, long, long, long, long)",1846,3219604399228318,3219604399244916,0,0,16,0,48,256,1,1,1536,1,1
"KERNEL_DISPATCH","Agent 3",1,0,2659141,300,75,"void microllm::ops::hip::(anonymous namespace)::swiglu_typed_kernel<float>(float const*, float const*, float*, long)",1851,3219604399244885,3219604399248494,0,0,12,4,32,256,1,1,1536,1,1
"KERNEL_DISPATCH","Agent 3",1,0,2659141,301,65,"void microllm::ops::hip::(anonymous namespace)::matmul_typed_kernel<float>(float const*, float const*, float*, long, long, long, long)",1860,3219604399267980,3219604399300013,0,0,16,0,48,256,1,1,768,1,1
"KERNEL_DISPATCH","Agent 3",1,0,2659141,302,95,"void microllm::ops::hip::(anonymous namespace)::add_typed_kernel<float>(float const*, float const*, float*, long)",1867,3219604399318116,3219604399320842,0,0,8,0,32,256,1,1,768,1,1
"KERNEL_DISPATCH","Agent 3",1,0,2659141,303,102,"microllm::ops::hip::(anonymous namespace)::rms_norm_kernel(float const*, float const*, float*, long, long, float)",1880,3219604399343671,3219604399346518,1024,0,12,4,32,256,1,1,3072,1,1
"KERNEL_DISPATCH","Agent 3",1,0,2659141,304,65,"void microllm::ops::hip::(anonymous namespace)::matmul_typed_kernel<float>(float const*, float const*, float*, long, long, long, long)",1887,3219604399363960,3219604399373462,0,0,16,0,48,256,1,1,256,1,1
"KERNEL_DISPATCH","Agent 3",1,0,2659141,305,9,"__amd_rocclr_copyBuffer",1894,3219604399400626,3219604399402109,0,0,16,0,32,512,1,1,512,1,1
"KERNEL_DISPATCH","Agent 3",1,0,2659141,306,9,"__amd_rocclr_copyBuffer",1896,3219604399405540,3219604399406782,0,0,16,0,32,512,1,1,512,1,1
"KERNEL_DISPATCH","Agent 3",1,0,2659141,307,9,"__amd_rocclr_copyBuffer",1898,3219604399410076,3219604399411519,0,0,16,0,32,512,1,1,512,1,1
"KERNEL_DISPATCH","Agent 3",1,0,2659141,308,9,"__amd_rocclr_copyBuffer",1900,3219604399415175,3219604399416377,0,0,16,0,32,512,1,1,512,1,1
"KERNEL_DISPATCH","Agent 3",1,0,2659141,309,9,"__amd_rocclr_copyBuffer",1902,3219604399420092,3219604399421535,0,0,16,0,32,512,1,1,512,1,1
"KERNEL_DISPATCH","Agent 3",1,0,2659141,310,9,"__amd_rocclr_copyBuffer",1904,3219604399425073,3219604399426035,0,0,16,0,32,512,1,1,512,1,1
"KERNEL_DISPATCH","Agent 3",1,0,2659141,311,9,"__amd_rocclr_copyBuffer",1906,3219604399429858,3219604399431422,0,0,16,0,32,512,1,1,512,1,1
"KERNEL_DISPATCH","Agent 3",1,0,2659141,312,9,"__amd_rocclr_copyBuffer",1908,3219604399434922,3219604399437608,0,0,16,0,32,512,1,1,512,1,1
"KERNEL_DISPATCH","Agent 3",1,0,2659141,313,9,"__amd_rocclr_copyBuffer",1918,3219604399463726,3219604399465610,0,0,16,0,32,512,1,1,512,1,1
"KERNEL_DISPATCH","Agent 3",1,0,2659141,314,86,"microllm::ops::hip::(anonymous namespace)::argmax_last_dim_kernel(float const*, int*, long, long)",1924,3219604399483965,3219604399487734,4096,0,12,4,32,256,1,1,512,1,1
"KERNEL_DISPATCH","Agent 3",1,0,2659141,315,9,"__amd_rocclr_copyBuffer",1927,3219604399491766,3219604399496617,0,0,16,0,32,512,1,1,512,1,1
"KERNEL_DISPATCH","Agent 3",1,0,2659141,316,101,"void microllm::ops::hip::(anonymous namespace)::fill_typed_kernel<float>(float*, long, float)",1931,3219604399519578,3219604399521342,0,0,4,4,16,256,1,1,2048,1,1
"KERNEL_DISPATCH","Agent 3",1,0,2659141,317,101,"void microllm::ops::hip::(anonymous namespace)::fill_typed_kernel<float>(float*, long, float)",1934,3219604399524878,3219604399526642,0,0,4,4,16,256,1,1,2048,1,1
"KERNEL_DISPATCH","Agent 3",1,0,2659141,318,101,"void microllm::ops::hip::(anonymous namespace)::fill_typed_kernel<float>(float*, long, float)",1937,3219604399530379,3219604399532103,0,0,4,4,16,256,1,1,2048,1,1
"KERNEL_DISPATCH","Agent 3",1,0,2659141,319,101,"void microllm::ops::hip::(anonymous namespace)::fill_typed_kernel<float>(float*, long, float)",1940,3219604399537019,3219604399538703,0,0,4,4,16,256,1,1,2048,1,1
"KERNEL_DISPATCH","Agent 3",1,0,2659141,320,9,"__amd_rocclr_copyBuffer",1945,3219604399548081,3219604399551569,0,0,16,0,32,512,1,1,512,1,1
"KERNEL_DISPATCH","Agent 3",1,0,2659141,321,9,"__amd_rocclr_copyBuffer",1949,3219604399567718,3219604399571246,0,0,16,0,32,512,1,1,512,1,1
"KERNEL_DISPATCH","Agent 3",1,0,2659141,322,9,"__amd_rocclr_copyBuffer",1953,3219604399587957,3219604399591365,0,0,16,0,32,512,1,1,512,1,1
"KERNEL_DISPATCH","Agent 3",1,0,2659141,323,92,"microllm::ops::hip::(anonymous namespace)::embedding_kernel(float const*, int const*, float*, long, long, long)",1957,3219604399606970,3219604399609295,0,0,16,0,32,256,1,1,256,1,1
"KERNEL_DISPATCH","Agent 3",1,0,2659141,324,102,"microllm::ops::hip::(anonymous namespace)::rms_norm_kernel(float const*, float const*, float*, long, long, float)",1962,3219604399615194,3219604399617840,1024,0,12,4,32,256,1,1,256,1,1
"KERNEL_DISPATCH","Agent 3",1,0,2659141,325,65,"void microllm::ops::hip::(anonymous namespace)::matmul_typed_kernel<float>(float const*, float const*, float*, long, long, long, long)",1967,3219604399624971,3219604399634673,0,0,16,0,48,256,1,1,256,1,1
"KERNEL_DISPATCH","Agent 3",1,0,2659141,326,65,"void microllm::ops::hip::(anonymous namespace)::matmul_typed_kernel<float>(float const*, float const*, float*, long, long, long, long)",1972,3219604399634469,3219604399642848,0,0,16,0,48,256,1,1,256,1,1
"KERNEL_DISPATCH","Agent 3",1,0,2659141,327,65,"void microllm::ops::hip::(anonymous namespace)::matmul_typed_kernel<float>(float const*, float const*, float*, long, long, long, long)",1977,3219604399642961,3219604399651341,0,0,16,0,48,256,1,1,256,1,1
"KERNEL_DISPATCH","Agent 3",1,0,2659141,328,134,"microllm::ops::hip::(anonymous namespace)::rope_positions_kernel(float const*, int const*, float*, long, long, long, float)",1982,3219604399651367,3219604399654815,0,0,28,4,48,256,1,1,256,1,1
"KERNEL_DISPATCH","Agent 3",1,0,2659141,329,134,"microllm::ops::hip::(anonymous namespace)::rope_positions_kernel(float const*, int const*, float*, long, long, long, float)",1987,3219604399658744,3219604399661471,0,0,28,4,48,256,1,1,256,1,1
"KERNEL_DISPATCH","Agent 3",1,0,2659141,330,110,"void microllm::ops::hip::(anonymous namespace)::kv_cache_store_pair_positions_kernel<float>(float const*, float const*, int const*, int const*, float*, float*, long, long, long, long, long, long)",1990,3219604399666933,3219604399669298,0,0,20,4,48,256,1,1,256,1,1
"KERNEL_DISPATCH","Agent 3",1,0,2659141,331,78,"void microllm::ops::hip::(anonymous namespace)::cached_attention_fused_positions_kernel<float>(float const*, float const*, float const*, int const*, int const*, float*, long, long, long, long, long, long, long, long, float)",1995,3219604399676481,3219604399684419,1024,0,52,4,64,256,1,1,1024,1,1
"KERNEL_DISPATCH","Agent 3",1,0,2659141,332,65,"void microllm::ops::hip::(anonymous namespace)::matmul_typed_kernel<float>(float const*, float const*, float*, long, long, long, long)",2000,3219604399684499,3219604399693199,0,0,16,0,48,256,1,1,256,1,1
"KERNEL_DISPATCH","Agent 3",1,0,2659141,333,123,"void microllm::ops::hip::(anonymous namespace)::add_rms_norm_kernel<256u>(float const*, float const*, float const*, float*, float*, long, long, float)",2021,3219604399732545,3219604399735632,1024,0,16,0,32,256,1,1,256,1,1
"KERNEL_DISPATCH","Agent 3",1,0,2659141,334,65,"void microllm::ops::hip::(anonymous namespace)::matmul_typed_kernel<float>(float const*, float const*, float*, long, long, long, long)",2026,3219604399740343,3219604399750727,0,0,16,0,48,256,1,1,256,1,1
"KERNEL_DISPATCH","Agent 3",1,0,2659141,335,65,"void microllm::ops::hip::(anonymous namespace)::matmul_typed_kernel<float>(float const*, float const*, float*, long, long, long, long)",2031,3219604399751920,3219604399760459,0,0,16,0,48,256,1,1,256,1,1
"KERNEL_DISPATCH","Agent 3",1,0,2659141,336,75,"void microllm::ops::hip::(anonymous namespace)::swiglu_typed_kernel<float>(float const*, float const*, float*, long)",2036,3219604399759734,3219604399763142,0,0,12,4,32,256,1,1,256,1,1
"KERNEL_DISPATCH","Agent 3",1,0,2659141,337,65,"void microllm::ops::hip::(anonymous namespace)::matmul_typed_kernel<float>(float const*, float const*, float*, long, long, long, long)",2045,3219604399791412,3219604399807609,0,0,16,0,48,256,1,1,256,1,1
"KERNEL_DISPATCH","Agent 3",1,0,2659141,338,95,"void microllm::ops::hip::(anonymous namespace)::add_typed_kernel<float>(float const*, float const*, float*, long)",2052,3219604399826593,3219604399828998,0,0,8,0,32,256,1,1,256,1,1
"KERNEL_DISPATCH","Agent 3",1,0,2659141,339,102,"microllm::ops::hip::(anonymous namespace)::rms_norm_kernel(float const*, float const*, float*, long, long, float)",2067,3219604399853478,3219604399855883,1024,0,12,4,32,256,1,1,256,1,1
"KERNEL_DISPATCH","Agent 3",1,0,2659141,340,65,"void microllm::ops::hip::(anonymous namespace)::matmul_typed_kernel<float>(float const*, float const*, float*, long, long, long, long)",2072,3219604399860547,3219604399869889,0,0,16,0,48,256,1,1,256,1,1
"KERNEL_DISPATCH","Agent 3",1,0,2659141,341,65,"void microllm::ops::hip::(anonymous namespace)::matmul_typed_kernel<float>(float const*, float const*, float*, long, long, long, long)",2077,3219604399870133,3219604399878632,0,0,16,0,48,256,1,1,256,1,1
"KERNEL_DISPATCH","Agent 3",1,0,2659141,342,65,"void microllm::ops::hip::(anonymous namespace)::matmul_typed_kernel<float>(float const*, float const*, float*, long, long, long, long)",2082,3219604399878606,3219604399887426,0,0,16,0,48,256,1,1,256,1,1
"KERNEL_DISPATCH","Agent 3",1,0,2659141,343,134,"microllm::ops::hip::(anonymous namespace)::rope_positions_kernel(float const*, int const*, float*, long, long, long, float)",2087,3219604399887406,3219604399890814,0,0,28,4,48,256,1,1,256,1,1
"KERNEL_DISPATCH","Agent 3",1,0,2659141,344,134,"microllm::ops::hip::(anonymous namespace)::rope_positions_kernel(float const*, int const*, float*, long, long, long, float)",2092,3219604399894208,3219604399896533,0,0,28,4,48,256,1,1,256,1,1
"KERNEL_DISPATCH","Agent 3",1,0,2659141,345,110,"void microllm::ops::hip::(anonymous namespace)::kv_cache_store_pair_positions_kernel<float>(float const*, float const*, int const*, int const*, float*, float*, long, long, long, long, long, long)",2095,3219604399900227,3219604399902432,0,0,20,4,48,256,1,1,256,1,1
"KERNEL_DISPATCH","Agent 3",1,0,2659141,346,78,"void microllm::ops::hip::(anonymous namespace)::cached_attention_fused_positions_kernel<float>(float const*, float const*, float const*, int const*, int const*, float*, long, long, long, long, long, long, long, long, float)",2100,3219604399909819,3219604399916313,1024,0,52,4,64,256,1,1,1024,1,1
"KERNEL_DISPATCH","Agent 3",1,0,2659141,347,65,"void microllm::ops::hip::(anonymous namespace)::matmul_typed_kernel<float>(float const*, float const*, float*, long, long, long, long)",2105,3219604399922332,3219604399931352,0,0,16,0,48,256,1,1,256,1,1
"KERNEL_DISPATCH","Agent 3",1,0,2659141,348,123,"void microllm::ops::hip::(anonymous namespace)::add_rms_norm_kernel<256u>(float const*, float const*, float const*, float*, float*, long, long, float)",2126,3219604399992507,3219604399995473,1024,0,16,0,32,256,1,1,256,1,1
"KERNEL_DISPATCH","Agent 3",1,0,2659141,349,65,"void microllm::ops::hip::(anonymous namespace)::matmul_typed_kernel<float>(float const*, float const*, float*, long, long, long, long)",2131,3219604400014447,3219604400024429,0,0,16,0,48,256,1,1,256,1,1
"KERNEL_DISPATCH","Agent 3",1,0,2659141,350,65,"void microllm::ops::hip::(anonymous namespace)::matmul_typed_kernel<float>(float const*, float const*, float*, long, long, long, long)",2136,3219604400024336,3219604400032756,0,0,16,0,48,256,1,1,256,1,1
"KERNEL_DISPATCH","Agent 3",1,0,2659141,351,75,"void microllm::ops::hip::(anonymous namespace)::swiglu_typed_kernel<float>(float const*, float const*, float*, long)",2141,3219604400032853,3219604400036260,0,0,12,4,32,256,1,1,256,1,1
"KERNEL_DISPATCH","Agent 3",1,0,2659141,352,65,"void microllm::ops::hip::(anonymous namespace)::matmul_typed_kernel<float>(float const*, float const*, float*, long, long, long, long)",2150,3219604400056047,3219604400073406,0,0,16,0,48,256,1,1,256,1,1
"KERNEL_DISPATCH","Agent 3",1,0,2659141,353,95,"void microllm::ops::hip::(anonymous namespace)::add_typed_kernel<float>(float const*, float const*, float*, long)",2157,3219604400091062,3219604400093908,0,0,8,0,32,256,1,1,256,1,1
"KERNEL_DISPATCH","Agent 3",1,0,2659141,354,102,"microllm::ops::hip::(anonymous namespace)::rms_norm_kernel(float const*, float const*, float*, long, long, float)",2172,3219604400120734,3219604400124022,1024,0,12,4,32,256,1,1,256,1,1
"KERNEL_DISPATCH","Agent 3",1,0,2659141,355,65,"void microllm::ops::hip::(anonymous namespace)::matmul_typed_kernel<float>(float const*, float const*, float*, long, long, long, long)",2179,3219604400141662,3219604400151364,0,0,16,0,48,256,1,1,256,1,1
"KERNEL_DISPATCH","Agent 3",1,0,2659141,356,9,"__amd_rocclr_copyBuffer",2190,3219604400173796,3219604400175961,0,0,16,0,32,512,1,1,512,1,1
"KERNEL_DISPATCH","Agent 3",1,0,2659141,357,9,"__amd_rocclr_copyBuffer",2196,3219604400195390,3219604400198998,0,0,16,0,32,512,1,1,512,1,1
"KERNEL_DISPATCH","Agent 3",1,0,2659141,358,92,"microllm::ops::hip::(anonymous namespace)::embedding_kernel(float const*, int const*, float*, long, long, long)",2200,3219604400213483,3219604400215968,0,0,16,0,32,256,1,1,1024,1,1
"KERNEL_DISPATCH","Agent 3",1,0,2659141,359,102,"microllm::ops::hip::(anonymous namespace)::rms_norm_kernel(float const*, float const*, float*, long, long, float)",2205,3219604400220407,3219604400223374,1024,0,12,4,32,256,1,1,4096,1,1
"KERNEL_DISPATCH","Agent 3",1,0,2659141,360,65,"void microllm::ops::hip::(anonymous namespace)::matmul_typed_kernel<float>(float const*, float const*, float*, long, long, long, long)",2210,3219604400230715,3219604400248315,0,0,16,0,48,256,1,1,1024,1,1
"KERNEL_DISPATCH","Agent 3",1,0,2659141,361,65,"void microllm::ops::hip::(anonymous namespace)::matmul_typed_kernel<float>(float const*, float const*, float*, long, long, long, long)",2215,3219604400248496,3219604400257437,0,0,16,0,48,256,1,1,512,1,1
"KERNEL_DISPATCH","Agent 3",1,0,2659141,362,65,"void microllm::ops::hip::(anonymous namespace)::matmul_typed_kernel<float>(float const*, float const*, float*, long, long, long, long)",2220,3219604400257213,3219604400265953,0,0,16,0,48,256,1,1,512,1,1
"KERNEL_DISPATCH","Agent 3",1,0,2659141,363,138,"microllm::runtime::detail::(anonymous namespace)::strided_copy_kernel(std::byte*, std::byte const*, unsigned long, long, microllm::runtime::detail::(anonymous namespace)::Layout)",2225,3219604400266091,3219604400270100,0,0,20,4,48,256,1,1,1024,1,1
"KERNEL_DISPATCH","Agent 3",1,0,2659141,364,138,"microllm::runtime::detail::(anonymous namespace)::strided_copy_kernel(std::byte*, std::byte const*, unsigned long, long, microllm::runtime::detail::(anonymous namespace)::Layout)",2230,3219604400270177,3219604400274146,0,0,20,4,48,256,1,1,512,1,1
"KERNEL_DISPATCH","Agent 3",1,0,2659141,365,138,"microllm::runtime::detail::(anonymous namespace)::strided_copy_kernel(std::byte*, std::byte const*, unsigned long, long, microllm::runtime::detail::(anonymous namespace)::Layout)",2235,3219604400274005,3219604400278655,0,0,20,4,48,256,1,1,512,1,1
"KERNEL_DISPATCH","Agent 3",1,0,2659141,366,76,"microllm::ops::hip::(anonymous namespace)::rope_kernel(float const*, float*, long, long, long, long, long, float)",2240,3219604400278712,3219604400282241,0,0,28,4,48,256,1,1,512,1,1
"KERNEL_DISPATCH","Agent 3",1,0,2659141,367,76,"microllm::ops::hip::(anonymous namespace)::rope_kernel(float const*, float*, long, long, long, long, long, float)",2247,3219604400305375,3219604400308703,0,0,28,4,48,256,1,1,256,1,1
"KERNEL_DISPATCH","Agent 3",1,0,2659141,368,9,"__amd_rocclr_copyBuffer",2254,3219604400326797,3219604400328080,0,0,16,0,32,512,1,1,512,1,1
"KERNEL_DISPATCH","Agent 3",1,0,2659141,369,9,"__amd_rocclr_copyBuffer",2256,3219604400340736,3219604400342099,0,0,16,0,32,512,1,1,512,1,1
"KERNEL_DISPATCH","Agent 3",1,0,2659141,370,9,"__amd_rocclr_copyBuffer",2260,3219604400350256,3219604400351739,0,0,16,0,32,512,1,1,512,1,1
"KERNEL_DISPATCH","Agent 3",1,0,2659141,371,9,"__amd_rocclr_copyBuffer",2262,3219604400354996,3219604400355718,0,0,16,0,32,512,1,1,512,1,1
"KERNEL_DISPATCH","Agent 3",1,0,2659141,372,135,"microllm::ops::hip::(anonymous namespace)::causal_gqa_attention_kernel(float const*, float const*, float const*, float*, float*, long, long, long, long, long, long, float)",2266,3219604400362861,3219604400370639,1024,0,24,0,64,256,1,1,16384,1,1
"KERNEL_DISPATCH","Agent 3",1,0,2659141,373,138,"microllm::runtime::detail::(anonymous namespace)::strided_copy_kernel(std::byte*, std::byte const*, unsigned long, long, microllm::runtime::detail::(anonymous namespace)::Layout)",2271,3219604400370570,3219604400374218,0,0,20,4,48,256,1,1,1024,1,1
"KERNEL_DISPATCH","Agent 3",1,0,2659141,374,65,"void microllm::ops::hip::(anonymous namespace)::matmul_typed_kernel<float>(float const*, float const*, float*, long, long, long, long)",2278,3219604400391528,3219604400408688,0,0,16,0,48,256,1,1,1024,1,1
"KERNEL_DISPATCH","Agent 3",1,0,2659141,375,95,"void microllm::ops::hip::(anonymous namespace)::add_typed_kernel<float>(float const*, float const*, float*, long)",2297,3219604400437119,3219604400439644,0,0,8,0,32,256,1,1,1024,1,1
"KERNEL_DISPATCH","Agent 3",1,0,2659141,376,102,"microllm::ops::hip::(anonymous namespace)::rms_norm_kernel(float const*, float const*, float*, long, long, float)",2306,3219604400458514,3219604400461200,1024,0,12,4,32,256,1,1,4096,1,1
"KERNEL_DISPATCH","Agent 3",1,0,2659141,377,65,"void microllm::ops::hip::(anonymous namespace)::matmul_typed_kernel<float>(float const*, float const*, float*, long, long, long, long)",2311,3219604400465944,3219604400483704,0,0,16,0,48,256,1,1,2048,1,1
"KERNEL_DISPATCH","Agent 3",1,0,2659141,378,65,"void microllm::ops::hip::(anonymous namespace)::matmul_typed_kernel<float>(float const*, float const*, float*, long, long, long, long)",2316,3219604400483598,3219604400500357,0,0,16,0,48,256,1,1,2048,1,1
"KERNEL_DISPATCH","Agent 3",1,0,2659141,379,75,"void microllm::ops::hip::(anonymous namespace)::swiglu_typed_kernel<float>(float const*, float const*, float*, long)",2321,3219604400500520,3219604400504128,0,0,12,4,32,256,1,1,2048,1,1
"KERNEL_DISPATCH","Agent 3",1,0,2659141,380,65,"void microllm::ops::hip::(anonymous namespace)::matmul_typed_kernel<float>(float const*, float const*, float*, long, long, long, long)",2330,3219604400522889,3219604400553880,0,0,16,0,48,256,1,1,1024,1,1
"KERNEL_DISPATCH","Agent 3",1,0,2659141,381,95,"void microllm::ops::hip::(anonymous namespace)::add_typed_kernel<float>(float const*, float const*, float*, long)",2337,3219604400570809,3219604400573294,0,0,8,0,32,256,1,1,1024,1,1
"KERNEL_DISPATCH","Agent 3",1,0,2659141,382,102,"microllm::ops::hip::(anonymous namespace)::rms_norm_kernel(float const*, float const*, float*, long, long, float)",2350,3219604400595966,3219604400598572,1024,0,12,4,32,256,1,1,4096,1,1
"KERNEL_DISPATCH","Agent 3",1,0,2659141,383,65,"void microllm::ops::hip::(anonymous namespace)::matmul_typed_kernel<float>(float const*, float const*, float*, long, long, long, long)",2355,3219604400603094,3219604400619291,0,0,16,0,48,256,1,1,1024,1,1
"KERNEL_DISPATCH","Agent 3",1,0,2659141,384,65,"void microllm::ops::hip::(anonymous namespace)::matmul_typed_kernel<float>(float const*, float const*, float*, long, long, long, long)",2360,3219604400619196,3219604400628177,0,0,16,0,48,256,1,1,512,1,1
"KERNEL_DISPATCH","Agent 3",1,0,2659141,385,65,"void microllm::ops::hip::(anonymous namespace)::matmul_typed_kernel<float>(float const*, float const*, float*, long, long, long, long)",2365,3219604400628185,3219604400637326,0,0,16,0,48,256,1,1,512,1,1
"KERNEL_DISPATCH","Agent 3",1,0,2659141,386,138,"microllm::runtime::detail::(anonymous namespace)::strided_copy_kernel(std::byte*, std::byte const*, unsigned long, long, microllm::runtime::detail::(anonymous namespace)::Layout)",2370,3219604400637354,3219604400641323,0,0,20,4,48,256,1,1,1024,1,1
"KERNEL_DISPATCH","Agent 3",1,0,2659141,388,138,"microllm::runtime::detail::(anonymous namespace)::strided_copy_kernel(std::byte*, std::byte const*, unsigned long, long, microllm::runtime::detail::(anonymous namespace)::Layout)",2380,3219604400646142,3219604400649509,0,0,20,4,48,256,1,1,512,1,1
"KERNEL_DISPATCH","Agent 3",1,0,2659141,387,138,"microllm::runtime::detail::(anonymous namespace)::strided_copy_kernel(std::byte*, std::byte const*, unsigned long, long, microllm::runtime::detail::(anonymous namespace)::Layout)",2375,3219604400646663,3219604400650512,0,0,20,4,48,256,1,1,512,1,1
"KERNEL_DISPATCH","Agent 3",1,0,2659141,389,76,"microllm::ops::hip::(anonymous namespace)::rope_kernel(float const*, float*, long, long, long, long, long, float)",2385,3219604400657893,3219604400660660,0,0,28,4,48,256,1,1,512,1,1
"KERNEL_DISPATCH","Agent 3",1,0,2659141,390,76,"microllm::ops::hip::(anonymous namespace)::rope_kernel(float const*, float*, long, long, long, long, long, float)",2392,3219604400716299,3219604400719506,0,0,28,4,48,256,1,1,256,1,1
"KERNEL_DISPATCH","Agent 3",1,0,2659141,391,9,"__amd_rocclr_copyBuffer",2399,3219604400737959,3219604400739843,0,0,16,0,32,512,1,1,512,1,1
"KERNEL_DISPATCH","Agent 3",1,0,2659141,392,9,"__amd_rocclr_copyBuffer",2401,3219604400743485,3219604400744648,0,0,16,0,32,512,1,1,512,1,1
"KERNEL_DISPATCH","Agent 3",1,0,2659141,393,9,"__amd_rocclr_copyBuffer",2405,3219604400752617,3219604400754421,0,0,16,0,32,512,1,1,512,1,1
"KERNEL_DISPATCH","Agent 3",1,0,2659141,394,9,"__amd_rocclr_copyBuffer",2407,3219604400757914,3219604400759277,0,0,16,0,32,512,1,1,512,1,1
"KERNEL_DISPATCH","Agent 3",1,0,2659141,395,135,"microllm::ops::hip::(anonymous namespace)::causal_gqa_attention_kernel(float const*, float const*, float const*, float*, float*, long, long, long, long, long, long, float)",2411,3219604400767289,3219604400773905,1024,0,24,0,64,256,1,1,16384,1,1
"KERNEL_DISPATCH","Agent 3",1,0,2659141,396,138,"microllm::runtime::detail::(anonymous namespace)::strided_copy_kernel(std::byte*, std::byte const*, unsigned long, long, microllm::runtime::detail::(anonymous namespace)::Layout)",2416,3219604400777191,3219604400779917,0,0,20,4,48,256,1,1,1024,1,1
"KERNEL_DISPATCH","Agent 3",1,0,2659141,397,65,"void microllm::ops::hip::(anonymous namespace)::matmul_typed_kernel<float>(float const*, float const*, float*, long, long, long, long)",2423,3219604400797357,3219604400813955,0,0,16,0,48,256,1,1,1024,1,1
"KERNEL_DISPATCH","Agent 3",1,0,2659141,398,95,"void microllm::ops::hip::(anonymous namespace)::add_typed_kernel<float>(float const*, float const*, float*, long)",2442,3219604400843096,3219604400845702,0,0,8,0,32,256,1,1,1024,1,1
"KERNEL_DISPATCH","Agent 3",1,0,2659141,399,102,"microllm::ops::hip::(anonymous namespace)::rms_norm_kernel(float const*, float const*, float*, long, long, float)",2451,3219604400866917,3219604400869844,1024,0,12,4,32,256,1,1,4096,1,1
"KERNEL_DISPATCH","Agent 3",1,0,2659141,400,65,"void microllm::ops::hip::(anonymous namespace)::matmul_typed_kernel<float>(float const*, float const*, float*, long, long, long, long)",2456,3219604400873956,3219604400891196,0,0,16,0,48,256,1,1,2048,1,1
"KERNEL_DISPATCH","Agent 3",1,0,2659141,401,65,"void microllm::ops::hip::(anonymous namespace)::matmul_typed_kernel<float>(float const*, float const*, float*, long, long, long, long)",2461,3219604400901212,3219604400918130,0,0,16,0,48,256,1,1,2048,1,1
"KERNEL_DISPATCH","Agent 3",1,0,2659141,402,75,"void microllm::ops::hip::(anonymous namespace)::swiglu_typed_kernel<float>(float const*, float const*, float*, long)",2466,3219604400944136,3219604400947383,0,0,12,4,32,256,1,1,2048,1,1
"KERNEL_DISPATCH","Agent 3",1,0,2659141,403,65,"void microllm::ops::hip::(anonymous namespace)::matmul_typed_kernel<float>(float const*, float const*, float*, long, long, long, long)",2475,3219604400968885,3219604401000037,0,0,16,0,48,256,1,1,1024,1,1
"KERNEL_DISPATCH","Agent 3",1,0,2659141,404,95,"void microllm::ops::hip::(anonymous namespace)::add_typed_kernel<float>(float const*, float const*, float*, long)",2482,3219604401017399,3219604401020286,0,0,8,0,32,256,1,1,1024,1,1
"KERNEL_DISPATCH","Agent 3",1,0,2659141,405,102,"microllm::ops::hip::(anonymous namespace)::rms_norm_kernel(float const*, float const*, float*, long, long, float)",2495,3219604401043482,3219604401046569,1024,0,12,4,32,256,1,1,4096,1,1
"KERNEL_DISPATCH","Agent 3",1,0,2659141,406,65,"void microllm::ops::hip::(anonymous namespace)::matmul_typed_kernel<float>(float const*, float const*, float*, long, long, long, long)",2502,3219604401063877,3219604401073458,0,0,16,0,48,256,1,1,256,1,1
"KERNEL_DISPATCH","Agent 3",1,0,2659141,407,9,"__amd_rocclr_copyBuffer",2509,3219604401091804,3219604401093488,0,0,16,0,32,512,1,1,512,1,1
"KERNEL_DISPATCH","Agent 3",1,0,2659141,408,9,"__amd_rocclr_copyBuffer",2511,3219604401096814,3219604401097736,0,0,16,0,32,512,1,1,512,1,1
"KERNEL_DISPATCH","Agent 3",1,0,2659141,409,9,"__amd_rocclr_copyBuffer",2513,3219604401101278,3219604401102641,0,0,16,0,32,512,1,1,512,1,1
"KERNEL_DISPATCH","Agent 3",1,0,2659141,410,9,"__amd_rocclr_copyBuffer",2515,3219604401108752,3219604401110035,0,0,16,0,32,512,1,1,512,1,1
"KERNEL_DISPATCH","Agent 3",1,0,2659141,411,9,"__amd_rocclr_copyBuffer",2517,3219604401118921,3219604401120564,0,0,16,0,32,512,1,1,512,1,1
"KERNEL_DISPATCH","Agent 3",1,0,2659141,412,9,"__amd_rocclr_copyBuffer",2519,3219604401124243,3219604401125485,0,0,16,0,32,512,1,1,512,1,1
"KERNEL_DISPATCH","Agent 3",1,0,2659141,413,9,"__amd_rocclr_copyBuffer",2521,3219604401129251,3219604401130895,0,0,16,0,32,512,1,1,512,1,1
"KERNEL_DISPATCH","Agent 3",1,0,2659141,414,9,"__amd_rocclr_copyBuffer",2523,3219604401134333,3219604401136818,0,0,16,0,32,512,1,1,512,1,1
"KERNEL_DISPATCH","Agent 3",1,0,2659141,415,9,"__amd_rocclr_copyBuffer",2533,3219604401162698,3219604401164543,0,0,16,0,32,512,1,1,512,1,1
"KERNEL_DISPATCH","Agent 3",1,0,2659141,416,86,"microllm::ops::hip::(anonymous namespace)::argmax_last_dim_kernel(float const*, int*, long, long)",2539,3219604401182186,3219604401185674,4096,0,12,4,32,256,1,1,512,1,1
"KERNEL_DISPATCH","Agent 3",1,0,2659141,417,9,"__amd_rocclr_copyBuffer",2542,3219604401189820,3219604401194671,0,0,16,0,32,512,1,1,512,1,1
"KERNEL_DISPATCH","Agent 3",1,0,2659141,418,9,"__amd_rocclr_copyBuffer",2548,3219604401220812,3219604401225383,0,0,16,0,32,512,1,1,512,1,1
"KERNEL_DISPATCH","Agent 3",1,0,2659141,419,9,"__amd_rocclr_copyBuffer",2552,3219604401241439,3219604401245809,0,0,16,0,32,512,1,1,512,1,1
"KERNEL_DISPATCH","Agent 3",1,0,2659141,420,9,"__amd_rocclr_copyBuffer",2556,3219604401265453,3219604401269342,0,0,16,0,32,512,1,1,512,1,1
"KERNEL_DISPATCH","Agent 3",1,0,2659141,421,92,"microllm::ops::hip::(anonymous namespace)::embedding_kernel(float const*, int const*, float*, long, long, long)",2560,3219604401286711,3219604401288956,0,0,16,0,32,256,1,1,256,1,1
"KERNEL_DISPATCH","Agent 3",1,0,2659141,422,102,"microllm::ops::hip::(anonymous namespace)::rms_norm_kernel(float const*, float const*, float*, long, long, float)",2565,3219604401293883,3219604401296610,1024,0,12,4,32,256,1,1,512,1,1
"KERNEL_DISPATCH","Agent 3",1,0,2659141,423,65,"void microllm::ops::hip::(anonymous namespace)::matmul_typed_kernel<float>(float const*, float const*, float*, long, long, long, long)",2570,3219604401303452,3219604401313034,0,0,16,0,48,256,1,1,256,1,1
"KERNEL_DISPATCH","Agent 3",1,0,2659141,424,65,"void microllm::ops::hip::(anonymous namespace)::matmul_typed_kernel<float>(float const*, float const*, float*, long, long, long, long)",2575,3219604401313076,3219604401321215,0,0,16,0,48,256,1,1,256,1,1
"KERNEL_DISPATCH","Agent 3",1,0,2659141,425,65,"void microllm::ops::hip::(anonymous namespace)::matmul_typed_kernel<float>(float const*, float const*, float*, long, long, long, long)",2580,3219604401321204,3219604401329543,0,0,16,0,48,256,1,1,256,1,1
"KERNEL_DISPATCH","Agent 3",1,0,2659141,426,134,"microllm::ops::hip::(anonymous namespace)::rope_positions_kernel(float const*, int const*, float*, long, long, long, float)",2585,3219604401329628,3219604401333076,0,0,28,4,48,256,1,1,256,1,1
"KERNEL_DISPATCH","Agent 3",1,0,2659141,427,134,"microllm::ops::hip::(anonymous namespace)::rope_positions_kernel(float const*, int const*, float*, long, long, long, float)",2590,3219604401337050,3219604401339776,0,0,28,4,48,256,1,1,256,1,1
"KERNEL_DISPATCH","Agent 3",1,0,2659141,428,110,"void microllm::ops::hip::(anonymous namespace)::kv_cache_store_pair_positions_kernel<float>(float const*, float const*, int const*, int const*, float*, float*, long, long, long, long, long, long)",2593,3219604401344655,3219604401347021,0,0,20,4,48,256,1,1,256,1,1
"KERNEL_DISPATCH","Agent 3",1,0,2659141,429,78,"void microllm::ops::hip::(anonymous namespace)::cached_attention_fused_positions_kernel<float>(float const*, float const*, float const*, int const*, int const*, float*, long, long, long, long, long, long, long, long, float)",2598,3219604401354194,3219604401362693,1024,0,52,4,64,256,1,1,2048,1,1
"KERNEL_DISPATCH","Agent 3",1,0,2659141,430,65,"void microllm::ops::hip::(anonymous namespace)::matmul_typed_kernel<float>(float const*, float const*, float*, long, long, long, long)",2603,3219604401362678,3219604401371138,0,0,16,0,48,256,1,1,256,1,1
"KERNEL_DISPATCH","Agent 3",1,0,2659141,431,123,"void microllm::ops::hip::(anonymous namespace)::add_rms_norm_kernel<256u>(float const*, float const*, float const*, float*, float*, long, long, float)",2624,3219604401408588,3219604401411515,1024,0,16,0,32,256,1,1,512,1,1
"KERNEL_DISPATCH","Agent 3",1,0,2659141,432,65,"void microllm::ops::hip::(anonymous namespace)::matmul_typed_kernel<float>(float const*, float const*, float*, long, long, long, long)",2629,3219604401416107,3219604401425368,0,0,16,0,48,256,1,1,256,1,1
"KERNEL_DISPATCH","Agent 3",1,0,2659141,433,65,"void microllm::ops::hip::(anonymous namespace)::matmul_typed_kernel<float>(float const*, float const*, float*, long, long, long, long)",2634,3219604401434338,3219604401443239,0,0,16,0,48,256,1,1,256,1,1
"KERNEL_DISPATCH","Agent 3",1,0,2659141,434,75,"void microllm::ops::hip::(anonymous namespace)::swiglu_typed_kernel<float>(float const*, float const*, float*, long)",2639,3219604401443233,3219604401446640,0,0,12,4,32,256,1,1,256,1,1
"KERNEL_DISPATCH","Agent 3",1,0,2659141,435,65,"void microllm::ops::hip::(anonymous namespace)::matmul_typed_kernel<float>(float const*, float const*, float*, long, long, long, long)",2648,3219604401465431,3219604401482430,0,0,16,0,48,256,1,1,256,1,1
"KERNEL_DISPATCH","Agent 3",1,0,2659141,436,95,"void microllm::ops::hip::(anonymous namespace)::add_typed_kernel<float>(float const*, float const*, float*, long)",2655,3219604401499650,3219604401501976,0,0,8,0,32,256,1,1,256,1,1
"KERNEL_DISPATCH","Agent 3",1,0,2659141,437,102,"microllm::ops::hip::(anonymous namespace)::rms_norm_kernel(float const*, float const*, float*, long, long, float)",2670,3219604401526148,3219604401528674,1024,0,12,4,32,256,1,1,512,1,1
"KERNEL_DISPATCH","Agent 3",1,0,2659141,438,65,"void microllm::ops::hip::(anonymous namespace)::matmul_typed_kernel<float>(float const*, float const*, float*, long, long, long, long)",2675,3219604401533286,3219604401542948,0,0,16,0,48,256,1,1,256,1,1
"KERNEL_DISPATCH","Agent 3",1,0,2659141,439,65,"void microllm::ops::hip::(anonymous namespace)::matmul_typed_kernel<float>(float const*, float const*, float*, long, long, long, long)",2680,3219604401542999,3219604401551939,0,0,16,0,48,256,1,1,256,1,1
"KERNEL_DISPATCH","Agent 3",1,0,2659141,440,65,"void microllm::ops::hip::(anonymous namespace)::matmul_typed_kernel<float>(float const*, float const*, float*, long, long, long, long)",2685,3219604401551810,3219604401560550,0,0,16,0,48,256,1,1,256,1,1
"KERNEL_DISPATCH","Agent 3",1,0,2659141,441,134,"microllm::ops::hip::(anonymous namespace)::rope_positions_kernel(float const*, int const*, float*, long, long, long, float)",2690,3219604401560571,3219604401563939,0,0,28,4,48,256,1,1,256,1,1
"KERNEL_DISPATCH","Agent 3",1,0,2659141,442,134,"microllm::ops::hip::(anonymous namespace)::rope_positions_kernel(float const*, int const*, float*, long, long, long, float)",2695,3219604401567220,3219604401568864,0,0,28,4,48,256,1,1,256,1,1
"KERNEL_DISPATCH","Agent 3",1,0,2659141,443,110,"void microllm::ops::hip::(anonymous namespace)::kv_cache_store_pair_positions_kernel<float>(float const*, float const*, int const*, int const*, float*, float*, long, long, long, long, long, long)",2698,3219604401573601,3219604401576127,0,0,20,4,48,256,1,1,256,1,1
"KERNEL_DISPATCH","Agent 3",1,0,2659141,444,78,"void microllm::ops::hip::(anonymous namespace)::cached_attention_fused_positions_kernel<float>(float const*, float const*, float const*, int const*, int const*, float*, long, long, long, long, long, long, long, long, float)",2703,3219604401583640,3219604401592139,1024,0,52,4,64,256,1,1,2048,1,1
"KERNEL_DISPATCH","Agent 3",1,0,2659141,445,65,"void microllm::ops::hip::(anonymous namespace)::matmul_typed_kernel<float>(float const*, float const*, float*, long, long, long, long)",2708,3219604401592022,3219604401600642,0,0,16,0,48,256,1,1,256,1,1
"KERNEL_DISPATCH","Agent 3",1,0,2659141,446,123,"void microllm::ops::hip::(anonymous namespace)::add_rms_norm_kernel<256u>(float const*, float const*, float const*, float*, float*, long, long, float)",2729,3219604401636785,3219604401639993,1024,0,16,0,32,256,1,1,512,1,1
"KERNEL_DISPATCH","Agent 3",1,0,2659141,447,65,"void microllm::ops::hip::(anonymous namespace)::matmul_typed_kernel<float>(float const*, float const*, float*, long, long, long, long)",2734,3219604401644032,3219604401654616,0,0,16,0,48,256,1,1,256,1,1
"KERNEL_DISPATCH","Agent 3",1,0,2659141,448,65,"void microllm::ops::hip::(anonymous namespace)::matmul_typed_kernel<float>(float const*, float const*, float*, long, long, long, long)",2739,3219604401654688,3219604401663629,0,0,16,0,48,256,1,1,256,1,1
"KERNEL_DISPATCH","Agent 3",1,0,2659141,449,75,"void microllm::ops::hip::(anonymous namespace)::swiglu_typed_kernel<float>(float const*, float const*, float*, long)",2744,3219604401663729,3219604401667177,0,0,12,4,32,256,1,1,256,1,1
"KERNEL_DISPATCH","Agent 3",1,0,2659141,450,65,"void microllm::ops::hip::(anonymous namespace)::matmul_typed_kernel<float>(float const*, float const*, float*, long, long, long, long)",2753,3219604401685858,3219604401703258,0,0,16,0,48,256,1,1,256,1,1
"KERNEL_DISPATCH","Agent 3",1,0,2659141,451,95,"void microllm::ops::hip::(anonymous namespace)::add_typed_kernel<float>(float const*, float const*, float*, long)",2760,3219604401720126,3219604401722892,0,0,8,0,32,256,1,1,256,1,1
"KERNEL_DISPATCH","Agent 3",1,0,2659141,452,102,"microllm::ops::hip::(anonymous namespace)::rms_norm_kernel(float const*, float const*, float*, long, long, float)",2775,3219604401746935,3219604401750062,1024,0,12,4,32,256,1,1,512,1,1
"KERNEL_DISPATCH","Agent 3",1,0,2659141,453,65,"void microllm::ops::hip::(anonymous namespace)::matmul_typed_kernel<float>(float const*, float const*, float*, long, long, long, long)",2782,3219604401769328,3219604401779111,0,0,16,0,48,256,1,1,512,1,1
"KERNEL_DISPATCH","Agent 3",1,0,2659141,454,9,"__amd_rocclr_copyBuffer",2793,3219604401800293,3219604401801937,0,0,16,0,32,512,1,1,512,1,1
"KERNEL_DISPATCH","Agent 3",1,0,2659141,455,9,"__amd_rocclr_copyBuffer",2795,3219604401805227,3219604401806710,0,0,16,0,32,512,1,1,512,1,1
"KERNEL_DISPATCH","Agent 3",1,0,2659141,456,86,"microllm::ops::hip::(anonymous namespace)::argmax_last_dim_kernel(float const*, int*, long, long)",2801,3219604401826383,3219604401829951,4096,0,12,4,32,256,1,1,512,1,1
"KERNEL_DISPATCH","Agent 3",1,0,2659141,457,9,"__amd_rocclr_copyBuffer",2804,3219604401835468,3219604401841843,0,0,16,0,32,512,1,1,512,1,1
"KERNEL_DISPATCH","Agent 3",1,0,2659141,458,9,"__amd_rocclr_copyBuffer",2810,3219604401912914,3219604401918126,0,0,16,0,32,512,1,1,512,1,1
"KERNEL_DISPATCH","Agent 3",1,0,2659141,459,9,"__amd_rocclr_copyBuffer",2814,3219604401934432,3219604401938521,0,0,16,0,32,512,1,1,512,1,1
"KERNEL_DISPATCH","Agent 3",1,0,2659141,460,9,"__amd_rocclr_copyBuffer",2818,3219604401955745,3219604401959755,0,0,16,0,32,512,1,1,512,1,1
"KERNEL_DISPATCH","Agent 3",1,0,2659141,461,92,"microllm::ops::hip::(anonymous namespace)::embedding_kernel(float const*, int const*, float*, long, long, long)",2822,3219604401975390,3219604401977435,0,0,16,0,32,256,1,1,256,1,1
"KERNEL_DISPATCH","Agent 3",1,0,2659141,462,102,"microllm::ops::hip::(anonymous namespace)::rms_norm_kernel(float const*, float const*, float*, long, long, float)",2827,3219604401983149,3219604401985675,1024,0,12,4,32,256,1,1,512,1,1
"KERNEL_DISPATCH","Agent 3",1,0,2659141,463,65,"void microllm::ops::hip::(anonymous namespace)::matmul_typed_kernel<float>(float const*, float const*, float*, long, long, long, long)",2832,3219604401992663,3219604402002004,0,0,16,0,48,256,1,1,256,1,1
"KERNEL_DISPATCH","Agent 3",1,0,2659141,464,65,"void microllm::ops::hip::(anonymous namespace)::matmul_typed_kernel<float>(float const*, float const*, float*, long, long, long, long)",2837,3219604402002136,3219604402010235,0,0,16,0,48,256,1,1,256,1,1
"KERNEL_DISPATCH","Agent 3",1,0,2659141,465,65,"void microllm::ops::hip::(anonymous namespace)::matmul_typed_kernel<float>(float const*, float const*, float*, long, long, long, long)",2842,3219604402016873,3219604402026375,0,0,16,0,48,256,1,1,256,1,1
"KERNEL_DISPATCH","Agent 3",1,0,2659141,466,134,"microllm::ops::hip::(anonymous namespace)::rope_positions_kernel(float const*, int const*, float*, long, long, long, float)",2847,3219604402026495,3219604402029943,0,0,28,4,48,256,1,1,256,1,1
"KERNEL_DISPATCH","Agent 3",1,0,2659141,467,134,"microllm::ops::hip::(anonymous namespace)::rope_positions_kernel(float const*, int const*, float*, long, long, long, float)",2852,3219604402033943,3219604402036469,0,0,28,4,48,256,1,1,256,1,1
"KERNEL_DISPATCH","Agent 3",1,0,2659141,468,110,"void microllm::ops::hip::(anonymous namespace)::kv_cache_store_pair_positions_kernel<float>(float const*, float const*, int const*, int const*, float*, float*, long, long, long, long, long, long)",2855,3219604402040269,3219604402042794,0,0,20,4,48,256,1,1,256,1,1
"KERNEL_DISPATCH","Agent 3",1,0,2659141,469,78,"void microllm::ops::hip::(anonymous namespace)::cached_attention_fused_positions_kernel<float>(float const*, float const*, float const*, int const*, int const*, float*, long, long, long, long, long, long, long, long, float)",2860,3219604402057934,3219604402066113,1024,0,52,4,64,256,1,1,2048,1,1
"KERNEL_DISPATCH","Agent 3",1,0,2659141,470,65,"void microllm::ops::hip::(anonymous namespace)::matmul_typed_kernel<float>(float const*, float const*, float*, long, long, long, long)",2865,3219604402066095,3219604402074794,0,0,16,0,48,256,1,1,256,1,1
"KERNEL_DISPATCH","Agent 3",1,0,2659141,471,123,"void microllm::ops::hip::(anonymous namespace)::add_rms_norm_kernel<256u>(float const*, float const*, float const*, float*, float*, long, long, float)",2886,3219604402111108,3219604402114115,1024,0,16,0,32,256,1,1,512,1,1
"KERNEL_DISPATCH","Agent 3",1,0,2659141,472,65,"void microllm::ops::hip::(anonymous namespace)::matmul_typed_kernel<float>(float const*, float const*, float*, long, long, long, long)",2891,3219604402118513,3219604402129297,0,0,16,0,48,256,1,1,256,1,1
"KERNEL_DISPATCH","Agent 3",1,0,2659141,473,65,"void microllm::ops::hip::(anonymous namespace)::matmul_typed_kernel<float>(float const*, float const*, float*, long, long, long, long)",2896,3219604402129293,3219604402138194,0,0,16,0,48,256,1,1,256,1,1
"KERNEL_DISPATCH","Agent 3",1,0,2659141,474,75,"void microllm::ops::hip::(anonymous namespace)::swiglu_typed_kernel<float>(float const*, float const*, float*, long)",2901,3219604402138251,3219604402141698,0,0,12,4,32,256,1,1,256,1,1
"KERNEL_DISPATCH","Agent 3",1,0,2659141,475,65,"void microllm::ops::hip::(anonymous namespace)::matmul_typed_kernel<float>(float const*, float const*, float*, long, long, long, long)",2910,3219604402160519,3219604402177238,0,0,16,0,48,256,1,1,256,1,1
"KERNEL_DISPATCH","Agent 3",1,0,2659141,476,95,"void microllm::ops::hip::(anonymous namespace)::add_typed_kernel<float>(float const*, float const*, float*, long)",2917,3219604402194538,3219604402196944,0,0,8,0,32,256,1,1,256,1,1
"KERNEL_DISPATCH","Agent 3",1,0,2659141,477,102,"microllm::ops::hip::(anonymous namespace)::rms_norm_kernel(float const*, float const*, float*, long, long, float)",2932,3219604402221900,3219604402224386,1024,0,12,4,32,256,1,1,512,1,1
"KERNEL_DISPATCH","Agent 3",1,0,2659141,478,65,"void microllm::ops::hip::(anonymous namespace)::matmul_typed_kernel<float>(float const*, float const*, float*, long, long, long, long)",2937,3219604402228446,3219604402238028,0,0,16,0,48,256,1,1,256,1,1
"KERNEL_DISPATCH","Agent 3",1,0,2659141,479,65,"void microllm::ops::hip::(anonymous namespace)::matmul_typed_kernel<float>(float const*, float const*, float*, long, long, long, long)",2942,3219604402238162,3219604402246942,0,0,16,0,48,256,1,1,256,1,1
"KERNEL_DISPATCH","Agent 3",1,0,2659141,480,65,"void microllm::ops::hip::(anonymous namespace)::matmul_typed_kernel<float>(float const*, float const*, float*, long, long, long, long)",2947,3219604402246801,3219604402255581,0,0,16,0,48,256,1,1,256,1,1
"KERNEL_DISPATCH","Agent 3",1,0,2659141,481,134,"microllm::ops::hip::(anonymous namespace)::rope_positions_kernel(float const*, int const*, float*, long, long, long, float)",2952,3219604402255662,3219604402259791,0,0,28,4,48,256,1,1,256,1,1
"KERNEL_DISPATCH","Agent 3",1,0,2659141,482,134,"microllm::ops::hip::(anonymous namespace)::rope_positions_kernel(float const*, int const*, float*, long, long, long, float)",2957,3219604402260010,3219604402263418,0,0,28,4,48,256,1,1,256,1,1
"KERNEL_DISPATCH","Agent 3",1,0,2659141,483,110,"void microllm::ops::hip::(anonymous namespace)::kv_cache_store_pair_positions_kernel<float>(float const*, float const*, int const*, int const*, float*, float*, long, long, long, long, long, long)",2960,3219604402267616,3219604402269821,0,0,20,4,48,256,1,1,256,1,1
"KERNEL_DISPATCH","Agent 3",1,0,2659141,484,78,"void microllm::ops::hip::(anonymous namespace)::cached_attention_fused_positions_kernel<float>(float const*, float const*, float const*, int const*, int const*, float*, long, long, long, long, long, long, long, long, float)",2965,3219604402277409,3219604402285226,1024,0,52,4,64,256,1,1,2048,1,1
"KERNEL_DISPATCH","Agent 3",1,0,2659141,485,65,"void microllm::ops::hip::(anonymous namespace)::matmul_typed_kernel<float>(float const*, float const*, float*, long, long, long, long)",2970,3219604402285308,3219604402293928,0,0,16,0,48,256,1,1,256,1,1
"KERNEL_DISPATCH","Agent 3",1,0,2659141,486,123,"void microllm::ops::hip::(anonymous namespace)::add_rms_norm_kernel<256u>(float const*, float const*, float const*, float*, float*, long, long, float)",2991,3219604402327883,3219604402331010,1024,0,16,0,32,256,1,1,512,1,1
"KERNEL_DISPATCH","Agent 3",1,0,2659141,487,65,"void microllm::ops::hip::(anonymous namespace)::matmul_typed_kernel<float>(float const*, float const*, float*, long, long, long, long)",2996,3219604402344278,3219604402354101,0,0,16,0,48,256,1,1,256,1,1
"KERNEL_DISPATCH","Agent 3",1,0,2659141,488,65,"void microllm::ops::hip::(anonymous namespace)::matmul_typed_kernel<float>(float const*, float const*, float*, long, long, long, long)",3001,3219604402446567,3219604402456871,0,0,16,0,48,256,1,1,256,1,1
"KERNEL_DISPATCH","Agent 3",1,0,2659141,489,75,"void microllm::ops::hip::(anonymous namespace)::swiglu_typed_kernel<float>(float const*, float const*, float*, long)",3006,3219604402456769,3219604402460377,0,0,12,4,32,256,1,1,256,1,1
"KERNEL_DISPATCH","Agent 3",1,0,2659141,490,65,"void microllm::ops::hip::(anonymous namespace)::matmul_typed_kernel<float>(float const*, float const*, float*, long, long, long, long)",3015,3219604402480017,3219604402496655,0,0,16,0,48,256,1,1,256,1,1
"KERNEL_DISPATCH","Agent 3",1,0,2659141,491,95,"void microllm::ops::hip::(anonymous namespace)::add_typed_kernel<float>(float const*, float const*, float*, long)",3022,3219604402513502,3219604402516509,0,0,8,0,32,256,1,1,256,1,1
"KERNEL_DISPATCH","Agent 3",1,0,2659141,492,102,"microllm::ops::hip::(anonymous namespace)::rms_norm_kernel(float const*, float const*, float*, long, long, float)",3037,3219604402541907,3219604402544834,1024,0,12,4,32,256,1,1,512,1,1
"KERNEL_DISPATCH","Agent 3",1,0,2659141,493,65,"void microllm::ops::hip::(anonymous namespace)::matmul_typed_kernel<float>(float const*, float const*, float*, long, long, long, long)",3044,3219604402561617,3219604402571440,0,0,16,0,48,256,1,1,512,1,1
"KERNEL_DISPATCH","Agent 3",1,0,2659141,494,9,"__amd_rocclr_copyBuffer",3055,3219604402594805,3219604402596569,0,0,16,0,32,512,1,1,512,1,1
"KERNEL_DISPATCH","Agent 3",1,0,2659141,495,9,"__amd_rocclr_copyBuffer",3057,3219604402599988,3219604402601552,0,0,16,0,32,512,1,1,512,1,1
"KERNEL_DISPATCH","Agent 3",1,0,2659141,496,86,"microllm::ops::hip::(anonymous namespace)::argmax_last_dim_kernel(float const*, int*, long, long)",3063,3219604402619577,3219604402623345,4096,0,12,4,32,256,1,1,512,1,1
"KERNEL_DISPATCH","Agent 3",1,0,2659141,497,9,"__amd_rocclr_copyBuffer",3066,3219604402635198,3219604402641692,0,0,16,0,32,512,1,1,512,1,1
"KERNEL_DISPATCH","Agent 3",1,0,2659141,498,101,"void microllm::ops::hip::(anonymous namespace)::fill_typed_kernel<float>(float*, long, float)",3070,3219604402664185,3219604402665828,0,0,4,4,16,256,1,1,2048,1,1
"KERNEL_DISPATCH","Agent 3",1,0,2659141,499,101,"void microllm::ops::hip::(anonymous namespace)::fill_typed_kernel<float>(float*, long, float)",3073,3219604402669564,3219604402671208,0,0,4,4,16,256,1,1,2048,1,1
"KERNEL_DISPATCH","Agent 3",1,0,2659141,500,101,"void microllm::ops::hip::(anonymous namespace)::fill_typed_kernel<float>(float*, long, float)",3076,3219604402674995,3219604402676599,0,0,4,4,16,256,1,1,2048,1,1
"KERNEL_DISPATCH","Agent 3",1,0,2659141,501,101,"void microllm::ops::hip::(anonymous namespace)::fill_typed_kernel<float>(float*, long, float)",3079,3219604402681351,3219604402682995,0,0,4,4,16,256,1,1,2048,1,1
"KERNEL_DISPATCH","Agent 3",1,0,2659141,502,9,"__amd_rocclr_copyBuffer",3084,3219604402691992,3219604402695881,0,0,16,0,32,512,1,1,512,1,1
"KERNEL_DISPATCH","Agent 3",1,0,2659141,503,9,"__amd_rocclr_copyBuffer",3088,3219604402712586,3219604402716475,0,0,16,0,32,512,1,1,512,1,1
"KERNEL_DISPATCH","Agent 3",1,0,2659141,504,9,"__amd_rocclr_copyBuffer",3092,3219604402732713,3219604402736601,0,0,16,0,32,512,1,1,512,1,1
"KERNEL_DISPATCH","Agent 3",1,0,2659141,505,92,"microllm::ops::hip::(anonymous namespace)::embedding_kernel(float const*, int const*, float*, long, long, long)",3096,3219604402751979,3219604402754103,0,0,16,0,32,256,1,1,256,1,1
"KERNEL_DISPATCH","Agent 3",1,0,2659141,506,102,"microllm::ops::hip::(anonymous namespace)::rms_norm_kernel(float const*, float const*, float*, long, long, float)",3101,3219604402759068,3219604402761794,1024,0,12,4,32,256,1,1,256,1,1
"KERNEL_DISPATCH","Agent 3",1,0,2659141,507,65,"void microllm::ops::hip::(anonymous namespace)::matmul_typed_kernel<float>(float const*, float const*, float*, long, long, long, long)",3106,3219604402768660,3219604402778081,0,0,16,0,48,256,1,1,256,1,1
"KERNEL_DISPATCH","Agent 3",1,0,2659141,508,65,"void microllm::ops::hip::(anonymous namespace)::matmul_typed_kernel<float>(float const*, float const*, float*, long, long, long, long)",3111,3219604402778013,3219604402786633,0,0,16,0,48,256,1,1,256,1,1
"KERNEL_DISPATCH","Agent 3",1,0,2659141,509,65,"void microllm::ops::hip::(anonymous namespace)::matmul_typed_kernel<float>(float const*, float const*, float*, long, long, long, long)",3116,3219604402786715,3219604402795014,0,0,16,0,48,256,1,1,256,1,1
"KERNEL_DISPATCH","Agent 3",1,0,2659141,510,134,"microllm::ops::hip::(anonymous namespace)::rope_positions_kernel(float const*, int const*, float*, long, long, long, float)",3121,3219604402794998,3219604402800330,0,0,28,4,48,256,1,1,256,1,1
"KERNEL_DISPATCH","Agent 3",1,0,2659141,511,134,"microllm::ops::hip::(anonymous namespace)::rope_positions_kernel(float const*, int const*, float*, long, long, long, float)",3126,3219604402800396,3219604402803804,0,0,28,4,48,256,1,1,256,1,1
"KERNEL_DISPATCH","Agent 3",1,0,2659141,512,110,"void microllm::ops::hip::(anonymous namespace)::kv_cache_store_pair_positions_kernel<float>(float const*, float const*, int const*, int const*, float*, float*, long, long, long, long, long, long)",3129,3219604402809120,3219604402811525,0,0,20,4,48,256,1,1,256,1,1
"KERNEL_DISPATCH","Agent 3",1,0,2659141,513,78,"void microllm::ops::hip::(anonymous namespace)::cached_attention_fused_positions_kernel<float>(float const*, float const*, float const*, int const*, int const*, float*, long, long, long, long, long, long, long, long, float)",3134,3219604402818933,3219604402825227,1024,0,52,4,64,256,1,1,1024,1,1
"KERNEL_DISPATCH","Agent 3",1,0,2659141,514,65,"void microllm::ops::hip::(anonymous namespace)::matmul_typed_kernel<float>(float const*, float const*, float*, long, long, long, long)",3139,3219604402828393,3219604402836171,0,0,16,0,48,256,1,1,256,1,1
"KERNEL_DISPATCH","Agent 3",1,0,2659141,515,123,"void microllm::ops::hip::(anonymous namespace)::add_rms_norm_kernel<256u>(float const*, float const*, float const*, float*, float*, long, long, float)",3160,3219604402879804,3219604402882811,1024,0,16,0,32,256,1,1,256,1,1
"KERNEL_DISPATCH","Agent 3",1,0,2659141,516,65,"void microllm::ops::hip::(anonymous namespace)::matmul_typed_kernel<float>(float const*, float const*, float*, long, long, long, long)",3165,3219604402894098,3219604402903520,0,0,16,0,48,256,1,1,256,1,1
"KERNEL_DISPATCH","Agent 3",1,0,2659141,517,65,"void microllm::ops::hip::(anonymous namespace)::matmul_typed_kernel<float>(float const*, float const*, float*, long, long, long, long)",3170,3219604402912244,3219604402921024,0,0,16,0,48,256,1,1,256,1,1
"KERNEL_DISPATCH","Agent 3",1,0,2659141,518,75,"void microllm::ops::hip::(anonymous namespace)::swiglu_typed_kernel<float>(float const*, float const*, float*, long)",3175,3219604402936331,3219604402939097,0,0,12,4,32,256,1,1,256,1,1
"KERNEL_DISPATCH","Agent 3",1,0,2659141,519,65,"void microllm::ops::hip::(anonymous namespace)::matmul_typed_kernel<float>(float const*, float const*, float*, long, long, long, long)",3184,3219604402961513,3219604402978632,0,0,16,0,48,256,1,1,256,1,1
"KERNEL_DISPATCH","Agent 3",1,0,2659141,520,95,"void microllm::ops::hip::(anonymous namespace)::add_typed_kernel<float>(float const*, float const*, float*, long)",3191,3219604402997083,3219604402999689,0,0,8,0,32,256,1,1,256,1,1
"KERNEL_DISPATCH","Agent 3",1,0,2659141,521,102,"microllm::ops::hip::(anonymous namespace)::rms_norm_kernel(float const*, float const*, float*, long, long, float)",3206,3219604403025773,3219604403028219,1024,0,12,4,32,256,1,1,256,1,1
"KERNEL_DISPATCH","Agent 3",1,0,2659141,522,65,"void microllm::ops::hip::(anonymous namespace)::matmul_typed_kernel<float>(float const*, float const*, float*, long, long, long, long)",3211,3219604403033202,3219604403042824,0,0,16,0,48,256,1,1,256,1,1
"KERNEL_DISPATCH","Agent 3",1,0,2659141,523,65,"void microllm::ops::hip::(anonymous namespace)::matmul_typed_kernel<float>(float const*, float const*, float*, long, long, long, long)",3216,3219604403042744,3219604403051524,0,0,16,0,48,256,1,1,256,1,1
"KERNEL_DISPATCH","Agent 3",1,0,2659141,524,65,"void microllm::ops::hip::(anonymous namespace)::matmul_typed_kernel<float>(float const*, float const*, float*, long, long, long, long)",3221,3219604403056544,3219604403065324,0,0,16,0,48,256,1,1,256,1,1
"KERNEL_DISPATCH","Agent 3",1,0,2659141,525,134,"microllm::ops::hip::(anonymous namespace)::rope_positions_kernel(float const*, int const*, float*, long, long, long, float)",3226,3219604403068526,3219604403069729,0,0,28,4,48,256,1,1,256,1,1
"KERNEL_DISPATCH","Agent 3",1,0,2659141,526,134,"microllm::ops::hip::(anonymous namespace)::rope_positions_kernel(float const*, int const*, float*, long, long, long, float)",3231,3219604403074927,3219604403077573,0,0,28,4,48,256,1,1,256,1,1
"KERNEL_DISPATCH","Agent 3",1,0,2659141,527,110,"void microllm::ops::hip::(anonymous namespace)::kv_cache_store_pair_positions_kernel<float>(float const*, float const*, int const*, int const*, float*, float*, long, long, long, long, long, long)",3234,3219604403081392,3219604403083637,0,0,20,4,48,256,1,1,256,1,1
"KERNEL_DISPATCH","Agent 3",1,0,2659141,528,78,"void microllm::ops::hip::(anonymous namespace)::cached_attention_fused_positions_kernel<float>(float const*, float const*, float const*, int const*, int const*, float*, long, long, long, long, long, long, long, long, float)",3239,3219604403090375,3219604403096549,1024,0,52,4,64,256,1,1,1024,1,1
"KERNEL_DISPATCH","Agent 3",1,0,2659141,529,65,"void microllm::ops::hip::(anonymous namespace)::matmul_typed_kernel<float>(float const*, float const*, float*, long, long, long, long)",3244,3219604403108598,3219604403117498,0,0,16,0,48,256,1,1,256,1,1
"KERNEL_DISPATCH","Agent 3",1,0,2659141,530,123,"void microllm::ops::hip::(anonymous namespace)::add_rms_norm_kernel<256u>(float const*, float const*, float const*, float*, float*, long, long, float)",3265,3219604403152564,3219604403155290,1024,0,16,0,32,256,1,1,256,1,1
"KERNEL_DISPATCH","Agent 3",1,0,2659141,531,65,"void microllm::ops::hip::(anonymous namespace)::matmul_typed_kernel<float>(float const*, float const*, float*, long, long, long, long)",3270,3219604403159956,3219604403170059,0,0,16,0,48,256,1,1,256,1,1
"KERNEL_DISPATCH","Agent 3",1,0,2659141,532,65,"void microllm::ops::hip::(anonymous namespace)::matmul_typed_kernel<float>(float const*, float const*, float*, long, long, long, long)",3275,3219604403170015,3219604403179196,0,0,16,0,48,256,1,1,256,1,1
"KERNEL_DISPATCH","Agent 3",1,0,2659141,533,75,"void microllm::ops::hip::(anonymous namespace)::swiglu_typed_kernel<float>(float const*, float const*, float*, long)",3280,3219604403179295,3219604403182703,0,0,12,4,32,256,1,1,256,1,1
"KERNEL_DISPATCH","Agent 3",1,0,2659141,534,65,"void microllm::ops::hip::(anonymous namespace)::matmul_typed_kernel<float>(float const*, float const*, float*, long, long, long, long)",3289,3219604403201290,3219604403217968,0,0,16,0,48,256,1,1,256,1,1
"KERNEL_DISPATCH","Agent 3",1,0,2659141,535,95,"void microllm::ops::hip::(anonymous namespace)::add_typed_kernel<float>(float const*, float const*, float*, long)",3296,3219604403234998,3219604403237564,0,0,8,0,32,256,1,1,256,1,1
"KERNEL_DISPATCH","Agent 3",1,0,2659141,536,102,"microllm::ops::hip::(anonymous namespace)::rms_norm_kernel(float const*, float const*, float*, long, long, float)",3311,3219604403261602,3219604403264288,1024,0,12,4,32,256,1,1,256,1,1
"KERNEL_DISPATCH","Agent 3",1,0,2659141,537,65,"void microllm::ops::hip::(anonymous namespace)::matmul_typed_kernel<float>(float const*, float const*, float*, long, long, long, long)",3318,3219604403281861,3219604403291643,0,0,16,0,48,256,1,1,256,1,1
"KERNEL_DISPATCH","Agent 3",1,0,2659141,538,9,"__amd_rocclr_copyBuffer",3329,3219604403313543,3219604403315869,0,0,16,0,32,512,1,1,512,1,1
"KERNEL_DISPATCH","Agent 3",1,0,2659141,539,9,"__amd_rocclr_copyBuffer",3335,3219604403334646,3219604403338053,0,0,16,0,32,512,1,1,512,1,1
"KERNEL_DISPATCH","Agent 3",1,0,2659141,540,92,"microllm::ops::hip::(anonymous namespace)::embedding_kernel(float const*, int const*, float*, long, long, long)",3339,3219604403353254,3219604403355580,0,0,16,0,32,256,1,1,256,1,1
"KERNEL_DISPATCH","Agent 3",1,0,2659141,541,102,"microllm::ops::hip::(anonymous namespace)::rms_norm_kernel(float const*, float const*, float*, long, long, float)",3344,3219604403360624,3219604403363030,1024,0,12,4,32,256,1,1,1024,1,1
"KERNEL_DISPATCH","Agent 3",1,0,2659141,542,65,"void microllm::ops::hip::(anonymous namespace)::matmul_typed_kernel<float>(float const*, float const*, float*, long, long, long, long)",3349,3219604403377589,3219604403387131,0,0,16,0,48,256,1,1,256,1,1
"KERNEL_DISPATCH","Agent 3",1,0,2659141,543,65,"void microllm::ops::hip::(anonymous namespace)::matmul_typed_kernel<float>(float const*, float const*, float*, long, long, long, long)",3354,3219604403387199,3219604403395778,0,0,16,0,48,256,1,1,256,1,1
"KERNEL_DISPATCH","Agent 3",1,0,2659141,544,65,"void microllm::ops::hip::(anonymous namespace)::matmul_typed_kernel<float>(float const*, float const*, float*, long, long, long, long)",3359,3219604403395785,3219604403404485,0,0,16,0,48,256,1,1,256,1,1
"KERNEL_DISPATCH","Agent 3",1,0,2659141,545,138,"microllm::runtime::detail::(anonymous namespace)::strided_copy_kernel(std::byte*, std::byte const*, unsigned long, long, microllm::runtime::detail::(anonymous namespace)::Layout)",3364,3219604403404593,3219604403409444,0,0,20,4,48,256,1,1,256,1,1
"KERNEL_DISPATCH","Agent 3",1,0,2659141,546,138,"microllm::runtime::detail::(anonymous namespace)::strided_copy_kernel(std::byte*, std::byte const*, unsigned long, long, microllm::runtime::detail::(anonymous namespace)::Layout)",3369,3219604403409678,3219604403413126,0,0,20,4,48,256,1,1,256,1,1
"KERNEL_DISPATCH","Agent 3",1,0,2659141,547,138,"microllm::runtime::detail::(anonymous namespace)::strided_copy_kernel(std::byte*, std::byte const*, unsigned long, long, microllm::runtime::detail::(anonymous namespace)::Layout)",3374,3219604403416901,3219604403420228,0,0,20,4,48,256,1,1,256,1,1
"KERNEL_DISPATCH","Agent 3",1,0,2659141,548,76,"microllm::ops::hip::(anonymous namespace)::rope_kernel(float const*, float*, long, long, long, long, long, float)",3379,3219604403425180,3219604403428588,0,0,28,4,48,256,1,1,256,1,1
"KERNEL_DISPATCH","Agent 3",1,0,2659141,549,76,"microllm::ops::hip::(anonymous namespace)::rope_kernel(float const*, float*, long, long, long, long, long, float)",3386,3219604403450904,3219604403453590,0,0,28,4,48,256,1,1,256,1,1
"KERNEL_DISPATCH","Agent 3",1,0,2659141,550,9,"__amd_rocclr_copyBuffer",3393,3219604403471452,3219604403473016,0,0,16,0,32,512,1,1,512,1,1
"KERNEL_DISPATCH","Agent 3",1,0,2659141,551,9,"__amd_rocclr_copyBuffer",3395,3219604403476525,3219604403477687,0,0,16,0,32,512,1,1,512,1,1
"KERNEL_DISPATCH","Agent 3",1,0,2659141,552,9,"__amd_rocclr_copyBuffer",3399,3219604403485821,3219604403487585,0,0,16,0,32,512,1,1,512,1,1
"KERNEL_DISPATCH","Agent 3",1,0,2659141,553,9,"__amd_rocclr_copyBuffer",3401,3219604403491180,3219604403492744,0,0,16,0,32,512,1,1,512,1,1
"KERNEL_DISPATCH","Agent 3",1,0,2659141,554,135,"microllm::ops::hip::(anonymous namespace)::causal_gqa_attention_kernel(float const*, float const*, float const*, float*, float*, long, long, long, long, long, long, float)",3405,3219604403502524,3219604403509780,1024,0,24,0,64,256,1,1,4096,1,1
"KERNEL_DISPATCH","Agent 3",1,0,2659141,555,138,"microllm::runtime::detail::(anonymous namespace)::strided_copy_kernel(std::byte*, std::byte const*, unsigned long, long, microllm::runtime::detail::(anonymous namespace)::Layout)",3410,3219604403509644,3219604403513293,0,0,20,4,48,256,1,1,256,1,1
"KERNEL_DISPATCH","Agent 3",1,0,2659141,556,65,"void microllm::ops::hip::(anonymous namespace)::matmul_typed_kernel<float>(float const*, float const*, float*, long, long, long, long)",3417,3219604403530429,3219604403539570,0,0,16,0,48,256,1,1,256,1,1
"KERNEL_DISPATCH","Agent 3",1,0,2659141,557,95,"void microllm::ops::hip::(anonymous namespace)::add_typed_kernel<float>(float const*, float const*, float*, long)",3436,3219604403567657,3219604403570183,0,0,8,0,32,256,1,1,256,1,1
"KERNEL_DISPATCH","Agent 3",1,0,2659141,558,102,"microllm::ops::hip::(anonymous namespace)::rms_norm_kernel(float const*, float const*, float*, long, long, float)",3445,3219604403589545,3219604403591991,1024,0,12,4,32,256,1,1,1024,1,1
"KERNEL_DISPATCH","Agent 3",1,0,2659141,559,65,"void microllm::ops::hip::(anonymous namespace)::matmul_typed_kernel<float>(float const*, float const*, float*, long, long, long, long)",3450,3219604403596837,3219604403606619,0,0,16,0,48,256,1,1,512,1,1
"KERNEL_DISPATCH","Agent 3",1,0,2659141,560,65,"void microllm::ops::hip::(anonymous namespace)::matmul_typed_kernel<float>(float const*, float const*, float*, long, long, long, long)",3455,3219604403606732,3219604403615713,0,0,16,0,48,256,1,1,512,1,1
"KERNEL_DISPATCH","Agent 3",1,0,2659141,561,75,"void microllm::ops::hip::(anonymous namespace)::swiglu_typed_kernel<float>(float const*, float const*, float*, long)",3460,3219604403622918,3219604403625685,0,0,12,4,32,256,1,1,512,1,1
"KERNEL_DISPATCH","Agent 3",1,0,2659141,562,65,"void microllm::ops::hip::(anonymous namespace)::matmul_typed_kernel<float>(float const*, float const*, float*, long, long, long, long)",3469,3219604403644392,3219604403661471,0,0,16,0,48,256,1,1,256,1,1
"KERNEL_DISPATCH","Agent 3",1,0,2659141,563,95,"void microllm::ops::hip::(anonymous namespace)::add_typed_kernel<float>(float const*, float const*, float*, long)",3476,3219604403678632,3219604403681198,0,0,8,0,32,256,1,1,256,1,1
"KERNEL_DISPATCH","Agent 3",1,0,2659141,564,102,"microllm::ops::hip::(anonymous namespace)::rms_norm_kernel(float const*, float const*, float*, long, long, float)",3489,3219604403704615,3219604403707301,1024,0,12,4,32,256,1,1,1024,1,1
"KERNEL_DISPATCH","Agent 3",1,0,2659141,565,65,"void microllm::ops::hip::(anonymous namespace)::matmul_typed_kernel<float>(float const*, float const*, float*, long, long, long, long)",3494,3219604403711300,3219604403720761,0,0,16,0,48,256,1,1,256,1,1
"KERNEL_DISPATCH","Agent 3",1,0,2659141,566,65,"void microllm::ops::hip::(anonymous namespace)::matmul_typed_kernel<float>(float const*, float const*, float*, long, long, long, long)",3499,3219604403720745,3219604403729485,0,0,16,0,48,256,1,1,256,1,1
"KERNEL_DISPATCH","Agent 3",1,0,2659141,567,65,"void microllm::ops::hip::(anonymous namespace)::matmul_typed_kernel<float>(float const*, float const*, float*, long, long, long, long)",3504,3219604403732615,3219604403740634,0,0,16,0,48,256,1,1,256,1,1
"KERNEL_DISPATCH","Agent 3",1,0,2659141,568,138,"microllm::runtime::detail::(anonymous namespace)::strided_copy_kernel(std::byte*, std::byte const*, unsigned long, long, microllm::runtime::detail::(anonymous namespace)::Layout)",3509,3219604403749538,3219604403752745,0,0,20,4,48,256,1,1,256,1,1
"KERNEL_DISPATCH","Agent 3",1,0,2659141,569,138,"microllm::runtime::detail::(anonymous namespace)::strided_copy_kernel(std::byte*, std::byte const*, unsigned long, long, microllm::runtime::detail::(anonymous namespace)::Layout)",3514,3219604403796049,3219604403799217,0,0,20,4,48,256,1,1,256,1,1
"KERNEL_DISPATCH","Agent 3",1,0,2659141,570,138,"microllm::runtime::detail::(anonymous namespace)::strided_copy_kernel(std::byte*, std::byte const*, unsigned long, long, microllm::runtime::detail::(anonymous namespace)::Layout)",3519,3219604403809433,3219604403812520,0,0,20,4,48,256,1,1,256,1,1
"KERNEL_DISPATCH","Agent 3",1,0,2659141,571,76,"microllm::ops::hip::(anonymous namespace)::rope_kernel(float const*, float*, long, long, long, long, long, float)",3524,3219604403817793,3219604403821762,0,0,28,4,48,256,1,1,256,1,1
"KERNEL_DISPATCH","Agent 3",1,0,2659141,572,76,"microllm::ops::hip::(anonymous namespace)::rope_kernel(float const*, float*, long, long, long, long, long, float)",3531,3219604403843938,3219604403846704,0,0,28,4,48,256,1,1,256,1,1
"KERNEL_DISPATCH","Agent 3",1,0,2659141,573,9,"__amd_rocclr_copyBuffer",3538,3219604403864523,3219604403865886,0,0,16,0,32,512,1,1,512,1,1
"KERNEL_DISPATCH","Agent 3",1,0,2659141,574,9,"__amd_rocclr_copyBuffer",3540,3219604403869171,3219604403870253,0,0,16,0,32,512,1,1,512,1,1
"KERNEL_DISPATCH","Agent 3",1,0,2659141,575,9,"__amd_rocclr_copyBuffer",3544,3219604403877764,3219604403879248,0,0,16,0,32,512,1,1,512,1,1
"KERNEL_DISPATCH","Agent 3",1,0,2659141,576,9,"__amd_rocclr_copyBuffer",3546,3219604403882588,3219604403883671,0,0,16,0,32,512,1,1,512,1,1
"KERNEL_DISPATCH","Agent 3",1,0,2659141,577,135,"microllm::ops::hip::(anonymous namespace)::causal_gqa_attention_kernel(float const*, float const*, float const*, float*, float*, long, long, long, long, long, long, float)",3550,3219604403891582,3219604403897275,1024,0,24,0,64,256,1,1,4096,1,1
"KERNEL_DISPATCH","Agent 3",1,0,2659141,578,138,"microllm::runtime::detail::(anonymous namespace)::strided_copy_kernel(std::byte*, std::byte const*, unsigned long, long, microllm::runtime::detail::(anonymous namespace)::Layout)",3555,3219604403900481,3219604403902285,0,0,20,4,48,256,1,1,256,1,1
"KERNEL_DISPATCH","Agent 3",1,0,2659141,579,65,"void microllm::ops::hip::(anonymous namespace)::matmul_typed_kernel<float>(float const*, float const*, float*, long, long, long, long)",3562,3219604403919622,3219604403929164,0,0,16,0,48,256,1,1,256,1,1
"KERNEL_DISPATCH","Agent 3",1,0,2659141,580,95,"void microllm::ops::hip::(anonymous namespace)::add_typed_kernel<float>(float const*, float const*, float*, long)",3581,3219604403959499,3219604403961985,0,0,8,0,32,256,1,1,256,1,1
"KERNEL_DISPATCH","Agent 3",1,0,2659141,581,102,"microllm::ops::hip::(anonymous namespace)::rms_norm_kernel(float const*, float const*, float*, long, long, float)",3590,3219604403980419,3219604403983225,1024,0,12,4,32,256,1,1,1024,1,1
"KERNEL_DISPATCH","Agent 3",1,0,2659141,582,65,"void microllm::ops::hip::(anonymous namespace)::matmul_typed_kernel<float>(float const*, float const*, float*, long, long, long, long)",3595,3219604403987575,3219604403997598,0,0,16,0,48,256,1,1,512,1,1
"KERNEL_DISPATCH","Agent 3",1,0,2659141,583,65,"void microllm::ops::hip::(anonymous namespace)::matmul_typed_kernel<float>(float const*, float const*, float*, long, long, long, long)",3600,3219604403997633,3219604404006453,0,0,16,0,48,256,1,1,512,1,1
"KERNEL_DISPATCH","Agent 3",1,0,2659141,584,75,"void microllm::ops::hip::(anonymous namespace)::swiglu_typed_kernel<float>(float const*, float const*, float*, long)",3605,3219604404006529,3219604404009937,0,0,12,4,32,256,1,1,512,1,1
"KERNEL_DISPATCH","Agent 3",1,0,2659141,585,65,"void microllm::ops::hip::(anonymous namespace)::matmul_typed_kernel<float>(float const*, float const*, float*, long, long, long, long)",3614,3219604404031938,3219604404049097,0,0,16,0,48,256,1,1,256,1,1
"KERNEL_DISPATCH","Agent 3",1,0,2659141,586,95,"void microllm::ops::hip::(anonymous namespace)::add_typed_kernel<float>(float const*, float const*, float*, long)",3621,3219604404066105,3219604404068751,0,0,8,0,32,256,1,1,256,1,1
"KERNEL_DISPATCH","Agent 3",1,0,2659141,587,102,"microllm::ops::hip::(anonymous namespace)::rms_norm_kernel(float const*, float const*, float*, long, long, float)",3634,3219604404090968,3219604404093935,1024,0,12,4,32,256,1,1,1024,1,1
"KERNEL_DISPATCH","Agent 3",1,0,2659141,588,65,"void microllm::ops::hip::(anonymous namespace)::matmul_typed_kernel<float>(float const*, float const*, float*, long, long, long, long)",3641,3219604404111328,3219604404121191,0,0,16,0,48,256,1,1,256,1,1
"KERNEL_DISPATCH","Agent 3",1,0,2659141,589,9,"__amd_rocclr_copyBuffer",3648,3219604404139311,3219604404140875,0,0,16,0,32,512,1,1,512,1,1
"KERNEL_DISPATCH","Agent 3",1,0,2659141,590,9,"__amd_rocclr_copyBuffer",3650,3219604404144398,3219604404145600,0,0,16,0,32,512,1,1,512,1,1
"KERNEL_DISPATCH","Agent 3",1,0,2659141,591,9,"__amd_rocclr_copyBuffer",3652,3219604404148974,3219604404150658,0,0,16,0,32,512,1,1,512,1,1
"KERNEL_DISPATCH","Agent 3",1,0,2659141,592,9,"__amd_rocclr_copyBuffer",3654,3219604404154103,3219604404155306,0,0,16,0,32,512,1,1,512,1,1
"KERNEL_DISPATCH","Agent 3",1,0,2659141,593,9,"__amd_rocclr_copyBuffer",3656,3219604404168001,3219604404169644,0,0,16,0,32,512,1,1,512,1,1
"KERNEL_DISPATCH","Agent 3",1,0,2659141,594,9,"__amd_rocclr_copyBuffer",3658,3219604404173011,3219604404174094,0,0,16,0,32,512,1,1,512,1,1
"KERNEL_DISPATCH","Agent 3",1,0,2659141,595,9,"__amd_rocclr_copyBuffer",3660,3219604404177700,3219604404179263,0,0,16,0,32,512,1,1,512,1,1
"KERNEL_DISPATCH","Agent 3",1,0,2659141,596,9,"__amd_rocclr_copyBuffer",3662,3219604404182645,3219604404185291,0,0,16,0,32,512,1,1,512,1,1
"KERNEL_DISPATCH","Agent 3",1,0,2659141,597,9,"__amd_rocclr_copyBuffer",3672,3219604404211030,3219604404212954,0,0,16,0,32,512,1,1,512,1,1
"KERNEL_DISPATCH","Agent 3",1,0,2659141,598,86,"microllm::ops::hip::(anonymous namespace)::argmax_last_dim_kernel(float const*, int*, long, long)",3678,3219604404230408,3219604404233976,4096,0,12,4,32,256,1,1,512,1,1
"KERNEL_DISPATCH","Agent 3",1,0,2659141,599,9,"__amd_rocclr_copyBuffer",3681,3219604404238109,3219604404242800,0,0,16,0,32,512,1,1,512,1,1
"KERNEL_DISPATCH","Agent 3",1,0,2659141,600,101,"void microllm::ops::hip::(anonymous namespace)::fill_typed_kernel<float>(float*, long, float)",3685,3219604404265708,3219604404267312,0,0,4,4,16,256,1,1,2048,1,1
"KERNEL_DISPATCH","Agent 3",1,0,2659141,601,101,"void microllm::ops::hip::(anonymous namespace)::fill_typed_kernel<float>(float*, long, float)",3688,3219604404270643,3219604404272367,0,0,4,4,16,256,1,1,2048,1,1
"KERNEL_DISPATCH","Agent 3",1,0,2659141,602,101,"void microllm::ops::hip::(anonymous namespace)::fill_typed_kernel<float>(float*, long, float)",3691,3219604404276831,3219604404278355,0,0,4,4,16,256,1,1,2048,1,1
"KERNEL_DISPATCH","Agent 3",1,0,2659141,603,101,"void microllm::ops::hip::(anonymous namespace)::fill_typed_kernel<float>(float*, long, float)",3694,3219604404283367,3219604404284690,0,0,4,4,16,256,1,1,2048,1,1
"KERNEL_DISPATCH","Agent 3",1,0,2659141,604,9,"__amd_rocclr_copyBuffer",3699,3219604404293440,3219604404297048,0,0,16,0,32,512,1,1,512,1,1
"KERNEL_DISPATCH","Agent 3",1,0,2659141,605,9,"__amd_rocclr_copyBuffer",3703,3219604404313129,3219604404316537,0,0,16,0,32,512,1,1,512,1,1
"KERNEL_DISPATCH","Agent 3",1,0,2659141,606,9,"__amd_rocclr_copyBuffer",3707,3219604404332313,3219604404335681,0,0,16,0,32,512,1,1,512,1,1
"KERNEL_DISPATCH","Agent 3",1,0,2659141,607,92,"microllm::ops::hip::(anonymous namespace)::embedding_kernel(float const*, int const*, float*, long, long, long)",3711,3219604404351276,3219604404353400,0,0,16,0,32,256,1,1,256,1,1
"KERNEL_DISPATCH","Agent 3",1,0,2659141,608,102,"microllm::ops::hip::(anonymous namespace)::rms_norm_kernel(float const*, float const*, float*, long, long, float)",3716,3219604404358308,3219604404360713,1024,0,12,4,32,256,1,1,256,1,1
"KERNEL_DISPATCH","Agent 3",1,0,2659141,609,65,"void microllm::ops::hip::(anonymous namespace)::matmul_typed_kernel<float>(float const*, float const*, float*, long, long, long, long)",3721,3219604404367730,3219604404376831,0,0,16,0,48,256,1,1,256,1,1
"KERNEL_DISPATCH","Agent 3",1,0,2659141,610,65,"void microllm::ops::hip::(anonymous namespace)::matmul_typed_kernel<float>(float const*, float const*, float*, long, long, long, long)",3726,3219604404376900,3219604404385359,0,0,16,0,48,256,1,1,256,1,1
"KERNEL_DISPATCH","Agent 3",1,0,2659141,611,65,"void microllm::ops::hip::(anonymous namespace)::matmul_typed_kernel<float>(float const*, float const*, float*, long, long, long, long)",3731,3219604404385349,3219604404394009,0,0,16,0,48,256,1,1,256,1,1
"KERNEL_DISPATCH","Agent 3",1,0,2659141,612,134,"microllm::ops::hip::(anonymous namespace)::rope_positions_kernel(float const*, int const*, float*, long, long, long, float)",3736,3219604404393969,3219604404397417,0,0,28,4,48,256,1,1,256,1,1
"KERNEL_DISPATCH","Agent 3",1,0,2659141,613,134,"microllm::ops::hip::(anonymous namespace)::rope_positions_kernel(float const*, int const*, float*, long, long, long, float)",3741,3219604404402092,3219604404404537,0,0,28,4,48,256,1,1,256,1,1
"KERNEL_DISPATCH","Agent 3",1,0,2659141,614,110,"void microllm::ops::hip::(anonymous namespace)::kv_cache_store_pair_positions_kernel<float>(float const*, float const*, int const*, int const*, float*, float*, long, long, long, long, long, long)",3744,3219604404409406,3219604404411571,0,0,20,4,48,256,1,1,256,1,1
"KERNEL_DISPATCH","Agent 3",1,0,2659141,615,78,"void microllm::ops::hip::(anonymous namespace)::cached_attention_fused_positions_kernel<float>(float const*, float const*, float const*, int const*, int const*, float*, long, long, long, long, long, long, long, long, float)",3749,3219604404419312,3219604404425165,1024,0,52,4,64,256,1,1,1024,1,1
"KERNEL_DISPATCH","Agent 3",1,0,2659141,616,65,"void microllm::ops::hip::(anonymous namespace)::matmul_typed_kernel<float>(float const*, float const*, float*, long, long, long, long)",3754,3219604404428278,3219604404436657,0,0,16,0,48,256,1,1,256,1,1
"KERNEL_DISPATCH","Agent 3",1,0,2659141,617,123,"void microllm::ops::hip::(anonymous namespace)::add_rms_norm_kernel<256u>(float const*, float const*, float const*, float*, float*, long, long, float)",3775,3219604404477290,3219604404480417,1024,0,16,0,32,256,1,1,256,1,1
"KERNEL_DISPATCH","Agent 3",1,0,2659141,618,65,"void microllm::ops::hip::(anonymous namespace)::matmul_typed_kernel<float>(float const*, float const*, float*, long, long, long, long)",3780,3219604404485589,3219604404495091,0,0,16,0,48,256,1,1,256,1,1
"KERNEL_DISPATCH","Agent 3",1,0,2659141,619,65,"void microllm::ops::hip::(anonymous namespace)::matmul_typed_kernel<float>(float const*, float const*, float*, long, long, long, long)",3785,3219604404494997,3219604404503897,0,0,16,0,48,256,1,1,256,1,1
"KERNEL_DISPATCH","Agent 3",1,0,2659141,620,75,"void microllm::ops::hip::(anonymous namespace)::swiglu_typed_kernel<float>(float const*, float const*, float*, long)",3790,3219604404503987,3219604404507516,0,0,12,4,32,256,1,1,256,1,1
"KERNEL_DISPATCH","Agent 3",1,0,2659141,621,65,"void microllm::ops::hip::(anonymous namespace)::matmul_typed_kernel<float>(float const*, float const*, float*, long, long, long, long)",3799,3219604404526718,3219604404543035,0,0,16,0,48,256,1,1,256,1,1
"KERNEL_DISPATCH","Agent 3",1,0,2659141,622,95,"void microllm::ops::hip::(anonymous namespace)::add_typed_kernel<float>(float const*, float const*, float*, long)",3806,3219604404559581,3219604404561946,0,0,8,0,32,256,1,1,256,1,1
"KERNEL_DISPATCH","Agent 3",1,0,2659141,623,102,"microllm::ops::hip::(anonymous namespace)::rms_norm_kernel(float const*, float const*, float*, long, long, float)",3821,3219604404585980,3219604404588706,1024,0,12,4,32,256,1,1,256,1,1
"KERNEL_DISPATCH","Agent 3",1,0,2659141,624,65,"void microllm::ops::hip::(anonymous namespace)::matmul_typed_kernel<float>(float const*, float const*, float*, long, long, long, long)",3826,3219604404593130,3219604404602953,0,0,16,0,48,256,1,1,256,1,1
"KERNEL_DISPATCH","Agent 3",1,0,2659141,625,65,"void microllm::ops::hip::(anonymous namespace)::matmul_typed_kernel<float>(float const*, float const*, float*, long, long, long, long)",3831,3219604404611083,3219604404620344,0,0,16,0,48,256,1,1,256,1,1
"KERNEL_DISPATCH","Agent 3",1,0,2659141,626,65,"void microllm::ops::hip::(anonymous namespace)::matmul_typed_kernel<float>(float const*, float const*, float*, long, long, long, long)",3836,3219604404620441,3219604404629221,0,0,16,0,48,256,1,1,256,1,1
"KERNEL_DISPATCH","Agent 3",1,0,2659141,627,134,"microllm::ops::hip::(anonymous namespace)::rope_positions_kernel(float const*, int const*, float*, long, long, long, float)",3841,3219604404629195,3219604404632683,0,0,28,4,48,256,1,1,256,1,1
"KERNEL_DISPATCH","Agent 3",1,0,2659141,628,134,"microllm::ops::hip::(anonymous namespace)::rope_positions_kernel(float const*, int const*, float*, long, long, long, float)",3846,3219604404635963,3219604404638609,0,0,28,4,48,256,1,1,256,1,1
"KERNEL_DISPATCH","Agent 3",1,0,2659141,629,110,"void microllm::ops::hip::(anonymous namespace)::kv_cache_store_pair_positions_kernel<float>(float const*, float const*, int const*, int const*, float*, float*, long, long, long, long, long, long)",3849,3219604404642047,3219604404644493,0,0,20,4,48,256,1,1,256,1,1
"KERNEL_DISPATCH","Agent 3",1,0,2659141,630,78,"void microllm::ops::hip::(anonymous namespace)::cached_attention_fused_positions_kernel<float>(float const*, float const*, float const*, int const*, int const*, float*, long, long, long, long, long, long, long, long, float)",3854,3219604404652610,3219604404658544,1024,0,52,4,64,256,1,1,1024,1,1
"KERNEL_DISPATCH","Agent 3",1,0,2659141,631,65,"void microllm::ops::hip::(anonymous namespace)::matmul_typed_kernel<float>(float const*, float const*, float*, long, long, long, long)",3859,3219604404670365,3219604404679386,0,0,16,0,48,256,1,1,256,1,1
"KERNEL_DISPATCH","Agent 3",1,0,2659141,632,123,"void microllm::ops::hip::(anonymous namespace)::add_rms_norm_kernel<256u>(float const*, float const*, float const*, float*, float*, long, long, float)",3880,3219604404752750,3219604404755677,1024,0,16,0,32,256,1,1,256,1,1
"KERNEL_DISPATCH","Agent 3",1,0,2659141,633,65,"void microllm::ops::hip::(anonymous namespace)::matmul_typed_kernel<float>(float const*, float const*, float*, long, long, long, long)",3885,3219604404761215,3219604404770917,0,0,16,0,48,256,1,1,256,1,1
"KERNEL_DISPATCH","Agent 3",1,0,2659141,634,65,"void microllm::ops::hip::(anonymous namespace)::matmul_typed_kernel<float>(float const*, float const*, float*, long, long, long, long)",3890,3219604404770958,3219604404779377,0,0,16,0,48,256,1,1,256,1,1
"KERNEL_DISPATCH","Agent 3",1,0,2659141,635,75,"void microllm::ops::hip::(anonymous namespace)::swiglu_typed_kernel<float>(float const*, float const*, float*, long)",3895,3219604404779359,3219604404782807,0,0,12,4,32,256,1,1,256,1,1
"KERNEL_DISPATCH","Agent 3",1,0,2659141,636,65,"void microllm::ops::hip::(anonymous namespace)::matmul_typed_kernel<float>(float const*, float const*, float*, long, long, long, long)",3904,3219604404801690,3219604404818248,0,0,16,0,48,256,1,1,256,1,1
"KERNEL_DISPATCH","Agent 3",1,0,2659141,637,95,"void microllm::ops::hip::(anonymous namespace)::add_typed_kernel<float>(float const*, float const*, float*, long)",3911,3219604404834879,3219604404837966,0,0,8,0,32,256,1,1,256,1,1
"KERNEL_DISPATCH","Agent 3",1,0,2659141,638,102,"microllm::ops::hip::(anonymous namespace)::rms_norm_kernel(float const*, float const*, float*, long, long, float)",3926,3219604404865259,3219604404868025,1024,0,12,4,32,256,1,1,256,1,1
"KERNEL_DISPATCH","Agent 3",1,0,2659141,639,65,"void microllm::ops::hip::(anonymous namespace)::matmul_typed_kernel<float>(float const*, float const*, float*, long, long, long, long)",3933,3219604404884470,3219604404893971,0,0,16,0,48,256,1,1,256,1,1
"KERNEL_DISPATCH","Agent 3",1,0,2659141,640,9,"__amd_rocclr_copyBuffer",3944,3219604404915524,3219604404917890,0,0,16,0,32,512,1,1,512,1,1
"KERNEL_DISPATCH","Agent 3",1,0,2659141,641,9,"__amd_rocclr_copyBuffer",3950,3219604404936833,3219604404940321,0,0,16,0,32,512,1,1,512,1,1
"KERNEL_DISPATCH","Agent 3",1,0,2659141,642,92,"microllm::ops::hip::(anonymous namespace)::embedding_kernel(float const*, int const*, float*, long, long, long)",3954,3219604404955066,3219604404957592,0,0,16,0,32,256,1,1,512,1,1
"KERNEL_DISPATCH","Agent 3",1,0,2659141,643,102,"microllm::ops::hip::(anonymous namespace)::rms_norm_kernel(float const*, float const*, float*, long, long, float)",3959,3219604404962050,3219604404964976,1024,0,12,4,32,256,1,1,2048,1,1
"KERNEL_DISPATCH","Agent 3",1,0,2659141,644,65,"void microllm::ops::hip::(anonymous namespace)::matmul_typed_kernel<float>(float const*, float const*, float*, long, long, long, long)",3964,3219604404969577,3219604404979319,0,0,16,0,48,256,1,1,512,1,1
"KERNEL_DISPATCH","Agent 3",1,0,2659141,645,65,"void microllm::ops::hip::(anonymous namespace)::matmul_typed_kernel<float>(float const*, float const*, float*, long, long, long, long)",3969,3219604404979301,3219604404988603,0,0,16,0,48,256,1,1,256,1,1
"KERNEL_DISPATCH","Agent 3",1,0,2659141,646,65,"void microllm::ops::hip::(anonymous namespace)::matmul_typed_kernel<float>(float const*, float const*, float*, long, long, long, long)",3974,3219604404988769,3219604404997589,0,0,16,0,48,256,1,1,256,1,1
"KERNEL_DISPATCH","Agent 3",1,0,2659141,647,138,"microllm::runtime::detail::(anonymous namespace)::strided_copy_kernel(std::byte*, std::byte const*, unsigned long, long, microllm::runtime::detail::(anonymous namespace)::Layout)",3979,3219604404998195,3219604405002565,0,0,20,4,48,256,1,1,512,1,1
"KERNEL_DISPATCH","Agent 3",1,0,2659141,648,138,"microllm::runtime::detail::(anonymous namespace)::strided_copy_kernel(std::byte*, std::byte const*, unsigned long, long, microllm::runtime::detail::(anonymous namespace)::Layout)",3984,3219604405001785,3219604405005152,0,0,20,4,48,256,1,1,256,1,1
"KERNEL_DISPATCH","Agent 3",1,0,2659141,649,138,"microllm::runtime::detail::(anonymous namespace)::strided_copy_kernel(std::byte*, std::byte const*, unsigned long, long, microllm::runtime::detail::(anonymous namespace)::Layout)",3989,3219604405018066,3219604405021354,0,0,20,4,48,256,1,1,256,1,1
"KERNEL_DISPATCH","Agent 3",1,0,2659141,650,76,"microllm::ops::hip::(anonymous namespace)::rope_kernel(float const*, float*, long, long, long, long, long, float)",3994,3219604405025216,3219604405028865,0,0,28,4,48,256,1,1,256,1,1
"KERNEL_DISPATCH","Agent 3",1,0,2659141,651,76,"microllm::ops::hip::(anonymous namespace)::rope_kernel(float const*, float*, long, long, long, long, long, float)",4001,3219604405051848,3219604405054254,0,0,28,4,48,256,1,1,256,1,1
"KERNEL_DISPATCH","Agent 3",1,0,2659141,652,9,"__amd_rocclr_copyBuffer",4008,3219604405072206,3219604405073609,0,0,16,0,32,512,1,1,512,1,1
"KERNEL_DISPATCH","Agent 3",1,0,2659141,653,9,"__amd_rocclr_copyBuffer",4010,3219604405077439,3219604405078641,0,0,16,0,32,512,1,1,512,1,1
"KERNEL_DISPATCH","Agent 3",1,0,2659141,654,9,"__amd_rocclr_copyBuffer",4014,3219604405091827,3219604405093511,0,0,16,0,32,512,1,1,512,1,1
"KERNEL_DISPATCH","Agent 3",1,0,2659141,655,9,"__amd_rocclr_copyBuffer",4016,3219604405096921,3219604405097643,0,0,16,0,32,512,1,1,512,1,1
"KERNEL_DISPATCH","Agent 3",1,0,2659141,656,135,"microllm::ops::hip::(anonymous namespace)::causal_gqa_attention_kernel(float const*, float const*, float const*, float*, float*, long, long, long, long, long, long, float)",4020,3219604405105454,3219604405111588,1024,0,24,0,64,256,1,1,8192,1,1
"KERNEL_DISPATCH","Agent 3",1,0,2659141,657,138,"microllm::runtime::detail::(anonymous namespace)::strided_copy_kernel(std::byte*, std::byte const*, unsigned long, long, microllm::runtime::detail::(anonymous namespace)::Layout)",4025,3219604405131359,3219604405134887,0,0,20,4,48,256,1,1,512,1,1
"KERNEL_DISPATCH","Agent 3",1,0,2659141,658,65,"void microllm::ops::hip::(anonymous namespace)::matmul_typed_kernel<float>(float const*, float const*, float*, long, long, long, long)",4032,3219604405153422,3219604405162603,0,0,16,0,48,256,1,1,512,1,1
"KERNEL_DISPATCH","Agent 3",1,0,2659141,659,95,"void microllm::ops::hip::(anonymous namespace)::add_typed_kernel<float>(float const*, float const*, float*, long)",4051,3219604405192327,3219604405194773,0,0,8,0,32,256,1,1,512,1,1
"KERNEL_DISPATCH","Agent 3",1,0,2659141,660,102,"microllm::ops::hip::(anonymous namespace)::rms_norm_kernel(float const*, float const*, float*, long, long, float)",4060,3219604405214291,3219604405217057,1024,0,12,4,32,256,1,1,2048,1,1
"KERNEL_DISPATCH","Agent 3",1,0,2659141,661,65,"void microllm::ops::hip::(anonymous namespace)::matmul_typed_kernel<float>(float const*, float const*, float*, long, long, long, long)",4065,3219604405222047,3219604405231629,0,0,16,0,48,256,1,1,1024,1,1
"KERNEL_DISPATCH","Agent 3",1,0,2659141,662,65,"void microllm::ops::hip::(anonymous namespace)::matmul_typed_kernel<float>(float const*, float const*, float*, long, long, long, long)",4070,3219604405231582,3219604405240482,0,0,16,0,48,256,1,1,1024,1,1
"KERNEL_DISPATCH","Agent 3",1,0,2659141,663,75,"void microllm::ops::hip::(anonymous namespace)::swiglu_typed_kernel<float>(float const*, float const*, float*, long)",4075,3219604405240480,3219604405244049,0,0,12,4,32,256,1,1,1024,1,1
"KERNEL_DISPATCH","Agent 3",1,0,2659141,664,65,"void microllm::ops::hip::(anonymous namespace)::matmul_typed_kernel<float>(float const*, float const*, float*, long, long, long, long)",4084,3219604405264559,3219604405281878,0,0,16,0,48,256,1,1,512,1,1
"KERNEL_DISPATCH","Agent 3",1,0,2659141,665,95,"void microllm::ops::hip::(anonymous namespace)::add_typed_kernel<float>(float const*, float const*, float*, long)",4091,3219604405298628,3219604405301555,0,0,8,0,32,256,1,1,512,1,1
"KERNEL_DISPATCH","Agent 3",1,0,2659141,666,102,"microllm::ops::hip::(anonymous namespace)::rms_norm_kernel(float const*, float const*, float*, long, long, float)",4104,3219604405324540,3219604405327226,1024,0,12,4,32,256,1,1,2048,1,1
"KERNEL_DISPATCH","Agent 3",1,0,2659141,667,65,"void microllm::ops::hip::(anonymous namespace)::matmul_typed_kernel<float>(float const*, float const*, float*, long, long, long, long)",4109,3219604405331795,3219604405341056,0,0,16,0,48,256,1,1,512,1,1
"KERNEL_DISPATCH","Agent 3",1,0,2659141,668,65,"void microllm::ops::hip::(anonymous namespace)::matmul_typed_kernel<float>(float const*, float const*, float*, long, long, long, long)",4114,3219604405341079,3219604405349699,0,0,16,0,48,256,1,1,256,1,1
"KERNEL_DISPATCH","Agent 3",1,0,2659141,669,65,"void microllm::ops::hip::(anonymous namespace)::matmul_typed_kernel<float>(float const*, float const*, float*, long, long, long, long)",4119,3219604405349622,3219604405358162,0,0,16,0,48,256,1,1,256,1,1
"KERNEL_DISPATCH","Agent 3",1,0,2659141,670,138,"microllm::runtime::detail::(anonymous namespace)::strided_copy_kernel(std::byte*, std::byte const*, unsigned long, long, microllm::runtime::detail::(anonymous namespace)::Layout)",4124,3219604405358015,3219604405361422,0,0,20,4,48,256,1,1,512,1,1
"KERNEL_DISPATCH","Agent 3",1,0,2659141,671,138,"microllm::runtime::detail::(anonymous namespace)::strided_copy_kernel(std::byte*, std::byte const*, unsigned long, long, microllm::runtime::detail::(anonymous namespace)::Layout)",4129,3219604405364729,3219604405366453,0,0,20,4,48,256,1,1,256,1,1
"KERNEL_DISPATCH","Agent 3",1,0,2659141,672,138,"microllm::runtime::detail::(anonymous namespace)::strided_copy_kernel(std::byte*, std::byte const*, unsigned long, long, microllm::runtime::detail::(anonymous namespace)::Layout)",4134,3219604405374121,3219604405377128,0,0,20,4,48,256,1,1,256,1,1
"KERNEL_DISPATCH","Agent 3",1,0,2659141,673,76,"microllm::ops::hip::(anonymous namespace)::rope_kernel(float const*, float*, long, long, long, long, long, float)",4139,3219604405381965,3219604405385493,0,0,28,4,48,256,1,1,256,1,1
"KERNEL_DISPATCH","Agent 3",1,0,2659141,674,76,"microllm::ops::hip::(anonymous namespace)::rope_kernel(float const*, float*, long, long, long, long, long, float)",4146,3219604405433974,3219604405436860,0,0,28,4,48,256,1,1,256,1,1
"KERNEL_DISPATCH","Agent 3",1,0,2659141,675,9,"__amd_rocclr_copyBuffer",4153,3219604405454089,3219604405455652,0,0,16,0,32,512,1,1,512,1,1
"KERNEL_DISPATCH","Agent 3",1,0,2659141,676,9,"__amd_rocclr_copyBuffer",4155,3219604405459105,3219604405459787,0,0,16,0,32,512,1,1,512,1,1
"KERNEL_DISPATCH","Agent 3",1,0,2659141,677,9,"__amd_rocclr_copyBuffer",4159,3219604405466821,3219604405468505,0,0,16,0,32,512,1,1,512,1,1
"KERNEL_DISPATCH","Agent 3",1,0,2659141,678,9,"__amd_rocclr_copyBuffer",4161,3219604405471878,3219604405472881,0,0,16,0,32,512,1,1,512,1,1
"KERNEL_DISPATCH","Agent 3",1,0,2659141,679,135,"microllm::ops::hip::(anonymous namespace)::causal_gqa_attention_kernel(float const*, float const*, float const*, float*, float*, long, long, long, long, long, long, float)",4165,3219604405480471,3219604405486685,1024,0,24,0,64,256,1,1,8192,1,1
"KERNEL_DISPATCH","Agent 3",1,0,2659141,680,138,"microllm::runtime::detail::(anonymous namespace)::strided_copy_kernel(std::byte*, std::byte const*, unsigned long, long, microllm::runtime::detail::(anonymous namespace)::Layout)",4170,3219604405489943,3219604405491987,0,0,20,4,48,256,1,1,512,1,1
"KERNEL_DISPATCH","Agent 3",1,0,2659141,681,65,"void microllm::ops::hip::(anonymous namespace)::matmul_typed_kernel<float>(float const*, float const*, float*, long, long, long, long)",4177,3219604405509498,3219604405518840,0,0,16,0,48,256,1,1,512,1,1
"KERNEL_DISPATCH","Agent 3",1,0,2659141,682,95,"void microllm::ops::hip::(anonymous namespace)::add_typed_kernel<float>(float const*, float const*, float*, long)",4196,3219604405547224,3219604405549670,0,0,8,0,32,256,1,1,512,1,1
"KERNEL_DISPATCH","Agent 3",1,0,2659141,683,102,"microllm::ops::hip::(anonymous namespace)::rms_norm_kernel(float const*, float const*, float*, long, long, float)",4205,3219604405571417,3219604405574223,1024,0,12,4,32,256,1,1,2048,1,1
"KERNEL_DISPATCH","Agent 3",1,0,2659141,684,65,"void microllm::ops::hip::(anonymous namespace)::matmul_typed_kernel<float>(float const*, float const*, float*, long, long, long, long)",4210,3219604405582230,3219604405591892,0,0,16,0,48,256,1,1,1024,1,1
"KERNEL_DISPATCH","Agent 3",1,0,2659141,685,65,"void microllm::ops::hip::(anonymous namespace)::matmul_typed_kernel<float>(float const*, float const*, float*, long, long, long, long)",4215,3219604405601705,3219604405611046,0,0,16,0,48,256,1,1,1024,1,1
"KERNEL_DISPATCH","Agent 3",1,0,2659141,686,75,"void microllm::ops::hip::(anonymous namespace)::swiglu_typed_kernel<float>(float const*, float const*, float*, long)",4220,3219604405654919,3219604405658286,0,0,12,4,32,256,1,1,1024,1,1
"KERNEL_DISPATCH","Agent 3",1,0,2659141,687,65,"void microllm::ops::hip::(anonymous namespace)::matmul_typed_kernel<float>(float const*, float const*, float*, long, long, long, long)",4229,3219604405680487,3219604405697045,0,0,16,0,48,256,1,1,512,1,1
"KERNEL_DISPATCH","Agent 3",1,0,2659141,688,95,"void microllm::ops::hip::(anonymous namespace)::add_typed_kernel<float>(float const*, float const*, float*, long)",4236,3219604405714190,3219604405717117,0,0,8,0,32,256,1,1,512,1,1
"KERNEL_DISPATCH","Agent 3",1,0,2659141,689,102,"microllm::ops::hip::(anonymous namespace)::rms_norm_kernel(float const*, float const*, float*, long, long, float)",4249,3219604405751454,3219604405754942,1024,0,12,4,32,256,1,1,2048,1,1
"KERNEL_DISPATCH","Agent 3",1,0,2659141,690,65,"void microllm::ops::hip::(anonymous namespace)::matmul_typed_kernel<float>(float const*, float const*, float*, long, long, long, long)",4256,3219604405772898,3219604405782681,0,0,16,0,48,256,1,1,256,1,1
"KERNEL_DISPATCH","Agent 3",1,0,2659141,691,9,"__amd_rocclr_copyBuffer",4263,3219604405800699,3219604405802182,0,0,16,0,32,512,1,1,512,1,1
"KERNEL_DISPATCH","Agent 3",1,0,2659141,692,9,"__amd_rocclr_copyBuffer",4265,3219604405805573,3219604405806535,0,0,16,0,32,512,1,1,512,1,1
"KERNEL_DISPATCH","Agent 3",1,0,2659141,693,9,"__amd_rocclr_copyBuffer",4267,3219604405810608,3219604405812051,0,0,16,0,32,512,1,1,512,1,1
"KERNEL_DISPATCH","Agent 3",1,0,2659141,694,9,"__amd_rocclr_copyBuffer",4269,3219604405815526,3219604405816608,0,0,16,0,32,512,1,1,512,1,1
"KERNEL_DISPATCH","Agent 3",1,0,2659141,695,9,"__amd_rocclr_copyBuffer",4271,3219604405820882,3219604405822325,0,0,16,0,32,512,1,1,512,1,1
"KERNEL_DISPATCH","Agent 3",1,0,2659141,696,9,"__amd_rocclr_copyBuffer",4273,3219604405825863,3219604405826945,0,0,16,0,32,512,1,1,512,1,1
"KERNEL_DISPATCH","Agent 3",1,0,2659141,697,9,"__amd_rocclr_copyBuffer",4275,3219604405830788,3219604405832271,0,0,16,0,32,512,1,1,512,1,1
"KERNEL_DISPATCH","Agent 3",1,0,2659141,698,9,"__amd_rocclr_copyBuffer",4277,3219604405835630,3219604405838276,0,0,16,0,32,512,1,1,512,1,1
"KERNEL_DISPATCH","Agent 3",1,0,2659141,699,9,"__amd_rocclr_copyBuffer",4287,3219604405864422,3219604405866226,0,0,16,0,32,512,1,1,512,1,1
"KERNEL_DISPATCH","Agent 3",1,0,2659141,700,86,"microllm::ops::hip::(anonymous namespace)::argmax_last_dim_kernel(float const*, int*, long, long)",4293,3219604405883755,3219604405887203,4096,0,12,4,32,256,1,1,512,1,1
"KERNEL_DISPATCH","Agent 3",1,0,2659141,701,9,"__amd_rocclr_copyBuffer",4296,3219604405891232,3219604405896083,0,0,16,0,32,512,1,1,512,1,1
"KERNEL_DISPATCH","Agent 3",1,0,2659141,702,9,"__amd_rocclr_copyBuffer",4302,3219604405922708,3219604405926797,0,0,16,0,32,512,1,1,512,1,1
"KERNEL_DISPATCH","Agent 3",1,0,2659141,703,9,"__amd_rocclr_copyBuffer",4306,3219604405943620,3219604405947789,0,0,16,0,32,512,1,1,512,1,1
"KERNEL_DISPATCH","Agent 3",1,0,2659141,704,9,"__amd_rocclr_copyBuffer",4310,3219604405964020,3219604405967709,0,0,16,0,32,512,1,1,512,1,1
"KERNEL_DISPATCH","Agent 3",1,0,2659141,705,92,"microllm::ops::hip::(anonymous namespace)::embedding_kernel(float const*, int const*, float*, long, long, long)",4314,3219604405983003,3219604405985168,0,0,16,0,32,256,1,1,256,1,1
"KERNEL_DISPATCH","Agent 3",1,0,2659141,706,102,"microllm::ops::hip::(anonymous namespace)::rms_norm_kernel(float const*, float const*, float*, long, long, float)",4319,3219604405991005,3219604405993531,1024,0,12,4,32,256,1,1,512,1,1
"KERNEL_DISPATCH","Agent 3",1,0,2659141,707,65,"void microllm::ops::hip::(anonymous namespace)::matmul_typed_kernel<float>(float const*, float const*, float*, long, long, long, long)",4324,3219604405999001,3219604406008423,0,0,16,0,48,256,1,1,256,1,1
"KERNEL_DISPATCH","Agent 3",1,0,2659141,708,65,"void microllm::ops::hip::(anonymous namespace)::matmul_typed_kernel<float>(float const*, float const*, float*, long, long, long, long)",4329,3219604406008432,3219604406016971,0,0,16,0,48,256,1,1,256,1,1
"KERNEL_DISPATCH","Agent 3",1,0,2659141,709,65,"void microllm::ops::hip::(anonymous namespace)::matmul_typed_kernel<float>(float const*, float const*, float*, long, long, long, long)",4334,3219604406016869,3219604406025369,0,0,16,0,48,256,1,1,256,1,1
"KERNEL_DISPATCH","Agent 3",1,0,2659141,710,134,"microllm::ops::hip::(anonymous namespace)::rope_positions_kernel(float const*, int const*, float*, long, long, long, float)",4339,3219604406025364,3219604406030335,0,0,28,4,48,256,1,1,256,1,1
"KERNEL_DISPATCH","Agent 3",1,0,2659141,711,134,"microllm::ops::hip::(anonymous namespace)::rope_positions_kernel(float const*, int const*, float*, long, long, long, float)",4344,3219604406030412,3219604406033860,0,0,28,4,48,256,1,1,256,1,1
"KERNEL_DISPATCH","Agent 3",1,0,2659141,712,110,"void microllm::ops::hip::(anonymous namespace)::kv_cache_store_pair_positions_kernel<float>(float const*, float const*, int const*, int const*, float*, float*, long, long, long, long, long, long)",4347,3219604406037488,3219604406039894,0,0,20,4,48,256,1,1,256,1,1
"KERNEL_DISPATCH","Agent 3",1,0,2659141,713,78,"void microllm::ops::hip::(anonymous namespace)::cached_attention_fused_positions_kernel<float>(float const*, float const*, float const*, int const*, int const*, float*, long, long, long, long, long, long, long, long, float)",4352,3219604406047475,3219604406055814,1024,0,52,4,64,256,1,1,2048,1,1
"KERNEL_DISPATCH","Agent 3",1,0,2659141,714,65,"void microllm::ops::hip::(anonymous namespace)::matmul_typed_kernel<float>(float const*, float const*, float*, long, long, long, long)",4357,3219604406055849,3219604406064309,0,0,16,0,48,256,1,1,256,1,1
"KERNEL_DISPATCH","Agent 3",1,0,2659141,715,123,"void microllm::ops::hip::(anonymous namespace)::add_rms_norm_kernel<256u>(float const*, float const*, float const*, float*, float*, long, long, float)",4378,3219604406100370,3219604406103377,1024,0,16,0,32,256,1,1,512,1,1
"KERNEL_DISPATCH","Agent 3",1,0,2659141,716,65,"void microllm::ops::hip::(anonymous namespace)::matmul_typed_kernel<float>(float const*, float const*, float*, long, long, long, long)",4383,3219604406108346,3219604406118610,0,0,16,0,48,256,1,1,256,1,1
"KERNEL_DISPATCH","Agent 3",1,0,2659141,717,65,"void microllm::ops::hip::(anonymous namespace)::matmul_typed_kernel<float>(float const*, float const*, float*, long, long, long, long)",4388,3219604406118519,3219604406127178,0,0,16,0,48,256,1,1,256,1,1
"KERNEL_DISPATCH","Agent 3",1,0,2659141,718,75,"void microllm::ops::hip::(anonymous namespace)::swiglu_typed_kernel<float>(float const*, float const*, float*, long)",4393,3219604406127320,3219604406130808,0,0,12,4,32,256,1,1,256,1,1
"KERNEL_DISPATCH","Agent 3",1,0,2659141,719,65,"void microllm::ops::hip::(anonymous namespace)::matmul_typed_kernel<float>(float const*, float const*, float*, long, long, long, long)",4402,3219604406149882,3219604406167603,0,0,16,0,48,256,1,1,256,1,1
"KERNEL_DISPATCH","Agent 3",1,0,2659141,720,95,"void microllm::ops::hip::(anonymous namespace)::add_typed_kernel<float>(float const*, float const*, float*, long)",4409,3219604406184677,3219604406187523,0,0,8,0,32,256,1,1,256,1,1
"KERNEL_DISPATCH","Agent 3",1,0,2659141,721,102,"microllm::ops::hip::(anonymous namespace)::rms_norm_kernel(float const*, float const*, float*, long, long, float)",4424,3219604406221874,3219604406224680,1024,0,12,4,32,256,1,1,512,1,1
"KERNEL_DISPATCH","Agent 3",1,0,2659141,722,65,"void microllm::ops::hip::(anonymous namespace)::matmul_typed_kernel<float>(float const*, float const*, float*, long, long, long, long)",4429,3219604406230946,3219604406240608,0,0,16,0,48,256,1,1,256,1,1
"KERNEL_DISPATCH","Agent 3",1,0,2659141,723,65,"void microllm::ops::hip::(anonymous namespace)::matmul_typed_kernel<float>(float const*, float const*, float*, long, long, long, long)",4434,3219604406240592,3219604406248971,0,0,16,0,48,256,1,1,256,1,1
"KERNEL_DISPATCH","Agent 3",1,0,2659141,724,65,"void microllm::ops::hip::(anonymous namespace)::matmul_typed_kernel<float>(float const*, float const*, float*, long, long, long, long)",4439,3219604406249047,3219604406257907,0,0,16,0,48,256,1,1,256,1,1
"KERNEL_DISPATCH","Agent 3",1,0,2659141,725,134,"microllm::ops::hip::(anonymous namespace)::rope_positions_kernel(float const*, int const*, float*, long, long, long, float)",4444,3219604406257937,3219604406261826,0,0,28,4,48,256,1,1,256,1,1
"KERNEL_DISPATCH","Agent 3",1,0,2659141,726,134,"microllm::ops::hip::(anonymous namespace)::rope_positions_kernel(float const*, int const*, float*, long, long, long, float)",4449,3219604406261700,3219604406265108,0,0,28,4,48,256,1,1,256,1,1
"KERNEL_DISPATCH","Agent 3",1,0,2659141,727,110,"void microllm::ops::hip::(anonymous namespace)::kv_cache_store_pair_positions_kernel<float>(float const*, float const*, int const*, int const*, float*, float*, long, long, long, long, long, long)",4452,3219604406268351,3219604406270476,0,0,20,4,48,256,1,1,256,1,1
"KERNEL_DISPATCH","Agent 3",1,0,2659141,728,78,"void microllm::ops::hip::(anonymous namespace)::cached_attention_fused_positions_kernel<float>(float const*, float const*, float const*, int const*, int const*, float*, long, long, long, long, long, long, long, long, float)",4457,3219604406278101,3219604406285839,1024,0,52,4,64,256,1,1,2048,1,1
"KERNEL_DISPATCH","Agent 3",1,0,2659141,729,65,"void microllm::ops::hip::(anonymous namespace)::matmul_typed_kernel<float>(float const*, float const*, float*, long, long, long, long)",4462,3219604406285891,3219604406294992,0,0,16,0,48,256,1,1,256,1,1
"KERNEL_DISPATCH","Agent 3",1,0,2659141,730,123,"void microllm::ops::hip::(anonymous namespace)::add_rms_norm_kernel<256u>(float const*, float const*, float const*, float*, float*, long, long, float)",4483,3219604406330529,3219604406333616,1024,0,16,0,32,256,1,1,512,1,1
"KERNEL_DISPATCH","Agent 3",1,0,2659141,731,65,"void microllm::ops::hip::(anonymous namespace)::matmul_typed_kernel<float>(float const*, float const*, float*, long, long, long, long)",4488,3219604406337887,3219604406348231,0,0,16,0,48,256,1,1,256,1,1
"KERNEL_DISPATCH","Agent 3",1,0,2659141,732,65,"void microllm::ops::hip::(anonymous namespace)::matmul_typed_kernel<float>(float const*, float const*, float*, long, long, long, long)",4493,3219604406348296,3219604406356715,0,0,16,0,48,256,1,1,256,1,1
"KERNEL_DISPATCH","Agent 3",1,0,2659141,733,75,"void microllm::ops::hip::(anonymous namespace)::swiglu_typed_kernel<float>(float const*, float const*, float*, long)",4498,3219604406356604,3219604406360052,0,0,12,4,32,256,1,1,256,1,1
"KERNEL_DISPATCH","Agent 3",1,0,2659141,734,65,"void microllm::ops::hip::(anonymous namespace)::matmul_typed_kernel<float>(float const*, float const*, float*, long, long, long, long)",4507,3219604406378491,3219604406394848,0,0,16,0,48,256,1,1,256,1,1
"KERNEL_DISPATCH","Agent 3",1,0,2659141,735,95,"void microllm::ops::hip::(anonymous namespace)::add_typed_kernel<float>(float const*, float const*, float*, long)",4514,3219604406411800,3219604406414366,0,0,8,0,32,256,1,1,256,1,1
"KERNEL_DISPATCH","Agent 3",1,0,2659141,736,102,"microllm::ops::hip::(anonymous namespace)::rms_norm_kernel(float const*, float const*, float*, long, long, float)",4529,3219604406438546,3219604406441272,1024,0,12,4,32,256,1,1,512,1,1
"KERNEL_DISPATCH","Agent 3",1,0,2659141,737,65,"void microllm::ops::hip::(anonymous namespace)::matmul_typed_kernel<float>(float const*, float const*, float*, long, long, long, long)",4536,3219604406458669,3219604406468371,0,0,16,0,48,256,1,1,512,1,1
"KERNEL_DISPATCH","Agent 3",1,0,2659141,738,9,"__amd_rocclr_copyBuffer",4547,3219604406489885,3219604406491730,0,0,16,0,32,512,1,1,512,1,1
"KERNEL_DISPATCH","Agent 3",1,0,2659141,739,9,"__amd_rocclr_copyBuffer",4549,3219604406495065,3219604406496188,0,0,16,0,32,512,1,1,512,1,1
"KERNEL_DISPATCH","Agent 3",1,0,2659141,740,86,"microllm::ops::hip::(anonymous namespace)::argmax_last_dim_kernel(float const*, int*, long, long)",4555,3219604406519801,3219604406523088,4096,0,12,4,32,256,1,1,512,1,1
"KERNEL_DISPATCH","Agent 3",1,0,2659141,741,9,"__amd_rocclr_copyBuffer",4558,3219604406533910,3219604406539924,0,0,16,0,32,512,1,1,512,1,1
"KERNEL_DISPATCH","Agent 3",1,0,2659141,742,9,"__amd_rocclr_copyBuffer",4564,3219604406603822,3219604406608112,0,0,16,0,32,512,1,1,512,1,1
"KERNEL_DISPATCH","Agent 3",1,0,2659141,743,9,"__amd_rocclr_copyBuffer",4568,3219604406624179,3219604406628750,0,0,16,0,32,512,1,1,512,1,1
"KERNEL_DISPATCH","Agent 3",1,0,2659141,744,9,"__amd_rocclr_copyBuffer",4572,3219604406645269,3219604406649239,0,0,16,0,32,512,1,1,512,1,1
"KERNEL_DISPATCH","Agent 3",1,0,2659141,745,92,"microllm::ops::hip::(anonymous namespace)::embedding_kernel(float const*, int const*, float*, long, long, long)",4576,3219604406664987,3219604406667031,0,0,16,0,32,256,1,1,256,1,1
"KERNEL_DISPATCH","Agent 3",1,0,2659141,746,102,"microllm::ops::hip::(anonymous namespace)::rms_norm_kernel(float const*, float const*, float*, long, long, float)",4581,3219604406672289,3219604406674735,1024,0,12,4,32,256,1,1,512,1,1
"KERNEL_DISPATCH","Agent 3",1,0,2659141,747,65,"void microllm::ops::hip::(anonymous namespace)::matmul_typed_kernel<float>(float const*, float const*, float*, long, long, long, long)",4586,3219604406680640,3219604406690182,0,0,16,0,48,256,1,1,256,1,1
"KERNEL_DISPATCH","Agent 3",1,0,2659141,748,65,"void microllm::ops::hip::(anonymous namespace)::matmul_typed_kernel<float>(float const*, float const*, float*, long, long, long, long)",4591,3219604406690247,3219604406698747,0,0,16,0,48,256,1,1,256,1,1
"KERNEL_DISPATCH","Agent 3",1,0,2659141,749,65,"void microllm::ops::hip::(anonymous namespace)::matmul_typed_kernel<float>(float const*, float const*, float*, long, long, long, long)",4596,3219604406698730,3219604406708632,0,0,16,0,48,256,1,1,256,1,1
"KERNEL_DISPATCH","Agent 3",1,0,2659141,750,134,"microllm::ops::hip::(anonymous namespace)::rope_positions_kernel(float const*, int const*, float*, long, long, long, float)",4601,3219604406708880,3219604406712368,0,0,28,4,48,256,1,1,256,1,1
"KERNEL_DISPATCH","Agent 3",1,0,2659141,751,134,"microllm::ops::hip::(anonymous namespace)::rope_positions_kernel(float const*, int const*, float*, long, long, long, float)",4606,3219604406716597,3219604406719042,0,0,28,4,48,256,1,1,256,1,1
"KERNEL_DISPATCH","Agent 3",1,0,2659141,752,110,"void microllm::ops::hip::(anonymous namespace)::kv_cache_store_pair_positions_kernel<float>(float const*, float const*, int const*, int const*, float*, float*, long, long, long, long, long, long)",4609,3219604406724410,3219604406726776,0,0,20,4,48,256,1,1,256,1,1
"KERNEL_DISPATCH","Agent 3",1,0,2659141,753,78,"void microllm::ops::hip::(anonymous namespace)::cached_attention_fused_positions_kernel<float>(float const*, float const*, float const*, int const*, int const*, float*, long, long, long, long, long, long, long, long, float)",4614,3219604406741547,3219604406749645,1024,0,52,4,64,256,1,1,2048,1,1
"KERNEL_DISPATCH","Agent 3",1,0,2659141,754,65,"void microllm::ops::hip::(anonymous namespace)::matmul_typed_kernel<float>(float const*, float const*, float*, long, long, long, long)",4619,3219604406749482,3219604406758222,0,0,16,0,48,256,1,1,256,1,1
"KERNEL_DISPATCH","Agent 3",1,0,2659141,755,123,"void microllm::ops::hip::(anonymous namespace)::add_rms_norm_kernel<256u>(float const*, float const*, float const*, float*, float*, long, long, float)",4640,3219604406794227,3219604406797394,1024,0,16,0,32,256,1,1,512,1,1
"KERNEL_DISPATCH","Agent 3",1,0,2659141,756,65,"void microllm::ops::hip::(anonymous namespace)::matmul_typed_kernel<float>(float const*, float const*, float*, long, long, long, long)",4645,3219604406802075,3219604406811657,0,0,16,0,48,256,1,1,256,1,1
"KERNEL_DISPATCH","Agent 3",1,0,2659141,757,65,"void microllm::ops::hip::(anonymous namespace)::matmul_typed_kernel<float>(float const*, float const*, float*, long, long, long, long)",4650,3219604406811727,3219604406820347,0,0,16,0,48,256,1,1,256,1,1
"KERNEL_DISPATCH","Agent 3",1,0,2659141,758,75,"void microllm::ops::hip::(anonymous namespace)::swiglu_typed_kernel<float>(float const*, float const*, float*, long)",4655,3219604406820346,3219604406823794,0,0,12,4,32,256,1,1,256,1,1
"KERNEL_DISPATCH","Agent 3",1,0,2659141,759,65,"void microllm::ops::hip::(anonymous namespace)::matmul_typed_kernel<float>(float const*, float const*, float*, long, long, long, long)",4664,3219604406842948,3219604406859987,0,0,16,0,48,256,1,1,256,1,1
"KERNEL_DISPATCH","Agent 3",1,0,2659141,760,95,"void microllm::ops::hip::(anonymous namespace)::add_typed_kernel<float>(float const*, float const*, float*, long)",4671,3219604406877084,3219604406879450,0,0,8,0,32,256,1,1,256,1,1
"KERNEL_DISPATCH","Agent 3",1,0,2659141,761,102,"microllm::ops::hip::(anonymous namespace)::rms_norm_kernel(float const*, float const*, float*, long, long, float)",4686,3219604406903371,3219604406905776,1024,0,12,4,32,256,1,1,512,1,1
"KERNEL_DISPATCH","Agent 3",1,0,2659141,762,65,"void microllm::ops::hip::(anonymous namespace)::matmul_typed_kernel<float>(float const*, float const*, float*, long, long, long, long)",4691,3219604406909478,3219604406919340,0,0,16,0,48,256,1,1,256,1,1
"KERNEL_DISPATCH","Agent 3",1,0,2659141,763,65,"void microllm::ops::hip::(anonymous namespace)::matmul_typed_kernel<float>(float const*, float const*, float*, long, long, long, long)",4696,3219604406919474,3219604406927773,0,0,16,0,48,256,1,1,256,1,1
"KERNEL_DISPATCH","Agent 3",1,0,2659141,764,65,"void microllm::ops::hip::(anonymous namespace)::matmul_typed_kernel<float>(float const*, float const*, float*, long, long, long, long)",4701,3219604406927778,3219604406936639,0,0,16,0,48,256,1,1,256,1,1
"KERNEL_DISPATCH","Agent 3",1,0,2659141,765,134,"microllm::ops::hip::(anonymous namespace)::rope_positions_kernel(float const*, int const*, float*, long, long, long, float)",4706,3219604406936636,3219604406940885,0,0,28,4,48,256,1,1,256,1,1
"KERNEL_DISPATCH","Agent 3",1,0,2659141,766,134,"microllm::ops::hip::(anonymous namespace)::rope_positions_kernel(float const*, int const*, float*, long, long, long, float)",4711,3219604406941005,3219604406944453,0,0,28,4,48,256,1,1,256,1,1
"KERNEL_DISPATCH","Agent 3",1,0,2659141,767,110,"void microllm::ops::hip::(anonymous namespace)::kv_cache_store_pair_positions_kernel<float>(float const*, float const*, int const*, int const*, float*, float*, long, long, long, long, long, long)",4714,3219604406948232,3219604406950638,0,0,20,4,48,256,1,1,256,1,1
"KERNEL_DISPATCH","Agent 3",1,0,2659141,768,78,"void microllm::ops::hip::(anonymous namespace)::cached_attention_fused_positions_kernel<float>(float const*, float const*, float const*, int const*, int const*, float*, long, long, long, long, long, long, long, long, float)",4719,3219604406958204,3219604406966102,1024,0,52,4,64,256,1,1,2048,1,1
"KERNEL_DISPATCH","Agent 3",1,0,2659141,769,65,"void microllm::ops::hip::(anonymous namespace)::matmul_typed_kernel<float>(float const*, float const*, float*, long, long, long, long)",4724,3219604406966166,3219604406975106,0,0,16,0,48,256,1,1,256,1,1
"KERNEL_DISPATCH","Agent 3",1,0,2659141,770,123,"void microllm::ops::hip::(anonymous namespace)::add_rms_norm_kernel<256u>(float const*, float const*, float const*, float*, float*, long, long, float)",4745,3219604407009456,3219604407012583,1024,0,16,0,32,256,1,1,512,1,1
"KERNEL_DISPATCH","Agent 3",1,0,2659141,771,65,"void microllm::ops::hip::(anonymous namespace)::matmul_typed_kernel<float>(float const*, float const*, float*, long, long, long, long)",4750,3219604407017022,3219604407027005,0,0,16,0,48,256,1,1,256,1,1
"KERNEL_DISPATCH","Agent 3",1,0,2659141,772,65,"void microllm::ops::hip::(anonymous namespace)::matmul_typed_kernel<float>(float const*, float const*, float*, long, long, long, long)",4755,3219604407026930,3219604407035550,0,0,16,0,48,256,1,1,256,1,1
"KERNEL_DISPATCH","Agent 3",1,0,2659141,773,75,"void microllm::ops::hip::(anonymous namespace)::swiglu_typed_kernel<float>(float const*, float const*, float*, long)",4760,3219604407035612,3219604407039060,0,0,12,4,32,256,1,1,256,1,1
"KERNEL_DISPATCH","Agent 3",1,0,2659141,774,65,"void microllm::ops::hip::(anonymous namespace)::matmul_typed_kernel<float>(float const*, float const*, float*, long, long, long, long)",4769,3219604407058823,3219604407075581,0,0,16,0,48,256,1,1,256,1,1
"KERNEL_DISPATCH","Agent 3",1,0,2659141,775,95,"void microllm::ops::hip::(anonymous namespace)::add_typed_kernel<float>(float const*, float const*, float*, long)",4776,3219604407092347,3219604407095033,0,0,8,0,32,256,1,1,256,1,1
"KERNEL_DISPATCH","Agent 3",1,0,2659141,776,102,"microllm::ops::hip::(anonymous namespace)::rms_norm_kernel(float const*, float const*, float*, long, long, float)",4791,3219604407118652,3219604407121338,1024,0,12,4,32,256,1,1,512,1,1
"KERNEL_DISPATCH","Agent 3",1,0,2659141,777,65,"void microllm::ops::hip::(anonymous namespace)::matmul_typed_kernel<float>(float const*, float const*, float*, long, long, long, long)",4798,3219604407138116,3219604407147658,0,0,16,0,48,256,1,1,512,1,1
"KERNEL_DISPATCH","Agent 3",1,0,2659141,778,9,"__amd_rocclr_copyBuffer",4809,3219604407168768,3219604407170532,0,0,16,0,32,512,1,1,512,1,1
"KERNEL_DISPATCH","Agent 3",1,0,2659141,779,9,"__amd_rocclr_copyBuffer",4811,3219604407173955,3219604407174998,0,0,16,0,32,512,1,1,512,1,1
"KERNEL_DISPATCH","Agent 3",1,0,2659141,780,86,"microllm::ops::hip::(anonymous namespace)::argmax_last_dim_kernel(float const*, int*, long, long)",4817,3219604407192230,3219604407195798,4096,0,12,4,32,256,1,1,512,1,1
"KERNEL_DISPATCH","Agent 3",1,0,2659141,781,9,"__amd_rocclr_copyBuffer",4820,3219604407200171,3219604407205383,0,0,16,0,32,512,1,1,512,1,1
"KERNEL_DISPATCH","Agent 3",1,0,2659141,782,101,"void microllm::ops::hip::(anonymous namespace)::fill_typed_kernel<float>(float*, long, float)",4824,3219604407228294,3219604407229858,0,0,4,4,16,256,1,1,2048,1,1
"KERNEL_DISPATCH","Agent 3",1,0,2659141,783,101,"void microllm::ops::hip::(anonymous namespace)::fill_typed_kernel<float>(float*, long, float)",4827,3219604407233434,3219604407235078,0,0,4,4,16,256,1,1,2048,1,1
"KERNEL_DISPATCH","Agent 3",1,0,2659141,784,101,"void microllm::ops::hip::(anonymous namespace)::fill_typed_kernel<float>(float*, long, float)",4830,3219604407238847,3219604407240490,0,0,4,4,16,256,1,1,2048,1,1
"KERNEL_DISPATCH","Agent 3",1,0,2659141,785,101,"void microllm::ops::hip::(anonymous namespace)::fill_typed_kernel<float>(float*, long, float)",4833,3219604407254115,3219604407255479,0,0,4,4,16,256,1,1,2048,1,1
"KERNEL_DISPATCH","Agent 3",1,0,2659141,786,9,"__amd_rocclr_copyBuffer",4838,3219604407263843,3219604407267331,0,0,16,0,32,512,1,1,512,1,1
"KERNEL_DISPATCH","Agent 3",1,0,2659141,787,9,"__amd_rocclr_copyBuffer",4842,3219604407283813,3219604407287502,0,0,16,0,32,512,1,1,512,1,1
"KERNEL_DISPATCH","Agent 3",1,0,2659141,788,9,"__amd_rocclr_copyBuffer",4846,3219604407303598,3219604407307406,0,0,16,0,32,512,1,1,512,1,1
"KERNEL_DISPATCH","Agent 3",1,0,2659141,789,92,"microllm::ops::hip::(anonymous namespace)::embedding_kernel(float const*, int const*, float*, long, long, long)",4850,3219604407323532,3219604407325376,0,0,16,0,32,256,1,1,256,1,1
"KERNEL_DISPATCH","Agent 3",1,0,2659141,790,102,"microllm::ops::hip::(anonymous namespace)::rms_norm_kernel(float const*, float const*, float*, long, long, float)",4855,3219604407331217,3219604407333622,1024,0,12,4,32,256,1,1,256,1,1
"KERNEL_DISPATCH","Agent 3",1,0,2659141,791,65,"void microllm::ops::hip::(anonymous namespace)::matmul_typed_kernel<float>(float const*, float const*, float*, long, long, long, long)",4860,3219604407338757,3219604407348259,0,0,16,0,48,256,1,1,256,1,1
"KERNEL_DISPATCH","Agent 3",1,0,2659141,792,65,"void microllm::ops::hip::(anonymous namespace)::matmul_typed_kernel<float>(float const*, float const*, float*, long, long, long, long)",4865,3219604407348359,3219604407357099,0,0,16,0,48,256,1,1,256,1,1
"KERNEL_DISPATCH","Agent 3",1,0,2659141,793,65,"void microllm::ops::hip::(anonymous namespace)::matmul_typed_kernel<float>(float const*, float const*, float*, long, long, long, long)",4870,3219604407356949,3219604407365529,0,0,16,0,48,256,1,1,256,1,1
"KERNEL_DISPATCH","Agent 3",1,0,2659141,794,134,"microllm::ops::hip::(anonymous namespace)::rope_positions_kernel(float const*, int const*, float*, long, long, long, float)",4875,3219604407365551,3219604407370402,0,0,28,4,48,256,1,1,256,1,1
"KERNEL_DISPATCH","Agent 3",1,0,2659141,795,134,"microllm::ops::hip::(anonymous namespace)::rope_positions_kernel(float const*, int const*, float*, long, long, long, float)",4880,3219604407370524,3219604407373931,0,0,28,4,48,256,1,1,256,1,1
"KERNEL_DISPATCH","Agent 3",1,0,2659141,796,110,"void microllm::ops::hip::(anonymous namespace)::kv_cache_store_pair_positions_kernel<float>(float const*, float const*, int const*, int const*, float*, float*, long, long, long, long, long, long)",4883,3219604407377161,3219604407379486,0,0,20,4,48,256,1,1,256,1,1
"KERNEL_DISPATCH","Agent 3",1,0,2659141,797,78,"void microllm::ops::hip::(anonymous namespace)::cached_attention_fused_positions_kernel<float>(float const*, float const*, float const*, int const*, int const*, float*, long, long, long, long, long, long, long, long, float)",4888,3219604407388929,3219604407397188,1024,0,52,4,64,256,1,1,1024,1,1
"KERNEL_DISPATCH","Agent 3",1,0,2659141,798,65,"void microllm::ops::hip::(anonymous namespace)::matmul_typed_kernel<float>(float const*, float const*, float*, long, long, long, long)",4893,3219604407396838,3219604407405578,0,0,16,0,48,256,1,1,256,1,1
"KERNEL_DISPATCH","Agent 3",1,0,2659141,799,123,"void microllm::ops::hip::(anonymous namespace)::add_rms_norm_kernel<256u>(float const*, float const*, float const*, float*, float*, long, long, float)",4914,3219604407452401,3219604407455408,1024,0,16,0,32,256,1,1,256,1,1
"KERNEL_DISPATCH","Agent 3",1,0,2659141,800,65,"void microllm::ops::hip::(anonymous namespace)::matmul_typed_kernel<float>(float const*, float const*, float*, long, long, long, long)",4919,3219604407468824,3219604407478446,0,0,16,0,48,256,1,1,256,1,1
"KERNEL_DISPATCH","Agent 3",1,0,2659141,801,65,"void microllm::ops::hip::(anonymous namespace)::matmul_typed_kernel<float>(float const*, float const*, float*, long, long, long, long)",4924,3219604407488086,3219604407497067,0,0,16,0,48,256,1,1,256,1,1
"KERNEL_DISPATCH","Agent 3",1,0,2659141,802,75,"void microllm::ops::hip::(anonymous namespace)::swiglu_typed_kernel<float>(float const*, float const*, float*, long)",4929,3219604407505357,3219604407507842,0,0,12,4,32,256,1,1,256,1,1
"KERNEL_DISPATCH","Agent 3",1,0,2659141,803,65,"void microllm::ops::hip::(anonymous namespace)::matmul_typed_kernel<float>(float const*, float const*, float*, long, long, long, long)",4938,3219604407529089,3219604407545446,0,0,16,0,48,256,1,1,256,1,1
"KERNEL_DISPATCH","Agent 3",1,0,2659141,804,95,"void microllm::ops::hip::(anonymous namespace)::add_typed_kernel<float>(float const*, float const*, float*, long)",4945,3219604407562850,3219604407565175,0,0,8,0,32,256,1,1,256,1,1
"KERNEL_DISPATCH","Agent 3",1,0,2659141,805,102,"microllm::ops::hip::(anonymous namespace)::rms_norm_kernel(float const*, float const*, float*, long, long, float)",4960,3219604407589913,3219604407592479,1024,0,12,4,32,256,1,1,256,1,1
"KERNEL_DISPATCH","Agent 3",1,0,2659141,806,65,"void microllm::ops::hip::(anonymous namespace)::matmul_typed_kernel<float>(float const*, float const*, float*, long, long, long, long)",4965,3219604407597013,3219604407606475,0,0,16,0,48,256,1,1,256,1,1
"KERNEL_DISPATCH","Agent 3",1,0,2659141,807,65,"void microllm::ops::hip::(anonymous namespace)::matmul_typed_kernel<float>(float const*, float const*, float*, long, long, long, long)",4970,3219604407606535,3219604407614994,0,0,16,0,48,256,1,1,256,1,1
"KERNEL_DISPATCH","Agent 3",1,0,2659141,808,65,"void microllm::ops::hip::(anonymous namespace)::matmul_typed_kernel<float>(float const*, float const*, float*, long, long, long, long)",4975,3219604407614956,3219604407623456,0,0,16,0,48,256,1,1,256,1,1
"KERNEL_DISPATCH","Agent 3",1,0,2659141,809,134,"microllm::ops::hip::(anonymous namespace)::rope_positions_kernel(float const*, int const*, float*, long, long, long, float)",4980,3219604407623465,3219604407626913,0,0,28,4,48,256,1,1,256,1,1
"KERNEL_DISPATCH","Agent 3",1,0,2659141,810,134,"microllm::ops::hip::(anonymous namespace)::rope_positions_kernel(float const*, int const*, float*, long, long, long, float)",4985,3219604407630312,3219604407632838,0,0,28,4,48,256,1,1,256,1,1
"KERNEL_DISPATCH","Agent 3",1,0,2659141,811,110,"void microllm::ops::hip::(anonymous namespace)::kv_cache_store_pair_positions_kernel<float>(float const*, float const*, int const*, int const*, float*, float*, long, long, long, long, long, long)",4988,3219604407636987,3219604407639553,0,0,20,4,48,256,1,1,256,1,1
"KERNEL_DISPATCH","Agent 3",1,0,2659141,812,78,"void microllm::ops::hip::(anonymous namespace)::cached_attention_fused_positions_kernel<float>(float const*, float const*, float const*, int const*, int const*, float*, long, long, long, long, long, long, long, long, float)",4993,3219604407647905,3219604407654199,1024,0,52,4,64,256,1,1,1024,1,1
"KERNEL_DISPATCH","Agent 3",1,0,2659141,813,65,"void microllm::ops::hip::(anonymous namespace)::matmul_typed_kernel<float>(float const*, float const*, float*, long, long, long, long)",4998,3219604407657463,3219604407665802,0,0,16,0,48,256,1,1,256,1,1
"KERNEL_DISPATCH","Agent 3",1,0,2659141,814,123,"void microllm::ops::hip::(anonymous namespace)::add_rms_norm_kernel<256u>(float const*, float const*, float const*, float*, float*, long, long, float)",5019,3219604407701142,3219604407704270,1024,0,16,0,32,256,1,1,256,1,1
"KERNEL_DISPATCH","Agent 3",1,0,2659141,815,65,"void microllm::ops::hip::(anonymous namespace)::matmul_typed_kernel<float>(float const*, float const*, float*, long, long, long, long)",5024,3219604407708154,3219604407718378,0,0,16,0,48,256,1,1,256,1,1
"KERNEL_DISPATCH","Agent 3",1,0,2659141,816,65,"void microllm::ops::hip::(anonymous namespace)::matmul_typed_kernel<float>(float const*, float const*, float*, long, long, long, long)",5029,3219604407718263,3219604407726682,0,0,16,0,48,256,1,1,256,1,1
"KERNEL_DISPATCH","Agent 3",1,0,2659141,817,75,"void microllm::ops::hip::(anonymous namespace)::swiglu_typed_kernel<float>(float const*, float const*, float*, long)",5034,3219604407733877,3219604407736644,0,0,12,4,32,256,1,1,256,1,1
"KERNEL_DISPATCH","Agent 3",1,0,2659141,818,65,"void microllm::ops::hip::(anonymous namespace)::matmul_typed_kernel<float>(float const*, float const*, float*, long, long, long, long)",5043,3219604407755637,3219604407772275,0,0,16,0,48,256,1,1,256,1,1
"KERNEL_DISPATCH","Agent 3",1,0,2659141,819,95,"void microllm::ops::hip::(anonymous namespace)::add_typed_kernel<float>(float const*, float const*, float*, long)",5050,3219604407789208,3219604407791774,0,0,8,0,32,256,1,1,256,1,1
"KERNEL_DISPATCH","Agent 3",1,0,2659141,820,102,"microllm::ops::hip::(anonymous namespace)::rms_norm_kernel(float const*, float const*, float*, long, long, float)",5065,3219604407816215,3219604407818821,1024,0,12,4,32,256,1,1,256,1,1
"KERNEL_DISPATCH","Agent 3",1,0,2659141,821,65,"void microllm::ops::hip::(anonymous namespace)::matmul_typed_kernel<float>(float const*, float const*, float*, long, long, long, long)",5072,3219604407835521,3219604407844823,0,0,16,0,48,256,1,1,256,1,1
"KERNEL_DISPATCH","Agent 3",1,0,2659141,822,9,"__amd_rocclr_copyBuffer",5083,3219604407865697,3219604407867461,0,0,16,0,32,512,1,1,512,1,1
"KERNEL_DISPATCH","Agent 3",1,0,2659141,823,9,"__amd_rocclr_copyBuffer",5089,3219604407886245,3219604407889613,0,0,16,0,32,512,1,1,512,1,1
"KERNEL_DISPATCH","Agent 3",1,0,2659141,824,92,"microllm::ops::hip::(anonymous namespace)::embedding_kernel(float const*, int const*, float*, long, long, long)",5093,3219604407909445,3219604407911690,0,0,16,0,32,256,1,1,768,1,1
"KERNEL_DISPATCH","Agent 3",1,0,2659141,825,102,"microllm::ops::hip::(anonymous namespace)::rms_norm_kernel(float const*, float const*, float*, long, long, float)",5098,3219604407916362,3219604407919129,1024,0,12,4,32,256,1,1,3072,1,1
"KERNEL_DISPATCH","Agent 3",1,0,2659141,826,65,"void microllm::ops::hip::(anonymous namespace)::matmul_typed_kernel<float>(float const*, float const*, float*, long, long, long, long)",5103,3219604407927156,3219604407936899,0,0,16,0,48,256,1,1,768,1,1
"KERNEL_DISPATCH","Agent 3",1,0,2659141,827,65,"void microllm::ops::hip::(anonymous namespace)::matmul_typed_kernel<float>(float const*, float const*, float*, long, long, long, long)",5108,3219604407936969,3219604407946550,0,0,16,0,48,256,1,1,512,1,1
"KERNEL_DISPATCH","Agent 3",1,0,2659141,828,65,"void microllm::ops::hip::(anonymous namespace)::matmul_typed_kernel<float>(float const*, float const*, float*, long, long, long, long)",5113,3219604407946398,3219604407954818,0,0,16,0,48,256,1,1,512,1,1
"KERNEL_DISPATCH","Agent 3",1,0,2659141,829,138,"microllm::runtime::detail::(anonymous namespace)::strided_copy_kernel(std::byte*, std::byte const*, unsigned long, long, microllm::runtime::detail::(anonymous namespace)::Layout)",5118,3219604408034994,3219604408038241,0,0,20,4,48,256,1,1,768,1,1
"KERNEL_DISPATCH","Agent 3",1,0,2659141,830,138,"microllm::runtime::detail::(anonymous namespace)::strided_copy_kernel(std::byte*, std::byte const*, unsigned long, long, microllm::runtime::detail::(anonymous namespace)::Layout)",5123,3219604408044152,3219604408047439,0,0,20,4,48,256,1,1,512,1,1
"KERNEL_DISPATCH","Agent 3",1,0,2659141,831,138,"microllm::runtime::detail::(anonymous namespace)::strided_copy_kernel(std::byte*, std::byte const*, unsigned long, long, microllm::runtime::detail::(anonymous namespace)::Layout)",5128,3219604408052780,3219604408056148,0,0,20,4,48,256,1,1,512,1,1
"KERNEL_DISPATCH","Agent 3",1,0,2659141,832,76,"microllm::ops::hip::(anonymous namespace)::rope_kernel(float const*, float*, long, long, long, long, long, float)",5133,3219604408060634,3219604408063360,0,0,28,4,48,256,1,1,512,1,1
"KERNEL_DISPATCH","Agent 3",1,0,2659141,833,76,"microllm::ops::hip::(anonymous namespace)::rope_kernel(float const*, float*, long, long, long, long, long, float)",5140,3219604408088125,3219604408090771,0,0,28,4,48,256,1,1,256,1,1
"KERNEL_DISPATCH","Agent 3",1,0,2659141,834,9,"__amd_rocclr_copyBuffer",5147,3219604408108328,3219604408109812,0,0,16,0,32,512,1,1,512,1,1
"KERNEL_DISPATCH","Agent 3",1,0,2659141,835,9,"__amd_rocclr_copyBuffer",5149,3219604408113248,3219604408114130,0,0,16,0,32,512,1,1,512,1,1
"KERNEL_DISPATCH","Agent 3",1,0,2659141,836,9,"__amd_rocclr_copyBuffer",5153,3219604408126678,3219604408128362,0,0,16,0,32,512,1,1,512,1,1
"KERNEL_DISPATCH","Agent 3",1,0,2659141,837,9,"__amd_rocclr_copyBuffer",5155,3219604408131787,3219604408132869,0,0,16,0,32,512,1,1,512,1,1
"KERNEL_DISPATCH","Agent 3",1,0,2659141,838,135,"microllm::ops::hip::(anonymous namespace)::causal_gqa_attention_kernel(float const*, float const*, float const*, float*, float*, long, long, long, long, long, long, float)",5159,3219604408140309,3219604408148167,1024,0,24,0,64,256,1,1,12288,1,1
"KERNEL_DISPATCH","Agent 3",1,0,2659141,839,138,"microllm::runtime::detail::(anonymous namespace)::strided_copy_kernel(std::byte*, std::byte const*, unsigned long, long, microllm::runtime::detail::(anonymous namespace)::Layout)",5164,3219604408148231,3219604408151759,0,0,20,4,48,256,1,1,768,1,1
"KERNEL_DISPATCH","Agent 3",1,0,2659141,840,65,"void microllm::ops::hip::(anonymous namespace)::matmul_typed_kernel<float>(float const*, float const*, float*, long, long, long, long)",5171,3219604408169025,3219604408178647,0,0,16,0,48,256,1,1,768,1,1
"KERNEL_DISPATCH","Agent 3",1,0,2659141,841,95,"void microllm::ops::hip::(anonymous namespace)::add_typed_kernel<float>(float const*, float const*, float*, long)",5190,3219604408208626,3219604408211393,0,0,8,0,32,256,1,1,768,1,1
"KERNEL_DISPATCH","Agent 3",1,0,2659141,842,102,"microllm::ops::hip::(anonymous namespace)::rms_norm_kernel(float const*, float const*, float*, long, long, float)",5199,3219604408230571,3219604408233417,1024,0,12,4,32,256,1,1,3072,1,1
"KERNEL_DISPATCH","Agent 3",1,0,2659141,843,65,"void microllm::ops::hip::(anonymous namespace)::matmul_typed_kernel<float>(float const*, float const*, float*, long, long, long, long)",5204,3219604408237700,3219604408247442,0,0,16,0,48,256,1,1,1536,1,1
"KERNEL_DISPATCH","Agent 3",1,0,2659141,844,65,"void microllm::ops::hip::(anonymous namespace)::matmul_typed_kernel<float>(float const*, float const*, float*, long, long, long, long)",5209,3219604408247605,3219604408256626,0,0,16,0,48,256,1,1,1536,1,1
"KERNEL_DISPATCH","Agent 3",1,0,2659141,845,75,"void microllm::ops::hip::(anonymous namespace)::swiglu_typed_kernel<float>(float const*, float const*, float*, long)",5214,3219604408256577,3219604408260346,0,0,12,4,32,256,1,1,1536,1,1
"KERNEL_DISPATCH","Agent 3",1,0,2659141,846,65,"void microllm::ops::hip::(anonymous namespace)::matmul_typed_kernel<float>(float const*, float const*, float*, long, long, long, long)",5223,3219604408279497,3219604408297057,0,0,16,0,48,256,1,1,768,1,1
"KERNEL_DISPATCH","Agent 3",1,0,2659141,847,95,"void microllm::ops::hip::(anonymous namespace)::add_typed_kernel<float>(float const*, float const*, float*, long)",5230,3219604408313994,3219604408316680,0,0,8,0,32,256,1,1,768,1,1
"KERNEL_DISPATCH","Agent 3",1,0,2659141,848,102,"microllm::ops::hip::(anonymous namespace)::rms_norm_kernel(float const*, float const*, float*, long, long, float)",5243,3219604408339325,3219604408342212,1024,0,12,4,32,256,1,1,3072,1,1
"KERNEL_DISPATCH","Agent 3",1,0,2659141,849,65,"void microllm::ops::hip::(anonymous namespace)::matmul_typed_kernel<float>(float const*, float const*, float*, long, long, long, long)",5248,3219604408355162,3219604408366147,0,0,16,0,48,256,1,1,768,1,1
"KERNEL_DISPATCH","Agent 3",1,0,2659141,850,65,"void microllm::ops::hip::(anonymous namespace)::matmul_typed_kernel<float>(float const*, float const*, float*, long, long, long, long)",5253,3219604408366158,3219604408375780,0,0,16,0,48,256,1,1,512,1,1
"KERNEL_DISPATCH","Agent 3",1,0,2659141,851,65,"void microllm::ops::hip::(anonymous namespace)::matmul_typed_kernel<float>(float const*, float const*, float*, long, long, long, long)",5258,3219604408385681,3219604408394140,0,0,16,0,48,256,1,1,512,1,1
"KERNEL_DISPATCH","Agent 3",1,0,2659141,852,138,"microllm::runtime::detail::(anonymous namespace)::strided_copy_kernel(std::byte*, std::byte const*, unsigned long, long, microllm::runtime::detail::(anonymous namespace)::Layout)",5263,3219604408394604,3219604408397731,0,0,20,4,48,256,1,1,768,1,1
"KERNEL_DISPATCH","Agent 3",1,0,2659141,853,138,"microllm::runtime::detail::(anonymous namespace)::strided_copy_kernel(std::byte*, std::byte const*, unsigned long, long, microllm::runtime::detail::(anonymous namespace)::Layout)",5268,3219604408430620,3219604408433707,0,0,20,4,48,256,1,1,512,1,1
"KERNEL_DISPATCH","Agent 3",1,0,2659141,854,138,"microllm::runtime::detail::(anonymous namespace)::strided_copy_kernel(std::byte*, std::byte const*, unsigned long, long, microllm::runtime::detail::(anonymous namespace)::Layout)",5273,3219604408452571,3219604408455939,0,0,20,4,48,256,1,1,512,1,1
"KERNEL_DISPATCH","Agent 3",1,0,2659141,855,76,"microllm::ops::hip::(anonymous namespace)::rope_kernel(float const*, float*, long, long, long, long, long, float)",5278,3219604408461602,3219604408465370,0,0,28,4,48,256,1,1,512,1,1
"KERNEL_DISPATCH","Agent 3",1,0,2659141,856,76,"microllm::ops::hip::(anonymous namespace)::rope_kernel(float const*, float*, long, long, long, long, long, float)",5285,3219604408487187,3219604408489994,0,0,28,4,48,256,1,1,256,1,1
"KERNEL_DISPATCH","Agent 3",1,0,2659141,857,9,"__amd_rocclr_copyBuffer",5292,3219604408507747,3219604408509231,0,0,16,0,32,512,1,1,512,1,1
"KERNEL_DISPATCH","Agent 3",1,0,2659141,858,9,"__amd_rocclr_copyBuffer",5294,3219604408512509,3219604408513712,0,0,16,0,32,512,1,1,512,1,1
"KERNEL_DISPATCH","Agent 3",1,0,2659141,859,9,"__amd_rocclr_copyBuffer",5298,3219604408521901,3219604408523344,0,0,16,0,32,512,1,1,512,1,1
"KERNEL_DISPATCH","Agent 3",1,0,2659141,860,9,"__amd_rocclr_copyBuffer",5300,3219604408526933,3219604408528457,0,0,16,0,32,512,1,1,512,1,1
"KERNEL_DISPATCH","Agent 3",1,0,2659141,861,135,"microllm::ops::hip::(anonymous namespace)::causal_gqa_attention_kernel(float const*, float const*, float const*, float*, float*, long, long, long, long, long, long, float)",5304,3219604408536658,3219604408542752,1024,0,24,0,64,256,1,1,12288,1,1
"KERNEL_DISPATCH","Agent 3",1,0,2659141,862,138,"microllm::runtime::detail::(anonymous namespace)::strided_copy_kernel(std::byte*, std::byte const*, unsigned long, long, microllm::runtime::detail::(anonymous namespace)::Layout)",5309,3219604408545988,3219604408548674,0,0,20,4,48,256,1,1,768,1,1
"KERNEL_DISPATCH","Agent 3",1,0,2659141,863,65,"void microllm::ops::hip::(anonymous namespace)::matmul_typed_kernel<float>(float const*, float const*, float*, long, long, long, long)",5316,3219604408565816,3219604408574676,0,0,16,0,48,256,1,1,768,1,1
"KERNEL_DISPATCH","Agent 3",1,0,2659141,864,95,"void microllm::ops::hip::(anonymous namespace)::add_typed_kernel<float>(float const*, float const*, float*, long)",5335,3219604408603450,3219604408606016,0,0,8,0,32,256,1,1,768,1,1
"KERNEL_DISPATCH","Agent 3",1,0,2659141,865,102,"microllm::ops::hip::(anonymous namespace)::rms_norm_kernel(float const*, float const*, float*, long, long, float)",5344,3219604408625064,3219604408627791,1024,0,12,4,32,256,1,1,3072,1,1
"KERNEL_DISPATCH","Agent 3",1,0,2659141,866,65,"void microllm::ops::hip::(anonymous namespace)::matmul_typed_kernel<float>(float const*, float const*, float*, long, long, long, long)",5349,3219604408631919,3219604408641140,0,0,16,0,48,256,1,1,1536,1,1
"KERNEL_DISPATCH","Agent 3",1,0,2659141,867,65,"void microllm::ops::hip::(anonymous namespace)::matmul_typed_kernel<float>(float const*, float const*, float*, long, long, long, long)",5354,3219604408641117,3219604408650058,0,0,16,0,48,256,1,1,1536,1,1
"KERNEL_DISPATCH","Agent 3",1,0,2659141,868,75,"void microllm::ops::hip::(anonymous namespace)::swiglu_typed_kernel<float>(float const*, float const*, float*, long)",5359,3219604408650100,3219604408653588,0,0,12,4,32,256,1,1,1536,1,1
"KERNEL_DISPATCH","Agent 3",1,0,2659141,869,65,"void microllm::ops::hip::(anonymous namespace)::matmul_typed_kernel<float>(float const*, float const*, float*, long, long, long, long)",5368,3219604408673473,3219604408690111,0,0,16,0,48,256,1,1,768,1,1
"KERNEL_DISPATCH","Agent 3",1,0,2659141,870,95,"void microllm::ops::hip::(anonymous namespace)::add_typed_kernel<float>(float const*, float const*, float*, long)",5375,3219604408707276,3219604408709722,0,0,8,0,32,256,1,1,768,1,1
"KERNEL_DISPATCH","Agent 3",1,0,2659141,871,102,"microllm::ops::hip::(anonymous namespace)::rms_norm_kernel(float const*, float const*, float*, long, long, float)",5388,3219604408732201,3219604408735008,1024,0,12,4,32,256,1,1,3072,1,1
"KERNEL_DISPATCH","Agent 3",1,0,2659141,872,65,"void microllm::ops::hip::(anonymous namespace)::matmul_typed_kernel<float>(float const*, float const*, float*, long, long, long, long)",5395,3219604408752350,3219604408761451,0,0,16,0,48,256,1,1,256,1,1
"KERNEL_DISPATCH","Agent 3",1,0,2659141,873,9,"__amd_rocclr_copyBuffer",5402,3219604408780270,3219604408781553,0,0,16,0,32,512,1,1,512,1,1
"KERNEL_DISPATCH","Agent 3",1,0,2659141,874,9,"__amd_rocclr_copyBuffer",5404,3219604408784914,3219604408785636,0,0,16,0,32,512,1,1,512,1,1
"KERNEL_DISPATCH","Agent 3",1,0,2659141,875,9,"__amd_rocclr_copyBuffer",5406,3219604408789175,3219604408790538,0,0,16,0,32,512,1,1,512,1,1
"KERNEL_DISPATCH","Agent 3",1,0,2659141,876,9,"__amd_rocclr_copyBuffer",5408,3219604408794111,3219604408795314,0,0,16,0,32,512,1,1,512,1,1
"KERNEL_DISPATCH","Agent 3",1,0,2659141,877,9,"__amd_rocclr_copyBuffer",5410,3219604408799130,3219604408800494,0,0,16,0,32,512,1,1,512,1,1
"KERNEL_DISPATCH","Agent 3",1,0,2659141,878,9,"__amd_rocclr_copyBuffer",5412,3219604408804048,3219604408805250,0,0,16,0,32,512,1,1,512,1,1
"KERNEL_DISPATCH","Agent 3",1,0,2659141,879,9,"__amd_rocclr_copyBuffer",5414,3219604408809483,3219604408810886,0,0,16,0,32,512,1,1,512,1,1
"KERNEL_DISPATCH","Agent 3",1,0,2659141,880,9,"__amd_rocclr_copyBuffer",5416,3219604408814441,3219604408817408,0,0,16,0,32,512,1,1,512,1,1
"KERNEL_DISPATCH","Agent 3",1,0,2659141,881,9,"__amd_rocclr_copyBuffer",5426,3219604408851675,3219604408853760,0,0,16,0,32,512,1,1,512,1,1
"KERNEL_DISPATCH","Agent 3",1,0,2659141,882,86,"microllm::ops::hip::(anonymous namespace)::argmax_last_dim_kernel(float const*, int*, long, long)",5432,3219604408871236,3219604408874925,4096,0,12,4,32,256,1,1,512,1,1
"KERNEL_DISPATCH","Agent 3",1,0,2659141,883,9,"__amd_rocclr_copyBuffer",5435,3219604408879075,3219604408884127,0,0,16,0,32,512,1,1,512,1,1
"KERNEL_DISPATCH","Agent 3",1,0,2659141,884,9,"__amd_rocclr_copyBuffer",5441,3219604408910854,3219604408915304,0,0,16,0,32,512,1,1,512,1,1
"KERNEL_DISPATCH","Agent 3",1,0,2659141,885,9,"__amd_rocclr_copyBuffer",5445,3219604408931442,3219604408936012,0,0,16,0,32,512,1,1,512,1,1
"KERNEL_DISPATCH","Agent 3",1,0,2659141,886,9,"__amd_rocclr_copyBuffer",5449,3219604408952256,3219604408956506,0,0,16,0,32,512,1,1,512,1,1
"KERNEL_DISPATCH","Agent 3",1,0,2659141,887,92,"microllm::ops::hip::(anonymous namespace)::embedding_kernel(float const*, int const*, float*, long, long, long)",5453,3219604408971186,3219604408973551,0,0,16,0,32,256,1,1,256,1,1
"KERNEL_DISPATCH","Agent 3",1,0,2659141,888,102,"microllm::ops::hip::(anonymous namespace)::rms_norm_kernel(float const*, float const*, float*, long, long, float)",5458,3219604408979079,3219604408981685,1024,0,12,4,32,256,1,1,512,1,1
"KERNEL_DISPATCH","Agent 3",1,0,2659141,889,65,"void microllm::ops::hip::(anonymous namespace)::matmul_typed_kernel<float>(float const*, float const*, float*, long, long, long, long)",5463,3219604408987910,3219604408997612,0,0,16,0,48,256,1,1,256,1,1
"KERNEL_DISPATCH","Agent 3",1,0,2659141,890,65,"void microllm::ops::hip::(anonymous namespace)::matmul_typed_kernel<float>(float const*, float const*, float*, long, long, long, long)",5468,3219604408997676,3219604409005935,0,0,16,0,48,256,1,1,256,1,1
"KERNEL_DISPATCH","Agent 3",1,0,2659141,891,65,"void microllm::ops::hip::(anonymous namespace)::matmul_typed_kernel<float>(float const*, float const*, float*, long, long, long, long)",5473,3219604409005891,3219604409014952,0,0,16,0,48,256,1,1,256,1,1
"KERNEL_DISPATCH","Agent 3",1,0,2659141,892,134,"microllm::ops::hip::(anonymous namespace)::rope_positions_kernel(float const*, int const*, float*, long, long, long, float)",5478,3219604409014952,3219604409018279,0,0,28,4,48,256,1,1,256,1,1
"KERNEL_DISPATCH","Agent 3",1,0,2659141,893,134,"microllm::ops::hip::(anonymous namespace)::rope_positions_kernel(float const*, int const*, float*, long, long, long, float)",5483,3219604409022635,3219604409025241,0,0,28,4,48,256,1,1,256,1,1
"KERNEL_DISPATCH","Agent 3",1,0,2659141,894,110,"void microllm::ops::hip::(anonymous namespace)::kv_cache_store_pair_positions_kernel<float>(float const*, float const*, int const*, int const*, float*, float*, long, long, long, long, long, long)",5486,3219604409030064,3219604409032590,0,0,20,4,48,256,1,1,256,1,1
"KERNEL_DISPATCH","Agent 3",1,0,2659141,895,78,"void microllm::ops::hip::(anonymous namespace)::cached_attention_fused_positions_kernel<float>(float const*, float const*, float const*, int const*, int const*, float*, long, long, long, long, long, long, long, long, float)",5491,3219604409039050,3219604409047509,1024,0,52,4,64,256,1,1,2048,1,1
"KERNEL_DISPATCH","Agent 3",1,0,2659141,896,65,"void microllm::ops::hip::(anonymous namespace)::matmul_typed_kernel<float>(float const*, float const*, float*, long, long, long, long)",5496,3219604409047483,3219604409056303,0,0,16,0,48,256,1,1,256,1,1
"KERNEL_DISPATCH","Agent 3",1,0,2659141,897,123,"void microllm::ops::hip::(anonymous namespace)::add_rms_norm_kernel<256u>(float const*, float const*, float const*, float*, float*, long, long, float)",5517,3219604409092829,3219604409096036,1024,0,16,0,32,256,1,1,512,1,1
"KERNEL_DISPATCH","Agent 3",1,0,2659141,898,65,"void microllm::ops::hip::(anonymous namespace)::matmul_typed_kernel<float>(float const*, float const*, float*, long, long, long, long)",5522,3219604409100552,3219604409110375,0,0,16,0,48,256,1,1,256,1,1
"KERNEL_DISPATCH","Agent 3",1,0,2659141,899,65,"void microllm::ops::hip::(anonymous namespace)::matmul_typed_kernel<float>(float const*, float const*, float*, long, long, long, long)",5527,3219604409110565,3219604409118864,0,0,16,0,48,256,1,1,256,1,1
"KERNEL_DISPATCH","Agent 3",1,0,2659141,900,75,"void microllm::ops::hip::(anonymous namespace)::swiglu_typed_kernel<float>(float const*, float const*, float*, long)",5532,3219604409122811,3219604409125978,0,0,12,4,32,256,1,1,256,1,1
"KERNEL_DISPATCH","Agent 3",1,0,2659141,901,65,"void microllm::ops::hip::(anonymous namespace)::matmul_typed_kernel<float>(float const*, float const*, float*, long, long, long, long)",5541,3219604409144584,3219604409160821,0,0,16,0,48,256,1,1,256,1,1
"KERNEL_DISPATCH","Agent 3",1,0,2659141,902,95,"void microllm::ops::hip::(anonymous namespace)::add_typed_kernel<float>(float const*, float const*, float*, long)",5548,3219604409177830,3219604409180476,0,0,8,0,32,256,1,1,256,1,1
"KERNEL_DISPATCH","Agent 3",1,0,2659141,903,102,"microllm::ops::hip::(anonymous namespace)::rms_norm_kernel(float const*, float const*, float*, long, long, float)",5563,3219604409206171,3219604409208617,1024,0,12,4,32,256,1,1,512,1,1
"KERNEL_DISPATCH","Agent 3",1,0,2659141,904,65,"void microllm::ops::hip::(anonymous namespace)::matmul_typed_kernel<float>(float const*, float const*, float*, long, long, long, long)",5568,3219604409212627,3219604409222529,0,0,16,0,48,256,1,1,256,1,1
"KERNEL_DISPATCH","Agent 3",1,0,2659141,905,65,"void microllm::ops::hip::(anonymous namespace)::matmul_typed_kernel<float>(float const*, float const*, float*, long, long, long, long)",5573,3219604409222526,3219604409231587,0,0,16,0,48,256,1,1,256,1,1
"KERNEL_DISPATCH","Agent 3",1,0,2659141,906,65,"void microllm::ops::hip::(anonymous namespace)::matmul_typed_kernel<float>(float const*, float const*, float*, long, long, long, long)",5578,3219604409231623,3219604409240924,0,0,16,0,48,256,1,1,256,1,1
"KERNEL_DISPATCH","Agent 3",1,0,2659141,907,134,"microllm::ops::hip::(anonymous namespace)::rope_positions_kernel(float const*, int const*, float*, long, long, long, float)",5583,3219604409240968,3219604409244416,0,0,28,4,48,256,1,1,256,1,1
"KERNEL_DISPATCH","Agent 3",1,0,2659141,908,134,"microllm::ops::hip::(anonymous namespace)::rope_positions_kernel(float const*, int const*, float*, long, long, long, float)",5588,3219604409248487,3219604409251133,0,0,28,4,48,256,1,1,256,1,1
"KERNEL_DISPATCH","Agent 3",1,0,2659141,909,110,"void microllm::ops::hip::(anonymous namespace)::kv_cache_store_pair_positions_kernel<float>(float const*, float const*, int const*, int const*, float*, float*, long, long, long, long, long, long)",5591,3219604409254801,3219604409256926,0,0,20,4,48,256,1,1,256,1,1
"KERNEL_DISPATCH","Agent 3",1,0,2659141,910,78,"void microllm::ops::hip::(anonymous namespace)::cached_attention_fused_positions_kernel<float>(float const*, float const*, float const*, int const*, int const*, float*, long, long, long, long, long, long, long, long, float)",5596,3219604409263753,3219604409270449,1024,0,52,4,64,256,1,1,2048,1,1
"KERNEL_DISPATCH","Agent 3",1,0,2659141,911,65,"void microllm::ops::hip::(anonymous namespace)::matmul_typed_kernel<float>(float const*, float const*, float*, long, long, long, long)",5601,3219604409273952,3219604409282973,0,0,16,0,48,256,1,1,256,1,1
"KERNEL_DISPATCH","Agent 3",1,0,2659141,912,123,"void microllm::ops::hip::(anonymous namespace)::add_rms_norm_kernel<256u>(float const*, float const*, float const*, float*, float*, long, long, float)",5622,3219604409353945,3219604409356871,1024,0,16,0,32,256,1,1,512,1,1
"KERNEL_DISPATCH","Agent 3",1,0,2659141,913,65,"void microllm::ops::hip::(anonymous namespace)::matmul_typed_kernel<float>(float const*, float const*, float*, long, long, long, long)",5627,3219604409372796,3219604409382498,0,0,16,0,48,256,1,1,256,1,1
"KERNEL_DISPATCH","Agent 3",1,0,2659141,914,65,"void microllm::ops::hip::(anonymous namespace)::matmul_typed_kernel<float>(float const*, float const*, float*, long, long, long, long)",5632,3219604409382560,3219604409391541,0,0,16,0,48,256,1,1,256,1,1
"KERNEL_DISPATCH","Agent 3",1,0,2659141,915,75,"void microllm::ops::hip::(anonymous namespace)::swiglu_typed_kernel<float>(float const*, float const*, float*, long)",5637,3219604409391440,3219604409394928,0,0,12,4,32,256,1,1,256,1,1
"KERNEL_DISPATCH","Agent 3",1,0,2659141,916,65,"void microllm::ops::hip::(anonymous namespace)::matmul_typed_kernel<float>(float const*, float const*, float*, long, long, long, long)",5646,3219604409414387,3219604409430624,0,0,16,0,48,256,1,1,256,1,1
"KERNEL_DISPATCH","Agent 3",1,0,2659141,917,95,"void microllm::ops::hip::(anonymous namespace)::add_typed_kernel<float>(float const*, float const*, float*, long)",5653,3219604409448170,3219604409450535,0,0,8,0,32,256,1,1,256,1,1
"KERNEL_DISPATCH","Agent 3",1,0,2659141,918,102,"microllm::ops::hip::(anonymous namespace)::rms_norm_kernel(float const*, float const*, float*, long, long, float)",5668,3219604409474732,3219604409477177,1024,0,12,4,32,256,1,1,512,1,1
"KERNEL_DISPATCH","Agent 3",1,0,2659141,919,65,"void microllm::ops::hip::(anonymous namespace)::matmul_typed_kernel<float>(float const*, float const*, float*, long, long, long, long)",5675,3219604409493865,3219604409503367,0,0,16,0,48,256,1,1,512,1,1
"KERNEL_DISPATCH","Agent 3",1,0,2659141,920,9,"__amd_rocclr_copyBuffer",5686,3219604409525683,3219604409527167,0,0,16,0,32,512,1,1,512,1,1
"KERNEL_DISPATCH","Agent 3",1,0,2659141,921,9,"__amd_rocclr_copyBuffer",5688,3219604409530431,3219604409531875,0,0,16,0,32,512,1,1,512,1,1
"KERNEL_DISPATCH","Agent 3",1,0,2659141,922,86,"microllm::ops::hip::(anonymous namespace)::argmax_last_dim_kernel(float const*, int*, long, long)",5694,3219604409550123,3219604409553410,4096,0,12,4,32,256,1,1,512,1,1
"KERNEL_DISPATCH","Agent 3",1,0,2659141,923,9,"__amd_rocclr_copyBuffer",5697,3219604409557528,3219604409562740,0,0,16,0,32,512,1,1,512,1,1
"KERNEL_DISPATCH","Agent 3",1,0,2659141,924,101,"void microllm::ops::hip::(anonymous namespace)::fill_typed_kernel<float>(float*, long, float)",5701,3219604409585414,3219604409586977,0,0,4,4,16,256,1,1,2048,1,1
"KERNEL_DISPATCH","Agent 3",1,0,2659141,925,101,"void microllm::ops::hip::(anonymous namespace)::fill_typed_kernel<float>(float*, long, float)",5704,3219604409590778,3219604409592381,0,0,4,4,16,256,1,1,2048,1,1
"KERNEL_DISPATCH","Agent 3",1,0,2659141,926,101,"void microllm::ops::hip::(anonymous namespace)::fill_typed_kernel<float>(float*, long, float)",5707,3219604409596162,3219604409597806,0,0,4,4,16,256,1,1,2048,1,1
"KERNEL_DISPATCH","Agent 3",1,0,2659141,927,101,"void microllm::ops::hip::(anonymous namespace)::fill_typed_kernel<float>(float*, long, float)",5710,3219604409602515,3219604409604199,0,0,4,4,16,256,1,1,2048,1,1
"KERNEL_DISPATCH","Agent 3",1,0,2659141,928,9,"__amd_rocclr_copyBuffer",5715,3219604409613228,3219604409616917,0,0,16,0,32,512,1,1,512,1,1
"KERNEL_DISPATCH","Agent 3",1,0,2659141,929,9,"__amd_rocclr_copyBuffer",5719,3219604409633087,3219604409636895,0,0,16,0,32,512,1,1,512,1,1
"KERNEL_DISPATCH","Agent 3",1,0,2659141,930,9,"__amd_rocclr_copyBuffer",5723,3219604409652564,3219604409656253,0,0,16,0,32,512,1,1,512,1,1
"KERNEL_DISPATCH","Agent 3",1,0,2659141,931,92,"microllm::ops::hip::(anonymous namespace)::embedding_kernel(float const*, int const*, float*, long, long, long)",5727,3219604409671199,3219604409673725,0,0,16,0,32,256,1,1,256,1,1
"KERNEL_DISPATCH","Agent 3",1,0,2659141,932,102,"microllm::ops::hip::(anonymous namespace)::rms_norm_kernel(float const*, float const*, float*, long, long, float)",5732,3219604409678398,3219604409681245,1024,0,12,4,32,256,1,1,256,1,1
"KERNEL_DISPATCH","Agent 3",1,0,2659141,933,65,"void microllm::ops::hip::(anonymous namespace)::matmul_typed_kernel<float>(float const*, float const*, float*, long, long, long, long)",5737,3219604409687044,3219604409696506,0,0,16,0,48,256,1,1,256,1,1
"KERNEL_DISPATCH","Agent 3",1,0,2659141,934,65,"void microllm::ops::hip::(anonymous namespace)::matmul_typed_kernel<float>(float const*, float const*, float*, long, long, long, long)",5742,3219604409696394,3219604409705013,0,0,16,0,48,256,1,1,256,1,1
"KERNEL_DISPATCH","Agent 3",1,0,2659141,935,65,"void microllm::ops::hip::(anonymous namespace)::matmul_typed_kernel<float>(float const*, float const*, float*, long, long, long, long)",5747,3219604409705021,3219604409713440,0,0,16,0,48,256,1,1,256,1,1
"KERNEL_DISPATCH","Agent 3",1,0,2659141,936,134,"microllm::ops::hip::(anonymous namespace)::rope_positions_kernel(float const*, int const*, float*, long, long, long, float)",5752,3219604409713484,3219604409716972,0,0,28,4,48,256,1,1,256,1,1
"KERNEL_DISPATCH","Agent 3",1,0,2659141,937,134,"microllm::ops::hip::(anonymous namespace)::rope_positions_kernel(float const*, int const*, float*, long, long, long, float)",5757,3219604409720139,3219604409722785,0,0,28,4,48,256,1,1,256,1,1
"KERNEL_DISPATCH","Agent 3",1,0,2659141,938,110,"void microllm::ops::hip::(anonymous namespace)::kv_cache_store_pair_positions_kernel<float>(float const*, float const*, int const*, int const*, float*, float*, long, long, long, long, long, long)",5760,3219604409727196,3219604409729802,0,0,20,4,48,256,1,1,256,1,1
"KERNEL_DISPATCH","Agent 3",1,0,2659141,939,78,"void microllm::ops::hip::(anonymous namespace)::cached_attention_fused_positions_kernel<float>(float const*, float const*, float const*, int const*, int const*, float*, long, long, long, long, long, long, long, long, float)",5765,3219604409736124,3219604409744544,1024,0,52,4,64,256,1,1,1024,1,1
"KERNEL_DISPATCH","Agent 3",1,0,2659141,940,65,"void microllm::ops::hip::(anonymous namespace)::matmul_typed_kernel<float>(float const*, float const*, float*, long, long, long, long)",5770,3219604409744714,3219604409753854,0,0,16,0,48,256,1,1,256,1,1
"KERNEL_DISPATCH","Agent 3",1,0,2659141,941,123,"void microllm::ops::hip::(anonymous namespace)::add_rms_norm_kernel<256u>(float const*, float const*, float const*, float*, float*, long, long, float)",5791,3219604409792725,3219604409795812,1024,0,16,0,32,256,1,1,256,1,1
"KERNEL_DISPATCH","Agent 3",1,0,2659141,942,65,"void microllm::ops::hip::(anonymous namespace)::matmul_typed_kernel<float>(float const*, float const*, float*, long, long, long, long)",5796,3219604409800186,3219604409810008,0,0,16,0,48,256,1,1,256,1,1
"KERNEL_DISPATCH","Agent 3",1,0,2659141,943,65,"void microllm::ops::hip::(anonymous namespace)::matmul_typed_kernel<float>(float const*, float const*, float*, long, long, long, long)",5801,3219604409810047,3219604409818427,0,0,16,0,48,256,1,1,256,1,1
"KERNEL_DISPATCH","Agent 3",1,0,2659141,944,75,"void microllm::ops::hip::(anonymous namespace)::swiglu_typed_kernel<float>(float const*, float const*, float*, long)",5806,3219604409818407,3219604409821894,0,0,12,4,32,256,1,1,256,1,1
"KERNEL_DISPATCH","Agent 3",1,0,2659141,945,65,"void microllm::ops::hip::(anonymous namespace)::matmul_typed_kernel<float>(float const*, float const*, float*, long, long, long, long)",5815,3219604409849633,3219604409866070,0,0,16,0,48,256,1,1,256,1,1
"KERNEL_DISPATCH","Agent 3",1,0,2659141,946,95,"void microllm::ops::hip::(anonymous namespace)::add_typed_kernel<float>(float const*, float const*, float*, long)",5822,3219604409883255,3219604409885821,0,0,8,0,32,256,1,1,256,1,1
"KERNEL_DISPATCH","Agent 3",1,0,2659141,947,102,"microllm::ops::hip::(anonymous namespace)::rms_norm_kernel(float const*, float const*, float*, long, long, float)",5837,3219604409910199,3219604409912725,1024,0,12,4,32,256,1,1,256,1,1
"KERNEL_DISPATCH","Agent 3",1,0,2659141,948,65,"void microllm::ops::hip::(anonymous namespace)::matmul_typed_kernel<float>(float const*, float const*, float*, long, long, long, long)",5842,3219604409917097,3219604409926559,0,0,16,0,48,256,1,1,256,1,1
"KERNEL_DISPATCH","Agent 3",1,0,2659141,949,65,"void microllm::ops::hip::(anonymous namespace)::matmul_typed_kernel<float>(float const*, float const*, float*, long, long, long, long)",5847,3219604409926570,3219604409935069,0,0,16,0,48,256,1,1,256,1,1
"KERNEL_DISPATCH","Agent 3",1,0,2659141,950,65,"void microllm::ops::hip::(anonymous namespace)::matmul_typed_kernel<float>(float const*, float const*, float*, long, long, long, long)",5852,3219604409935092,3219604409943912,0,0,16,0,48,256,1,1,256,1,1
"KERNEL_DISPATCH","Agent 3",1,0,2659141,951,134,"microllm::ops::hip::(anonymous namespace)::rope_positions_kernel(float const*, int const*, float*, long, long, long, float)",5857,3219604409943904,3219604409947272,0,0,28,4,48,256,1,1,256,1,1
"KERNEL_DISPATCH","Agent 3",1,0,2659141,952,134,"microllm::ops::hip::(anonymous namespace)::rope_positions_kernel(float const*, int const*, float*, long, long, long, float)",5862,3219604409950418,3219604409951581,0,0,28,4,48,256,1,1,256,1,1
"KERNEL_DISPATCH","Agent 3",1,0,2659141,953,110,"void microllm::ops::hip::(anonymous namespace)::kv_cache_store_pair_positions_kernel<float>(float const*, float const*, int const*, int const*, float*, float*, long, long, long, long, long, long)",5865,3219604409956955,3219604409959080,0,0,20,4,48,256,1,1,256,1,1
"KERNEL_DISPATCH","Agent 3",1,0,2659141,954,78,"void microllm::ops::hip::(anonymous namespace)::cached_attention_fused_positions_kernel<float>(float const*, float const*, float const*, int const*, int const*, float*, long, long, long, long, long, long, long, long, float)",5870,3219604409965799,3219604409972293,1024,0,52,4,64,256,1,1,1024,1,1
"KERNEL_DISPATCH","Agent 3",1,0,2659141,955,65,"void microllm::ops::hip::(anonymous namespace)::matmul_typed_kernel<float>(float const*, float const*, float*, long, long, long, long)",5875,3219604409975375,3219604409983072,0,0,16,0,48,256,1,1,256,1,1
"KERNEL_DISPATCH","Agent 3",1,0,2659141,956,123,"void microllm::ops::hip::(anonymous namespace)::add_rms_norm_kernel<256u>(float const*, float const*, float const*, float*, float*, long, long, float)",5896,3219604410017596,3219604410020322,1024,0,16,0,32,256,1,1,256,1,1
"KERNEL_DISPATCH","Agent 3",1,0,2659141,957,65,"void microllm::ops::hip::(anonymous namespace)::matmul_typed_kernel<float>(float const*, float const*, float*, long, long, long, long)",5901,3219604410024958,3219604410035021,0,0,16,0,48,256,1,1,256,1,1
"KERNEL_DISPATCH","Agent 3",1,0,2659141,958,65,"void microllm::ops::hip::(anonymous namespace)::matmul_typed_kernel<float>(float const*, float const*, float*, long, long, long, long)",5906,3219604410035020,3219604410043960,0,0,16,0,48,256,1,1,256,1,1
"KERNEL_DISPATCH","Agent 3",1,0,2659141,959,75,"void microllm::ops::hip::(anonymous namespace)::swiglu_typed_kernel<float>(float const*, float const*, float*, long)",5911,3219604410044011,3219604410047459,0,0,12,4,32,256,1,1,256,1,1
"KERNEL_DISPATCH","Agent 3",1,0,2659141,960,65,"void microllm::ops::hip::(anonymous namespace)::matmul_typed_kernel<float>(float const*, float const*, float*, long, long, long, long)",5920,3219604410066599,3219604410083397,0,0,16,0,48,256,1,1,256,1,1
"KERNEL_DISPATCH","Agent 3",1,0,2659141,961,95,"void microllm::ops::hip::(anonymous namespace)::add_typed_kernel<float>(float const*, float const*, float*, long)",5927,3219604410100518,3219604410102924,0,0,8,0,32,256,1,1,256,1,1
"KERNEL_DISPATCH","Agent 3",1,0,2659141,962,102,"microllm::ops::hip::(anonymous namespace)::rms_norm_kernel(float const*, float const*, float*, long, long, float)",5942,3219604410127063,3219604410129669,1024,0,12,4,32,256,1,1,256,1,1
"KERNEL_DISPATCH","Agent 3",1,0,2659141,963,65,"void microllm::ops::hip::(anonymous namespace)::matmul_typed_kernel<float>(float const*, float const*, float*, long, long, long, long)",5949,3219604410146346,3219604410156008,0,0,16,0,48,256,1,1,256,1,1
"KERNEL_DISPATCH","Agent 3",1,0,2659141,964,9,"__amd_rocclr_copyBuffer",5960,3219604410189803,3219604410191888,0,0,16,0,32,512,1,1,512,1,1
"KERNEL_DISPATCH","Agent 3",1,0,2659141,965,9,"__amd_rocclr_copyBuffer",5966,3219604410231963,3219604410235290,0,0,16,0,32,512,1,1,512,1,1
"KERNEL_DISPATCH","Agent 3",1,0,2659141,966,92,"microllm::ops::hip::(anonymous namespace)::embedding_kernel(float const*, int const*, float*, long, long, long)",5970,3219604410251385,3219604410253671,0,0,16,0,32,256,1,1,1024,1,1
"KERNEL_DISPATCH","Agent 3",1,0,2659141,967,102,"microllm::ops::hip::(anonymous namespace)::rms_norm_kernel(float const*, float const*, float*, long, long, float)",5975,3219604410259118,3219604410261844,1024,0,12,4,32,256,1,1,4096,1,1
"KERNEL_DISPATCH","Agent 3",1,0,2659141,968,65,"void microllm::ops::hip::(anonymous namespace)::matmul_typed_kernel<float>(float const*, float const*, float*, long, long, long, long)",5980,3219604410267717,3219604410277098,0,0,16,0,48,256,1,1,1024,1,1
"KERNEL_DISPATCH","Agent 3",1,0,2659141,969,65,"void microllm::ops::hip::(anonymous namespace)::matmul_typed_kernel<float>(float const*, float const*, float*, long, long, long, long)",5985,3219604410277104,3219604410286566,0,0,16,0,48,256,1,1,512,1,1
"KERNEL_DISPATCH","Agent 3",1,0,2659141,970,65,"void microllm::ops::hip::(anonymous namespace)::matmul_typed_kernel<float>(float const*, float const*, float*, long, long, long, long)",5990,3219604410286600,3219604410295660,0,0,16,0,48,256,1,1,512,1,1
"KERNEL_DISPATCH","Agent 3",1,0,2659141,971,138,"microllm::runtime::detail::(anonymous namespace)::strided_copy_kernel(std::byte*, std::byte const*, unsigned long, long, microllm::runtime::detail::(anonymous namespace)::Layout)",5995,3219604410300566,3219604410305578,0,0,20,4,48,256,1,1,1024,1,1
"KERNEL_DISPATCH","Agent 3",1,0,2659141,972,138,"microllm::runtime::detail::(anonymous namespace)::strided_copy_kernel(std::byte*, std::byte const*, unsigned long, long, microllm::runtime::detail::(anonymous namespace)::Layout)",6000,3219604410303704,3219604410307112,0,0,20,4,48,256,1,1,512,1,1
"KERNEL_DISPATCH","Agent 3",1,0,2659141,973,138,"microllm::runtime::detail::(anonymous namespace)::strided_copy_kernel(std::byte*, std::byte const*, unsigned long, long, microllm::runtime::detail::(anonymous namespace)::Layout)",6005,3219604410314145,3219604410317432,0,0,20,4,48,256,1,1,512,1,1
"KERNEL_DISPATCH","Agent 3",1,0,2659141,974,76,"microllm::ops::hip::(anonymous namespace)::rope_kernel(float const*, float*, long, long, long, long, long, float)",6010,3219604410320960,3219604410324288,0,0,28,4,48,256,1,1,512,1,1
"KERNEL_DISPATCH","Agent 3",1,0,2659141,975,76,"microllm::ops::hip::(anonymous namespace)::rope_kernel(float const*, float*, long, long, long, long, long, float)",6017,3219604410346692,3219604410349458,0,0,28,4,48,256,1,1,256,1,1
"KERNEL_DISPATCH","Agent 3",1,0,2659141,976,9,"__amd_rocclr_copyBuffer",6024,3219604410367480,3219604410369043,0,0,16,0,32,512,1,1,512,1,1
"KERNEL_DISPATCH","Agent 3",1,0,2659141,977,9,"__amd_rocclr_copyBuffer",6026,3219604410380777,3219604410382461,0,0,16,0,32,512,1,1,512,1,1
"KERNEL_DISPATCH","Agent 3",1,0,2659141,978,9,"__amd_rocclr_copyBuffer",6030,3219604410388180,3219604410390145,0,0,16,0,32,512,1,1,512,1,1
"KERNEL_DISPATCH","Agent 3",1,0,2659141,979,9,"__amd_rocclr_copyBuffer",6032,3219604410393442,3219604410394525,0,0,16,0,32,512,1,1,512,1,1
"KERNEL_DISPATCH","Agent 3",1,0,2659141,980,135,"microllm::ops::hip::(anonymous namespace)::causal_gqa_attention_kernel(float const*, float const*, float const*, float*, float*, long, long, long, long, long, long, float)",6036,3219604410408413,3219604410416512,1024,0,24,0,64,256,1,1,16384,1,1
"KERNEL_DISPATCH","Agent 3",1,0,2659141,981,138,"microllm::runtime::detail::(anonymous namespace)::strided_copy_kernel(std::byte*, std::byte const*, unsigned long, long, microllm::runtime::detail::(anonymous namespace)::Layout)",6041,3219604410416572,3219604410420060,0,0,20,4,48,256,1,1,1024,1,1
"KERNEL_DISPATCH","Agent 3",1,0,2659141,982,65,"void microllm::ops::hip::(anonymous namespace)::matmul_typed_kernel<float>(float const*, float const*, float*, long, long, long, long)",6048,3219604410437816,3219604410447438,0,0,16,0,48,256,1,1,1024,1,1
"KERNEL_DISPATCH","Agent 3",1,0,2659141,983,95,"void microllm::ops::hip::(anonymous namespace)::add_typed_kernel<float>(float const*, float const*, float*, long)",6067,3219604410475812,3219604410478619,0,0,8,0,32,256,1,1,1024,1,1
"KERNEL_DISPATCH","Agent 3",1,0,2659141,984,102,"microllm::ops::hip::(anonymous namespace)::rms_norm_kernel(float const*, float const*, float*, long, long, float)",6076,3219604410497952,3219604410500799,1024,0,12,4,32,256,1,1,4096,1,1
"KERNEL_DISPATCH","Agent 3",1,0,2659141,985,65,"void microllm::ops::hip::(anonymous namespace)::matmul_typed_kernel<float>(float const*, float const*, float*, long, long, long, long)",6081,3219604410504526,3219604410514429,0,0,16,0,48,256,1,1,2048,1,1
"KERNEL_DISPATCH","Agent 3",1,0,2659141,986,65,"void microllm::ops::hip::(anonymous namespace)::matmul_typed_kernel<float>(float const*, float const*, float*, long, long, long, long)",6086,3219604410514513,3219604410523493,0,0,16,0,48,256,1,1,2048,1,1
"KERNEL_DISPATCH","Agent 3",1,0,2659141,987,75,"void microllm::ops::hip::(anonymous namespace)::swiglu_typed_kernel<float>(float const*, float const*, float*, long)",6091,3219604410523522,3219604410527211,0,0,12,4,32,256,1,1,2048,1,1
"KERNEL_DISPATCH","Agent 3",1,0,2659141,988,65,"void microllm::ops::hip::(anonymous namespace)::matmul_typed_kernel<float>(float const*, float const*, float*, long, long, long, long)",6100,3219604410546367,3219604410563526,0,0,16,0,48,256,1,1,1024,1,1
"KERNEL_DISPATCH","Agent 3",1,0,2659141,989,95,"void microllm::ops::hip::(anonymous namespace)::add_typed_kernel<float>(float const*, float const*, float*, long)",6107,3219604410580062,3219604410582908,0,0,8,0,32,256,1,1,1024,1,1
"KERNEL_DISPATCH","Agent 3",1,0,2659141,990,102,"microllm::ops::hip::(anonymous namespace)::rms_norm_kernel(float const*, float const*, float*, long, long, float)",6120,3219604410605631,3219604410608517,1024,0,12,4,32,256,1,1,4096,1,1
"KERNEL_DISPATCH","Agent 3",1,0,2659141,991,65,"void microllm::ops::hip::(anonymous namespace)::matmul_typed_kernel<float>(float const*, float const*, float*, long, long, long, long)",6125,3219604410612027,3219604410621929,0,0,16,0,48,256,1,1,1024,1,1
"KERNEL_DISPATCH","Agent 3",1,0,2659141,992,65,"void microllm::ops::hip::(anonymous namespace)::matmul_typed_kernel<float>(float const*, float const*, float*, long, long, long, long)",6130,3219604410621973,3219604410631235,0,0,16,0,48,256,1,1,512,1,1
"KERNEL_DISPATCH","Agent 3",1,0,2659141,993,65,"void microllm::ops::hip::(anonymous namespace)::matmul_typed_kernel<float>(float const*, float const*, float*, long, long, long, long)",6135,3219604410631172,3219604410640192,0,0,16,0,48,256,1,1,512,1,1
"KERNEL_DISPATCH","Agent 3",1,0,2659141,994,138,"microllm::runtime::detail::(anonymous namespace)::strided_copy_kernel(std::byte*, std::byte const*, unsigned long, long, microllm::runtime::detail::(anonymous namespace)::Layout)",6140,3219604410640315,3219604410644445,0,0,20,4,48,256,1,1,1024,1,1
"KERNEL_DISPATCH","Agent 3",1,0,2659141,995,138,"microllm::runtime::detail::(anonymous namespace)::strided_copy_kernel(std::byte*, std::byte const*, unsigned long, long, microllm::runtime::detail::(anonymous namespace)::Layout)",6145,3219604410644452,3219604410647940,0,0,20,4,48,256,1,1,512,1,1
"KERNEL_DISPATCH","Agent 3",1,0,2659141,996,138,"microllm::runtime::detail::(anonymous namespace)::strided_copy_kernel(std::byte*, std::byte const*, unsigned long, long, microllm::runtime::detail::(anonymous namespace)::Layout)",6150,3219604410652947,3219604410656355,0,0,20,4,48,256,1,1,512,1,1
"KERNEL_DISPATCH","Agent 3",1,0,2659141,997,76,"microllm::ops::hip::(anonymous namespace)::rope_kernel(float const*, float*, long, long, long, long, long, float)",6155,3219604410660806,3219604410664495,0,0,28,4,48,256,1,1,512,1,1
"KERNEL_DISPATCH","Agent 3",1,0,2659141,998,76,"microllm::ops::hip::(anonymous namespace)::rope_kernel(float const*, float*, long, long, long, long, long, float)",6162,3219604410687076,3219604410689722,0,0,28,4,48,256,1,1,256,1,1
"KERNEL_DISPATCH","Agent 3",1,0,2659141,999,9,"__amd_rocclr_copyBuffer",6169,3219604410707958,3219604410709321,0,0,16,0,32,512,1,1,512,1,1
"KERNEL_DISPATCH","Agent 3",1,0,2659141,1000,9,"__amd_rocclr_copyBuffer",6171,3219604410712699,3219604410713421,0,0,16,0,32,512,1,1,512,1,1
"KERNEL_DISPATCH","Agent 3",1,0,2659141,1001,9,"__amd_rocclr_copyBuffer",6175,3219604410720834,3219604410722398,0,0,16,0,32,512,1,1,512,1,1
"KERNEL_DISPATCH","Agent 3",1,0,2659141,1002,9,"__amd_rocclr_copyBuffer",6177,3219604410725783,3219604410726705,0,0,16,0,32,512,1,1,512,1,1
"KERNEL_DISPATCH","Agent 3",1,0,2659141,1003,135,"microllm::ops::hip::(anonymous namespace)::causal_gqa_attention_kernel(float const*, float const*, float const*, float*, float*, long, long, long, long, long, long, float)",6181,3219604410733484,3219604410739779,1024,0,24,0,64,256,1,1,16384,1,1
"KERNEL_DISPATCH","Agent 3",1,0,2659141,1004,138,"microllm::runtime::detail::(anonymous namespace)::strided_copy_kernel(std::byte*, std::byte const*, unsigned long, long, microllm::runtime::detail::(anonymous namespace)::Layout)",6186,3219604410742902,3219604410745668,0,0,20,4,48,256,1,1,1024,1,1
"KERNEL_DISPATCH","Agent 3",1,0,2659141,1005,65,"void microllm::ops::hip::(anonymous namespace)::matmul_typed_kernel<float>(float const*, float const*, float*, long, long, long, long)",6193,3219604410807607,3219604410816707,0,0,16,0,48,256,1,1,1024,1,1
"KERNEL_DISPATCH","Agent 3",1,0,2659141,1006,95,"void microllm::ops::hip::(anonymous namespace)::add_typed_kernel<float>(float const*, float const*, float*, long)",6212,3219604410846169,3219604410848975,0,0,8,0,32,256,1,1,1024,1,1
"KERNEL_DISPATCH","Agent 3",1,0,2659141,1007,102,"microllm::ops::hip::(anonymous namespace)::rms_norm_kernel(float const*, float const*, float*, long, long, float)",6221,3219604410868060,3219604410870866,1024,0,12,4,32,256,1,1,4096,1,1
"KERNEL_DISPATCH","Agent 3",1,0,2659141,1008,65,"void microllm::ops::hip::(anonymous namespace)::matmul_typed_kernel<float>(float const*, float const*, float*, long, long, long, long)",6226,3219604410874975,3219604410884557,0,0,16,0,48,256,1,1,2048,1,1
"KERNEL_DISPATCH","Agent 3",1,0,2659141,1009,65,"void microllm::ops::hip::(anonymous namespace)::matmul_typed_kernel<float>(float const*, float const*, float*, long, long, long, long)",6231,3219604410893035,3219604410902777,0,0,16,0,48,256,1,1,2048,1,1
"KERNEL_DISPATCH","Agent 3",1,0,2659141,1010,75,"void microllm::ops::hip::(anonymous namespace)::swiglu_typed_kernel<float>(float const*, float const*, float*, long)",6236,3219604410902772,3219604410906260,0,0,12,4,32,256,1,1,2048,1,1
"KERNEL_DISPATCH","Agent 3",1,0,2659141,1011,65,"void microllm::ops::hip::(anonymous namespace)::matmul_typed_kernel<float>(float const*, float const*, float*, long, long, long, long)",6245,3219604410925953,3219604410942632,0,0,16,0,48,256,1,1,1024,1,1
"KERNEL_DISPATCH","Agent 3",1,0,2659141,1012,95,"void microllm::ops::hip::(anonymous namespace)::add_typed_kernel<float>(float const*, float const*, float*, long)",6252,3219604410959690,3219604410962056,0,0,8,0,32,256,1,1,1024,1,1
"KERNEL_DISPATCH","Agent 3",1,0,2659141,1013,102,"microllm::ops::hip::(anonymous namespace)::rms_norm_kernel(float const*, float const*, float*, long, long, float)",6265,3219604410985701,3219604410988267,1024,0,12,4,32,256,1,1,4096,1,1
"KERNEL_DISPATCH","Agent 3",1,0,2659141,1014,65,"void microllm::ops::hip::(anonymous namespace)::matmul_typed_kernel<float>(float const*, float const*, float*, long, long, long, long)",6272,3219604411005491,3219604411014872,0,0,16,0,48,256,1,1,256,1,1
"KERNEL_DISPATCH","Agent 3",1,0,2659141,1015,9,"__amd_rocclr_copyBuffer",6279,3219604411033441,3219604411034724,0,0,16,0,32,512,1,1,512,1,1
"KERNEL_DISPATCH","Agent 3",1,0,2659141,1016,9,"__amd_rocclr_copyBuffer",6281,3219604411038109,3219604411038991,0,0,16,0,32,512,1,1,512,1,1
"KERNEL_DISPATCH","Agent 3",1,0,2659141,1017,9,"__amd_rocclr_copyBuffer",6283,3219604411042652,3219604411043815,0,0,16,0,32,512,1,1,512,1,1
"KERNEL_DISPATCH","Agent 3",1,0,2659141,1018,9,"__amd_rocclr_copyBuffer",6285,3219604411047575,3219604411048658,0,0,16,0,32,512,1,1,512,1,1
"KERNEL_DISPATCH","Agent 3",1,0,2659141,1019,9,"__amd_rocclr_copyBuffer",6287,3219604411052822,3219604411054185,0,0,16,0,32,512,1,1,512,1,1
"KERNEL_DISPATCH","Agent 3",1,0,2659141,1020,9,"__amd_rocclr_copyBuffer",6289,3219604411057696,3219604411058658,0,0,16,0,32,512,1,1,512,1,1
"KERNEL_DISPATCH","Agent 3",1,0,2659141,1021,9,"__amd_rocclr_copyBuffer",6291,3219604411062663,3219604411064026,0,0,16,0,32,512,1,1,512,1,1
"KERNEL_DISPATCH","Agent 3",1,0,2659141,1022,9,"__amd_rocclr_copyBuffer",6293,3219604411067694,3219604411070220,0,0,16,0,32,512,1,1,512,1,1
"KERNEL_DISPATCH","Agent 3",1,0,2659141,1023,9,"__amd_rocclr_copyBuffer",6303,3219604411098341,3219604411100065,0,0,16,0,32,512,1,1,512,1,1
"KERNEL_DISPATCH","Agent 3",1,0,2659141,1024,86,"microllm::ops::hip::(anonymous namespace)::argmax_last_dim_kernel(float const*, int*, long, long)",6309,3219604411126775,3219604411130263,4096,0,12,4,32,256,1,1,512,1,1
"KERNEL_DISPATCH","Agent 3",1,0,2659141,1025,9,"__amd_rocclr_copyBuffer",6312,3219604411145776,3219604411152191,0,0,16,0,32,512,1,1,512,1,1
"KERNEL_DISPATCH","Agent 3",1,0,2659141,1026,101,"void microllm::ops::hip::(anonymous namespace)::fill_typed_kernel<float>(float*, long, float)",6316,3219604411199583,3219604411200946,0,0,4,4,16,256,1,1,2048,1,1
"KERNEL_DISPATCH","Agent 3",1,0,2659141,1027,101,"void microllm::ops::hip::(anonymous namespace)::fill_typed_kernel<float>(float*, long, float)",6319,3219604411205028,3219604411206311,0,0,4,4,16,256,1,1,2048,1,1
"KERNEL_DISPATCH","Agent 3",1,0,2659141,1028,101,"void microllm::ops::hip::(anonymous namespace)::fill_typed_kernel<float>(float*, long, float)",6322,3219604411211266,3219604411212629,0,0,4,4,16,256,1,1,2048,1,1
"KERNEL_DISPATCH","Agent 3",1,0,2659141,1029,101,"void microllm::ops::hip::(anonymous namespace)::fill_typed_kernel<float>(float*, long, float)",6325,3219604411216703,3219604411218026,0,0,4,4,16,256,1,1,2048,1,1
"KERNEL_DISPATCH","Agent 3",1,0,2659141,1030,9,"__amd_rocclr_copyBuffer",6330,3219604411235134,3219604411238662,0,0,16,0,32,512,1,1,512,1,1
"KERNEL_DISPATCH","Agent 3",1,0,2659141,1031,9,"__amd_rocclr_copyBuffer",6334,3219604411256279,3219604411259607,0,0,16,0,32,512,1,1,512,1,1
"KERNEL_DISPATCH","Agent 3",1,0,2659141,1032,9,"__amd_rocclr_copyBuffer",6338,3219604411276427,3219604411279955,0,0,16,0,32,512,1,1,512,1,1
"KERNEL_DISPATCH","Agent 3",1,0,2659141,1033,92,"microllm::ops::hip::(anonymous namespace)::embedding_kernel(float const*, int const*, float*, long, long, long)",6342,3219604411295877,3219604411298042,0,0,16,0,32,256,1,1,256,1,1
"KERNEL_DISPATCH","Agent 3",1,0,2659141,1034,102,"microllm::ops::hip::(anonymous namespace)::rms_norm_kernel(float const*, float const*, float*, long, long, float)",6347,3219604411303486,3219604411305932,1024,0,12,4,32,256,1,1,256,1,1
"KERNEL_DISPATCH","Agent 3",1,0,2659141,1035,65,"void microllm::ops::hip::(anonymous namespace)::matmul_typed_kernel<float>(float const*, float const*, float*, long, long, long, long)",6352,3219604411312849,3219604411322270,0,0,16,0,48,256,1,1,256,1,1
"KERNEL_DISPATCH","Agent 3",1,0,2659141,1036,65,"void microllm::ops::hip::(anonymous namespace)::matmul_typed_kernel<float>(float const*, float const*, float*, long, long, long, long)",6357,3219604411322202,3219604411330662,0,0,16,0,48,256,1,1,256,1,1
"KERNEL_DISPATCH","Agent 3",1,0,2659141,1037,65,"void microllm::ops::hip::(anonymous namespace)::matmul_typed_kernel<float>(float const*, float const*, float*, long, long, long, long)",6362,3219604411330896,3219604411339796,0,0,16,0,48,256,1,1,256,1,1
"KERNEL_DISPATCH","Agent 3",1,0,2659141,1038,134,"microllm::ops::hip::(anonymous namespace)::rope_positions_kernel(float const*, int const*, float*, long, long, long, float)",6367,3219604411339532,3219604411343862,0,0,28,4,48,256,1,1,256,1,1
"KERNEL_DISPATCH","Agent 3",1,0,2659141,1039,134,"microllm::ops::hip::(anonymous namespace)::rope_positions_kernel(float const*, int const*, float*, long, long, long, float)",6372,3219604411344060,3219604411347468,0,0,28,4,48,256,1,1,256,1,1
"KERNEL_DISPATCH","Agent 3",1,0,2659141,1040,110,"void microllm::ops::hip::(anonymous namespace)::kv_cache_store_pair_positions_kernel<float>(float const*, float const*, int const*, int const*, float*, float*, long, long, long, long, long, long)",6375,3219604411351190,3219604411353555,0,0,20,4,48,256,1,1,256,1,1
"KERNEL_DISPATCH","Agent 3",1,0,2659141,1041,78,"void microllm::ops::hip::(anonymous namespace)::cached_attention_fused_positions_kernel<float>(float const*, float const*, float const*, int const*, int const*, float*, long, long, long, long, long, long, long, long, float)",6380,3219604411370228,3219604411378326,1024,0,52,4,64,256,1,1,1024,1,1
"KERNEL_DISPATCH","Agent 3",1,0,2659141,1042,65,"void microllm::ops::hip::(anonymous namespace)::matmul_typed_kernel<float>(float const*, float const*, float*, long, long, long, long)",6385,3219604411378122,3219604411386902,0,0,16,0,48,256,1,1,256,1,1
"KERNEL_DISPATCH","Agent 3",1,0,2659141,1043,123,"void microllm::ops::hip::(anonymous namespace)::add_rms_norm_kernel<256u>(float const*, float const*, float const*, float*, float*, long, long, float)",6406,3219604411426797,3219604411429965,1024,0,16,0,32,256,1,1,256,1,1
"KERNEL_DISPATCH","Agent 3",1,0,2659141,1044,65,"void microllm::ops::hip::(anonymous namespace)::matmul_typed_kernel<float>(float const*, float const*, float*, long, long, long, long)",6411,3219604411434675,3219604411444738,0,0,16,0,48,256,1,1,256,1,1
"KERNEL_DISPATCH","Agent 3",1,0,2659141,1045,65,"void microllm::ops::hip::(anonymous namespace)::matmul_typed_kernel<float>(float const*, float const*, float*, long, long, long, long)",6416,3219604411444686,3219604411453547,0,0,16,0,48,256,1,1,256,1,1
"KERNEL_DISPATCH","Agent 3",1,0,2659141,1046,75,"void microllm::ops::hip::(anonymous namespace)::swiglu_typed_kernel<float>(float const*, float const*, float*, long)",6421,3219604411453584,3219604411457031,0,0,12,4,32,256,1,1,256,1,1
"KERNEL_DISPATCH","Agent 3",1,0,2659141,1047,65,"void microllm::ops::hip::(anonymous namespace)::matmul_typed_kernel<float>(float const*, float const*, float*, long, long, long, long)",6430,3219604411475912,3219604411492831,0,0,16,0,48,256,1,1,256,1,1
"KERNEL_DISPATCH","Agent 3",1,0,2659141,1048,95,"void microllm::ops::hip::(anonymous namespace)::add_typed_kernel<float>(float const*, float const*, float*, long)",6437,3219604411509848,3219604411512574,0,0,8,0,32,256,1,1,256,1,1
"KERNEL_DISPATCH","Agent 3",1,0,2659141,1049,102,"microllm::ops::hip::(anonymous namespace)::rms_norm_kernel(float const*, float const*, float*, long, long, float)",6452,3219604411537742,3219604411540348,1024,0,12,4,32,256,1,1,256,1,1
"KERNEL_DISPATCH","Agent 3",1,0,2659141,1050,65,"void microllm::ops::hip::(anonymous namespace)::matmul_typed_kernel<float>(float const*, float const*, float*, long, long, long, long)",6457,3219604411544700,3219604411554522,0,0,16,0,48,256,1,1,256,1,1
"KERNEL_DISPATCH","Agent 3",1,0,2659141,1051,65,"void microllm::ops::hip::(anonymous namespace)::matmul_typed_kernel<float>(float const*, float const*, float*, long, long, long, long)",6462,3219604411554548,3219604411564130,0,0,16,0,48,256,1,1,256,1,1
"KERNEL_DISPATCH","Agent 3",1,0,2659141,1052,65,"void microllm::ops::hip::(anonymous namespace)::matmul_typed_kernel<float>(float const*, float const*, float*, long, long, long, long)",6467,3219604411564239,3219604411572979,0,0,16,0,48,256,1,1,256,1,1
"KERNEL_DISPATCH","Agent 3",1,0,2659141,1053,134,"microllm::ops::hip::(anonymous namespace)::rope_positions_kernel(float const*, int const*, float*, long, long, long, float)",6472,3219604411572881,3219604411576369,0,0,28,4,48,256,1,1,256,1,1
"KERNEL_DISPATCH","Agent 3",1,0,2659141,1054,134,"microllm::ops::hip::(anonymous namespace)::rope_positions_kernel(float const*, int const*, float*, long, long, long, float)",6477,3219604411579551,3219604411581194,0,0,28,4,48,256,1,1,256,1,1
"KERNEL_DISPATCH","Agent 3",1,0,2659141,1055,110,"void microllm::ops::hip::(anonymous namespace)::kv_cache_store_pair_positions_kernel<float>(float const*, float const*, int const*, int const*, float*, float*, long, long, long, long, long, long)",6480,3219604411585592,3219604411588118,0,0,20,4,48,256,1,1,256,1,1
"KERNEL_DISPATCH","Agent 3",1,0,2659141,1056,78,"void microllm::ops::hip::(anonymous namespace)::cached_attention_fused_positions_kernel<float>(float const*, float const*, float const*, int const*, int const*, float*, long, long, long, long, long, long, long, long, float)",6485,3219604411597515,3219604411604290,1024,0,52,4,64,256,1,1,1024,1,1
"KERNEL_DISPATCH","Agent 3",1,0,2659141,1057,65,"void microllm::ops::hip::(anonymous namespace)::matmul_typed_kernel<float>(float const*, float const*, float*, long, long, long, long)",6490,3219604411607599,3219604411615618,0,0,16,0,48,256,1,1,256,1,1
"KERNEL_DISPATCH","Agent 3",1,0,2659141,1058,123,"void microllm::ops::hip::(anonymous namespace)::add_rms_norm_kernel<256u>(float const*, float const*, float const*, float*, float*, long, long, float)",6511,3219604411650206,3219604411653012,1024,0,16,0,32,256,1,1,256,1,1
"KERNEL_DISPATCH","Agent 3",1,0,2659141,1059,65,"void microllm::ops::hip::(anonymous namespace)::matmul_typed_kernel<float>(float const*, float const*, float*, long, long, long, long)",6516,3219604411657709,3219604411667692,0,0,16,0,48,256,1,1,256,1,1
"KERNEL_DISPATCH","Agent 3",1,0,2659141,1060,65,"void microllm::ops::hip::(anonymous namespace)::matmul_typed_kernel<float>(float const*, float const*, float*, long, long, long, long)",6521,3219604411667719,3219604411675898,0,0,16,0,48,256,1,1,256,1,1
"KERNEL_DISPATCH","Agent 3",1,0,2659141,1061,75,"void microllm::ops::hip::(anonymous namespace)::swiglu_typed_kernel<float>(float const*, float const*, float*, long)",6526,3219604411680254,3219604411682419,0,0,12,4,32,256,1,1,256,1,1
"KERNEL_DISPATCH","Agent 3",1,0,2659141,1062,65,"void microllm::ops::hip::(anonymous namespace)::matmul_typed_kernel<float>(float const*, float const*, float*, long, long, long, long)",6535,3219604411702202,3219604411718960,0,0,16,0,48,256,1,1,256,1,1
"KERNEL_DISPATCH","Agent 3",1,0,2659141,1063,95,"void microllm::ops::hip::(anonymous namespace)::add_typed_kernel<float>(float const*, float const*, float*, long)",6542,3219604411736046,3219604411738732,0,0,8,0,32,256,1,1,256,1,1
"KERNEL_DISPATCH","Agent 3",1,0,2659141,1064,102,"microllm::ops::hip::(anonymous namespace)::rms_norm_kernel(float const*, float const*, float*, long, long, float)",6557,3219604411763154,3219604411765960,1024,0,12,4,32,256,1,1,256,1,1
"KERNEL_DISPATCH","Agent 3",1,0,2659141,1065,65,"void microllm::ops::hip::(anonymous namespace)::matmul_typed_kernel<float>(float const*, float const*, float*, long, long, long, long)",6564,3219604411784642,3219604411794224,0,0,16,0,48,256,1,1,256,1,1
"KERNEL_DISPATCH","Agent 3",1,0,2659141,1066,9,"__amd_rocclr_copyBuffer",6575,3219604411816027,3219604411817671,0,0,16,0,32,512,1,1,512,1,1
"KERNEL_DISPATCH","Agent 3",1,0,2659141,1067,86,"microllm::ops::hip::(anonymous namespace)::argmax_last_dim_kernel(float const*, int*, long, long)",6581,3219604411835519,3219604411838926,4096,0,12,4,32,256,1,1,512,1,1
"KERNEL_DISPATCH","Agent 3",1,0,2659141,1068,9,"__amd_rocclr_copyBuffer",6584,3219604411842977,3219604411848710,0,0,16,0,32,512,1,1,512,1,1
"KERNEL_DISPATCH","Agent 3",1,0,2659141,1069,9,"__amd_rocclr_copyBuffer",6590,3219604411874407,3219604411878176,0,0,16,0,32,512,1,1,512,1,1
"KERNEL_DISPATCH","Agent 3",1,0,2659141,1070,9,"__amd_rocclr_copyBuffer",6594,3219604411894439,3219604411897927,0,0,16,0,32,512,1,1,512,1,1
"KERNEL_DISPATCH","Agent 3",1,0,2659141,1071,9,"__amd_rocclr_copyBuffer",6598,3219604411914208,3219604411917576,0,0,16,0,32,512,1,1,512,1,1
"KERNEL_DISPATCH","Agent 3",1,0,2659141,1072,92,"microllm::ops::hip::(anonymous namespace)::embedding_kernel(float const*, int const*, float*, long, long, long)",6602,3219604411932908,3219604411934873,0,0,16,0,32,256,1,1,256,1,1
"KERNEL_DISPATCH","Agent 3",1,0,2659141,1073,102,"microllm::ops::hip::(anonymous namespace)::rms_norm_kernel(float const*, float const*, float*, long, long, float)",6607,3219604411949582,3219604411952108,1024,0,12,4,32,256,1,1,256,1,1
"KERNEL_DISPATCH","Agent 3",1,0,2659141,1074,65,"void microllm::ops::hip::(anonymous namespace)::matmul_typed_kernel<float>(float const*, float const*, float*, long, long, long, long)",6612,3219604411956820,3219604411966362,0,0,16,0,48,256,1,1,256,1,1
"KERNEL_DISPATCH","Agent 3",1,0,2659141,1075,65,"void microllm::ops::hip::(anonymous namespace)::matmul_typed_kernel<float>(float const*, float const*, float*, long, long, long, long)",6617,3219604411966307,3219604411974686,0,0,16,0,48,256,1,1,256,1,1
"KERNEL_DISPATCH","Agent 3",1,0,2659141,1076,65,"void microllm::ops::hip::(anonymous namespace)::matmul_typed_kernel<float>(float const*, float const*, float*, long, long, long, long)",6622,3219604411974670,3219604411983450,0,0,16,0,48,256,1,1,256,1,1
"KERNEL_DISPATCH","Agent 3",1,0,2659141,1077,134,"microllm::ops::hip::(anonymous namespace)::rope_positions_kernel(float const*, int const*, float*, long, long, long, float)",6627,3219604411983658,3219604411987066,0,0,28,4,48,256,1,1,256,1,1
"KERNEL_DISPATCH","Agent 3",1,0,2659141,1078,134,"microllm::ops::hip::(anonymous namespace)::rope_positions_kernel(float const*, int const*, float*, long, long, long, float)",6632,3219604411990536,3219604411993222,0,0,28,4,48,256,1,1,256,1,1
"KERNEL_DISPATCH","Agent 3",1,0,2659141,1079,110,"void microllm::ops::hip::(anonymous namespace)::kv_cache_store_pair_positions_kernel<float>(float const*, float const*, int const*, int const*, float*, float*, long, long, long, long, long, long)",6635,3219604412002177,3219604412004382,0,0,20,4,48,256,1,1,256,1,1
"KERNEL_DISPATCH","Agent 3",1,0,2659141,1080,78,"void microllm::ops::hip::(anonymous namespace)::cached_attention_fused_positions_kernel<float>(float const*, float const*, float const*, int const*, int const*, float*, long, long, long, long, long, long, long, long, float)",6640,3219604412017760,3219604412024295,1024,0,52,4,64,256,1,1,1024,1,1
"KERNEL_DISPATCH","Agent 3",1,0,2659141,1081,65,"void microllm::ops::hip::(anonymous namespace)::matmul_typed_kernel<float>(float const*, float const*, float*, long, long, long, long)",6645,3219604412027505,3219604412035404,0,0,16,0,48,256,1,1,256,1,1
"KERNEL_DISPATCH","Agent 3",1,0,2659141,1082,123,"void microllm::ops::hip::(anonymous namespace)::add_rms_norm_kernel<256u>(float const*, float const*, float const*, float*, float*, long, long, float)",6666,3219604412087574,3219604412090741,1024,0,16,0,32,256,1,1,256,1,1
"KERNEL_DISPATCH","Agent 3",1,0,2659141,1083,65,"void microllm::ops::hip::(anonymous namespace)::matmul_typed_kernel<float>(float const*, float const*, float*, long, long, long, long)",6671,3219604412110377,3219604412119718,0,0,16,0,48,256,1,1,256,1,1
"KERNEL_DISPATCH","Agent 3",1,0,2659141,1084,65,"void microllm::ops::hip::(anonymous namespace)::matmul_typed_kernel<float>(float const*, float const*, float*, long, long, long, long)",6676,3219604412129471,3219604412139213,0,0,16,0,48,256,1,1,256,1,1
"KERNEL_DISPATCH","Agent 3",1,0,2659141,1085,75,"void microllm::ops::hip::(anonymous namespace)::swiglu_typed_kernel<float>(float const*, float const*, float*, long)",6681,3219604412139337,3219604412142705,0,0,12,4,32,256,1,1,256,1,1
"KERNEL_DISPATCH","Agent 3",1,0,2659141,1086,65,"void microllm::ops::hip::(anonymous namespace)::matmul_typed_kernel<float>(float const*, float const*, float*, long, long, long, long)",6690,3219604412162402,3219604412179040,0,0,16,0,48,256,1,1,256,1,1
"KERNEL_DISPATCH","Agent 3",1,0,2659141,1087,95,"void microllm::ops::hip::(anonymous namespace)::add_typed_kernel<float>(float const*, float const*, float*, long)",6697,3219604412196161,3219604412198446,0,0,8,0,32,256,1,1,256,1,1
"KERNEL_DISPATCH","Agent 3",1,0,2659141,1088,102,"microllm::ops::hip::(anonymous namespace)::rms_norm_kernel(float const*, float const*, float*, long, long, float)",6712,3219604412223125,3219604412225772,1024,0,12,4,32,256,1,1,256,1,1
"KERNEL_DISPATCH","Agent 3",1,0,2659141,1089,65,"void microllm::ops::hip::(anonymous namespace)::matmul_typed_kernel<float>(float const*, float const*, float*, long, long, long, long)",6717,3219604412229697,3219604412239519,0,0,16,0,48,256,1,1,256,1,1
"KERNEL_DISPATCH","Agent 3",1,0,2659141,1090,65,"void microllm::ops::hip::(anonymous namespace)::matmul_typed_kernel<float>(float const*, float const*, float*, long, long, long, long)",6722,3219604412239464,3219604412248324,0,0,16,0,48,256,1,1,256,1,1
"KERNEL_DISPATCH","Agent 3",1,0,2659141,1091,65,"void microllm::ops::hip::(anonymous namespace)::matmul_typed_kernel<float>(float const*, float const*, float*, long, long, long, long)",6727,3219604412248384,3219604412257204,0,0,16,0,48,256,1,1,256,1,1
"KERNEL_DISPATCH","Agent 3",1,0,2659141,1092,134,"microllm::ops::hip::(anonymous namespace)::rope_positions_kernel(float const*, int const*, float*, long, long, long, float)",6732,3219604412257115,3219604412260603,0,0,28,4,48,256,1,1,256,1,1
"KERNEL_DISPATCH","Agent 3",1,0,2659141,1093,134,"microllm::ops::hip::(anonymous namespace)::rope_positions_kernel(float const*, int const*, float*, long, long, long, float)",6737,3219604412263910,3219604412264992,0,0,28,4,48,256,1,1,256,1,1
"KERNEL_DISPATCH","Agent 3",1,0,2659141,1094,110,"void microllm::ops::hip::(anonymous namespace)::kv_cache_store_pair_positions_kernel<float>(float const*, float const*, int const*, int const*, float*, float*, long, long, long, long, long, long)",6740,3219604412268844,3219604412271290,0,0,20,4,48,256,1,1,256,1,1
"KERNEL_DISPATCH","Agent 3",1,0,2659141,1095,78,"void microllm::ops::hip::(anonymous namespace)::cached_attention_fused_positions_kernel<float>(float const*, float const*, float const*, int const*, int const*, float*, long, long, long, long, long, long, long, long, float)",6745,3219604412285578,3219604412293557,1024,0,52,4,64,256,1,1,1024,1,1
"KERNEL_DISPATCH","Agent 3",1,0,2659141,1096,65,"void microllm::ops::hip::(anonymous namespace)::matmul_typed_kernel<float>(float const*, float const*, float*, long, long, long, long)",6750,3219604412293500,3219604412301799,0,0,16,0,48,256,1,1,256,1,1
"KERNEL_DISPATCH","Agent 3",1,0,2659141,1097,123,"void microllm::ops::hip::(anonymous namespace)::add_rms_norm_kernel<256u>(float const*, float const*, float const*, float*, float*, long, long, float)",6771,3219604412338149,3219604412341236,1024,0,16,0,32,256,1,1,256,1,1
"KERNEL_DISPATCH","Agent 3",1,0,2659141,1098,65,"void microllm::ops::hip::(anonymous namespace)::matmul_typed_kernel<float>(float const*, float const*, float*, long, long, long, long)",6776,3219604412345149,3219604412355131,0,0,16,0,48,256,1,1,256,1,1
"KERNEL_DISPATCH","Agent 3",1,0,2659141,1099,65,"void microllm::ops::hip::(anonymous namespace)::matmul_typed_kernel<float>(float const*, float const*, float*, long, long, long, long)",6781,3219604412355077,3219604412364138,0,0,16,0,48,256,1,1,256,1,1
"KERNEL_DISPATCH","Agent 3",1,0,2659141,1100,75,"void microllm::ops::hip::(anonymous namespace)::swiglu_typed_kernel<float>(float const*, float const*, float*, long)",6786,3219604412364170,3219604412367618,0,0,12,4,32,256,1,1,256,1,1
"KERNEL_DISPATCH","Agent 3",1,0,2659141,1101,65,"void microllm::ops::hip::(anonymous namespace)::matmul_typed_kernel<float>(float const*, float const*, float*, long, long, long, long)",6795,3219604412386309,3219604412403308,0,0,16,0,48,256,1,1,256,1,1
"KERNEL_DISPATCH","Agent 3",1,0,2659141,1102,95,"void microllm::ops::hip::(anonymous namespace)::add_typed_kernel<float>(float const*, float const*, float*, long)",6802,3219604412419821,3219604412422547,0,0,8,0,32,256,1,1,256,1,1
"KERNEL_DISPATCH","Agent 3",1,0,2659141,1103,102,"microllm::ops::hip::(anonymous namespace)::rms_norm_kernel(float const*, float const*, float*, long, long, float)",6817,3219604412446913,3219604412449680,1024,0,12,4,32,256,1,1,256,1,1
"KERNEL_DISPATCH","Agent 3",1,0,2659141,1104,65,"void microllm::ops::hip::(anonymous namespace)::matmul_typed_kernel<float>(float const*, float const*, float*, long, long, long, long)",6824,3219604412466506,3219604412476048,0,0,16,0,48,256,1,1,256,1,1
"KERNEL_DISPATCH","Agent 3",1,0,2659141,1105,9,"__amd_rocclr_copyBuffer",6835,3219604412506121,3219604412508406,0,0,16,0,32,512,1,1,512,1,1
"KERNEL_DISPATCH","Agent 3",1,0,2659141,1106,86,"microllm::ops::hip::(anonymous namespace)::argmax_last_dim_kernel(float const*, int*, long, long)",6841,3219604412525867,3219604412529435,4096,0,12,4,32,256,1,1,512,1,1
"KERNEL_DISPATCH","Agent 3",1,0,2659141,1107,9,"__amd_rocclr_copyBuffer",6844,3219604412533572,3219604412538303,0,0,16,0,32,512,1,1,512,1,1
"KERNEL_DISPATCH","Agent 3",1,0,2659141,1108,9,"__amd_rocclr_copyBuffer",6850,3219604412564599,3219604412568488,0,0,16,0,32,512,1,1,512,1,1
"KERNEL_DISPATCH","Agent 3",1,0,2659141,1109,9,"__amd_rocclr_copyBuffer",6854,3219604412585120,3219604412588809,0,0,16,0,32,512,1,1,512,1,1
"KERNEL_DISPATCH","Agent 3",1,0,2659141,1110,9,"__amd_rocclr_copyBuffer",6858,3219604412620973,3219604412624341,0,0,16,0,32,512,1,1,512,1,1
"KERNEL_DISPATCH","Agent 3",1,0,2659141,1111,92,"microllm::ops::hip::(anonymous namespace)::embedding_kernel(float const*, int const*, float*, long, long, long)",6862,3219604412640518,3219604412642442,0,0,16,0,32,256,1,1,256,1,1
"KERNEL_DISPATCH","Agent 3",1,0,2659141,1112,102,"microllm::ops::hip::(anonymous namespace)::rms_norm_kernel(float const*, float const*, float*, long, long, float)",6867,3219604412650918,3219604412653604,1024,0,12,4,32,256,1,1,256,1,1
"KERNEL_DISPATCH","Agent 3",1,0,2659141,1113,65,"void microllm::ops::hip::(anonymous namespace)::matmul_typed_kernel<float>(float const*, float const*, float*, long, long, long, long)",6872,3219604412661227,3219604412670849,0,0,16,0,48,256,1,1,256,1,1
"KERNEL_DISPATCH","Agent 3",1,0,2659141,1114,65,"void microllm::ops::hip::(anonymous namespace)::matmul_typed_kernel<float>(float const*, float const*, float*, long, long, long, long)",6877,3219604412670988,3219604412679528,0,0,16,0,48,256,1,1,256,1,1
"KERNEL_DISPATCH","Agent 3",1,0,2659141,1115,65,"void microllm::ops::hip::(anonymous namespace)::matmul_typed_kernel<float>(float const*, float const*, float*, long, long, long, long)",6882,3219604412679478,3219604412688178,0,0,16,0,48,256,1,1,256,1,1
"KERNEL_DISPATCH","Agent 3",1,0,2659141,1116,134,"microllm::ops::hip::(anonymous namespace)::rope_positions_kernel(float const*, int const*, float*, long, long, long, float)",6887,3219604412688220,3219604412691668,0,0,28,4,48,256,1,1,256,1,1
"KERNEL_DISPATCH","Agent 3",1,0,2659141,1117,134,"microllm::ops::hip::(anonymous namespace)::rope_positions_kernel(float const*, int const*, float*, long, long, long, float)",6892,3219604412695916,3219604412698362,0,0,28,4,48,256,1,1,256,1,1
"KERNEL_DISPATCH","Agent 3",1,0,2659141,1118,110,"void microllm::ops::hip::(anonymous namespace)::kv_cache_store_pair_positions_kernel<float>(float const*, float const*, int const*, int const*, float*, float*, long, long, long, long, long, long)",6895,3219604412702440,3219604412704605,0,0,20,4,48,256,1,1,256,1,1
"KERNEL_DISPATCH","Agent 3",1,0,2659141,1119,78,"void microllm::ops::hip::(anonymous namespace)::cached_attention_fused_positions_kernel<float>(float const*, float const*, float const*, int const*, int const*, float*, long, long, long, long, long, long, long, long, float)",6900,3219604412712298,3219604412720557,1024,0,52,4,64,256,1,1,1024,1,1
"KERNEL_DISPATCH","Agent 3",1,0,2659141,1120,65,"void microllm::ops::hip::(anonymous namespace)::matmul_typed_kernel<float>(float const*, float const*, float*, long, long, long, long)",6905,3219604412720588,3219604412729408,0,0,16,0,48,256,1,1,256,1,1
"KERNEL_DISPATCH","Agent 3",1,0,2659141,1121,123,"void microllm::ops::hip::(anonymous namespace)::add_rms_norm_kernel<256u>(float const*, float const*, float const*, float*, float*, long, long, float)",6926,3219604412770494,3219604412773421,1024,0,16,0,32,256,1,1,256,1,1
"KERNEL_DISPATCH","Agent 3",1,0,2659141,1122,65,"void microllm::ops::hip::(anonymous namespace)::matmul_typed_kernel<float>(float const*, float const*, float*, long, long, long, long)",6931,3219604412781817,3219604412792040,0,0,16,0,48,256,1,1,256,1,1
"KERNEL_DISPATCH","Agent 3",1,0,2659141,1123,65,"void microllm::ops::hip::(anonymous namespace)::matmul_typed_kernel<float>(float const*, float const*, float*, long, long, long, long)",6936,3219604412792026,3219604412800927,0,0,16,0,48,256,1,1,256,1,1
"KERNEL_DISPATCH","Agent 3",1,0,2659141,1124,75,"void microllm::ops::hip::(anonymous namespace)::swiglu_typed_kernel<float>(float const*, float const*, float*, long)",6941,3219604412800916,3219604412804363,0,0,12,4,32,256,1,1,256,1,1
"KERNEL_DISPATCH","Agent 3",1,0,2659141,1125,65,"void microllm::ops::hip::(anonymous namespace)::matmul_typed_kernel<float>(float const*, float const*, float*, long, long, long, long)",6950,3219604412824704,3219604412841743,0,0,16,0,48,256,1,1,256,1,1
"KERNEL_DISPATCH","Agent 3",1,0,2659141,1126,95,"void microllm::ops::hip::(anonymous namespace)::add_typed_kernel<float>(float const*, float const*, float*, long)",6957,3219604412859603,3219604412862209,0,0,8,0,32,256,1,1,256,1,1
"KERNEL_DISPATCH","Agent 3",1,0,2659141,1127,102,"microllm::ops::hip::(anonymous namespace)::rms_norm_kernel(float const*, float const*, float*, long, long, float)",6972,3219604412887925,3219604412890291,1024,0,12,4,32,256,1,1,256,1,1
"KERNEL_DISPATCH","Agent 3",1,0,2659141,1128,65,"void microllm::ops::hip::(anonymous namespace)::matmul_typed_kernel<float>(float const*, float const*, float*, long, long, long, long)",6977,3219604412896802,3219604412906865,0,0,16,0,48,256,1,1,256,1,1
"KERNEL_DISPATCH","Agent 3",1,0,2659141,1129,65,"void microllm::ops::hip::(anonymous namespace)::matmul_typed_kernel<float>(float const*, float const*, float*, long, long, long, long)",6982,3219604412906925,3219604412915585,0,0,16,0,48,256,1,1,256,1,1
"KERNEL_DISPATCH","Agent 3",1,0,2659141,1130,65,"void microllm::ops::hip::(anonymous namespace)::matmul_typed_kernel<float>(float const*, float const*, float*, long, long, long, long)",6987,3219604412915571,3219604412924792,0,0,16,0,48,256,1,1,256,1,1
"KERNEL_DISPATCH","Agent 3",1,0,2659141,1131,134,"microllm::ops::hip::(anonymous namespace)::rope_positions_kernel(float const*, int const*, float*, long, long, long, float)",6992,3219604412924840,3219604412928288,0,0,28,4,48,256,1,1,256,1,1
"KERNEL_DISPATCH","Agent 3",1,0,2659141,1132,134,"microllm::ops::hip::(anonymous namespace)::rope_positions_kernel(float const*, int const*, float*, long, long, long, float)",6997,3219604412932057,3219604412934864,0,0,28,4,48,256,1,1,256,1,1
"KERNEL_DISPATCH","Agent 3",1,0,2659141,1133,110,"void microllm::ops::hip::(anonymous namespace)::kv_cache_store_pair_positions_kernel<float>(float const*, float const*, int const*, int const*, float*, float*, long, long, long, long, long, long)",7000,3219604412940200,3219604412942445,0,0,20,4,48,256,1,1,256,1,1
"KERNEL_DISPATCH","Agent 3",1,0,2659141,1134,78,"void microllm::ops::hip::(anonymous namespace)::cached_attention_fused_positions_kernel<float>(float const*, float const*, float const*, int const*, int const*, float*, long, long, long, long, long, long, long, long, float)",7005,3219604412954303,3219604412960638,1024,0,52,4,64,256,1,1,1024,1,1
"KERNEL_DISPATCH","Agent 3",1,0,2659141,1135,65,"void microllm::ops::hip::(anonymous namespace)::matmul_typed_kernel<float>(float const*, float const*, float*, long, long, long, long)",7010,3219604412970324,3219604412979505,0,0,16,0,48,256,1,1,256,1,1
"KERNEL_DISPATCH","Agent 3",1,0,2659141,1136,123,"void microllm::ops::hip::(anonymous namespace)::add_rms_norm_kernel<256u>(float const*, float const*, float const*, float*, float*, long, long, float)",7031,3219604413053153,3219604413056240,1024,0,16,0,32,256,1,1,256,1,1
"KERNEL_DISPATCH","Agent 3",1,0,2659141,1137,65,"void microllm::ops::hip::(anonymous namespace)::matmul_typed_kernel<float>(float const*, float const*, float*, long, long, long, long)",7036,3219604413072129,3219604413081991,0,0,16,0,48,256,1,1,256,1,1
"KERNEL_DISPATCH","Agent 3",1,0,2659141,1138,65,"void microllm::ops::hip::(anonymous namespace)::matmul_typed_kernel<float>(float const*, float const*, float*, long, long, long, long)",7041,3219604413081992,3219604413090652,0,0,16,0,48,256,1,1,256,1,1
"KERNEL_DISPATCH","Agent 3",1,0,2659141,1139,75,"void microllm::ops::hip::(anonymous namespace)::swiglu_typed_kernel<float>(float const*, float const*, float*, long)",7046,3219604413090716,3219604413094124,0,0,12,4,32,256,1,1,256,1,1
"KERNEL_DISPATCH","Agent 3",1,0,2659141,1140,65,"void microllm::ops::hip::(anonymous namespace)::matmul_typed_kernel<float>(float const*, float const*, float*, long, long, long, long)",7055,3219604413121475,3219604413138073,0,0,16,0,48,256,1,1,256,1,1
"KERNEL_DISPATCH","Agent 3",1,0,2659141,1141,95,"void microllm::ops::hip::(anonymous namespace)::add_typed_kernel<float>(float const*, float const*, float*, long)",7062,3219604413156334,3219604413158900,0,0,8,0,32,256,1,1,256,1,1
"KERNEL_DISPATCH","Agent 3",1,0,2659141,1142,102,"microllm::ops::hip::(anonymous namespace)::rms_norm_kernel(float const*, float const*, float*, long, long, float)",7077,3219604413185446,3219604413188534,1024,0,12,4,32,256,1,1,256,1,1
"KERNEL_DISPATCH","Agent 3",1,0,2659141,1143,65,"void microllm::ops::hip::(anonymous namespace)::matmul_typed_kernel<float>(float const*, float const*, float*, long, long, long, long)",7084,3219604413205882,3219604413215143,0,0,16,0,48,256,1,1,256,1,1
"KERNEL_DISPATCH","Agent 3",1,0,2659141,1144,9,"__amd_rocclr_copyBuffer",7095,3219604413238105,3219604413240631,0,0,16,0,32,512,1,1,512,1,1
"KERNEL_DISPATCH","Agent 3",1,0,2659141,1145,86,"microllm::ops::hip::(anonymous namespace)::argmax_last_dim_kernel(float const*, int*, long, long)",7101,3219604413259436,3219604413263004,4096,0,12,4,32,256,1,1,512,1,1
"KERNEL_DISPATCH","Agent 3",1,0,2659141,1146,9,"__amd_rocclr_copyBuffer",7104,3219604413267169,3219604413272582,0,0,16,0,32,512,1,1,512,1,1
"KERNEL_DISPATCH","Agent 3",1,0,2659141,1147,101,"void microllm::ops::hip::(anonymous namespace)::fill_typed_kernel<float>(float*, long, float)",7108,3219604413296005,3219604413297569,0,0,4,4,16,256,1,1,2048,1,1
"KERNEL_DISPATCH","Agent 3",1,0,2659141,1148,101,"void microllm::ops::hip::(anonymous namespace)::fill_typed_kernel<float>(float*, long, float)",7111,3219604413301743,3219604413303227,0,0,4,4,16,256,1,1,2048,1,1
"KERNEL_DISPATCH","Agent 3",1,0,2659141,1149,101,"void microllm::ops::hip::(anonymous namespace)::fill_typed_kernel<float>(float*, long, float)",7114,3219604413309099,3219604413310623,0,0,4,4,16,256,1,1,2048,1,1
"KERNEL_DISPATCH","Agent 3",1,0,2659141,1150,101,"void microllm::ops::hip::(anonymous namespace)::fill_typed_kernel<float>(float*, long, float)",7117,3219604413315019,3219604413316582,0,0,4,4,16,256,1,1,2048,1,1
"KERNEL_DISPATCH","Agent 3",1,0,2659141,1151,9,"__amd_rocclr_copyBuffer",7134,3219604413375953,3219604413379361,0,0,16,0,32,512,1,1,512,1,1
"KERNEL_DISPATCH","Agent 3",1,0,2659141,1152,92,"microllm::ops::hip::(anonymous namespace)::embedding_kernel(float const*, int const*, float*, long, long, long)",7138,3219604413395444,3219604413397769,0,0,16,0,32,256,1,1,256,1,1
"KERNEL_DISPATCH","Agent 3",1,0,2659141,1153,102,"microllm::ops::hip::(anonymous namespace)::rms_norm_kernel(float const*, float const*, float*, long, long, float)",7143,3219604413404183,3219604413406869,1024,0,12,4,32,256,1,1,1024,1,1
"KERNEL_DISPATCH","Agent 3",1,0,2659141,1154,65,"void microllm::ops::hip::(anonymous namespace)::matmul_typed_kernel<float>(float const*, float const*, float*, long, long, long, long)",7148,3219604413414412,3219604413424114,0,0,16,0,48,256,1,1,256,1,1
"KERNEL_DISPATCH","Agent 3",1,0,2659141,1155,65,"void microllm::ops::hip::(anonymous namespace)::matmul_typed_kernel<float>(float const*, float const*, float*, long, long, long, long)",7153,3219604413423995,3219604413433537,0,0,16,0,48,256,1,1,256,1,1
"KERNEL_DISPATCH","Agent 3",1,0,2659141,1156,65,"void microllm::ops::hip::(anonymous namespace)::matmul_typed_kernel<float>(float const*, float const*, float*, long, long, long, long)",7158,3219604413433585,3219604413443327,0,0,16,0,48,256,1,1,256,1,1
"KERNEL_DISPATCH","Agent 3",1,0,2659141,1157,138,"microllm::runtime::detail::(anonymous namespace)::strided_copy_kernel(std::byte*, std::byte const*, unsigned long, long, microllm::runtime::detail::(anonymous namespace)::Layout)",7163,3219604413443192,3219604413446680,0,0,20,4,48,256,1,1,256,1,1
"KERNEL_DISPATCH","Agent 3",1,0,2659141,1158,138,"microllm::runtime::detail::(anonymous namespace)::strided_copy_kernel(std::byte*, std::byte const*, unsigned long, long, microllm::runtime::detail::(anonymous namespace)::Layout)",7168,3219604413452057,3219604413455064,0,0,20,4,48,256,1,1,256,1,1
"KERNEL_DISPATCH","Agent 3",1,0,2659141,1159,138,"microllm::runtime::detail::(anonymous namespace)::strided_copy_kernel(std::byte*, std::byte const*, unsigned long, long, microllm::runtime::detail::(anonymous namespace)::Layout)",7173,3219604413469538,3219604413472545,0,0,20,4,48,256,1,1,256,1,1
"KERNEL_DISPATCH","Agent 3",1,0,2659141,1160,76,"microllm::ops::hip::(anonymous namespace)::rope_kernel(float const*, float*, long, long, long, long, long, float)",7178,3219604413480495,3219604413484464,0,0,28,4,48,256,1,1,256,1,1
"KERNEL_DISPATCH","Agent 3",1,0,2659141,1161,76,"microllm::ops::hip::(anonymous namespace)::rope_kernel(float const*, float*, long, long, long, long, long, float)",7185,3219604413508605,3219604413511331,0,0,28,4,48,256,1,1,256,1,1
"KERNEL_DISPATCH","Agent 3",1,0,2659141,1162,9,"__amd_rocclr_copyBuffer",7192,3219604413530023,3219604413531627,0,0,16,0,32,512,1,1,512,1,1
"KERNEL_DISPATCH","Agent 3",1,0,2659141,1163,9,"__amd_rocclr_copyBuffer",7194,3219604413535046,3219604413536128,0,0,16,0,32,512,1,1,512,1,1
"KERNEL_DISPATCH","Agent 3",1,0,2659141,1164,9,"__amd_rocclr_copyBuffer",7198,3219604413544408,3219604413545771,0,0,16,0,32,512,1,1,512,1,1
"KERNEL_DISPATCH","Agent 3",1,0,2659141,1165,9,"__amd_rocclr_copyBuffer",7200,3219604413549390,3219604413550754,0,0,16,0,32,512,1,1,512,1,1
"KERNEL_DISPATCH","Agent 3",1,0,2659141,1166,135,"microllm::ops::hip::(anonymous namespace)::causal_gqa_attention_kernel(float const*, float const*, float const*, float*, float*, long, long, long, long, long, long, float)",7204,3219604413558723,3219604413564496,1024,0,24,0,64,256,1,1,4096,1,1
"KERNEL_DISPATCH","Agent 3",1,0,2659141,1167,138,"microllm::runtime::detail::(anonymous namespace)::strided_copy_kernel(std::byte*, std::byte const*, unsigned long, long, microllm::runtime::detail::(anonymous namespace)::Layout)",7209,3219604413567684,3219604413570731,0,0,20,4,48,256,1,1,256,1,1
"KERNEL_DISPATCH","Agent 3",1,0,2659141,1168,65,"void microllm::ops::hip::(anonymous namespace)::matmul_typed_kernel<float>(float const*, float const*, float*, long, long, long, long)",7216,3219604413589753,3219604413598573,0,0,16,0,48,256,1,1,256,1,1
"KERNEL_DISPATCH","Agent 3",1,0,2659141,1169,95,"void microllm::ops::hip::(anonymous namespace)::add_typed_kernel<float>(float const*, float const*, float*, long)",7235,3219604413640883,3219604413643930,0,0,8,0,32,256,1,1,256,1,1
"KERNEL_DISPATCH","Agent 3",1,0,2659141,1170,102,"microllm::ops::hip::(anonymous namespace)::rms_norm_kernel(float const*, float const*, float*, long, long, float)",7244,3219604413664216,3219604413667063,1024,0,12,4,32,256,1,1,1024,1,1
"KERNEL_DISPATCH","Agent 3",1,0,2659141,1171,65,"void microllm::ops::hip::(anonymous namespace)::matmul_typed_kernel<float>(float const*, float const*, float*, long, long, long, long)",7249,3219604413674865,3219604413684367,0,0,16,0,48,256,1,1,512,1,1
"KERNEL_DISPATCH","Agent 3",1,0,2659141,1172,65,"void microllm::ops::hip::(anonymous namespace)::matmul_typed_kernel<float>(float const*, float const*, float*, long, long, long, long)",7254,3219604413684374,3219604413693275,0,0,16,0,48,256,1,1,512,1,1
"KERNEL_DISPATCH","Agent 3",1,0,2659141,1173,75,"void microllm::ops::hip::(anonymous namespace)::swiglu_typed_kernel<float>(float const*, float const*, float*, long)",7259,3219604413693237,3219604413696684,0,0,12,4,32,256,1,1,512,1,1
"KERNEL_DISPATCH","Agent 3",1,0,2659141,1174,65,"void microllm::ops::hip::(anonymous namespace)::matmul_typed_kernel<float>(float const*, float const*, float*, long, long, long, long)",7268,3219604413716707,3219604413733986,0,0,16,0,48,256,1,1,256,1,1
"KERNEL_DISPATCH","Agent 3",1,0,2659141,1175,95,"void microllm::ops::hip::(anonymous namespace)::add_typed_kernel<float>(float const*, float const*, float*, long)",7275,3219604413752205,3219604413753649,0,0,8,0,32,256,1,1,256,1,1
"KERNEL_DISPATCH","Agent 3",1,0,2659141,1176,102,"microllm::ops::hip::(anonymous namespace)::rms_norm_kernel(float const*, float const*, float*, long, long, float)",7288,3219604413778146,3219604413780752,1024,0,12,4,32,256,1,1,1024,1,1
"KERNEL_DISPATCH","Agent 3",1,0,2659141,1177,65,"void microllm::ops::hip::(anonymous namespace)::matmul_typed_kernel<float>(float const*, float const*, float*, long, long, long, long)",7293,3219604413788045,3219604413798148,0,0,16,0,48,256,1,1,256,1,1
"KERNEL_DISPATCH","Agent 3",1,0,2659141,1178,65,"void microllm::ops::hip::(anonymous namespace)::matmul_typed_kernel<float>(float const*, float const*, float*, long, long, long, long)",7298,3219604413798138,3219604413807680,0,0,16,0,48,256,1,1,256,1,1
"KERNEL_DISPATCH","Agent 3",1,0,2659141,1179,65,"void microllm::ops::hip::(anonymous namespace)::matmul_typed_kernel<float>(float const*, float const*, float*, long, long, long, long)",7303,3219604413807674,3219604413817737,0,0,16,0,48,256,1,1,256,1,1
"KERNEL_DISPATCH","Agent 3",1,0,2659141,1180,138,"microllm::runtime::detail::(anonymous namespace)::strided_copy_kernel(std::byte*, std::byte const*, unsigned long, long, microllm::runtime::detail::(anonymous namespace)::Layout)",7308,3219604413817807,3219604413821255,0,0,20,4,48,256,1,1,256,1,1
"KERNEL_DISPATCH","Agent 3",1,0,2659141,1181,138,"microllm::runtime::detail::(anonymous namespace)::strided_copy_kernel(std::byte*, std::byte const*, unsigned long, long, microllm::runtime::detail::(anonymous namespace)::Layout)",7313,3219604413828492,3219604413831499,0,0,20,4,48,256,1,1,256,1,1
"KERNEL_DISPATCH","Agent 3",1,0,2659141,1182,138,"microllm::runtime::detail::(anonymous namespace)::strided_copy_kernel(std::byte*, std::byte const*, unsigned long, long, microllm::runtime::detail::(anonymous namespace)::Layout)",7318,3219604413838493,3219604413841580,0,0,20,4,48,256,1,1,256,1,1
"KERNEL_DISPATCH","Agent 3",1,0,2659141,1183,76,"microllm::ops::hip::(anonymous namespace)::rope_kernel(float const*, float*, long, long, long, long, long, float)",7323,3219604413848901,3219604413853151,0,0,28,4,48,256,1,1,256,1,1
"KERNEL_DISPATCH","Agent 3",1,0,2659141,1184,76,"microllm::ops::hip::(anonymous namespace)::rope_kernel(float const*, float*, long, long, long, long, long, float)",7330,3219604413876094,3219604413879542,0,0,28,4,48,256,1,1,256,1,1
"KERNEL_DISPATCH","Agent 3",1,0,2659141,1185,9,"__amd_rocclr_copyBuffer",7337,3219604413897895,3219604413899459,0,0,16,0,32,512,1,1,512,1,1
"KERNEL_DISPATCH","Agent 3",1,0,2659141,1186,9,"__amd_rocclr_copyBuffer",7339,3219604413902973,3219604413904336,0,0,16,0,32,512,1,1,512,1,1
"KERNEL_DISPATCH","Agent 3",1,0,2659141,1187,9,"__amd_rocclr_copyBuffer",7343,3219604413914100,3219604413915864,0,0,16,0,32,512,1,1,512,1,1
"KERNEL_DISPATCH","Agent 3",1,0,2659141,1188,9,"__amd_rocclr_copyBuffer",7345,3219604413919256,3219604413920419,0,0,16,0,32,512,1,1,512,1,1
"KERNEL_DISPATCH","Agent 3",1,0,2659141,1189,135,"microllm::ops::hip::(anonymous namespace)::causal_gqa_attention_kernel(float const*, float const*, float const*, float*, float*, long, long, long, long, long, long, float)",7349,3219604413927617,3219604413933471,1024,0,24,0,64,256,1,1,4096,1,1
"KERNEL_DISPATCH","Agent 3",1,0,2659141,1190,138,"microllm::runtime::detail::(anonymous namespace)::strided_copy_kernel(std::byte*, std::byte const*, unsigned long, long, microllm::runtime::detail::(anonymous namespace)::Layout)",7354,3219604413940580,3219604413944509,0,0,20,4,48,256,1,1,256,1,1
"KERNEL_DISPATCH","Agent 3",1,0,2659141,1191,65,"void microllm::ops::hip::(anonymous namespace)::matmul_typed_kernel<float>(float const*, float const*, float*, long, long, long, long)",7361,3219604413978618,3219604413988280,0,0,16,0,48,256,1,1,256,1,1
"KERNEL_DISPATCH","Agent 3",1,0,2659141,1192,95,"void microllm::ops::hip::(anonymous namespace)::add_typed_kernel<float>(float const*, float const*, float*, long)",7380,3219604414038252,3219604414041219,0,0,8,0,32,256,1,1,256,1,1
"KERNEL_DISPATCH","Agent 3",1,0,2659141,1193,102,"microllm::ops::hip::(anonymous namespace)::rms_norm_kernel(float const*, float const*, float*, long, long, float)",7389,3219604414063239,3219604414066166,1024,0,12,4,32,256,1,1,1024,1,1
"KERNEL_DISPATCH","Agent 3",1,0,2659141,1194,65,"void microllm::ops::hip::(anonymous namespace)::matmul_typed_kernel<float>(float const*, float const*, float*, long, long, long, long)",7394,3219604414071066,3219604414081490,0,0,16,0,48,256,1,1,512,1,1
"KERNEL_DISPATCH","Agent 3",1,0,2659141,1195,65,"void microllm::ops::hip::(anonymous namespace)::matmul_typed_kernel<float>(float const*, float const*, float*, long, long, long, long)",7399,3219604414081464,3219604414090605,0,0,16,0,48,256,1,1,512,1,1
"KERNEL_DISPATCH","Agent 3",1,0,2659141,1196,75,"void microllm::ops::hip::(anonymous namespace)::swiglu_typed_kernel<float>(float const*, float const*, float*, long)",7404,3219604414090596,3219604414094084,0,0,12,4,32,256,1,1,512,1,1
"KERNEL_DISPATCH","Agent 3",1,0,2659141,1197,65,"void microllm::ops::hip::(anonymous namespace)::matmul_typed_kernel<float>(float const*, float const*, float*, long, long, long, long)",7413,3219604414114982,3219604414131741,0,0,16,0,48,256,1,1,256,1,1
"KERNEL_DISPATCH","Agent 3",1,0,2659141,1198,95,"void microllm::ops::hip::(anonymous namespace)::add_typed_kernel<float>(float const*, float const*, float*, long)",7420,3219604414149346,3219604414152473,0,0,8,0,32,256,1,1,256,1,1
"KERNEL_DISPATCH","Agent 3",1,0,2659141,1199,102,"microllm::ops::hip::(anonymous namespace)::rms_norm_kernel(float const*, float const*, float*, long, long, float)",7433,3219604414178858,3219604414181585,1024,0,12,4,32,256,1,1,1024,1,1
"KERNEL_DISPATCH","Agent 3",1,0,2659141,1200,65,"void microllm::ops::hip::(anonymous namespace)::matmul_typed_kernel<float>(float const*, float const*, float*, long, long, long, long)",7440,3219604414200788,3219604414209849,0,0,16,0,48,256,1,1,256,1,1
"KERNEL_DISPATCH","Agent 3",1,0,2659141,1201,9,"__amd_rocclr_copyBuffer",7451,3219604414244043,3219604414245687,0,0,16,0,32,512,1,1,512,1,1
"KERNEL_DISPATCH","Agent 3",1,0,2659141,1202,9,"__amd_rocclr_copyBuffer",7453,3219604414248964,3219604414250327,0,0,16,0,32,512,1,1,512,1,1
"KERNEL_DISPATCH","Agent 3",1,0,2659141,1203,9,"__amd_rocclr_copyBuffer",7455,3219604414254086,3219604414255649,0,0,16,0,32,512,1,1,512,1,1
"KERNEL_DISPATCH","Agent 3",1,0,2659141,1204,9,"__amd_rocclr_copyBuffer",7457,3219604414258968,3219604414260612,0,0,16,0,32,512,1,1,512,1,1
"KERNEL_DISPATCH","Agent 3",1,0,2659141,1205,9,"__amd_rocclr_copyBuffer",7463,3219604414270608,3219604414272051,0,0,16,0,32,512,1,1,512,1,1
"KERNEL_DISPATCH","Agent 3",1,0,2659141,1206,9,"__amd_rocclr_copyBuffer",7465,3219604414275623,3219604414276986,0,0,16,0,32,512,1,1,512,1,1
"KERNEL_DISPATCH","Agent 3",1,0,2659141,1207,9,"__amd_rocclr_copyBuffer",7467,3219604414281082,3219604414282525,0,0,16,0,32,512,1,1,512,1,1
"KERNEL_DISPATCH","Agent 3",1,0,2659141,1208,9,"__amd_rocclr_copyBuffer",7469,3219604414287296,3219604414289581,0,0,16,0,32,512,1,1,512,1,1
"KERNEL_DISPATCH","Agent 3",1,0,2659141,1209,9,"__amd_rocclr_copyBuffer",7481,3219604414319859,3219604414321703,0,0,16,0,32,512,1,1,512,1,1
"KERNEL_DISPATCH","Agent 3",1,0,2659141,1210,9,"__amd_rocclr_copyBuffer",7487,3219604414343105,3219604414346192,0,0,16,0,32,512,1,1,512,1,1
"KERNEL_DISPATCH","Agent 3",1,0,2659141,1211,92,"microllm::ops::hip::(anonymous namespace)::embedding_kernel(float const*, int const*, float*, long, long, long)",7491,3219604414361922,3219604414363967,0,0,16,0,32,256,1,1,512,1,1
"KERNEL_DISPATCH","Agent 3",1,0,2659141,1212,102,"microllm::ops::hip::(anonymous namespace)::rms_norm_kernel(float const*, float const*, float*, long, long, float)",7496,3219604414371014,3219604414373620,1024,0,12,4,32,256,1,1,2048,1,1
"KERNEL_DISPATCH","Agent 3",1,0,2659141,1213,65,"void microllm::ops::hip::(anonymous namespace)::matmul_typed_kernel<float>(float const*, float const*, float*, long, long, long, long)",7501,3219604414380769,3219604414390431,0,0,16,0,48,256,1,1,512,1,1
"KERNEL_DISPATCH","Agent 3",1,0,2659141,1214,65,"void microllm::ops::hip::(anonymous namespace)::matmul_typed_kernel<float>(float const*, float const*, float*, long, long, long, long)",7506,3219604414390449,3219604414399269,0,0,16,0,48,256,1,1,256,1,1
"KERNEL_DISPATCH","Agent 3",1,0,2659141,1215,65,"void microllm::ops::hip::(anonymous namespace)::matmul_typed_kernel<float>(float const*, float const*, float*, long, long, long, long)",7511,3219604414399271,3219604414407891,0,0,16,0,48,256,1,1,256,1,1
"KERNEL_DISPATCH","Agent 3",1,0,2659141,1216,138,"microllm::runtime::detail::(anonymous namespace)::strided_copy_kernel(std::byte*, std::byte const*, unsigned long, long, microllm::runtime::detail::(anonymous namespace)::Layout)",7516,3219604414407866,3219604414411314,0,0,20,4,48,256,1,1,512,1,1
"KERNEL_DISPATCH","Agent 3",1,0,2659141,1217,138,"microllm::runtime::detail::(anonymous namespace)::strided_copy_kernel(std::byte*, std::byte const*, unsigned long, long, microllm::runtime::detail::(anonymous namespace)::Layout)",7521,3219604414415117,3219604414418444,0,0,20,4,48,256,1,1,256,1,1
"KERNEL_DISPATCH","Agent 3",1,0,2659141,1218,138,"microllm::runtime::detail::(anonymous namespace)::strided_copy_kernel(std::byte*, std::byte const*, unsigned long, long, microllm::runtime::detail::(anonymous namespace)::Layout)",7526,3219604414425846,3219604414429174,0,0,20,4,48,256,1,1,256,1,1
"KERNEL_DISPATCH","Agent 3",1,0,2659141,1219,76,"microllm::ops::hip::(anonymous namespace)::rope_kernel(float const*, float*, long, long, long, long, long, float)",7531,3219604414433718,3219604414437447,0,0,28,4,48,256,1,1,256,1,1
"KERNEL_DISPATCH","Agent 3",1,0,2659141,1220,76,"microllm::ops::hip::(anonymous namespace)::rope_kernel(float const*, float*, long, long, long, long, long, float)",7538,3219604414461919,3219604414464445,0,0,28,4,48,256,1,1,256,1,1
"KERNEL_DISPATCH","Agent 3",1,0,2659141,1221,9,"__amd_rocclr_copyBuffer",7545,3219604414484724,3219604414485926,0,0,16,0,32,512,1,1,512,1,1
"KERNEL_DISPATCH","Agent 3",1,0,2659141,1222,9,"__amd_rocclr_copyBuffer",7547,3219604414489749,3219604414491313,0,0,16,0,32,512,1,1,512,1,1
"KERNEL_DISPATCH","Agent 3",1,0,2659141,1223,9,"__amd_rocclr_copyBuffer",7551,3219604414500470,3219604414502034,0,0,16,0,32,512,1,1,512,1,1
"KERNEL_DISPATCH","Agent 3",1,0,2659141,1224,9,"__amd_rocclr_copyBuffer",7553,3219604414505780,3219604414507143,0,0,16,0,32,512,1,1,512,1,1
"KERNEL_DISPATCH","Agent 3",1,0,2659141,1225,135,"microllm::ops::hip::(anonymous namespace)::causal_gqa_attention_kernel(float const*, float const*, float const*, float*, float*, long, long, long, long, long, long, float)",7557,3219604414516934,3219604414522868,1024,0,24,0,64,256,1,1,8192,1,1
"KERNEL_DISPATCH","Agent 3",1,0,2659141,1226,138,"microllm::runtime::detail::(anonymous namespace)::strided_copy_kernel(std::byte*, std::byte const*, unsigned long, long, microllm::runtime::detail::(anonymous namespace)::Layout)",7562,3219604414526056,3219604414527900,0,0,20,4,48,256,1,1,512,1,1
"KERNEL_DISPATCH","Agent 3",1,0,2659141,1227,65,"void microllm::ops::hip::(anonymous namespace)::matmul_typed_kernel<float>(float const*, float const*, float*, long, long, long, long)",7569,3219604414547070,3219604414556532,0,0,16,0,48,256,1,1,512,1,1
"KERNEL_DISPATCH","Agent 3",1,0,2659141,1228,95,"void microllm::ops::hip::(anonymous namespace)::add_typed_kernel<float>(float const*, float const*, float*, long)",7588,3219604414587322,3219604414590489,0,0,8,0,32,256,1,1,512,1,1
"KERNEL_DISPATCH","Agent 3",1,0,2659141,1229,102,"microllm::ops::hip::(anonymous namespace)::rms_norm_kernel(float const*, float const*, float*, long, long, float)",7597,3219604414611728,3219604414614575,1024,0,12,4,32,256,1,1,2048,1,1
"KERNEL_DISPATCH","Agent 3",1,0,2659141,1230,65,"void microllm::ops::hip::(anonymous namespace)::matmul_typed_kernel<float>(float const*, float const*, float*, long, long, long, long)",7602,3219604414621341,3219604414631364,0,0,16,0,48,256,1,1,1024,1,1
"KERNEL_DISPATCH","Agent 3",1,0,2659141,1231,65,"void microllm::ops::hip::(anonymous namespace)::matmul_typed_kernel<float>(float const*, float const*, float*, long, long, long, long)",7607,3219604414631234,3219604414640375,0,0,16,0,48,256,1,1,1024,1,1
"KERNEL_DISPATCH","Agent 3",1,0,2659141,1232,75,"void microllm::ops::hip::(anonymous namespace)::swiglu_typed_kernel<float>(float const*, float const*, float*, long)",7612,3219604414640449,3219604414644017,0,0,12,4,32,256,1,1,1024,1,1
"KERNEL_DISPATCH","Agent 3",1,0,2659141,1233,65,"void microllm::ops::hip::(anonymous namespace)::matmul_typed_kernel<float>(float const*, float const*, float*, long, long, long, long)",7621,3219604414676166,3219604414693125,0,0,16,0,48,256,1,1,512,1,1
"KERNEL_DISPATCH","Agent 3",1,0,2659141,1234,95,"void microllm::ops::hip::(anonymous namespace)::add_typed_kernel<float>(float const*, float const*, float*, long)",7628,3219604414710548,3219604414713475,0,0,8,0,32,256,1,1,512,1,1
"KERNEL_DISPATCH","Agent 3",1,0,2659141,1235,102,"microllm::ops::hip::(anonymous namespace)::rms_norm_kernel(float const*, float const*, float*, long, long, float)",7641,3219604414741143,3219604414744110,1024,0,12,4,32,256,1,1,2048,1,1
"KERNEL_DISPATCH","Agent 3",1,0,2659141,1236,65,"void microllm::ops::hip::(anonymous namespace)::matmul_typed_kernel<float>(float const*, float const*, float*, long, long, long, long)",7646,3219604414749096,3219604414758718,0,0,16,0,48,256,1,1,512,1,1
"KERNEL_DISPATCH","Agent 3",1,0,2659141,1237,65,"void microllm::ops::hip::(anonymous namespace)::matmul_typed_kernel<float>(float const*, float const*, float*, long, long, long, long)",7651,3219604414782876,3219604414791816,0,0,16,0,48,256,1,1,256,1,1
"KERNEL_DISPATCH","Agent 3",1,0,2659141,1238,65,"void microllm::ops::hip::(anonymous namespace)::matmul_typed_kernel<float>(float const*, float const*, float*, long, long, long, long)",7656,3219604414845671,3219604414855333,0,0,16,0,48,256,1,1,256,1,1
"KERNEL_DISPATCH","Agent 3",1,0,2659141,1239,138,"microllm::runtime::detail::(anonymous namespace)::strided_copy_kernel(std::byte*, std::byte const*, unsigned long, long, microllm::runtime::detail::(anonymous namespace)::Layout)",7661,3219604414855260,3219604414858708,0,0,20,4,48,256,1,1,512,1,1
"KERNEL_DISPATCH","Agent 3",1,0,2659141,1240,138,"microllm::runtime::detail::(anonymous namespace)::strided_copy_kernel(std::byte*, std::byte const*, unsigned long, long, microllm::runtime::detail::(anonymous namespace)::Layout)",7666,3219604414863280,3219604414866367,0,0,20,4,48,256,1,1,256,1,1
"KERNEL_DISPATCH","Agent 3",1,0,2659141,1241,138,"microllm::runtime::detail::(anonymous namespace)::strided_copy_kernel(std::byte*, std::byte const*, unsigned long, long, microllm::runtime::detail::(anonymous namespace)::Layout)",7671,3219604414873636,3219604414876723,0,0,20,4,48,256,1,1,256,1,1
"KERNEL_DISPATCH","Agent 3",1,0,2659141,1242,76,"microllm::ops::hip::(anonymous namespace)::rope_kernel(float const*, float*, long, long, long, long, long, float)",7676,3219604414881914,3219604414885241,0,0,28,4,48,256,1,1,256,1,1
"KERNEL_DISPATCH","Agent 3",1,0,2659141,1243,76,"microllm::ops::hip::(anonymous namespace)::rope_kernel(float const*, float*, long, long, long, long, long, float)",7683,3219604414910969,3219604414913815,0,0,28,4,48,256,1,1,256,1,1
"KERNEL_DISPATCH","Agent 3",1,0,2659141,1244,9,"__amd_rocclr_copyBuffer",7690,3219604414933294,3219604414934858,0,0,16,0,32,512,1,1,512,1,1
"KERNEL_DISPATCH","Agent 3",1,0,2659141,1245,9,"__amd_rocclr_copyBuffer",7692,3219604414938246,3219604414939329,0,0,16,0,32,512,1,1,512,1,1
"KERNEL_DISPATCH","Agent 3",1,0,2659141,1246,9,"__amd_rocclr_copyBuffer",7696,3219604414947214,3219604414948938,0,0,16,0,32,512,1,1,512,1,1
"KERNEL_DISPATCH","Agent 3",1,0,2659141,1247,9,"__amd_rocclr_copyBuffer",7698,3219604414952244,3219604414953527,0,0,16,0,32,512,1,1,512,1,1
"KERNEL_DISPATCH","Agent 3",1,0,2659141,1248,135,"microllm::ops::hip::(anonymous namespace)::causal_gqa_attention_kernel(float const*, float const*, float const*, float*, float*, long, long, long, long, long, long, float)",7702,3219604414961904,3219604414968158,1024,0,24,0,64,256,1,1,8192,1,1
"KERNEL_DISPATCH","Agent 3",1,0,2659141,1249,138,"microllm::runtime::detail::(anonymous namespace)::strided_copy_kernel(std::byte*, std::byte const*, unsigned long, long, microllm::runtime::detail::(anonymous namespace)::Layout)",7707,3219604414973662,3219604414976589,0,0,20,4,48,256,1,1,512,1,1
"KERNEL_DISPATCH","Agent 3",1,0,2659141,1250,65,"void microllm::ops::hip::(anonymous namespace)::matmul_typed_kernel<float>(float const*, float const*, float*, long, long, long, long)",7714,3219604415004282,3219604415013663,0,0,16,0,48,256,1,1,512,1,1
"KERNEL_DISPATCH","Agent 3",1,0,2659141,1251,95,"void microllm::ops::hip::(anonymous namespace)::add_typed_kernel<float>(float const*, float const*, float*, long)",7733,3219604415065171,3219604415067898,0,0,8,0,32,256,1,1,512,1,1
"KERNEL_DISPATCH","Agent 3",1,0,2659141,1252,102,"microllm::ops::hip::(anonymous namespace)::rms_norm_kernel(float const*, float const*, float*, long, long, float)",7742,3219604415088850,3219604415091456,1024,0,12,4,32,256,1,1,2048,1,1
"KERNEL_DISPATCH","Agent 3",1,0,2659141,1253,65,"void microllm::ops::hip::(anonymous namespace)::matmul_typed_kernel<float>(float const*, float const*, float*, long, long, long, long)",7747,3219604415096990,3219604415107254,0,0,16,0,48,256,1,1,1024,1,1
"KERNEL_DISPATCH","Agent 3",1,0,2659141,1254,65,"void microllm::ops::hip::(anonymous namespace)::matmul_typed_kernel<float>(float const*, float const*, float*, long, long, long, long)",7752,3219604415107283,3219604415116063,0,0,16,0,48,256,1,1,1024,1,1
"KERNEL_DISPATCH","Agent 3",1,0,2659141,1255,75,"void microllm::ops::hip::(anonymous namespace)::swiglu_typed_kernel<float>(float const*, float const*, float*, long)",7757,3219604415116133,3219604415119621,0,0,12,4,32,256,1,1,1024,1,1
"KERNEL_DISPATCH","Agent 3",1,0,2659141,1256,65,"void microllm::ops::hip::(anonymous namespace)::matmul_typed_kernel<float>(float const*, float const*, float*, long, long, long, long)",7766,3219604415140313,3219604415156671,0,0,16,0,48,256,1,1,512,1,1
"KERNEL_DISPATCH","Agent 3",1,0,2659141,1257,95,"void microllm::ops::hip::(anonymous namespace)::add_typed_kernel<float>(float const*, float const*, float*, long)",7773,3219604415174529,3219604415177495,0,0,8,0,32,256,1,1,512,1,1
"KERNEL_DISPATCH","Agent 3",1,0,2659141,1258,102,"microllm::ops::hip::(anonymous namespace)::rms_norm_kernel(float const*, float const*, float*, long, long, float)",7786,3219604415201503,3219604415204069,1024,0,12,4,32,256,1,1,2048,1,1
"KERNEL_DISPATCH","Agent 3",1,0,2659141,1259,65,"void microllm::ops::hip::(anonymous namespace)::matmul_typed_kernel<float>(float const*, float const*, float*, long, long, long, long)",7793,3219604415222349,3219604415231329,0,0,16,0,48,256,1,1,256,1,1
"KERNEL_DISPATCH","Agent 3",1,0,2659141,1260,9,"__amd_rocclr_copyBuffer",7800,3219604415250092,3219604415251536,0,0,16,0,32,512,1,1,512,1,1
"KERNEL_DISPATCH","Agent 3",1,0,2659141,1261,9,"__amd_rocclr_copyBuffer",7802,3219604415254891,3219604415255693,0,0,16,0,32,512,1,1,512,1,1
"KERNEL_DISPATCH","Agent 3",1,0,2659141,1262,9,"__amd_rocclr_copyBuffer",7804,3219604415259841,3219604415261204,0,0,16,0,32,512,1,1,512,1,1
"KERNEL_DISPATCH","Agent 3",1,0,2659141,1263,9,"__amd_rocclr_copyBuffer",7806,3219604415264985,3219604415266188,0,0,16,0,32,512,1,1,512,1,1
"KERNEL_DISPATCH","Agent 3",1,0,2659141,1264,9,"__amd_rocclr_copyBuffer",7808,3219604415270216,3219604415271780,0,0,16,0,32,512,1,1,512,1,1
"KERNEL_DISPATCH","Agent 3",1,0,2659141,1265,9,"__amd_rocclr_copyBuffer",7810,3219604415285424,3219604415286707,0,0,16,0,32,512,1,1,512,1,1
"KERNEL_DISPATCH","Agent 3",1,0,2659141,1266,9,"__amd_rocclr_copyBuffer",7812,3219604415290455,3219604415291738,0,0,16,0,32,512,1,1,512,1,1
"KERNEL_DISPATCH","Agent 3",1,0,2659141,1267,9,"__amd_rocclr_copyBuffer",7814,3219604415296133,3219604415298618,0,0,16,0,32,512,1,1,512,1,1
"KERNEL_DISPATCH","Agent 3",1,0,2659141,1268,9,"__amd_rocclr_copyBuffer",7824,3219604415326452,3219604415328016,0,0,16,0,32,512,1,1,512,1,1
"KERNEL_DISPATCH","Agent 3",1,0,2659141,1269,86,"microllm::ops::hip::(anonymous namespace)::argmax_last_dim_kernel(float const*, int*, long, long)",7830,3219604415346426,3219604415349793,4096,0,12,4,32,256,1,1,512,1,1
"KERNEL_DISPATCH","Agent 3",1,0,2659141,1270,9,"__amd_rocclr_copyBuffer",7833,3219604415353862,3219604415358793,0,0,16,0,32,512,1,1,512,1,1
"KERNEL_DISPATCH","Agent 3",1,0,2659141,1271,9,"__amd_rocclr_copyBuffer",7839,3219604415385603,3219604415389773,0,0,16,0,32,512,1,1,512,1,1
"KERNEL_DISPATCH","Agent 3",1,0,2659141,1272,9,"__amd_rocclr_copyBuffer",7843,3219604415406540,3219604415410710,0,0,16,0,32,512,1,1,512,1,1
"KERNEL_DISPATCH","Agent 3",1,0,2659141,1273,9,"__amd_rocclr_copyBuffer",7847,3219604415426701,3219604415430991,0,0,16,0,32,512,1,1,512,1,1
"KERNEL_DISPATCH","Agent 3",1,0,2659141,1274,92,"microllm::ops::hip::(anonymous namespace)::embedding_kernel(float const*, int const*, float*, long, long, long)",7851,3219604415446475,3219604415448440,0,0,16,0,32,256,1,1,256,1,1
"KERNEL_DISPATCH","Agent 3",1,0,2659141,1275,102,"microllm::ops::hip::(anonymous namespace)::rms_norm_kernel(float const*, float const*, float*, long, long, float)",7856,3219604415455136,3219604415457862,1024,0,12,4,32,256,1,1,512,1,1
"KERNEL_DISPATCH","Agent 3",1,0,2659141,1276,65,"void microllm::ops::hip::(anonymous namespace)::matmul_typed_kernel<float>(float const*, float const*, float*, long, long, long, long)",7861,3219604415464794,3219604415475098,0,0,16,0,48,256,1,1,256,1,1
"KERNEL_DISPATCH","Agent 3",1,0,2659141,1277,65,"void microllm::ops::hip::(anonymous namespace)::matmul_typed_kernel<float>(float const*, float const*, float*, long, long, long, long)",7866,3219604415475089,3219604415483789,0,0,16,0,48,256,1,1,256,1,1
"KERNEL_DISPATCH","Agent 3",1,0,2659141,1278,65,"void microllm::ops::hip::(anonymous namespace)::matmul_typed_kernel<float>(float const*, float const*, float*, long, long, long, long)",7871,3219604415483712,3219604415493334,0,0,16,0,48,256,1,1,256,1,1
"KERNEL_DISPATCH","Agent 3",1,0,2659141,1279,134,"microllm::ops::hip::(anonymous namespace)::rope_positions_kernel(float const*, int const*, float*, long, long, long, float)",7876,3219604415493560,3219604415497007,0,0,28,4,48,256,1,1,256,1,1
"KERNEL_DISPATCH","Agent 3",1,0,2659141,1280,134,"microllm::ops::hip::(anonymous namespace)::rope_positions_kernel(float const*, int const*, float*, long, long, long, float)",7881,3219604415500680,3219604415503406,0,0,28,4,48,256,1,1,256,1,1
"KERNEL_DISPATCH","Agent 3",1,0,2659141,1281,110,"void microllm::ops::hip::(anonymous namespace)::kv_cache_store_pair_positions_kernel<float>(float const*, float const*, int const*, int const*, float*, float*, long, long, long, long, long, long)",7884,3219604415513096,3219604415515823,0,0,20,4,48,256,1,1,256,1,1
"KERNEL_DISPATCH","Agent 3",1,0,2659141,1282,78,"void microllm::ops::hip::(anonymous namespace)::cached_attention_fused_positions_kernel<float>(float const*, float const*, float const*, int const*, int const*, float*, long, long, long, long, long, long, long, long, float)",7889,3219604415524061,3219604415532400,1024,0,52,4,64,256,1,1,2048,1,1
"KERNEL_DISPATCH","Agent 3",1,0,2659141,1283,65,"void microllm::ops::hip::(anonymous namespace)::matmul_typed_kernel<float>(float const*, float const*, float*, long, long, long, long)",7894,3219604415532464,3219604415541525,0,0,16,0,48,256,1,1,256,1,1
"KERNEL_DISPATCH","Agent 3",1,0,2659141,1284,123,"void microllm::ops::hip::(anonymous namespace)::add_rms_norm_kernel<256u>(float const*, float const*, float const*, float*, float*, long, long, float)",7915,3219604415582178,3219604415585385,1024,0,16,0,32,256,1,1,512,1,1
"KERNEL_DISPATCH","Agent 3",1,0,2659141,1285,65,"void microllm::ops::hip::(anonymous namespace)::matmul_typed_kernel<float>(float const*, float const*, float*, long, long, long, long)",7920,3219604415590194,3219604415600417,0,0,16,0,48,256,1,1,256,1,1
"KERNEL_DISPATCH","Agent 3",1,0,2659141,1286,65,"void microllm::ops::hip::(anonymous namespace)::matmul_typed_kernel<float>(float const*, float const*, float*, long, long, long, long)",7925,3219604415600413,3219604415609153,0,0,16,0,48,256,1,1,256,1,1
"KERNEL_DISPATCH","Agent 3",1,0,2659141,1287,75,"void microllm::ops::hip::(anonymous namespace)::swiglu_typed_kernel<float>(float const*, float const*, float*, long)",7930,3219604415609186,3219604415612674,0,0,12,4,32,256,1,1,256,1,1
"KERNEL_DISPATCH","Agent 3",1,0,2659141,1288,65,"void microllm::ops::hip::(anonymous namespace)::matmul_typed_kernel<float>(float const*, float const*, float*, long, long, long, long)",7939,3219604415632931,3219604415650130,0,0,16,0,48,256,1,1,256,1,1
"KERNEL_DISPATCH","Agent 3",1,0,2659141,1289,95,"void microllm::ops::hip::(anonymous namespace)::add_typed_kernel<float>(float const*, float const*, float*, long)",7946,3219604415668112,3219604415670878,0,0,8,0,32,256,1,1,256,1,1
"KERNEL_DISPATCH","Agent 3",1,0,2659141,1290,102,"microllm::ops::hip::(anonymous namespace)::rms_norm_kernel(float const*, float const*, float*, long, long, float)",7961,3219604415697074,3219604415699800,1024,0,12,4,32,256,1,1,512,1,1
"KERNEL_DISPATCH","Agent 3",1,0,2659141,1291,65,"void microllm::ops::hip::(anonymous namespace)::matmul_typed_kernel<float>(float const*, float const*, float*, long, long, long, long)",7966,3219604415704621,3219604415714483,0,0,16,0,48,256,1,1,256,1,1
"KERNEL_DISPATCH","Agent 3",1,0,2659141,1292,65,"void microllm::ops::hip::(anonymous namespace)::matmul_typed_kernel<float>(float const*, float const*, float*, long, long, long, long)",7971,3219604415714573,3219604415723634,0,0,16,0,48,256,1,1,256,1,1
"KERNEL_DISPATCH","Agent 3",1,0,2659141,1293,65,"void microllm::ops::hip::(anonymous namespace)::matmul_typed_kernel<float>(float const*, float const*, float*, long, long, long, long)",7976,3219604415723571,3219604415731830,0,0,16,0,48,256,1,1,256,1,1
"KERNEL_DISPATCH","Agent 3",1,0,2659141,1294,134,"microllm::ops::hip::(anonymous namespace)::rope_positions_kernel(float const*, int const*, float*, long, long, long, float)",7981,3219604415735112,3219604415737237,0,0,28,4,48,256,1,1,256,1,1
"KERNEL_DISPATCH","Agent 3",1,0,2659141,1295,134,"microllm::ops::hip::(anonymous namespace)::rope_positions_kernel(float const*, int const*, float*, long, long, long, float)",7986,3219604415744370,3219604415747016,0,0,28,4,48,256,1,1,256,1,1
"KERNEL_DISPATCH","Agent 3",1,0,2659141,1296,110,"void microllm::ops::hip::(anonymous namespace)::kv_cache_store_pair_positions_kernel<float>(float const*, float const*, int const*, int const*, float*, float*, long, long, long, long, long, long)",7989,3219604415750566,3219604415753012,0,0,20,4,48,256,1,1,256,1,1
"KERNEL_DISPATCH","Agent 3",1,0,2659141,1297,78,"void microllm::ops::hip::(anonymous namespace)::cached_attention_fused_positions_kernel<float>(float const*, float const*, float const*, int const*, int const*, float*, long, long, long, long, long, long, long, long, float)",7994,3219604415770983,3219604415777278,1024,0,52,4,64,256,1,1,2048,1,1
"KERNEL_DISPATCH","Agent 3",1,0,2659141,1298,65,"void microllm::ops::hip::(anonymous namespace)::matmul_typed_kernel<float>(float const*, float const*, float*, long, long, long, long)",7999,3219604415780563,3219604415788742,0,0,16,0,48,256,1,1,256,1,1
"KERNEL_DISPATCH","Agent 3",1,0,2659141,1299,123,"void microllm::ops::hip::(anonymous namespace)::add_rms_norm_kernel<256u>(float const*, float const*, float const*, float*, float*, long, long, float)",8020,3219604415829319,3219604415832045,1024,0,16,0,32,256,1,1,512,1,1
"KERNEL_DISPATCH","Agent 3",1,0,2659141,1300,65,"void microllm::ops::hip::(anonymous namespace)::matmul_typed_kernel<float>(float const*, float const*, float*, long, long, long, long)",8025,3219604415837367,3219604415847510,0,0,16,0,48,256,1,1,256,1,1
"KERNEL_DISPATCH","Agent 3",1,0,2659141,1301,65,"void microllm::ops::hip::(anonymous namespace)::matmul_typed_kernel<float>(float const*, float const*, float*, long, long, long, long)",8030,3219604415847590,3219604415856330,0,0,16,0,48,256,1,1,256,1,1
"KERNEL_DISPATCH","Agent 3",1,0,2659141,1302,75,"void microllm::ops::hip::(anonymous namespace)::swiglu_typed_kernel<float>(float const*, float const*, float*, long)",8035,3219604415856327,3219604415859815,0,0,12,4,32,256,1,1,256,1,1
"KERNEL_DISPATCH","Agent 3",1,0,2659141,1303,65,"void microllm::ops::hip::(anonymous namespace)::matmul_typed_kernel<float>(float const*, float const*, float*, long, long, long, long)",8044,3219604415879032,3219604415895791,0,0,16,0,48,256,1,1,256,1,1
"KERNEL_DISPATCH","Agent 3",1,0,2659141,1304,95,"void microllm::ops::hip::(anonymous namespace)::add_typed_kernel<float>(float const*, float const*, float*, long)",8051,3219604415915630,3219604415918276,0,0,8,0,32,256,1,1,256,1,1
"KERNEL_DISPATCH","Agent 3",1,0,2659141,1305,102,"microllm::ops::hip::(anonymous namespace)::rms_norm_kernel(float const*, float const*, float*, long, long, float)",8066,3219604415959202,3219604415962369,1024,0,12,4,32,256,1,1,512,1,1
"KERNEL_DISPATCH","Agent 3",1,0,2659141,1306,65,"void microllm::ops::hip::(anonymous namespace)::matmul_typed_kernel<float>(float const*, float const*, float*, long, long, long, long)",8073,3219604416016308,3219604416025489,0,0,16,0,48,256,1,1,512,1,1
"KERNEL_DISPATCH","Agent 3",1,0,2659141,1307,9,"__amd_rocclr_copyBuffer",8084,3219604416049782,3219604416051226,0,0,16,0,32,512,1,1,512,1,1
"KERNEL_DISPATCH","Agent 3",1,0,2659141,1308,9,"__amd_rocclr_copyBuffer",8086,3219604416054768,3219604416057013,0,0,16,0,32,512,1,1,512,1,1
"KERNEL_DISPATCH","Agent 3",1,0,2659141,1309,86,"microllm::ops::hip::(anonymous namespace)::argmax_last_dim_kernel(float const*, int*, long, long)",8092,3219604416076521,3219604416079808,4096,0,12,4,32,256,1,1,512,1,1
"KERNEL_DISPATCH","Agent 3",1,0,2659141,1310,9,"__amd_rocclr_copyBuffer",8095,3219604416083934,3219604416090188,0,0,16,0,32,512,1,1,512,1,1
"KERNEL_DISPATCH","Agent 3",1,0,2659141,1311,9,"__amd_rocclr_copyBuffer",8101,3219604416117797,3219604416121846,0,0,16,0,32,512,1,1,512,1,1
"KERNEL_DISPATCH","Agent 3",1,0,2659141,1312,9,"__amd_rocclr_copyBuffer",8105,3219604416138810,3219604416143260,0,0,16,0,32,512,1,1,512,1,1
"KERNEL_DISPATCH","Agent 3",1,0,2659141,1313,9,"__amd_rocclr_copyBuffer",8109,3219604416160177,3219604416164266,0,0,16,0,32,512,1,1,512,1,1
"KERNEL_DISPATCH","Agent 3",1,0,2659141,1314,92,"microllm::ops::hip::(anonymous namespace)::embedding_kernel(float const*, int const*, float*, long, long, long)",8113,3219604416179990,3219604416181754,0,0,16,0,32,256,1,1,256,1,1
"KERNEL_DISPATCH","Agent 3",1,0,2659141,1315,102,"microllm::ops::hip::(anonymous namespace)::rms_norm_kernel(float const*, float const*, float*, long, long, float)",8118,3219604416190061,3219604416192587,1024,0,12,4,32,256,1,1,512,1,1
"KERNEL_DISPATCH","Agent 3",1,0,2659141,1316,65,"void microllm::ops::hip::(anonymous namespace)::matmul_typed_kernel<float>(float const*, float const*, float*, long, long, long, long)",8123,3219604416199391,3219604416208973,0,0,16,0,48,256,1,1,256,1,1
"KERNEL_DISPATCH","Agent 3",1,0,2659141,1317,65,"void microllm::ops::hip::(anonymous namespace)::matmul_typed_kernel<float>(float const*, float const*, float*, long, long, long, long)",8128,3219604416208943,3219604416217763,0,0,16,0,48,256,1,1,256,1,1
"KERNEL_DISPATCH","Agent 3",1,0,2659141,1318,65,"void microllm::ops::hip::(anonymous namespace)::matmul_typed_kernel<float>(float const*, float const*, float*, long, long, long, long)",8133,3219604416217727,3219604416226147,0,0,16,0,48,256,1,1,256,1,1
"KERNEL_DISPATCH","Agent 3",1,0,2659141,1319,134,"microllm::ops::hip::(anonymous namespace)::rope_positions_kernel(float const*, int const*, float*, long, long, long, float)",8138,3219604416229401,3219604416231726,0,0,28,4,48,256,1,1,256,1,1
"KERNEL_DISPATCH","Agent 3",1,0,2659141,1320,134,"microllm::ops::hip::(anonymous namespace)::rope_positions_kernel(float const*, int const*, float*, long, long, long, float)",8143,3219604416238973,3219604416241739,0,0,28,4,48,256,1,1,256,1,1
"KERNEL_DISPATCH","Agent 3",1,0,2659141,1321,110,"void microllm::ops::hip::(anonymous namespace)::kv_cache_store_pair_positions_kernel<float>(float const*, float const*, int const*, int const*, float*, float*, long, long, long, long, long, long)",8146,3219604416244971,3219604416247577,0,0,20,4,48,256,1,1,256,1,1
"KERNEL_DISPATCH","Agent 3",1,0,2659141,1322,78,"void microllm::ops::hip::(anonymous namespace)::cached_attention_fused_positions_kernel<float>(float const*, float const*, float const*, int const*, int const*, float*, long, long, long, long, long, long, long, long, float)",8151,3219604416254467,3219604416261162,1024,0,52,4,64,256,1,1,2048,1,1
"KERNEL_DISPATCH","Agent 3",1,0,2659141,1323,65,"void microllm::ops::hip::(anonymous namespace)::matmul_typed_kernel<float>(float const*, float const*, float*, long, long, long, long)",8156,3219604416264318,3219604416272216,0,0,16,0,48,256,1,1,256,1,1
"KERNEL_DISPATCH","Agent 3",1,0,2659141,1324,123,"void microllm::ops::hip::(anonymous namespace)::add_rms_norm_kernel<256u>(float const*, float const*, float const*, float*, float*, long, long, float)",8177,3219604416311753,3219604416314961,1024,0,16,0,32,256,1,1,512,1,1
"KERNEL_DISPATCH","Agent 3",1,0,2659141,1325,65,"void microllm::ops::hip::(anonymous namespace)::matmul_typed_kernel<float>(float const*, float const*, float*, long, long, long, long)",8182,3219604416319855,3219604416329998,0,0,16,0,48,256,1,1,256,1,1
"KERNEL_DISPATCH","Agent 3",1,0,2659141,1326,65,"void microllm::ops::hip::(anonymous namespace)::matmul_typed_kernel<float>(float const*, float const*, float*, long, long, long, long)",8187,3219604416330085,3219604416338825,0,0,16,0,48,256,1,1,256,1,1
"KERNEL_DISPATCH","Agent 3",1,0,2659141,1327,75,"void microllm::ops::hip::(anonymous namespace)::swiglu_typed_kernel<float>(float const*, float const*, float*, long)",8192,3219604416338763,3219604416342291,0,0,12,4,32,256,1,1,256,1,1
"KERNEL_DISPATCH","Agent 3",1,0,2659141,1328,65,"void microllm::ops::hip::(anonymous namespace)::matmul_typed_kernel<float>(float const*, float const*, float*, long, long, long, long)",8201,3219604416362173,3219604416379052,0,0,16,0,48,256,1,1,256,1,1
"KERNEL_DISPATCH","Agent 3",1,0,2659141,1329,95,"void microllm::ops::hip::(anonymous namespace)::add_typed_kernel<float>(float const*, float const*, float*, long)",8208,3219604416407496,3219604416410102,0,0,8,0,32,256,1,1,256,1,1
"KERNEL_DISPATCH","Agent 3",1,0,2659141,1330,102,"microllm::ops::hip::(anonymous namespace)::rms_norm_kernel(float const*, float const*, float*, long, long, float)",8223,3219604416435925,3219604416438531,1024,0,12,4,32,256,1,1,512,1,1
"KERNEL_DISPATCH","Agent 3",1,0,2659141,1331,65,"void microllm::ops::hip::(anonymous namespace)::matmul_typed_kernel<float>(float const*, float const*, float*, long, long, long, long)",8228,3219604416443472,3219604416453294,0,0,16,0,48,256,1,1,256,1,1
"KERNEL_DISPATCH","Agent 3",1,0,2659141,1332,65,"void microllm::ops::hip::(anonymous namespace)::matmul_typed_kernel<float>(float const*, float const*, float*, long, long, long, long)",8233,3219604416453370,3219604416462110,0,0,16,0,48,256,1,1,256,1,1
"KERNEL_DISPATCH","Agent 3",1,0,2659141,1333,65,"void microllm::ops::hip::(anonymous namespace)::matmul_typed_kernel<float>(float const*, float const*, float*, long, long, long, long)",8238,3219604416462079,3219604416471060,0,0,16,0,48,256,1,1,256,1,1
"KERNEL_DISPATCH","Agent 3",1,0,2659141,1334,134,"microllm::ops::hip::(anonymous namespace)::rope_positions_kernel(float const*, int const*, float*, long, long, long, float)",8243,3219604416471391,3219604416474798,0,0,28,4,48,256,1,1,256,1,1
"KERNEL_DISPATCH","Agent 3",1,0,2659141,1335,134,"microllm::ops::hip::(anonymous namespace)::rope_positions_kernel(float const*, int const*, float*, long, long, long, float)",8248,3219604416478538,3219604416481064,0,0,28,4,48,256,1,1,256,1,1
"KERNEL_DISPATCH","Agent 3",1,0,2659141,1336,110,"void microllm::ops::hip::(anonymous namespace)::kv_cache_store_pair_positions_kernel<float>(float const*, float const*, int const*, int const*, float*, float*, long, long, long, long, long, long)",8251,3219604416485042,3219604416487648,0,0,20,4,48,256,1,1,256,1,1
"KERNEL_DISPATCH","Agent 3",1,0,2659141,1337,78,"void microllm::ops::hip::(anonymous namespace)::cached_attention_fused_positions_kernel<float>(float const*, float const*, float const*, int const*, int const*, float*, long, long, long, long, long, long, long, long, float)",8256,3219604416495107,3219604416501241,1024,0,52,4,64,256,1,1,2048,1,1
"KERNEL_DISPATCH","Agent 3",1,0,2659141,1338,65,"void microllm::ops::hip::(anonymous namespace)::matmul_typed_kernel<float>(float const*, float const*, float*, long, long, long, long)",8261,3219604416504939,3219604416513919,0,0,16,0,48,256,1,1,256,1,1
"KERNEL_DISPATCH","Agent 3",1,0,2659141,1339,123,"void microllm::ops::hip::(anonymous namespace)::add_rms_norm_kernel<256u>(float const*, float const*, float const*, float*, float*, long, long, float)",8282,3219604416597576,3219604416600663,1024,0,16,0,32,256,1,1,512,1,1
"KERNEL_DISPATCH","Agent 3",1,0,2659141,1340,65,"void microllm::ops::hip::(anonymous namespace)::matmul_typed_kernel<float>(float const*, float const*, float*, long, long, long, long)",8287,3219604416606547,3219604416616450,0,0,16,0,48,256,1,1,256,1,1
"KERNEL_DISPATCH","Agent 3",1,0,2659141,1341,65,"void microllm::ops::hip::(anonymous namespace)::matmul_typed_kernel<float>(float const*, float const*, float*, long, long, long, long)",8292,3219604416616380,3219604416625280,0,0,16,0,48,256,1,1,256,1,1
"KERNEL_DISPATCH","Agent 3",1,0,2659141,1342,75,"void microllm::ops::hip::(anonymous namespace)::swiglu_typed_kernel<float>(float const*, float const*, float*, long)",8297,3219604416625314,3219604416628762,0,0,12,4,32,256,1,1,256,1,1
"KERNEL_DISPATCH","Agent 3",1,0,2659141,1343,65,"void microllm::ops::hip::(anonymous namespace)::matmul_typed_kernel<float>(float const*, float const*, float*, long, long, long, long)",8306,3219604416648704,3219604416665261,0,0,16,0,48,256,1,1,256,1,1
"KERNEL_DISPATCH","Agent 3",1,0,2659141,1344,95,"void microllm::ops::hip::(anonymous namespace)::add_typed_kernel<float>(float const*, float const*, float*, long)",8313,3219604416682859,3219604416685064,0,0,8,0,32,256,1,1,256,1,1
"KERNEL_DISPATCH","Agent 3",1,0,2659141,1345,102,"microllm::ops::hip::(anonymous namespace)::rms_norm_kernel(float const*, float const*, float*, long, long, float)",8328,3219604416711556,3219604416714122,1024,0,12,4,32,256,1,1,512,1,1
"KERNEL_DISPATCH","Agent 3",1,0,2659141,1346,65,"void microllm::ops::hip::(anonymous namespace)::matmul_typed_kernel<float>(float const*, float const*, float*, long, long, long, long)",8335,3219604416732601,3219604416742143,0,0,16,0,48,256,1,1,512,1,1
"KERNEL_DISPATCH","Agent 3",1,0,2659141,1347,9,"__amd_rocclr_copyBuffer",8346,3219604416765450,3219604416766934,0,0,16,0,32,512,1,1,512,1,1
"KERNEL_DISPATCH","Agent 3",1,0,2659141,1348,9,"__amd_rocclr_copyBuffer",8348,3219604416770557,3219604416772682,0,0,16,0,32,512,1,1,512,1,1
"KERNEL_DISPATCH","Agent 3",1,0,2659141,1349,86,"microllm::ops::hip::(anonymous namespace)::argmax_last_dim_kernel(float const*, int*, long, long)",8354,3219604416791700,3219604416795108,4096,0,12,4,32,256,1,1,512,1,1
"KERNEL_DISPATCH","Agent 3",1,0,2659141,1350,9,"__amd_rocclr_copyBuffer",8357,3219604416799382,3219604416804233,0,0,16,0,32,512,1,1,512,1,1
"KERNEL_DISPATCH","Agent 3",1,0,2659141,1351,101,"void microllm::ops::hip::(anonymous namespace)::fill_typed_kernel<float>(float*, long, float)",8361,3219604416828130,3219604416829413,0,0,4,4,16,256,1,1,2048,1,1
"KERNEL_DISPATCH","Agent 3",1,0,2659141,1352,101,"void microllm::ops::hip::(anonymous namespace)::fill_typed_kernel<float>(float*, long, float)",8364,3219604416833806,3219604416835209,0,0,4,4,16,256,1,1,2048,1,1
"KERNEL_DISPATCH","Agent 3",1,0,2659141,1353,101,"void microllm::ops::hip::(anonymous namespace)::fill_typed_kernel<float>(float*, long, float)",8367,3219604416839708,3219604416841272,0,0,4,4,16,256,1,1,2048,1,1
"KERNEL_DISPATCH","Agent 3",1,0,2659141,1354,101,"void microllm::ops::hip::(anonymous namespace)::fill_typed_kernel<float>(float*, long, float)",8370,3219604416846409,3219604416847933,0,0,4,4,16,256,1,1,2048,1,1
"KERNEL_DISPATCH","Agent 3",1,0,2659141,1355,9,"__amd_rocclr_copyBuffer",8375,3219604416856510,3219604416859998,0,0,16,0,32,512,1,1,512,1,1
"KERNEL_DISPATCH","Agent 3",1,0,2659141,1356,9,"__amd_rocclr_copyBuffer",8379,3219604416876467,3219604416880075,0,0,16,0,32,512,1,1,512,1,1
"KERNEL_DISPATCH","Agent 3",1,0,2659141,1357,9,"__amd_rocclr_copyBuffer",8383,3219604416896813,3219604416900702,0,0,16,0,32,512,1,1,512,1,1
"KERNEL_DISPATCH","Agent 3",1,0,2659141,1358,92,"microllm::ops::hip::(anonymous namespace)::embedding_kernel(float const*, int const*, float*, long, long, long)",8387,3219604416916753,3219604416918598,0,0,16,0,32,256,1,1,256,1,1
"KERNEL_DISPATCH","Agent 3",1,0,2659141,1359,102,"microllm::ops::hip::(anonymous namespace)::rms_norm_kernel(float const*, float const*, float*, long, long, float)",8392,3219604416928138,3219604416930584,1024,0,12,4,32,256,1,1,256,1,1
"KERNEL_DISPATCH","Agent 3",1,0,2659141,1360,65,"void microllm::ops::hip::(anonymous namespace)::matmul_typed_kernel<float>(float const*, float const*, float*, long, long, long, long)",8397,3219604416938858,3219604416948399,0,0,16,0,48,256,1,1,256,1,1
"KERNEL_DISPATCH","Agent 3",1,0,2659141,1361,65,"void microllm::ops::hip::(anonymous namespace)::matmul_typed_kernel<float>(float const*, float const*, float*, long, long, long, long)",8402,3219604416962529,3219604416970908,0,0,16,0,48,256,1,1,256,1,1
"KERNEL_DISPATCH","Agent 3",1,0,2659141,1362,65,"void microllm::ops::hip::(anonymous namespace)::matmul_typed_kernel<float>(float const*, float const*, float*, long, long, long, long)",8407,3219604416976579,3219604416985359,0,0,16,0,48,256,1,1,256,1,1
"KERNEL_DISPATCH","Agent 3",1,0,2659141,1363,134,"microllm::ops::hip::(anonymous namespace)::rope_positions_kernel(float const*, int const*, float*, long, long, long, float)",8412,3219604417000079,3219604417002885,0,0,28,4,48,256,1,1,256,1,1
"KERNEL_DISPATCH","Agent 3",1,0,2659141,1364,134,"microllm::ops::hip::(anonymous namespace)::rope_positions_kernel(float const*, int const*, float*, long, long, long, float)",8417,3219604417040487,3219604417043214,0,0,28,4,48,256,1,1,256,1,1
"KERNEL_DISPATCH","Agent 3",1,0,2659141,1365,110,"void microllm::ops::hip::(anonymous namespace)::kv_cache_store_pair_positions_kernel<float>(float const*, float const*, int const*, int const*, float*, float*, long, long, long, long, long, long)",8420,3219604417048418,3219604417050664,0,0,20,4,48,256,1,1,256,1,1
"KERNEL_DISPATCH","Agent 3",1,0,2659141,1366,78,"void microllm::ops::hip::(anonymous namespace)::cached_attention_fused_positions_kernel<float>(float const*, float const*, float const*, int const*, int const*, float*, long, long, long, long, long, long, long, long, float)",8425,3219604417058270,3219604417064845,1024,0,52,4,64,256,1,1,1024,1,1
"KERNEL_DISPATCH","Agent 3",1,0,2659141,1367,65,"void microllm::ops::hip::(anonymous namespace)::matmul_typed_kernel<float>(float const*, float const*, float*, long, long, long, long)",8430,3219604417068195,3219604417077616,0,0,16,0,48,256,1,1,256,1,1
"KERNEL_DISPATCH","Agent 3",1,0,2659141,1368,123,"void microllm::ops::hip::(anonymous namespace)::add_rms_norm_kernel<256u>(float const*, float const*, float const*, float*, float*, long, long, float)",8451,3219604417126650,3219604417129737,1024,0,16,0,32,256,1,1,256,1,1
"KERNEL_DISPATCH","Agent 3",1,0,2659141,1369,65,"void microllm::ops::hip::(anonymous namespace)::matmul_typed_kernel<float>(float const*, float const*, float*, long, long, long, long)",8456,3219604417135330,3219604417145193,0,0,16,0,48,256,1,1,256,1,1
"KERNEL_DISPATCH","Agent 3",1,0,2659141,1370,65,"void microllm::ops::hip::(anonymous namespace)::matmul_typed_kernel<float>(float const*, float const*, float*, long, long, long, long)",8461,3219604417145124,3219604417154104,0,0,16,0,48,256,1,1,256,1,1
"KERNEL_DISPATCH","Agent 3",1,0,2659141,1371,75,"void microllm::ops::hip::(anonymous namespace)::swiglu_typed_kernel<float>(float const*, float const*, float*, long)",8466,3219604417154298,3219604417157706,0,0,12,4,32,256,1,1,256,1,1
"KERNEL_DISPATCH","Agent 3",1,0,2659141,1372,65,"void microllm::ops::hip::(anonymous namespace)::matmul_typed_kernel<float>(float const*, float const*, float*, long, long, long, long)",8475,3219604417178330,3219604417195650,0,0,16,0,48,256,1,1,256,1,1
"KERNEL_DISPATCH","Agent 3",1,0,2659141,1373,95,"void microllm::ops::hip::(anonymous namespace)::add_typed_kernel<float>(float const*, float const*, float*, long)",8482,3219604417213776,3219604417216583,0,0,8,0,32,256,1,1,256,1,1
"KERNEL_DISPATCH","Agent 3",1,0,2659141,1374,102,"microllm::ops::hip::(anonymous namespace)::rms_norm_kernel(float const*, float const*, float*, long, long, float)",8497,3219604417243702,3219604417246308,1024,0,12,4,32,256,1,1,256,1,1
"KERNEL_DISPATCH","Agent 3",1,0,2659141,1375,65,"void microllm::ops::hip::(anonymous namespace)::matmul_typed_kernel<float>(float const*, float const*, float*, long, long, long, long)",8502,3219604417251576,3219604417261077,0,0,16,0,48,256,1,1,256,1,1
"KERNEL_DISPATCH","Agent 3",1,0,2659141,1376,65,"void microllm::ops::hip::(anonymous namespace)::matmul_typed_kernel<float>(float const*, float const*, float*, long, long, long, long)",8507,3219604417261045,3219604417269385,0,0,16,0,48,256,1,1,256,1,1
"KERNEL_DISPATCH","Agent 3",1,0,2659141,1377,65,"void microllm::ops::hip::(anonymous namespace)::matmul_typed_kernel<float>(float const*, float const*, float*, long, long, long, long)",8512,3219604417269463,3219604417278082,0,0,16,0,48,256,1,1,256,1,1
"KERNEL_DISPATCH","Agent 3",1,0,2659141,1378,134,"microllm::ops::hip::(anonymous namespace)::rope_positions_kernel(float const*, int const*, float*, long, long, long, float)",8517,3219604417278181,3219604417281669,0,0,28,4,48,256,1,1,256,1,1
"KERNEL_DISPATCH","Agent 3",1,0,2659141,1379,134,"microllm::ops::hip::(anonymous namespace)::rope_positions_kernel(float const*, int const*, float*, long, long, long, float)",8522,3219604417285419,3219604417288145,0,0,28,4,48,256,1,1,256,1,1
"KERNEL_DISPATCH","Agent 3",1,0,2659141,1380,110,"void microllm::ops::hip::(anonymous namespace)::kv_cache_store_pair_positions_kernel<float>(float const*, float const*, int const*, int const*, float*, float*, long, long, long, long, long, long)",8525,3219604417292962,3219604417295488,0,0,20,4,48,256,1,1,256,1,1
"KERNEL_DISPATCH","Agent 3",1,0,2659141,1381,78,"void microllm::ops::hip::(anonymous namespace)::cached_attention_fused_positions_kernel<float>(float const*, float const*, float const*, int const*, int const*, float*, long, long, long, long, long, long, long, long, float)",8530,3219604417303033,3219604417309328,1024,0,52,4,64,256,1,1,1024,1,1
"KERNEL_DISPATCH","Agent 3",1,0,2659141,1382,65,"void microllm::ops::hip::(anonymous namespace)::matmul_typed_kernel<float>(float const*, float const*, float*, long, long, long, long)",8535,3219604417313057,3219604417322118,0,0,16,0,48,256,1,1,256,1,1
"KERNEL_DISPATCH","Agent 3",1,0,2659141,1383,123,"void microllm::ops::hip::(anonymous namespace)::add_rms_norm_kernel<256u>(float const*, float const*, float const*, float*, float*, long, long, float)",8556,3219604417359516,3219604417362523,1024,0,16,0,32,256,1,1,256,1,1
"KERNEL_DISPATCH","Agent 3",1,0,2659141,1384,65,"void microllm::ops::hip::(anonymous namespace)::matmul_typed_kernel<float>(float const*, float const*, float*, long, long, long, long)",8561,3219604417367517,3219604417377419,0,0,16,0,48,256,1,1,256,1,1
"KERNEL_DISPATCH","Agent 3",1,0,2659141,1385,65,"void microllm::ops::hip::(anonymous namespace)::matmul_typed_kernel<float>(float const*, float const*, float*, long, long, long, long)",8566,3219604417377446,3219604417386307,0,0,16,0,48,256,1,1,256,1,1
"KERNEL_DISPATCH","Agent 3",1,0,2659141,1386,75,"void microllm::ops::hip::(anonymous namespace)::swiglu_typed_kernel<float>(float const*, float const*, float*, long)",8571,3219604417386196,3219604417389724,0,0,12,4,32,256,1,1,256,1,1
"KERNEL_DISPATCH","Agent 3",1,0,2659141,1387,65,"void microllm::ops::hip::(anonymous namespace)::matmul_typed_kernel<float>(float const*, float const*, float*, long, long, long, long)",8580,3219604417409627,3219604417426466,0,0,16,0,48,256,1,1,256,1,1
"KERNEL_DISPATCH","Agent 3",1,0,2659141,1388,95,"void microllm::ops::hip::(anonymous namespace)::add_typed_kernel<float>(float const*, float const*, float*, long)",8587,3219604417443755,3219604417446401,0,0,8,0,32,256,1,1,256,1,1
"KERNEL_DISPATCH","Agent 3",1,0,2659141,1389,102,"microllm::ops::hip::(anonymous namespace)::rms_norm_kernel(float const*, float const*, float*, long, long, float)",8602,3219604417472808,3219604417475895,1024,0,12,4,32,256,1,1,256,1,1
"KERNEL_DISPATCH","Agent 3",1,0,2659141,1390,65,"void microllm::ops::hip::(anonymous namespace)::matmul_typed_kernel<float>(float const*, float const*, float*, long, long, long, long)",8609,3219604417493758,3219604417503420,0,0,16,0,48,256,1,1,256,1,1
"KERNEL_DISPATCH","Agent 3",1,0,2659141,1391,9,"__amd_rocclr_copyBuffer",8620,3219604417525216,3219604417527301,0,0,16,0,32,512,1,1,512,1,1
"KERNEL_DISPATCH","Agent 3",1,0,2659141,1392,9,"__amd_rocclr_copyBuffer",8626,3219604417547208,3219604417550696,0,0,16,0,32,512,1,1,512,1,1
"KERNEL_DISPATCH","Agent 3",1,0,2659141,1393,92,"microllm::ops::hip::(anonymous namespace)::embedding_kernel(float const*, int const*, float*, long, long, long)",8630,3219604417576553,3219604417578878,0,0,16,0,32,256,1,1,768,1,1
"KERNEL_DISPATCH","Agent 3",1,0,2659141,1394,102,"microllm::ops::hip::(anonymous namespace)::rms_norm_kernel(float const*, float const*, float*, long, long, float)",8635,3219604417584380,3219604417587186,1024,0,12,4,32,256,1,1,3072,1,1
"KERNEL_DISPATCH","Agent 3",1,0,2659141,1395,65,"void microllm::ops::hip::(anonymous namespace)::matmul_typed_kernel<float>(float const*, float const*, float*, long, long, long, long)",8640,3219604417593355,3219604417603418,0,0,16,0,48,256,1,1,768,1,1
"KERNEL_DISPATCH","Agent 3",1,0,2659141,1396,65,"void microllm::ops::hip::(anonymous namespace)::matmul_typed_kernel<float>(float const*, float const*, float*, long, long, long, long)",8645,3219604417603484,3219604417612705,0,0,16,0,48,256,1,1,512,1,1
"KERNEL_DISPATCH","Agent 3",1,0,2659141,1397,65,"void microllm::ops::hip::(anonymous namespace)::matmul_typed_kernel<float>(float const*, float const*, float*, long, long, long, long)",8650,3219604417612675,3219604417621576,0,0,16,0,48,256,1,1,512,1,1
"KERNEL_DISPATCH","Agent 3",1,0,2659141,1398,138,"microllm::runtime::detail::(anonymous namespace)::strided_copy_kernel(std::byte*, std::byte const*, unsigned long, long, microllm::runtime::detail::(anonymous namespace)::Layout)",8655,3219604417621522,3219604417625090,0,0,20,4,48,256,1,1,768,1,1
"KERNEL_DISPATCH","Agent 3",1,0,2659141,1399,138,"microllm::runtime::detail::(anonymous namespace)::strided_copy_kernel(std::byte*, std::byte const*, unsigned long, long, microllm::runtime::detail::(anonymous namespace)::Layout)",8660,3219604417630794,3219604417634081,0,0,20,4,48,256,1,1,512,1,1
"KERNEL_DISPATCH","Agent 3",1,0,2659141,1400,138,"microllm::runtime::detail::(anonymous namespace)::strided_copy_kernel(std::byte*, std::byte const*, unsigned long, long, microllm::runtime::detail::(anonymous namespace)::Layout)",8665,3219604417641170,3219604417644338,0,0,20,4,48,256,1,1,512,1,1
"KERNEL_DISPATCH","Agent 3",1,0,2659141,1401,76,"microllm::ops::hip::(anonymous namespace)::rope_kernel(float const*, float*, long, long, long, long, long, float)",8670,3219604417649409,3219604417653058,0,0,28,4,48,256,1,1,512,1,1
"KERNEL_DISPATCH","Agent 3",1,0,2659141,1402,76,"microllm::ops::hip::(anonymous namespace)::rope_kernel(float const*, float*, long, long, long, long, long, float)",8677,3219604417675289,3219604417677895,0,0,28,4,48,256,1,1,256,1,1
"KERNEL_DISPATCH","Agent 3",1,0,2659141,1403,9,"__amd_rocclr_copyBuffer",8684,3219604417696168,3219604417697732,0,0,16,0,32,512,1,1,512,1,1
"KERNEL_DISPATCH","Agent 3",1,0,2659141,1404,9,"__amd_rocclr_copyBuffer",8686,3219604417701117,3219604417702200,0,0,16,0,32,512,1,1,512,1,1
"KERNEL_DISPATCH","Agent 3",1,0,2659141,1405,9,"__amd_rocclr_copyBuffer",8690,3219604417709198,3219604417710882,0,0,16,0,32,512,1,1,512,1,1
"KERNEL_DISPATCH","Agent 3",1,0,2659141,1406,9,"__amd_rocclr_copyBuffer",8692,3219604417714315,3219604417715878,0,0,16,0,32,512,1,1,512,1,1
"KERNEL_DISPATCH","Agent 3",1,0,2659141,1407,135,"microllm::ops::hip::(anonymous namespace)::causal_gqa_attention_kernel(float const*, float const*, float const*, float*, float*, long, long, long, long, long, long, float)",8696,3219604417723202,3219604417729496,1024,0,24,0,64,256,1,1,12288,1,1
"KERNEL_DISPATCH","Agent 3",1,0,2659141,1408,138,"microllm::runtime::detail::(anonymous namespace)::strided_copy_kernel(std::byte*, std::byte const*, unsigned long, long, microllm::runtime::detail::(anonymous namespace)::Layout)",8701,3219604417732825,3219604417736794,0,0,20,4,48,256,1,1,768,1,1
"KERNEL_DISPATCH","Agent 3",1,0,2659141,1409,65,"void microllm::ops::hip::(anonymous namespace)::matmul_typed_kernel<float>(float const*, float const*, float*, long, long, long, long)",8708,3219604417755880,3219604417765221,0,0,16,0,48,256,1,1,768,1,1
"KERNEL_DISPATCH","Agent 3",1,0,2659141,1410,95,"void microllm::ops::hip::(anonymous namespace)::add_typed_kernel<float>(float const*, float const*, float*, long)",8727,3219604417795739,3219604417798745,0,0,8,0,32,256,1,1,768,1,1
"KERNEL_DISPATCH","Agent 3",1,0,2659141,1411,102,"microllm::ops::hip::(anonymous namespace)::rms_norm_kernel(float const*, float const*, float*, long, long, float)",8736,3219604417819948,3219604417822674,1024,0,12,4,32,256,1,1,3072,1,1
"KERNEL_DISPATCH","Agent 3",1,0,2659141,1412,65,"void microllm::ops::hip::(anonymous namespace)::matmul_typed_kernel<float>(float const*, float const*, float*, long, long, long, long)",8741,3219604417831112,3219604417841456,0,0,16,0,48,256,1,1,1536,1,1
"KERNEL_DISPATCH","Agent 3",1,0,2659141,1413,65,"void microllm::ops::hip::(anonymous namespace)::matmul_typed_kernel<float>(float const*, float const*, float*, long, long, long, long)",8746,3219604417841352,3219604417850052,0,0,16,0,48,256,1,1,1536,1,1
"KERNEL_DISPATCH","Agent 3",1,0,2659141,1414,75,"void microllm::ops::hip::(anonymous namespace)::swiglu_typed_kernel<float>(float const*, float const*, float*, long)",8751,3219604417853507,3219604417855191,0,0,12,4,32,256,1,1,1536,1,1
"KERNEL_DISPATCH","Agent 3",1,0,2659141,1415,65,"void microllm::ops::hip::(anonymous namespace)::matmul_typed_kernel<float>(float const*, float const*, float*, long, long, long, long)",8760,3219604417884758,3219604417901716,0,0,16,0,48,256,1,1,768,1,1
"KERNEL_DISPATCH","Agent 3",1,0,2659141,1416,95,"void microllm::ops::hip::(anonymous namespace)::add_typed_kernel<float>(float const*, float const*, float*, long)",8767,3219604417923976,3219604417926902,0,0,8,0,32,256,1,1,768,1,1
"KERNEL_DISPATCH","Agent 3",1,0,2659141,1417,102,"microllm::ops::hip::(anonymous namespace)::rms_norm_kernel(float const*, float const*, float*, long, long, float)",8780,3219604417952010,3219604417954656,1024,0,12,4,32,256,1,1,3072,1,1
"KERNEL_DISPATCH","Agent 3",1,0,2659141,1418,65,"void microllm::ops::hip::(anonymous namespace)::matmul_typed_kernel<float>(float const*, float const*, float*, long, long, long, long)",8785,3219604417959253,3219604417968875,0,0,16,0,48,256,1,1,768,1,1
"KERNEL_DISPATCH","Agent 3",1,0,2659141,1419,65,"void microllm::ops::hip::(anonymous namespace)::matmul_typed_kernel<float>(float const*, float const*, float*, long, long, long, long)",8790,3219604417968847,3219604417977627,0,0,16,0,48,256,1,1,512,1,1
"KERNEL_DISPATCH","Agent 3",1,0,2659141,1420,65,"void microllm::ops::hip::(anonymous namespace)::matmul_typed_kernel<float>(float const*, float const*, float*, long, long, long, long)",8795,3219604417977648,3219604417986549,0,0,16,0,48,256,1,1,512,1,1
"KERNEL_DISPATCH","Agent 3",1,0,2659141,1421,138,"microllm::runtime::detail::(anonymous namespace)::strided_copy_kernel(std::byte*, std::byte const*, unsigned long, long, microllm::runtime::detail::(anonymous namespace)::Layout)",8800,3219604417986514,3219604417990002,0,0,20,4,48,256,1,1,768,1,1
"KERNEL_DISPATCH","Agent 3",1,0,2659141,1422,138,"microllm::runtime::detail::(anonymous namespace)::strided_copy_kernel(std::byte*, std::byte const*, unsigned long, long, microllm::runtime::detail::(anonymous namespace)::Layout)",8805,3219604417994647,3219604417997454,0,0,20,4,48,256,1,1,512,1,1
"KERNEL_DISPATCH","Agent 3",1,0,2659141,1423,138,"microllm::runtime::detail::(anonymous namespace)::strided_copy_kernel(std::byte*, std::byte const*, unsigned long, long, microllm::runtime::detail::(anonymous namespace)::Layout)",8810,3219604418004473,3219604418007399,0,0,20,4,48,256,1,1,512,1,1
"KERNEL_DISPATCH","Agent 3",1,0,2659141,1424,76,"microllm::ops::hip::(anonymous namespace)::rope_kernel(float const*, float*, long, long, long, long, long, float)",8815,3219604418013358,3219604418017046,0,0,28,4,48,256,1,1,512,1,1
"KERNEL_DISPATCH","Agent 3",1,0,2659141,1425,76,"microllm::ops::hip::(anonymous namespace)::rope_kernel(float const*, float*, long, long, long, long, long, float)",8822,3219604418050208,3219604418052734,0,0,28,4,48,256,1,1,256,1,1
"KERNEL_DISPATCH","Agent 3",1,0,2659141,1426,9,"__amd_rocclr_copyBuffer",8829,3219604418070615,3219604418072099,0,0,16,0,32,512,1,1,512,1,1
"KERNEL_DISPATCH","Agent 3",1,0,2659141,1427,9,"__amd_rocclr_copyBuffer",8831,3219604418075461,3219604418076343,0,0,16,0,32,512,1,1,512,1,1
"KERNEL_DISPATCH","Agent 3",1,0,2659141,1428,9,"__amd_rocclr_copyBuffer",8835,3219604418083117,3219604418084600,0,0,16,0,32,512,1,1,512,1,1
"KERNEL_DISPATCH","Agent 3",1,0,2659141,1429,9,"__amd_rocclr_copyBuffer",8837,3219604418087961,3219604418089324,0,0,16,0,32,512,1,1,512,1,1
"KERNEL_DISPATCH","Agent 3",1,0,2659141,1430,135,"microllm::ops::hip::(anonymous namespace)::causal_gqa_attention_kernel(float const*, float const*, float const*, float*, float*, long, long, long, long, long, long, float)",8841,3219604418096756,3219604418102810,1024,0,24,0,64,256,1,1,12288,1,1
"KERNEL_DISPATCH","Agent 3",1,0,2659141,1431,138,"microllm::runtime::detail::(anonymous namespace)::strided_copy_kernel(std::byte*, std::byte const*, unsigned long, long, microllm::runtime::detail::(anonymous namespace)::Layout)",8846,3219604418106371,3219604418109498,0,0,20,4,48,256,1,1,768,1,1
"KERNEL_DISPATCH","Agent 3",1,0,2659141,1432,65,"void microllm::ops::hip::(anonymous namespace)::matmul_typed_kernel<float>(float const*, float const*, float*, long, long, long, long)",8853,3219604418127718,3219604418136618,0,0,16,0,48,256,1,1,768,1,1
"KERNEL_DISPATCH","Agent 3",1,0,2659141,1433,95,"void microllm::ops::hip::(anonymous namespace)::add_typed_kernel<float>(float const*, float const*, float*, long)",8872,3219604418166608,3219604418169054,0,0,8,0,32,256,1,1,768,1,1
"KERNEL_DISPATCH","Agent 3",1,0,2659141,1434,102,"microllm::ops::hip::(anonymous namespace)::rms_norm_kernel(float const*, float const*, float*, long, long, float)",8881,3219604418191894,3219604418194580,1024,0,12,4,32,256,1,1,3072,1,1
"KERNEL_DISPATCH","Agent 3",1,0,2659141,1435,65,"void microllm::ops::hip::(anonymous namespace)::matmul_typed_kernel<float>(float const*, float const*, float*, long, long, long, long)",8886,3219604418225370,3219604418234952,0,0,16,0,48,256,1,1,1536,1,1
"KERNEL_DISPATCH","Agent 3",1,0,2659141,1436,65,"void microllm::ops::hip::(anonymous namespace)::matmul_typed_kernel<float>(float const*, float const*, float*, long, long, long, long)",8891,3219604418238119,3219604418247340,0,0,16,0,48,256,1,1,1536,1,1
"KERNEL_DISPATCH","Agent 3",1,0,2659141,1437,75,"void microllm::ops::hip::(anonymous namespace)::swiglu_typed_kernel<float>(float const*, float const*, float*, long)",8896,3219604418250622,3219604418252506,0,0,12,4,32,256,1,1,1536,1,1
"KERNEL_DISPATCH","Agent 3",1,0,2659141,1438,65,"void microllm::ops::hip::(anonymous namespace)::matmul_typed_kernel<float>(float const*, float const*, float*, long, long, long, long)",8905,3219604418276761,3219604418294081,0,0,16,0,48,256,1,1,768,1,1
"KERNEL_DISPATCH","Agent 3",1,0,2659141,1439,95,"void microllm::ops::hip::(anonymous namespace)::add_typed_kernel<float>(float const*, float const*, float*, long)",8912,3219604418312886,3219604418315853,0,0,8,0,32,256,1,1,768,1,1
"KERNEL_DISPATCH","Agent 3",1,0,2659141,1440,102,"microllm::ops::hip::(anonymous namespace)::rms_norm_kernel(float const*, float const*, float*, long, long, float)",8925,3219604418340363,3219604418343209,1024,0,12,4,32,256,1,1,3072,1,1
"KERNEL_DISPATCH","Agent 3",1,0,2659141,1441,65,"void microllm::ops::hip::(anonymous namespace)::matmul_typed_kernel<float>(float const*, float const*, float*, long, long, long, long)",8932,3219604418361040,3219604418370341,0,0,16,0,48,256,1,1,256,1,1
"KERNEL_DISPATCH","Agent 3",1,0,2659141,1442,9,"__amd_rocclr_copyBuffer",8939,3219604418389930,3219604418391494,0,0,16,0,32,512,1,1,512,1,1
"KERNEL_DISPATCH","Agent 3",1,0,2659141,1443,9,"__amd_rocclr_copyBuffer",8941,3219604418395229,3219604418396512,0,0,16,0,32,512,1,1,512,1,1
"KERNEL_DISPATCH","Agent 3",1,0,2659141,1444,9,"__amd_rocclr_copyBuffer",8943,3219604418400134,3219604418401698,0,0,16,0,32,512,1,1,512,1,1
"KERNEL_DISPATCH","Agent 3",1,0,2659141,1445,9,"__amd_rocclr_copyBuffer",8945,3219604418405810,3219604418407293,0,0,16,0,32,512,1,1,512,1,1
"KERNEL_DISPATCH","Agent 3",1,0,2659141,1446,9,"__amd_rocclr_copyBuffer",8947,3219604418411391,3219604418413155,0,0,16,0,32,512,1,1,512,1,1
"KERNEL_DISPATCH","Agent 3",1,0,2659141,1447,9,"__amd_rocclr_copyBuffer",8949,3219604418416577,3219604418417980,0,0,16,0,32,512,1,1,512,1,1
"KERNEL_DISPATCH","Agent 3",1,0,2659141,1448,9,"__amd_rocclr_copyBuffer",8951,3219604418421832,3219604418423516,0,0,16,0,32,512,1,1,512,1,1
"KERNEL_DISPATCH","Agent 3",1,0,2659141,1449,9,"__amd_rocclr_copyBuffer",8953,3219604418426919,3219604418429845,0,0,16,0,32,512,1,1,512,1,1
"KERNEL_DISPATCH","Agent 3",1,0,2659141,1450,9,"__amd_rocclr_copyBuffer",8963,3219604418457027,3219604418459232,0,0,16,0,32,512,1,1,512,1,1
"KERNEL_DISPATCH","Agent 3",1,0,2659141,1451,86,"microllm::ops::hip::(anonymous namespace)::argmax_last_dim_kernel(float const*, int*, long, long)",8969,3219604418477475,3219604418481364,4096,0,12,4,32,256,1,1,512,1,1
"KERNEL_DISPATCH","Agent 3",1,0,2659141,1452,9,"__amd_rocclr_copyBuffer",8972,3219604418485498,3219604418490268,0,0,16,0,32,512,1,1,512,1,1
"KERNEL_DISPATCH","Agent 3",1,0,2659141,1453,101,"void microllm::ops::hip::(anonymous namespace)::fill_typed_kernel<float>(float*, long, float)",8976,3219604418514364,3219604418515968,0,0,4,4,16,256,1,1,2048,1,1
"KERNEL_DISPATCH","Agent 3",1,0,2659141,1454,101,"void microllm::ops::hip::(anonymous namespace)::fill_typed_kernel<float>(float*, long, float)",8979,3219604418520131,3219604418521694,0,0,4,4,16,256,1,1,2048,1,1
"KERNEL_DISPATCH","Agent 3",1,0,2659141,1455,101,"void microllm::ops::hip::(anonymous namespace)::fill_typed_kernel<float>(float*, long, float)",8982,3219604418526719,3219604418528162,0,0,4,4,16,256,1,1,2048,1,1
"KERNEL_DISPATCH","Agent 3",1,0,2659141,1456,101,"void microllm::ops::hip::(anonymous namespace)::fill_typed_kernel<float>(float*, long, float)",8985,3219604418532907,3219604418534551,0,0,4,4,16,256,1,1,2048,1,1
"KERNEL_DISPATCH","Agent 3",1,0,2659141,1457,9,"__amd_rocclr_copyBuffer",8990,3219604418556813,3219604418560662,0,0,16,0,32,512,1,1,512,1,1
"KERNEL_DISPATCH","Agent 3",1,0,2659141,1458,9,"__amd_rocclr_copyBuffer",8994,3219604418577576,3219604418581264,0,0,16,0,32,512,1,1,512,1,1
"KERNEL_DISPATCH","Agent 3",1,0,2659141,1459,9,"__amd_rocclr_copyBuffer",8998,3219604418598806,3219604418602375,0,0,16,0,32,512,1,1,512,1,1
"KERNEL_DISPATCH","Agent 3",1,0,2659141,1460,92,"microllm::ops::hip::(anonymous namespace)::embedding_kernel(float const*, int const*, float*, long, long, long)",9002,3219604418619348,3219604418621193,0,0,16,0,32,256,1,1,256,1,1
"KERNEL_DISPATCH","Agent 3",1,0,2659141,1461,102,"microllm::ops::hip::(anonymous namespace)::rms_norm_kernel(float const*, float const*, float*, long, long, float)",9007,3219604418628508,3219604418630993,1024,0,12,4,32,256,1,1,256,1,1
"KERNEL_DISPATCH","Agent 3",1,0,2659141,1462,65,"void microllm::ops::hip::(anonymous namespace)::matmul_typed_kernel<float>(float const*, float const*, float*, long, long, long, long)",9012,3219604418639702,3219604418651008,0,0,16,0,48,256,1,1,256,1,1
"KERNEL_DISPATCH","Agent 3",1,0,2659141,1463,65,"void microllm::ops::hip::(anonymous namespace)::matmul_typed_kernel<float>(float const*, float const*, float*, long, long, long, long)",9017,3219604418651049,3219604418661353,0,0,16,0,48,256,1,1,256,1,1
"KERNEL_DISPATCH","Agent 3",1,0,2659141,1464,65,"void microllm::ops::hip::(anonymous namespace)::matmul_typed_kernel<float>(float const*, float const*, float*, long, long, long, long)",9022,3219604418661550,3219604418670249,0,0,16,0,48,256,1,1,256,1,1
"KERNEL_DISPATCH","Agent 3",1,0,2659141,1465,134,"microllm::ops::hip::(anonymous namespace)::rope_positions_kernel(float const*, int const*, float*, long, long, long, float)",9027,3219604418673590,3219604418675033,0,0,28,4,48,256,1,1,256,1,1
"KERNEL_DISPATCH","Agent 3",1,0,2659141,1466,134,"microllm::ops::hip::(anonymous namespace)::rope_positions_kernel(float const*, int const*, float*, long, long, long, float)",9032,3219604418684048,3219604418686574,0,0,28,4,48,256,1,1,256,1,1
"KERNEL_DISPATCH","Agent 3",1,0,2659141,1467,110,"void microllm::ops::hip::(anonymous namespace)::kv_cache_store_pair_positions_kernel<float>(float const*, float const*, int const*, int const*, float*, float*, long, long, long, long, long, long)",9035,3219604418693649,3219604418695975,0,0,20,4,48,256,1,1,256,1,1
"KERNEL_DISPATCH","Agent 3",1,0,2659141,1468,78,"void microllm::ops::hip::(anonymous namespace)::cached_attention_fused_positions_kernel<float>(float const*, float const*, float const*, int const*, int const*, float*, long, long, long, long, long, long, long, long, float)",9040,3219604418703331,3219604418709986,1024,0,52,4,64,256,1,1,1024,1,1
"KERNEL_DISPATCH","Agent 3",1,0,2659141,1469,65,"void microllm::ops::hip::(anonymous namespace)::matmul_typed_kernel<float>(float const*, float const*, float*, long, long, long, long)",9045,3219604418713655,3219604418722235,0,0,16,0,48,256,1,1,256,1,1
"KERNEL_DISPATCH","Agent 3",1,0,2659141,1470,123,"void microllm::ops::hip::(anonymous namespace)::add_rms_norm_kernel<256u>(float const*, float const*, float const*, float*, float*, long, long, float)",9066,3219604418764615,3219604418767822,1024,0,16,0,32,256,1,1,256,1,1
"KERNEL_DISPATCH","Agent 3",1,0,2659141,1471,65,"void microllm::ops::hip::(anonymous namespace)::matmul_typed_kernel<float>(float const*, float const*, float*, long, long, long, long)",9071,3219604418776446,3219604418787351,0,0,16,0,48,256,1,1,256,1,1
"KERNEL_DISPATCH","Agent 3",1,0,2659141,1472,65,"void microllm::ops::hip::(anonymous namespace)::matmul_typed_kernel<float>(float const*, float const*, float*, long, long, long, long)",9076,3219604418787318,3219604418797541,0,0,16,0,48,256,1,1,256,1,1
"KERNEL_DISPATCH","Agent 3",1,0,2659141,1473,75,"void microllm::ops::hip::(anonymous namespace)::swiglu_typed_kernel<float>(float const*, float const*, float*, long)",9081,3219604418797685,3219604418801053,0,0,12,4,32,256,1,1,256,1,1
"KERNEL_DISPATCH","Agent 3",1,0,2659141,1474,65,"void microllm::ops::hip::(anonymous namespace)::matmul_typed_kernel<float>(float const*, float const*, float*, long, long, long, long)",9090,3219604418822703,3219604418839261,0,0,16,0,48,256,1,1,256,1,1
"KERNEL_DISPATCH","Agent 3",1,0,2659141,1475,95,"void microllm::ops::hip::(anonymous namespace)::add_typed_kernel<float>(float const*, float const*, float*, long)",9097,3219604418857214,3219604418859900,0,0,8,0,32,256,1,1,256,1,1
"KERNEL_DISPATCH","Agent 3",1,0,2659141,1476,102,"microllm::ops::hip::(anonymous namespace)::rms_norm_kernel(float const*, float const*, float*, long, long, float)",9112,3219604418890011,3219604418892336,1024,0,12,4,32,256,1,1,256,1,1
"KERNEL_DISPATCH","Agent 3",1,0,2659141,1477,65,"void microllm::ops::hip::(anonymous namespace)::matmul_typed_kernel<float>(float const*, float const*, float*, long, long, long, long)",9117,3219604418953337,3219604418962999,0,0,16,0,48,256,1,1,256,1,1
"KERNEL_DISPATCH","Agent 3",1,0,2659141,1478,65,"void microllm::ops::hip::(anonymous namespace)::matmul_typed_kernel<float>(float const*, float const*, float*, long, long, long, long)",9122,3219604418962915,3219604418971695,0,0,16,0,48,256,1,1,256,1,1
"KERNEL_DISPATCH","Agent 3",1,0,2659141,1479,65,"void microllm::ops::hip::(anonymous namespace)::matmul_typed_kernel<float>(float const*, float const*, float*, long, long, long, long)",9127,3219604418971654,3219604418981637,0,0,16,0,48,256,1,1,256,1,1
"KERNEL_DISPATCH","Agent 3",1,0,2659141,1480,134,"microllm::ops::hip::(anonymous namespace)::rope_positions_kernel(float const*, int const*, float*, long, long, long, float)",9132,3219604418981603,3219604418985091,0,0,28,4,48,256,1,1,256,1,1
"KERNEL_DISPATCH","Agent 3",1,0,2659141,1481,134,"microllm::ops::hip::(anonymous namespace)::rope_positions_kernel(float const*, int const*, float*, long, long, long, float)",9137,3219604418989754,3219604418992280,0,0,28,4,48,256,1,1,256,1,1
"KERNEL_DISPATCH","Agent 3",1,0,2659141,1482,110,"void microllm::ops::hip::(anonymous namespace)::kv_cache_store_pair_positions_kernel<float>(float const*, float const*, int const*, int const*, float*, float*, long, long, long, long, long, long)",9140,3219604418997546,3219604418999671,0,0,20,4,48,256,1,1,256,1,1
"KERNEL_DISPATCH","Agent 3",1,0,2659141,1483,78,"void microllm::ops::hip::(anonymous namespace)::cached_attention_fused_positions_kernel<float>(float const*, float const*, float const*, int const*, int const*, float*, long, long, long, long, long, long, long, long, float)",9145,3219604419007455,3219604419013348,1024,0,52,4,64,256,1,1,1024,1,1
"KERNEL_DISPATCH","Agent 3",1,0,2659141,1484,65,"void microllm::ops::hip::(anonymous namespace)::matmul_typed_kernel<float>(float const*, float const*, float*, long, long, long, long)",9150,3219604419016607,3219604419025226,0,0,16,0,48,256,1,1,256,1,1
"KERNEL_DISPATCH","Agent 3",1,0,2659141,1485,123,"void microllm::ops::hip::(anonymous namespace)::add_rms_norm_kernel<256u>(float const*, float const*, float const*, float*, float*, long, long, float)",9171,3219604419067277,3219604419070004,1024,0,16,0,32,256,1,1,256,1,1
"KERNEL_DISPATCH","Agent 3",1,0,2659141,1486,65,"void microllm::ops::hip::(anonymous namespace)::matmul_typed_kernel<float>(float const*, float const*, float*, long, long, long, long)",9176,3219604419074840,3219604419085183,0,0,16,0,48,256,1,1,256,1,1
"KERNEL_DISPATCH","Agent 3",1,0,2659141,1487,65,"void microllm::ops::hip::(anonymous namespace)::matmul_typed_kernel<float>(float const*, float const*, float*, long, long, long, long)",9181,3219604419085170,3219604419093910,0,0,16,0,48,256,1,1,256,1,1
"KERNEL_DISPATCH","Agent 3",1,0,2659141,1488,75,"void microllm::ops::hip::(anonymous namespace)::swiglu_typed_kernel<float>(float const*, float const*, float*, long)",9186,3219604419093914,3219604419097402,0,0,12,4,32,256,1,1,256,1,1
"KERNEL_DISPATCH","Agent 3",1,0,2659141,1489,65,"void microllm::ops::hip::(anonymous namespace)::matmul_typed_kernel<float>(float const*, float const*, float*, long, long, long, long)",9195,3219604419128503,3219604419145783,0,0,16,0,48,256,1,1,256,1,1
"KERNEL_DISPATCH","Agent 3",1,0,2659141,1490,95,"void microllm::ops::hip::(anonymous namespace)::add_typed_kernel<float>(float const*, float const*, float*, long)",9202,3219604419163821,3219604419166587,0,0,8,0,32,256,1,1,256,1,1
"KERNEL_DISPATCH","Agent 3",1,0,2659141,1491,102,"microllm::ops::hip::(anonymous namespace)::rms_norm_kernel(float const*, float const*, float*, long, long, float)",9217,3219604419193506,3219604419196473,1024,0,12,4,32,256,1,1,256,1,1
"KERNEL_DISPATCH","Agent 3",1,0,2659141,1492,65,"void microllm::ops::hip::(anonymous namespace)::matmul_typed_kernel<float>(float const*, float const*, float*, long, long, long, long)",9224,3219604419214335,3219604419223716,0,0,16,0,48,256,1,1,256,1,1
"KERNEL_DISPATCH","Agent 3",1,0,2659141,1493,9,"__amd_rocclr_copyBuffer",9235,3219604419246533,3219604419248979,0,0,16,0,32,512,1,1,512,1,1
"KERNEL_DISPATCH","Agent 3",1,0,2659141,1494,9,"__amd_rocclr_copyBuffer",9241,3219604419269673,3219604419273081,0,0,16,0,32,512,1,1,512,1,1
"KERNEL_DISPATCH","Agent 3",1,0,2659141,1495,92,"microllm::ops::hip::(anonymous namespace)::embedding_kernel(float const*, int const*, float*, long, long, long)",9245,3219604419288426,3219604419290591,0,0,16,0,32,256,1,1,1024,1,1
"KERNEL_DISPATCH","Agent 3",1,0,2659141,1496,102,"microllm::ops::hip::(anonymous namespace)::rms_norm_kernel(float const*, float const*, float*, long, long, float)",9250,3219604419296299,3219604419299066,1024,0,12,4,32,256,1,1,4096,1,1
"KERNEL_DISPATCH","Agent 3",1,0,2659141,1497,65,"void microllm::ops::hip::(anonymous namespace)::matmul_typed_kernel<float>(float const*, float const*, float*, long, long, long, long)",9255,3219604419305803,3219604419316948,0,0,16,0,48,256,1,1,1024,1,1
"KERNEL_DISPATCH","Agent 3",1,0,2659141,1498,65,"void microllm::ops::hip::(anonymous namespace)::matmul_typed_kernel<float>(float const*, float const*, float*, long, long, long, long)",9260,3219604419316962,3219604419326063,0,0,16,0,48,256,1,1,512,1,1
"KERNEL_DISPATCH","Agent 3",1,0,2659141,1499,65,"void microllm::ops::hip::(anonymous namespace)::matmul_typed_kernel<float>(float const*, float const*, float*, long, long, long, long)",9265,3219604419329226,3219604419337205,0,0,16,0,48,256,1,1,512,1,1
"KERNEL_DISPATCH","Agent 3",1,0,2659141,1500,138,"microllm::runtime::detail::(anonymous namespace)::strided_copy_kernel(std::byte*, std::byte const*, unsigned long, long, microllm::runtime::detail::(anonymous namespace)::Layout)",9270,3219604419340414,3219604419343621,0,0,20,4,48,256,1,1,1024,1,1
"KERNEL_DISPATCH","Agent 3",1,0,2659141,1501,138,"microllm::runtime::detail::(anonymous namespace)::strided_copy_kernel(std::byte*, std::byte const*, unsigned long, long, microllm::runtime::detail::(anonymous namespace)::Layout)",9275,3219604419354991,3219604419358199,0,0,20,4,48,256,1,1,512,1,1
"KERNEL_DISPATCH","Agent 3",1,0,2659141,1502,138,"microllm::runtime::detail::(anonymous namespace)::strided_copy_kernel(std::byte*, std::byte const*, unsigned long, long, microllm::runtime::detail::(anonymous namespace)::Layout)",9280,3219604419366807,3219604419370095,0,0,20,4,48,256,1,1,512,1,1
"KERNEL_DISPATCH","Agent 3",1,0,2659141,1503,76,"microllm::ops::hip::(anonymous namespace)::rope_kernel(float const*, float*, long, long, long, long, long, float)",9285,3219604419377539,3219604419381628,0,0,28,4,48,256,1,1,512,1,1
"KERNEL_DISPATCH","Agent 3",1,0,2659141,1504,76,"microllm::ops::hip::(anonymous namespace)::rope_kernel(float const*, float*, long, long, long, long, long, float)",9292,3219604419406019,3219604419408865,0,0,28,4,48,256,1,1,256,1,1
"KERNEL_DISPATCH","Agent 3",1,0,2659141,1505,9,"__amd_rocclr_copyBuffer",9299,3219604419428250,3219604419429733,0,0,16,0,32,512,1,1,512,1,1
"KERNEL_DISPATCH","Agent 3",1,0,2659141,1506,9,"__amd_rocclr_copyBuffer",9301,3219604419433416,3219604419434619,0,0,16,0,32,512,1,1,512,1,1
"KERNEL_DISPATCH","Agent 3",1,0,2659141,1507,9,"__amd_rocclr_copyBuffer",9305,3219604419442175,3219604419443979,0,0,16,0,32,512,1,1,512,1,1
"KERNEL_DISPATCH","Agent 3",1,0,2659141,1508,9,"__amd_rocclr_copyBuffer",9307,3219604419447390,3219604419448593,0,0,16,0,32,512,1,1,512,1,1
"KERNEL_DISPATCH","Agent 3",1,0,2659141,1509,135,"microllm::ops::hip::(anonymous namespace)::causal_gqa_attention_kernel(float const*, float const*, float const*, float*, float*, long, long, long, long, long, long, float)",9311,3219604419456705,3219604419463040,1024,0,24,0,64,256,1,1,16384,1,1
"KERNEL_DISPATCH","Agent 3",1,0,2659141,1510,138,"microllm::runtime::detail::(anonymous namespace)::strided_copy_kernel(std::byte*, std::byte const*, unsigned long, long, microllm::runtime::detail::(anonymous namespace)::Layout)",9316,3219604419468617,3219604419472385,0,0,20,4,48,256,1,1,1024,1,1
"KERNEL_DISPATCH","Agent 3",1,0,2659141,1511,65,"void microllm::ops::hip::(anonymous namespace)::matmul_typed_kernel<float>(float const*, float const*, float*, long, long, long, long)",9323,3219604419491073,3219604419500535,0,0,16,0,48,256,1,1,1024,1,1
"KERNEL_DISPATCH","Agent 3",1,0,2659141,1512,95,"void microllm::ops::hip::(anonymous namespace)::add_typed_kernel<float>(float const*, float const*, float*, long)",9342,3219604419532258,3219604419535426,0,0,8,0,32,256,1,1,1024,1,1
"KERNEL_DISPATCH","Agent 3",1,0,2659141,1513,102,"microllm::ops::hip::(anonymous namespace)::rms_norm_kernel(float const*, float const*, float*, long, long, float)",9351,3219604419556518,3219604419559244,1024,0,12,4,32,256,1,1,4096,1,1
"KERNEL_DISPATCH","Agent 3",1,0,2659141,1514,65,"void microllm::ops::hip::(anonymous namespace)::matmul_typed_kernel<float>(float const*, float const*, float*, long, long, long, long)",9356,3219604419566855,3219604419577199,0,0,16,0,48,256,1,1,2048,1,1
"KERNEL_DISPATCH","Agent 3",1,0,2659141,1515,65,"void microllm::ops::hip::(anonymous namespace)::matmul_typed_kernel<float>(float const*, float const*, float*, long, long, long, long)",9361,3219604419577057,3219604419586278,0,0,16,0,48,256,1,1,2048,1,1
"KERNEL_DISPATCH","Agent 3",1,0,2659141,1516,75,"void microllm::ops::hip::(anonymous namespace)::swiglu_typed_kernel<float>(float const*, float const*, float*, long)",9366,3219604419586404,3219604419590093,0,0,12,4,32,256,1,1,2048,1,1
"KERNEL_DISPATCH","Agent 3",1,0,2659141,1517,65,"void microllm::ops::hip::(anonymous namespace)::matmul_typed_kernel<float>(float const*, float const*, float*, long, long, long, long)",9375,3219604419610858,3219604419627937,0,0,16,0,48,256,1,1,1024,1,1
"KERNEL_DISPATCH","Agent 3",1,0,2659141,1518,95,"void microllm::ops::hip::(anonymous namespace)::add_typed_kernel<float>(float const*, float const*, float*, long)",9382,3219604419645918,3219604419648725,0,0,8,0,32,256,1,1,1024,1,1
"KERNEL_DISPATCH","Agent 3",1,0,2659141,1519,102,"microllm::ops::hip::(anonymous namespace)::rms_norm_kernel(float const*, float const*, float*, long, long, float)",9395,3219604419673392,3219604419676078,1024,0,12,4,32,256,1,1,4096,1,1
"KERNEL_DISPATCH","Agent 3",1,0,2659141,1520,65,"void microllm::ops::hip::(anonymous namespace)::matmul_typed_kernel<float>(float const*, float const*, float*, long, long, long, long)",9400,3219604419684748,3219604419694210,0,0,16,0,48,256,1,1,1024,1,1
"KERNEL_DISPATCH","Agent 3",1,0,2659141,1521,65,"void microllm::ops::hip::(anonymous namespace)::matmul_typed_kernel<float>(float const*, float const*, float*, long, long, long, long)",9405,3219604419704945,3219604419714647,0,0,16,0,48,256,1,1,512,1,1
"KERNEL_DISPATCH","Agent 3",1,0,2659141,1522,65,"void microllm::ops::hip::(anonymous namespace)::matmul_typed_kernel<float>(float const*, float const*, float*, long, long, long, long)",9410,3219604419714606,3219604419723386,0,0,16,0,48,256,1,1,512,1,1
"KERNEL_DISPATCH","Agent 3",1,0,2659141,1523,138,"microllm::runtime::detail::(anonymous namespace)::strided_copy_kernel(std::byte*, std::byte const*, unsigned long, long, microllm::runtime::detail::(anonymous namespace)::Layout)",9415,3219604419723442,3219604419726930,0,0,20,4,48,256,1,1,1024,1,1
"KERNEL_DISPATCH","Agent 3",1,0,2659141,1524,138,"microllm::runtime::detail::(anonymous namespace)::strided_copy_kernel(std::byte*, std::byte const*, unsigned long, long, microllm::runtime::detail::(anonymous namespace)::Layout)",9420,3219604419736240,3219604419739247,0,0,20,4,48,256,1,1,512,1,1
"KERNEL_DISPATCH","Agent 3",1,0,2659141,1525,138,"microllm::runtime::detail::(anonymous namespace)::strided_copy_kernel(std::byte*, std::byte const*, unsigned long, long, microllm::runtime::detail::(anonymous namespace)::Layout)",9425,3219604419745322,3219604419748288,0,0,20,4,48,256,1,1,512,1,1
"KERNEL_DISPATCH","Agent 3",1,0,2659141,1526,76,"microllm::ops::hip::(anonymous namespace)::rope_kernel(float const*, float*, long, long, long, long, long, float)",9430,3219604419753774,3219604419757502,0,0,28,4,48,256,1,1,512,1,1
"KERNEL_DISPATCH","Agent 3",1,0,2659141,1527,76,"microllm::ops::hip::(anonymous namespace)::rope_kernel(float const*, float*, long, long, long, long, long, float)",9437,3219604419780386,3219604419783713,0,0,28,4,48,256,1,1,256,1,1
"KERNEL_DISPATCH","Agent 3",1,0,2659141,1528,9,"__amd_rocclr_copyBuffer",9444,3219604419804926,3219604419806570,0,0,16,0,32,512,1,1,512,1,1
"KERNEL_DISPATCH","Agent 3",1,0,2659141,1529,9,"__amd_rocclr_copyBuffer",9446,3219604419809947,3219604419811030,0,0,16,0,32,512,1,1,512,1,1
"KERNEL_DISPATCH","Agent 3",1,0,2659141,1530,9,"__amd_rocclr_copyBuffer",9450,3219604419819784,3219604419821267,0,0,16,0,32,512,1,1,512,1,1
"KERNEL_DISPATCH","Agent 3",1,0,2659141,1531,9,"__amd_rocclr_copyBuffer",9452,3219604419833924,3219604419835407,0,0,16,0,32,512,1,1,512,1,1
"KERNEL_DISPATCH","Agent 3",1,0,2659141,1532,135,"microllm::ops::hip::(anonymous namespace)::causal_gqa_attention_kernel(float const*, float const*, float const*, float*, float*, long, long, long, long, long, long, float)",9456,3219604419899763,3219604419906338,1024,0,24,0,64,256,1,1,16384,1,1
"KERNEL_DISPATCH","Agent 3",1,0,2659141,1533,138,"microllm::runtime::detail::(anonymous namespace)::strided_copy_kernel(std::byte*, std::byte const*, unsigned long, long, microllm::runtime::detail::(anonymous namespace)::Layout)",9461,3219604419920830,3219604419924197,0,0,20,4,48,256,1,1,1024,1,1
"KERNEL_DISPATCH","Agent 3",1,0,2659141,1534,65,"void microllm::ops::hip::(anonymous namespace)::matmul_typed_kernel<float>(float const*, float const*, float*, long, long, long, long)",9468,3219604419943586,3219604419952607,0,0,16,0,48,256,1,1,1024,1,1
"KERNEL_DISPATCH","Agent 3",1,0,2659141,1535,95,"void microllm::ops::hip::(anonymous namespace)::add_typed_kernel<float>(float const*, float const*, float*, long)",9487,3219604419986479,3219604419989526,0,0,8,0,32,256,1,1,1024,1,1
"KERNEL_DISPATCH","Agent 3",1,0,2659141,1536,102,"microllm::ops::hip::(anonymous namespace)::rms_norm_kernel(float const*, float const*, float*, long, long, float)",9496,3219604420020582,3219604420023549,1024,0,12,4,32,256,1,1,4096,1,1
"KERNEL_DISPATCH","Agent 3",1,0,2659141,1537,65,"void microllm::ops::hip::(anonymous namespace)::matmul_typed_kernel<float>(float const*, float const*, float*, long, long, long, long)",9501,3219604420029185,3219604420039088,0,0,16,0,48,256,1,1,2048,1,1
"KERNEL_DISPATCH","Agent 3",1,0,2659141,1538,65,"void microllm::ops::hip::(anonymous namespace)::matmul_typed_kernel<float>(float const*, float const*, float*, long, long, long, long)",9506,3219604420039053,3219604420048354,0,0,16,0,48,256,1,1,2048,1,1
"KERNEL_DISPATCH","Agent 3",1,0,2659141,1539,75,"void microllm::ops::hip::(anonymous namespace)::swiglu_typed_kernel<float>(float const*, float const*, float*, long)",9511,3219604420048385,3219604420051953,0,0,12,4,32,256,1,1,2048,1,1
"KERNEL_DISPATCH","Agent 3",1,0,2659141,1540,65,"void microllm::ops::hip::(anonymous namespace)::matmul_typed_kernel<float>(float const*, float const*, float*, long, long, long, long)",9520,3219604420072532,3219604420089251,0,0,16,0,48,256,1,1,1024,1,1
"KERNEL_DISPATCH","Agent 3",1,0,2659141,1541,95,"void microllm::ops::hip::(anonymous namespace)::add_typed_kernel<float>(float const*, float const*, float*, long)",9527,3219604420107763,3219604420111211,0,0,8,0,32,256,1,1,1024,1,1
"KERNEL_DISPATCH","Agent 3",1,0,2659141,1542,102,"microllm::ops::hip::(anonymous namespace)::rms_norm_kernel(float const*, float const*, float*, long, long, float)",9540,3219604420135932,3219604420139180,1024,0,12,4,32,256,1,1,4096,1,1
"KERNEL_DISPATCH","Agent 3",1,0,2659141,1543,65,"void microllm::ops::hip::(anonymous namespace)::matmul_typed_kernel<float>(float const*, float const*, float*, long, long, long, long)",9547,3219604420157897,3219604420167599,0,0,16,0,48,256,1,1,256,1,1
"KERNEL_DISPATCH","Agent 3",1,0,2659141,1544,9,"__amd_rocclr_copyBuffer",9554,3219604420186956,3219604420188520,0,0,16,0,32,512,1,1,512,1,1
"KERNEL_DISPATCH","Agent 3",1,0,2659141,1545,9,"__amd_rocclr_copyBuffer",9556,3219604420192278,3219604420193360,0,0,16,0,32,512,1,1,512,1,1
"KERNEL_DISPATCH","Agent 3",1,0,2659141,1546,9,"__amd_rocclr_copyBuffer",9558,3219604420197328,3219604420198972,0,0,16,0,32,512,1,1,512,1,1
"KERNEL_DISPATCH","Agent 3",1,0,2659141,1547,9,"__amd_rocclr_copyBuffer",9560,3219604420202505,3219604420204149,0,0,16,0,32,512,1,1,512,1,1
"KERNEL_DISPATCH","Agent 3",1,0,2659141,1548,9,"__amd_rocclr_copyBuffer",9562,3219604420208510,3219604420209954,0,0,16,0,32,512,1,1,512,1,1
"KERNEL_DISPATCH","Agent 3",1,0,2659141,1549,9,"__amd_rocclr_copyBuffer",9564,3219604420213393,3219604420214876,0,0,16,0,32,512,1,1,512,1,1
"KERNEL_DISPATCH","Agent 3",1,0,2659141,1550,9,"__amd_rocclr_copyBuffer",9566,3219604420220155,3219604420221599,0,0,16,0,32,512,1,1,512,1,1
"KERNEL_DISPATCH","Agent 3",1,0,2659141,1551,9,"__amd_rocclr_copyBuffer",9568,3219604420225653,3219604420227939,0,0,16,0,32,512,1,1,512,1,1
"KERNEL_DISPATCH","Agent 3",1,0,2659141,1552,9,"__amd_rocclr_copyBuffer",9578,3219604420255360,3219604420257285,0,0,16,0,32,512,1,1,512,1,1
"KERNEL_DISPATCH","Agent 3",1,0,2659141,1553,86,"microllm::ops::hip::(anonymous namespace)::argmax_last_dim_kernel(float const*, int*, long, long)",9584,3219604420286852,3219604420290540,4096,0,12,4,32,256,1,1,512,1,1
"KERNEL_DISPATCH","Agent 3",1,0,2659141,1554,9,"__amd_rocclr_copyBuffer",9587,3219604420294735,3219604420300428,0,0,16,0,32,512,1,1,512,1,1
"KERNEL_DISPATCH","Agent 3",1,0,2659141,1555,9,"__amd_rocclr_copyBuffer",9593,3219604420328221,3219604420332471,0,0,16,0,32,512,1,1,512,1,1
"KERNEL_DISPATCH","Agent 3",1,0,2659141,1556,9,"__amd_rocclr_copyBuffer",9597,3219604420350192,3219604420354041,0,0,16,0,32,512,1,1,512,1,1
"KERNEL_DISPATCH","Agent 3",1,0,2659141,1557,9,"__amd_rocclr_copyBuffer",9601,3219604420371661,3219604420375630,0,0,16,0,32,512,1,1,512,1,1
"KERNEL_DISPATCH","Agent 3",1,0,2659141,1558,92,"microllm::ops::hip::(anonymous namespace)::embedding_kernel(float const*, int const*, float*, long, long, long)",9605,3219604420394752,3219604420396957,0,0,16,0,32,256,1,1,256,1,1
"KERNEL_DISPATCH","Agent 3",1,0,2659141,1559,102,"microllm::ops::hip::(anonymous namespace)::rms_norm_kernel(float const*, float const*, float*, long, long, float)",9610,3219604420406184,3219604420408870,1024,0,12,4,32,256,1,1,512,1,1
"KERNEL_DISPATCH","Agent 3",1,0,2659141,1560,65,"void microllm::ops::hip::(anonymous namespace)::matmul_typed_kernel<float>(float const*, float const*, float*, long, long, long, long)",9615,3219604420419087,3219604420428107,0,0,16,0,48,256,1,1,256,1,1
"KERNEL_DISPATCH","Agent 3",1,0,2659141,1561,65,"void microllm::ops::hip::(anonymous namespace)::matmul_typed_kernel<float>(float const*, float const*, float*, long, long, long, long)",9620,3219604420433422,3219604420443646,0,0,16,0,48,256,1,1,256,1,1
"KERNEL_DISPATCH","Agent 3",1,0,2659141,1562,65,"void microllm::ops::hip::(anonymous namespace)::matmul_typed_kernel<float>(float const*, float const*, float*, long, long, long, long)",9625,3219604420443680,3219604420453222,0,0,16,0,48,256,1,1,256,1,1
"KERNEL_DISPATCH","Agent 3",1,0,2659141,1563,134,"microllm::ops::hip::(anonymous namespace)::rope_positions_kernel(float const*, int const*, float*, long, long, long, float)",9630,3219604420453159,3219604420456607,0,0,28,4,48,256,1,1,256,1,1
"KERNEL_DISPATCH","Agent 3",1,0,2659141,1564,134,"microllm::ops::hip::(anonymous namespace)::rope_positions_kernel(float const*, int const*, float*, long, long, long, float)",9635,3219604420462424,3219604420465150,0,0,28,4,48,256,1,1,256,1,1
"KERNEL_DISPATCH","Agent 3",1,0,2659141,1565,110,"void microllm::ops::hip::(anonymous namespace)::kv_cache_store_pair_positions_kernel<float>(float const*, float const*, int const*, int const*, float*, float*, long, long, long, long, long, long)",9638,3219604420470648,3219604420472894,0,0,20,4,48,256,1,1,256,1,1
"KERNEL_DISPATCH","Agent 3",1,0,2659141,1566,78,"void microllm::ops::hip::(anonymous namespace)::cached_attention_fused_positions_kernel<float>(float const*, float const*, float const*, int const*, int const*, float*, long, long, long, long, long, long, long, long, float)",9643,3219604420480606,3219604420487863,1024,0,52,4,64,256,1,1,2048,1,1
"KERNEL_DISPATCH","Agent 3",1,0,2659141,1567,65,"void microllm::ops::hip::(anonymous namespace)::matmul_typed_kernel<float>(float const*, float const*, float*, long, long, long, long)",9648,3219604420491088,3219604420498946,0,0,16,0,48,256,1,1,256,1,1
"KERNEL_DISPATCH","Agent 3",1,0,2659141,1568,123,"void microllm::ops::hip::(anonymous namespace)::add_rms_norm_kernel<256u>(float const*, float const*, float const*, float*, float*, long, long, float)",9669,3219604420540359,3219604420543166,1024,0,16,0,32,256,1,1,512,1,1
"KERNEL_DISPATCH","Agent 3",1,0,2659141,1569,65,"void microllm::ops::hip::(anonymous namespace)::matmul_typed_kernel<float>(float const*, float const*, float*, long, long, long, long)",9674,3219604420549852,3219604420560075,0,0,16,0,48,256,1,1,256,1,1
"KERNEL_DISPATCH","Agent 3",1,0,2659141,1570,65,"void microllm::ops::hip::(anonymous namespace)::matmul_typed_kernel<float>(float const*, float const*, float*, long, long, long, long)",9679,3219604420559923,3219604420568703,0,0,16,0,48,256,1,1,256,1,1
"KERNEL_DISPATCH","Agent 3",1,0,2659141,1571,75,"void microllm::ops::hip::(anonymous namespace)::swiglu_typed_kernel<float>(float const*, float const*, float*, long)",9684,3219604420568880,3219604420572248,0,0,12,4,32,256,1,1,256,1,1
"KERNEL_DISPATCH","Agent 3",1,0,2659141,1572,65,"void microllm::ops::hip::(anonymous namespace)::matmul_typed_kernel<float>(float const*, float const*, float*, long, long, long, long)",9693,3219604420592724,3219604420609322,0,0,16,0,48,256,1,1,256,1,1
"KERNEL_DISPATCH","Agent 3",1,0,2659141,1573,95,"void microllm::ops::hip::(anonymous namespace)::add_typed_kernel<float>(float const*, float const*, float*, long)",9700,3219604420627850,3219604420630015,0,0,8,0,32,256,1,1,256,1,1
"KERNEL_DISPATCH","Agent 3",1,0,2659141,1574,102,"microllm::ops::hip::(anonymous namespace)::rms_norm_kernel(float const*, float const*, float*, long, long, float)",9715,3219604420657502,3219604420659907,1024,0,12,4,32,256,1,1,512,1,1
"KERNEL_DISPATCH","Agent 3",1,0,2659141,1575,65,"void microllm::ops::hip::(anonymous namespace)::matmul_typed_kernel<float>(float const*, float const*, float*, long, long, long, long)",9720,3219604420666114,3219604420675736,0,0,16,0,48,256,1,1,256,1,1
"KERNEL_DISPATCH","Agent 3",1,0,2659141,1576,65,"void microllm::ops::hip::(anonymous namespace)::matmul_typed_kernel<float>(float const*, float const*, float*, long, long, long, long)",9725,3219604420675669,3219604420684089,0,0,16,0,48,256,1,1,256,1,1
"KERNEL_DISPATCH","Agent 3",1,0,2659141,1577,65,"void microllm::ops::hip::(anonymous namespace)::matmul_typed_kernel<float>(float const*, float const*, float*, long, long, long, long)",9730,3219604420687839,3219604420697261,0,0,16,0,48,256,1,1,256,1,1
"KERNEL_DISPATCH","Agent 3",1,0,2659141,1578,134,"microllm::ops::hip::(anonymous namespace)::rope_positions_kernel(float const*, int const*, float*, long, long, long, float)",9735,3219604420700444,3219604420701727,0,0,28,4,48,256,1,1,256,1,1
"KERNEL_DISPATCH","Agent 3",1,0,2659141,1579,134,"microllm::ops::hip::(anonymous namespace)::rope_positions_kernel(float const*, int const*, float*, long, long, long, float)",9740,3219604420707834,3219604420710560,0,0,28,4,48,256,1,1,256,1,1
"KERNEL_DISPATCH","Agent 3",1,0,2659141,1580,110,"void microllm::ops::hip::(anonymous namespace)::kv_cache_store_pair_positions_kernel<float>(float const*, float const*, int const*, int const*, float*, float*, long, long, long, long, long, long)",9743,3219604420714552,3219604420716878,0,0,20,4,48,256,1,1,256,1,1
"KERNEL_DISPATCH","Agent 3",1,0,2659141,1581,78,"void microllm::ops::hip::(anonymous namespace)::cached_attention_fused_positions_kernel<float>(float const*, float const*, float const*, int const*, int const*, float*, long, long, long, long, long, long, long, long, float)",9748,3219604420725255,3219604420731871,1024,0,52,4,64,256,1,1,2048,1,1
"KERNEL_DISPATCH","Agent 3",1,0,2659141,1582,65,"void microllm::ops::hip::(anonymous namespace)::matmul_typed_kernel<float>(float const*, float const*, float*, long, long, long, long)",9753,3219604420735878,3219604420744818,0,0,16,0,48,256,1,1,256,1,1
"KERNEL_DISPATCH","Agent 3",1,0,2659141,1583,123,"void microllm::ops::hip::(anonymous namespace)::add_rms_norm_kernel<256u>(float const*, float const*, float const*, float*, float*, long, long, float)",9774,3219604420783842,3219604420786568,1024,0,16,0,32,256,1,1,512,1,1
"KERNEL_DISPATCH","Agent 3",1,0,2659141,1584,65,"void microllm::ops::hip::(anonymous namespace)::matmul_typed_kernel<float>(float const*, float const*, float*, long, long, long, long)",9779,3219604420796064,3219604420805806,0,0,16,0,48,256,1,1,256,1,1
"KERNEL_DISPATCH","Agent 3",1,0,2659141,1585,65,"void microllm::ops::hip::(anonymous namespace)::matmul_typed_kernel<float>(float const*, float const*, float*, long, long, long, long)",9784,3219604420817649,3219604420827511,0,0,16,0,48,256,1,1,256,1,1
"KERNEL_DISPATCH","Agent 3",1,0,2659141,1586,75,"void microllm::ops::hip::(anonymous namespace)::swiglu_typed_kernel<float>(float const*, float const*, float*, long)",9789,3219604420827532,3219604420830940,0,0,12,4,32,256,1,1,256,1,1
"KERNEL_DISPATCH","Agent 3",1,0,2659141,1587,65,"void microllm::ops::hip::(anonymous namespace)::matmul_typed_kernel<float>(float const*, float const*, float*, long, long, long, long)",9798,3219604420851253,3219604420867931,0,0,16,0,48,256,1,1,256,1,1
"KERNEL_DISPATCH","Agent 3",1,0,2659141,1588,95,"void microllm::ops::hip::(anonymous namespace)::add_typed_kernel<float>(float const*, float const*, float*, long)",9805,3219604420930933,3219604420933218,0,0,8,0,32,256,1,1,256,1,1
"KERNEL_DISPATCH","Agent 3",1,0,2659141,1589,102,"microllm::ops::hip::(anonymous namespace)::rms_norm_kernel(float const*, float const*, float*, long, long, float)",9820,3219604420961133,3219604420963899,1024,0,12,4,32,256,1,1,512,1,1
"KERNEL_DISPATCH","Agent 3",1,0,2659141,1590,65,"void microllm::ops::hip::(anonymous namespace)::matmul_typed_kernel<float>(float const*, float const*, float*, long, long, long, long)",9827,3219604420982184,3219604420991646,0,0,16,0,48,256,1,1,512,1,1
"KERNEL_DISPATCH","Agent 3",1,0,2659141,1591,9,"__amd_rocclr_copyBuffer",9838,3219604421015808,3219604421017371,0,0,16,0,32,512,1,1,512,1,1
"KERNEL_DISPATCH","Agent 3",1,0,2659141,1592,9,"__amd_rocclr_copyBuffer",9840,3219604421021036,3219604421023241,0,0,16,0,32,512,1,1,512,1,1
"KERNEL_DISPATCH","Agent 3",1,0,2659141,1593,86,"microllm::ops::hip::(anonymous namespace)::argmax_last_dim_kernel(float const*, int*, long, long)",9846,3219604421043064,3219604421046432,4096,0,12,4,32,256,1,1,512,1,1
"KERNEL_DISPATCH","Agent 3",1,0,2659141,1594,9,"__amd_rocclr_copyBuffer",9849,3219604421050769,3219604421056742,0,0,16,0,32,512,1,1,512,1,1
"KERNEL_DISPATCH","Agent 3",1,0,2659141,1595,9,"__amd_rocclr_copyBuffer",9855,3219604421084657,3219604421089308,0,0,16,0,32,512,1,1,512,1,1
"KERNEL_DISPATCH","Agent 3",1,0,2659141,1596,9,"__amd_rocclr_copyBuffer",9859,3219604421107034,3219604421111204,0,0,16,0,32,512,1,1,512,1,1
"KERNEL_DISPATCH","Agent 3",1,0,2659141,1597,9,"__amd_rocclr_copyBuffer",9863,3219604421131721,3219604421135810,0,0,16,0,32,512,1,1,512,1,1
"KERNEL_DISPATCH","Agent 3",1,0,2659141,1598,92,"microllm::ops::hip::(anonymous namespace)::embedding_kernel(float const*, int const*, float*, long, long, long)",9867,3219604421151932,3219604421153977,0,0,16,0,32,256,1,1,256,1,1
"KERNEL_DISPATCH","Agent 3",1,0,2659141,1599,102,"microllm::ops::hip::(anonymous namespace)::rms_norm_kernel(float const*, float const*, float*, long, long, float)",9872,3219604421161480,3219604421164286,1024,0,12,4,32,256,1,1,512,1,1
"KERNEL_DISPATCH","Agent 3",1,0,2659141,1600,65,"void microllm::ops::hip::(anonymous namespace)::matmul_typed_kernel<float>(float const*, float const*, float*, long, long, long, long)",9877,3219604421171404,3219604421181989,0,0,16,0,48,256,1,1,256,1,1
"KERNEL_DISPATCH","Agent 3",1,0,2659141,1601,65,"void microllm::ops::hip::(anonymous namespace)::matmul_typed_kernel<float>(float const*, float const*, float*, long, long, long, long)",9882,3219604421182019,3219604421190799,0,0,16,0,48,256,1,1,256,1,1
"KERNEL_DISPATCH","Agent 3",1,0,2659141,1602,65,"void microllm::ops::hip::(anonymous namespace)::matmul_typed_kernel<float>(float const*, float const*, float*, long, long, long, long)",9887,3219604421190962,3219604421199221,0,0,16,0,48,256,1,1,256,1,1
"KERNEL_DISPATCH","Agent 3",1,0,2659141,1603,134,"microllm::ops::hip::(anonymous namespace)::rope_positions_kernel(float const*, int const*, float*, long, long, long, float)",9892,3219604421203093,3219604421206220,0,0,28,4,48,256,1,1,256,1,1
"KERNEL_DISPATCH","Agent 3",1,0,2659141,1604,134,"microllm::ops::hip::(anonymous namespace)::rope_positions_kernel(float const*, int const*, float*, long, long, long, float)",9897,3219604421213675,3219604421216321,0,0,28,4,48,256,1,1,256,1,1
"KERNEL_DISPATCH","Agent 3",1,0,2659141,1605,110,"void microllm::ops::hip::(anonymous namespace)::kv_cache_store_pair_positions_kernel<float>(float const*, float const*, int const*, int const*, float*, float*, long, long, long, long, long, long)",9900,3219604421219790,3219604421222316,0,0,20,4,48,256,1,1,256,1,1
"KERNEL_DISPATCH","Agent 3",1,0,2659141,1606,78,"void microllm::ops::hip::(anonymous namespace)::cached_attention_fused_positions_kernel<float>(float const*, float const*, float const*, int const*, int const*, float*, long, long, long, long, long, long, long, long, float)",9905,3219604421230334,3219604421237190,1024,0,52,4,64,256,1,1,2048,1,1
"KERNEL_DISPATCH","Agent 3",1,0,2659141,1607,65,"void microllm::ops::hip::(anonymous namespace)::matmul_typed_kernel<float>(float const*, float const*, float*, long, long, long, long)",9910,3219604421240416,3219604421249076,0,0,16,0,48,256,1,1,256,1,1
"KERNEL_DISPATCH","Agent 3",1,0,2659141,1608,123,"void microllm::ops::hip::(anonymous namespace)::add_rms_norm_kernel<256u>(float const*, float const*, float const*, float*, float*, long, long, float)",9931,3219604421290234,3219604421293362,1024,0,16,0,32,256,1,1,512,1,1
"KERNEL_DISPATCH","Agent 3",1,0,2659141,1609,65,"void microllm::ops::hip::(anonymous namespace)::matmul_typed_kernel<float>(float const*, float const*, float*, long, long, long, long)",9936,3219604421299043,3219604421308906,0,0,16,0,48,256,1,1,256,1,1
"KERNEL_DISPATCH","Agent 3",1,0,2659141,1610,65,"void microllm::ops::hip::(anonymous namespace)::matmul_typed_kernel<float>(float const*, float const*, float*, long, long, long, long)",9941,3219604421308868,3219604421317528,0,0,16,0,48,256,1,1,256,1,1
"KERNEL_DISPATCH","Agent 3",1,0,2659141,1611,75,"void microllm::ops::hip::(anonymous namespace)::swiglu_typed_kernel<float>(float const*, float const*, float*, long)",9946,3219604421317538,3219604421321026,0,0,12,4,32,256,1,1,256,1,1
"KERNEL_DISPATCH","Agent 3",1,0,2659141,1612,65,"void microllm::ops::hip::(anonymous namespace)::matmul_typed_kernel<float>(float const*, float const*, float*, long, long, long, long)",9955,3219604421341397,3219604421358075,0,0,16,0,48,256,1,1,256,1,1
"KERNEL_DISPATCH","Agent 3",1,0,2659141,1613,95,"void microllm::ops::hip::(anonymous namespace)::add_typed_kernel<float>(float const*, float const*, float*, long)",9962,3219604421375753,3219604421378278,0,0,8,0,32,256,1,1,256,1,1
"KERNEL_DISPATCH","Agent 3",1,0,2659141,1614,102,"microllm::ops::hip::(anonymous namespace)::rms_norm_kernel(float const*, float const*, float*, long, long, float)",9977,3219604421404874,3219604421407480,1024,0,12,4,32,256,1,1,512,1,1
"KERNEL_DISPATCH","Agent 3",1,0,2659141,1615,65,"void microllm::ops::hip::(anonymous namespace)::matmul_typed_kernel<float>(float const*, float const*, float*, long, long, long, long)",9982,3219604421412825,3219604421422327,0,0,16,0,48,256,1,1,256,1,1
"KERNEL_DISPATCH","Agent 3",1,0,2659141,1616,65,"void microllm::ops::hip::(anonymous namespace)::matmul_typed_kernel<float>(float const*, float const*, float*, long, long, long, long)",9987,3219604421422212,3219604421430671,0,0,16,0,48,256,1,1,256,1,1
"KERNEL_DISPATCH","Agent 3",1,0,2659141,1617,65,"void microllm::ops::hip::(anonymous namespace)::matmul_typed_kernel<float>(float const*, float const*, float*, long, long, long, long)",9992,3219604421440726,3219604421451311,0,0,16,0,48,256,1,1,256,1,1
"KERNEL_DISPATCH","Agent 3",1,0,2659141,1618,134,"microllm::ops::hip::(anonymous namespace)::rope_positions_kernel(float const*, int const*, float*, long, long, long, float)",9997,3219604421451275,3219604421454682,0,0,28,4,48,256,1,1,256,1,1
"KERNEL_DISPATCH","Agent 3",1,0,2659141,1619,134,"microllm::ops::hip::(anonymous namespace)::rope_positions_kernel(float const*, int const*, float*, long, long, long, float)",10002,3219604421459385,3219604421462191,0,0,28,4,48,256,1,1,256,1,1
"KERNEL_DISPATCH","Agent 3",1,0,2659141,1620,110,"void microllm::ops::hip::(anonymous namespace)::kv_cache_store_pair_positions_kernel<float>(float const*, float const*, int const*, int const*, float*, float*, long, long, long, long, long, long)",10005,3219604421466073,3219604421468599,0,0,20,4,48,256,1,1,256,1,1
"KERNEL_DISPATCH","Agent 3",1,0,2659141,1621,78,"void microllm::ops::hip::(anonymous namespace)::cached_attention_fused_positions_kernel<float>(float const*, float const*, float const*, int const*, int const*, float*, long, long, long, long, long, long, long, long, float)",10010,3219604421476625,3219604421483561,1024,0,52,4,64,256,1,1,2048,1,1
"KERNEL_DISPATCH","Agent 3",1,0,2659141,1622,65,"void microllm::ops::hip::(anonymous namespace)::matmul_typed_kernel<float>(float const*, float const*, float*, long, long, long, long)",10015,3219604421486687,3219604421496109,0,0,16,0,48,256,1,1,256,1,1
"KERNEL_DISPATCH","Agent 3",1,0,2659141,1623,123,"void microllm::ops::hip::(anonymous namespace)::add_rms_norm_kernel<256u>(float const*, float const*, float const*, float*, float*, long, long, float)",10036,3219604421535006,3219604421538093,1024,0,16,0,32,256,1,1,512,1,1
"KERNEL_DISPATCH","Agent 3",1,0,2659141,1624,65,"void microllm::ops::hip::(anonymous namespace)::matmul_typed_kernel<float>(float const*, float const*, float*, long, long, long, long)",10041,3219604421543569,3219604421553833,0,0,16,0,48,256,1,1,256,1,1
"KERNEL_DISPATCH","Agent 3",1,0,2659141,1625,65,"void microllm::ops::hip::(anonymous namespace)::matmul_typed_kernel<float>(float const*, float const*, float*, long, long, long, long)",10046,3219604421553852,3219604421563233,0,0,16,0,48,256,1,1,256,1,1
"KERNEL_DISPATCH","Agent 3",1,0,2659141,1626,75,"void microllm::ops::hip::(anonymous namespace)::swiglu_typed_kernel<float>(float const*, float const*, float*, long)",10051,3219604421563233,3219604421566681,0,0,12,4,32,256,1,1,256,1,1
"KERNEL_DISPATCH","Agent 3",1,0,2659141,1627,65,"void microllm::ops::hip::(anonymous namespace)::matmul_typed_kernel<float>(float const*, float const*, float*, long, long, long, long)",10060,3219604421586997,3219604421603916,0,0,16,0,48,256,1,1,256,1,1
"KERNEL_DISPATCH","Agent 3",1,0,2659141,1628,95,"void microllm::ops::hip::(anonymous namespace)::add_typed_kernel<float>(float const*, float const*, float*, long)",10067,3219604421621358,3219604421624004,0,0,8,0,32,256,1,1,256,1,1
"KERNEL_DISPATCH","Agent 3",1,0,2659141,1629,102,"microllm::ops::hip::(anonymous namespace)::rms_norm_kernel(float const*, float const*, float*, long, long, float)",10082,3219604421651065,3219604421653791,1024,0,12,4,32,256,1,1,512,1,1
"KERNEL_DISPATCH","Agent 3",1,0,2659141,1630,65,"void microllm::ops::hip::(anonymous namespace)::matmul_typed_kernel<float>(float const*, float const*, float*, long, long, long, long)",10089,3219604421672241,3219604421681904,0,0,16,0,48,256,1,1,512,1,1
"KERNEL_DISPATCH","Agent 3",1,0,2659141,1631,9,"__amd_rocclr_copyBuffer",10100,3219604421704907,3219604421706471,0,0,16,0,32,512,1,1,512,1,1
"KERNEL_DISPATCH","Agent 3",1,0,2659141,1632,9,"__amd_rocclr_copyBuffer",10102,3219604421711399,3219604421712762,0,0,16,0,32,512,1,1,512,1,1
"KERNEL_DISPATCH","Agent 3",1,0,2659141,1633,86,"microllm::ops::hip::(anonymous namespace)::argmax_last_dim_kernel(float const*, int*, long, long)",10108,3219604421731563,3219604421735051,4096,0,12,4,32,256,1,1,512,1,1
"KERNEL_DISPATCH","Agent 3",1,0,2659141,1634,9,"__amd_rocclr_copyBuffer",10111,3219604421739266,3219604421744678,0,0,16,0,32,512,1,1,512,1,1
"KERNEL_DISPATCH","Agent 3",1,0,2659141,1635,101,"void microllm::ops::hip::(anonymous namespace)::fill_typed_kernel<float>(float*, long, float)",10115,3219604421768820,3219604421770103,0,0,4,4,16,256,1,1,2048,1,1
"KERNEL_DISPATCH","Agent 3",1,0,2659141,1636,101,"void microllm::ops::hip::(anonymous namespace)::fill_typed_kernel<float>(float*, long, float)",10118,3219604421774652,3219604421776095,0,0,4,4,16,256,1,1,2048,1,1
"KERNEL_DISPATCH","Agent 3",1,0,2659141,1637,101,"void microllm::ops::hip::(anonymous namespace)::fill_typed_kernel<float>(float*, long, float)",10121,3219604421781281,3219604421782564,0,0,4,4,16,256,1,1,2048,1,1
"KERNEL_DISPATCH","Agent 3",1,0,2659141,1638,101,"void microllm::ops::hip::(anonymous namespace)::fill_typed_kernel<float>(float*, long, float)",10124,3219604421787719,3219604421789043,0,0,4,4,16,256,1,1,2048,1,1
"KERNEL_DISPATCH","Agent 3",1,0,2659141,1639,9,"__amd_rocclr_copyBuffer",10129,3219604421800468,3219604421807043,0,0,16,0,32,512,1,1,512,1,1
"KERNEL_DISPATCH","Agent 3",1,0,2659141,1640,9,"__amd_rocclr_copyBuffer",10133,3219604421824272,3219604421827880,0,0,16,0,32,512,1,1,512,1,1
"KERNEL_DISPATCH","Agent 3",1,0,2659141,1641,9,"__amd_rocclr_copyBuffer",10137,3219604421845024,3219604421848753,0,0,16,0,32,512,1,1,512,1,1
"KERNEL_DISPATCH","Agent 3",1,0,2659141,1642,92,"microllm::ops::hip::(anonymous namespace)::embedding_kernel(float const*, int const*, float*, long, long, long)",10141,3219604421865691,3219604421867575,0,0,16,0,32,256,1,1,256,1,1
"KERNEL_DISPATCH","Agent 3",1,0,2659141,1643,102,"microllm::ops::hip::(anonymous namespace)::rms_norm_kernel(float const*, float const*, float*, long, long, float)",10146,3219604421876067,3219604421878794,1024,0,12,4,32,256,1,1,256,1,1
"KERNEL_DISPATCH","Agent 3",1,0,2659141,1644,65,"void microllm::ops::hip::(anonymous namespace)::matmul_typed_kernel<float>(float const*, float const*, float*, long, long, long, long)",10151,3219604421899272,3219604421908533,0,0,16,0,48,256,1,1,256,1,1
"KERNEL_DISPATCH","Agent 3",1,0,2659141,1645,65,"void microllm::ops::hip::(anonymous namespace)::matmul_typed_kernel<float>(float const*, float const*, float*, long, long, long, long)",10156,3219604421943697,3219604421952678,0,0,16,0,48,256,1,1,256,1,1
"KERNEL_DISPATCH","Agent 3",1,0,2659141,1646,65,"void microllm::ops::hip::(anonymous namespace)::matmul_typed_kernel<float>(float const*, float const*, float*, long, long, long, long)",10161,3219604421975714,3219604421984494,0,0,16,0,48,256,1,1,256,1,1
"KERNEL_DISPATCH","Agent 3",1,0,2659141,1647,134,"microllm::ops::hip::(anonymous namespace)::rope_positions_kernel(float const*, int const*, float*, long, long, long, float)",10166,3219604421987741,3219604421990347,0,0,28,4,48,256,1,1,256,1,1
"KERNEL_DISPATCH","Agent 3",1,0,2659141,1648,134,"microllm::ops::hip::(anonymous namespace)::rope_positions_kernel(float const*, int const*, float*, long, long, long, float)",10171,3219604421999119,3219604422001685,0,0,28,4,48,256,1,1,256,1,1
"KERNEL_DISPATCH","Agent 3",1,0,2659141,1649,110,"void microllm::ops::hip::(anonymous namespace)::kv_cache_store_pair_positions_kernel<float>(float const*, float const*, int const*, int const*, float*, float*, long, long, long, long, long, long)",10174,3219604422016622,3219604422019228,0,0,20,4,48,256,1,1,256,1,1
"KERNEL_DISPATCH","Agent 3",1,0,2659141,1650,78,"void microllm::ops::hip::(anonymous namespace)::cached_attention_fused_positions_kernel<float>(float const*, float const*, float const*, int const*, int const*, float*, long, long, long, long, long, long, long, long, float)",10179,3219604422029819,3219604422036194,1024,0,52,4,64,256,1,1,1024,1,1
"KERNEL_DISPATCH","Agent 3",1,0,2659141,1651,65,"void microllm::ops::hip::(anonymous namespace)::matmul_typed_kernel<float>(float const*, float const*, float*, long, long, long, long)",10184,3219604422040737,3219604422049677,0,0,16,0,48,256,1,1,256,1,1
"KERNEL_DISPATCH","Agent 3",1,0,2659141,1652,123,"void microllm::ops::hip::(anonymous namespace)::add_rms_norm_kernel<256u>(float const*, float const*, float const*, float*, float*, long, long, float)",10205,3219604422096204,3219604422099491,1024,0,16,0,32,256,1,1,256,1,1
"KERNEL_DISPATCH","Agent 3",1,0,2659141,1653,65,"void microllm::ops::hip::(anonymous namespace)::matmul_typed_kernel<float>(float const*, float const*, float*, long, long, long, long)",10210,3219604422142887,3219604422152790,0,0,16,0,48,256,1,1,256,1,1
"KERNEL_DISPATCH","Agent 3",1,0,2659141,1654,65,"void microllm::ops::hip::(anonymous namespace)::matmul_typed_kernel<float>(float const*, float const*, float*, long, long, long, long)",10215,3219604422256791,3219604422265771,0,0,16,0,48,256,1,1,256,1,1
"KERNEL_DISPATCH","Agent 3",1,0,2659141,1655,75,"void microllm::ops::hip::(anonymous namespace)::swiglu_typed_kernel<float>(float const*, float const*, float*, long)",10220,3219604422268993,3219604422270556,0,0,12,4,32,256,1,1,256,1,1
"KERNEL_DISPATCH","Agent 3",1,0,2659141,1656,65,"void microllm::ops::hip::(anonymous namespace)::matmul_typed_kernel<float>(float const*, float const*, float*, long, long, long, long)",10229,3219604422291600,3219604422308800,0,0,16,0,48,256,1,1,256,1,1
"KERNEL_DISPATCH","Agent 3",1,0,2659141,1657,95,"void microllm::ops::hip::(anonymous namespace)::add_typed_kernel<float>(float const*, float const*, float*, long)",10236,3219604422327024,3219604422330031,0,0,8,0,32,256,1,1,256,1,1
"KERNEL_DISPATCH","Agent 3",1,0,2659141,1658,102,"microllm::ops::hip::(anonymous namespace)::rms_norm_kernel(float const*, float const*, float*, long, long, float)",10251,3219604422358880,3219604422361606,1024,0,12,4,32,256,1,1,256,1,1
"KERNEL_DISPATCH","Agent 3",1,0,2659141,1659,65,"void microllm::ops::hip::(anonymous namespace)::matmul_typed_kernel<float>(float const*, float const*, float*, long, long, long, long)",10256,3219604422368313,3219604422378536,0,0,16,0,48,256,1,1,256,1,1
"KERNEL_DISPATCH","Agent 3",1,0,2659141,1660,65,"void microllm::ops::hip::(anonymous namespace)::matmul_typed_kernel<float>(float const*, float const*, float*, long, long, long, long)",10261,3219604422378584,3219604422387444,0,0,16,0,48,256,1,1,256,1,1
"KERNEL_DISPATCH","Agent 3",1,0,2659141,1661,65,"void microllm::ops::hip::(anonymous namespace)::matmul_typed_kernel<float>(float const*, float const*, float*, long, long, long, long)",10266,3219604422387453,3219604422397115,0,0,16,0,48,256,1,1,256,1,1
"KERNEL_DISPATCH","Agent 3",1,0,2659141,1662,134,"microllm::ops::hip::(anonymous namespace)::rope_positions_kernel(float const*, int const*, float*, long, long, long, float)",10271,3219604422397057,3219604422400505,0,0,28,4,48,256,1,1,256,1,1
"KERNEL_DISPATCH","Agent 3",1,0,2659141,1663,134,"microllm::ops::hip::(anonymous namespace)::rope_positions_kernel(float const*, int const*, float*, long, long, long, float)",10276,3219604422405131,3219604422407938,0,0,28,4,48,256,1,1,256,1,1
"KERNEL_DISPATCH","Agent 3",1,0,2659141,1664,110,"void microllm::ops::hip::(anonymous namespace)::kv_cache_store_pair_positions_kernel<float>(float const*, float const*, int const*, int const*, float*, float*, long, long, long, long, long, long)",10279,3219604422411686,3219604422414132,0,0,20,4,48,256,1,1,256,1,1
"KERNEL_DISPATCH","Agent 3",1,0,2659141,1665,78,"void microllm::ops::hip::(anonymous namespace)::cached_attention_fused_positions_kernel<float>(float const*, float const*, float const*, int const*, int const*, float*, long, long, long, long, long, long, long, long, float)",10284,3219604422429280,3219604422435334,1024,0,52,4,64,256,1,1,1024,1,1
"KERNEL_DISPATCH","Agent 3",1,0,2659141,1666,65,"void microllm::ops::hip::(anonymous namespace)::matmul_typed_kernel<float>(float const*, float const*, float*, long, long, long, long)",10289,3219604422440597,3219604422449337,0,0,16,0,48,256,1,1,256,1,1
"KERNEL_DISPATCH","Agent 3",1,0,2659141,1667,123,"void microllm::ops::hip::(anonymous namespace)::add_rms_norm_kernel<256u>(float const*, float const*, float const*, float*, float*, long, long, float)",10310,3219604422486587,3219604422489594,1024,0,16,0,32,256,1,1,256,1,1
"KERNEL_DISPATCH","Agent 3",1,0,2659141,1668,65,"void microllm::ops::hip::(anonymous namespace)::matmul_typed_kernel<float>(float const*, float const*, float*, long, long, long, long)",10315,3219604422494808,3219604422504751,0,0,16,0,48,256,1,1,256,1,1
"KERNEL_DISPATCH","Agent 3",1,0,2659141,1669,65,"void microllm::ops::hip::(anonymous namespace)::matmul_typed_kernel<float>(float const*, float const*, float*, long, long, long, long)",10320,3219604422504792,3219604422513371,0,0,16,0,48,256,1,1,256,1,1
"KERNEL_DISPATCH","Agent 3",1,0,2659141,1670,75,"void microllm::ops::hip::(anonymous namespace)::swiglu_typed_kernel<float>(float const*, float const*, float*, long)",10325,3219604422513341,3219604422516869,0,0,12,4,32,256,1,1,256,1,1
"KERNEL_DISPATCH","Agent 3",1,0,2659141,1671,65,"void microllm::ops::hip::(anonymous namespace)::matmul_typed_kernel<float>(float const*, float const*, float*, long, long, long, long)",10334,3219604422536144,3219604422553183,0,0,16,0,48,256,1,1,256,1,1
"KERNEL_DISPATCH","Agent 3",1,0,2659141,1672,95,"void microllm::ops::hip::(anonymous namespace)::add_typed_kernel<float>(float const*, float const*, float*, long)",10341,3219604422627313,3219604422629919,0,0,8,0,32,256,1,1,256,1,1
"KERNEL_DISPATCH","Agent 3",1,0,2659141,1673,102,"microllm::ops::hip::(anonymous namespace)::rms_norm_kernel(float const*, float const*, float*, long, long, float)",10356,3219604422656951,3219604422659878,1024,0,12,4,32,256,1,1,256,1,1
"KERNEL_DISPATCH","Agent 3",1,0,2659141,1674,65,"void microllm::ops::hip::(anonymous namespace)::matmul_typed_kernel<float>(float const*, float const*, float*, long, long, long, long)",10363,3219604422678158,3219604422687259,0,0,16,0,48,256,1,1,256,1,1
"KERNEL_DISPATCH","Agent 3",1,0,2659141,1675,9,"__amd_rocclr_copyBuffer",10374,3219604422710892,3219604422713177,0,0,16,0,32,512,1,1,512,1,1
"KERNEL_DISPATCH","Agent 3",1,0,2659141,1676,9,"__amd_rocclr_copyBuffer",10380,3219604422733769,3219604422737137,0,0,16,0,32,512,1,1,512,1,1
"KERNEL_DISPATCH","Agent 3",1,0,2659141,1677,92,"microllm::ops::hip::(anonymous namespace)::embedding_kernel(float const*, int const*, float*, long, long, long)",10384,3219604422753402,3219604422755286,0,0,16,0,32,256,1,1,256,1,1
"KERNEL_DISPATCH","Agent 3",1,0,2659141,1678,102,"microllm::ops::hip::(anonymous namespace)::rms_norm_kernel(float const*, float const*, float*, long, long, float)",10389,3219604422762324,3219604422764690,1024,0,12,4,32,256,1,1,1024,1,1
"KERNEL_DISPATCH","Agent 3",1,0,2659141,1679,65,"void microllm::ops::hip::(anonymous namespace)::matmul_typed_kernel<float>(float const*, float const*, float*, long, long, long, long)",10394,3219604422771584,3219604422781125,0,0,16,0,48,256,1,1,256,1,1
"KERNEL_DISPATCH","Agent 3",1,0,2659141,1680,65,"void microllm::ops::hip::(anonymous namespace)::matmul_typed_kernel<float>(float const*, float const*, float*, long, long, long, long)",10399,3219604422781128,3219604422789548,0,0,16,0,48,256,1,1,256,1,1
"KERNEL_DISPATCH","Agent 3",1,0,2659141,1681,65,"void microllm::ops::hip::(anonymous namespace)::matmul_typed_kernel<float>(float const*, float const*, float*, long, long, long, long)",10404,3219604422799024,3219604422808967,0,0,16,0,48,256,1,1,256,1,1
"KERNEL_DISPATCH","Agent 3",1,0,2659141,1682,138,"microllm::runtime::detail::(anonymous namespace)::strided_copy_kernel(std::byte*, std::byte const*, unsigned long, long, microllm::runtime::detail::(anonymous namespace)::Layout)",10409,3219604422808998,3219604422812366,0,0,20,4,48,256,1,1,256,1,1
"KERNEL_DISPATCH","Agent 3",1,0,2659141,1683,138,"microllm::runtime::detail::(anonymous namespace)::strided_copy_kernel(std::byte*, std::byte const*, unsigned long, long, microllm::runtime::detail::(anonymous namespace)::Layout)",10414,3219604422816825,3219604422819952,0,0,20,4,48,256,1,1,256,1,1
"KERNEL_DISPATCH","Agent 3",1,0,2659141,1684,138,"microllm::runtime::detail::(anonymous namespace)::strided_copy_kernel(std::byte*, std::byte const*, unsigned long, long, microllm::runtime::detail::(anonymous namespace)::Layout)",10419,3219604422827313,3219604422830400,0,0,20,4,48,256,1,1,256,1,1
"KERNEL_DISPATCH","Agent 3",1,0,2659141,1685,76,"microllm::ops::hip::(anonymous namespace)::rope_kernel(float const*, float*, long, long, long, long, long, float)",10424,3219604422838573,3219604422841740,0,0,28,4,48,256,1,1,256,1,1
"KERNEL_DISPATCH","Agent 3",1,0,2659141,1686,76,"microllm::ops::hip::(anonymous namespace)::rope_kernel(float const*, float*, long, long, long, long, long, float)",10431,3219604422865948,3219604422868795,0,0,28,4,48,256,1,1,256,1,1
"KERNEL_DISPATCH","Agent 3",1,0,2659141,1687,9,"__amd_rocclr_copyBuffer",10438,3219604422887330,3219604422888693,0,0,16,0,32,512,1,1,512,1,1
"KERNEL_DISPATCH","Agent 3",1,0,2659141,1688,9,"__amd_rocclr_copyBuffer",10440,3219604422892069,3219604422893232,0,0,16,0,32,512,1,1,512,1,1
"KERNEL_DISPATCH","Agent 3",1,0,2659141,1689,9,"__amd_rocclr_copyBuffer",10444,3219604422901457,3219604422903021,0,0,16,0,32,512,1,1,512,1,1
"KERNEL_DISPATCH","Agent 3",1,0,2659141,1690,9,"__amd_rocclr_copyBuffer",10446,3219604422906328,3219604422907210,0,0,16,0,32,512,1,1,512,1,1
"KERNEL_DISPATCH","Agent 3",1,0,2659141,1691,135,"microllm::ops::hip::(anonymous namespace)::causal_gqa_attention_kernel(float const*, float const*, float const*, float*, float*, long, long, long, long, long, long, float)",10450,3219604422914846,3219604422920379,1024,0,24,0,64,256,1,1,4096,1,1
"KERNEL_DISPATCH","Agent 3",1,0,2659141,1692,138,"microllm::runtime::detail::(anonymous namespace)::strided_copy_kernel(std::byte*, std::byte const*, unsigned long, long, microllm::runtime::detail::(anonymous namespace)::Layout)",10455,3219604422924976,3219604422928945,0,0,20,4,48,256,1,1,256,1,1
"KERNEL_DISPATCH","Agent 3",1,0,2659141,1693,65,"void microllm::ops::hip::(anonymous namespace)::matmul_typed_kernel<float>(float const*, float const*, float*, long, long, long, long)",10462,3219604422947439,3219604422956981,0,0,16,0,48,256,1,1,256,1,1
"KERNEL_DISPATCH","Agent 3",1,0,2659141,1694,95,"void microllm::ops::hip::(anonymous namespace)::add_typed_kernel<float>(float const*, float const*, float*, long)",10481,3219604422987290,3219604422990136,0,0,8,0,32,256,1,1,256,1,1
"KERNEL_DISPATCH","Agent 3",1,0,2659141,1695,102,"microllm::ops::hip::(anonymous namespace)::rms_norm_kernel(float const*, float const*, float*, long, long, float)",10490,3219604423010190,3219604423012836,1024,0,12,4,32,256,1,1,1024,1,1
"KERNEL_DISPATCH","Agent 3",1,0,2659141,1696,65,"void microllm::ops::hip::(anonymous namespace)::matmul_typed_kernel<float>(float const*, float const*, float*, long, long, long, long)",10495,3219604423017806,3219604423027589,0,0,16,0,48,256,1,1,512,1,1
"KERNEL_DISPATCH","Agent 3",1,0,2659141,1697,65,"void microllm::ops::hip::(anonymous namespace)::matmul_typed_kernel<float>(float const*, float const*, float*, long, long, long, long)",10500,3219604423027529,3219604423036549,0,0,16,0,48,256,1,1,512,1,1
"KERNEL_DISPATCH","Agent 3",1,0,2659141,1698,75,"void microllm::ops::hip::(anonymous namespace)::swiglu_typed_kernel<float>(float const*, float const*, float*, long)",10505,3219604423039820,3219604423041664,0,0,12,4,32,256,1,1,512,1,1
"KERNEL_DISPATCH","Agent 3",1,0,2659141,1699,65,"void microllm::ops::hip::(anonymous namespace)::matmul_typed_kernel<float>(float const*, float const*, float*, long, long, long, long)",10514,3219604423102766,3219604423118923,0,0,16,0,48,256,1,1,256,1,1
"KERNEL_DISPATCH","Agent 3",1,0,2659141,1700,95,"void microllm::ops::hip::(anonymous namespace)::add_typed_kernel<float>(float const*, float const*, float*, long)",10521,3219604423136359,3219604423139326,0,0,8,0,32,256,1,1,256,1,1
"KERNEL_DISPATCH","Agent 3",1,0,2659141,1701,102,"microllm::ops::hip::(anonymous namespace)::rms_norm_kernel(float const*, float const*, float*, long, long, float)",10534,3219604423164770,3219604423167617,1024,0,12,4,32,256,1,1,1024,1,1
"KERNEL_DISPATCH","Agent 3",1,0,2659141,1702,65,"void microllm::ops::hip::(anonymous namespace)::matmul_typed_kernel<float>(float const*, float const*, float*, long, long, long, long)",10539,3219604423172640,3219604423182142,0,0,16,0,48,256,1,1,256,1,1
"KERNEL_DISPATCH","Agent 3",1,0,2659141,1703,65,"void microllm::ops::hip::(anonymous namespace)::matmul_typed_kernel<float>(float const*, float const*, float*, long, long, long, long)",10544,3219604423182073,3219604423190372,0,0,16,0,48,256,1,1,256,1,1
"KERNEL_DISPATCH","Agent 3",1,0,2659141,1704,65,"void microllm::ops::hip::(anonymous namespace)::matmul_typed_kernel<float>(float const*, float const*, float*, long, long, long, long)",10549,3219604423190402,3219604423199663,0,0,16,0,48,256,1,1,256,1,1
"KERNEL_DISPATCH","Agent 3",1,0,2659141,1705,138,"microllm::runtime::detail::(anonymous namespace)::strided_copy_kernel(std::byte*, std::byte const*, unsigned long, long, microllm::runtime::detail::(anonymous namespace)::Layout)",10554,3219604423199653,3219604423203141,0,0,20,4,48,256,1,1,256,1,1
"KERNEL_DISPATCH","Agent 3",1,0,2659141,1706,138,"microllm::runtime::detail::(anonymous namespace)::strided_copy_kernel(std::byte*, std::byte const*, unsigned long, long, microllm::runtime::detail::(anonymous namespace)::Layout)",10559,3219604423211311,3219604423214518,0,0,20,4,48,256,1,1,256,1,1
"KERNEL_DISPATCH","Agent 3",1,0,2659141,1707,138,"microllm::runtime::detail::(anonymous namespace)::strided_copy_kernel(std::byte*, std::byte const*, unsigned long, long, microllm::runtime::detail::(anonymous namespace)::Layout)",10564,3219604423222525,3219604423225532,0,0,20,4,48,256,1,1,256,1,1
"KERNEL_DISPATCH","Agent 3",1,0,2659141,1708,76,"microllm::ops::hip::(anonymous namespace)::rope_kernel(float const*, float*, long, long, long, long, long, float)",10569,3219604423231195,3219604423235204,0,0,28,4,48,256,1,1,256,1,1
"KERNEL_DISPATCH","Agent 3",1,0,2659141,1709,76,"microllm::ops::hip::(anonymous namespace)::rope_kernel(float const*, float*, long, long, long, long, long, float)",10576,3219604423258518,3219604423261364,0,0,28,4,48,256,1,1,256,1,1
"KERNEL_DISPATCH","Agent 3",1,0,2659141,1710,9,"__amd_rocclr_copyBuffer",10583,3219604423279478,3219604423281121,0,0,16,0,32,512,1,1,512,1,1
"KERNEL_DISPATCH","Agent 3",1,0,2659141,1711,9,"__amd_rocclr_copyBuffer",10585,3219604423284518,3219604423285601,0,0,16,0,32,512,1,1,512,1,1
"KERNEL_DISPATCH","Agent 3",1,0,2659141,1712,9,"__amd_rocclr_copyBuffer",10589,3219604423292271,3219604423293955,0,0,16,0,32,512,1,1,512,1,1
"KERNEL_DISPATCH","Agent 3",1,0,2659141,1713,9,"__amd_rocclr_copyBuffer",10591,3219604423307524,3219604423309368,0,0,16,0,32,512,1,1,512,1,1
"KERNEL_DISPATCH","Agent 3",1,0,2659141,1714,135,"microllm::ops::hip::(anonymous namespace)::causal_gqa_attention_kernel(float const*, float const*, float const*, float*, float*, long, long, long, long, long, long, float)",10595,3219604423315801,3219604423321855,1024,0,24,0,64,256,1,1,4096,1,1
"KERNEL_DISPATCH","Agent 3",1,0,2659141,1715,138,"microllm::runtime::detail::(anonymous namespace)::strided_copy_kernel(std::byte*, std::byte const*, unsigned long, long, microllm::runtime::detail::(anonymous namespace)::Layout)",10600,3219604423326232,3219604423329761,0,0,20,4,48,256,1,1,256,1,1
"KERNEL_DISPATCH","Agent 3",1,0,2659141,1716,65,"void microllm::ops::hip::(anonymous namespace)::matmul_typed_kernel<float>(float const*, float const*, float*, long, long, long, long)",10607,3219604423347848,3219604423357149,0,0,16,0,48,256,1,1,256,1,1
"KERNEL_DISPATCH","Agent 3",1,0,2659141,1717,95,"void microllm::ops::hip::(anonymous namespace)::add_typed_kernel<float>(float const*, float const*, float*, long)",10626,3219604423388028,3219604423390754,0,0,8,0,32,256,1,1,256,1,1
"KERNEL_DISPATCH","Agent 3",1,0,2659141,1718,102,"microllm::ops::hip::(anonymous namespace)::rms_norm_kernel(float const*, float const*, float*, long, long, float)",10635,3219604423410979,3219604423413585,1024,0,12,4,32,256,1,1,1024,1,1
"KERNEL_DISPATCH","Agent 3",1,0,2659141,1719,65,"void microllm::ops::hip::(anonymous namespace)::matmul_typed_kernel<float>(float const*, float const*, float*, long, long, long, long)",10640,3219604423421604,3219604423431307,0,0,16,0,48,256,1,1,512,1,1
"KERNEL_DISPATCH","Agent 3",1,0,2659141,1720,65,"void microllm::ops::hip::(anonymous namespace)::matmul_typed_kernel<float>(float const*, float const*, float*, long, long, long, long)",10645,3219604423431210,3219604423439990,0,0,16,0,48,256,1,1,512,1,1
"KERNEL_DISPATCH","Agent 3",1,0,2659141,1721,75,"void microllm::ops::hip::(anonymous namespace)::swiglu_typed_kernel<float>(float const*, float const*, float*, long)",10650,3219604423440068,3219604423443435,0,0,12,4,32,256,1,1,512,1,1
"KERNEL_DISPATCH","Agent 3",1,0,2659141,1722,65,"void microllm::ops::hip::(anonymous namespace)::matmul_typed_kernel<float>(float const*, float const*, float*, long, long, long, long)",10659,3219604423463612,3219604423480571,0,0,16,0,48,256,1,1,256,1,1
"KERNEL_DISPATCH","Agent 3",1,0,2659141,1723,95,"void microllm::ops::hip::(anonymous namespace)::add_typed_kernel<float>(float const*, float const*, float*, long)",10666,3219604423498407,3219604423500732,0,0,8,0,32,256,1,1,256,1,1
"KERNEL_DISPATCH","Agent 3",1,0,2659141,1724,102,"microllm::ops::hip::(anonymous namespace)::rms_norm_kernel(float const*, float const*, float*, long, long, float)",10679,3219604423524617,3219604423527544,1024,0,12,4,32,256,1,1,1024,1,1
"KERNEL_DISPATCH","Agent 3",1,0,2659141,1725,65,"void microllm::ops::hip::(anonymous namespace)::matmul_typed_kernel<float>(float const*, float const*, float*, long, long, long, long)",10686,3219604423545683,3219604423554944,0,0,16,0,48,256,1,1,256,1,1
"KERNEL_DISPATCH","Agent 3",1,0,2659141,1726,9,"__amd_rocclr_copyBuffer",10693,3219604423573029,3219604423574592,0,0,16,0,32,512,1,1,512,1,1
"KERNEL_DISPATCH","Agent 3",1,0,2659141,1727,9,"__amd_rocclr_copyBuffer",10695,3219604423578250,3219604423579452,0,0,16,0,32,512,1,1,512,1,1
"KERNEL_DISPATCH","Agent 3",1,0,2659141,1728,9,"__amd_rocclr_copyBuffer",10697,3219604423583425,3219604423585108,0,0,16,0,32,512,1,1,512,1,1
"KERNEL_DISPATCH","Agent 3",1,0,2659141,1729,9,"__amd_rocclr_copyBuffer",10699,3219604423588694,3219604423589897,0,0,16,0,32,512,1,1,512,1,1
"KERNEL_DISPATCH","Agent 3",1,0,2659141,1730,9,"__amd_rocclr_copyBuffer",10701,3219604423594110,3219604423595473,0,0,16,0,32,512,1,1,512,1,1
"KERNEL_DISPATCH","Agent 3",1,0,2659141,1731,9,"__amd_rocclr_copyBuffer",10703,3219604423599207,3219604423600410,0,0,16,0,32,512,1,1,512,1,1
"KERNEL_DISPATCH","Agent 3",1,0,2659141,1732,9,"__amd_rocclr_copyBuffer",10705,3219604423604770,3219604423606053,0,0,16,0,32,512,1,1,512,1,1
"KERNEL_DISPATCH","Agent 3",1,0,2659141,1733,9,"__amd_rocclr_copyBuffer",10707,3219604423609843,3219604423612689,0,0,16,0,32,512,1,1,512,1,1
"KERNEL_DISPATCH","Agent 3",1,0,2659141,1734,9,"__amd_rocclr_copyBuffer",10717,3219604423640778,3219604423642542,0,0,16,0,32,512,1,1,512,1,1
"KERNEL_DISPATCH","Agent 3",1,0,2659141,1735,86,"microllm::ops::hip::(anonymous namespace)::argmax_last_dim_kernel(float const*, int*, long, long)",10723,3219604423661128,3219604423664616,4096,0,12,4,32,256,1,1,512,1,1
"KERNEL_DISPATCH","Agent 3",1,0,2659141,1736,9,"__amd_rocclr_copyBuffer",10726,3219604423668759,3219604423673811,0,0,16,0,32,512,1,1,512,1,1
"KERNEL_DISPATCH","Agent 3",1,0,2659141,1737,101,"void microllm::ops::hip::(anonymous namespace)::fill_typed_kernel<float>(float*, long, float)",10730,3219604423697806,3219604423699129,0,0,4,4,16,256,1,1,2048,1,1
"KERNEL_DISPATCH","Agent 3",1,0,2659141,1738,101,"void microllm::ops::hip::(anonymous namespace)::fill_typed_kernel<float>(float*, long, float)",10733,3219604423702968,3219604423704571,0,0,4,4,16,256,1,1,2048,1,1
"KERNEL_DISPATCH","Agent 3",1,0,2659141,1739,101,"void microllm::ops::hip::(anonymous namespace)::fill_typed_kernel<float>(float*, long, float)",10736,3219604423710321,3219604423711925,0,0,4,4,16,256,1,1,2048,1,1
"KERNEL_DISPATCH","Agent 3",1,0,2659141,1740,101,"void microllm::ops::hip::(anonymous namespace)::fill_typed_kernel<float>(float*, long, float)",10739,3219604423715876,3219604423717319,0,0,4,4,16,256,1,1,2048,1,1
"KERNEL_DISPATCH","Agent 3",1,0,2659141,1741,9,"__amd_rocclr_copyBuffer",10744,3219604423727732,3219604423731421,0,0,16,0,32,512,1,1,512,1,1
"KERNEL_DISPATCH","Agent 3",1,0,2659141,1742,9,"__amd_rocclr_copyBuffer",10748,3219604423748243,3219604423751851,0,0,16,0,32,512,1,1,512,1,1
"KERNEL_DISPATCH","Agent 3",1,0,2659141,1743,9,"__amd_rocclr_copyBuffer",10752,3219604423768427,3219604423771915,0,0,16,0,32,512,1,1,512,1,1
"KERNEL_DISPATCH","Agent 3",1,0,2659141,1744,92,"microllm::ops::hip::(anonymous namespace)::embedding_kernel(float const*, int const*, float*, long, long, long)",10756,3219604423787912,3219604423789876,0,0,16,0,32,256,1,1,256,1,1
"KERNEL_DISPATCH","Agent 3",1,0,2659141,1745,102,"microllm::ops::hip::(anonymous namespace)::rms_norm_kernel(float const*, float const*, float*, long, long, float)",10761,3219604423806109,3219604423808875,1024,0,12,4,32,256,1,1,256,1,1
"KERNEL_DISPATCH","Agent 3",1,0,2659141,1746,65,"void microllm::ops::hip::(anonymous namespace)::matmul_typed_kernel<float>(float const*, float const*, float*, long, long, long, long)",10766,3219604423816629,3219604423826130,0,0,16,0,48,256,1,1,256,1,1
"KERNEL_DISPATCH","Agent 3",1,0,2659141,1747,65,"void microllm::ops::hip::(anonymous namespace)::matmul_typed_kernel<float>(float const*, float const*, float*, long, long, long, long)",10771,3219604423826157,3219604423834336,0,0,16,0,48,256,1,1,256,1,1
"KERNEL_DISPATCH","Agent 3",1,0,2659141,1748,65,"void microllm::ops::hip::(anonymous namespace)::matmul_typed_kernel<float>(float const*, float const*, float*, long, long, long, long)",10776,3219604423844004,3219604423853064,0,0,16,0,48,256,1,1,256,1,1
"KERNEL_DISPATCH","Agent 3",1,0,2659141,1749,134,"microllm::ops::hip::(anonymous namespace)::rope_positions_kernel(float const*, int const*, float*, long, long, long, float)",10781,3219604423856178,3219604423857661,0,0,28,4,48,256,1,1,256,1,1
"KERNEL_DISPATCH","Agent 3",1,0,2659141,1750,134,"microllm::ops::hip::(anonymous namespace)::rope_positions_kernel(float const*, int const*, float*, long, long, long, float)",10786,3219604423863448,3219604423866054,0,0,28,4,48,256,1,1,256,1,1
"KERNEL_DISPATCH","Agent 3",1,0,2659141,1751,110,"void microllm::ops::hip::(anonymous namespace)::kv_cache_store_pair_positions_kernel<float>(float const*, float const*, int const*, int const*, float*, float*, long, long, long, long, long, long)",10789,3219604423874219,3219604423876825,0,0,20,4,48,256,1,1,256,1,1
"KERNEL_DISPATCH","Agent 3",1,0,2659141,1752,78,"void microllm::ops::hip::(anonymous namespace)::cached_attention_fused_positions_kernel<float>(float const*, float const*, float const*, int const*, int const*, float*, long, long, long, long, long, long, long, long, float)",10794,3219604423884804,3219604423890898,1024,0,52,4,64,256,1,1,1024,1,1
"KERNEL_DISPATCH","Agent 3",1,0,2659141,1753,65,"void microllm::ops::hip::(anonymous namespace)::matmul_typed_kernel<float>(float const*, float const*, float*, long, long, long, long)",10799,3219604423894930,3219604423904231,0,0,16,0,48,256,1,1,256,1,1
"KERNEL_DISPATCH","Agent 3",1,0,2659141,1754,123,"void microllm::ops::hip::(anonymous namespace)::add_rms_norm_kernel<256u>(float const*, float const*, float const*, float*, float*, long, long, float)",10820,3219604423947561,3219604423950528,1024,0,16,0,32,256,1,1,256,1,1
"KERNEL_DISPATCH","Agent 3",1,0,2659141,1755,65,"void microllm::ops::hip::(anonymous namespace)::matmul_typed_kernel<float>(float const*, float const*, float*, long, long, long, long)",10825,3219604423955652,3219604423965515,0,0,16,0,48,256,1,1,256,1,1
"KERNEL_DISPATCH","Agent 3",1,0,2659141,1756,65,"void microllm::ops::hip::(anonymous namespace)::matmul_typed_kernel<float>(float const*, float const*, float*, long, long, long, long)",10830,3219604423965507,3219604423974247,0,0,16,0,48,256,1,1,256,1,1
"KERNEL_DISPATCH","Agent 3",1,0,2659141,1757,75,"void microllm::ops::hip::(anonymous namespace)::swiglu_typed_kernel<float>(float const*, float const*, float*, long)",10835,3219604423974280,3219604423977768,0,0,12,4,32,256,1,1,256,1,1
"KERNEL_DISPATCH","Agent 3",1,0,2659141,1758,65,"void microllm::ops::hip::(anonymous namespace)::matmul_typed_kernel<float>(float const*, float const*, float*, long, long, long, long)",10844,3219604423998137,3219604424014975,0,0,16,0,48,256,1,1,256,1,1
"KERNEL_DISPATCH","Agent 3",1,0,2659141,1759,95,"void microllm::ops::hip::(anonymous namespace)::add_typed_kernel<float>(float const*, float const*, float*, long)",10851,3219604424036724,3219604424039330,0,0,8,0,32,256,1,1,256,1,1
"KERNEL_DISPATCH","Agent 3",1,0,2659141,1760,102,"microllm::ops::hip::(anonymous namespace)::rms_norm_kernel(float const*, float const*, float*, long, long, float)",10866,3219604424101771,3219604424104417,1024,0,12,4,32,256,1,1,256,1,1
"KERNEL_DISPATCH","Agent 3",1,0,2659141,1761,65,"void microllm::ops::hip::(anonymous namespace)::matmul_typed_kernel<float>(float const*, float const*, float*, long, long, long, long)",10871,3219604424109432,3219604424119455,0,0,16,0,48,256,1,1,256,1,1
"KERNEL_DISPATCH","Agent 3",1,0,2659141,1762,65,"void microllm::ops::hip::(anonymous namespace)::matmul_typed_kernel<float>(float const*, float const*, float*, long, long, long, long)",10876,3219604424119555,3219604424128215,0,0,16,0,48,256,1,1,256,1,1
"KERNEL_DISPATCH","Agent 3",1,0,2659141,1763,65,"void microllm::ops::hip::(anonymous namespace)::matmul_typed_kernel<float>(float const*, float const*, float*, long, long, long, long)",10881,3219604424128195,3219604424137656,0,0,16,0,48,256,1,1,256,1,1
"KERNEL_DISPATCH","Agent 3",1,0,2659141,1764,134,"microllm::ops::hip::(anonymous namespace)::rope_positions_kernel(float const*, int const*, float*, long, long, long, float)",10886,3219604424137587,3219604424141035,0,0,28,4,48,256,1,1,256,1,1
"KERNEL_DISPATCH","Agent 3",1,0,2659141,1765,134,"microllm::ops::hip::(anonymous namespace)::rope_positions_kernel(float const*, int const*, float*, long, long, long, float)",10891,3219604424144489,3219604424147135,0,0,28,4,48,256,1,1,256,1,1
"KERNEL_DISPATCH","Agent 3",1,0,2659141,1766,110,"void microllm::ops::hip::(anonymous namespace)::kv_cache_store_pair_positions_kernel<float>(float const*, float const*, int const*, int const*, float*, float*, long, long, long, long, long, long)",10894,3219604424152116,3219604424154562,0,0,20,4,48,256,1,1,256,1,1
"KERNEL_DISPATCH","Agent 3",1,0,2659141,1767,78,"void microllm::ops::hip::(anonymous namespace)::cached_attention_fused_positions_kernel<float>(float const*, float const*, float const*, int const*, int const*, float*, long, long, long, long, long, long, long, long, float)",10899,3219604424162478,3219604424168011,1024,0,52,4,64,256,1,1,1024,1,1
"KERNEL_DISPATCH","Agent 3",1,0,2659141,1768,65,"void microllm::ops::hip::(anonymous namespace)::matmul_typed_kernel<float>(float const*, float const*, float*, long, long, long, long)",10904,3219604424171308,3219604424180329,0,0,16,0,48,256,1,1,256,1,1
"KERNEL_DISPATCH","Agent 3",1,0,2659141,1769,123,"void microllm::ops::hip::(anonymous namespace)::add_rms_norm_kernel<256u>(float const*, float const*, float const*, float*, float*, long, long, float)",10925,3219604424218240,3219604424221247,1024,0,16,0,32,256,1,1,256,1,1
"KERNEL_DISPATCH","Agent 3",1,0,2659141,1770,65,"void microllm::ops::hip::(anonymous namespace)::matmul_typed_kernel<float>(float const*, float const*, float*, long, long, long, long)",10930,3219604424226306,3219604424235768,0,0,16,0,48,256,1,1,256,1,1
"KERNEL_DISPATCH","Agent 3",1,0,2659141,1771,65,"void microllm::ops::hip::(anonymous namespace)::matmul_typed_kernel<float>(float const*, float const*, float*, long, long, long, long)",10935,3219604424235772,3219604424244672,0,0,16,0,48,256,1,1,256,1,1
"KERNEL_DISPATCH","Agent 3",1,0,2659141,1772,75,"void microllm::ops::hip::(anonymous namespace)::swiglu_typed_kernel<float>(float const*, float const*, float*, long)",10940,3219604424244724,3219604424248172,0,0,12,4,32,256,1,1,256,1,1
"KERNEL_DISPATCH","Agent 3",1,0,2659141,1773,65,"void microllm::ops::hip::(anonymous namespace)::matmul_typed_kernel<float>(float const*, float const*, float*, long, long, long, long)",10949,3219604424268262,3219604424285100,0,0,16,0,48,256,1,1,256,1,1
"KERNEL_DISPATCH","Agent 3",1,0,2659141,1774,95,"void microllm::ops::hip::(anonymous namespace)::add_typed_kernel<float>(float const*, float const*, float*, long)",10956,3219604424302824,3219604424305470,0,0,8,0,32,256,1,1,256,1,1
"KERNEL_DISPATCH","Agent 3",1,0,2659141,1775,102,"microllm::ops::hip::(anonymous namespace)::rms_norm_kernel(float const*, float const*, float*, long, long, float)",10971,3219604424331217,3219604424333943,1024,0,12,4,32,256,1,1,256,1,1
"KERNEL_DISPATCH","Agent 3",1,0,2659141,1776,65,"void microllm::ops::hip::(anonymous namespace)::matmul_typed_kernel<float>(float const*, float const*, float*, long, long, long, long)",10978,3219604424351353,3219604424360894,0,0,16,0,48,256,1,1,256,1,1
"KERNEL_DISPATCH","Agent 3",1,0,2659141,1777,9,"__amd_rocclr_copyBuffer",10989,3219604424394113,3219604424396638,0,0,16,0,32,512,1,1,512,1,1
"KERNEL_DISPATCH","Agent 3",1,0,2659141,1778,9,"__amd_rocclr_copyBuffer",10995,3219604424416784,3219604424420392,0,0,16,0,32,512,1,1,512,1,1
"KERNEL_DISPATCH","Agent 3",1,0,2659141,1779,92,"microllm::ops::hip::(anonymous namespace)::embedding_kernel(float const*, int const*, float*, long, long, long)",10999,3219604424435486,3219604424437611,0,0,16,0,32,256,1,1,512,1,1
"KERNEL_DISPATCH","Agent 3",1,0,2659141,1780,102,"microllm::ops::hip::(anonymous namespace)::rms_norm_kernel(float const*, float const*, float*, long, long, float)",11004,3219604424445443,3219604424448129,1024,0,12,4,32,256,1,1,2048,1,1
"KERNEL_DISPATCH","Agent 3",1,0,2659141,1781,65,"void microllm::ops::hip::(anonymous namespace)::matmul_typed_kernel<float>(float const*, float const*, float*, long, long, long, long)",11009,3219604424454189,3219604424463811,0,0,16,0,48,256,1,1,512,1,1
"KERNEL_DISPATCH","Agent 3",1,0,2659141,1782,65,"void microllm::ops::hip::(anonymous namespace)::matmul_typed_kernel<float>(float const*, float const*, float*, long, long, long, long)",11014,3219604424463777,3219604424472597,0,0,16,0,48,256,1,1,256,1,1
"KERNEL_DISPATCH","Agent 3",1,0,2659141,1783,65,"void microllm::ops::hip::(anonymous namespace)::matmul_typed_kernel<float>(float const*, float const*, float*, long, long, long, long)",11019,3219604424472576,3219604424481076,0,0,16,0,48,256,1,1,256,1,1
"KERNEL_DISPATCH","Agent 3",1,0,2659141,1784,138,"microllm::runtime::detail::(anonymous namespace)::strided_copy_kernel(std::byte*, std::byte const*, unsigned long, long, microllm::runtime::detail::(anonymous namespace)::Layout)",11024,3219604424481194,3219604424484561,0,0,20,4,48,256,1,1,512,1,1
"KERNEL_DISPATCH","Agent 3",1,0,2659141,1785,138,"microllm::runtime::detail::(anonymous namespace)::strided_copy_kernel(std::byte*, std::byte const*, unsigned long, long, microllm::runtime::detail::(anonymous namespace)::Layout)",11029,3219604424488556,3219604424491843,0,0,20,4,48,256,1,1,256,1,1
"KERNEL_DISPATCH","Agent 3",1,0,2659141,1786,138,"microllm::runtime::detail::(anonymous namespace)::strided_copy_kernel(std::byte*, std::byte const*, unsigned long, long, microllm::runtime::detail::(anonymous namespace)::Layout)",11034,3219604424497336,3219604424500423,0,0,20,4,48,256,1,1,256,1,1
"KERNEL_DISPATCH","Agent 3",1,0,2659141,1787,76,"microllm::ops::hip::(anonymous namespace)::rope_kernel(float const*, float*, long, long, long, long, long, float)",11039,3219604424508613,3219604424511339,0,0,28,4,48,256,1,1,256,1,1
"KERNEL_DISPATCH","Agent 3",1,0,2659141,1788,76,"microllm::ops::hip::(anonymous namespace)::rope_kernel(float const*, float*, long, long, long, long, long, float)",11046,3219604424536488,3219604424538894,0,0,28,4,48,256,1,1,256,1,1
"KERNEL_DISPATCH","Agent 3",1,0,2659141,1789,9,"__amd_rocclr_copyBuffer",11053,3219604424556798,3219604424558161,0,0,16,0,32,512,1,1,512,1,1
"KERNEL_DISPATCH","Agent 3",1,0,2659141,1790,9,"__amd_rocclr_copyBuffer",11055,3219604424561761,3219604424562924,0,0,16,0,32,512,1,1,512,1,1
"KERNEL_DISPATCH","Agent 3",1,0,2659141,1791,9,"__amd_rocclr_copyBuffer",11059,3219604424569859,3219604424571422,0,0,16,0,32,512,1,1,512,1,1
"KERNEL_DISPATCH","Agent 3",1,0,2659141,1792,9,"__amd_rocclr_copyBuffer",11061,3219604424574781,3219604424575743,0,0,16,0,32,512,1,1,512,1,1
"KERNEL_DISPATCH","Agent 3",1,0,2659141,1793,135,"microllm::ops::hip::(anonymous namespace)::causal_gqa_attention_kernel(float const*, float const*, float const*, float*, float*, long, long, long, long, long, long, float)",11065,3219604424583989,3219604424589923,1024,0,24,0,64,256,1,1,8192,1,1
"KERNEL_DISPATCH","Agent 3",1,0,2659141,1794,138,"microllm::runtime::detail::(anonymous namespace)::strided_copy_kernel(std::byte*, std::byte const*, unsigned long, long, microllm::runtime::detail::(anonymous namespace)::Layout)",11070,3219604424593309,3219604424595834,0,0,20,4,48,256,1,1,512,1,1
"KERNEL_DISPATCH","Agent 3",1,0,2659141,1795,65,"void microllm::ops::hip::(anonymous namespace)::matmul_typed_kernel<float>(float const*, float const*, float*, long, long, long, long)",11077,3219604424614154,3219604424623575,0,0,16,0,48,256,1,1,512,1,1
"KERNEL_DISPATCH","Agent 3",1,0,2659141,1796,95,"void microllm::ops::hip::(anonymous namespace)::add_typed_kernel<float>(float const*, float const*, float*, long)",11096,3219604424654306,3219604424656912,0,0,8,0,32,256,1,1,512,1,1
"KERNEL_DISPATCH","Agent 3",1,0,2659141,1797,102,"microllm::ops::hip::(anonymous namespace)::rms_norm_kernel(float const*, float const*, float*, long, long, float)",11105,3219604424676928,3219604424679534,1024,0,12,4,32,256,1,1,2048,1,1
"KERNEL_DISPATCH","Agent 3",1,0,2659141,1798,65,"void microllm::ops::hip::(anonymous namespace)::matmul_typed_kernel<float>(float const*, float const*, float*, long, long, long, long)",11110,3219604424684858,3219604424694440,0,0,16,0,48,256,1,1,1024,1,1
"KERNEL_DISPATCH","Agent 3",1,0,2659141,1799,65,"void microllm::ops::hip::(anonymous namespace)::matmul_typed_kernel<float>(float const*, float const*, float*, long, long, long, long)",11115,3219604424694407,3219604424703508,0,0,16,0,48,256,1,1,1024,1,1
"KERNEL_DISPATCH","Agent 3",1,0,2659141,1800,75,"void microllm::ops::hip::(anonymous namespace)::swiglu_typed_kernel<float>(float const*, float const*, float*, long)",11120,3219604424703538,3219604424707146,0,0,12,4,32,256,1,1,1024,1,1
"KERNEL_DISPATCH","Agent 3",1,0,2659141,1801,65,"void microllm::ops::hip::(anonymous namespace)::matmul_typed_kernel<float>(float const*, float const*, float*, long, long, long, long)",11129,3219604424727290,3219604424744610,0,0,16,0,48,256,1,1,512,1,1
"KERNEL_DISPATCH","Agent 3",1,0,2659141,1802,95,"void microllm::ops::hip::(anonymous namespace)::add_typed_kernel<float>(float const*, float const*, float*, long)",11136,3219604424762905,3219604424765791,0,0,8,0,32,256,1,1,512,1,1
"KERNEL_DISPATCH","Agent 3",1,0,2659141,1803,102,"microllm::ops::hip::(anonymous namespace)::rms_norm_kernel(float const*, float const*, float*, long, long, float)",11149,3219604424790002,3219604424792808,1024,0,12,4,32,256,1,1,2048,1,1
"KERNEL_DISPATCH","Agent 3",1,0,2659141,1804,65,"void microllm::ops::hip::(anonymous namespace)::matmul_typed_kernel<float>(float const*, float const*, float*, long, long, long, long)",11154,3219604424797369,3219604424808194,0,0,16,0,48,256,1,1,512,1,1
"KERNEL_DISPATCH","Agent 3",1,0,2659141,1805,65,"void microllm::ops::hip::(anonymous namespace)::matmul_typed_kernel<float>(float const*, float const*, float*, long, long, long, long)",11159,3219604424808114,3219604424816734,0,0,16,0,48,256,1,1,256,1,1
"KERNEL_DISPATCH","Agent 3",1,0,2659141,1806,65,"void microllm::ops::hip::(anonymous namespace)::matmul_typed_kernel<float>(float const*, float const*, float*, long, long, long, long)",11164,3219604424816744,3219604424825243,0,0,16,0,48,256,1,1,256,1,1
"KERNEL_DISPATCH","Agent 3",1,0,2659141,1807,138,"microllm::runtime::detail::(anonymous namespace)::strided_copy_kernel(std::byte*, std::byte const*, unsigned long, long, microllm::runtime::detail::(anonymous namespace)::Layout)",11169,3219604424825331,3219604424828739,0,0,20,4,48,256,1,1,512,1,1
"KERNEL_DISPATCH","Agent 3",1,0,2659141,1808,138,"microllm::runtime::detail::(anonymous namespace)::strided_copy_kernel(std::byte*, std::byte const*, unsigned long, long, microllm::runtime::detail::(anonymous namespace)::Layout)",11174,3219604424832445,3219604424835572,0,0,20,4,48,256,1,1,256,1,1
"KERNEL_DISPATCH","Agent 3",1,0,2659141,1809,138,"microllm::runtime::detail::(anonymous namespace)::strided_copy_kernel(std::byte*, std::byte const*, unsigned long, long, microllm::runtime::detail::(anonymous namespace)::Layout)",11179,3219604424852666,3219604424855673,0,0,20,4,48,256,1,1,256,1,1
"KERNEL_DISPATCH","Agent 3",1,0,2659141,1810,76,"microllm::ops::hip::(anonymous namespace)::rope_kernel(float const*, float*, long, long, long, long, long, float)",11184,3219604424865625,3219604424868512,0,0,28,4,48,256,1,1,256,1,1
"KERNEL_DISPATCH","Agent 3",1,0,2659141,1811,76,"microllm::ops::hip::(anonymous namespace)::rope_kernel(float const*, float*, long, long, long, long, long, float)",11191,3219604424890923,3219604424893810,0,0,28,4,48,256,1,1,256,1,1
"KERNEL_DISPATCH","Agent 3",1,0,2659141,1812,9,"__amd_rocclr_copyBuffer",11198,3219604424911266,3219604424913030,0,0,16,0,32,512,1,1,512,1,1
"KERNEL_DISPATCH","Agent 3",1,0,2659141,1813,9,"__amd_rocclr_copyBuffer",11200,3219604424916639,3219604424917802,0,0,16,0,32,512,1,1,512,1,1
"KERNEL_DISPATCH","Agent 3",1,0,2659141,1814,9,"__amd_rocclr_copyBuffer",11204,3219604424926302,3219604424928066,0,0,16,0,32,512,1,1,512,1,1
"KERNEL_DISPATCH","Agent 3",1,0,2659141,1815,9,"__amd_rocclr_copyBuffer",11206,3219604424952496,3219604424954340,0,0,16,0,32,512,1,1,512,1,1
"KERNEL_DISPATCH","Agent 3",1,0,2659141,1816,135,"microllm::ops::hip::(anonymous namespace)::causal_gqa_attention_kernel(float const*, float const*, float const*, float*, float*, long, long, long, long, long, long, float)",11210,3219604424994080,3219604425000335,1024,0,24,0,64,256,1,1,8192,1,1
"KERNEL_DISPATCH","Agent 3",1,0,2659141,1817,138,"microllm::runtime::detail::(anonymous namespace)::strided_copy_kernel(std::byte*, std::byte const*, unsigned long, long, microllm::runtime::detail::(anonymous namespace)::Layout)",11215,3219604425003923,3219604425007250,0,0,20,4,48,256,1,1,512,1,1
"KERNEL_DISPATCH","Agent 3",1,0,2659141,1818,65,"void microllm::ops::hip::(anonymous namespace)::matmul_typed_kernel<float>(float const*, float const*, float*, long, long, long, long)",11222,3219604425025214,3219604425034435,0,0,16,0,48,256,1,1,512,1,1
"KERNEL_DISPATCH","Agent 3",1,0,2659141,1819,95,"void microllm::ops::hip::(anonymous namespace)::add_typed_kernel<float>(float const*, float const*, float*, long)",11241,3219604425066436,3219604425069322,0,0,8,0,32,256,1,1,512,1,1
"KERNEL_DISPATCH","Agent 3",1,0,2659141,1820,102,"microllm::ops::hip::(anonymous namespace)::rms_norm_kernel(float const*, float const*, float*, long, long, float)",11250,3219604425089444,3219604425092210,1024,0,12,4,32,256,1,1,2048,1,1
"KERNEL_DISPATCH","Agent 3",1,0,2659141,1821,65,"void microllm::ops::hip::(anonymous namespace)::matmul_typed_kernel<float>(float const*, float const*, float*, long, long, long, long)",11255,3219604425100573,3219604425110195,0,0,16,0,48,256,1,1,1024,1,1
"KERNEL_DISPATCH","Agent 3",1,0,2659141,1822,65,"void microllm::ops::hip::(anonymous namespace)::matmul_typed_kernel<float>(float const*, float const*, float*, long, long, long, long)",11260,3219604425108605,3219604425117305,0,0,16,0,48,256,1,1,1024,1,1
"KERNEL_DISPATCH","Agent 3",1,0,2659141,1823,75,"void microllm::ops::hip::(anonymous namespace)::swiglu_typed_kernel<float>(float const*, float const*, float*, long)",11265,3219604425121812,3219604425124939,0,0,12,4,32,256,1,1,1024,1,1
"KERNEL_DISPATCH","Agent 3",1,0,2659141,1824,65,"void microllm::ops::hip::(anonymous namespace)::matmul_typed_kernel<float>(float const*, float const*, float*, long, long, long, long)",11274,3219604425145858,3219604425162496,0,0,16,0,48,256,1,1,512,1,1
"KERNEL_DISPATCH","Agent 3",1,0,2659141,1825,95,"void microllm::ops::hip::(anonymous namespace)::add_typed_kernel<float>(float const*, float const*, float*, long)",11281,3219604425180236,3219604425182681,0,0,8,0,32,256,1,1,512,1,1
"KERNEL_DISPATCH","Agent 3",1,0,2659141,1826,102,"microllm::ops::hip::(anonymous namespace)::rms_norm_kernel(float const*, float const*, float*, long, long, float)",11294,3219604425207348,3219604425210996,1024,0,12,4,32,256,1,1,2048,1,1
"KERNEL_DISPATCH","Agent 3",1,0,2659141,1827,65,"void microllm::ops::hip::(anonymous namespace)::matmul_typed_kernel<float>(float const*, float const*, float*, long, long, long, long)",11301,3219604425229729,3219604425239432,0,0,16,0,48,256,1,1,256,1,1
"KERNEL_DISPATCH","Agent 3",1,0,2659141,1828,9,"__amd_rocclr_copyBuffer",11308,3219604425258086,3219604425259569,0,0,16,0,32,512,1,1,512,1,1
"KERNEL_DISPATCH","Agent 3",1,0,2659141,1829,9,"__amd_rocclr_copyBuffer",11310,3219604425263341,3219604425264744,0,0,16,0,32,512,1,1,512,1,1
"KERNEL_DISPATCH","Agent 3",1,0,2659141,1830,9,"__amd_rocclr_copyBuffer",11312,3219604425268172,3219604425269816,0,0,16,0,32,512,1,1,512,1,1
"KERNEL_DISPATCH","Agent 3",1,0,2659141,1831,9,"__amd_rocclr_copyBuffer",11314,3219604425273795,3219604425274917,0,0,16,0,32,512,1,1,512,1,1
"KERNEL_DISPATCH","Agent 3",1,0,2659141,1832,9,"__amd_rocclr_copyBuffer",11316,3219604425278940,3219604425280624,0,0,16,0,32,512,1,1,512,1,1
"KERNEL_DISPATCH","Agent 3",1,0,2659141,1833,9,"__amd_rocclr_copyBuffer",11318,3219604425283992,3219604425285556,0,0,16,0,32,512,1,1,512,1,1
"KERNEL_DISPATCH","Agent 3",1,0,2659141,1834,9,"__amd_rocclr_copyBuffer",11320,3219604425290862,3219604425292265,0,0,16,0,32,512,1,1,512,1,1
"KERNEL_DISPATCH","Agent 3",1,0,2659141,1835,9,"__amd_rocclr_copyBuffer",11322,3219604425298616,3219604425301182,0,0,16,0,32,512,1,1,512,1,1
"KERNEL_DISPATCH","Agent 3",1,0,2659141,1836,9,"__amd_rocclr_copyBuffer",11332,3219604425327886,3219604425329891,0,0,16,0,32,512,1,1,512,1,1
"KERNEL_DISPATCH","Agent 3",1,0,2659141,1837,86,"microllm::ops::hip::(anonymous namespace)::argmax_last_dim_kernel(float const*, int*, long, long)",11338,3219604425348205,3219604425351692,4096,0,12,4,32,256,1,1,512,1,1
"KERNEL_DISPATCH","Agent 3",1,0,2659141,1838,9,"__amd_rocclr_copyBuffer",11341,3219604425355830,3219604425360962,0,0,16,0,32,512,1,1,512,1,1
"KERNEL_DISPATCH","Agent 3",1,0,2659141,1839,9,"__amd_rocclr_copyBuffer",11347,3219604425388309,3219604425392399,0,0,16,0,32,512,1,1,512,1,1
"KERNEL_DISPATCH","Agent 3",1,0,2659141,1840,9,"__amd_rocclr_copyBuffer",11351,3219604425409598,3219604425413447,0,0,16,0,32,512,1,1,512,1,1
"KERNEL_DISPATCH","Agent 3",1,0,2659141,1841,9,"__amd_rocclr_copyBuffer",11355,3219604425439705,3219604425443674,0,0,16,0,32,512,1,1,512,1,1
"KERNEL_DISPATCH","Agent 3",1,0,2659141,1842,92,"microllm::ops::hip::(anonymous namespace)::embedding_kernel(float const*, int const*, float*, long, long, long)",11359,3219604425459662,3219604425461586,0,0,16,0,32,256,1,1,256,1,1
"KERNEL_DISPATCH","Agent 3",1,0,2659141,1843,102,"microllm::ops::hip::(anonymous namespace)::rms_norm_kernel(float const*, float const*, float*, long, long, float)",11364,3219604425468707,3219604425471153,1024,0,12,4,32,256,1,1,512,1,1
"KERNEL_DISPATCH","Agent 3",1,0,2659141,1844,65,"void microllm::ops::hip::(anonymous namespace)::matmul_typed_kernel<float>(float const*, float const*, float*, long, long, long, long)",11369,3219604425476474,3219604425486617,0,0,16,0,48,256,1,1,256,1,1
"KERNEL_DISPATCH","Agent 3",1,0,2659141,1845,65,"void microllm::ops::hip::(anonymous namespace)::matmul_typed_kernel<float>(float const*, float const*, float*, long, long, long, long)",11374,3219604425486550,3219604425495691,0,0,16,0,48,256,1,1,256,1,1
"KERNEL_DISPATCH","Agent 3",1,0,2659141,1846,65,"void microllm::ops::hip::(anonymous namespace)::matmul_typed_kernel<float>(float const*, float const*, float*, long, long, long, long)",11379,3219604425495724,3219604425505306,0,0,16,0,48,256,1,1,256,1,1
"KERNEL_DISPATCH","Agent 3",1,0,2659141,1847,134,"microllm::ops::hip::(anonymous namespace)::rope_positions_kernel(float const*, int const*, float*, long, long, long, float)",11384,3219604425505337,3219604425508745,0,0,28,4,48,256,1,1,256,1,1
"KERNEL_DISPATCH","Agent 3",1,0,2659141,1848,134,"microllm::ops::hip::(anonymous namespace)::rope_positions_kernel(float const*, int const*, float*, long, long, long, float)",11389,3219604425515648,3219604425517973,0,0,28,4,48,256,1,1,256,1,1
"KERNEL_DISPATCH","Agent 3",1,0,2659141,1849,110,"void microllm::ops::hip::(anonymous namespace)::kv_cache_store_pair_positions_kernel<float>(float const*, float const*, int const*, int const*, float*, float*, long, long, long, long, long, long)",11392,3219604425521886,3219604425524211,0,0,20,4,48,256,1,1,256,1,1
"KERNEL_DISPATCH","Agent 3",1,0,2659141,1850,78,"void microllm::ops::hip::(anonymous namespace)::cached_attention_fused_positions_kernel<float>(float const*, float const*, float const*, int const*, int const*, float*, long, long, long, long, long, long, long, long, float)",11397,3219604425531828,3219604425538403,1024,0,52,4,64,256,1,1,2048,1,1
"KERNEL_DISPATCH","Agent 3",1,0,2659141,1851,65,"void microllm::ops::hip::(anonymous namespace)::matmul_typed_kernel<float>(float const*, float const*, float*, long, long, long, long)",11402,3219604425541960,3219604425550860,0,0,16,0,48,256,1,1,256,1,1
"KERNEL_DISPATCH","Agent 3",1,0,2659141,1852,123,"void microllm::ops::hip::(anonymous namespace)::add_rms_norm_kernel<256u>(float const*, float const*, float const*, float*, float*, long, long, float)",11423,3219604425590370,3219604425593177,1024,0,16,0,32,256,1,1,512,1,1
"KERNEL_DISPATCH","Agent 3",1,0,2659141,1853,65,"void microllm::ops::hip::(anonymous namespace)::matmul_typed_kernel<float>(float const*, float const*, float*, long, long, long, long)",11428,3219604425598027,3219604425608010,0,0,16,0,48,256,1,1,256,1,1
"KERNEL_DISPATCH","Agent 3",1,0,2659141,1854,65,"void microllm::ops::hip::(anonymous namespace)::matmul_typed_kernel<float>(float const*, float const*, float*, long, long, long, long)",11433,3219604425607997,3219604425616697,0,0,16,0,48,256,1,1,256,1,1
"KERNEL_DISPATCH","Agent 3",1,0,2659141,1855,75,"void microllm::ops::hip::(anonymous namespace)::swiglu_typed_kernel<float>(float const*, float const*, float*, long)",11438,3219604425616791,3219604425620198,0,0,12,4,32,256,1,1,256,1,1
"KERNEL_DISPATCH","Agent 3",1,0,2659141,1856,65,"void microllm::ops::hip::(anonymous namespace)::matmul_typed_kernel<float>(float const*, float const*, float*, long, long, long, long)",11447,3219604425640297,3219604425657215,0,0,16,0,48,256,1,1,256,1,1
"KERNEL_DISPATCH","Agent 3",1,0,2659141,1857,95,"void microllm::ops::hip::(anonymous namespace)::add_typed_kernel<float>(float const*, float const*, float*, long)",11454,3219604425674524,3219604425677331,0,0,8,0,32,256,1,1,256,1,1
"KERNEL_DISPATCH","Agent 3",1,0,2659141,1858,102,"microllm::ops::hip::(anonymous namespace)::rms_norm_kernel(float const*, float const*, float*, long, long, float)",11469,3219604425703701,3219604425706227,1024,0,12,4,32,256,1,1,512,1,1
"KERNEL_DISPATCH","Agent 3",1,0,2659141,1859,65,"void microllm::ops::hip::(anonymous namespace)::matmul_typed_kernel<float>(float const*, float const*, float*, long, long, long, long)",11474,3219604425711036,3219604425720778,0,0,16,0,48,256,1,1,256,1,1
"KERNEL_DISPATCH","Agent 3",1,0,2659141,1860,65,"void microllm::ops::hip::(anonymous namespace)::matmul_typed_kernel<float>(float const*, float const*, float*, long, long, long, long)",11479,3219604425720671,3219604425729451,0,0,16,0,48,256,1,1,256,1,1
"KERNEL_DISPATCH","Agent 3",1,0,2659141,1861,65,"void microllm::ops::hip::(anonymous namespace)::matmul_typed_kernel<float>(float const*, float const*, float*, long, long, long, long)",11484,3219604425729533,3219604425737993,0,0,16,0,48,256,1,1,256,1,1
"KERNEL_DISPATCH","Agent 3",1,0,2659141,1862,134,"microllm::ops::hip::(anonymous namespace)::rope_positions_kernel(float const*, int const*, float*, long, long, long, float)",11489,3219604425737966,3219604425741454,0,0,28,4,48,256,1,1,256,1,1
"KERNEL_DISPATCH","Agent 3",1,0,2659141,1863,134,"microllm::ops::hip::(anonymous namespace)::rope_positions_kernel(float const*, int const*, float*, long, long, long, float)",11494,3219604425744998,3219604425747804,0,0,28,4,48,256,1,1,256,1,1
"KERNEL_DISPATCH","Agent 3",1,0,2659141,1864,110,"void microllm::ops::hip::(anonymous namespace)::kv_cache_store_pair_positions_kernel<float>(float const*, float const*, int const*, int const*, float*, float*, long, long, long, long, long, long)",11497,3219604425753044,3219604425755610,0,0,20,4,48,256,1,1,256,1,1
"KERNEL_DISPATCH","Agent 3",1,0,2659141,1865,78,"void microllm::ops::hip::(anonymous namespace)::cached_attention_fused_positions_kernel<float>(float const*, float const*, float const*, int const*, int const*, float*, long, long, long, long, long, long, long, long, float)",11502,3219604425762402,3219604425768896,1024,0,52,4,64,256,1,1,2048,1,1
"KERNEL_DISPATCH","Agent 3",1,0,2659141,1866,65,"void microllm::ops::hip::(anonymous namespace)::matmul_typed_kernel<float>(float const*, float const*, float*, long, long, long, long)",11507,3219604425772129,3219604425781430,0,0,16,0,48,256,1,1,256,1,1
"KERNEL_DISPATCH","Agent 3",1,0,2659141,1867,123,"void microllm::ops::hip::(anonymous namespace)::add_rms_norm_kernel<256u>(float const*, float const*, float const*, float*, float*, long, long, float)",11528,3219604425818209,3219604425821336,1024,0,16,0,32,256,1,1,512,1,1
"KERNEL_DISPATCH","Agent 3",1,0,2659141,1868,65,"void microllm::ops::hip::(anonymous namespace)::matmul_typed_kernel<float>(float const*, float const*, float*, long, long, long, long)",11533,3219604425826703,3219604425836966,0,0,16,0,48,256,1,1,256,1,1
"KERNEL_DISPATCH","Agent 3",1,0,2659141,1869,65,"void microllm::ops::hip::(anonymous namespace)::matmul_typed_kernel<float>(float const*, float const*, float*, long, long, long, long)",11538,3219604425837003,3219604425845823,0,0,16,0,48,256,1,1,256,1,1
"KERNEL_DISPATCH","Agent 3",1,0,2659141,1870,75,"void microllm::ops::hip::(anonymous namespace)::swiglu_typed_kernel<float>(float const*, float const*, float*, long)",11543,3219604425845871,3219604425849359,0,0,12,4,32,256,1,1,256,1,1
"KERNEL_DISPATCH","Agent 3",1,0,2659141,1871,65,"void microllm::ops::hip::(anonymous namespace)::matmul_typed_kernel<float>(float const*, float const*, float*, long, long, long, long)",11552,3219604425872322,3219604425890002,0,0,16,0,48,256,1,1,256,1,1
"KERNEL_DISPATCH","Agent 3",1,0,2659141,1872,95,"void microllm::ops::hip::(anonymous namespace)::add_typed_kernel<float>(float const*, float const*, float*, long)",11559,3219604425945956,3219604425948362,0,0,8,0,32,256,1,1,256,1,1
"KERNEL_DISPATCH","Agent 3",1,0,2659141,1873,102,"microllm::ops::hip::(anonymous namespace)::rms_norm_kernel(float const*, float const*, float*, long, long, float)",11574,3219604425985067,3219604425988314,1024,0,12,4,32,256,1,1,512,1,1
"KERNEL_DISPATCH","Agent 3",1,0,2659141,1874,65,"void microllm::ops::hip::(anonymous namespace)::matmul_typed_kernel<float>(float const*, float const*, float*, long, long, long, long)",11581,3219604426005599,3219604426015101,0,0,16,0,48,256,1,1,512,1,1
"KERNEL_DISPATCH","Agent 3",1,0,2659141,1875,9,"__amd_rocclr_copyBuffer",11592,3219604426038289,3219604426040053,0,0,16,0,32,512,1,1,512,1,1
"KERNEL_DISPATCH","Agent 3",1,0,2659141,1876,9,"__amd_rocclr_copyBuffer",11594,3219604426044390,3219604426047197,0,0,16,0,32,512,1,1,512,1,1
"KERNEL_DISPATCH","Agent 3",1,0,2659141,1877,86,"microllm::ops::hip::(anonymous namespace)::argmax_last_dim_kernel(float const*, int*, long, long)",11600,3219604426066100,3219604426069588,4096,0,12,4,32,256,1,1,512,1,1
"KERNEL_DISPATCH","Agent 3",1,0,2659141,1878,9,"__amd_rocclr_copyBuffer",11603,3219604426073747,3219604426078318,0,0,16,0,32,512,1,1,512,1,1
"KERNEL_DISPATCH","Agent 3",1,0,2659141,1879,9,"__amd_rocclr_copyBuffer",11609,3219604426105138,3219604426109428,0,0,16,0,32,512,1,1,512,1,1
"KERNEL_DISPATCH","Agent 3",1,0,2659141,1880,9,"__amd_rocclr_copyBuffer",11613,3219604426126271,3219604426130240,0,0,16,0,32,512,1,1,512,1,1
"KERNEL_DISPATCH","Agent 3",1,0,2659141,1881,9,"__amd_rocclr_copyBuffer",11617,3219604426147054,3219604426151064,0,0,16,0,32,512,1,1,512,1,1
"KERNEL_DISPATCH","Agent 3",1,0,2659141,1882,92,"microllm::ops::hip::(anonymous namespace)::embedding_kernel(float const*, int const*, float*, long, long, long)",11621,3219604426166514,3219604426168359,0,0,16,0,32,256,1,1,256,1,1
"KERNEL_DISPATCH","Agent 3",1,0,2659141,1883,102,"microllm::ops::hip::(anonymous namespace)::rms_norm_kernel(float const*, float const*, float*, long, long, float)",11626,3219604426174047,3219604426176693,1024,0,12,4,32,256,1,1,512,1,1
"KERNEL_DISPATCH","Agent 3",1,0,2659141,1884,65,"void microllm::ops::hip::(anonymous namespace)::matmul_typed_kernel<float>(float const*, float const*, float*, long, long, long, long)",11631,3219604426182460,3219604426192122,0,0,16,0,48,256,1,1,256,1,1
"KERNEL_DISPATCH","Agent 3",1,0,2659141,1885,65,"void microllm::ops::hip::(anonymous namespace)::matmul_typed_kernel<float>(float const*, float const*, float*, long, long, long, long)",11636,3219604426192126,3219604426200866,0,0,16,0,48,256,1,1,256,1,1
"KERNEL_DISPATCH","Agent 3",1,0,2659141,1886,65,"void microllm::ops::hip::(anonymous namespace)::matmul_typed_kernel<float>(float const*, float const*, float*, long, long, long, long)",11641,3219604426200767,3219604426209106,0,0,16,0,48,256,1,1,256,1,1
"KERNEL_DISPATCH","Agent 3",1,0,2659141,1887,134,"microllm::ops::hip::(anonymous namespace)::rope_positions_kernel(float const*, int const*, float*, long, long, long, float)",11646,3219604426212278,3219604426214724,0,0,28,4,48,256,1,1,256,1,1
"KERNEL_DISPATCH","Agent 3",1,0,2659141,1888,134,"microllm::ops::hip::(anonymous namespace)::rope_positions_kernel(float const*, int const*, float*, long, long, long, float)",11651,3219604426222526,3219604426224971,0,0,28,4,48,256,1,1,256,1,1
"KERNEL_DISPATCH","Agent 3",1,0,2659141,1889,110,"void microllm::ops::hip::(anonymous namespace)::kv_cache_store_pair_positions_kernel<float>(float const*, float const*, int const*, int const*, float*, float*, long, long, long, long, long, long)",11654,3219604426228348,3219604426230873,0,0,20,4,48,256,1,1,256,1,1
"KERNEL_DISPATCH","Agent 3",1,0,2659141,1890,78,"void microllm::ops::hip::(anonymous namespace)::cached_attention_fused_positions_kernel<float>(float const*, float const*, float const*, int const*, int const*, float*, long, long, long, long, long, long, long, long, float)",11659,3219604426238196,3219604426244531,1024,0,52,4,64,256,1,1,2048,1,1
"KERNEL_DISPATCH","Agent 3",1,0,2659141,1891,65,"void microllm::ops::hip::(anonymous namespace)::matmul_typed_kernel<float>(float const*, float const*, float*, long, long, long, long)",11664,3219604426247744,3219604426256404,0,0,16,0,48,256,1,1,256,1,1
"KERNEL_DISPATCH","Agent 3",1,0,2659141,1892,123,"void microllm::ops::hip::(anonymous namespace)::add_rms_norm_kernel<256u>(float const*, float const*, float const*, float*, float*, long, long, float)",11685,3219604426295404,3219604426298411,1024,0,16,0,32,256,1,1,512,1,1
"KERNEL_DISPATCH","Agent 3",1,0,2659141,1893,65,"void microllm::ops::hip::(anonymous namespace)::matmul_typed_kernel<float>(float const*, float const*, float*, long, long, long, long)",11690,3219604426303162,3219604426313225,0,0,16,0,48,256,1,1,256,1,1
"KERNEL_DISPATCH","Agent 3",1,0,2659141,1894,65,"void microllm::ops::hip::(anonymous namespace)::matmul_typed_kernel<float>(float const*, float const*, float*, long, long, long, long)",11695,3219604426313237,3219604426321816,0,0,16,0,48,256,1,1,256,1,1
"KERNEL_DISPATCH","Agent 3",1,0,2659141,1895,75,"void microllm::ops::hip::(anonymous namespace)::swiglu_typed_kernel<float>(float const*, float const*, float*, long)",11700,3219604426321795,3219604426325283,0,0,12,4,32,256,1,1,256,1,1
"KERNEL_DISPATCH","Agent 3",1,0,2659141,1896,65,"void microllm::ops::hip::(anonymous namespace)::matmul_typed_kernel<float>(float const*, float const*, float*, long, long, long, long)",11709,3219604426345165,3219604426361722,0,0,16,0,48,256,1,1,256,1,1
"KERNEL_DISPATCH","Agent 3",1,0,2659141,1897,95,"void microllm::ops::hip::(anonymous namespace)::add_typed_kernel<float>(float const*, float const*, float*, long)",11716,3219604426379382,3219604426381827,0,0,8,0,32,256,1,1,256,1,1
"KERNEL_DISPATCH","Agent 3",1,0,2659141,1898,102,"microllm::ops::hip::(anonymous namespace)::rms_norm_kernel(float const*, float const*, float*, long, long, float)",11731,3219604426407530,3219604426410055,1024,0,12,4,32,256,1,1,512,1,1
"KERNEL_DISPATCH","Agent 3",1,0,2659141,1899,65,"void microllm::ops::hip::(anonymous namespace)::matmul_typed_kernel<float>(float const*, float const*, float*, long, long, long, long)",11736,3219604426414738,3219604426425001,0,0,16,0,48,256,1,1,256,1,1
"KERNEL_DISPATCH","Agent 3",1,0,2659141,1900,65,"void microllm::ops::hip::(anonymous namespace)::matmul_typed_kernel<float>(float const*, float const*, float*, long, long, long, long)",11741,3219604426424900,3219604426433640,0,0,16,0,48,256,1,1,256,1,1
"KERNEL_DISPATCH","Agent 3",1,0,2659141,1901,65,"void microllm::ops::hip::(anonymous namespace)::matmul_typed_kernel<float>(float const*, float const*, float*, long, long, long, long)",11746,3219604426433731,3219604426442231,0,0,16,0,48,256,1,1,256,1,1
"KERNEL_DISPATCH","Agent 3",1,0,2659141,1902,134,"microllm::ops::hip::(anonymous namespace)::rope_positions_kernel(float const*, int const*, float*, long, long, long, float)",11751,3219604426442300,3219604426445707,0,0,28,4,48,256,1,1,256,1,1
"KERNEL_DISPATCH","Agent 3",1,0,2659141,1903,134,"microllm::ops::hip::(anonymous namespace)::rope_positions_kernel(float const*, int const*, float*, long, long, long, float)",11756,3219604426450183,3219604426452989,0,0,28,4,48,256,1,1,256,1,1
"KERNEL_DISPATCH","Agent 3",1,0,2659141,1904,110,"void microllm::ops::hip::(anonymous namespace)::kv_cache_store_pair_positions_kernel<float>(float const*, float const*, int const*, int const*, float*, float*, long, long, long, long, long, long)",11759,3219604426457551,3219604426460076,0,0,20,4,48,256,1,1,256,1,1
"KERNEL_DISPATCH","Agent 3",1,0,2659141,1905,78,"void microllm::ops::hip::(anonymous namespace)::cached_attention_fused_positions_kernel<float>(float const*, float const*, float const*, int const*, int const*, float*, long, long, long, long, long, long, long, long, float)",11764,3219604426476793,3219604426483248,1024,0,52,4,64,256,1,1,2048,1,1
"KERNEL_DISPATCH","Agent 3",1,0,2659141,1906,65,"void microllm::ops::hip::(anonymous namespace)::matmul_typed_kernel<float>(float const*, float const*, float*, long, long, long, long)",11769,3219604426486659,3219604426496121,0,0,16,0,48,256,1,1,256,1,1
"KERNEL_DISPATCH","Agent 3",1,0,2659141,1907,123,"void microllm::ops::hip::(anonymous namespace)::add_rms_norm_kernel<256u>(float const*, float const*, float const*, float*, float*, long, long, float)",11790,3219604426534029,3219604426537116,1024,0,16,0,32,256,1,1,512,1,1
"KERNEL_DISPATCH","Agent 3",1,0,2659141,1908,65,"void microllm::ops::hip::(anonymous namespace)::matmul_typed_kernel<float>(float const*, float const*, float*, long, long, long, long)",11795,3219604426542522,3219604426552384,0,0,16,0,48,256,1,1,256,1,1
"KERNEL_DISPATCH","Agent 3",1,0,2659141,1909,65,"void microllm::ops::hip::(anonymous namespace)::matmul_typed_kernel<float>(float const*, float const*, float*, long, long, long, long)",11800,3219604426552248,3219604426562031,0,0,16,0,48,256,1,1,256,1,1
"KERNEL_DISPATCH","Agent 3",1,0,2659141,1910,75,"void microllm::ops::hip::(anonymous namespace)::swiglu_typed_kernel<float>(float const*, float const*, float*, long)",11805,3219604426562114,3219604426565522,0,0,12,4,32,256,1,1,256,1,1
"KERNEL_DISPATCH","Agent 3",1,0,2659141,1911,65,"void microllm::ops::hip::(anonymous namespace)::matmul_typed_kernel<float>(float const*, float const*, float*, long, long, long, long)",11814,3219604426585095,3219604426602415,0,0,16,0,48,256,1,1,256,1,1
"KERNEL_DISPATCH","Agent 3",1,0,2659141,1912,95,"void microllm::ops::hip::(anonymous namespace)::add_typed_kernel<float>(float const*, float const*, float*, long)",11821,3219604426619473,3219604426622079,0,0,8,0,32,256,1,1,256,1,1
"KERNEL_DISPATCH","Agent 3",1,0,2659141,1913,102,"microllm::ops::hip::(anonymous namespace)::rms_norm_kernel(float const*, float const*, float*, long, long, float)",11836,3219604426647675,3219604426650522,1024,0,12,4,32,256,1,1,512,1,1
"KERNEL_DISPATCH","Agent 3",1,0,2659141,1914,65,"void microllm::ops::hip::(anonymous namespace)::matmul_typed_kernel<float>(float const*, float const*, float*, long, long, long, long)",11843,3219604426668113,3219604426677775,0,0,16,0,48,256,1,1,512,1,1
"KERNEL_DISPATCH","Agent 3",1,0,2659141,1915,9,"__amd_rocclr_copyBuffer",11854,3219604426699824,3219604426701588,0,0,16,0,32,512,1,1,512,1,1
"KERNEL_DISPATCH","Agent 3",1,0,2659141,1916,9,"__amd_rocclr_copyBuffer",11856,3219604426704997,3219604426706681,0,0,16,0,32,512,1,1,512,1,1
"KERNEL_DISPATCH","Agent 3",1,0,2659141,1917,86,"microllm::ops::hip::(anonymous namespace)::argmax_last_dim_kernel(float const*, int*, long, long)",11862,3219604426724745,3219604426728354,4096,0,12,4,32,256,1,1,512,1,1
"KERNEL_DISPATCH","Agent 3",1,0,2659141,1918,9,"__amd_rocclr_copyBuffer",11865,3219604426732539,3219604426737671,0,0,16,0,32,512,1,1,512,1,1
"KERNEL_DISPATCH","Agent 3",1,0,2659141,1919,101,"void microllm::ops::hip::(anonymous namespace)::fill_typed_kernel<float>(float*, long, float)",11869,3219604426761225,3219604426762908,0,0,4,4,16,256,1,1,2048,1,1
"KERNEL_DISPATCH","Agent 3",1,0,2659141,1920,101,"void microllm::ops::hip::(anonymous namespace)::fill_typed_kernel<float>(float*, long, float)",11872,3219604426766551,3219604426768195,0,0,4,4,16,256,1,1,2048,1,1
"KERNEL_DISPATCH","Agent 3",1,0,2659141,1921,101,"void microllm::ops::hip::(anonymous namespace)::fill_typed_kernel<float>(float*, long, float)",11875,3219604426772687,3219604426774331,0,0,4,4,16,256,1,1,2048,1,1
"KERNEL_DISPATCH","Agent 3",1,0,2659141,1922,101,"void microllm::ops::hip::(anonymous namespace)::fill_typed_kernel<float>(float*, long, float)",11878,3219604426778792,3219604426780516,0,0,4,4,16,256,1,1,2048,1,1
"KERNEL_DISPATCH","Agent 3",1,0,2659141,1923,9,"__amd_rocclr_copyBuffer",11883,3219604426790609,3219604426794498,0,0,16,0,32,512,1,1,512,1,1
"KERNEL_DISPATCH","Agent 3",1,0,2659141,1924,9,"__amd_rocclr_copyBuffer",11887,3219604426811251,3219604426815060,0,0,16,0,32,512,1,1,512,1,1
"KERNEL_DISPATCH","Agent 3",1,0,2659141,1925,9,"__amd_rocclr_copyBuffer",11891,3219604426832013,3219604426835621,0,0,16,0,32,512,1,1,512,1,1
"KERNEL_DISPATCH","Agent 3",1,0,2659141,1926,92,"microllm::ops::hip::(anonymous namespace)::embedding_kernel(float const*, int const*, float*, long, long, long)",11895,3219604426851818,3219604426853702,0,0,16,0,32,256,1,1,256,1,1
"KERNEL_DISPATCH","Agent 3",1,0,2659141,1927,102,"microllm::ops::hip::(anonymous namespace)::rms_norm_kernel(float const*, float const*, float*, long, long, float)",11900,3219604426862994,3219604426865440,1024,0,12,4,32,256,1,1,256,1,1
"KERNEL_DISPATCH","Agent 3",1,0,2659141,1928,65,"void microllm::ops::hip::(anonymous namespace)::matmul_typed_kernel<float>(float const*, float const*, float*, long, long, long, long)",11905,3219604426875904,3219604426885366,0,0,16,0,48,256,1,1,256,1,1
"KERNEL_DISPATCH","Agent 3",1,0,2659141,1929,65,"void microllm::ops::hip::(anonymous namespace)::matmul_typed_kernel<float>(float const*, float const*, float*, long, long, long, long)",11910,3219604426900293,3219604426909274,0,0,16,0,48,256,1,1,256,1,1
"KERNEL_DISPATCH","Agent 3",1,0,2659141,1930,65,"void microllm::ops::hip::(anonymous namespace)::matmul_typed_kernel<float>(float const*, float const*, float*, long, long, long, long)",11915,3219604426940059,3219604426949120,0,0,16,0,48,256,1,1,256,1,1
"KERNEL_DISPATCH","Agent 3",1,0,2659141,1931,134,"microllm::ops::hip::(anonymous namespace)::rope_positions_kernel(float const*, int const*, float*, long, long, long, float)",11920,3219604426952265,3219604426953828,0,0,28,4,48,256,1,1,256,1,1
"KERNEL_DISPATCH","Agent 3",1,0,2659141,1932,134,"microllm::ops::hip::(anonymous namespace)::rope_positions_kernel(float const*, int const*, float*, long, long, long, float)",11925,3219604426961504,3219604426963909,0,0,28,4,48,256,1,1,256,1,1
"KERNEL_DISPATCH","Agent 3",1,0,2659141,1933,110,"void microllm::ops::hip::(anonymous namespace)::kv_cache_store_pair_positions_kernel<float>(float const*, float const*, int const*, int const*, float*, float*, long, long, long, long, long, long)",11928,3219604426971737,3219604426973982,0,0,20,4,48,256,1,1,256,1,1
"KERNEL_DISPATCH","Agent 3",1,0,2659141,1934,78,"void microllm::ops::hip::(anonymous namespace)::cached_attention_fused_positions_kernel<float>(float const*, float const*, float const*, int const*, int const*, float*, long, long, long, long, long, long, long, long, float)",11933,3219604426982073,3219604426988487,1024,0,52,4,64,256,1,1,1024,1,1
"KERNEL_DISPATCH","Agent 3",1,0,2659141,1935,65,"void microllm::ops::hip::(anonymous namespace)::matmul_typed_kernel<float>(float const*, float const*, float*, long, long, long, long)",11938,3219604426992083,3219604427001184,0,0,16,0,48,256,1,1,256,1,1
"KERNEL_DISPATCH","Agent 3",1,0,2659141,1936,123,"void microllm::ops::hip::(anonymous namespace)::add_rms_norm_kernel<256u>(float const*, float const*, float const*, float*, float*, long, long, float)",11959,3219604427043099,3219604427046026,1024,0,16,0,32,256,1,1,256,1,1
"KERNEL_DISPATCH","Agent 3",1,0,2659141,1937,65,"void microllm::ops::hip::(anonymous namespace)::matmul_typed_kernel<float>(float const*, float const*, float*, long, long, long, long)",11964,3219604427062030,3219604427072574,0,0,16,0,48,256,1,1,256,1,1
"KERNEL_DISPATCH","Agent 3",1,0,2659141,1938,65,"void microllm::ops::hip::(anonymous namespace)::matmul_typed_kernel<float>(float const*, float const*, float*, long, long, long, long)",11969,3219604427072489,3219604427082191,0,0,16,0,48,256,1,1,256,1,1
"KERNEL_DISPATCH","Agent 3",1,0,2659141,1939,75,"void microllm::ops::hip::(anonymous namespace)::swiglu_typed_kernel<float>(float const*, float const*, float*, long)",11974,3219604427082241,3219604427085689,0,0,12,4,32,256,1,1,256,1,1
"KERNEL_DISPATCH","Agent 3",1,0,2659141,1940,65,"void microllm::ops::hip::(anonymous namespace)::matmul_typed_kernel<float>(float const*, float const*, float*, long, long, long, long)",11983,3219604427105541,3219604427122660,0,0,16,0,48,256,1,1,256,1,1
"KERNEL_DISPATCH","Agent 3",1,0,2659141,1941,95,"void microllm::ops::hip::(anonymous namespace)::add_typed_kernel<float>(float const*, float const*, float*, long)",11990,3219604427140240,3219604427142566,0,0,8,0,32,256,1,1,256,1,1
"KERNEL_DISPATCH","Agent 3",1,0,2659141,1942,102,"microllm::ops::hip::(anonymous namespace)::rms_norm_kernel(float const*, float const*, float*, long, long, float)",12005,3219604427168279,3219604427170805,1024,0,12,4,32,256,1,1,256,1,1
"KERNEL_DISPATCH","Agent 3",1,0,2659141,1943,65,"void microllm::ops::hip::(anonymous namespace)::matmul_typed_kernel<float>(float const*, float const*, float*, long, long, long, long)",12010,3219604427176121,3219604427185623,0,0,16,0,48,256,1,1,256,1,1
"KERNEL_DISPATCH","Agent 3",1,0,2659141,1944,65,"void microllm::ops::hip::(anonymous namespace)::matmul_typed_kernel<float>(float const*, float const*, float*, long, long, long, long)",12015,3219604427185646,3219604427194065,0,0,16,0,48,256,1,1,256,1,1
"KERNEL_DISPATCH","Agent 3",1,0,2659141,1945,65,"void microllm::ops::hip::(anonymous namespace)::matmul_typed_kernel<float>(float const*, float const*, float*, long, long, long, long)",12020,3219604427194093,3219604427202914,0,0,16,0,48,256,1,1,256,1,1
"KERNEL_DISPATCH","Agent 3",1,0,2659141,1946,134,"microllm::ops::hip::(anonymous namespace)::rope_positions_kernel(float const*, int const*, float*, long, long, long, float)",12025,3219604427203063,3219604427206510,0,0,28,4,48,256,1,1,256,1,1
"KERNEL_DISPATCH","Agent 3",1,0,2659141,1947,134,"microllm::ops::hip::(anonymous namespace)::rope_positions_kernel(float const*, int const*, float*, long, long, long, float)",12030,3219604427210335,3219604427213142,0,0,28,4,48,256,1,1,256,1,1
"KERNEL_DISPATCH","Agent 3",1,0,2659141,1948,110,"void microllm::ops::hip::(anonymous namespace)::kv_cache_store_pair_positions_kernel<float>(float const*, float const*, int const*, int const*, float*, float*, long, long, long, long, long, long)",12033,3219604427217084,3219604427219329,0,0,20,4,48,256,1,1,256,1,1
"KERNEL_DISPATCH","Agent 3",1,0,2659141,1949,78,"void microllm::ops::hip::(anonymous namespace)::cached_attention_fused_positions_kernel<float>(float const*, float const*, float const*, int const*, int const*, float*, long, long, long, long, long, long, long, long, float)",12038,3219604427227723,3219604427233657,1024,0,52,4,64,256,1,1,1024,1,1
"KERNEL_DISPATCH","Agent 3",1,0,2659141,1950,65,"void microllm::ops::hip::(anonymous namespace)::matmul_typed_kernel<float>(float const*, float const*, float*, long, long, long, long)",12043,3219604427236872,3219604427244129,0,0,16,0,48,256,1,1,256,1,1
"KERNEL_DISPATCH","Agent 3",1,0,2659141,1951,123,"void microllm::ops::hip::(anonymous namespace)::add_rms_norm_kernel<256u>(float const*, float const*, float const*, float*, float*, long, long, float)",12064,3219604427280337,3219604427283143,1024,0,16,0,32,256,1,1,256,1,1
"KERNEL_DISPATCH","Agent 3",1,0,2659141,1952,65,"void microllm::ops::hip::(anonymous namespace)::matmul_typed_kernel<float>(float const*, float const*, float*, long, long, long, long)",12069,3219604427287958,3219604427297941,0,0,16,0,48,256,1,1,256,1,1
"KERNEL_DISPATCH","Agent 3",1,0,2659141,1953,65,"void microllm::ops::hip::(anonymous namespace)::matmul_typed_kernel<float>(float const*, float const*, float*, long, long, long, long)",12074,3219604427297879,3219604427306699,0,0,16,0,48,256,1,1,256,1,1
"KERNEL_DISPATCH","Agent 3",1,0,2659141,1954,75,"void microllm::ops::hip::(anonymous namespace)::swiglu_typed_kernel<float>(float const*, float const*, float*, long)",12079,3219604427306709,3219604427310157,0,0,12,4,32,256,1,1,256,1,1
"KERNEL_DISPATCH","Agent 3",1,0,2659141,1955,65,"void microllm::ops::hip::(anonymous namespace)::matmul_typed_kernel<float>(float const*, float const*, float*, long, long, long, long)",12088,3219604427329678,3219604427347038,0,0,16,0,48,256,1,1,256,1,1
"KERNEL_DISPATCH","Agent 3",1,0,2659141,1956,95,"void microllm::ops::hip::(anonymous namespace)::add_typed_kernel<float>(float const*, float const*, float*, long)",12095,3219604427364059,3219604427366705,0,0,8,0,32,256,1,1,256,1,1
"KERNEL_DISPATCH","Agent 3",1,0,2659141,1957,102,"microllm::ops::hip::(anonymous namespace)::rms_norm_kernel(float const*, float const*, float*, long, long, float)",12110,3219604427392104,3219604427394870,1024,0,12,4,32,256,1,1,256,1,1
"KERNEL_DISPATCH","Agent 3",1,0,2659141,1958,65,"void microllm::ops::hip::(anonymous namespace)::matmul_typed_kernel<float>(float const*, float const*, float*, long, long, long, long)",12117,3219604427412292,3219604427421954,0,0,16,0,48,256,1,1,256,1,1
"KERNEL_DISPATCH","Agent 3",1,0,2659141,1959,9,"__amd_rocclr_copyBuffer",12128,3219604427444174,3219604427446219,0,0,16,0,32,512,1,1,512,1,1
"KERNEL_DISPATCH","Agent 3",1,0,2659141,1960,9,"__amd_rocclr_copyBuffer",12134,3219604427465975,3219604427469102,0,0,16,0,32,512,1,1,512,1,1
"KERNEL_DISPATCH","Agent 3",1,0,2659141,1961,92,"microllm::ops::hip::(anonymous namespace)::embedding_kernel(float const*, int const*, float*, long, long, long)",12138,3219604427485406,3219604427487331,0,0,16,0,32,256,1,1,768,1,1
"KERNEL_DISPATCH","Agent 3",1,0,2659141,1962,102,"microllm::ops::hip::(anonymous namespace)::rms_norm_kernel(float const*, float const*, float*, long, long, float)",12143,3219604427496093,3219604427498498,1024,0,12,4,32,256,1,1,3072,1,1
"KERNEL_DISPATCH","Agent 3",1,0,2659141,1963,65,"void microllm::ops::hip::(anonymous namespace)::matmul_typed_kernel<float>(float const*, float const*, float*, long, long, long, long)",12148,3219604427514198,3219604427523580,0,0,16,0,48,256,1,1,768,1,1
"KERNEL_DISPATCH","Agent 3",1,0,2659141,1964,65,"void microllm::ops::hip::(anonymous namespace)::matmul_typed_kernel<float>(float const*, float const*, float*, long, long, long, long)",12153,3219604427523500,3219604427532881,0,0,16,0,48,256,1,1,512,1,1
"KERNEL_DISPATCH","Agent 3",1,0,2659141,1965,65,"void microllm::ops::hip::(anonymous namespace)::matmul_typed_kernel<float>(float const*, float const*, float*, long, long, long, long)",12158,3219604427532842,3219604427541742,0,0,16,0,48,256,1,1,512,1,1
"KERNEL_DISPATCH","Agent 3",1,0,2659141,1966,138,"microllm::runtime::detail::(anonymous namespace)::strided_copy_kernel(std::byte*, std::byte const*, unsigned long, long, microllm::runtime::detail::(anonymous namespace)::Layout)",12163,3219604427541845,3219604427545374,0,0,20,4,48,256,1,1,768,1,1
"KERNEL_DISPATCH","Agent 3",1,0,2659141,1967,138,"microllm::runtime::detail::(anonymous namespace)::strided_copy_kernel(std::byte*, std::byte const*, unsigned long, long, microllm::runtime::detail::(anonymous namespace)::Layout)",12168,3219604427549104,3219604427552311,0,0,20,4,48,256,1,1,512,1,1
"KERNEL_DISPATCH","Agent 3",1,0,2659141,1968,138,"microllm::runtime::detail::(anonymous namespace)::strided_copy_kernel(std::byte*, std::byte const*, unsigned long, long, microllm::runtime::detail::(anonymous namespace)::Layout)",12173,3219604427559673,3219604427562680,0,0,20,4,48,256,1,1,512,1,1
"KERNEL_DISPATCH","Agent 3",1,0,2659141,1969,76,"microllm::ops::hip::(anonymous namespace)::rope_kernel(float const*, float*, long, long, long, long, long, float)",12178,3219604427578229,3219604427581838,0,0,28,4,48,256,1,1,512,1,1
"KERNEL_DISPATCH","Agent 3",1,0,2659141,1970,76,"microllm::ops::hip::(anonymous namespace)::rope_kernel(float const*, float*, long, long, long, long, long, float)",12185,3219604427605701,3219604427608508,0,0,28,4,48,256,1,1,256,1,1
"KERNEL_DISPATCH","Agent 3",1,0,2659141,1971,9,"__amd_rocclr_copyBuffer",12192,3219604427627041,3219604427628404,0,0,16,0,32,512,1,1,512,1,1
"KERNEL_DISPATCH","Agent 3",1,0,2659141,1972,9,"__amd_rocclr_copyBuffer",12194,3219604427632945,3219604427634429,0,0,16,0,32,512,1,1,512,1,1
"KERNEL_DISPATCH","Agent 3",1,0,2659141,1973,9,"__amd_rocclr_copyBuffer",12198,3219604427643043,3219604427644686,0,0,16,0,32,512,1,1,512,1,1
"KERNEL_DISPATCH","Agent 3",1,0,2659141,1974,9,"__amd_rocclr_copyBuffer",12200,3219604427647968,3219604427648890,0,0,16,0,32,512,1,1,512,1,1
"KERNEL_DISPATCH","Agent 3",1,0,2659141,1975,135,"microllm::ops::hip::(anonymous namespace)::causal_gqa_attention_kernel(float const*, float const*, float const*, float*, float*, long, long, long, long, long, long, float)",12204,3219604427656105,3219604427662560,1024,0,24,0,64,256,1,1,12288,1,1
"KERNEL_DISPATCH","Agent 3",1,0,2659141,1976,138,"microllm::runtime::detail::(anonymous namespace)::strided_copy_kernel(std::byte*, std::byte const*, unsigned long, long, microllm::runtime::detail::(anonymous namespace)::Layout)",12209,3219604427666323,3219604427669971,0,0,20,4,48,256,1,1,768,1,1
"KERNEL_DISPATCH","Agent 3",1,0,2659141,1977,65,"void microllm::ops::hip::(anonymous namespace)::matmul_typed_kernel<float>(float const*, float const*, float*, long, long, long, long)",12216,3219604427688288,3219604427697830,0,0,16,0,48,256,1,1,768,1,1
"KERNEL_DISPATCH","Agent 3",1,0,2659141,1978,95,"void microllm::ops::hip::(anonymous namespace)::add_typed_kernel<float>(float const*, float const*, float*, long)",12235,3219604427728321,3219604427731648,0,0,8,0,32,256,1,1,768,1,1
"KERNEL_DISPATCH","Agent 3",1,0,2659141,1979,102,"microllm::ops::hip::(anonymous namespace)::rms_norm_kernel(float const*, float const*, float*, long, long, float)",12244,3219604427751350,3219604427754157,1024,0,12,4,32,256,1,1,3072,1,1
"KERNEL_DISPATCH","Agent 3",1,0,2659141,1980,65,"void microllm::ops::hip::(anonymous namespace)::matmul_typed_kernel<float>(float const*, float const*, float*, long, long, long, long)",12249,3219604427762573,3219604427772396,0,0,16,0,48,256,1,1,1536,1,1
"KERNEL_DISPATCH","Agent 3",1,0,2659141,1981,65,"void microllm::ops::hip::(anonymous namespace)::matmul_typed_kernel<float>(float const*, float const*, float*, long, long, long, long)",12254,3219604427775508,3219604427784288,0,0,16,0,48,256,1,1,1536,1,1
"KERNEL_DISPATCH","Agent 3",1,0,2659141,1982,75,"void microllm::ops::hip::(anonymous namespace)::swiglu_typed_kernel<float>(float const*, float const*, float*, long)",12259,3219604427787665,3219604427789750,0,0,12,4,32,256,1,1,1536,1,1
"KERNEL_DISPATCH","Agent 3",1,0,2659141,1983,65,"void microllm::ops::hip::(anonymous namespace)::matmul_typed_kernel<float>(float const*, float const*, float*, long, long, long, long)",12268,3219604427841755,3219604427859195,0,0,16,0,48,256,1,1,768,1,1
"KERNEL_DISPATCH","Agent 3",1,0,2659141,1984,95,"void microllm::ops::hip::(anonymous namespace)::add_typed_kernel<float>(float const*, float const*, float*, long)",12275,3219604427877770,3219604427880897,0,0,8,0,32,256,1,1,768,1,1
"KERNEL_DISPATCH","Agent 3",1,0,2659141,1985,102,"microllm::ops::hip::(anonymous namespace)::rms_norm_kernel(float const*, float const*, float*, long, long, float)",12288,3219604427904928,3219604427907814,1024,0,12,4,32,256,1,1,3072,1,1
"KERNEL_DISPATCH","Agent 3",1,0,2659141,1986,65,"void microllm::ops::hip::(anonymous namespace)::matmul_typed_kernel<float>(float const*, float const*, float*, long, long, long, long)",12293,3219604427912848,3219604427922791,0,0,16,0,48,256,1,1,768,1,1
"KERNEL_DISPATCH","Agent 3",1,0,2659141,1987,65,"void microllm::ops::hip::(anonymous namespace)::matmul_typed_kernel<float>(float const*, float const*, float*, long, long, long, long)",12298,3219604427922754,3219604427931975,0,0,16,0,48,256,1,1,512,1,1
"KERNEL_DISPATCH","Agent 3",1,0,2659141,1988,65,"void microllm::ops::hip::(anonymous namespace)::matmul_typed_kernel<float>(float const*, float const*, float*, long, long, long, long)",12303,3219604427931912,3219604427940732,0,0,16,0,48,256,1,1,512,1,1
"KERNEL_DISPATCH","Agent 3",1,0,2659141,1989,138,"microllm::runtime::detail::(anonymous namespace)::strided_copy_kernel(std::byte*, std::byte const*, unsigned long, long, microllm::runtime::detail::(anonymous namespace)::Layout)",12308,3219604427940772,3219604427944180,0,0,20,4,48,256,1,1,768,1,1
"KERNEL_DISPATCH","Agent 3",1,0,2659141,1990,138,"microllm::runtime::detail::(anonymous namespace)::strided_copy_kernel(std::byte*, std::byte const*, unsigned long, long, microllm::runtime::detail::(anonymous namespace)::Layout)",12313,3219604427949399,3219604427952687,0,0,20,4,48,256,1,1,512,1,1
"KERNEL_DISPATCH","Agent 3",1,0,2659141,1991,138,"microllm::runtime::detail::(anonymous namespace)::strided_copy_kernel(std::byte*, std::byte const*, unsigned long, long, microllm::runtime::detail::(anonymous namespace)::Layout)",12318,3219604427959318,3219604427962405,0,0,20,4,48,256,1,1,512,1,1
"KERNEL_DISPATCH","Agent 3",1,0,2659141,1992,76,"microllm::ops::hip::(anonymous namespace)::rope_kernel(float const*, float*, long, long, long, long, long, float)",12323,3219604427967850,3219604427971779,0,0,28,4,48,256,1,1,512,1,1
"KERNEL_DISPATCH","Agent 3",1,0,2659141,1993,76,"microllm::ops::hip::(anonymous namespace)::rope_kernel(float const*, float*, long, long, long, long, long, float)",12330,3219604427995160,3219604427998046,0,0,28,4,48,256,1,1,256,1,1
"KERNEL_DISPATCH","Agent 3",1,0,2659141,1994,9,"__amd_rocclr_copyBuffer",12337,3219604428025599,3219604428027243,0,0,16,0,32,512,1,1,512,1,1
"KERNEL_DISPATCH","Agent 3",1,0,2659141,1995,9,"__amd_rocclr_copyBuffer",12339,3219604428030595,3219604428031597,0,0,16,0,32,512,1,1,512,1,1
"KERNEL_DISPATCH","Agent 3",1,0,2659141,1996,9,"__amd_rocclr_copyBuffer",12343,3219604428038851,3219604428040494,0,0,16,0,32,512,1,1,512,1,1
"KERNEL_DISPATCH","Agent 3",1,0,2659141,1997,9,"__amd_rocclr_copyBuffer",12345,3219604428044135,3219604428045658,0,0,16,0,32,512,1,1,512,1,1
"KERNEL_DISPATCH","Agent 3",1,0,2659141,1998,135,"microllm::ops::hip::(anonymous namespace)::causal_gqa_attention_kernel(float const*, float const*, float const*, float*, float*, long, long, long, long, long, long, float)",12349,3219604428054209,3219604428060383,1024,0,24,0,64,256,1,1,12288,1,1
"KERNEL_DISPATCH","Agent 3",1,0,2659141,1999,138,"microllm::runtime::detail::(anonymous namespace)::strided_copy_kernel(std::byte*, std::byte const*, unsigned long, long, microllm::runtime::detail::(anonymous namespace)::Layout)",12354,3219604428064476,3219604428068044,0,0,20,4,48,256,1,1,768,1,1
"KERNEL_DISPATCH","Agent 3",1,0,2659141,2000,65,"void microllm::ops::hip::(anonymous namespace)::matmul_typed_kernel<float>(float const*, float const*, float*, long, long, long, long)",12361,3219604428086813,3219604428095874,0,0,16,0,48,256,1,1,768,1,1
"KERNEL_DISPATCH","Agent 3",1,0,2659141,2001,95,"void microllm::ops::hip::(anonymous namespace)::add_typed_kernel<float>(float const*, float const*, float*, long)",12380,3219604428137414,3219604428140260,0,0,8,0,32,256,1,1,768,1,1
"KERNEL_DISPATCH","Agent 3",1,0,2659141,2002,102,"microllm::ops::hip::(anonymous namespace)::rms_norm_kernel(float const*, float const*, float*, long, long, float)",12389,3219604428160032,3219604428162838,1024,0,12,4,32,256,1,1,3072,1,1
"KERNEL_DISPATCH","Agent 3",1,0,2659141,2003,65,"void microllm::ops::hip::(anonymous namespace)::matmul_typed_kernel<float>(float const*, float const*, float*, long, long, long, long)",12394,3219604428171485,3219604428181187,0,0,16,0,48,256,1,1,1536,1,1
"KERNEL_DISPATCH","Agent 3",1,0,2659141,2004,65,"void microllm::ops::hip::(anonymous namespace)::matmul_typed_kernel<float>(float const*, float const*, float*, long, long, long, long)",12399,3219604428181082,3219604428189982,0,0,16,0,48,256,1,1,1536,1,1
"KERNEL_DISPATCH","Agent 3",1,0,2659141,2005,75,"void microllm::ops::hip::(anonymous namespace)::swiglu_typed_kernel<float>(float const*, float const*, float*, long)",12404,3219604428190041,3219604428193489,0,0,12,4,32,256,1,1,1536,1,1
"KERNEL_DISPATCH","Agent 3",1,0,2659141,2006,65,"void microllm::ops::hip::(anonymous namespace)::matmul_typed_kernel<float>(float const*, float const*, float*, long, long, long, long)",12413,3219604428226880,3219604428243438,0,0,16,0,48,256,1,1,768,1,1
"KERNEL_DISPATCH","Agent 3",1,0,2659141,2007,95,"void microllm::ops::hip::(anonymous namespace)::add_typed_kernel<float>(float const*, float const*, float*, long)",12420,3219604428279571,3219604428282257,0,0,8,0,32,256,1,1,768,1,1
"KERNEL_DISPATCH","Agent 3",1,0,2659141,2008,102,"microllm::ops::hip::(anonymous namespace)::rms_norm_kernel(float const*, float const*, float*, long, long, float)",12433,3219604428306278,3219604428309485,1024,0,12,4,32,256,1,1,3072,1,1
"KERNEL_DISPATCH","Agent 3",1,0,2659141,2009,65,"void microllm::ops::hip::(anonymous namespace)::matmul_typed_kernel<float>(float const*, float const*, float*, long, long, long, long)",12440,3219604428327694,3219604428336795,0,0,16,0,48,256,1,1,256,1,1
"KERNEL_DISPATCH","Agent 3",1,0,2659141,2010,9,"__amd_rocclr_copyBuffer",12447,3219604428355656,3219604428357019,0,0,16,0,32,512,1,1,512,1,1
"KERNEL_DISPATCH","Agent 3",1,0,2659141,2011,9,"__amd_rocclr_copyBuffer",12449,3219604428360487,3219604428361569,0,0,16,0,32,512,1,1,512,1,1
"KERNEL_DISPATCH","Agent 3",1,0,2659141,2012,9,"__amd_rocclr_copyBuffer",12451,3219604428365433,3219604428366917,0,0,16,0,32,512,1,1,512,1,1
"KERNEL_DISPATCH","Agent 3",1,0,2659141,2013,9,"__amd_rocclr_copyBuffer",12453,3219604428370438,3219604428372002,0,0,16,0,32,512,1,1,512,1,1
"KERNEL_DISPATCH","Agent 3",1,0,2659141,2014,9,"__amd_rocclr_copyBuffer",12455,3219604428376368,3219604428377651,0,0,16,0,32,512,1,1,512,1,1
"KERNEL_DISPATCH","Agent 3",1,0,2659141,2015,9,"__amd_rocclr_copyBuffer",12457,3219604428381552,3219604428382755,0,0,16,0,32,512,1,1,512,1,1
"KERNEL_DISPATCH","Agent 3",1,0,2659141,2016,9,"__amd_rocclr_copyBuffer",12459,3219604428387177,3219604428388661,0,0,16,0,32,512,1,1,512,1,1
"KERNEL_DISPATCH","Agent 3",1,0,2659141,2017,9,"__amd_rocclr_copyBuffer",12461,3219604428392854,3219604428395620,0,0,16,0,32,512,1,1,512,1,1
"KERNEL_DISPATCH","Agent 3",1,0,2659141,2018,9,"__amd_rocclr_copyBuffer",12471,3219604428422434,3219604428424358,0,0,16,0,32,512,1,1,512,1,1
"KERNEL_DISPATCH","Agent 3",1,0,2659141,2019,86,"microllm::ops::hip::(anonymous namespace)::argmax_last_dim_kernel(float const*, int*, long, long)",12477,3219604428442369,3219604428446017,4096,0,12,4,32,256,1,1,512,1,1
"KERNEL_DISPATCH","Agent 3",1,0,2659141,2020,9,"__amd_rocclr_copyBuffer",12480,3219604428450168,3219604428455460,0,0,16,0,32,512,1,1,512,1,1
"KERNEL_DISPATCH","Agent 3",1,0,2659141,2021,9,"__amd_rocclr_copyBuffer",12486,3219604428482900,3219604428487150,0,0,16,0,32,512,1,1,512,1,1
"KERNEL_DISPATCH","Agent 3",1,0,2659141,2022,9,"__amd_rocclr_copyBuffer",12490,3219604428504196,3219604428508366,0,0,16,0,32,512,1,1,512,1,1
"KERNEL_DISPATCH","Agent 3",1,0,2659141,2023,9,"__amd_rocclr_copyBuffer",12494,3219604428525076,3219604428529326,0,0,16,0,32,512,1,1,512,1,1
"KERNEL_DISPATCH","Agent 3",1,0,2659141,2024,92,"microllm::ops::hip::(anonymous namespace)::embedding_kernel(float const*, int const*, float*, long, long, long)",12498,3219604428544634,3219604428546598,0,0,16,0,32,256,1,1,256,1,1
"KERNEL_DISPATCH","Agent 3",1,0,2659141,2025,102,"microllm::ops::hip::(anonymous namespace)::rms_norm_kernel(float const*, float const*, float*, long, long, float)",12503,3219604428556599,3219604428559205,1024,0,12,4,32,256,1,1,512,1,1
"KERNEL_DISPATCH","Agent 3",1,0,2659141,2026,65,"void microllm::ops::hip::(anonymous namespace)::matmul_typed_kernel<float>(float const*, float const*, float*, long, long, long, long)",12508,3219604428566396,3219604428576058,0,0,16,0,48,256,1,1,256,1,1
"KERNEL_DISPATCH","Agent 3",1,0,2659141,2027,65,"void microllm::ops::hip::(anonymous namespace)::matmul_typed_kernel<float>(float const*, float const*, float*, long, long, long, long)",12513,3219604428576139,3219604428584799,0,0,16,0,48,256,1,1,256,1,1
"KERNEL_DISPATCH","Agent 3",1,0,2659141,2028,65,"void microllm::ops::hip::(anonymous namespace)::matmul_typed_kernel<float>(float const*, float const*, float*, long, long, long, long)",12518,3219604428584835,3219604428593374,0,0,16,0,48,256,1,1,256,1,1
"KERNEL_DISPATCH","Agent 3",1,0,2659141,2029,134,"microllm::ops::hip::(anonymous namespace)::rope_positions_kernel(float const*, int const*, float*, long, long, long, float)",12523,3219604428593331,3219604428596739,0,0,28,4,48,256,1,1,256,1,1
"KERNEL_DISPATCH","Agent 3",1,0,2659141,2030,134,"microllm::ops::hip::(anonymous namespace)::rope_positions_kernel(float const*, int const*, float*, long, long, long, float)",12528,3219604428600646,3219604428603332,0,0,28,4,48,256,1,1,256,1,1
"KERNEL_DISPATCH","Agent 3",1,0,2659141,2031,110,"void microllm::ops::hip::(anonymous namespace)::kv_cache_store_pair_positions_kernel<float>(float const*, float const*, int const*, int const*, float*, float*, long, long, long, long, long, long)",12531,3219604428608904,3219604428611350,0,0,20,4,48,256,1,1,256,1,1
"KERNEL_DISPATCH","Agent 3",1,0,2659141,2032,78,"void microllm::ops::hip::(anonymous namespace)::cached_attention_fused_positions_kernel<float>(float const*, float const*, float const*, int const*, int const*, float*, long, long, long, long, long, long, long, long, float)",12536,3219604428618838,3219604428625693,1024,0,52,4,64,256,1,1,2048,1,1
"KERNEL_DISPATCH","Agent 3",1,0,2659141,2033,65,"void microllm::ops::hip::(anonymous namespace)::matmul_typed_kernel<float>(float const*, float const*, float*, long, long, long, long)",12541,3219604428637464,3219604428646805,0,0,16,0,48,256,1,1,256,1,1
"KERNEL_DISPATCH","Agent 3",1,0,2659141,2034,123,"void microllm::ops::hip::(anonymous namespace)::add_rms_norm_kernel<256u>(float const*, float const*, float const*, float*, float*, long, long, float)",12562,3219604428686260,3219604428689387,1024,0,16,0,32,256,1,1,512,1,1
"KERNEL_DISPATCH","Agent 3",1,0,2659141,2035,65,"void microllm::ops::hip::(anonymous namespace)::matmul_typed_kernel<float>(float const*, float const*, float*, long, long, long, long)",12567,3219604428697077,3219604428706900,0,0,16,0,48,256,1,1,256,1,1
"KERNEL_DISPATCH","Agent 3",1,0,2659141,2036,65,"void microllm::ops::hip::(anonymous namespace)::matmul_typed_kernel<float>(float const*, float const*, float*, long, long, long, long)",12572,3219604428718688,3219604428728149,0,0,16,0,48,256,1,1,256,1,1
"KERNEL_DISPATCH","Agent 3",1,0,2659141,2037,75,"void microllm::ops::hip::(anonymous namespace)::swiglu_typed_kernel<float>(float const*, float const*, float*, long)",12577,3219604428728180,3219604428731628,0,0,12,4,32,256,1,1,256,1,1
"KERNEL_DISPATCH","Agent 3",1,0,2659141,2038,65,"void microllm::ops::hip::(anonymous namespace)::matmul_typed_kernel<float>(float const*, float const*, float*, long, long, long, long)",12586,3219604428751555,3219604428768033,0,0,16,0,48,256,1,1,256,1,1
"KERNEL_DISPATCH","Agent 3",1,0,2659141,2039,95,"void microllm::ops::hip::(anonymous namespace)::add_typed_kernel<float>(float const*, float const*, float*, long)",12593,3219604428785256,3219604428788303,0,0,8,0,32,256,1,1,256,1,1
"KERNEL_DISPATCH","Agent 3",1,0,2659141,2040,102,"microllm::ops::hip::(anonymous namespace)::rms_norm_kernel(float const*, float const*, float*, long, long, float)",12608,3219604428816504,3219604428819231,1024,0,12,4,32,256,1,1,512,1,1
"KERNEL_DISPATCH","Agent 3",1,0,2659141,2041,65,"void microllm::ops::hip::(anonymous namespace)::matmul_typed_kernel<float>(float const*, float const*, float*, long, long, long, long)",12613,3219604428875101,3219604428885405,0,0,16,0,48,256,1,1,256,1,1
"KERNEL_DISPATCH","Agent 3",1,0,2659141,2042,65,"void microllm::ops::hip::(anonymous namespace)::matmul_typed_kernel<float>(float const*, float const*, float*, long, long, long, long)",12618,3219604428885367,3219604428894347,0,0,16,0,48,256,1,1,256,1,1
"KERNEL_DISPATCH","Agent 3",1,0,2659141,2043,65,"void microllm::ops::hip::(anonymous namespace)::matmul_typed_kernel<float>(float const*, float const*, float*, long, long, long, long)",12623,3219604428894449,3219604428904272,0,0,16,0,48,256,1,1,256,1,1
"KERNEL_DISPATCH","Agent 3",1,0,2659141,2044,134,"microllm::ops::hip::(anonymous namespace)::rope_positions_kernel(float const*, int const*, float*, long, long, long, float)",12628,3219604428904262,3219604428907790,0,0,28,4,48,256,1,1,256,1,1
"KERNEL_DISPATCH","Agent 3",1,0,2659141,2045,134,"microllm::ops::hip::(anonymous namespace)::rope_positions_kernel(float const*, int const*, float*, long, long, long, float)",12633,3219604428911835,3219604428914160,0,0,28,4,48,256,1,1,256,1,1
"KERNEL_DISPATCH","Agent 3",1,0,2659141,2046,110,"void microllm::ops::hip::(anonymous namespace)::kv_cache_store_pair_positions_kernel<float>(float const*, float const*, int const*, int const*, float*, float*, long, long, long, long, long, long)",12636,3219604428919950,3219604428922195,0,0,20,4,48,256,1,1,256,1,1
"KERNEL_DISPATCH","Agent 3",1,0,2659141,2047,78,"void microllm::ops::hip::(anonymous namespace)::cached_attention_fused_positions_kernel<float>(float const*, float const*, float const*, int const*, int const*, float*, long, long, long, long, long, long, long, long, float)",12641,3219604428929243,3219604428935898,1024,0,52,4,64,256,1,1,2048,1,1
"KERNEL_DISPATCH","Agent 3",1,0,2659141,2048,65,"void microllm::ops::hip::(anonymous namespace)::matmul_typed_kernel<float>(float const*, float const*, float*, long, long, long, long)",12646,3219604428939437,3219604428948458,0,0,16,0,48,256,1,1,256,1,1
"KERNEL_DISPATCH","Agent 3",1,0,2659141,2049,123,"void microllm::ops::hip::(anonymous namespace)::add_rms_norm_kernel<256u>(float const*, float const*, float const*, float*, float*, long, long, float)",12667,3219604428985692,3219604428988699,1024,0,16,0,32,256,1,1,512,1,1
"KERNEL_DISPATCH","Agent 3",1,0,2659141,2050,65,"void microllm::ops::hip::(anonymous namespace)::matmul_typed_kernel<float>(float const*, float const*, float*, long, long, long, long)",12672,3219604428996807,3219604429006229,0,0,16,0,48,256,1,1,256,1,1
"KERNEL_DISPATCH","Agent 3",1,0,2659141,2051,65,"void microllm::ops::hip::(anonymous namespace)::matmul_typed_kernel<float>(float const*, float const*, float*, long, long, long, long)",12677,3219604429015744,3219604429024885,0,0,16,0,48,256,1,1,256,1,1
"KERNEL_DISPATCH","Agent 3",1,0,2659141,2052,75,"void microllm::ops::hip::(anonymous namespace)::swiglu_typed_kernel<float>(float const*, float const*, float*, long)",12682,3219604429024940,3219604429028388,0,0,12,4,32,256,1,1,256,1,1
"KERNEL_DISPATCH","Agent 3",1,0,2659141,2053,65,"void microllm::ops::hip::(anonymous namespace)::matmul_typed_kernel<float>(float const*, float const*, float*, long, long, long, long)",12691,3219604429048423,3219604429065221,0,0,16,0,48,256,1,1,256,1,1
"KERNEL_DISPATCH","Agent 3",1,0,2659141,2054,95,"void microllm::ops::hip::(anonymous namespace)::add_typed_kernel<float>(float const*, float const*, float*, long)",12698,3219604429083057,3219604429085783,0,0,8,0,32,256,1,1,256,1,1
"KERNEL_DISPATCH","Agent 3",1,0,2659141,2055,102,"microllm::ops::hip::(anonymous namespace)::rms_norm_kernel(float const*, float const*, float*, long, long, float)",12713,3219604429117021,3219604429119908,1024,0,12,4,32,256,1,1,512,1,1
"KERNEL_DISPATCH","Agent 3",1,0,2659141,2056,65,"void microllm::ops::hip::(anonymous namespace)::matmul_typed_kernel<float>(float const*, float const*, float*, long, long, long, long)",12720,3219604429138962,3219604429148384,0,0,16,0,48,256,1,1,512,1,1
"KERNEL_DISPATCH","Agent 3",1,0,2659141,2057,9,"__amd_rocclr_copyBuffer",12731,3219604429171621,3219604429173065,0,0,16,0,32,512,1,1,512,1,1
"KERNEL_DISPATCH","Agent 3",1,0,2659141,2058,9,"__amd_rocclr_copyBuffer",12733,3219604429176668,3219604429178672,0,0,16,0,32,512,1,1,512,1,1
"KERNEL_DISPATCH","Agent 3",1,0,2659141,2059,86,"microllm::ops::hip::(anonymous namespace)::argmax_last_dim_kernel(float const*, int*, long, long)",12739,3219604429199591,3219604429203079,4096,0,12,4,32,256,1,1,512,1,1
"KERNEL_DISPATCH","Agent 3",1,0,2659141,2060,9,"__amd_rocclr_copyBuffer",12742,3219604429207205,3219604429212898,0,0,16,0,32,512,1,1,512,1,1
"KERNEL_DISPATCH","Agent 3",1,0,2659141,2061,101,"void microllm::ops::hip::(anonymous namespace)::fill_typed_kernel<float>(float*, long, float)",12746,3219604429286116,3219604429287519,0,0,4,4,16,256,1,1,2048,1,1
"KERNEL_DISPATCH","Agent 3",1,0,2659141,2062,101,"void microllm::ops::hip::(anonymous namespace)::fill_typed_kernel<float>(float*, long, float)",12749,3219604429299046,3219604429300449,0,0,4,4,16,256,1,1,2048,1,1
"KERNEL_DISPATCH","Agent 3",1,0,2659141,2063,101,"void microllm::ops::hip::(anonymous namespace)::fill_typed_kernel<float>(float*, long, float)",12752,3219604429305155,3219604429306478,0,0,4,4,16,256,1,1,2048,1,1
"KERNEL_DISPATCH","Agent 3",1,0,2659141,2064,101,"void microllm::ops::hip::(anonymous namespace)::fill_typed_kernel<float>(float*, long, float)",12755,3219604429311189,3219604429312553,0,0,4,4,16,256,1,1,2048,1,1
"KERNEL_DISPATCH","Agent 3",1,0,2659141,2065,9,"__amd_rocclr_copyBuffer",12760,3219604429333081,3219604429336970,0,0,16,0,32,512,1,1,512,1,1
"KERNEL_DISPATCH","Agent 3",1,0,2659141,2066,9,"__amd_rocclr_copyBuffer",12764,3219604429354104,3219604429357793,0,0,16,0,32,512,1,1,512,1,1
"KERNEL_DISPATCH","Agent 3",1,0,2659141,2067,9,"__amd_rocclr_copyBuffer",12768,3219604429375316,3219604429379084,0,0,16,0,32,512,1,1,512,1,1
"KERNEL_DISPATCH","Agent 3",1,0,2659141,2068,92,"microllm::ops::hip::(anonymous namespace)::embedding_kernel(float const*, int const*, float*, long, long, long)",12772,3219604429394562,3219604429396526,0,0,16,0,32,256,1,1,256,1,1
"KERNEL_DISPATCH","Agent 3",1,0,2659141,2069,102,"microllm::ops::hip::(anonymous namespace)::rms_norm_kernel(float const*, float const*, float*, long, long, float)",12777,3219604429403556,3219604429406243,1024,0,12,4,32,256,1,1,256,1,1
"KERNEL_DISPATCH","Agent 3",1,0,2659141,2070,65,"void microllm::ops::hip::(anonymous namespace)::matmul_typed_kernel<float>(float const*, float const*, float*, long, long, long, long)",12782,3219604429414137,3219604429423999,0,0,16,0,48,256,1,1,256,1,1
"KERNEL_DISPATCH","Agent 3",1,0,2659141,2071,65,"void microllm::ops::hip::(anonymous namespace)::matmul_typed_kernel<float>(float const*, float const*, float*, long, long, long, long)",12787,3219604429423972,3219604429432592,0,0,16,0,48,256,1,1,256,1,1
"KERNEL_DISPATCH","Agent 3",1,0,2659141,2072,65,"void microllm::ops::hip::(anonymous namespace)::matmul_typed_kernel<float>(float const*, float const*, float*, long, long, long, long)",12792,3219604429432588,3219604429440927,0,0,16,0,48,256,1,1,256,1,1
"KERNEL_DISPATCH","Agent 3",1,0,2659141,2073,134,"microllm::ops::hip::(anonymous namespace)::rope_positions_kernel(float const*, int const*, float*, long, long, long, float)",12797,3219604429446154,3219604429449080,0,0,28,4,48,256,1,1,256,1,1
"KERNEL_DISPATCH","Agent 3",1,0,2659141,2074,134,"microllm::ops::hip::(anonymous namespace)::rope_positions_kernel(float const*, int const*, float*, long, long, long, float)",12802,3219604429455015,3219604429457741,0,0,28,4,48,256,1,1,256,1,1
"KERNEL_DISPATCH","Agent 3",1,0,2659141,2075,110,"void microllm::ops::hip::(anonymous namespace)::kv_cache_store_pair_positions_kernel<float>(float const*, float const*, int const*, int const*, float*, float*, long, long, long, long, long, long)",12805,3219604429461592,3219604429464238,0,0,20,4,48,256,1,1,256,1,1
"KERNEL_DISPATCH","Agent 3",1,0,2659141,2076,78,"void microllm::ops::hip::(anonymous namespace)::cached_attention_fused_positions_kernel<float>(float const*, float const*, float const*, int const*, int const*, float*, long, long, long, long, long, long, long, long, float)",12810,3219604429472419,3219604429479194,1024,0,52,4,64,256,1,1,1024,1,1
"KERNEL_DISPATCH","Agent 3",1,0,2659141,2077,65,"void microllm::ops::hip::(anonymous namespace)::matmul_typed_kernel<float>(float const*, float const*, float*, long, long, long, long)",12815,3219604429482315,3219604429490975,0,0,16,0,48,256,1,1,256,1,1
"KERNEL_DISPATCH","Agent 3",1,0,2659141,2078,123,"void microllm::ops::hip::(anonymous namespace)::add_rms_norm_kernel<256u>(float const*, float const*, float const*, float*, float*, long, long, float)",12836,3219604429531789,3219604429534916,1024,0,16,0,32,256,1,1,256,1,1
"KERNEL_DISPATCH","Agent 3",1,0,2659141,2079,65,"void microllm::ops::hip::(anonymous namespace)::matmul_typed_kernel<float>(float const*, float const*, float*, long, long, long, long)",12841,3219604429540141,3219604429550444,0,0,16,0,48,256,1,1,256,1,1
"KERNEL_DISPATCH","Agent 3",1,0,2659141,2080,65,"void microllm::ops::hip::(anonymous namespace)::matmul_typed_kernel<float>(float const*, float const*, float*, long, long, long, long)",12846,3219604429550447,3219604429559067,0,0,16,0,48,256,1,1,256,1,1
"KERNEL_DISPATCH","Agent 3",1,0,2659141,2081,75,"void microllm::ops::hip::(anonymous namespace)::swiglu_typed_kernel<float>(float const*, float const*, float*, long)",12851,3219604429559085,3219604429562573,0,0,12,4,32,256,1,1,256,1,1
"KERNEL_DISPATCH","Agent 3",1,0,2659141,2082,65,"void microllm::ops::hip::(anonymous namespace)::matmul_typed_kernel<float>(float const*, float const*, float*, long, long, long, long)",12860,3219604429582344,3219604429598581,0,0,16,0,48,256,1,1,256,1,1
"KERNEL_DISPATCH","Agent 3",1,0,2659141,2083,95,"void microllm::ops::hip::(anonymous namespace)::add_typed_kernel<float>(float const*, float const*, float*, long)",12867,3219604429616595,3219604429619121,0,0,8,0,32,256,1,1,256,1,1
"KERNEL_DISPATCH","Agent 3",1,0,2659141,2084,102,"microllm::ops::hip::(anonymous namespace)::rms_norm_kernel(float const*, float const*, float*, long, long, float)",12882,3219604429645217,3219604429647823,1024,0,12,4,32,256,1,1,256,1,1
"KERNEL_DISPATCH","Agent 3",1,0,2659141,2085,65,"void microllm::ops::hip::(anonymous namespace)::matmul_typed_kernel<float>(float const*, float const*, float*, long, long, long, long)",12887,3219604429652485,3219604429662508,0,0,16,0,48,256,1,1,256,1,1
"KERNEL_DISPATCH","Agent 3",1,0,2659141,2086,65,"void microllm::ops::hip::(anonymous namespace)::matmul_typed_kernel<float>(float const*, float const*, float*, long, long, long, long)",12892,3219604429662460,3219604429670879,0,0,16,0,48,256,1,1,256,1,1
"KERNEL_DISPATCH","Agent 3",1,0,2659141,2087,65,"void microllm::ops::hip::(anonymous namespace)::matmul_typed_kernel<float>(float const*, float const*, float*, long, long, long, long)",12897,3219604429670880,3219604429680422,0,0,16,0,48,256,1,1,256,1,1
"KERNEL_DISPATCH","Agent 3",1,0,2659141,2088,134,"microllm::ops::hip::(anonymous namespace)::rope_positions_kernel(float const*, int const*, float*, long, long, long, float)",12902,3219604429680472,3219604429683880,0,0,28,4,48,256,1,1,256,1,1
"KERNEL_DISPATCH","Agent 3",1,0,2659141,2089,134,"microllm::ops::hip::(anonymous namespace)::rope_positions_kernel(float const*, int const*, float*, long, long, long, float)",12907,3219604429687693,3219604429690298,0,0,28,4,48,256,1,1,256,1,1
"KERNEL_DISPATCH","Agent 3",1,0,2659141,2090,110,"void microllm::ops::hip::(anonymous namespace)::kv_cache_store_pair_positions_kernel<float>(float const*, float const*, int const*, int const*, float*, float*, long, long, long, long, long, long)",12910,3219604429694196,3219604429696521,0,0,20,4,48,256,1,1,256,1,1
"KERNEL_DISPATCH","Agent 3",1,0,2659141,2091,78,"void microllm::ops::hip::(anonymous namespace)::cached_attention_fused_positions_kernel<float>(float const*, float const*, float const*, int const*, int const*, float*, long, long, long, long, long, long, long, long, float)",12915,3219604429704112,3219604429710326,1024,0,52,4,64,256,1,1,1024,1,1
"KERNEL_DISPATCH","Agent 3",1,0,2659141,2092,65,"void microllm::ops::hip::(anonymous namespace)::matmul_typed_kernel<float>(float const*, float const*, float*, long, long, long, long)",12920,3219604429713622,3219604429722001,0,0,16,0,48,256,1,1,256,1,1
"KERNEL_DISPATCH","Agent 3",1,0,2659141,2093,123,"void microllm::ops::hip::(anonymous namespace)::add_rms_norm_kernel<256u>(float const*, float const*, float const*, float*, float*, long, long, float)",12941,3219604429760412,3219604429763178,1024,0,16,0,32,256,1,1,256,1,1
"KERNEL_DISPATCH","Agent 3",1,0,2659141,2094,65,"void microllm::ops::hip::(anonymous namespace)::matmul_typed_kernel<float>(float const*, float const*, float*, long, long, long, long)",12946,3219604429768343,3219604429777645,0,0,16,0,48,256,1,1,256,1,1
"KERNEL_DISPATCH","Agent 3",1,0,2659141,2095,65,"void microllm::ops::hip::(anonymous namespace)::matmul_typed_kernel<float>(float const*, float const*, float*, long, long, long, long)",12951,3219604429784036,3219604429792976,0,0,16,0,48,256,1,1,256,1,1
"KERNEL_DISPATCH","Agent 3",1,0,2659141,2096,75,"void microllm::ops::hip::(anonymous namespace)::swiglu_typed_kernel<float>(float const*, float const*, float*, long)",12956,3219604429840390,3219604429843557,0,0,12,4,32,256,1,1,256,1,1
"KERNEL_DISPATCH","Agent 3",1,0,2659141,2097,65,"void microllm::ops::hip::(anonymous namespace)::matmul_typed_kernel<float>(float const*, float const*, float*, long, long, long, long)",12965,3219604429874930,3219604429891888,0,0,16,0,48,256,1,1,256,1,1
"KERNEL_DISPATCH","Agent 3",1,0,2659141,2098,95,"void microllm::ops::hip::(anonymous namespace)::add_typed_kernel<float>(float const*, float const*, float*, long)",12972,3219604429909816,3219604429912622,0,0,8,0,32,256,1,1,256,1,1
"KERNEL_DISPATCH","Agent 3",1,0,2659141,2099,102,"microllm::ops::hip::(anonymous namespace)::rms_norm_kernel(float const*, float const*, float*, long, long, float)",12987,3219604429939232,3219604429941998,1024,0,12,4,32,256,1,1,256,1,1
"KERNEL_DISPATCH","Agent 3",1,0,2659141,2100,65,"void microllm::ops::hip::(anonymous namespace)::matmul_typed_kernel<float>(float const*, float const*, float*, long, long, long, long)",12994,3219604429959888,3219604429969430,0,0,16,0,48,256,1,1,256,1,1
"KERNEL_DISPATCH","Agent 3",1,0,2659141,2101,9,"__amd_rocclr_copyBuffer",13005,3219604429992878,3219604429995284,0,0,16,0,32,512,1,1,512,1,1
"KERNEL_DISPATCH","Agent 3",1,0,2659141,2102,9,"__amd_rocclr_copyBuffer",13011,3219604430015054,3219604430018302,0,0,16,0,32,512,1,1,512,1,1
"KERNEL_DISPATCH","Agent 3",1,0,2659141,2103,92,"microllm::ops::hip::(anonymous namespace)::embedding_kernel(float const*, int const*, float*, long, long, long)",13015,3219604430033948,3219604430035753,0,0,16,0,32,256,1,1,1024,1,1
"KERNEL_DISPATCH","Agent 3",1,0,2659141,2104,102,"microllm::ops::hip::(anonymous namespace)::rms_norm_kernel(float const*, float const*, float*, long, long, float)",13020,3219604430041528,3219604430044214,1024,0,12,4,32,256,1,1,4096,1,1
"KERNEL_DISPATCH","Agent 3",1,0,2659141,2105,65,"void microllm::ops::hip::(anonymous namespace)::matmul_typed_kernel<float>(float const*, float const*, float*, long, long, long, long)",13025,3219604430052591,3219604430062253,0,0,16,0,48,256,1,1,1024,1,1
"KERNEL_DISPATCH","Agent 3",1,0,2659141,2106,65,"void microllm::ops::hip::(anonymous namespace)::matmul_typed_kernel<float>(float const*, float const*, float*, long, long, long, long)",13030,3219604430062255,3219604430071596,0,0,16,0,48,256,1,1,512,1,1
"KERNEL_DISPATCH","Agent 3",1,0,2659141,2107,65,"void microllm::ops::hip::(anonymous namespace)::matmul_typed_kernel<float>(float const*, float const*, float*, long, long, long, long)",13035,3219604430071552,3219604430080132,0,0,16,0,48,256,1,1,512,1,1
"KERNEL_DISPATCH","Agent 3",1,0,2659141,2108,138,"microllm::runtime::detail::(anonymous namespace)::strided_copy_kernel(std::byte*, std::byte const*, unsigned long, long, microllm::runtime::detail::(anonymous namespace)::Layout)",13040,3219604430080232,3219604430083760,0,0,20,4,48,256,1,1,1024,1,1
"KERNEL_DISPATCH","Agent 3",1,0,2659141,2109,138,"microllm::runtime::detail::(anonymous namespace)::strided_copy_kernel(std::byte*, std::byte const*, unsigned long, long, microllm::runtime::detail::(anonymous namespace)::Layout)",13045,3219604430087717,3219604430090804,0,0,20,4,48,256,1,1,512,1,1
"KERNEL_DISPATCH","Agent 3",1,0,2659141,2110,138,"microllm::runtime::detail::(anonymous namespace)::strided_copy_kernel(std::byte*, std::byte const*, unsigned long, long, microllm::runtime::detail::(anonymous namespace)::Layout)",13050,3219604430098764,3219604430101771,0,0,20,4,48,256,1,1,512,1,1
"KERNEL_DISPATCH","Agent 3",1,0,2659141,2111,76,"microllm::ops::hip::(anonymous namespace)::rope_kernel(float const*, float*, long, long, long, long, long, float)",13055,3219604430106418,3219604430110147,0,0,28,4,48,256,1,1,512,1,1
"KERNEL_DISPATCH","Agent 3",1,0,2659141,2112,76,"microllm::ops::hip::(anonymous namespace)::rope_kernel(float const*, float*, long, long, long, long, long, float)",13062,3219604430134320,3219604430137367,0,0,28,4,48,256,1,1,256,1,1
"KERNEL_DISPATCH","Agent 3",1,0,2659141,2113,9,"__amd_rocclr_copyBuffer",13069,3219604430156618,3219604430158182,0,0,16,0,32,512,1,1,512,1,1
"KERNEL_DISPATCH","Agent 3",1,0,2659141,2114,9,"__amd_rocclr_copyBuffer",13071,3219604430162149,3219604430163792,0,0,16,0,32,512,1,1,512,1,1
"KERNEL_DISPATCH","Agent 3",1,0,2659141,2115,9,"__amd_rocclr_copyBuffer",13075,3219604430171489,3219604430173253,0,0,16,0,32,512,1,1,512,1,1
"KERNEL_DISPATCH","Agent 3",1,0,2659141,2116,9,"__amd_rocclr_copyBuffer",13077,3219604430176609,3219604430177692,0,0,16,0,32,512,1,1,512,1,1
"KERNEL_DISPATCH","Agent 3",1,0,2659141,2117,135,"microllm::ops::hip::(anonymous namespace)::causal_gqa_attention_kernel(float const*, float const*, float const*, float*, float*, long, long, long, long, long, long, float)",13081,3219604430192925,3219604430199780,1024,0,24,0,64,256,1,1,16384,1,1
"KERNEL_DISPATCH","Agent 3",1,0,2659141,2118,138,"microllm::runtime::detail::(anonymous namespace)::strided_copy_kernel(std::byte*, std::byte const*, unsigned long, long, microllm::runtime::detail::(anonymous namespace)::Layout)",13086,3219604430203020,3219604430206227,0,0,20,4,48,256,1,1,1024,1,1
"KERNEL_DISPATCH","Agent 3",1,0,2659141,2119,65,"void microllm::ops::hip::(anonymous namespace)::matmul_typed_kernel<float>(float const*, float const*, float*, long, long, long, long)",13093,3219604430224357,3219604430233899,0,0,16,0,48,256,1,1,1024,1,1
"KERNEL_DISPATCH","Agent 3",1,0,2659141,2120,95,"void microllm::ops::hip::(anonymous namespace)::add_typed_kernel<float>(float const*, float const*, float*, long)",13112,3219604430263891,3219604430266858,0,0,8,0,32,256,1,1,1024,1,1
"KERNEL_DISPATCH","Agent 3",1,0,2659141,2121,102,"microllm::ops::hip::(anonymous namespace)::rms_norm_kernel(float const*, float const*, float*, long, long, float)",13121,3219604430286744,3219604430289631,1024,0,12,4,32,256,1,1,4096,1,1
"KERNEL_DISPATCH","Agent 3",1,0,2659141,2122,65,"void microllm::ops::hip::(anonymous namespace)::matmul_typed_kernel<float>(float const*, float const*, float*, long, long, long, long)",13126,3219604430294427,3219604430304971,0,0,16,0,48,256,1,1,2048,1,1
"KERNEL_DISPATCH","Agent 3",1,0,2659141,2123,65,"void microllm::ops::hip::(anonymous namespace)::matmul_typed_kernel<float>(float const*, float const*, float*, long, long, long, long)",13131,3219604430304975,3219604430314196,0,0,16,0,48,256,1,1,2048,1,1
"KERNEL_DISPATCH","Agent 3",1,0,2659141,2124,75,"void microllm::ops::hip::(anonymous namespace)::swiglu_typed_kernel<float>(float const*, float const*, float*, long)",13136,3219604430314153,3219604430317841,0,0,12,4,32,256,1,1,2048,1,1
"KERNEL_DISPATCH","Agent 3",1,0,2659141,2125,65,"void microllm::ops::hip::(anonymous namespace)::matmul_typed_kernel<float>(float const*, float const*, float*, long, long, long, long)",13145,3219604430337446,3219604430354806,0,0,16,0,48,256,1,1,1024,1,1
"KERNEL_DISPATCH","Agent 3",1,0,2659141,2126,95,"void microllm::ops::hip::(anonymous namespace)::add_typed_kernel<float>(float const*, float const*, float*, long)",13152,3219604430372017,3219604430374864,0,0,8,0,32,256,1,1,1024,1,1
"KERNEL_DISPATCH","Agent 3",1,0,2659141,2127,102,"microllm::ops::hip::(anonymous namespace)::rms_norm_kernel(float const*, float const*, float*, long, long, float)",13165,3219604430398623,3219604430401429,1024,0,12,4,32,256,1,1,4096,1,1
"KERNEL_DISPATCH","Agent 3",1,0,2659141,2128,65,"void microllm::ops::hip::(anonymous namespace)::matmul_typed_kernel<float>(float const*, float const*, float*, long, long, long, long)",13170,3219604430406316,3219604430415777,0,0,16,0,48,256,1,1,1024,1,1
"KERNEL_DISPATCH","Agent 3",1,0,2659141,2129,65,"void microllm::ops::hip::(anonymous namespace)::matmul_typed_kernel<float>(float const*, float const*, float*, long, long, long, long)",13175,3219604430424801,3219604430434423,0,0,16,0,48,256,1,1,512,1,1
"KERNEL_DISPATCH","Agent 3",1,0,2659141,2130,65,"void microllm::ops::hip::(anonymous namespace)::matmul_typed_kernel<float>(float const*, float const*, float*, long, long, long, long)",13180,3219604430434441,3219604430444905,0,0,16,0,48,256,1,1,512,1,1
"KERNEL_DISPATCH","Agent 3",1,0,2659141,2131,138,"microllm::runtime::detail::(anonymous namespace)::strided_copy_kernel(std::byte*, std::byte const*, unsigned long, long, microllm::runtime::detail::(anonymous namespace)::Layout)",13185,3219604430444904,3219604430448392,0,0,20,4,48,256,1,1,1024,1,1
"KERNEL_DISPATCH","Agent 3",1,0,2659141,2132,138,"microllm::runtime::detail::(anonymous namespace)::strided_copy_kernel(std::byte*, std::byte const*, unsigned long, long, microllm::runtime::detail::(anonymous namespace)::Layout)",13190,3219604430453654,3219604430456982,0,0,20,4,48,256,1,1,512,1,1
"KERNEL_DISPATCH","Agent 3",1,0,2659141,2133,138,"microllm::runtime::detail::(anonymous namespace)::strided_copy_kernel(std::byte*, std::byte const*, unsigned long, long, microllm::runtime::detail::(anonymous namespace)::Layout)",13195,3219604430462741,3219604430466108,0,0,20,4,48,256,1,1,512,1,1
"KERNEL_DISPATCH","Agent 3",1,0,2659141,2134,76,"microllm::ops::hip::(anonymous namespace)::rope_kernel(float const*, float*, long, long, long, long, long, float)",13200,3219604430471241,3219604430475130,0,0,28,4,48,256,1,1,512,1,1
"KERNEL_DISPATCH","Agent 3",1,0,2659141,2135,76,"microllm::ops::hip::(anonymous namespace)::rope_kernel(float const*, float*, long, long, long, long, long, float)",13207,3219604430498010,3219604430501097,0,0,28,4,48,256,1,1,256,1,1
"KERNEL_DISPATCH","Agent 3",1,0,2659141,2136,9,"__amd_rocclr_copyBuffer",13214,3219604430520050,3219604430521694,0,0,16,0,32,512,1,1,512,1,1
"KERNEL_DISPATCH","Agent 3",1,0,2659141,2137,9,"__amd_rocclr_copyBuffer",13216,3219604430525142,3219604430526064,0,0,16,0,32,512,1,1,512,1,1
"KERNEL_DISPATCH","Agent 3",1,0,2659141,2138,9,"__amd_rocclr_copyBuffer",13220,3219604430533479,3219604430535043,0,0,16,0,32,512,1,1,512,1,1
"KERNEL_DISPATCH","Agent 3",1,0,2659141,2139,9,"__amd_rocclr_copyBuffer",13222,3219604430538526,3219604430539809,0,0,16,0,32,512,1,1,512,1,1
"KERNEL_DISPATCH","Agent 3",1,0,2659141,2140,135,"microllm::ops::hip::(anonymous namespace)::causal_gqa_attention_kernel(float const*, float const*, float const*, float*, float*, long, long, long, long, long, long, float)",13226,3219604430547440,3219604430553855,1024,0,24,0,64,256,1,1,16384,1,1
"KERNEL_DISPATCH","Agent 3",1,0,2659141,2141,138,"microllm::runtime::detail::(anonymous namespace)::strided_copy_kernel(std::byte*, std::byte const*, unsigned long, long, microllm::runtime::detail::(anonymous namespace)::Layout)",13231,3219604430557157,3219604430560004,0,0,20,4,48,256,1,1,1024,1,1
"KERNEL_DISPATCH","Agent 3",1,0,2659141,2142,65,"void microllm::ops::hip::(anonymous namespace)::matmul_typed_kernel<float>(float const*, float const*, float*, long, long, long, long)",13238,3219604430578217,3219604430587398,0,0,16,0,48,256,1,1,1024,1,1
"KERNEL_DISPATCH","Agent 3",1,0,2659141,2143,95,"void microllm::ops::hip::(anonymous namespace)::add_typed_kernel<float>(float const*, float const*, float*, long)",13257,3219604430617862,3219604430621109,0,0,8,0,32,256,1,1,1024,1,1
"KERNEL_DISPATCH","Agent 3",1,0,2659141,2144,102,"microllm::ops::hip::(anonymous namespace)::rms_norm_kernel(float const*, float const*, float*, long, long, float)",13266,3219604430640741,3219604430643708,1024,0,12,4,32,256,1,1,4096,1,1
"KERNEL_DISPATCH","Agent 3",1,0,2659141,2145,65,"void microllm::ops::hip::(anonymous namespace)::matmul_typed_kernel<float>(float const*, float const*, float*, long, long, long, long)",13271,3219604430652070,3219604430663015,0,0,16,0,48,256,1,1,2048,1,1
"KERNEL_DISPATCH","Agent 3",1,0,2659141,2146,65,"void microllm::ops::hip::(anonymous namespace)::matmul_typed_kernel<float>(float const*, float const*, float*, long, long, long, long)",13276,3219604430662970,3219604430671951,0,0,16,0,48,256,1,1,2048,1,1
"KERNEL_DISPATCH","Agent 3",1,0,2659141,2147,75,"void microllm::ops::hip::(anonymous namespace)::swiglu_typed_kernel<float>(float const*, float const*, float*, long)",13281,3219604430671933,3219604430675461,0,0,12,4,32,256,1,1,2048,1,1
"KERNEL_DISPATCH","Agent 3",1,0,2659141,2148,65,"void microllm::ops::hip::(anonymous namespace)::matmul_typed_kernel<float>(float const*, float const*, float*, long, long, long, long)",13290,3219604430695201,3219604430712160,0,0,16,0,48,256,1,1,1024,1,1
"KERNEL_DISPATCH","Agent 3",1,0,2659141,2149,95,"void microllm::ops::hip::(anonymous namespace)::add_typed_kernel<float>(float const*, float const*, float*, long)",13297,3219604430729907,3219604430732834,0,0,8,0,32,256,1,1,1024,1,1
"KERNEL_DISPATCH","Agent 3",1,0,2659141,2150,102,"microllm::ops::hip::(anonymous namespace)::rms_norm_kernel(float const*, float const*, float*, long, long, float)",13310,3219604430761230,3219604430764157,1024,0,12,4,32,256,1,1,4096,1,1
"KERNEL_DISPATCH","Agent 3",1,0,2659141,2151,65,"void microllm::ops::hip::(anonymous namespace)::matmul_typed_kernel<float>(float const*, float const*, float*, long, long, long, long)",13317,3219604430817771,3219604430827273,0,0,16,0,48,256,1,1,256,1,1
"KERNEL_DISPATCH","Agent 3",1,0,2659141,2152,9,"__amd_rocclr_copyBuffer",13324,3219604430849296,3219604430850740,0,0,16,0,32,512,1,1,512,1,1
"KERNEL_DISPATCH","Agent 3",1,0,2659141,2153,9,"__amd_rocclr_copyBuffer",13326,3219604430854269,3219604430855712,0,0,16,0,32,512,1,1,512,1,1
"KERNEL_DISPATCH","Agent 3",1,0,2659141,2154,9,"__amd_rocclr_copyBuffer",13328,3219604430859737,3219604430861381,0,0,16,0,32,512,1,1,512,1,1
"KERNEL_DISPATCH","Agent 3",1,0,2659141,2155,9,"__amd_rocclr_copyBuffer",13330,3219604430865070,3219604430866514,0,0,16,0,32,512,1,1,512,1,1
"KERNEL_DISPATCH","Agent 3",1,0,2659141,2156,9,"__amd_rocclr_copyBuffer",13332,3219604430871609,3219604430873132,0,0,16,0,32,512,1,1,512,1,1
"KERNEL_DISPATCH","Agent 3",1,0,2659141,2157,9,"__amd_rocclr_copyBuffer",13334,3219604430877143,3219604430878586,0,0,16,0,32,512,1,1,512,1,1
"KERNEL_DISPATCH","Agent 3",1,0,2659141,2158,9,"__amd_rocclr_copyBuffer",13336,3219604430886748,3219604430888271,0,0,16,0,32,512,1,1,512,1,1
"KERNEL_DISPATCH","Agent 3",1,0,2659141,2159,9,"__amd_rocclr_copyBuffer",13338,3219604430892046,3219604430894371,0,0,16,0,32,512,1,1,512,1,1
"KERNEL_DISPATCH","Agent 3",1,0,2659141,2160,9,"__amd_rocclr_copyBuffer",13348,3219604430920885,3219604430922930,0,0,16,0,32,512,1,1,512,1,1
"KERNEL_DISPATCH","Agent 3",1,0,2659141,2161,86,"microllm::ops::hip::(anonymous namespace)::argmax_last_dim_kernel(float const*, int*, long, long)",13354,3219604430951335,3219604430954742,4096,0,12,4,32,256,1,1,512,1,1
"KERNEL_DISPATCH","Agent 3",1,0,2659141,2162,9,"__amd_rocclr_copyBuffer",13357,3219604430958941,3219604430964073,0,0,16,0,32,512,1,1,512,1,1
"KERNEL_DISPATCH","Agent 3",1,0,2659141,2163,101,"void microllm::ops::hip::(anonymous namespace)::fill_typed_kernel<float>(float*, long, float)",13361,3219604430988347,3219604430989630,0,0,4,4,16,256,1,1,2048,1,1
"KERNEL_DISPATCH","Agent 3",1,0,2659141,2164,101,"void microllm::ops::hip::(anonymous namespace)::fill_typed_kernel<float>(float*, long, float)",13364,3219604430993798,3219604430995081,0,0,4,4,16,256,1,1,2048,1,1
"KERNEL_DISPATCH","Agent 3",1,0,2659141,2165,101,"void microllm::ops::hip::(anonymous namespace)::fill_typed_kernel<float>(float*, long, float)",13367,3219604431000225,3219604431001508,0,0,4,4,16,256,1,1,2048,1,1
"KERNEL_DISPATCH","Agent 3",1,0,2659141,2166,101,"void microllm::ops::hip::(anonymous namespace)::fill_typed_kernel<float>(float*, long, float)",13370,3219604431005381,3219604431006664,0,0,4,4,16,256,1,1,2048,1,1
"KERNEL_DISPATCH","Agent 3",1,0,2659141,2167,9,"__amd_rocclr_copyBuffer",13375,3219604431016127,3219604431019735,0,0,16,0,32,512,1,1,512,1,1
"KERNEL_DISPATCH","Agent 3",1,0,2659141,2168,9,"__amd_rocclr_copyBuffer",13379,3219604431036647,3219604431040175,0,0,16,0,32,512,1,1,512,1,1
"KERNEL_DISPATCH","Agent 3",1,0,2659141,2169,9,"__amd_rocclr_copyBuffer",13383,3219604431056782,3219604431060189,0,0,16,0,32,512,1,1,512,1,1
"KERNEL_DISPATCH","Agent 3",1,0,2659141,2170,92,"microllm::ops::hip::(anonymous namespace)::embedding_kernel(float const*, int const*, float*, long, long, long)",13387,3219604431076198,3219604431077882,0,0,16,0,32,256,1,1,256,1,1
"KERNEL_DISPATCH","Agent 3",1,0,2659141,2171,102,"microllm::ops::hip::(anonymous namespace)::rms_norm_kernel(float const*, float const*, float*, long, long, float)",13392,3219604431084324,3219604431086769,1024,0,12,4,32,256,1,1,256,1,1
"KERNEL_DISPATCH","Agent 3",1,0,2659141,2172,65,"void microllm::ops::hip::(anonymous namespace)::matmul_typed_kernel<float>(float const*, float const*, float*, long, long, long, long)",13397,3219604431092879,3219604431102341,0,0,16,0,48,256,1,1,256,1,1
"KERNEL_DISPATCH","Agent 3",1,0,2659141,2173,65,"void microllm::ops::hip::(anonymous namespace)::matmul_typed_kernel<float>(float const*, float const*, float*, long, long, long, long)",13402,3219604431102360,3219604431112222,0,0,16,0,48,256,1,1,256,1,1
"KERNEL_DISPATCH","Agent 3",1,0,2659141,2174,65,"void microllm::ops::hip::(anonymous namespace)::matmul_typed_kernel<float>(float const*, float const*, float*, long, long, long, long)",13407,3219604431112170,3219604431121672,0,0,16,0,48,256,1,1,256,1,1
"KERNEL_DISPATCH","Agent 3",1,0,2659141,2175,134,"microllm::ops::hip::(anonymous namespace)::rope_positions_kernel(float const*, int const*, float*, long, long, long, float)",13412,3219604431121727,3219604431125175,0,0,28,4,48,256,1,1,256,1,1
"KERNEL_DISPATCH","Agent 3",1,0,2659141,2176,134,"microllm::ops::hip::(anonymous namespace)::rope_positions_kernel(float const*, int const*, float*, long, long, long, float)",13417,3219604431128910,3219604431131436,0,0,28,4,48,256,1,1,256,1,1
"KERNEL_DISPATCH","Agent 3",1,0,2659141,2177,110,"void microllm::ops::hip::(anonymous namespace)::kv_cache_store_pair_positions_kernel<float>(float const*, float const*, int const*, int const*, float*, float*, long, long, long, long, long, long)",13420,3219604431139550,3219604431141755,0,0,20,4,48,256,1,1,256,1,1
"KERNEL_DISPATCH","Agent 3",1,0,2659141,2178,78,"void microllm::ops::hip::(anonymous namespace)::cached_attention_fused_positions_kernel<float>(float const*, float const*, float const*, int const*, int const*, float*, long, long, long, long, long, long, long, long, float)",13425,3219604431149928,3219604431156663,1024,0,52,4,64,256,1,1,1024,1,1
"KERNEL_DISPATCH","Agent 3",1,0,2659141,2179,65,"void microllm::ops::hip::(anonymous namespace)::matmul_typed_kernel<float>(float const*, float const*, float*, long, long, long, long)",13430,3219604431159782,3219604431168362,0,0,16,0,48,256,1,1,256,1,1
"KERNEL_DISPATCH","Agent 3",1,0,2659141,2180,123,"void microllm::ops::hip::(anonymous namespace)::add_rms_norm_kernel<256u>(float const*, float const*, float const*, float*, float*, long, long, float)",13451,3219604431209722,3219604431212729,1024,0,16,0,32,256,1,1,256,1,1
"KERNEL_DISPATCH","Agent 3",1,0,2659141,2181,65,"void microllm::ops::hip::(anonymous namespace)::matmul_typed_kernel<float>(float const*, float const*, float*, long, long, long, long)",13456,3219604431219489,3219604431228950,0,0,16,0,48,256,1,1,256,1,1
"KERNEL_DISPATCH","Agent 3",1,0,2659141,2182,65,"void microllm::ops::hip::(anonymous namespace)::matmul_typed_kernel<float>(float const*, float const*, float*, long, long, long, long)",13461,3219604431229047,3219604431237747,0,0,16,0,48,256,1,1,256,1,1
"KERNEL_DISPATCH","Agent 3",1,0,2659141,2183,75,"void microllm::ops::hip::(anonymous namespace)::swiglu_typed_kernel<float>(float const*, float const*, float*, long)",13466,3219604431237685,3219604431241293,0,0,12,4,32,256,1,1,256,1,1
"KERNEL_DISPATCH","Agent 3",1,0,2659141,2184,65,"void microllm::ops::hip::(anonymous namespace)::matmul_typed_kernel<float>(float const*, float const*, float*, long, long, long, long)",13475,3219604431261010,3219604431277928,0,0,16,0,48,256,1,1,256,1,1
"KERNEL_DISPATCH","Agent 3",1,0,2659141,2185,95,"void microllm::ops::hip::(anonymous namespace)::add_typed_kernel<float>(float const*, float const*, float*, long)",13482,3219604431296024,3219604431298750,0,0,8,0,32,256,1,1,256,1,1
"KERNEL_DISPATCH","Agent 3",1,0,2659141,2186,102,"microllm::ops::hip::(anonymous namespace)::rms_norm_kernel(float const*, float const*, float*, long, long, float)",13497,3219604431324294,3219604431327021,1024,0,12,4,32,256,1,1,256,1,1
"KERNEL_DISPATCH","Agent 3",1,0,2659141,2187,65,"void microllm::ops::hip::(anonymous namespace)::matmul_typed_kernel<float>(float const*, float const*, float*, long, long, long, long)",13502,3219604431331914,3219604431341536,0,0,16,0,48,256,1,1,256,1,1
"KERNEL_DISPATCH","Agent 3",1,0,2659141,2188,65,"void microllm::ops::hip::(anonymous namespace)::matmul_typed_kernel<float>(float const*, float const*, float*, long, long, long, long)",13507,3219604431341541,3219604431350281,0,0,16,0,48,256,1,1,256,1,1
"KERNEL_DISPATCH","Agent 3",1,0,2659141,2189,65,"void microllm::ops::hip::(anonymous namespace)::matmul_typed_kernel<float>(float const*, float const*, float*, long, long, long, long)",13512,3219604431350240,3219604431359060,0,0,16,0,48,256,1,1,256,1,1
"KERNEL_DISPATCH","Agent 3",1,0,2659141,2190,134,"microllm::ops::hip::(anonymous namespace)::rope_positions_kernel(float const*, int const*, float*, long, long, long, float)",13517,3219604431359218,3219604431362586,0,0,28,4,48,256,1,1,256,1,1
"KERNEL_DISPATCH","Agent 3",1,0,2659141,2191,134,"microllm::ops::hip::(anonymous namespace)::rope_positions_kernel(float const*, int const*, float*, long, long, long, float)",13522,3219604431366332,3219604431368858,0,0,28,4,48,256,1,1,256,1,1
"KERNEL_DISPATCH","Agent 3",1,0,2659141,2192,110,"void microllm::ops::hip::(anonymous namespace)::kv_cache_store_pair_positions_kernel<float>(float const*, float const*, int const*, int const*, float*, float*, long, long, long, long, long, long)",13525,3219604431372631,3219604431375036,0,0,20,4,48,256,1,1,256,1,1
"KERNEL_DISPATCH","Agent 3",1,0,2659141,2193,78,"void microllm::ops::hip::(anonymous namespace)::cached_attention_fused_positions_kernel<float>(float const*, float const*, float const*, int const*, int const*, float*, long, long, long, long, long, long, long, long, float)",13530,3219604431392559,3219604431399054,1024,0,52,4,64,256,1,1,1024,1,1
"KERNEL_DISPATCH","Agent 3",1,0,2659141,2194,65,"void microllm::ops::hip::(anonymous namespace)::matmul_typed_kernel<float>(float const*, float const*, float*, long, long, long, long)",13535,3219604431402240,3219604431411702,0,0,16,0,48,256,1,1,256,1,1
"KERNEL_DISPATCH","Agent 3",1,0,2659141,2195,123,"void microllm::ops::hip::(anonymous namespace)::add_rms_norm_kernel<256u>(float const*, float const*, float const*, float*, float*, long, long, float)",13556,3219604431448799,3219604431451726,1024,0,16,0,32,256,1,1,256,1,1
"KERNEL_DISPATCH","Agent 3",1,0,2659141,2196,65,"void microllm::ops::hip::(anonymous namespace)::matmul_typed_kernel<float>(float const*, float const*, float*, long, long, long, long)",13561,3219604431456596,3219604431466458,0,0,16,0,48,256,1,1,256,1,1
"KERNEL_DISPATCH","Agent 3",1,0,2659141,2197,65,"void microllm::ops::hip::(anonymous namespace)::matmul_typed_kernel<float>(float const*, float const*, float*, long, long, long, long)",13566,3219604431466400,3219604431475421,0,0,16,0,48,256,1,1,256,1,1
"KERNEL_DISPATCH","Agent 3",1,0,2659141,2198,75,"void microllm::ops::hip::(anonymous namespace)::swiglu_typed_kernel<float>(float const*, float const*, float*, long)",13571,3219604431475498,3219604431478906,0,0,12,4,32,256,1,1,256,1,1
"KERNEL_DISPATCH","Agent 3",1,0,2659141,2199,65,"void microllm::ops::hip::(anonymous namespace)::matmul_typed_kernel<float>(float const*, float const*, float*, long, long, long, long)",13580,3219604431498454,3219604431515493,0,0,16,0,48,256,1,1,256,1,1
"KERNEL_DISPATCH","Agent 3",1,0,2659141,2200,95,"void microllm::ops::hip::(anonymous namespace)::add_typed_kernel<float>(float const*, float const*, float*, long)",13587,3219604431533036,3219604431535843,0,0,8,0,32,256,1,1,256,1,1
"KERNEL_DISPATCH","Agent 3",1,0,2659141,2201,102,"microllm::ops::hip::(anonymous namespace)::rms_norm_kernel(float const*, float const*, float*, long, long, float)",13602,3219604431561725,3219604431564732,1024,0,12,4,32,256,1,1,256,1,1
"KERNEL_DISPATCH","Agent 3",1,0,2659141,2202,65,"void microllm::ops::hip::(anonymous namespace)::matmul_typed_kernel<float>(float const*, float const*, float*, long, long, long, long)",13609,3219604431582191,3219604431591572,0,0,16,0,48,256,1,1,256,1,1
"KERNEL_DISPATCH","Agent 3",1,0,2659141,2203,9,"__amd_rocclr_copyBuffer",13620,3219604431613524,3219604431615930,0,0,16,0,32,512,1,1,512,1,1
"KERNEL_DISPATCH","Agent 3",1,0,2659141,2204,86,"microllm::ops::hip::(anonymous namespace)::argmax_last_dim_kernel(float const*, int*, long, long)",13626,3219604431633561,3219604431637250,4096,0,12,4,32,256,1,1,512,1,1
"KERNEL_DISPATCH","Agent 3",1,0,2659141,2205,9,"__amd_rocclr_copyBuffer",13629,3219604431641472,3219604431646804,0,0,16,0,32,512,1,1,512,1,1
"KERNEL_DISPATCH","Agent 3",1,0,2659141,2206,9,"__amd_rocclr_copyBuffer",13635,3219604431673976,3219604431677585,0,0,16,0,32,512,1,1,512,1,1
"KERNEL_DISPATCH","Agent 3",1,0,2659141,2207,9,"__amd_rocclr_copyBuffer",13639,3219604431694289,3219604431697737,0,0,16,0,32,512,1,1,512,1,1
"KERNEL_DISPATCH","Agent 3",1,0,2659141,2208,9,"__amd_rocclr_copyBuffer",13643,3219604431714715,3219604431718243,0,0,16,0,32,512,1,1,512,1,1
"KERNEL_DISPATCH","Agent 3",1,0,2659141,2209,92,"microllm::ops::hip::(anonymous namespace)::embedding_kernel(float const*, int const*, float*, long, long, long)",13647,3219604431734088,3219604431735852,0,0,16,0,32,256,1,1,256,1,1
"KERNEL_DISPATCH","Agent 3",1,0,2659141,2210,102,"microllm::ops::hip::(anonymous namespace)::rms_norm_kernel(float const*, float const*, float*, long, long, float)",13652,3219604431744048,3219604431746453,1024,0,12,4,32,256,1,1,256,1,1
"KERNEL_DISPATCH","Agent 3",1,0,2659141,2211,65,"void microllm::ops::hip::(anonymous namespace)::matmul_typed_kernel<float>(float const*, float const*, float*, long, long, long, long)",13657,3219604431755433,3219604431764694,0,0,16,0,48,256,1,1,256,1,1
"KERNEL_DISPATCH","Agent 3",1,0,2659141,2212,65,"void microllm::ops::hip::(anonymous namespace)::matmul_typed_kernel<float>(float const*, float const*, float*, long, long, long, long)",13662,3219604431797128,3219604431805788,0,0,16,0,48,256,1,1,256,1,1
"KERNEL_DISPATCH","Agent 3",1,0,2659141,2213,65,"void microllm::ops::hip::(anonymous namespace)::matmul_typed_kernel<float>(float const*, float const*, float*, long, long, long, long)",13667,3219604431810525,3219604431819385,0,0,16,0,48,256,1,1,256,1,1
"KERNEL_DISPATCH","Agent 3",1,0,2659141,2214,134,"microllm::ops::hip::(anonymous namespace)::rope_positions_kernel(float const*, int const*, float*, long, long, long, float)",13672,3219604431823953,3219604431826680,0,0,28,4,48,256,1,1,256,1,1
"KERNEL_DISPATCH","Agent 3",1,0,2659141,2215,134,"microllm::ops::hip::(anonymous namespace)::rope_positions_kernel(float const*, int const*, float*, long, long, long, float)",13677,3219604431840141,3219604431842466,0,0,28,4,48,256,1,1,256,1,1
"KERNEL_DISPATCH","Agent 3",1,0,2659141,2216,110,"void microllm::ops::hip::(anonymous namespace)::kv_cache_store_pair_positions_kernel<float>(float const*, float const*, int const*, int const*, float*, float*, long, long, long, long, long, long)",13680,3219604431843004,3219604431845329,0,0,20,4,48,256,1,1,256,1,1
"KERNEL_DISPATCH","Agent 3",1,0,2659141,2217,78,"void microllm::ops::hip::(anonymous namespace)::cached_attention_fused_positions_kernel<float>(float const*, float const*, float const*, int const*, int const*, float*, long, long, long, long, long, long, long, long, float)",13685,3219604431853151,3219604431860929,1024,0,52,4,64,256,1,1,1024,1,1
"KERNEL_DISPATCH","Agent 3",1,0,2659141,2218,65,"void microllm::ops::hip::(anonymous namespace)::matmul_typed_kernel<float>(float const*, float const*, float*, long, long, long, long)",13690,3219604431860980,3219604431869680,0,0,16,0,48,256,1,1,256,1,1
"KERNEL_DISPATCH","Agent 3",1,0,2659141,2219,123,"void microllm::ops::hip::(anonymous namespace)::add_rms_norm_kernel<256u>(float const*, float const*, float const*, float*, float*, long, long, float)",13711,3219604431907908,3219604431910875,1024,0,16,0,32,256,1,1,256,1,1
"KERNEL_DISPATCH","Agent 3",1,0,2659141,2220,65,"void microllm::ops::hip::(anonymous namespace)::matmul_typed_kernel<float>(float const*, float const*, float*, long, long, long, long)",13716,3219604431915690,3219604431925352,0,0,16,0,48,256,1,1,256,1,1
"KERNEL_DISPATCH","Agent 3",1,0,2659141,2221,65,"void microllm::ops::hip::(anonymous namespace)::matmul_typed_kernel<float>(float const*, float const*, float*, long, long, long, long)",13721,3219604431925250,3219604431933870,0,0,16,0,48,256,1,1,256,1,1
"KERNEL_DISPATCH","Agent 3",1,0,2659141,2222,75,"void microllm::ops::hip::(anonymous namespace)::swiglu_typed_kernel<float>(float const*, float const*, float*, long)",13726,3219604431933933,3219604431937341,0,0,12,4,32,256,1,1,256,1,1
"KERNEL_DISPATCH","Agent 3",1,0,2659141,2223,65,"void microllm::ops::hip::(anonymous namespace)::matmul_typed_kernel<float>(float const*, float const*, float*, long, long, long, long)",13735,3219604431956989,3219604431973146,0,0,16,0,48,256,1,1,256,1,1
"KERNEL_DISPATCH","Agent 3",1,0,2659141,2224,95,"void microllm::ops::hip::(anonymous namespace)::add_typed_kernel<float>(float const*, float const*, float*, long)",13742,3219604431990447,3219604431993013,0,0,8,0,32,256,1,1,256,1,1
"KERNEL_DISPATCH","Agent 3",1,0,2659141,2225,102,"microllm::ops::hip::(anonymous namespace)::rms_norm_kernel(float const*, float const*, float*, long, long, float)",13757,3219604432038037,3219604432040362,1024,0,12,4,32,256,1,1,256,1,1
"KERNEL_DISPATCH","Agent 3",1,0,2659141,2226,65,"void microllm::ops::hip::(anonymous namespace)::matmul_typed_kernel<float>(float const*, float const*, float*, long, long, long, long)",13762,3219604432045325,3219604432055067,0,0,16,0,48,256,1,1,256,1,1
"KERNEL_DISPATCH","Agent 3",1,0,2659141,2227,65,"void microllm::ops::hip::(anonymous namespace)::matmul_typed_kernel<float>(float const*, float const*, float*, long, long, long, long)",13767,3219604432055144,3219604432063483,0,0,16,0,48,256,1,1,256,1,1
"KERNEL_DISPATCH","Agent 3",1,0,2659141,2228,65,"void microllm::ops::hip::(anonymous namespace)::matmul_typed_kernel<float>(float const*, float const*, float*, long, long, long, long)",13772,3219604432063498,3219604432073280,0,0,16,0,48,256,1,1,256,1,1
"KERNEL_DISPATCH","Agent 3",1,0,2659141,2229,134,"microllm::ops::hip::(anonymous namespace)::rope_positions_kernel(float const*, int const*, float*, long, long, long, float)",13777,3219604432073299,3219604432076707,0,0,28,4,48,256,1,1,256,1,1
"KERNEL_DISPATCH","Agent 3",1,0,2659141,2230,134,"microllm::ops::hip::(anonymous namespace)::rope_positions_kernel(float const*, int const*, float*, long, long, long, float)",13782,3219604432081806,3219604432084452,0,0,28,4,48,256,1,1,256,1,1
"KERNEL_DISPATCH","Agent 3",1,0,2659141,2231,110,"void microllm::ops::hip::(anonymous namespace)::kv_cache_store_pair_positions_kernel<float>(float const*, float const*, int const*, int const*, float*, float*, long, long, long, long, long, long)",13785,3219604432088800,3219604432091245,0,0,20,4,48,256,1,1,256,1,1
"KERNEL_DISPATCH","Agent 3",1,0,2659141,2232,78,"void microllm::ops::hip::(anonymous namespace)::cached_attention_fused_positions_kernel<float>(float const*, float const*, float const*, int const*, int const*, float*, long, long, long, long, long, long, long, long, float)",13790,3219604432097521,3219604432103856,1024,0,52,4,64,256,1,1,1024,1,1
"KERNEL_DISPATCH","Agent 3",1,0,2659141,2233,65,"void microllm::ops::hip::(anonymous namespace)::matmul_typed_kernel<float>(float const*, float const*, float*, long, long, long, long)",13795,3219604432107040,3219604432115139,0,0,16,0,48,256,1,1,256,1,1
"KERNEL_DISPATCH","Agent 3",1,0,2659141,2234,123,"void microllm::ops::hip::(anonymous namespace)::add_rms_norm_kernel<256u>(float const*, float const*, float const*, float*, float*, long, long, float)",13816,3219604432151740,3219604432154666,1024,0,16,0,32,256,1,1,256,1,1
"KERNEL_DISPATCH","Agent 3",1,0,2659141,2235,65,"void microllm::ops::hip::(anonymous namespace)::matmul_typed_kernel<float>(float const*, float const*, float*, long, long, long, long)",13821,3219604432159740,3219604432169402,0,0,16,0,48,256,1,1,256,1,1
"KERNEL_DISPATCH","Agent 3",1,0,2659141,2236,65,"void microllm::ops::hip::(anonymous namespace)::matmul_typed_kernel<float>(float const*, float const*, float*, long, long, long, long)",13826,3219604432169378,3219604432177797,0,0,16,0,48,256,1,1,256,1,1
"KERNEL_DISPATCH","Agent 3",1,0,2659141,2237,75,"void microllm::ops::hip::(anonymous namespace)::swiglu_typed_kernel<float>(float const*, float const*, float*, long)",13831,3219604432177865,3219604432181353,0,0,12,4,32,256,1,1,256,1,1
"KERNEL_DISPATCH","Agent 3",1,0,2659141,2238,65,"void microllm::ops::hip::(anonymous namespace)::matmul_typed_kernel<float>(float const*, float const*, float*, long, long, long, long)",13840,3219604432200700,3219604432217137,0,0,16,0,48,256,1,1,256,1,1
"KERNEL_DISPATCH","Agent 3",1,0,2659141,2239,95,"void microllm::ops::hip::(anonymous namespace)::add_typed_kernel<float>(float const*, float const*, float*, long)",13847,3219604432234397,3219604432237163,0,0,8,0,32,256,1,1,256,1,1
"KERNEL_DISPATCH","Agent 3",1,0,2659141,2240,102,"microllm::ops::hip::(anonymous namespace)::rms_norm_kernel(float const*, float const*, float*, long, long, float)",13862,3219604432262601,3219604432265407,1024,0,12,4,32,256,1,1,256,1,1
"KERNEL_DISPATCH","Agent 3",1,0,2659141,2241,65,"void microllm::ops::hip::(anonymous namespace)::matmul_typed_kernel<float>(float const*, float const*, float*, long, long, long, long)",13869,3219604432282609,3219604432292471,0,0,16,0,48,256,1,1,256,1,1
"KERNEL_DISPATCH","Agent 3",1,0,2659141,2242,9,"__amd_rocclr_copyBuffer",13880,3219604432314549,3219604432316674,0,0,16,0,32,512,1,1,512,1,1
"KERNEL_DISPATCH","Agent 3",1,0,2659141,2243,86,"microllm::ops::hip::(anonymous namespace)::argmax_last_dim_kernel(float const*, int*, long, long)",13886,3219604432334541,3219604432338029,4096,0,12,4,32,256,1,1,512,1,1
"KERNEL_DISPATCH","Agent 3",1,0,2659141,2244,9,"__amd_rocclr_copyBuffer",13889,3219604432342231,3219604432347764,0,0,16,0,32,512,1,1,512,1,1
"KERNEL_DISPATCH","Agent 3",1,0,2659141,2245,9,"__amd_rocclr_copyBuffer",13895,3219604432373872,3219604432377641,0,0,16,0,32,512,1,1,512,1,1
"KERNEL_DISPATCH","Agent 3",1,0,2659141,2246,9,"__amd_rocclr_copyBuffer",13899,3219604432394936,3219604432398504,0,0,16,0,32,512,1,1,512,1,1
"KERNEL_DISPATCH","Agent 3",1,0,2659141,2247,9,"__amd_rocclr_copyBuffer",13903,3219604432415042,3219604432418650,0,0,16,0,32,512,1,1,512,1,1
"KERNEL_DISPATCH","Agent 3",1,0,2659141,2248,92,"microllm::ops::hip::(anonymous namespace)::embedding_kernel(float const*, int const*, float*, long, long, long)",13907,3219604432434406,3219604432436370,0,0,16,0,32,256,1,1,256,1,1
"KERNEL_DISPATCH","Agent 3",1,0,2659141,2249,102,"microllm::ops::hip::(anonymous namespace)::rms_norm_kernel(float const*, float const*, float*, long, long, float)",13912,3219604432444804,3219604432447330,1024,0,12,4,32,256,1,1,256,1,1
"KERNEL_DISPATCH","Agent 3",1,0,2659141,2250,65,"void microllm::ops::hip::(anonymous namespace)::matmul_typed_kernel<float>(float const*, float const*, float*, long, long, long, long)",13917,3219604432453940,3219604432463441,0,0,16,0,48,256,1,1,256,1,1
"KERNEL_DISPATCH","Agent 3",1,0,2659141,2251,65,"void microllm::ops::hip::(anonymous namespace)::matmul_typed_kernel<float>(float const*, float const*, float*, long, long, long, long)",13922,3219604432463695,3219604432472275,0,0,16,0,48,256,1,1,256,1,1
"KERNEL_DISPATCH","Agent 3",1,0,2659141,2252,65,"void microllm::ops::hip::(anonymous namespace)::matmul_typed_kernel<float>(float const*, float const*, float*, long, long, long, long)",13927,3219604432475004,3219604432482501,0,0,16,0,48,256,1,1,256,1,1
"KERNEL_DISPATCH","Agent 3",1,0,2659141,2253,134,"microllm::ops::hip::(anonymous namespace)::rope_positions_kernel(float const*, int const*, float*, long, long, long, float)",13932,3219604432485797,3219604432488684,0,0,28,4,48,256,1,1,256,1,1
"KERNEL_DISPATCH","Agent 3",1,0,2659141,2254,134,"microllm::ops::hip::(anonymous namespace)::rope_positions_kernel(float const*, int const*, float*, long, long, long, float)",13937,3219604432495884,3219604432498289,0,0,28,4,48,256,1,1,256,1,1
"KERNEL_DISPATCH","Agent 3",1,0,2659141,2255,110,"void microllm::ops::hip::(anonymous namespace)::kv_cache_store_pair_positions_kernel<float>(float const*, float const*, int const*, int const*, float*, float*, long, long, long, long, long, long)",13940,3219604432503380,3219604432505705,0,0,20,4,48,256,1,1,256,1,1
"KERNEL_DISPATCH","Agent 3",1,0,2659141,2256,78,"void microllm::ops::hip::(anonymous namespace)::cached_attention_fused_positions_kernel<float>(float const*, float const*, float const*, int const*, int const*, float*, long, long, long, long, long, long, long, long, float)",13945,3219604432512150,3219604432519126,1024,0,52,4,64,256,1,1,1024,1,1
"KERNEL_DISPATCH","Agent 3",1,0,2659141,2257,65,"void microllm::ops::hip::(anonymous namespace)::matmul_typed_kernel<float>(float const*, float const*, float*, long, long, long, long)",13950,3219604432531239,3219604432540260,0,0,16,0,48,256,1,1,256,1,1
"KERNEL_DISPATCH","Agent 3",1,0,2659141,2258,123,"void microllm::ops::hip::(anonymous namespace)::add_rms_norm_kernel<256u>(float const*, float const*, float const*, float*, float*, long, long, float)",13971,3219604432579173,3219604432582099,1024,0,16,0,32,256,1,1,256,1,1
"KERNEL_DISPATCH","Agent 3",1,0,2659141,2259,65,"void microllm::ops::hip::(anonymous namespace)::matmul_typed_kernel<float>(float const*, float const*, float*, long, long, long, long)",13976,3219604432587389,3219604432597011,0,0,16,0,48,256,1,1,256,1,1
"KERNEL_DISPATCH","Agent 3",1,0,2659141,2260,65,"void microllm::ops::hip::(anonymous namespace)::matmul_typed_kernel<float>(float const*, float const*, float*, long, long, long, long)",13981,3219604432596923,3219604432605542,0,0,16,0,48,256,1,1,256,1,1
"KERNEL_DISPATCH","Agent 3",1,0,2659141,2261,75,"void microllm::ops::hip::(anonymous namespace)::swiglu_typed_kernel<float>(float const*, float const*, float*, long)",13986,3219604432605667,3219604432609115,0,0,12,4,32,256,1,1,256,1,1
"KERNEL_DISPATCH","Agent 3",1,0,2659141,2262,65,"void microllm::ops::hip::(anonymous namespace)::matmul_typed_kernel<float>(float const*, float const*, float*, long, long, long, long)",13995,3219604432629110,3219604432645988,0,0,16,0,48,256,1,1,256,1,1
"KERNEL_DISPATCH","Agent 3",1,0,2659141,2263,95,"void microllm::ops::hip::(anonymous namespace)::add_typed_kernel<float>(float const*, float const*, float*, long)",14002,3219604432665237,3219604432668123,0,0,8,0,32,256,1,1,256,1,1
"KERNEL_DISPATCH","Agent 3",1,0,2659141,2264,102,"microllm::ops::hip::(anonymous namespace)::rms_norm_kernel(float const*, float const*, float*, long, long, float)",14017,3219604432740853,3219604432743379,1024,0,12,4,32,256,1,1,256,1,1
"KERNEL_DISPATCH","Agent 3",1,0,2659141,2265,65,"void microllm::ops::hip::(anonymous namespace)::matmul_typed_kernel<float>(float const*, float const*, float*, long, long, long, long)",14022,3219604432747908,3219604432757691,0,0,16,0,48,256,1,1,256,1,1
"KERNEL_DISPATCH","Agent 3",1,0,2659141,2266,65,"void microllm::ops::hip::(anonymous namespace)::matmul_typed_kernel<float>(float const*, float const*, float*, long, long, long, long)",14027,3219604432757676,3219604432766576,0,0,16,0,48,256,1,1,256,1,1
"KERNEL_DISPATCH","Agent 3",1,0,2659141,2267,65,"void microllm::ops::hip::(anonymous namespace)::matmul_typed_kernel<float>(float const*, float const*, float*, long, long, long, long)",14032,3219604432766573,3219604432775113,0,0,16,0,48,256,1,1,256,1,1
"KERNEL_DISPATCH","Agent 3",1,0,2659141,2268,134,"microllm::ops::hip::(anonymous namespace)::rope_positions_kernel(float const*, int const*, float*, long, long, long, float)",14037,3219604432775112,3219604432778560,0,0,28,4,48,256,1,1,256,1,1
"KERNEL_DISPATCH","Agent 3",1,0,2659141,2269,134,"microllm::ops::hip::(anonymous namespace)::rope_positions_kernel(float const*, int const*, float*, long, long, long, float)",14042,3219604432785868,3219604432788313,0,0,28,4,48,256,1,1,256,1,1
"KERNEL_DISPATCH","Agent 3",1,0,2659141,2270,110,"void microllm::ops::hip::(anonymous namespace)::kv_cache_store_pair_positions_kernel<float>(float const*, float const*, int const*, int const*, float*, float*, long, long, long, long, long, long)",14045,3219604432792342,3219604432794507,0,0,20,4,48,256,1,1,256,1,1
"KERNEL_DISPATCH","Agent 3",1,0,2659141,2271,78,"void microllm::ops::hip::(anonymous namespace)::cached_attention_fused_positions_kernel<float>(float const*, float const*, float const*, int const*, int const*, float*, long, long, long, long, long, long, long, long, float)",14050,3219604432802508,3219604432810446,1024,0,52,4,64,256,1,1,1024,1,1
"KERNEL_DISPATCH","Agent 3",1,0,2659141,2272,65,"void microllm::ops::hip::(anonymous namespace)::matmul_typed_kernel<float>(float const*, float const*, float*, long, long, long, long)",14055,3219604432810433,3219604432818732,0,0,16,0,48,256,1,1,256,1,1
"KERNEL_DISPATCH","Agent 3",1,0,2659141,2273,123,"void microllm::ops::hip::(anonymous namespace)::add_rms_norm_kernel<256u>(float const*, float const*, float const*, float*, float*, long, long, float)",14076,3219604432855827,3219604432858634,1024,0,16,0,32,256,1,1,256,1,1
"KERNEL_DISPATCH","Agent 3",1,0,2659141,2274,65,"void microllm::ops::hip::(anonymous namespace)::matmul_typed_kernel<float>(float const*, float const*, float*, long, long, long, long)",14081,3219604432863501,3219604432873844,0,0,16,0,48,256,1,1,256,1,1
"KERNEL_DISPATCH","Agent 3",1,0,2659141,2275,65,"void microllm::ops::hip::(anonymous namespace)::matmul_typed_kernel<float>(float const*, float const*, float*, long, long, long, long)",14086,3219604432873834,3219604432882494,0,0,16,0,48,256,1,1,256,1,1
"KERNEL_DISPATCH","Agent 3",1,0,2659141,2276,75,"void microllm::ops::hip::(anonymous namespace)::swiglu_typed_kernel<float>(float const*, float const*, float*, long)",14091,3219604432882544,3219604432885992,0,0,12,4,32,256,1,1,256,1,1
"KERNEL_DISPATCH","Agent 3",1,0,2659141,2277,65,"void microllm::ops::hip::(anonymous namespace)::matmul_typed_kernel<float>(float const*, float const*, float*, long, long, long, long)",14100,3219604432906087,3219604432923327,0,0,16,0,48,256,1,1,256,1,1
"KERNEL_DISPATCH","Agent 3",1,0,2659141,2278,95,"void microllm::ops::hip::(anonymous namespace)::add_typed_kernel<float>(float const*, float const*, float*, long)",14107,3219604432940400,3219604432943366,0,0,8,0,32,256,1,1,256,1,1
"KERNEL_DISPATCH","Agent 3",1,0,2659141,2279,102,"microllm::ops::hip::(anonymous namespace)::rms_norm_kernel(float const*, float const*, float*, long, long, float)",14122,3219604432968816,3219604432971582,1024,0,12,4,32,256,1,1,256,1,1
"KERNEL_DISPATCH","Agent 3",1,0,2659141,2280,65,"void microllm::ops::hip::(anonymous namespace)::matmul_typed_kernel<float>(float const*, float const*, float*, long, long, long, long)",14129,3219604432988943,3219604432998284,0,0,16,0,48,256,1,1,256,1,1
"KERNEL_DISPATCH","Agent 3",1,0,2659141,2281,9,"__amd_rocclr_copyBuffer",14140,3219604433020619,3219604433022704,0,0,16,0,32,512,1,1,512,1,1
"KERNEL_DISPATCH","Agent 3",1,0,2659141,2282,86,"microllm::ops::hip::(anonymous namespace)::argmax_last_dim_kernel(float const*, int*, long, long)",14146,3219604433040822,3219604433044190,4096,0,12,4,32,256,1,1,512,1,1
"KERNEL_DISPATCH","Agent 3",1,0,2659141,2283,9,"__amd_rocclr_copyBuffer",14149,3219604433048362,3219604433053294,0,0,16,0,32,512,1,1,512,1,1
"KERNEL_DISPATCH","Agent 3",1,0,2659141,2284,101,"void microllm::ops::hip::(anonymous namespace)::fill_typed_kernel<float>(float*, long, float)",14153,3219604433076157,3219604433077680,0,0,4,4,16,256,1,1,2048,1,1
"KERNEL_DISPATCH","Agent 3",1,0,2659141,2285,101,"void microllm::ops::hip::(anonymous namespace)::fill_typed_kernel<float>(float*, long, float)",14156,3219604433081494,3219604433083098,0,0,4,4,16,256,1,1,2048,1,1
"KERNEL_DISPATCH","Agent 3",1,0,2659141,2286,101,"void microllm::ops::hip::(anonymous namespace)::fill_typed_kernel<float>(float*, long, float)",14159,3219604433087508,3219604433089152,0,0,4,4,16,256,1,1,2048,1,1
"KERNEL_DISPATCH","Agent 3",1,0,2659141,2287,101,"void microllm::ops::hip::(anonymous namespace)::fill_typed_kernel<float>(float*, long, float)",14162,3219604433092972,3219604433094576,0,0,4,4,16,256,1,1,2048,1,1
